2026-01-08 15:22:36,632 - INFO - Logging to: C:\Users\santi\Menu.ca\Legacy Database\Migration Strategy\Scrapers\Menu Scrapers\V1 Prices Scraper\logs\v1_price_scraper_20260108_152236.log
2026-01-08 15:22:36,632 - INFO - ============================================================
2026-01-08 15:22:36,633 - INFO - V1 PRICE SCRAPER
2026-01-08 15:22:36,633 - INFO - ============================================================
2026-01-08 15:22:36,633 - INFO - Fetching dishes without prices...
2026-01-08 15:22:37,081 - DEBUG - Database connected
2026-01-08 15:22:38,090 - INFO - Found 207 dishes without prices
2026-01-08 15:22:38,093 - INFO - Dishes spread across 9 restaurants
2026-01-08 15:22:38,620 - INFO - Navigating to V1 CRM: https://menuadmin.menu.ca/?p=login
2026-01-08 15:22:41,708 - DEBUG - Filled username using: input[name="username"]
2026-01-08 15:22:41,721 - DEBUG - Filled password
2026-01-08 15:22:42,118 - DEBUG - Clicked submit button
2026-01-08 15:22:44,644 - INFO - V1 CRM login successful
2026-01-08 15:22:44,644 - INFO - --------------------------------------------------
2026-01-08 15:22:44,644 - INFO - Restaurant: Milano (V3: 31, V1: 127)
2026-01-08 15:22:44,644 - INFO - Dishes to scrape: 5
2026-01-08 15:22:44,645 - INFO -   [1/5] Bacon Sub (ID: 140378)
2026-01-08 15:22:44,645 - DEBUG -     URL: https://menuadmin.menu.ca/?p=restaurants&display=editRestaurant&restaurant=127&load=editDish&showLang=en&menuEntry=10280
2026-01-08 15:22:46,205 - DEBUG -     Price: '13.60', Quantity: '12"'
2026-01-08 15:22:46,660 - DEBUG - Inserted dish_price ID 113588: 12" = $13.6
2026-01-08 15:22:46,660 - INFO -     ✓ 12": $13.60 (dsv_id: 20)
2026-01-08 15:22:47,169 - INFO -   [2/5] Donair Sub (ID: 140382)
2026-01-08 15:22:47,169 - DEBUG -     URL: https://menuadmin.menu.ca/?p=restaurants&display=editRestaurant&restaurant=127&load=editDish&showLang=en&menuEntry=10289
2026-01-08 15:22:48,530 - DEBUG -     Price: '13.60', Quantity: '12"'
2026-01-08 15:22:48,626 - DEBUG - Inserted dish_price ID 113589: 12" = $13.6
2026-01-08 15:22:48,626 - INFO -     ✓ 12": $13.60 (dsv_id: 20)
2026-01-08 15:22:49,129 - INFO -   [3/5] Hawaiian (ID: 140405)
2026-01-08 15:22:49,130 - DEBUG -     URL: https://menuadmin.menu.ca/?p=restaurants&display=editRestaurant&restaurant=127&load=editDish&showLang=en&menuEntry=10260
2026-01-08 15:22:50,453 - DEBUG -     Price: '16.70,24.15,28.75,33.95', Quantity: 'Small,Medium,Large,X-Large'
2026-01-08 15:22:50,626 - DEBUG - Inserted dish_price ID 113590: Small = $16.7
2026-01-08 15:22:50,627 - INFO -     ✓ Small: $16.70 (dsv_id: 2)
2026-01-08 15:22:50,811 - DEBUG - Inserted dish_price ID 113591: Medium = $24.15
2026-01-08 15:22:50,812 - INFO -     ✓ Medium: $24.15 (dsv_id: 3)
2026-01-08 15:22:51,001 - DEBUG - Inserted dish_price ID 113592: Large = $28.75
2026-01-08 15:22:51,001 - INFO -     ✓ Large: $28.75 (dsv_id: 4)
2026-01-08 15:22:51,151 - DEBUG - Inserted dish_price ID 113593: X-Large = $33.95
2026-01-08 15:22:51,151 - INFO -     ✓ X-Large: $33.95 (dsv_id: 5)
2026-01-08 15:22:51,656 - INFO -   [4/5] Canadian (ID: 140406)
2026-01-08 15:22:51,656 - DEBUG -     URL: https://menuadmin.menu.ca/?p=restaurants&display=editRestaurant&restaurant=127&load=editDish&showLang=en&menuEntry=10262
2026-01-08 15:22:53,015 - DEBUG -     Price: '16.70,24.15,28.75,33.95', Quantity: 'Small,Medium,Large,X-Large'
2026-01-08 15:22:53,103 - DEBUG - Inserted dish_price ID 113594: Small = $16.7
2026-01-08 15:22:53,103 - INFO -     ✓ Small: $16.70 (dsv_id: 2)
2026-01-08 15:22:53,210 - DEBUG - Inserted dish_price ID 113595: Medium = $24.15
2026-01-08 15:22:53,210 - INFO -     ✓ Medium: $24.15 (dsv_id: 3)
2026-01-08 15:22:53,305 - DEBUG - Inserted dish_price ID 113596: Large = $28.75
2026-01-08 15:22:53,305 - INFO -     ✓ Large: $28.75 (dsv_id: 4)
2026-01-08 15:22:53,400 - DEBUG - Inserted dish_price ID 113597: X-Large = $33.95
2026-01-08 15:22:53,400 - INFO -     ✓ X-Large: $33.95 (dsv_id: 5)
2026-01-08 15:22:53,905 - INFO -   [5/5] Garden Vegan Pizza (V) (ID: 140446)
2026-01-08 15:22:53,906 - DEBUG -     URL: https://menuadmin.menu.ca/?p=restaurants&display=editRestaurant&restaurant=127&load=editDish&showLang=en&menuEntry=95995
2026-01-08 15:22:55,251 - DEBUG -     Price: '13.95,20.65,24.85,29.50', Quantity: 'Small,Medium,Large,X-Large'
2026-01-08 15:22:55,350 - DEBUG - Inserted dish_price ID 113598: Small = $13.95
2026-01-08 15:22:55,350 - INFO -     ✓ Small: $13.95 (dsv_id: 2)
2026-01-08 15:22:55,445 - DEBUG - Inserted dish_price ID 113599: Medium = $20.65
2026-01-08 15:22:55,445 - INFO -     ✓ Medium: $20.65 (dsv_id: 3)
2026-01-08 15:22:55,531 - DEBUG - Inserted dish_price ID 113600: Large = $24.85
2026-01-08 15:22:55,531 - INFO -     ✓ Large: $24.85 (dsv_id: 4)
2026-01-08 15:22:55,618 - DEBUG - Inserted dish_price ID 113601: X-Large = $29.5
2026-01-08 15:22:55,618 - INFO -     ✓ X-Large: $29.50 (dsv_id: 5)
2026-01-08 15:22:56,124 - INFO - --------------------------------------------------
2026-01-08 15:22:56,125 - INFO - Restaurant: Champa Thai Cuisine (V3: 87, V1: 203)
2026-01-08 15:22:56,125 - INFO - Dishes to scrape: 2
2026-01-08 15:22:56,125 - INFO -   [1/2] A9. Champa Appetizer Combos (ID: 133911)
2026-01-08 15:22:56,125 - DEBUG -     URL: https://menuadmin.menu.ca/?p=restaurants&display=editRestaurant&restaurant=203&load=editDish&showLang=en&menuEntry=120931
2026-01-08 15:22:57,507 - DEBUG -     Price: '', Quantity: ''
2026-01-08 15:22:57,507 - WARNING -     No price found for dish 133911
2026-01-08 15:22:58,012 - INFO -   [2/2] P10. Deep Fried Filet Tilapia Topped with Sweet & Sour Sauce (ID: 133944)
2026-01-08 15:22:58,013 - DEBUG -     URL: https://menuadmin.menu.ca/?p=restaurants&display=editRestaurant&restaurant=203&load=editDish&showLang=en&menuEntry=16210
2026-01-08 15:22:59,428 - DEBUG -     Price: '', Quantity: ''
2026-01-08 15:22:59,428 - WARNING -     No price found for dish 133944
2026-01-08 15:22:59,930 - INFO - --------------------------------------------------
2026-01-08 15:22:59,930 - INFO - Restaurant: Milano (V3: 90, V1: 206)
2026-01-08 15:22:59,930 - INFO - Dishes to scrape: 51
2026-01-08 15:22:59,930 - INFO -   [1/51] Popcorn Chicken Poutine (ID: 139529)
2026-01-08 15:22:59,930 - DEBUG -     URL: https://menuadmin.menu.ca/?p=restaurants&display=editRestaurant&restaurant=206&load=editDish&showLang=en&menuEntry=123205
2026-01-08 15:23:01,351 - DEBUG -     Price: '13.99,17.99,19.99', Quantity: 'Small,Medium,Large'
2026-01-08 15:23:01,450 - DEBUG - Inserted dish_price ID 113602: Small = $13.99
2026-01-08 15:23:01,450 - INFO -     ✓ Small: $13.99 (dsv_id: 2)
2026-01-08 15:23:01,540 - DEBUG - Inserted dish_price ID 113603: Medium = $17.99
2026-01-08 15:23:01,541 - INFO -     ✓ Medium: $17.99 (dsv_id: 3)
2026-01-08 15:23:01,639 - DEBUG - Inserted dish_price ID 113604: Large = $19.99
2026-01-08 15:23:01,639 - INFO -     ✓ Large: $19.99 (dsv_id: 4)
2026-01-08 15:23:02,145 - INFO -   [2/51] Club Poutine (ID: 139532)
2026-01-08 15:23:02,146 - DEBUG -     URL: https://menuadmin.menu.ca/?p=restaurants&display=editRestaurant&restaurant=206&load=editDish&showLang=en&menuEntry=78186
2026-01-08 15:23:03,574 - DEBUG -     Price: '13.99,17.99,19.99', Quantity: 'Small,Medium,Large'
2026-01-08 15:23:03,675 - DEBUG - Inserted dish_price ID 113605: Small = $13.99
2026-01-08 15:23:03,676 - INFO -     ✓ Small: $13.99 (dsv_id: 2)
2026-01-08 15:23:03,791 - DEBUG - Inserted dish_price ID 113606: Medium = $17.99
2026-01-08 15:23:03,791 - INFO -     ✓ Medium: $17.99 (dsv_id: 3)
2026-01-08 15:23:03,883 - DEBUG - Inserted dish_price ID 113607: Large = $19.99
2026-01-08 15:23:03,883 - INFO -     ✓ Large: $19.99 (dsv_id: 4)
2026-01-08 15:23:04,387 - INFO -   [3/51] Smoked Meat Poutine (ID: 139533)
2026-01-08 15:23:04,388 - DEBUG -     URL: https://menuadmin.menu.ca/?p=restaurants&display=editRestaurant&restaurant=206&load=editDish&showLang=en&menuEntry=78182
2026-01-08 15:23:05,835 - DEBUG -     Price: '13.99,17.99,19.99', Quantity: 'Small,Medium,Large'
2026-01-08 15:23:05,928 - DEBUG - Inserted dish_price ID 113608: Small = $13.99
2026-01-08 15:23:05,928 - INFO -     ✓ Small: $13.99 (dsv_id: 2)
2026-01-08 15:23:06,016 - DEBUG - Inserted dish_price ID 113609: Medium = $17.99
2026-01-08 15:23:06,017 - INFO -     ✓ Medium: $17.99 (dsv_id: 3)
2026-01-08 15:23:06,111 - DEBUG - Inserted dish_price ID 113610: Large = $19.99
2026-01-08 15:23:06,111 - INFO -     ✓ Large: $19.99 (dsv_id: 4)
2026-01-08 15:23:06,624 - INFO -   [4/51] Pepperoni Poutine (ID: 139535)
2026-01-08 15:23:06,625 - DEBUG -     URL: https://menuadmin.menu.ca/?p=restaurants&display=editRestaurant&restaurant=206&load=editDish&showLang=en&menuEntry=97077
2026-01-08 15:23:08,032 - DEBUG -     Price: '10.10,13.00,15.40', Quantity: 'Small,Medium,Large'
2026-01-08 15:23:08,121 - DEBUG - Inserted dish_price ID 113611: Small = $10.1
2026-01-08 15:23:08,122 - INFO -     ✓ Small: $10.10 (dsv_id: 2)
2026-01-08 15:23:08,214 - DEBUG - Inserted dish_price ID 113612: Medium = $13.0
2026-01-08 15:23:08,215 - INFO -     ✓ Medium: $13.00 (dsv_id: 3)
2026-01-08 15:23:08,301 - DEBUG - Inserted dish_price ID 113613: Large = $15.4
2026-01-08 15:23:08,301 - INFO -     ✓ Large: $15.40 (dsv_id: 4)
2026-01-08 15:23:08,803 - INFO -   [5/51] Pepperoni Bacon and Double Cheese Pizza (ID: 139540)
2026-01-08 15:23:08,804 - DEBUG -     URL: https://menuadmin.menu.ca/?p=restaurants&display=editRestaurant&restaurant=206&load=editDish&showLang=en&menuEntry=117173
2026-01-08 15:23:10,215 - DEBUG -     Price: '18.35,26.70,33.70,39.95', Quantity: 'Small,Medium,Large,X-Large'
2026-01-08 15:23:10,308 - DEBUG - Inserted dish_price ID 113614: Small = $18.35
2026-01-08 15:23:10,309 - INFO -     ✓ Small: $18.35 (dsv_id: 2)
2026-01-08 15:23:10,405 - DEBUG - Inserted dish_price ID 113615: Medium = $26.7
2026-01-08 15:23:10,405 - INFO -     ✓ Medium: $26.70 (dsv_id: 3)
2026-01-08 15:23:10,502 - DEBUG - Inserted dish_price ID 113616: Large = $33.7
2026-01-08 15:23:10,503 - INFO -     ✓ Large: $33.70 (dsv_id: 4)
2026-01-08 15:23:10,590 - DEBUG - Inserted dish_price ID 113617: X-Large = $39.95
2026-01-08 15:23:10,590 - INFO -     ✓ X-Large: $39.95 (dsv_id: 5)
2026-01-08 15:23:11,094 - INFO -   [6/51] 1 Topping (ID: 139541)
2026-01-08 15:23:11,094 - DEBUG -     URL: https://menuadmin.menu.ca/?p=restaurants&display=editRestaurant&restaurant=206&load=editCombo&showLang=en&combo=15134
2026-01-08 15:23:12,560 - DEBUG -     Price: '14.99,21.50,26.90,31.90', Quantity: 'Small,Medium,Large,X-Large'
2026-01-08 15:23:12,680 - DEBUG - Inserted dish_price ID 113618: Small = $14.99
2026-01-08 15:23:12,681 - INFO -     ✓ Small: $14.99 (dsv_id: 2)
2026-01-08 15:23:12,773 - DEBUG - Inserted dish_price ID 113619: Medium = $21.5
2026-01-08 15:23:12,773 - INFO -     ✓ Medium: $21.50 (dsv_id: 3)
2026-01-08 15:23:12,866 - DEBUG - Inserted dish_price ID 113620: Large = $26.9
2026-01-08 15:23:12,866 - INFO -     ✓ Large: $26.90 (dsv_id: 4)
2026-01-08 15:23:12,954 - DEBUG - Inserted dish_price ID 113621: X-Large = $31.9
2026-01-08 15:23:12,954 - INFO -     ✓ X-Large: $31.90 (dsv_id: 5)
2026-01-08 15:23:13,460 - INFO -   [7/51] All Dressed (ID: 139545)
2026-01-08 15:23:13,461 - DEBUG -     URL: https://menuadmin.menu.ca/?p=restaurants&display=editRestaurant&restaurant=206&load=editDish&showLang=en&menuEntry=15121
2026-01-08 15:23:14,918 - DEBUG -     Price: '16.25,22.99,27.99,33.99', Quantity: 'Small,Medium,Large,X-Large'
2026-01-08 15:23:15,033 - DEBUG - Inserted dish_price ID 113622: Small = $16.25
2026-01-08 15:23:15,033 - INFO -     ✓ Small: $16.25 (dsv_id: 2)
2026-01-08 15:23:15,129 - DEBUG - Inserted dish_price ID 113623: Medium = $22.99
2026-01-08 15:23:15,129 - INFO -     ✓ Medium: $22.99 (dsv_id: 3)
2026-01-08 15:23:15,218 - DEBUG - Inserted dish_price ID 113624: Large = $27.99
2026-01-08 15:23:15,218 - INFO -     ✓ Large: $27.99 (dsv_id: 4)
2026-01-08 15:23:15,305 - DEBUG - Inserted dish_price ID 113625: X-Large = $33.99
2026-01-08 15:23:15,305 - INFO -     ✓ X-Large: $33.99 (dsv_id: 5)
2026-01-08 15:23:15,810 - INFO -   [8/51] Canadian (ID: 139546)
2026-01-08 15:23:15,810 - DEBUG -     URL: https://menuadmin.menu.ca/?p=restaurants&display=editRestaurant&restaurant=206&load=editDish&showLang=en&menuEntry=15122
2026-01-08 15:23:17,264 - DEBUG -     Price: '16.50,23.99,29.99,35.99', Quantity: 'Small,Medium,Large,X-Large'
2026-01-08 15:23:17,361 - DEBUG - Inserted dish_price ID 113626: Small = $16.5
2026-01-08 15:23:17,361 - INFO -     ✓ Small: $16.50 (dsv_id: 2)
2026-01-08 15:23:17,447 - DEBUG - Inserted dish_price ID 113627: Medium = $23.99
2026-01-08 15:23:17,447 - INFO -     ✓ Medium: $23.99 (dsv_id: 3)
2026-01-08 15:23:17,535 - DEBUG - Inserted dish_price ID 113628: Large = $29.99
2026-01-08 15:23:17,535 - INFO -     ✓ Large: $29.99 (dsv_id: 4)
2026-01-08 15:23:17,624 - DEBUG - Inserted dish_price ID 113629: X-Large = $35.99
2026-01-08 15:23:17,625 - INFO -     ✓ X-Large: $35.99 (dsv_id: 5)
2026-01-08 15:23:18,132 - INFO -   [9/51] Hawaiian (ID: 139547)
2026-01-08 15:23:18,133 - DEBUG -     URL: https://menuadmin.menu.ca/?p=restaurants&display=editRestaurant&restaurant=206&load=editDish&showLang=en&menuEntry=15123
2026-01-08 15:23:19,542 - DEBUG -     Price: '16.25,22.99,27.99,33.99', Quantity: 'Small,Medium,Large,X-Large'
2026-01-08 15:23:19,634 - DEBUG - Inserted dish_price ID 113630: Small = $16.25
2026-01-08 15:23:19,635 - INFO -     ✓ Small: $16.25 (dsv_id: 2)
2026-01-08 15:23:19,723 - DEBUG - Inserted dish_price ID 113631: Medium = $22.99
2026-01-08 15:23:19,724 - INFO -     ✓ Medium: $22.99 (dsv_id: 3)
2026-01-08 15:23:19,874 - DEBUG - Inserted dish_price ID 113632: Large = $27.99
2026-01-08 15:23:19,874 - INFO -     ✓ Large: $27.99 (dsv_id: 4)
2026-01-08 15:23:19,970 - DEBUG - Inserted dish_price ID 113633: X-Large = $33.99
2026-01-08 15:23:19,970 - INFO -     ✓ X-Large: $33.99 (dsv_id: 5)
2026-01-08 15:23:20,482 - INFO -   [10/51] Veggie (ID: 139548)
2026-01-08 15:23:20,483 - DEBUG -     URL: https://menuadmin.menu.ca/?p=restaurants&display=editRestaurant&restaurant=206&load=editDish&showLang=en&menuEntry=15124
2026-01-08 15:23:21,901 - DEBUG -     Price: '16.50,23.99,29.99,35.99', Quantity: 'Small,Medium,Large,X-Large'
2026-01-08 15:23:22,029 - DEBUG - Inserted dish_price ID 113634: Small = $16.5
2026-01-08 15:23:22,030 - INFO -     ✓ Small: $16.50 (dsv_id: 2)
2026-01-08 15:23:22,137 - DEBUG - Inserted dish_price ID 113635: Medium = $23.99
2026-01-08 15:23:22,137 - INFO -     ✓ Medium: $23.99 (dsv_id: 3)
2026-01-08 15:23:22,226 - DEBUG - Inserted dish_price ID 113636: Large = $29.99
2026-01-08 15:23:22,226 - INFO -     ✓ Large: $29.99 (dsv_id: 4)
2026-01-08 15:23:22,326 - DEBUG - Inserted dish_price ID 113637: X-Large = $35.99
2026-01-08 15:23:22,327 - INFO -     ✓ X-Large: $35.99 (dsv_id: 5)
2026-01-08 15:23:22,830 - INFO -   [11/51] Donair (ID: 139549)
2026-01-08 15:23:22,830 - DEBUG -     URL: https://menuadmin.menu.ca/?p=restaurants&display=editRestaurant&restaurant=206&load=editDish&showLang=en&menuEntry=15125
2026-01-08 15:23:24,379 - DEBUG -     Price: '16.25,22.99,27.99,33.99', Quantity: 'Small,Medium,Large,X-Large'
2026-01-08 15:23:24,572 - DEBUG - Inserted dish_price ID 113638: Small = $16.25
2026-01-08 15:23:24,572 - INFO -     ✓ Small: $16.25 (dsv_id: 2)
2026-01-08 15:23:24,730 - DEBUG - Inserted dish_price ID 113639: Medium = $22.99
2026-01-08 15:23:24,730 - INFO -     ✓ Medium: $22.99 (dsv_id: 3)
2026-01-08 15:23:24,895 - DEBUG - Inserted dish_price ID 113640: Large = $27.99
2026-01-08 15:23:24,895 - INFO -     ✓ Large: $27.99 (dsv_id: 4)
2026-01-08 15:23:25,099 - DEBUG - Inserted dish_price ID 113641: X-Large = $33.99
2026-01-08 15:23:25,099 - INFO -     ✓ X-Large: $33.99 (dsv_id: 5)
2026-01-08 15:23:25,604 - INFO -   [12/51] Meat Lovers (ID: 139550)
2026-01-08 15:23:25,605 - DEBUG -     URL: https://menuadmin.menu.ca/?p=restaurants&display=editRestaurant&restaurant=206&load=editDish&showLang=en&menuEntry=15127
2026-01-08 15:23:27,412 - DEBUG -     Price: '17.50,25.50,31.50,37.35', Quantity: 'Small,Medium,Large,X-Large'
2026-01-08 15:23:27,604 - DEBUG - Inserted dish_price ID 113642: Small = $17.5
2026-01-08 15:23:27,604 - INFO -     ✓ Small: $17.50 (dsv_id: 2)
2026-01-08 15:23:27,807 - DEBUG - Inserted dish_price ID 113643: Medium = $25.5
2026-01-08 15:23:27,807 - INFO -     ✓ Medium: $25.50 (dsv_id: 3)
2026-01-08 15:23:28,027 - DEBUG - Inserted dish_price ID 113644: Large = $31.5
2026-01-08 15:23:28,028 - INFO -     ✓ Large: $31.50 (dsv_id: 4)
2026-01-08 15:23:28,165 - DEBUG - Inserted dish_price ID 113645: X-Large = $37.35
2026-01-08 15:23:28,166 - INFO -     ✓ X-Large: $37.35 (dsv_id: 5)
2026-01-08 15:23:28,670 - INFO -   [13/51] Pizza Lovers (ID: 139551)
2026-01-08 15:23:28,671 - DEBUG -     URL: https://menuadmin.menu.ca/?p=restaurants&display=editRestaurant&restaurant=206&load=editDish&showLang=en&menuEntry=15128
2026-01-08 15:23:30,123 - DEBUG -     Price: '17.50,25.50,31.50,37.35', Quantity: 'Small,Medium,Large,X-Large'
2026-01-08 15:23:30,212 - DEBUG - Inserted dish_price ID 113646: Small = $17.5
2026-01-08 15:23:30,213 - INFO -     ✓ Small: $17.50 (dsv_id: 2)
2026-01-08 15:23:30,306 - DEBUG - Inserted dish_price ID 113647: Medium = $25.5
2026-01-08 15:23:30,306 - INFO -     ✓ Medium: $25.50 (dsv_id: 3)
2026-01-08 15:23:30,393 - DEBUG - Inserted dish_price ID 113648: Large = $31.5
2026-01-08 15:23:30,394 - INFO -     ✓ Large: $31.50 (dsv_id: 4)
2026-01-08 15:23:30,486 - DEBUG - Inserted dish_price ID 113649: X-Large = $37.35
2026-01-08 15:23:30,486 - INFO -     ✓ X-Large: $37.35 (dsv_id: 5)
2026-01-08 15:23:30,992 - INFO -   [14/51] Philly Cheese Steak Pizza (ID: 139554)
2026-01-08 15:23:30,993 - DEBUG -     URL: https://menuadmin.menu.ca/?p=restaurants&display=editRestaurant&restaurant=206&load=editDish&showLang=en&menuEntry=121952
2026-01-08 15:23:32,393 - DEBUG -     Price: '16.99,24.99,30.99,36.99', Quantity: 'Small,Medium,Large,X-Large'
2026-01-08 15:23:32,524 - DEBUG - Inserted dish_price ID 113650: Small = $16.99
2026-01-08 15:23:32,524 - INFO -     ✓ Small: $16.99 (dsv_id: 2)
2026-01-08 15:23:32,611 - DEBUG - Inserted dish_price ID 113651: Medium = $24.99
2026-01-08 15:23:32,611 - INFO -     ✓ Medium: $24.99 (dsv_id: 3)
2026-01-08 15:23:32,719 - DEBUG - Inserted dish_price ID 113652: Large = $30.99
2026-01-08 15:23:32,719 - INFO -     ✓ Large: $30.99 (dsv_id: 4)
2026-01-08 15:23:32,817 - DEBUG - Inserted dish_price ID 113653: X-Large = $36.99
2026-01-08 15:23:32,818 - INFO -     ✓ X-Large: $36.99 (dsv_id: 5)
2026-01-08 15:23:33,319 - INFO -   [15/51] SENS-Burger Pizza (ID: 139555)
2026-01-08 15:23:33,319 - DEBUG -     URL: https://menuadmin.menu.ca/?p=restaurants&display=editRestaurant&restaurant=206&load=editDish&showLang=en&menuEntry=68424
2026-01-08 15:23:34,768 - DEBUG -     Price: '17.50,25.50,31.50,37.35', Quantity: 'Small,Medium,Large,X-Large'
2026-01-08 15:23:34,857 - DEBUG - Inserted dish_price ID 113654: Small = $17.5
2026-01-08 15:23:34,857 - INFO -     ✓ Small: $17.50 (dsv_id: 2)
2026-01-08 15:23:34,951 - DEBUG - Inserted dish_price ID 113655: Medium = $25.5
2026-01-08 15:23:34,952 - INFO -     ✓ Medium: $25.50 (dsv_id: 3)
2026-01-08 15:23:35,043 - DEBUG - Inserted dish_price ID 113656: Large = $31.5
2026-01-08 15:23:35,044 - INFO -     ✓ Large: $31.50 (dsv_id: 4)
2026-01-08 15:23:35,134 - DEBUG - Inserted dish_price ID 113657: X-Large = $37.35
2026-01-08 15:23:35,134 - INFO -     ✓ X-Large: $37.35 (dsv_id: 5)
2026-01-08 15:23:35,643 - INFO -   [16/51] Milano Special Pizza (ID: 139556)
2026-01-08 15:23:35,643 - DEBUG -     URL: https://menuadmin.menu.ca/?p=restaurants&display=editRestaurant&restaurant=206&load=editDish&showLang=en&menuEntry=122557
2026-01-08 15:23:37,047 - DEBUG -     Price: '17.50,25.50,31.50,37.35', Quantity: 'Small,Medium,Large,X-Large'
2026-01-08 15:23:37,143 - DEBUG - Inserted dish_price ID 113658: Small = $17.5
2026-01-08 15:23:37,143 - INFO -     ✓ Small: $17.50 (dsv_id: 2)
2026-01-08 15:23:37,259 - DEBUG - Inserted dish_price ID 113659: Medium = $25.5
2026-01-08 15:23:37,259 - INFO -     ✓ Medium: $25.50 (dsv_id: 3)
2026-01-08 15:23:37,354 - DEBUG - Inserted dish_price ID 113660: Large = $31.5
2026-01-08 15:23:37,354 - INFO -     ✓ Large: $31.50 (dsv_id: 4)
2026-01-08 15:23:37,444 - DEBUG - Inserted dish_price ID 113661: X-Large = $37.35
2026-01-08 15:23:37,444 - INFO -     ✓ X-Large: $37.35 (dsv_id: 5)
2026-01-08 15:23:37,948 - INFO -   [17/51] Chilli Thai Pizza (ID: 139557)
2026-01-08 15:23:37,948 - DEBUG -     URL: https://menuadmin.menu.ca/?p=restaurants&display=editRestaurant&restaurant=206&load=editDish&showLang=en&menuEntry=121953
2026-01-08 15:23:39,331 - DEBUG -     Price: '17.50,25.50,31.50,37.35', Quantity: 'Small,Medium,Large,X-Large'
2026-01-08 15:23:39,423 - DEBUG - Inserted dish_price ID 113662: Small = $17.5
2026-01-08 15:23:39,424 - INFO -     ✓ Small: $17.50 (dsv_id: 2)
2026-01-08 15:23:39,511 - DEBUG - Inserted dish_price ID 113663: Medium = $25.5
2026-01-08 15:23:39,511 - INFO -     ✓ Medium: $25.50 (dsv_id: 3)
2026-01-08 15:23:39,599 - DEBUG - Inserted dish_price ID 113664: Large = $31.5
2026-01-08 15:23:39,599 - INFO -     ✓ Large: $31.50 (dsv_id: 4)
2026-01-08 15:23:39,688 - DEBUG - Inserted dish_price ID 113665: X-Large = $37.35
2026-01-08 15:23:39,688 - INFO -     ✓ X-Large: $37.35 (dsv_id: 5)
2026-01-08 15:23:40,192 - INFO -   [18/51] BBQ Chicken Pizza (ID: 139558)
2026-01-08 15:23:40,193 - DEBUG -     URL: https://menuadmin.menu.ca/?p=restaurants&display=editRestaurant&restaurant=206&load=editDish&showLang=en&menuEntry=15126
2026-01-08 15:23:41,667 - DEBUG -     Price: '16.99,24.99,30.99,36.99', Quantity: 'Small,Medium,Large,X-Large'
2026-01-08 15:23:41,755 - DEBUG - Inserted dish_price ID 113666: Small = $16.99
2026-01-08 15:23:41,755 - INFO -     ✓ Small: $16.99 (dsv_id: 2)
2026-01-08 15:23:41,840 - DEBUG - Inserted dish_price ID 113667: Medium = $24.99
2026-01-08 15:23:41,840 - INFO -     ✓ Medium: $24.99 (dsv_id: 3)
2026-01-08 15:23:41,928 - DEBUG - Inserted dish_price ID 113668: Large = $30.99
2026-01-08 15:23:41,928 - INFO -     ✓ Large: $30.99 (dsv_id: 4)
2026-01-08 15:23:42,021 - DEBUG - Inserted dish_price ID 113669: X-Large = $36.99
2026-01-08 15:23:42,021 - INFO -     ✓ X-Large: $36.99 (dsv_id: 5)
2026-01-08 15:23:42,524 - INFO -   [19/51] Smoked Meat Pizza (ID: 139560)
2026-01-08 15:23:42,524 - DEBUG -     URL: https://menuadmin.menu.ca/?p=restaurants&display=editRestaurant&restaurant=206&load=editDish&showLang=en&menuEntry=78429
2026-01-08 15:23:43,967 - DEBUG -     Price: '16.99,24.99,30.99,36.99', Quantity: 'Small,Medium,Large,X-Large'
2026-01-08 15:23:44,063 - DEBUG - Inserted dish_price ID 113670: Small = $16.99
2026-01-08 15:23:44,064 - INFO -     ✓ Small: $16.99 (dsv_id: 2)
2026-01-08 15:23:44,159 - DEBUG - Inserted dish_price ID 113671: Medium = $24.99
2026-01-08 15:23:44,160 - INFO -     ✓ Medium: $24.99 (dsv_id: 3)
2026-01-08 15:23:44,246 - DEBUG - Inserted dish_price ID 113672: Large = $30.99
2026-01-08 15:23:44,246 - INFO -     ✓ Large: $30.99 (dsv_id: 4)
2026-01-08 15:23:44,344 - DEBUG - Inserted dish_price ID 113673: X-Large = $36.99
2026-01-08 15:23:44,344 - INFO -     ✓ X-Large: $36.99 (dsv_id: 5)
2026-01-08 15:23:44,856 - INFO -   [20/51] Greek Pizza (ID: 139561)
2026-01-08 15:23:44,856 - DEBUG -     URL: https://menuadmin.menu.ca/?p=restaurants&display=editRestaurant&restaurant=206&load=editDish&showLang=en&menuEntry=15129
2026-01-08 15:23:46,293 - DEBUG -     Price: '17.50,25.50,31.50,37.35', Quantity: 'Small,Medium,Large,X-Large'
2026-01-08 15:23:46,382 - DEBUG - Inserted dish_price ID 113674: Small = $17.5
2026-01-08 15:23:46,382 - INFO -     ✓ Small: $17.50 (dsv_id: 2)
2026-01-08 15:23:46,506 - DEBUG - Inserted dish_price ID 113675: Medium = $25.5
2026-01-08 15:23:46,506 - INFO -     ✓ Medium: $25.50 (dsv_id: 3)
2026-01-08 15:23:46,592 - DEBUG - Inserted dish_price ID 113676: Large = $31.5
2026-01-08 15:23:46,592 - INFO -     ✓ Large: $31.50 (dsv_id: 4)
2026-01-08 15:23:46,684 - DEBUG - Inserted dish_price ID 113677: X-Large = $37.35
2026-01-08 15:23:46,684 - INFO -     ✓ X-Large: $37.35 (dsv_id: 5)
2026-01-08 15:23:47,186 - INFO -   [21/51] Mexican (ID: 139562)
2026-01-08 15:23:47,186 - DEBUG -     URL: https://menuadmin.menu.ca/?p=restaurants&display=editRestaurant&restaurant=206&load=editDish&showLang=en&menuEntry=15130
2026-01-08 15:23:48,601 - DEBUG -     Price: '17.50,25.50,31.50,37.35', Quantity: 'Small,Medium,Large,X-Large'
2026-01-08 15:23:48,696 - DEBUG - Inserted dish_price ID 113678: Small = $17.5
2026-01-08 15:23:48,696 - INFO -     ✓ Small: $17.50 (dsv_id: 2)
2026-01-08 15:23:48,789 - DEBUG - Inserted dish_price ID 113679: Medium = $25.5
2026-01-08 15:23:48,790 - INFO -     ✓ Medium: $25.50 (dsv_id: 3)
2026-01-08 15:23:48,883 - DEBUG - Inserted dish_price ID 113680: Large = $31.5
2026-01-08 15:23:48,884 - INFO -     ✓ Large: $31.50 (dsv_id: 4)
2026-01-08 15:23:48,973 - DEBUG - Inserted dish_price ID 113681: X-Large = $37.35
2026-01-08 15:23:48,973 - INFO -     ✓ X-Large: $37.35 (dsv_id: 5)
2026-01-08 15:23:49,476 - INFO -   [22/51] Pollo Pizza (ID: 139563)
2026-01-08 15:23:49,476 - DEBUG -     URL: https://menuadmin.menu.ca/?p=restaurants&display=editRestaurant&restaurant=206&load=editDish&showLang=en&menuEntry=15131
2026-01-08 15:23:50,894 - DEBUG -     Price: '17.50,25.50,31.50,37.35', Quantity: 'Small,Medium,Large,X-Large'
2026-01-08 15:23:50,985 - DEBUG - Inserted dish_price ID 113682: Small = $17.5
2026-01-08 15:23:50,985 - INFO -     ✓ Small: $17.50 (dsv_id: 2)
2026-01-08 15:23:51,075 - DEBUG - Inserted dish_price ID 113683: Medium = $25.5
2026-01-08 15:23:51,075 - INFO -     ✓ Medium: $25.50 (dsv_id: 3)
2026-01-08 15:23:51,169 - DEBUG - Inserted dish_price ID 113684: Large = $31.5
2026-01-08 15:23:51,169 - INFO -     ✓ Large: $31.50 (dsv_id: 4)
2026-01-08 15:23:51,258 - DEBUG - Inserted dish_price ID 113685: X-Large = $37.35
2026-01-08 15:23:51,258 - INFO -     ✓ X-Large: $37.35 (dsv_id: 5)
2026-01-08 15:23:51,765 - INFO -   [23/51] Chicken Fajita Pizza (ID: 139564)
2026-01-08 15:23:51,766 - DEBUG -     URL: https://menuadmin.menu.ca/?p=restaurants&display=editRestaurant&restaurant=206&load=editDish&showLang=en&menuEntry=121954
2026-01-08 15:23:53,182 - DEBUG -     Price: '17.50,25.50,31.50,37.35', Quantity: 'Small,Medium,Large,X-Large'
2026-01-08 15:23:53,302 - DEBUG - Inserted dish_price ID 113686: Small = $17.5
2026-01-08 15:23:53,303 - INFO -     ✓ Small: $17.50 (dsv_id: 2)
2026-01-08 15:23:53,407 - DEBUG - Inserted dish_price ID 113687: Medium = $25.5
2026-01-08 15:23:53,408 - INFO -     ✓ Medium: $25.50 (dsv_id: 3)
2026-01-08 15:23:53,512 - DEBUG - Inserted dish_price ID 113688: Large = $31.5
2026-01-08 15:23:53,513 - INFO -     ✓ Large: $31.50 (dsv_id: 4)
2026-01-08 15:23:53,598 - DEBUG - Inserted dish_price ID 113689: X-Large = $37.35
2026-01-08 15:23:53,598 - INFO -     ✓ X-Large: $37.35 (dsv_id: 5)
2026-01-08 15:23:54,104 - INFO -   [24/51] Baked Spaghetti (ID: 139565)
2026-01-08 15:23:54,104 - DEBUG -     URL: https://menuadmin.menu.ca/?p=restaurants&display=editRestaurant&restaurant=206&load=editDish&showLang=en&menuEntry=15161
2026-01-08 15:23:55,524 - DEBUG -     Price: '13.99', Quantity: ''
2026-01-08 15:23:55,666 - DEBUG - Inserted dish_price ID 113690: Standard = $13.99
2026-01-08 15:23:55,666 - INFO -     ✓ Standard: $13.99 (dsv_id: 1)
2026-01-08 15:23:56,171 - INFO -   [25/51] Baked Lasagna (ID: 139566)
2026-01-08 15:23:56,172 - DEBUG -     URL: https://menuadmin.menu.ca/?p=restaurants&display=editRestaurant&restaurant=206&load=editDish&showLang=en&menuEntry=15163
2026-01-08 15:23:57,619 - DEBUG -     Price: '14.99', Quantity: ''
2026-01-08 15:23:57,712 - DEBUG - Inserted dish_price ID 113691: Standard = $14.99
2026-01-08 15:23:57,712 - INFO -     ✓ Standard: $14.99 (dsv_id: 1)
2026-01-08 15:23:58,219 - INFO -   [26/51] All Dressed Lasagna (ID: 139567)
2026-01-08 15:23:58,220 - DEBUG -     URL: https://menuadmin.menu.ca/?p=restaurants&display=editRestaurant&restaurant=206&load=editDish&showLang=en&menuEntry=124697
2026-01-08 15:23:59,636 - DEBUG -     Price: '15.99', Quantity: ''
2026-01-08 15:23:59,723 - DEBUG - Inserted dish_price ID 113692: Standard = $15.99
2026-01-08 15:23:59,723 - INFO -     ✓ Standard: $15.99 (dsv_id: 1)
2026-01-08 15:24:00,231 - INFO -   [27/51] Lasagna Meat Lovers (ID: 139568)
2026-01-08 15:24:00,231 - DEBUG -     URL: https://menuadmin.menu.ca/?p=restaurants&display=editRestaurant&restaurant=206&load=editDish&showLang=en&menuEntry=15164
2026-01-08 15:24:01,630 - DEBUG -     Price: '16.99', Quantity: ''
2026-01-08 15:24:01,727 - DEBUG - Inserted dish_price ID 113693: Standard = $16.99
2026-01-08 15:24:01,728 - INFO -     ✓ Standard: $16.99 (dsv_id: 1)
2026-01-08 15:24:02,240 - INFO -   [28/51] Fetuchini Alfredo (ID: 139569)
2026-01-08 15:24:02,241 - DEBUG -     URL: https://menuadmin.menu.ca/?p=restaurants&display=editRestaurant&restaurant=206&load=editDish&showLang=en&menuEntry=15162
2026-01-08 15:24:03,645 - DEBUG -     Price: '11.00', Quantity: ''
2026-01-08 15:24:03,744 - DEBUG - Inserted dish_price ID 113694: Standard = $11.0
2026-01-08 15:24:03,744 - INFO -     ✓ Standard: $11.00 (dsv_id: 1)
2026-01-08 15:24:04,248 - INFO -   [29/51] Hamburger (ID: 139570)
2026-01-08 15:24:04,249 - DEBUG -     URL: https://menuadmin.menu.ca/?p=restaurants&display=editRestaurant&restaurant=206&load=editDish&showLang=en&menuEntry=15178
2026-01-08 15:24:05,685 - DEBUG -     Price: '9.99,14.99', Quantity: 'Burger,Platter'
2026-01-08 15:24:05,843 - DEBUG - Inserted dish_price ID 113695: Burger = $9.99
2026-01-08 15:24:05,844 - INFO -     ✓ Burger: $9.99 (dsv_id: None)
2026-01-08 15:24:05,989 - DEBUG - Inserted dish_price ID 113696: Platter = $14.99
2026-01-08 15:24:05,989 - INFO -     ✓ Platter: $14.99 (dsv_id: 51)
2026-01-08 15:24:06,492 - INFO -   [30/51] Chicken Burger (ID: 139571)
2026-01-08 15:24:06,493 - DEBUG -     URL: https://menuadmin.menu.ca/?p=restaurants&display=editRestaurant&restaurant=206&load=editDish&showLang=en&menuEntry=15179
2026-01-08 15:24:07,871 - DEBUG -     Price: '9.99,14.99', Quantity: 'Burger,Platter'
2026-01-08 15:24:07,962 - DEBUG - Inserted dish_price ID 113697: Burger = $9.99
2026-01-08 15:24:07,962 - INFO -     ✓ Burger: $9.99 (dsv_id: None)
2026-01-08 15:24:08,064 - DEBUG - Inserted dish_price ID 113698: Platter = $14.99
2026-01-08 15:24:08,064 - INFO -     ✓ Platter: $14.99 (dsv_id: 51)
2026-01-08 15:24:08,571 - INFO -   [31/51] Nutella Kit-Kat Topped Pizza (ID: 139572)
2026-01-08 15:24:08,571 - DEBUG -     URL: https://menuadmin.menu.ca/?p=restaurants&display=editRestaurant&restaurant=206&load=editDish&showLang=en&menuEntry=123204
2026-01-08 15:24:09,988 - DEBUG -     Price: '14.99,16.99,22.99,28.99', Quantity: 'Small,Medium,Large,X-Large'
2026-01-08 15:24:10,088 - DEBUG - Inserted dish_price ID 113699: Small = $14.99
2026-01-08 15:24:10,089 - INFO -     ✓ Small: $14.99 (dsv_id: 2)
2026-01-08 15:24:10,183 - DEBUG - Inserted dish_price ID 113700: Medium = $16.99
2026-01-08 15:24:10,184 - INFO -     ✓ Medium: $16.99 (dsv_id: 3)
2026-01-08 15:24:10,279 - DEBUG - Inserted dish_price ID 113701: Large = $22.99
2026-01-08 15:24:10,279 - INFO -     ✓ Large: $22.99 (dsv_id: 4)
2026-01-08 15:24:10,366 - DEBUG - Inserted dish_price ID 113702: X-Large = $28.99
2026-01-08 15:24:10,366 - INFO -     ✓ X-Large: $28.99 (dsv_id: 5)
2026-01-08 15:24:10,872 - INFO -   [32/51] Mini Donuts (ID: 139573)
2026-01-08 15:24:10,873 - DEBUG -     URL: https://menuadmin.menu.ca/?p=restaurants&display=editRestaurant&restaurant=206&load=editDish&showLang=en&menuEntry=124897
2026-01-08 15:24:12,267 - DEBUG -     Price: '7.95,7.95', Quantity: 'Plain,Toss in sugar'
2026-01-08 15:24:12,408 - DEBUG - Inserted dish_price ID 113703: Plain = $7.95
2026-01-08 15:24:12,408 - INFO -     ✓ Plain: $7.95 (dsv_id: None)
2026-01-08 15:24:12,542 - DEBUG - Inserted dish_price ID 113704: Toss in sugar = $7.95
2026-01-08 15:24:12,542 - INFO -     ✓ Toss in sugar: $7.95 (dsv_id: None)
2026-01-08 15:24:13,053 - INFO -   [33/51] Mini Churros (ID: 139574)
2026-01-08 15:24:13,054 - DEBUG -     URL: https://menuadmin.menu.ca/?p=restaurants&display=editRestaurant&restaurant=206&load=editDish&showLang=en&menuEntry=124898
2026-01-08 15:24:14,474 - DEBUG -     Price: '7.95,7.95', Quantity: 'Plain,Toss in sugar'
2026-01-08 15:24:14,606 - DEBUG - Inserted dish_price ID 113705: Plain = $7.95
2026-01-08 15:24:14,606 - INFO -     ✓ Plain: $7.95 (dsv_id: None)
2026-01-08 15:24:14,711 - DEBUG - Inserted dish_price ID 113706: Toss in sugar = $7.95
2026-01-08 15:24:14,711 - INFO -     ✓ Toss in sugar: $7.95 (dsv_id: None)
2026-01-08 15:24:15,223 - INFO -   [34/51] Cinnamon Paws (ID: 139575)
2026-01-08 15:24:15,224 - DEBUG -     URL: https://menuadmin.menu.ca/?p=restaurants&display=editRestaurant&restaurant=206&load=editDish&showLang=en&menuEntry=124964
2026-01-08 15:24:16,629 - DEBUG -     Price: '5.95', Quantity: ''
2026-01-08 15:24:16,727 - DEBUG - Inserted dish_price ID 113707: Standard = $5.95
2026-01-08 15:24:16,727 - INFO -     ✓ Standard: $5.95 (dsv_id: 1)
2026-01-08 15:24:17,228 - INFO -   [35/51] Nutella Smaties Topped Pizza (ID: 139576)
2026-01-08 15:24:17,229 - DEBUG -     URL: https://menuadmin.menu.ca/?p=restaurants&display=editRestaurant&restaurant=206&load=editDish&showLang=en&menuEntry=46353
2026-01-08 15:24:18,665 - DEBUG -     Price: '14.99,16.99,22.99,28.99', Quantity: 'Small,Medium,Large,X-Large'
2026-01-08 15:24:18,766 - DEBUG - Inserted dish_price ID 113708: Small = $14.99
2026-01-08 15:24:18,766 - INFO -     ✓ Small: $14.99 (dsv_id: 2)
2026-01-08 15:24:18,857 - DEBUG - Inserted dish_price ID 113709: Medium = $16.99
2026-01-08 15:24:18,857 - INFO -     ✓ Medium: $16.99 (dsv_id: 3)
2026-01-08 15:24:18,949 - DEBUG - Inserted dish_price ID 113710: Large = $22.99
2026-01-08 15:24:18,949 - INFO -     ✓ Large: $22.99 (dsv_id: 4)
2026-01-08 15:24:19,038 - DEBUG - Inserted dish_price ID 113711: X-Large = $28.99
2026-01-08 15:24:19,039 - INFO -     ✓ X-Large: $28.99 (dsv_id: 5)
2026-01-08 15:24:19,549 - INFO -   [36/51] Baklava (ID: 139577)
2026-01-08 15:24:19,549 - DEBUG -     URL: https://menuadmin.menu.ca/?p=restaurants&display=editRestaurant&restaurant=206&load=editDish&showLang=en&menuEntry=16012
2026-01-08 15:24:20,936 - DEBUG -     Price: '8.40', Quantity: ''
2026-01-08 15:24:21,032 - DEBUG - Inserted dish_price ID 113712: Standard = $8.4
2026-01-08 15:24:21,032 - INFO -     ✓ Standard: $8.40 (dsv_id: 1)
2026-01-08 15:24:21,538 - INFO -   [37/51] Coconut Bites (ID: 139578)
2026-01-08 15:24:21,538 - DEBUG -     URL: https://menuadmin.menu.ca/?p=restaurants&display=editRestaurant&restaurant=206&load=editDish&showLang=en&menuEntry=121947
2026-01-08 15:24:22,913 - DEBUG -     Price: '8.40', Quantity: ''
2026-01-08 15:24:23,006 - DEBUG - Inserted dish_price ID 113713: Standard = $8.4
2026-01-08 15:24:23,006 - INFO -     ✓ Standard: $8.40 (dsv_id: 1)
2026-01-08 15:24:23,508 - INFO -   [38/51] 591ml Pop (ID: 139579)
2026-01-08 15:24:23,508 - DEBUG -     URL: https://menuadmin.menu.ca/?p=restaurants&display=editRestaurant&restaurant=206&load=editDish&showLang=en&menuEntry=68092
2026-01-08 15:24:24,913 - DEBUG -     Price: '2.99', Quantity: '591 ml'
2026-01-08 15:24:25,053 - DEBUG - Inserted dish_price ID 113714: 591 ml = $2.99
2026-01-08 15:24:25,053 - INFO -     ✓ 591 ml: $2.99 (dsv_id: 43)
2026-01-08 15:24:25,556 - INFO -   [39/51] 2 Pop 591ml (ID: 139580)
2026-01-08 15:24:25,556 - DEBUG -     URL: https://menuadmin.menu.ca/?p=restaurants&display=editRestaurant&restaurant=206&load=editDish&showLang=en&menuEntry=68093
2026-01-08 15:24:26,979 - DEBUG -     Price: '4.15', Quantity: '591 ml'
2026-01-08 15:24:27,074 - DEBUG - Inserted dish_price ID 113715: 591 ml = $4.15
2026-01-08 15:24:27,074 - INFO -     ✓ 591 ml: $4.15 (dsv_id: 43)
2026-01-08 15:24:27,579 - INFO -   [40/51] 3 Pop 591ml (ID: 139581)
2026-01-08 15:24:27,579 - DEBUG -     URL: https://menuadmin.menu.ca/?p=restaurants&display=editRestaurant&restaurant=206&load=editDish&showLang=en&menuEntry=68094
2026-01-08 15:24:28,997 - DEBUG -     Price: '5.99', Quantity: '591 ml'
2026-01-08 15:24:29,103 - DEBUG - Inserted dish_price ID 113716: 591 ml = $5.99
2026-01-08 15:24:29,103 - INFO -     ✓ 591 ml: $5.99 (dsv_id: 43)
2026-01-08 15:24:29,608 - INFO -   [41/51] 2L Pop (ID: 139582)
2026-01-08 15:24:29,608 - DEBUG -     URL: https://menuadmin.menu.ca/?p=restaurants&display=editRestaurant&restaurant=206&load=editDish&showLang=en&menuEntry=68095
2026-01-08 15:24:31,017 - DEBUG -     Price: '3.99,3.99,3.99,3.99,3.99', Quantity: 'Pepsi,Diet Pepsi,7 Up,Orange Crush,Ginger Ale'
2026-01-08 15:24:31,162 - DEBUG - Inserted dish_price ID 113717: Pepsi = $3.99
2026-01-08 15:24:31,162 - INFO -     ✓ Pepsi: $3.99 (dsv_id: None)
2026-01-08 15:24:31,295 - DEBUG - Inserted dish_price ID 113718: Diet Pepsi = $3.99
2026-01-08 15:24:31,296 - INFO -     ✓ Diet Pepsi: $3.99 (dsv_id: None)
2026-01-08 15:24:31,429 - DEBUG - Inserted dish_price ID 113719: 7 Up = $3.99
2026-01-08 15:24:31,429 - INFO -     ✓ 7 Up: $3.99 (dsv_id: None)
2026-01-08 15:24:31,571 - DEBUG - Inserted dish_price ID 113720: Orange Crush = $3.99
2026-01-08 15:24:31,571 - INFO -     ✓ Orange Crush: $3.99 (dsv_id: None)
2026-01-08 15:24:31,700 - DEBUG - Inserted dish_price ID 113721: Ginger Ale = $3.99
2026-01-08 15:24:31,700 - INFO -     ✓ Ginger Ale: $3.99 (dsv_id: None)
2026-01-08 15:24:32,201 - INFO -   [42/51] Aquafina (591 ml) (ID: 139583)
2026-01-08 15:24:32,202 - DEBUG -     URL: https://menuadmin.menu.ca/?p=restaurants&display=editRestaurant&restaurant=206&load=editDish&showLang=en&menuEntry=16026
2026-01-08 15:24:33,631 - DEBUG -     Price: '1.75,3.00,3.75', Quantity: '1 Bottle,2 Bottles,3 Bottles'
2026-01-08 15:24:33,763 - DEBUG - Inserted dish_price ID 113722: 1 Bottle = $1.75
2026-01-08 15:24:33,763 - INFO -     ✓ 1 Bottle: $1.75 (dsv_id: None)
2026-01-08 15:24:33,898 - DEBUG - Inserted dish_price ID 113723: 2 Bottles = $3.0
2026-01-08 15:24:33,898 - INFO -     ✓ 2 Bottles: $3.00 (dsv_id: None)
2026-01-08 15:24:34,029 - DEBUG - Inserted dish_price ID 113724: 3 Bottles = $3.75
2026-01-08 15:24:34,029 - INFO -     ✓ 3 Bottles: $3.75 (dsv_id: None)
2026-01-08 15:24:34,534 - INFO -   [43/51] 6 Pack of Pop (591 ml) (ID: 139584)
2026-01-08 15:24:34,534 - DEBUG -     URL: https://menuadmin.menu.ca/?p=restaurants&display=editRestaurant&restaurant=206&load=editDish&showLang=en&menuEntry=68436
2026-01-08 15:24:36,009 - DEBUG -     Price: '10.50', Quantity: ''
2026-01-08 15:24:36,101 - DEBUG - Inserted dish_price ID 113725: Standard = $10.5
2026-01-08 15:24:36,102 - INFO -     ✓ Standard: $10.50 (dsv_id: 1)
2026-01-08 15:24:36,604 - INFO -   [44/51] 6 Bottles Aquafina (591 ml) (ID: 139585)
2026-01-08 15:24:36,604 - DEBUG -     URL: https://menuadmin.menu.ca/?p=restaurants&display=editRestaurant&restaurant=206&load=editDish&showLang=en&menuEntry=68437
2026-01-08 15:24:38,353 - DEBUG -     Price: '5.50', Quantity: ''
2026-01-08 15:24:38,446 - DEBUG - Inserted dish_price ID 113726: Standard = $5.5
2026-01-08 15:24:38,446 - INFO -     ✓ Standard: $5.50 (dsv_id: 1)
2026-01-08 15:24:38,948 - INFO -   [45/51] Pepsi (ID: 139586)
2026-01-08 15:24:38,948 - DEBUG -     URL: https://menuadmin.menu.ca/?p=restaurants&display=editRestaurant&restaurant=206&load=editDish&showLang=en&menuEntry=16022
2026-01-08 15:24:40,389 - DEBUG -     Price: '1.99,2.99', Quantity: '591 ml,2 L'
2026-01-08 15:24:40,481 - DEBUG - Inserted dish_price ID 113727: 591 ml = $1.99
2026-01-08 15:24:40,481 - INFO -     ✓ 591 ml: $1.99 (dsv_id: 43)
2026-01-08 15:24:40,615 - DEBUG - Inserted dish_price ID 113728: 2 L = $2.99
2026-01-08 15:24:40,615 - INFO -     ✓ 2 L: $2.99 (dsv_id: 45)
2026-01-08 15:24:41,129 - INFO -   [46/51] Diet Pepsi (ID: 139587)
2026-01-08 15:24:41,129 - DEBUG -     URL: https://menuadmin.menu.ca/?p=restaurants&display=editRestaurant&restaurant=206&load=editDish&showLang=en&menuEntry=16023
2026-01-08 15:24:42,539 - DEBUG -     Price: '1.99,2.99', Quantity: '591 ml,2 L'
2026-01-08 15:24:42,633 - DEBUG - Inserted dish_price ID 113729: 591 ml = $1.99
2026-01-08 15:24:42,633 - INFO -     ✓ 591 ml: $1.99 (dsv_id: 43)
2026-01-08 15:24:42,723 - DEBUG - Inserted dish_price ID 113730: 2 L = $2.99
2026-01-08 15:24:42,724 - INFO -     ✓ 2 L: $2.99 (dsv_id: 45)
2026-01-08 15:24:43,228 - INFO -   [47/51] 7 Up (ID: 139588)
2026-01-08 15:24:43,228 - DEBUG -     URL: https://menuadmin.menu.ca/?p=restaurants&display=editRestaurant&restaurant=206&load=editDish&showLang=en&menuEntry=16025
2026-01-08 15:24:44,629 - DEBUG -     Price: '1.99,2.99', Quantity: '591 ml,2 L'
2026-01-08 15:24:44,723 - DEBUG - Inserted dish_price ID 113731: 591 ml = $1.99
2026-01-08 15:24:44,723 - INFO -     ✓ 591 ml: $1.99 (dsv_id: 43)
2026-01-08 15:24:44,817 - DEBUG - Inserted dish_price ID 113732: 2 L = $2.99
2026-01-08 15:24:44,817 - INFO -     ✓ 2 L: $2.99 (dsv_id: 45)
2026-01-08 15:24:45,319 - INFO -   [48/51] Orange Crush (ID: 139589)
2026-01-08 15:24:45,319 - DEBUG -     URL: https://menuadmin.menu.ca/?p=restaurants&display=editRestaurant&restaurant=206&load=editDish&showLang=en&menuEntry=16024
2026-01-08 15:24:46,827 - DEBUG -     Price: '1.99,2.99', Quantity: '591 ml,2 L'
2026-01-08 15:24:46,932 - DEBUG - Inserted dish_price ID 113733: 591 ml = $1.99
2026-01-08 15:24:46,932 - INFO -     ✓ 591 ml: $1.99 (dsv_id: 43)
2026-01-08 15:24:47,035 - DEBUG - Inserted dish_price ID 113734: 2 L = $2.99
2026-01-08 15:24:47,035 - INFO -     ✓ 2 L: $2.99 (dsv_id: 45)
2026-01-08 15:24:47,548 - INFO -   [49/51] Mug Root Beer (ID: 139590)
2026-01-08 15:24:47,548 - DEBUG -     URL: https://menuadmin.menu.ca/?p=restaurants&display=editRestaurant&restaurant=206&load=editDish&showLang=en&menuEntry=16029
2026-01-08 15:24:48,925 - DEBUG -     Price: '1.99,2.99', Quantity: '591 ml,2 L'
2026-01-08 15:24:49,014 - DEBUG - Inserted dish_price ID 113735: 591 ml = $1.99
2026-01-08 15:24:49,014 - INFO -     ✓ 591 ml: $1.99 (dsv_id: 43)
2026-01-08 15:24:49,105 - DEBUG - Inserted dish_price ID 113736: 2 L = $2.99
2026-01-08 15:24:49,105 - INFO -     ✓ 2 L: $2.99 (dsv_id: 45)
2026-01-08 15:24:49,614 - INFO -   [50/51] Ginger Ale (ID: 139591)
2026-01-08 15:24:49,615 - DEBUG -     URL: https://menuadmin.menu.ca/?p=restaurants&display=editRestaurant&restaurant=206&load=editDish&showLang=en&menuEntry=16027
2026-01-08 15:24:51,005 - DEBUG -     Price: '1.99,2.99', Quantity: '591 ml,2 L'
2026-01-08 15:24:51,091 - DEBUG - Inserted dish_price ID 113737: 591 ml = $1.99
2026-01-08 15:24:51,091 - INFO -     ✓ 591 ml: $1.99 (dsv_id: 43)
2026-01-08 15:24:51,182 - DEBUG - Inserted dish_price ID 113738: 2 L = $2.99
2026-01-08 15:24:51,182 - INFO -     ✓ 2 L: $2.99 (dsv_id: 45)
2026-01-08 15:24:51,689 - INFO -   [51/51] Brisk Ice Tea (ID: 139592)
2026-01-08 15:24:51,689 - DEBUG -     URL: https://menuadmin.menu.ca/?p=restaurants&display=editRestaurant&restaurant=206&load=editDish&showLang=en&menuEntry=16028
2026-01-08 15:24:53,123 - DEBUG -     Price: '1.99', Quantity: '591 ml'
2026-01-08 15:24:53,213 - DEBUG - Inserted dish_price ID 113739: 591 ml = $1.99
2026-01-08 15:24:53,213 - INFO -     ✓ 591 ml: $1.99 (dsv_id: 43)
2026-01-08 15:24:53,717 - INFO - --------------------------------------------------
2026-01-08 15:24:53,717 - INFO - Restaurant: Milano (V3: 91, V1: 207)
2026-01-08 15:24:53,718 - INFO - Dishes to scrape: 9
2026-01-08 15:24:53,718 - INFO -   [1/9] Here Comes the Sun Pizza (ID: 139843)
2026-01-08 15:24:53,718 - DEBUG -     URL: https://menuadmin.menu.ca/?p=restaurants&display=editRestaurant&restaurant=207&load=editDish&showLang=en&menuEntry=114175
2026-01-08 15:24:55,130 - DEBUG -     Price: '13.70,20.35,24.40,29.00', Quantity: 'Small,Medium,Large,X-Large'
2026-01-08 15:24:55,223 - DEBUG - Inserted dish_price ID 113740: Small = $13.7
2026-01-08 15:24:55,224 - INFO -     ✓ Small: $13.70 (dsv_id: 2)
2026-01-08 15:24:55,311 - DEBUG - Inserted dish_price ID 113741: Medium = $20.35
2026-01-08 15:24:55,311 - INFO -     ✓ Medium: $20.35 (dsv_id: 3)
2026-01-08 15:24:55,399 - DEBUG - Inserted dish_price ID 113742: Large = $24.4
2026-01-08 15:24:55,399 - INFO -     ✓ Large: $24.40 (dsv_id: 4)
2026-01-08 15:24:55,487 - DEBUG - Inserted dish_price ID 113743: X-Large = $29.0
2026-01-08 15:24:55,487 - INFO -     ✓ X-Large: $29.00 (dsv_id: 5)
2026-01-08 15:24:56,000 - INFO -   [2/9] Donation (ID: 139844)
2026-01-08 15:24:56,001 - DEBUG -     URL: https://menuadmin.menu.ca/?p=restaurants&display=editRestaurant&restaurant=207&load=editDish&showLang=en&menuEntry=85166
2026-01-08 15:24:57,471 - DEBUG -     Price: '2.00,3.00,5.00', Quantity: '2 Dollars,3 Dollars,5 Dollars'
2026-01-08 15:24:57,627 - DEBUG - Inserted dish_price ID 113744: 2 Dollars = $2.0
2026-01-08 15:24:57,627 - INFO -     ✓ 2 Dollars: $2.00 (dsv_id: None)
2026-01-08 15:24:57,766 - DEBUG - Inserted dish_price ID 113745: 3 Dollars = $3.0
2026-01-08 15:24:57,766 - INFO -     ✓ 3 Dollars: $3.00 (dsv_id: None)
2026-01-08 15:24:57,898 - DEBUG - Inserted dish_price ID 113746: 5 Dollars = $5.0
2026-01-08 15:24:57,898 - INFO -     ✓ 5 Dollars: $5.00 (dsv_id: None)
2026-01-08 15:24:58,411 - INFO -   [3/9] Combo No.1 (ID: 139845)
2026-01-08 15:24:58,412 - DEBUG -     URL: https://menuadmin.menu.ca/?p=restaurants&display=editRestaurant&restaurant=207&load=editCombo&showLang=en&combo=76716
2026-01-08 15:24:59,926 - DEBUG -     Price: '39.95', Quantity: ''
2026-01-08 15:25:00,018 - DEBUG - Inserted dish_price ID 113747: Standard = $39.95
2026-01-08 15:25:00,018 - INFO -     ✓ Standard: $39.95 (dsv_id: 1)
2026-01-08 15:25:00,532 - INFO -   [4/9] Combo No.2 (ID: 139846)
2026-01-08 15:25:00,532 - DEBUG -     URL: https://menuadmin.menu.ca/?p=restaurants&display=editRestaurant&restaurant=207&load=editCombo&showLang=en&combo=76717
2026-01-08 15:25:01,992 - DEBUG -     Price: '49.95', Quantity: ''
2026-01-08 15:25:02,078 - DEBUG - Inserted dish_price ID 113748: Standard = $49.95
2026-01-08 15:25:02,079 - INFO -     ✓ Standard: $49.95 (dsv_id: 1)
2026-01-08 15:25:02,592 - INFO -   [5/9] Pasta with Beef (ID: 139847)
2026-01-08 15:25:02,592 - DEBUG -     URL: https://menuadmin.menu.ca/?p=restaurants&display=editRestaurant&restaurant=207&load=editDish&showLang=en&menuEntry=15995
2026-01-08 15:25:03,999 - DEBUG -     Price: '0.00', Quantity: ''
2026-01-08 15:25:04,090 - DEBUG - Inserted dish_price ID 113749: Standard = $0.0
2026-01-08 15:25:04,090 - INFO -     ✓ Standard: $0.00 (dsv_id: 1)
2026-01-08 15:25:04,607 - INFO -   [6/9] Pasta with Veggies (ID: 139848)
2026-01-08 15:25:04,607 - DEBUG -     URL: https://menuadmin.menu.ca/?p=restaurants&display=editRestaurant&restaurant=207&load=editDish&showLang=en&menuEntry=15996
2026-01-08 15:25:06,012 - DEBUG -     Price: '0.00', Quantity: ''
2026-01-08 15:25:06,121 - DEBUG - Inserted dish_price ID 113750: Standard = $0.0
2026-01-08 15:25:06,121 - INFO -     ✓ Standard: $0.00 (dsv_id: 1)
2026-01-08 15:25:06,625 - INFO -   [7/9] Chicken Combo Box (ID: 139860)
2026-01-08 15:25:06,625 - DEBUG -     URL: https://menuadmin.menu.ca/?p=restaurants&display=editRestaurant&restaurant=207&load=editDish&showLang=en&menuEntry=85126
2026-01-08 15:25:08,073 - DEBUG -     Price: '19.40', Quantity: ''
2026-01-08 15:25:08,169 - DEBUG - Inserted dish_price ID 113751: Standard = $19.4
2026-01-08 15:25:08,169 - INFO -     ✓ Standard: $19.40 (dsv_id: 1)
2026-01-08 15:25:08,673 - INFO -   [8/9] 2 Chicken Wraps (ID: 139885)
2026-01-08 15:25:08,674 - DEBUG -     URL: https://menuadmin.menu.ca/?p=restaurants&display=editRestaurant&restaurant=207&load=editCombo&showLang=en&combo=53217
2026-01-08 15:25:10,163 - DEBUG -     Price: '23.99', Quantity: ''
2026-01-08 15:25:10,254 - DEBUG - Inserted dish_price ID 113752: Standard = $23.99
2026-01-08 15:25:10,254 - INFO -     ✓ Standard: $23.99 (dsv_id: 1)
2026-01-08 15:25:10,763 - INFO -   [9/9] Vegan Non Dairy Breaded Cheese Sticks (ID: 139886)
2026-01-08 15:25:10,763 - DEBUG -     URL: https://menuadmin.menu.ca/?p=restaurants&display=editRestaurant&restaurant=207&load=editDish&showLang=en&menuEntry=99963
2026-01-08 15:25:12,209 - DEBUG -     Price: '10.15', Quantity: ''
2026-01-08 15:25:12,300 - DEBUG - Inserted dish_price ID 113753: Standard = $10.15
2026-01-08 15:25:12,300 - INFO -     ✓ Standard: $10.15 (dsv_id: 1)
2026-01-08 15:25:12,806 - INFO - --------------------------------------------------
2026-01-08 15:25:12,806 - INFO - Restaurant: Milano (V3: 93, V1: 209)
2026-01-08 15:25:12,806 - INFO - Dishes to scrape: 3
2026-01-08 15:25:12,806 - INFO -   [1/3] Texas Style (ID: 139743)
2026-01-08 15:25:12,807 - DEBUG -     URL: https://menuadmin.menu.ca/?p=restaurants&display=editRestaurant&restaurant=209&load=editDish&showLang=en&menuEntry=18132
2026-01-08 15:25:14,210 - DEBUG -     Price: '17.95,26.35,31.65,41.05', Quantity: 'Small,Medium,Large,X-Large'
2026-01-08 15:25:14,304 - DEBUG - Inserted dish_price ID 113754: Small = $17.95
2026-01-08 15:25:14,304 - INFO -     ✓ Small: $17.95 (dsv_id: 2)
2026-01-08 15:25:14,399 - DEBUG - Inserted dish_price ID 113755: Medium = $26.35
2026-01-08 15:25:14,399 - INFO -     ✓ Medium: $26.35 (dsv_id: 3)
2026-01-08 15:25:14,485 - DEBUG - Inserted dish_price ID 113756: Large = $31.65
2026-01-08 15:25:14,485 - INFO -     ✓ Large: $31.65 (dsv_id: 4)
2026-01-08 15:25:14,574 - DEBUG - Inserted dish_price ID 113757: X-Large = $41.05
2026-01-08 15:25:14,574 - INFO -     ✓ X-Large: $41.05 (dsv_id: 5)
2026-01-08 15:25:15,078 - INFO -   [2/3] Mediterranean (ID: 139744)
2026-01-08 15:25:15,079 - DEBUG -     URL: https://menuadmin.menu.ca/?p=restaurants&display=editRestaurant&restaurant=209&load=editDish&showLang=en&menuEntry=18133
2026-01-08 15:25:16,489 - DEBUG -     Price: '17.95,26.35,31.65,41.05', Quantity: 'Small,Medium,Large,X-Large'
2026-01-08 15:25:16,606 - DEBUG - Inserted dish_price ID 113758: Small = $17.95
2026-01-08 15:25:16,606 - INFO -     ✓ Small: $17.95 (dsv_id: 2)
2026-01-08 15:25:16,711 - DEBUG - Inserted dish_price ID 113759: Medium = $26.35
2026-01-08 15:25:16,711 - INFO -     ✓ Medium: $26.35 (dsv_id: 3)
2026-01-08 15:25:16,816 - DEBUG - Inserted dish_price ID 113760: Large = $31.65
2026-01-08 15:25:16,816 - INFO -     ✓ Large: $31.65 (dsv_id: 4)
2026-01-08 15:25:16,918 - DEBUG - Inserted dish_price ID 113761: X-Large = $41.05
2026-01-08 15:25:16,918 - INFO -     ✓ X-Large: $41.05 (dsv_id: 5)
2026-01-08 15:25:17,424 - INFO -   [3/3] Hawaiian Plus (ID: 139745)
2026-01-08 15:25:17,425 - DEBUG -     URL: https://menuadmin.menu.ca/?p=restaurants&display=editRestaurant&restaurant=209&load=editDish&showLang=en&menuEntry=15679
2026-01-08 15:25:18,927 - DEBUG -     Price: '17.95,26.35,31.65,41.05', Quantity: 'Small,Medium,Large,X-Large'
2026-01-08 15:25:19,017 - DEBUG - Inserted dish_price ID 113762: Small = $17.95
2026-01-08 15:25:19,017 - INFO -     ✓ Small: $17.95 (dsv_id: 2)
2026-01-08 15:25:19,106 - DEBUG - Inserted dish_price ID 113763: Medium = $26.35
2026-01-08 15:25:19,106 - INFO -     ✓ Medium: $26.35 (dsv_id: 3)
2026-01-08 15:25:19,191 - DEBUG - Inserted dish_price ID 113764: Large = $31.65
2026-01-08 15:25:19,191 - INFO -     ✓ Large: $31.65 (dsv_id: 4)
2026-01-08 15:25:19,280 - DEBUG - Inserted dish_price ID 113765: X-Large = $41.05
2026-01-08 15:25:19,280 - INFO -     ✓ X-Large: $41.05 (dsv_id: 5)
2026-01-08 15:25:19,787 - INFO - --------------------------------------------------
2026-01-08 15:25:19,788 - INFO - Restaurant: Mano City Pizza (V3: 118, V1: 238)
2026-01-08 15:25:19,788 - INFO - Dishes to scrape: 1
2026-01-08 15:25:19,788 - INFO -   [1/1] Boneless Wings (ID: 138186)
2026-01-08 15:25:19,788 - DEBUG -     URL: https://menuadmin.menu.ca/?p=restaurants&display=editRestaurant&restaurant=238&load=editDish&showLang=en&menuEntry=18358
2026-01-08 15:25:21,189 - DEBUG -     Price: '15.00,24.00,33.00', Quantity: '10 Pcs,20 Pcs,30 Pcs'
2026-01-08 15:25:21,334 - DEBUG - Inserted dish_price ID 113766: 10 Pcs = $15.0
2026-01-08 15:25:21,334 - INFO -     ✓ 10 Pcs: $15.00 (dsv_id: None)
2026-01-08 15:25:21,491 - DEBUG - Inserted dish_price ID 113767: 20 Pcs = $24.0
2026-01-08 15:25:21,491 - INFO -     ✓ 20 Pcs: $24.00 (dsv_id: None)
2026-01-08 15:25:21,628 - DEBUG - Inserted dish_price ID 113768: 30 Pcs = $33.0
2026-01-08 15:25:21,628 - INFO -     ✓ 30 Pcs: $33.00 (dsv_id: None)
2026-01-08 15:25:22,132 - INFO - --------------------------------------------------
2026-01-08 15:25:22,132 - INFO - Restaurant: Riverside Pizzeria (V3: 133, V1: 257)
2026-01-08 15:25:22,132 - INFO - Dishes to scrape: 117
2026-01-08 15:25:22,132 - INFO -   [1/117] Melina’s Famous Calzones (ID: 160755)
2026-01-08 15:25:22,133 - DEBUG -     URL: https://menuadmin.menu.ca/?p=restaurants&display=editRestaurant&restaurant=257&load=editDish&showLang=en&menuEntry=26175
2026-01-08 15:25:23,540 - DEBUG -     Price: '15.95', Quantity: ''
2026-01-08 15:25:23,633 - DEBUG - Inserted dish_price ID 113769: Standard = $15.95
2026-01-08 15:25:23,633 - INFO -     ✓ Standard: $15.95 (dsv_id: 1)
2026-01-08 15:25:24,136 - INFO -   [2/117] Donair Special (ID: 160756)
2026-01-08 15:25:24,137 - DEBUG -     URL: https://menuadmin.menu.ca/?p=restaurants&display=editRestaurant&restaurant=257&load=editDish&showLang=en&menuEntry=56925
2026-01-08 15:25:25,548 - DEBUG -     Price: '17.95', Quantity: ''
2026-01-08 15:25:25,643 - DEBUG - Inserted dish_price ID 113770: Standard = $17.95
2026-01-08 15:25:25,643 - INFO -     ✓ Standard: $17.95 (dsv_id: 1)
2026-01-08 15:25:26,144 - INFO -   [3/117] Beef Donair Sandwich (ID: 160757)
2026-01-08 15:25:26,144 - DEBUG -     URL: https://menuadmin.menu.ca/?p=restaurants&display=editRestaurant&restaurant=257&load=editDish&showLang=en&menuEntry=110942
2026-01-08 15:25:27,566 - DEBUG -     Price: '9.95', Quantity: ''
2026-01-08 15:25:27,666 - DEBUG - Inserted dish_price ID 113771: Standard = $9.95
2026-01-08 15:25:27,666 - INFO -     ✓ Standard: $9.95 (dsv_id: 1)
2026-01-08 15:25:28,171 - INFO -   [4/117] Chicken Shawarma Sandwich (ID: 160758)
2026-01-08 15:25:28,171 - DEBUG -     URL: https://menuadmin.menu.ca/?p=restaurants&display=editRestaurant&restaurant=257&load=editDish&showLang=en&menuEntry=110943
2026-01-08 15:25:29,639 - DEBUG -     Price: '9.95', Quantity: ''
2026-01-08 15:25:29,729 - DEBUG - Inserted dish_price ID 113772: Standard = $9.95
2026-01-08 15:25:29,729 - INFO -     ✓ Standard: $9.95 (dsv_id: 1)
2026-01-08 15:25:30,240 - INFO -   [5/117] 30 Wings Special (ID: 160759)
2026-01-08 15:25:30,241 - DEBUG -     URL: https://menuadmin.menu.ca/?p=restaurants&display=editRestaurant&restaurant=257&load=editDish&showLang=en&menuEntry=56931
2026-01-08 15:25:31,657 - DEBUG -     Price: '32.95', Quantity: ''
2026-01-08 15:25:31,758 - DEBUG - Inserted dish_price ID 113773: Standard = $32.95
2026-01-08 15:25:31,758 - INFO -     ✓ Standard: $32.95 (dsv_id: 1)
2026-01-08 15:25:32,264 - INFO -   [6/117] Medium Pizza and Poutine (ID: 160760)
2026-01-08 15:25:32,264 - DEBUG -     URL: https://menuadmin.menu.ca/?p=restaurants&display=editRestaurant&restaurant=257&load=editDish&showLang=en&menuEntry=26180
2026-01-08 15:25:33,653 - DEBUG -     Price: '29.95', Quantity: ''
2026-01-08 15:25:33,743 - DEBUG - Inserted dish_price ID 113774: Standard = $29.95
2026-01-08 15:25:33,743 - INFO -     ✓ Standard: $29.95 (dsv_id: 1)
2026-01-08 15:25:34,252 - INFO -   [7/117] Small Pizza and Poutine (ID: 160761)
2026-01-08 15:25:34,252 - DEBUG -     URL: https://menuadmin.menu.ca/?p=restaurants&display=editRestaurant&restaurant=257&load=editDish&showLang=en&menuEntry=90128
2026-01-08 15:25:35,653 - DEBUG -     Price: '19.50', Quantity: ''
2026-01-08 15:25:35,746 - DEBUG - Inserted dish_price ID 113775: Standard = $19.5
2026-01-08 15:25:35,746 - INFO -     ✓ Standard: $19.50 (dsv_id: 1)
2026-01-08 15:25:36,253 - INFO -   [8/117] Large Pizza Special (ID: 160762)
2026-01-08 15:25:36,253 - DEBUG -     URL: https://menuadmin.menu.ca/?p=restaurants&display=editRestaurant&restaurant=257&load=editDish&showLang=en&menuEntry=26182
2026-01-08 15:25:37,629 - DEBUG -     Price: '38.30', Quantity: ''
2026-01-08 15:25:37,724 - DEBUG - Inserted dish_price ID 113776: Standard = $38.3
2026-01-08 15:25:37,724 - INFO -     ✓ Standard: $38.30 (dsv_id: 1)
2026-01-08 15:25:38,227 - INFO -   [9/117] Medium Pizza and Wings Special (ID: 160763)
2026-01-08 15:25:38,227 - DEBUG -     URL: https://menuadmin.menu.ca/?p=restaurants&display=editRestaurant&restaurant=257&load=editDish&showLang=en&menuEntry=26181
2026-01-08 15:25:39,633 - DEBUG -     Price: '29.95', Quantity: ''
2026-01-08 15:25:39,750 - DEBUG - Inserted dish_price ID 113777: Standard = $29.95
2026-01-08 15:25:39,751 - INFO -     ✓ Standard: $29.95 (dsv_id: 1)
2026-01-08 15:25:40,264 - INFO -   [10/117] Small Pizza and Wings (ID: 160764)
2026-01-08 15:25:40,264 - DEBUG -     URL: https://menuadmin.menu.ca/?p=restaurants&display=editRestaurant&restaurant=257&load=editDish&showLang=en&menuEntry=26179
2026-01-08 15:25:41,681 - DEBUG -     Price: '19.50', Quantity: ''
2026-01-08 15:25:41,774 - DEBUG - Inserted dish_price ID 113778: Standard = $19.5
2026-01-08 15:25:41,774 - INFO -     ✓ Standard: $19.50 (dsv_id: 1)
2026-01-08 15:25:42,279 - INFO -   [11/117] Riverside Special (ID: 160765)
2026-01-08 15:25:42,280 - DEBUG -     URL: https://menuadmin.menu.ca/?p=restaurants&display=editRestaurant&restaurant=257&load=editDish&showLang=en&menuEntry=25332
2026-01-08 15:25:43,709 - DEBUG -     Price: '14.95,22.75,28.30,37.50', Quantity: 'Small,Medium,Large,X-Large'
2026-01-08 15:25:43,801 - DEBUG - Inserted dish_price ID 113779: Small = $14.95
2026-01-08 15:25:43,801 - INFO -     ✓ Small: $14.95 (dsv_id: 2)
2026-01-08 15:25:43,889 - DEBUG - Inserted dish_price ID 113780: Medium = $22.75
2026-01-08 15:25:43,890 - INFO -     ✓ Medium: $22.75 (dsv_id: 3)
2026-01-08 15:25:43,984 - DEBUG - Inserted dish_price ID 113781: Large = $28.3
2026-01-08 15:25:43,984 - INFO -     ✓ Large: $28.30 (dsv_id: 4)
2026-01-08 15:25:44,068 - DEBUG - Inserted dish_price ID 113782: X-Large = $37.5
2026-01-08 15:25:44,068 - INFO -     ✓ X-Large: $37.50 (dsv_id: 5)
2026-01-08 15:25:44,573 - INFO -   [12/117] Canadian (ID: 160766)
2026-01-08 15:25:44,573 - DEBUG -     URL: https://menuadmin.menu.ca/?p=restaurants&display=editRestaurant&restaurant=257&load=editDish&showLang=en&menuEntry=25333
2026-01-08 15:25:45,965 - DEBUG -     Price: '14.95,22.75,28.30,37.50', Quantity: 'Small,Medium,Large,X-Large'
2026-01-08 15:25:46,059 - DEBUG - Inserted dish_price ID 113783: Small = $14.95
2026-01-08 15:25:46,060 - INFO -     ✓ Small: $14.95 (dsv_id: 2)
2026-01-08 15:25:46,156 - DEBUG - Inserted dish_price ID 113784: Medium = $22.75
2026-01-08 15:25:46,156 - INFO -     ✓ Medium: $22.75 (dsv_id: 3)
2026-01-08 15:25:46,247 - DEBUG - Inserted dish_price ID 113785: Large = $28.3
2026-01-08 15:25:46,247 - INFO -     ✓ Large: $28.30 (dsv_id: 4)
2026-01-08 15:25:46,338 - DEBUG - Inserted dish_price ID 113786: X-Large = $37.5
2026-01-08 15:25:46,338 - INFO -     ✓ X-Large: $37.50 (dsv_id: 5)
2026-01-08 15:25:46,845 - INFO -   [13/117] Vegetarian (ID: 160767)
2026-01-08 15:25:46,845 - DEBUG -     URL: https://menuadmin.menu.ca/?p=restaurants&display=editRestaurant&restaurant=257&load=editDish&showLang=en&menuEntry=25335
2026-01-08 15:25:48,245 - DEBUG -     Price: '14.95,22.75,28.30,37.50', Quantity: 'Small,Medium,Large,X-Large'
2026-01-08 15:25:48,376 - DEBUG - Inserted dish_price ID 113787: Small = $14.95
2026-01-08 15:25:48,376 - INFO -     ✓ Small: $14.95 (dsv_id: 2)
2026-01-08 15:25:48,470 - DEBUG - Inserted dish_price ID 113788: Medium = $22.75
2026-01-08 15:25:48,471 - INFO -     ✓ Medium: $22.75 (dsv_id: 3)
2026-01-08 15:25:48,573 - DEBUG - Inserted dish_price ID 113789: Large = $28.3
2026-01-08 15:25:48,573 - INFO -     ✓ Large: $28.30 (dsv_id: 4)
2026-01-08 15:25:48,676 - DEBUG - Inserted dish_price ID 113790: X-Large = $37.5
2026-01-08 15:25:48,676 - INFO -     ✓ X-Large: $37.50 (dsv_id: 5)
2026-01-08 15:25:49,179 - INFO -   [14/117] Greek (ID: 160768)
2026-01-08 15:25:49,179 - DEBUG -     URL: https://menuadmin.menu.ca/?p=restaurants&display=editRestaurant&restaurant=257&load=editDish&showLang=en&menuEntry=25336
2026-01-08 15:25:50,606 - DEBUG -     Price: '14.95,22.75,28.30,37.50', Quantity: 'Small,Medium,Large,X-Large'
2026-01-08 15:25:50,919 - DEBUG - Inserted dish_price ID 113791: Small = $14.95
2026-01-08 15:25:50,919 - INFO -     ✓ Small: $14.95 (dsv_id: 2)
2026-01-08 15:25:51,007 - DEBUG - Inserted dish_price ID 113792: Medium = $22.75
2026-01-08 15:25:51,007 - INFO -     ✓ Medium: $22.75 (dsv_id: 3)
2026-01-08 15:25:51,247 - DEBUG - Inserted dish_price ID 113793: Large = $28.3
2026-01-08 15:25:51,247 - INFO -     ✓ Large: $28.30 (dsv_id: 4)
2026-01-08 15:25:51,349 - DEBUG - Inserted dish_price ID 113794: X-Large = $37.5
2026-01-08 15:25:51,349 - INFO -     ✓ X-Large: $37.50 (dsv_id: 5)
2026-01-08 15:25:51,856 - INFO -   [15/117] Meat Lovers (ID: 160769)
2026-01-08 15:25:51,857 - DEBUG -     URL: https://menuadmin.menu.ca/?p=restaurants&display=editRestaurant&restaurant=257&load=editDish&showLang=en&menuEntry=25337
2026-01-08 15:25:53,895 - DEBUG -     Price: '14.95,22.75,28.30,37.50', Quantity: 'Small,Medium,Large,X-Large'
2026-01-08 15:25:54,003 - DEBUG - Inserted dish_price ID 113795: Small = $14.95
2026-01-08 15:25:54,003 - INFO -     ✓ Small: $14.95 (dsv_id: 2)
2026-01-08 15:25:54,090 - DEBUG - Inserted dish_price ID 113796: Medium = $22.75
2026-01-08 15:25:54,090 - INFO -     ✓ Medium: $22.75 (dsv_id: 3)
2026-01-08 15:25:54,183 - DEBUG - Inserted dish_price ID 113797: Large = $28.3
2026-01-08 15:25:54,183 - INFO -     ✓ Large: $28.30 (dsv_id: 4)
2026-01-08 15:25:54,270 - DEBUG - Inserted dish_price ID 113798: X-Large = $37.5
2026-01-08 15:25:54,270 - INFO -     ✓ X-Large: $37.50 (dsv_id: 5)
2026-01-08 15:25:54,774 - INFO -   [16/117] Santina (ID: 160770)
2026-01-08 15:25:54,774 - DEBUG -     URL: https://menuadmin.menu.ca/?p=restaurants&display=editRestaurant&restaurant=257&load=editDish&showLang=en&menuEntry=25338
2026-01-08 15:25:56,186 - DEBUG -     Price: '14.95,22.75,28.30,37.50', Quantity: 'Small,Medium,Large,X-Large'
2026-01-08 15:25:56,275 - DEBUG - Inserted dish_price ID 113799: Small = $14.95
2026-01-08 15:25:56,276 - INFO -     ✓ Small: $14.95 (dsv_id: 2)
2026-01-08 15:25:56,362 - DEBUG - Inserted dish_price ID 113800: Medium = $22.75
2026-01-08 15:25:56,362 - INFO -     ✓ Medium: $22.75 (dsv_id: 3)
2026-01-08 15:25:56,453 - DEBUG - Inserted dish_price ID 113801: Large = $28.3
2026-01-08 15:25:56,453 - INFO -     ✓ Large: $28.30 (dsv_id: 4)
2026-01-08 15:25:56,545 - DEBUG - Inserted dish_price ID 113802: X-Large = $37.5
2026-01-08 15:25:56,545 - INFO -     ✓ X-Large: $37.50 (dsv_id: 5)
2026-01-08 15:25:57,051 - INFO -   [17/117] Aloha (ID: 160771)
2026-01-08 15:25:57,051 - DEBUG -     URL: https://menuadmin.menu.ca/?p=restaurants&display=editRestaurant&restaurant=257&load=editDish&showLang=en&menuEntry=25339
2026-01-08 15:25:58,512 - DEBUG -     Price: '14.95,22.75,28.30,37.50', Quantity: 'Small,Medium,Large,X-Large'
2026-01-08 15:25:58,607 - DEBUG - Inserted dish_price ID 113803: Small = $14.95
2026-01-08 15:25:58,607 - INFO -     ✓ Small: $14.95 (dsv_id: 2)
2026-01-08 15:25:58,699 - DEBUG - Inserted dish_price ID 113804: Medium = $22.75
2026-01-08 15:25:58,699 - INFO -     ✓ Medium: $22.75 (dsv_id: 3)
2026-01-08 15:25:58,793 - DEBUG - Inserted dish_price ID 113805: Large = $28.3
2026-01-08 15:25:58,793 - INFO -     ✓ Large: $28.30 (dsv_id: 4)
2026-01-08 15:25:58,896 - DEBUG - Inserted dish_price ID 113806: X-Large = $37.5
2026-01-08 15:25:58,896 - INFO -     ✓ X-Large: $37.50 (dsv_id: 5)
2026-01-08 15:25:59,406 - INFO -   [18/117] Hawaiian Island (ID: 160772)
2026-01-08 15:25:59,406 - DEBUG -     URL: https://menuadmin.menu.ca/?p=restaurants&display=editRestaurant&restaurant=257&load=editDish&showLang=en&menuEntry=25340
2026-01-08 15:26:00,856 - DEBUG -     Price: '14.95,22.75,28.30,37.50', Quantity: 'Small,Medium,Large,X-Large'
2026-01-08 15:26:00,952 - DEBUG - Inserted dish_price ID 113807: Small = $14.95
2026-01-08 15:26:00,952 - INFO -     ✓ Small: $14.95 (dsv_id: 2)
2026-01-08 15:26:01,046 - DEBUG - Inserted dish_price ID 113808: Medium = $22.75
2026-01-08 15:26:01,047 - INFO -     ✓ Medium: $22.75 (dsv_id: 3)
2026-01-08 15:26:01,135 - DEBUG - Inserted dish_price ID 113809: Large = $28.3
2026-01-08 15:26:01,135 - INFO -     ✓ Large: $28.30 (dsv_id: 4)
2026-01-08 15:26:01,225 - DEBUG - Inserted dish_price ID 113810: X-Large = $37.5
2026-01-08 15:26:01,225 - INFO -     ✓ X-Large: $37.50 (dsv_id: 5)
2026-01-08 15:26:01,729 - INFO -   [19/117] Parmesan Chicken Pizza (ID: 160773)
2026-01-08 15:26:01,729 - DEBUG -     URL: https://menuadmin.menu.ca/?p=restaurants&display=editRestaurant&restaurant=257&load=editDish&showLang=en&menuEntry=25341
2026-01-08 15:26:03,187 - DEBUG -     Price: '14.95,22.75,28.30,37.50', Quantity: 'Small,Medium,Large,X-Large'
2026-01-08 15:26:03,303 - DEBUG - Inserted dish_price ID 113811: Small = $14.95
2026-01-08 15:26:03,303 - INFO -     ✓ Small: $14.95 (dsv_id: 2)
2026-01-08 15:26:03,397 - DEBUG - Inserted dish_price ID 113812: Medium = $22.75
2026-01-08 15:26:03,397 - INFO -     ✓ Medium: $22.75 (dsv_id: 3)
2026-01-08 15:26:03,482 - DEBUG - Inserted dish_price ID 113813: Large = $28.3
2026-01-08 15:26:03,483 - INFO -     ✓ Large: $28.30 (dsv_id: 4)
2026-01-08 15:26:03,574 - DEBUG - Inserted dish_price ID 113814: X-Large = $37.5
2026-01-08 15:26:03,574 - INFO -     ✓ X-Large: $37.50 (dsv_id: 5)
2026-01-08 15:26:04,081 - INFO -   [20/117] Steak and Veggie (ID: 160774)
2026-01-08 15:26:04,082 - DEBUG -     URL: https://menuadmin.menu.ca/?p=restaurants&display=editRestaurant&restaurant=257&load=editDish&showLang=en&menuEntry=25342
2026-01-08 15:26:05,495 - DEBUG -     Price: '14.95,22.75,28.30,37.50', Quantity: 'Small,Medium,Large,X-Large'
2026-01-08 15:26:05,587 - DEBUG - Inserted dish_price ID 113815: Small = $14.95
2026-01-08 15:26:05,587 - INFO -     ✓ Small: $14.95 (dsv_id: 2)
2026-01-08 15:26:05,680 - DEBUG - Inserted dish_price ID 113816: Medium = $22.75
2026-01-08 15:26:05,680 - INFO -     ✓ Medium: $22.75 (dsv_id: 3)
2026-01-08 15:26:05,770 - DEBUG - Inserted dish_price ID 113817: Large = $28.3
2026-01-08 15:26:05,770 - INFO -     ✓ Large: $28.30 (dsv_id: 4)
2026-01-08 15:26:05,853 - DEBUG - Inserted dish_price ID 113818: X-Large = $37.5
2026-01-08 15:26:05,853 - INFO -     ✓ X-Large: $37.50 (dsv_id: 5)
2026-01-08 15:26:06,357 - INFO -   [21/117] Tango Special (ID: 160775)
2026-01-08 15:26:06,358 - DEBUG -     URL: https://menuadmin.menu.ca/?p=restaurants&display=editRestaurant&restaurant=257&load=editDish&showLang=en&menuEntry=25343
2026-01-08 15:26:07,764 - DEBUG -     Price: '14.95,22.75,28.30,37.50', Quantity: 'Small,Medium,Large,X-Large'
2026-01-08 15:26:07,854 - DEBUG - Inserted dish_price ID 113819: Small = $14.95
2026-01-08 15:26:07,854 - INFO -     ✓ Small: $14.95 (dsv_id: 2)
2026-01-08 15:26:07,945 - DEBUG - Inserted dish_price ID 113820: Medium = $22.75
2026-01-08 15:26:07,945 - INFO -     ✓ Medium: $22.75 (dsv_id: 3)
2026-01-08 15:26:08,033 - DEBUG - Inserted dish_price ID 113821: Large = $28.3
2026-01-08 15:26:08,033 - INFO -     ✓ Large: $28.30 (dsv_id: 4)
2026-01-08 15:26:08,123 - DEBUG - Inserted dish_price ID 113822: X-Large = $37.5
2026-01-08 15:26:08,123 - INFO -     ✓ X-Large: $37.50 (dsv_id: 5)
2026-01-08 15:26:08,626 - INFO -   [22/117] Combination with Olives (ID: 160776)
2026-01-08 15:26:08,626 - DEBUG -     URL: https://menuadmin.menu.ca/?p=restaurants&display=editRestaurant&restaurant=257&load=editDish&showLang=en&menuEntry=25344
2026-01-08 15:26:10,094 - DEBUG -     Price: '14.95,22.75,28.30,37.50', Quantity: 'Small,Medium,Large,X-Large'
2026-01-08 15:26:10,199 - DEBUG - Inserted dish_price ID 113823: Small = $14.95
2026-01-08 15:26:10,199 - INFO -     ✓ Small: $14.95 (dsv_id: 2)
2026-01-08 15:26:10,290 - DEBUG - Inserted dish_price ID 113824: Medium = $22.75
2026-01-08 15:26:10,291 - INFO -     ✓ Medium: $22.75 (dsv_id: 3)
2026-01-08 15:26:10,378 - DEBUG - Inserted dish_price ID 113825: Large = $28.3
2026-01-08 15:26:10,378 - INFO -     ✓ Large: $28.30 (dsv_id: 4)
2026-01-08 15:26:10,476 - DEBUG - Inserted dish_price ID 113826: X-Large = $37.5
2026-01-08 15:26:10,476 - INFO -     ✓ X-Large: $37.50 (dsv_id: 5)
2026-01-08 15:26:10,982 - INFO -   [23/117] Deluxe (ID: 160777)
2026-01-08 15:26:10,982 - DEBUG -     URL: https://menuadmin.menu.ca/?p=restaurants&display=editRestaurant&restaurant=257&load=editDish&showLang=en&menuEntry=25345
2026-01-08 15:26:12,430 - DEBUG -     Price: '14.95,22.75,28.30,37.50', Quantity: 'Small,Medium,Large,X-Large'
2026-01-08 15:26:12,526 - DEBUG - Inserted dish_price ID 113827: Small = $14.95
2026-01-08 15:26:12,527 - INFO -     ✓ Small: $14.95 (dsv_id: 2)
2026-01-08 15:26:12,619 - DEBUG - Inserted dish_price ID 113828: Medium = $22.75
2026-01-08 15:26:12,619 - INFO -     ✓ Medium: $22.75 (dsv_id: 3)
2026-01-08 15:26:12,708 - DEBUG - Inserted dish_price ID 113829: Large = $28.3
2026-01-08 15:26:12,708 - INFO -     ✓ Large: $28.30 (dsv_id: 4)
2026-01-08 15:26:12,803 - DEBUG - Inserted dish_price ID 113830: X-Large = $37.5
2026-01-08 15:26:12,803 - INFO -     ✓ X-Large: $37.50 (dsv_id: 5)
2026-01-08 15:26:13,309 - INFO -   [24/117] BBQ Chicken (ID: 160778)
2026-01-08 15:26:13,309 - DEBUG -     URL: https://menuadmin.menu.ca/?p=restaurants&display=editRestaurant&restaurant=257&load=editDish&showLang=en&menuEntry=25346
2026-01-08 15:26:15,246 - DEBUG -     Price: '14.95,22.75,28.30,37.50', Quantity: 'Small,Medium,Large,X-Large'
2026-01-08 15:26:15,334 - DEBUG - Inserted dish_price ID 113831: Small = $14.95
2026-01-08 15:26:15,335 - INFO -     ✓ Small: $14.95 (dsv_id: 2)
2026-01-08 15:26:15,426 - DEBUG - Inserted dish_price ID 113832: Medium = $22.75
2026-01-08 15:26:15,427 - INFO -     ✓ Medium: $22.75 (dsv_id: 3)
2026-01-08 15:26:15,520 - DEBUG - Inserted dish_price ID 113833: Large = $28.3
2026-01-08 15:26:15,521 - INFO -     ✓ Large: $28.30 (dsv_id: 4)
2026-01-08 15:26:15,610 - DEBUG - Inserted dish_price ID 113834: X-Large = $37.5
2026-01-08 15:26:15,611 - INFO -     ✓ X-Large: $37.50 (dsv_id: 5)
2026-01-08 15:26:16,122 - INFO -   [25/117] Pepperoni Lovers (ID: 160779)
2026-01-08 15:26:16,122 - DEBUG -     URL: https://menuadmin.menu.ca/?p=restaurants&display=editRestaurant&restaurant=257&load=editDish&showLang=en&menuEntry=25350
2026-01-08 15:26:17,575 - DEBUG -     Price: '14.95,22.75,28.30,37.50', Quantity: 'Small,Medium,Large,X-Large'
2026-01-08 15:26:17,667 - DEBUG - Inserted dish_price ID 113835: Small = $14.95
2026-01-08 15:26:17,667 - INFO -     ✓ Small: $14.95 (dsv_id: 2)
2026-01-08 15:26:17,758 - DEBUG - Inserted dish_price ID 113836: Medium = $22.75
2026-01-08 15:26:17,759 - INFO -     ✓ Medium: $22.75 (dsv_id: 3)
2026-01-08 15:26:17,843 - DEBUG - Inserted dish_price ID 113837: Large = $28.3
2026-01-08 15:26:17,844 - INFO -     ✓ Large: $28.30 (dsv_id: 4)
2026-01-08 15:26:17,933 - DEBUG - Inserted dish_price ID 113838: X-Large = $37.5
2026-01-08 15:26:17,933 - INFO -     ✓ X-Large: $37.50 (dsv_id: 5)
2026-01-08 15:26:18,439 - INFO -   [26/117] Double Trouble (ID: 160780)
2026-01-08 15:26:18,440 - DEBUG -     URL: https://menuadmin.menu.ca/?p=restaurants&display=editRestaurant&restaurant=257&load=editDish&showLang=en&menuEntry=25351
2026-01-08 15:26:19,837 - DEBUG -     Price: '14.95,22.75,28.30,37.50', Quantity: 'Small,Medium,Large,X-Large'
2026-01-08 15:26:19,946 - DEBUG - Inserted dish_price ID 113839: Small = $14.95
2026-01-08 15:26:19,946 - INFO -     ✓ Small: $14.95 (dsv_id: 2)
2026-01-08 15:26:20,049 - DEBUG - Inserted dish_price ID 113840: Medium = $22.75
2026-01-08 15:26:20,049 - INFO -     ✓ Medium: $22.75 (dsv_id: 3)
2026-01-08 15:26:20,149 - DEBUG - Inserted dish_price ID 113841: Large = $28.3
2026-01-08 15:26:20,149 - INFO -     ✓ Large: $28.30 (dsv_id: 4)
2026-01-08 15:26:20,246 - DEBUG - Inserted dish_price ID 113842: X-Large = $37.5
2026-01-08 15:26:20,246 - INFO -     ✓ X-Large: $37.50 (dsv_id: 5)
2026-01-08 15:26:20,752 - INFO -   [27/117] Poutine Pizza (ID: 160781)
2026-01-08 15:26:20,752 - DEBUG -     URL: https://menuadmin.menu.ca/?p=restaurants&display=editRestaurant&restaurant=257&load=editDish&showLang=en&menuEntry=56944
2026-01-08 15:26:22,157 - DEBUG -     Price: '14.95,22.75,28.30,37.50', Quantity: 'Small,Medium,Large,X-Large'
2026-01-08 15:26:22,251 - DEBUG - Inserted dish_price ID 113843: Small = $14.95
2026-01-08 15:26:22,251 - INFO -     ✓ Small: $14.95 (dsv_id: 2)
2026-01-08 15:26:22,360 - DEBUG - Inserted dish_price ID 113844: Medium = $22.75
2026-01-08 15:26:22,361 - INFO -     ✓ Medium: $22.75 (dsv_id: 3)
2026-01-08 15:26:22,445 - DEBUG - Inserted dish_price ID 113845: Large = $28.3
2026-01-08 15:26:22,446 - INFO -     ✓ Large: $28.30 (dsv_id: 4)
2026-01-08 15:26:22,547 - DEBUG - Inserted dish_price ID 113846: X-Large = $37.5
2026-01-08 15:26:22,547 - INFO -     ✓ X-Large: $37.50 (dsv_id: 5)
2026-01-08 15:26:23,053 - INFO -   [28/117] Prosciutto White Pizza (ID: 160782)
2026-01-08 15:26:23,054 - DEBUG -     URL: https://menuadmin.menu.ca/?p=restaurants&display=editRestaurant&restaurant=257&load=editDish&showLang=en&menuEntry=29698
2026-01-08 15:26:24,465 - DEBUG -     Price: '14.95,22.75,28.30,37.50', Quantity: 'Small,Medium,Large,X-Large'
2026-01-08 15:26:24,564 - DEBUG - Inserted dish_price ID 113847: Small = $14.95
2026-01-08 15:26:24,564 - INFO -     ✓ Small: $14.95 (dsv_id: 2)
2026-01-08 15:26:24,654 - DEBUG - Inserted dish_price ID 113848: Medium = $22.75
2026-01-08 15:26:24,654 - INFO -     ✓ Medium: $22.75 (dsv_id: 3)
2026-01-08 15:26:24,743 - DEBUG - Inserted dish_price ID 113849: Large = $28.3
2026-01-08 15:26:24,744 - INFO -     ✓ Large: $28.30 (dsv_id: 4)
2026-01-08 15:26:24,833 - DEBUG - Inserted dish_price ID 113850: X-Large = $37.5
2026-01-08 15:26:24,833 - INFO -     ✓ X-Large: $37.50 (dsv_id: 5)
2026-01-08 15:26:25,339 - INFO -   [29/117] Godfather (ID: 160783)
2026-01-08 15:26:25,340 - DEBUG -     URL: https://menuadmin.menu.ca/?p=restaurants&display=editRestaurant&restaurant=257&load=editDish&showLang=en&menuEntry=25348
2026-01-08 15:26:26,744 - DEBUG -     Price: '14.95,22.75,28.30,37.50', Quantity: 'Small,Medium,Large,X-Large'
2026-01-08 15:26:26,842 - DEBUG - Inserted dish_price ID 113851: Small = $14.95
2026-01-08 15:26:26,843 - INFO -     ✓ Small: $14.95 (dsv_id: 2)
2026-01-08 15:26:26,936 - DEBUG - Inserted dish_price ID 113852: Medium = $22.75
2026-01-08 15:26:26,936 - INFO -     ✓ Medium: $22.75 (dsv_id: 3)
2026-01-08 15:26:27,026 - DEBUG - Inserted dish_price ID 113853: Large = $28.3
2026-01-08 15:26:27,026 - INFO -     ✓ Large: $28.30 (dsv_id: 4)
2026-01-08 15:26:27,118 - DEBUG - Inserted dish_price ID 113854: X-Large = $37.5
2026-01-08 15:26:27,118 - INFO -     ✓ X-Large: $37.50 (dsv_id: 5)
2026-01-08 15:26:27,628 - INFO -   [30/117] La Margherita (ID: 160784)
2026-01-08 15:26:27,629 - DEBUG -     URL: https://menuadmin.menu.ca/?p=restaurants&display=editRestaurant&restaurant=257&load=editDish&showLang=en&menuEntry=29701
2026-01-08 15:26:29,022 - DEBUG -     Price: '14.95,22.75,28.30,37.50', Quantity: 'Small,Medium,Large,X-Large'
2026-01-08 15:26:29,124 - DEBUG - Inserted dish_price ID 113855: Small = $14.95
2026-01-08 15:26:29,124 - INFO -     ✓ Small: $14.95 (dsv_id: 2)
2026-01-08 15:26:29,241 - DEBUG - Inserted dish_price ID 113856: Medium = $22.75
2026-01-08 15:26:29,241 - INFO -     ✓ Medium: $22.75 (dsv_id: 3)
2026-01-08 15:26:29,332 - DEBUG - Inserted dish_price ID 113857: Large = $28.3
2026-01-08 15:26:29,332 - INFO -     ✓ Large: $28.30 (dsv_id: 4)
2026-01-08 15:26:29,422 - DEBUG - Inserted dish_price ID 113858: X-Large = $37.5
2026-01-08 15:26:29,423 - INFO -     ✓ X-Large: $37.50 (dsv_id: 5)
2026-01-08 15:26:29,925 - INFO -   [31/117] Garlic Lovers Pizza (ID: 160785)
2026-01-08 15:26:29,925 - DEBUG -     URL: https://menuadmin.menu.ca/?p=restaurants&display=editRestaurant&restaurant=257&load=editDish&showLang=en&menuEntry=90122
2026-01-08 15:26:31,364 - DEBUG -     Price: '14.95,22.75,28.30,37.50', Quantity: 'Small,Medium,Large,X-Large'
2026-01-08 15:26:31,451 - DEBUG - Inserted dish_price ID 113859: Small = $14.95
2026-01-08 15:26:31,451 - INFO -     ✓ Small: $14.95 (dsv_id: 2)
2026-01-08 15:26:31,542 - DEBUG - Inserted dish_price ID 113860: Medium = $22.75
2026-01-08 15:26:31,543 - INFO -     ✓ Medium: $22.75 (dsv_id: 3)
2026-01-08 15:26:31,635 - DEBUG - Inserted dish_price ID 113861: Large = $28.3
2026-01-08 15:26:31,635 - INFO -     ✓ Large: $28.30 (dsv_id: 4)
2026-01-08 15:26:31,729 - DEBUG - Inserted dish_price ID 113862: X-Large = $37.5
2026-01-08 15:26:31,729 - INFO -     ✓ X-Large: $37.50 (dsv_id: 5)
2026-01-08 15:26:32,243 - INFO -   [32/117] Dani Boy Special (ID: 160786)
2026-01-08 15:26:32,244 - DEBUG -     URL: https://menuadmin.menu.ca/?p=restaurants&display=editRestaurant&restaurant=257&load=editDish&showLang=en&menuEntry=56936
2026-01-08 15:26:33,644 - DEBUG -     Price: '14.95,22.75,28.30,37.50', Quantity: 'Small,Medium,Large,X-Large'
2026-01-08 15:26:33,746 - DEBUG - Inserted dish_price ID 113863: Small = $14.95
2026-01-08 15:26:33,746 - INFO -     ✓ Small: $14.95 (dsv_id: 2)
2026-01-08 15:26:33,834 - DEBUG - Inserted dish_price ID 113864: Medium = $22.75
2026-01-08 15:26:33,834 - INFO -     ✓ Medium: $22.75 (dsv_id: 3)
2026-01-08 15:26:33,922 - DEBUG - Inserted dish_price ID 113865: Large = $28.3
2026-01-08 15:26:33,922 - INFO -     ✓ Large: $28.30 (dsv_id: 4)
2026-01-08 15:26:34,020 - DEBUG - Inserted dish_price ID 113866: X-Large = $37.5
2026-01-08 15:26:34,020 - INFO -     ✓ X-Large: $37.50 (dsv_id: 5)
2026-01-08 15:26:34,529 - INFO -   [33/117] New Yorker Pizza (ID: 160787)
2026-01-08 15:26:34,529 - DEBUG -     URL: https://menuadmin.menu.ca/?p=restaurants&display=editRestaurant&restaurant=257&load=editDish&showLang=en&menuEntry=25349
2026-01-08 15:26:35,948 - DEBUG -     Price: '14.95,22.75,28.30,37.50', Quantity: 'Small,Medium,Large,X-Large'
2026-01-08 15:26:36,038 - DEBUG - Inserted dish_price ID 113867: Small = $14.95
2026-01-08 15:26:36,038 - INFO -     ✓ Small: $14.95 (dsv_id: 2)
2026-01-08 15:26:36,128 - DEBUG - Inserted dish_price ID 113868: Medium = $22.75
2026-01-08 15:26:36,128 - INFO -     ✓ Medium: $22.75 (dsv_id: 3)
2026-01-08 15:26:36,217 - DEBUG - Inserted dish_price ID 113869: Large = $28.3
2026-01-08 15:26:36,217 - INFO -     ✓ Large: $28.30 (dsv_id: 4)
2026-01-08 15:26:36,311 - DEBUG - Inserted dish_price ID 113870: X-Large = $37.5
2026-01-08 15:26:36,312 - INFO -     ✓ X-Large: $37.50 (dsv_id: 5)
2026-01-08 15:26:36,819 - INFO -   [34/117] Nacho Pizza (ID: 160788)
2026-01-08 15:26:36,820 - DEBUG -     URL: https://menuadmin.menu.ca/?p=restaurants&display=editRestaurant&restaurant=257&load=editDish&showLang=en&menuEntry=56941
2026-01-08 15:26:38,788 - DEBUG -     Price: '14.95,22.75,28.30,37.50', Quantity: 'Small,Medium,Large,X-Large'
2026-01-08 15:26:38,877 - DEBUG - Inserted dish_price ID 113871: Small = $14.95
2026-01-08 15:26:38,877 - INFO -     ✓ Small: $14.95 (dsv_id: 2)
2026-01-08 15:26:38,963 - DEBUG - Inserted dish_price ID 113872: Medium = $22.75
2026-01-08 15:26:38,963 - INFO -     ✓ Medium: $22.75 (dsv_id: 3)
2026-01-08 15:26:39,050 - DEBUG - Inserted dish_price ID 113873: Large = $28.3
2026-01-08 15:26:39,050 - INFO -     ✓ Large: $28.30 (dsv_id: 4)
2026-01-08 15:26:39,139 - DEBUG - Inserted dish_price ID 113874: X-Large = $37.5
2026-01-08 15:26:39,139 - INFO -     ✓ X-Large: $37.50 (dsv_id: 5)
2026-01-08 15:26:39,646 - INFO -   [35/117] Woww Pizza (ID: 160789)
2026-01-08 15:26:39,647 - DEBUG -     URL: https://menuadmin.menu.ca/?p=restaurants&display=editRestaurant&restaurant=257&load=editDish&showLang=en&menuEntry=96380
2026-01-08 15:26:41,092 - DEBUG -     Price: '14.95,22.75,28.30,37.50', Quantity: 'Small,Medium,Large,X-Large'
2026-01-08 15:26:41,197 - DEBUG - Inserted dish_price ID 113875: Small = $14.95
2026-01-08 15:26:41,197 - INFO -     ✓ Small: $14.95 (dsv_id: 2)
2026-01-08 15:26:41,294 - DEBUG - Inserted dish_price ID 113876: Medium = $22.75
2026-01-08 15:26:41,294 - INFO -     ✓ Medium: $22.75 (dsv_id: 3)
2026-01-08 15:26:41,392 - DEBUG - Inserted dish_price ID 113877: Large = $28.3
2026-01-08 15:26:41,392 - INFO -     ✓ Large: $28.30 (dsv_id: 4)
2026-01-08 15:26:41,488 - DEBUG - Inserted dish_price ID 113878: X-Large = $37.5
2026-01-08 15:26:41,488 - INFO -     ✓ X-Large: $37.50 (dsv_id: 5)
2026-01-08 15:26:41,992 - INFO -   [36/117] Soprano Pizza (ID: 160790)
2026-01-08 15:26:41,992 - DEBUG -     URL: https://menuadmin.menu.ca/?p=restaurants&display=editRestaurant&restaurant=257&load=editDish&showLang=en&menuEntry=96381
2026-01-08 15:26:43,418 - DEBUG -     Price: '14.95,22.75,28.30,37.50', Quantity: 'Small,Medium,Large,X-Large'
2026-01-08 15:26:43,527 - DEBUG - Inserted dish_price ID 113879: Small = $14.95
2026-01-08 15:26:43,527 - INFO -     ✓ Small: $14.95 (dsv_id: 2)
2026-01-08 15:26:43,618 - DEBUG - Inserted dish_price ID 113880: Medium = $22.75
2026-01-08 15:26:43,619 - INFO -     ✓ Medium: $22.75 (dsv_id: 3)
2026-01-08 15:26:43,709 - DEBUG - Inserted dish_price ID 113881: Large = $28.3
2026-01-08 15:26:43,709 - INFO -     ✓ Large: $28.30 (dsv_id: 4)
2026-01-08 15:26:43,803 - DEBUG - Inserted dish_price ID 113882: X-Large = $37.5
2026-01-08 15:26:43,803 - INFO -     ✓ X-Large: $37.50 (dsv_id: 5)
2026-01-08 15:26:44,307 - INFO -   [37/117] Butter Chicken Pizza (ID: 160791)
2026-01-08 15:26:44,308 - DEBUG -     URL: https://menuadmin.menu.ca/?p=restaurants&display=editRestaurant&restaurant=257&load=editDish&showLang=en&menuEntry=110941
2026-01-08 15:26:45,809 - DEBUG -     Price: '14.95,22.75,28.30,37.50', Quantity: 'Small,Medium,Large,X-Large'
2026-01-08 15:26:45,899 - DEBUG - Inserted dish_price ID 113883: Small = $14.95
2026-01-08 15:26:45,900 - INFO -     ✓ Small: $14.95 (dsv_id: 2)
2026-01-08 15:26:45,992 - DEBUG - Inserted dish_price ID 113884: Medium = $22.75
2026-01-08 15:26:45,992 - INFO -     ✓ Medium: $22.75 (dsv_id: 3)
2026-01-08 15:26:46,084 - DEBUG - Inserted dish_price ID 113885: Large = $28.3
2026-01-08 15:26:46,085 - INFO -     ✓ Large: $28.30 (dsv_id: 4)
2026-01-08 15:26:46,177 - DEBUG - Inserted dish_price ID 113886: X-Large = $37.5
2026-01-08 15:26:46,177 - INFO -     ✓ X-Large: $37.50 (dsv_id: 5)
2026-01-08 15:26:46,685 - INFO -   [38/117] Seafood Deluxe (ID: 160792)
2026-01-08 15:26:46,686 - DEBUG -     URL: https://menuadmin.menu.ca/?p=restaurants&display=editRestaurant&restaurant=257&load=editDish&showLang=en&menuEntry=56937
2026-01-08 15:26:48,101 - DEBUG -     Price: '13.65,19.95,25.20,33.50', Quantity: 'Small,Medium,Large,X-Large'
2026-01-08 15:26:48,195 - DEBUG - Inserted dish_price ID 113887: Small = $13.65
2026-01-08 15:26:48,195 - INFO -     ✓ Small: $13.65 (dsv_id: 2)
2026-01-08 15:26:48,287 - DEBUG - Inserted dish_price ID 113888: Medium = $19.95
2026-01-08 15:26:48,288 - INFO -     ✓ Medium: $19.95 (dsv_id: 3)
2026-01-08 15:26:48,380 - DEBUG - Inserted dish_price ID 113889: Large = $25.2
2026-01-08 15:26:48,380 - INFO -     ✓ Large: $25.20 (dsv_id: 4)
2026-01-08 15:26:48,471 - DEBUG - Inserted dish_price ID 113890: X-Large = $33.5
2026-01-08 15:26:48,471 - INFO -     ✓ X-Large: $33.50 (dsv_id: 5)
2026-01-08 15:26:48,984 - INFO -   [39/117] Plain (ID: 160793)
2026-01-08 15:26:48,984 - DEBUG -     URL: https://menuadmin.menu.ca/?p=restaurants&display=editRestaurant&restaurant=257&load=editDish&showLang=en&menuEntry=25353
2026-01-08 15:26:50,381 - DEBUG -     Price: '12.55,18.55,24.20,33.55', Quantity: 'Small,Medium,Large,X-Large'
2026-01-08 15:26:50,512 - DEBUG - Inserted dish_price ID 113891: Small = $12.55
2026-01-08 15:26:50,512 - INFO -     ✓ Small: $12.55 (dsv_id: 2)
2026-01-08 15:26:50,609 - DEBUG - Inserted dish_price ID 113892: Medium = $18.55
2026-01-08 15:26:50,609 - INFO -     ✓ Medium: $18.55 (dsv_id: 3)
2026-01-08 15:26:50,713 - DEBUG - Inserted dish_price ID 113893: Large = $24.2
2026-01-08 15:26:50,713 - INFO -     ✓ Large: $24.20 (dsv_id: 4)
2026-01-08 15:26:50,816 - DEBUG - Inserted dish_price ID 113894: X-Large = $33.55
2026-01-08 15:26:50,816 - INFO -     ✓ X-Large: $33.55 (dsv_id: 5)
2026-01-08 15:26:51,328 - INFO -   [40/117] One Topping (ID: 160794)
2026-01-08 15:26:51,328 - DEBUG -     URL: https://menuadmin.menu.ca/?p=restaurants&display=editRestaurant&restaurant=257&load=editDish&showLang=en&menuEntry=25354
2026-01-08 15:26:52,766 - DEBUG -     Price: '12.95,19.65,25.25,34.75', Quantity: 'Small,Medium,Large,X-Large'
2026-01-08 15:26:52,880 - DEBUG - Inserted dish_price ID 113895: Small = $12.95
2026-01-08 15:26:52,880 - INFO -     ✓ Small: $12.95 (dsv_id: 2)
2026-01-08 15:26:52,964 - DEBUG - Inserted dish_price ID 113896: Medium = $19.65
2026-01-08 15:26:52,965 - INFO -     ✓ Medium: $19.65 (dsv_id: 3)
2026-01-08 15:26:53,054 - DEBUG - Inserted dish_price ID 113897: Large = $25.25
2026-01-08 15:26:53,055 - INFO -     ✓ Large: $25.25 (dsv_id: 4)
2026-01-08 15:26:53,146 - DEBUG - Inserted dish_price ID 113898: X-Large = $34.75
2026-01-08 15:26:53,147 - INFO -     ✓ X-Large: $34.75 (dsv_id: 5)
2026-01-08 15:26:53,651 - INFO -   [41/117] Two Toppings (ID: 160795)
2026-01-08 15:26:53,651 - DEBUG -     URL: https://menuadmin.menu.ca/?p=restaurants&display=editRestaurant&restaurant=257&load=editDish&showLang=en&menuEntry=25355
2026-01-08 15:26:55,052 - DEBUG -     Price: '13.65,20.75,26.35,35.85', Quantity: 'Small,Medium,Large,X-Large'
2026-01-08 15:26:55,142 - DEBUG - Inserted dish_price ID 113899: Small = $13.65
2026-01-08 15:26:55,142 - INFO -     ✓ Small: $13.65 (dsv_id: 2)
2026-01-08 15:26:55,230 - DEBUG - Inserted dish_price ID 113900: Medium = $20.75
2026-01-08 15:26:55,230 - INFO -     ✓ Medium: $20.75 (dsv_id: 3)
2026-01-08 15:26:55,327 - DEBUG - Inserted dish_price ID 113901: Large = $26.35
2026-01-08 15:26:55,327 - INFO -     ✓ Large: $26.35 (dsv_id: 4)
2026-01-08 15:26:55,420 - DEBUG - Inserted dish_price ID 113902: X-Large = $35.85
2026-01-08 15:26:55,420 - INFO -     ✓ X-Large: $35.85 (dsv_id: 5)
2026-01-08 15:26:55,937 - INFO -   [42/117] Three Toppings (ID: 160796)
2026-01-08 15:26:55,938 - DEBUG -     URL: https://menuadmin.menu.ca/?p=restaurants&display=editRestaurant&restaurant=257&load=editDish&showLang=en&menuEntry=25356
2026-01-08 15:26:57,344 - DEBUG -     Price: '14.65,21.85,27.55,36.75', Quantity: 'Small,Medium,Large,X-Large'
2026-01-08 15:26:57,440 - DEBUG - Inserted dish_price ID 113903: Small = $14.65
2026-01-08 15:26:57,440 - INFO -     ✓ Small: $14.65 (dsv_id: 2)
2026-01-08 15:26:57,531 - DEBUG - Inserted dish_price ID 113904: Medium = $21.85
2026-01-08 15:26:57,532 - INFO -     ✓ Medium: $21.85 (dsv_id: 3)
2026-01-08 15:26:57,630 - DEBUG - Inserted dish_price ID 113905: Large = $27.55
2026-01-08 15:26:57,630 - INFO -     ✓ Large: $27.55 (dsv_id: 4)
2026-01-08 15:26:57,722 - DEBUG - Inserted dish_price ID 113906: X-Large = $36.75
2026-01-08 15:26:57,722 - INFO -     ✓ X-Large: $36.75 (dsv_id: 5)
2026-01-08 15:26:58,227 - INFO -   [43/117] 1 Topping Twin Special (ID: 160797)
2026-01-08 15:26:58,227 - DEBUG -     URL: https://menuadmin.menu.ca/?p=restaurants&display=editRestaurant&restaurant=257&load=editDish&showLang=en&menuEntry=25357
2026-01-08 15:26:59,667 - DEBUG -     Price: '16.50,22.50,27.50', Quantity: '2 x Small,2 x Medium,2 x Large'
2026-01-08 15:26:59,757 - DEBUG - Inserted dish_price ID 113907: Small = $16.5
2026-01-08 15:26:59,757 - INFO -     ✓ Small: $16.50 (dsv_id: 2)
2026-01-08 15:26:59,846 - DEBUG - Inserted dish_price ID 113908: Medium = $22.5
2026-01-08 15:26:59,846 - INFO -     ✓ Medium: $22.50 (dsv_id: 3)
2026-01-08 15:26:59,931 - DEBUG - Inserted dish_price ID 113909: Large = $27.5
2026-01-08 15:26:59,931 - INFO -     ✓ Large: $27.50 (dsv_id: 4)
2026-01-08 15:27:00,439 - INFO -   [44/117] 2 Toppings Twin Special (ID: 160798)
2026-01-08 15:27:00,439 - DEBUG -     URL: https://menuadmin.menu.ca/?p=restaurants&display=editRestaurant&restaurant=257&load=editDish&showLang=en&menuEntry=25358
2026-01-08 15:27:01,880 - DEBUG -     Price: '17.50,24.50,30.50', Quantity: '2 x Small,2 x Medium,2 x Large'
2026-01-08 15:27:01,991 - DEBUG - Inserted dish_price ID 113910: Small = $17.5
2026-01-08 15:27:01,991 - INFO -     ✓ Small: $17.50 (dsv_id: 2)
2026-01-08 15:27:02,085 - DEBUG - Inserted dish_price ID 113911: Medium = $24.5
2026-01-08 15:27:02,085 - INFO -     ✓ Medium: $24.50 (dsv_id: 3)
2026-01-08 15:27:02,178 - DEBUG - Inserted dish_price ID 113912: Large = $30.5
2026-01-08 15:27:02,178 - INFO -     ✓ Large: $30.50 (dsv_id: 4)
2026-01-08 15:27:02,687 - INFO -   [45/117] 3 Toppings Twin Special (ID: 160799)
2026-01-08 15:27:02,687 - DEBUG -     URL: https://menuadmin.menu.ca/?p=restaurants&display=editRestaurant&restaurant=257&load=editDish&showLang=en&menuEntry=25359
2026-01-08 15:27:04,154 - DEBUG -     Price: '19.50,27.50,32.50', Quantity: '2 x Small,2 x Medium,2 x Large'
2026-01-08 15:27:04,250 - DEBUG - Inserted dish_price ID 113913: Small = $19.5
2026-01-08 15:27:04,250 - INFO -     ✓ Small: $19.50 (dsv_id: 2)
2026-01-08 15:27:04,358 - DEBUG - Inserted dish_price ID 113914: Medium = $27.5
2026-01-08 15:27:04,358 - INFO -     ✓ Medium: $27.50 (dsv_id: 3)
2026-01-08 15:27:04,451 - DEBUG - Inserted dish_price ID 113915: Large = $32.5
2026-01-08 15:27:04,452 - INFO -     ✓ Large: $32.50 (dsv_id: 4)
2026-01-08 15:27:04,959 - INFO -   [46/117] Big D’S Favourites (ID: 160800)
2026-01-08 15:27:04,959 - DEBUG -     URL: https://menuadmin.menu.ca/?p=restaurants&display=editRestaurant&restaurant=257&load=editDish&showLang=en&menuEntry=29270
2026-01-08 15:27:06,387 - DEBUG -     Price: '12.99', Quantity: '12"'
2026-01-08 15:27:06,477 - DEBUG - Inserted dish_price ID 113916: 12" = $12.99
2026-01-08 15:27:06,477 - INFO -     ✓ 12": $12.99 (dsv_id: 20)
2026-01-08 15:27:06,983 - INFO -   [47/117] Cheese Steak (ID: 160801)
2026-01-08 15:27:06,983 - DEBUG -     URL: https://menuadmin.menu.ca/?p=restaurants&display=editRestaurant&restaurant=257&load=editDish&showLang=en&menuEntry=25360
2026-01-08 15:27:08,389 - DEBUG -     Price: '12.99', Quantity: '12"'
2026-01-08 15:27:08,479 - DEBUG - Inserted dish_price ID 113917: 12" = $12.99
2026-01-08 15:27:08,479 - INFO -     ✓ 12": $12.99 (dsv_id: 20)
2026-01-08 15:27:08,988 - INFO -   [48/117] Club Sub (ID: 160802)
2026-01-08 15:27:08,989 - DEBUG -     URL: https://menuadmin.menu.ca/?p=restaurants&display=editRestaurant&restaurant=257&load=editDish&showLang=en&menuEntry=25361
2026-01-08 15:27:10,394 - DEBUG -     Price: '12.15', Quantity: '12"'
2026-01-08 15:27:10,526 - DEBUG - Inserted dish_price ID 113918: 12" = $12.15
2026-01-08 15:27:10,526 - INFO -     ✓ 12": $12.15 (dsv_id: 20)
2026-01-08 15:27:11,029 - INFO -   [49/117] Meatball Sub (ID: 160803)
2026-01-08 15:27:11,030 - DEBUG -     URL: https://menuadmin.menu.ca/?p=restaurants&display=editRestaurant&restaurant=257&load=editDish&showLang=en&menuEntry=25363
2026-01-08 15:27:12,450 - DEBUG -     Price: '11.15', Quantity: '12"'
2026-01-08 15:27:12,540 - DEBUG - Inserted dish_price ID 113919: 12" = $11.15
2026-01-08 15:27:12,541 - INFO -     ✓ 12": $11.15 (dsv_id: 20)
2026-01-08 15:27:13,046 - INFO -   [50/117] Chicken Parmesan Sub (ID: 160804)
2026-01-08 15:27:13,046 - DEBUG -     URL: https://menuadmin.menu.ca/?p=restaurants&display=editRestaurant&restaurant=257&load=editDish&showLang=en&menuEntry=86927
2026-01-08 15:27:14,498 - DEBUG -     Price: '12.49', Quantity: '12"'
2026-01-08 15:27:14,592 - DEBUG - Inserted dish_price ID 113920: 12" = $12.49
2026-01-08 15:27:14,592 - INFO -     ✓ 12": $12.49 (dsv_id: 20)
2026-01-08 15:27:15,094 - INFO -   [51/117] Pizza Sub (ID: 160805)
2026-01-08 15:27:15,094 - DEBUG -     URL: https://menuadmin.menu.ca/?p=restaurants&display=editRestaurant&restaurant=257&load=editDish&showLang=en&menuEntry=25364
2026-01-08 15:27:16,507 - DEBUG -     Price: '12.15', Quantity: '12"'
2026-01-08 15:27:16,601 - DEBUG - Inserted dish_price ID 113921: 12" = $12.15
2026-01-08 15:27:16,601 - INFO -     ✓ 12": $12.15 (dsv_id: 20)
2026-01-08 15:27:17,104 - INFO -   [52/117] Greek Sub (ID: 160806)
2026-01-08 15:27:17,104 - DEBUG -     URL: https://menuadmin.menu.ca/?p=restaurants&display=editRestaurant&restaurant=257&load=editDish&showLang=en&menuEntry=25365
2026-01-08 15:27:18,495 - DEBUG -     Price: '12.99', Quantity: '12"'
2026-01-08 15:27:18,585 - DEBUG - Inserted dish_price ID 113922: 12" = $12.99
2026-01-08 15:27:18,585 - INFO -     ✓ 12": $12.99 (dsv_id: 20)
2026-01-08 15:27:19,090 - INFO -   [53/117] Heart Attack Supreme (ID: 160807)
2026-01-08 15:27:19,091 - DEBUG -     URL: https://menuadmin.menu.ca/?p=restaurants&display=editRestaurant&restaurant=257&load=editDish&showLang=en&menuEntry=29269
2026-01-08 15:27:20,494 - DEBUG -     Price: '14.25', Quantity: '12"'
2026-01-08 15:27:20,592 - DEBUG - Inserted dish_price ID 113923: 12" = $14.25
2026-01-08 15:27:20,593 - INFO -     ✓ 12": $14.25 (dsv_id: 20)
2026-01-08 15:27:21,098 - INFO -   [54/117] Crispy Chicken Sub (ID: 160808)
2026-01-08 15:27:21,098 - DEBUG -     URL: https://menuadmin.menu.ca/?p=restaurants&display=editRestaurant&restaurant=257&load=editDish&showLang=en&menuEntry=25362
2026-01-08 15:27:22,536 - DEBUG -     Price: '12.49', Quantity: '12"'
2026-01-08 15:27:22,628 - DEBUG - Inserted dish_price ID 113924: 12" = $12.49
2026-01-08 15:27:22,628 - INFO -     ✓ 12": $12.49 (dsv_id: 20)
2026-01-08 15:27:23,133 - INFO -   [55/117] Spaghetti with Meat Sauce (ID: 160809)
2026-01-08 15:27:23,134 - DEBUG -     URL: https://menuadmin.menu.ca/?p=restaurants&display=editRestaurant&restaurant=257&load=editDish&showLang=en&menuEntry=25368
2026-01-08 15:27:24,530 - DEBUG -     Price: '13.99', Quantity: ''
2026-01-08 15:27:24,621 - DEBUG - Inserted dish_price ID 113925: Standard = $13.99
2026-01-08 15:27:24,621 - INFO -     ✓ Standard: $13.99 (dsv_id: 1)
2026-01-08 15:27:25,127 - INFO -   [56/117] Chicken Parmesan with Spaghetti (ID: 160810)
2026-01-08 15:27:25,128 - DEBUG -     URL: https://menuadmin.menu.ca/?p=restaurants&display=editRestaurant&restaurant=257&load=editDish&showLang=en&menuEntry=25371
2026-01-08 15:27:26,545 - DEBUG -     Price: '16.50', Quantity: ''
2026-01-08 15:27:26,643 - DEBUG - Inserted dish_price ID 113926: Standard = $16.5
2026-01-08 15:27:26,643 - INFO -     ✓ Standard: $16.50 (dsv_id: 1)
2026-01-08 15:27:27,146 - INFO -   [57/117] Lasagna (ID: 160811)
2026-01-08 15:27:27,146 - DEBUG -     URL: https://menuadmin.menu.ca/?p=restaurants&display=editRestaurant&restaurant=257&load=editDish&showLang=en&menuEntry=25369
2026-01-08 15:27:28,559 - DEBUG -     Price: '13.99', Quantity: ''
2026-01-08 15:27:28,650 - DEBUG - Inserted dish_price ID 113927: Standard = $13.99
2026-01-08 15:27:28,650 - INFO -     ✓ Standard: $13.99 (dsv_id: 1)
2026-01-08 15:27:29,157 - INFO -   [58/117] Riverside Lasagna (ID: 160812)
2026-01-08 15:27:29,158 - DEBUG -     URL: https://menuadmin.menu.ca/?p=restaurants&display=editRestaurant&restaurant=257&load=editDish&showLang=en&menuEntry=25370
2026-01-08 15:27:30,560 - DEBUG -     Price: '16.50', Quantity: ''
2026-01-08 15:27:30,659 - DEBUG - Inserted dish_price ID 113928: Standard = $16.5
2026-01-08 15:27:30,660 - INFO -     ✓ Standard: $16.50 (dsv_id: 1)
2026-01-08 15:27:31,163 - INFO -   [59/117] Fettuccine Alfredo (ID: 160813)
2026-01-08 15:27:31,163 - DEBUG -     URL: https://menuadmin.menu.ca/?p=restaurants&display=editRestaurant&restaurant=257&load=editDish&showLang=en&menuEntry=25372
2026-01-08 15:27:32,608 - DEBUG -     Price: '15.99', Quantity: ''
2026-01-08 15:27:32,697 - DEBUG - Inserted dish_price ID 113929: Standard = $15.99
2026-01-08 15:27:32,697 - INFO -     ✓ Standard: $15.99 (dsv_id: 1)
2026-01-08 15:27:33,203 - INFO -   [60/117] Tortellini Three Cheese (ID: 160814)
2026-01-08 15:27:33,204 - DEBUG -     URL: https://menuadmin.menu.ca/?p=restaurants&display=editRestaurant&restaurant=257&load=editDish&showLang=en&menuEntry=91808
2026-01-08 15:27:34,609 - DEBUG -     Price: '15.99', Quantity: ''
2026-01-08 15:27:34,705 - DEBUG - Inserted dish_price ID 113930: Standard = $15.99
2026-01-08 15:27:34,705 - INFO -     ✓ Standard: $15.99 (dsv_id: 1)
2026-01-08 15:27:35,212 - INFO -   [61/117] Pennie Primavera (ID: 160815)
2026-01-08 15:27:35,212 - DEBUG -     URL: https://menuadmin.menu.ca/?p=restaurants&display=editRestaurant&restaurant=257&load=editDish&showLang=en&menuEntry=91809
2026-01-08 15:27:36,657 - DEBUG -     Price: '12.99', Quantity: ''
2026-01-08 15:27:36,752 - DEBUG - Inserted dish_price ID 113931: Standard = $12.99
2026-01-08 15:27:36,752 - INFO -     ✓ Standard: $12.99 (dsv_id: 1)
2026-01-08 15:27:37,260 - INFO -   [62/117] Pennie with Sausage (ID: 160816)
2026-01-08 15:27:37,260 - DEBUG -     URL: https://menuadmin.menu.ca/?p=restaurants&display=editRestaurant&restaurant=257&load=editDish&showLang=en&menuEntry=91811
2026-01-08 15:27:38,673 - DEBUG -     Price: '12.99', Quantity: ''
2026-01-08 15:27:38,763 - DEBUG - Inserted dish_price ID 113932: Standard = $12.99
2026-01-08 15:27:38,764 - INFO -     ✓ Standard: $12.99 (dsv_id: 1)
2026-01-08 15:27:39,272 - INFO -   [63/117] Pennie with Shrimp (ID: 160817)
2026-01-08 15:27:39,272 - DEBUG -     URL: https://menuadmin.menu.ca/?p=restaurants&display=editRestaurant&restaurant=257&load=editDish&showLang=en&menuEntry=91810
2026-01-08 15:27:40,672 - DEBUG -     Price: '12.75', Quantity: ''
2026-01-08 15:27:40,761 - DEBUG - Inserted dish_price ID 113933: Standard = $12.75
2026-01-08 15:27:40,761 - INFO -     ✓ Standard: $12.75 (dsv_id: 1)
2026-01-08 15:27:41,265 - INFO -   [64/117] Ravioli (ID: 160818)
2026-01-08 15:27:41,265 - DEBUG -     URL: https://menuadmin.menu.ca/?p=restaurants&display=editRestaurant&restaurant=257&load=editDish&showLang=en&menuEntry=25374
2026-01-08 15:27:42,704 - DEBUG -     Price: '11.50', Quantity: ''
2026-01-08 15:27:42,789 - DEBUG - Inserted dish_price ID 113934: Standard = $11.5
2026-01-08 15:27:42,789 - INFO -     ✓ Standard: $11.50 (dsv_id: 1)
2026-01-08 15:27:43,294 - INFO -   [65/117] Gnocchi (ID: 160819)
2026-01-08 15:27:43,295 - DEBUG -     URL: https://menuadmin.menu.ca/?p=restaurants&display=editRestaurant&restaurant=257&load=editDish&showLang=en&menuEntry=25375
2026-01-08 15:27:44,699 - DEBUG -     Price: '11.50', Quantity: ''
2026-01-08 15:27:44,794 - DEBUG - Inserted dish_price ID 113935: Standard = $11.5
2026-01-08 15:27:44,794 - INFO -     ✓ Standard: $11.50 (dsv_id: 1)
2026-01-08 15:27:45,301 - INFO -   [66/117] Chef's Salad (ID: 160820)
2026-01-08 15:27:45,301 - DEBUG -     URL: https://menuadmin.menu.ca/?p=restaurants&display=editRestaurant&restaurant=257&load=editDish&showLang=en&menuEntry=25378
2026-01-08 15:27:46,721 - DEBUG -     Price: '13.95', Quantity: ''
2026-01-08 15:27:46,814 - DEBUG - Inserted dish_price ID 113936: Standard = $13.95
2026-01-08 15:27:46,814 - INFO -     ✓ Standard: $13.95 (dsv_id: 1)
2026-01-08 15:27:47,319 - INFO -   [67/117] Greek Salad (ID: 160821)
2026-01-08 15:27:47,320 - DEBUG -     URL: https://menuadmin.menu.ca/?p=restaurants&display=editRestaurant&restaurant=257&load=editDish&showLang=en&menuEntry=25379
2026-01-08 15:27:48,751 - DEBUG -     Price: '15.95', Quantity: ''
2026-01-08 15:27:48,842 - DEBUG - Inserted dish_price ID 113937: Standard = $15.95
2026-01-08 15:27:48,843 - INFO -     ✓ Standard: $15.95 (dsv_id: 1)
2026-01-08 15:27:49,358 - INFO -   [68/117] Caesar Salad (ID: 160822)
2026-01-08 15:27:49,359 - DEBUG -     URL: https://menuadmin.menu.ca/?p=restaurants&display=editRestaurant&restaurant=257&load=editDish&showLang=en&menuEntry=25380
2026-01-08 15:27:50,784 - DEBUG -     Price: '15.95', Quantity: ''
2026-01-08 15:27:50,871 - DEBUG - Inserted dish_price ID 113938: Standard = $15.95
2026-01-08 15:27:50,872 - INFO -     ✓ Standard: $15.95 (dsv_id: 1)
2026-01-08 15:27:51,379 - INFO -   [69/117] Riverside Super Salad (ID: 160823)
2026-01-08 15:27:51,380 - DEBUG -     URL: https://menuadmin.menu.ca/?p=restaurants&display=editRestaurant&restaurant=257&load=editDish&showLang=en&menuEntry=25377
2026-01-08 15:27:52,815 - DEBUG -     Price: '6.95,8.95', Quantity: 'Small,Large'
2026-01-08 15:27:52,906 - DEBUG - Inserted dish_price ID 113939: Small = $6.95
2026-01-08 15:27:52,906 - INFO -     ✓ Small: $6.95 (dsv_id: 2)
2026-01-08 15:27:53,007 - DEBUG - Inserted dish_price ID 113940: Large = $8.95
2026-01-08 15:27:53,007 - INFO -     ✓ Large: $8.95 (dsv_id: 4)
2026-01-08 15:27:53,514 - INFO -   [70/117] Classic Wings (ID: 160824)
2026-01-08 15:27:53,514 - DEBUG -     URL: https://menuadmin.menu.ca/?p=restaurants&display=editRestaurant&restaurant=257&load=editDish&showLang=en&menuEntry=25381
2026-01-08 15:27:54,942 - DEBUG -     Price: '12.95,22.95', Quantity: '10 wings,20 wings'
2026-01-08 15:27:55,179 - DEBUG - Inserted dish_price ID 113941: 10 wings = $12.95
2026-01-08 15:27:55,179 - INFO -     ✓ 10 wings: $12.95 (dsv_id: None)
2026-01-08 15:27:55,385 - DEBUG - Inserted dish_price ID 113942: 20 wings = $22.95
2026-01-08 15:27:55,386 - INFO -     ✓ 20 wings: $22.95 (dsv_id: None)
2026-01-08 15:27:55,894 - INFO -   [71/117] Breaded Wings (ID: 160825)
2026-01-08 15:27:55,895 - DEBUG -     URL: https://menuadmin.menu.ca/?p=restaurants&display=editRestaurant&restaurant=257&load=editDish&showLang=en&menuEntry=25382
2026-01-08 15:27:57,489 - DEBUG -     Price: '12.95,22.95,32.95', Quantity: '10 wings,20 wings,30 wings'
2026-01-08 15:27:57,631 - DEBUG - Inserted dish_price ID 113943: 10 wings = $12.95
2026-01-08 15:27:57,632 - INFO -     ✓ 10 wings: $12.95 (dsv_id: None)
2026-01-08 15:27:57,769 - DEBUG - Inserted dish_price ID 113944: 20 wings = $22.95
2026-01-08 15:27:57,769 - INFO -     ✓ 20 wings: $22.95 (dsv_id: None)
2026-01-08 15:27:57,975 - DEBUG - Inserted dish_price ID 113945: 30 wings = $32.95
2026-01-08 15:27:57,975 - INFO -     ✓ 30 wings: $32.95 (dsv_id: None)
2026-01-08 15:27:58,481 - INFO -   [72/117] Boneless Wings (ID: 160826)
2026-01-08 15:27:58,481 - DEBUG -     URL: https://menuadmin.menu.ca/?p=restaurants&display=editRestaurant&restaurant=257&load=editDish&showLang=en&menuEntry=83244
2026-01-08 15:27:59,999 - DEBUG -     Price: '11.95,21.95,31.95', Quantity: '10 wings,20 wings,30 wings'
2026-01-08 15:28:00,088 - DEBUG - Inserted dish_price ID 113946: 10 wings = $11.95
2026-01-08 15:28:00,088 - INFO -     ✓ 10 wings: $11.95 (dsv_id: None)
2026-01-08 15:28:00,182 - DEBUG - Inserted dish_price ID 113947: 20 wings = $21.95
2026-01-08 15:28:00,182 - INFO -     ✓ 20 wings: $21.95 (dsv_id: None)
2026-01-08 15:28:00,272 - DEBUG - Inserted dish_price ID 113948: 30 wings = $31.95
2026-01-08 15:28:00,273 - INFO -     ✓ 30 wings: $31.95 (dsv_id: None)
2026-01-08 15:28:00,780 - INFO -   [73/117] Chicken Bites (ID: 160827)
2026-01-08 15:28:00,780 - DEBUG -     URL: https://menuadmin.menu.ca/?p=restaurants&display=editRestaurant&restaurant=257&load=editDish&showLang=en&menuEntry=25383
2026-01-08 15:28:02,189 - DEBUG -     Price: '6.00,8.50,11.00', Quantity: '6 pcs,8 pcs,10 pcs'
2026-01-08 15:28:02,331 - DEBUG - Inserted dish_price ID 113949: 6 pcs = $6.0
2026-01-08 15:28:02,331 - INFO -     ✓ 6 pcs: $6.00 (dsv_id: None)
2026-01-08 15:28:02,478 - DEBUG - Inserted dish_price ID 113950: 8 pcs = $8.5
2026-01-08 15:28:02,478 - INFO -     ✓ 8 pcs: $8.50 (dsv_id: None)
2026-01-08 15:28:02,586 - DEBUG - Inserted dish_price ID 113951: 10 pcs = $11.0
2026-01-08 15:28:02,586 - INFO -     ✓ 10 pcs: $11.00 (dsv_id: None)
2026-01-08 15:28:03,094 - INFO -   [74/117] Hamburger with Fries (ID: 160828)
2026-01-08 15:28:03,094 - DEBUG -     URL: https://menuadmin.menu.ca/?p=restaurants&display=editRestaurant&restaurant=257&load=editDish&showLang=en&menuEntry=79301
2026-01-08 15:28:04,532 - DEBUG -     Price: '11.95', Quantity: ''
2026-01-08 15:28:04,626 - DEBUG - Inserted dish_price ID 113952: Standard = $11.95
2026-01-08 15:28:04,626 - INFO -     ✓ Standard: $11.95 (dsv_id: 1)
2026-01-08 15:28:05,135 - INFO -   [75/117] Cheeseburger with Fries (ID: 160829)
2026-01-08 15:28:05,135 - DEBUG -     URL: https://menuadmin.menu.ca/?p=restaurants&display=editRestaurant&restaurant=257&load=editDish&showLang=en&menuEntry=79302
2026-01-08 15:28:06,537 - DEBUG -     Price: '12.95', Quantity: ''
2026-01-08 15:28:06,630 - DEBUG - Inserted dish_price ID 113953: Standard = $12.95
2026-01-08 15:28:06,630 - INFO -     ✓ Standard: $12.95 (dsv_id: 1)
2026-01-08 15:28:07,135 - INFO -   [76/117] Bacon Cheeseburger with Fries (ID: 160830)
2026-01-08 15:28:07,135 - DEBUG -     URL: https://menuadmin.menu.ca/?p=restaurants&display=editRestaurant&restaurant=257&load=editDish&showLang=en&menuEntry=79303
2026-01-08 15:28:08,562 - DEBUG -     Price: '13.25', Quantity: ''
2026-01-08 15:28:08,652 - DEBUG - Inserted dish_price ID 113954: Standard = $13.25
2026-01-08 15:28:08,652 - INFO -     ✓ Standard: $13.25 (dsv_id: 1)
2026-01-08 15:28:09,157 - INFO -   [77/117] Cheddar & Mushroom Jalapeno Burger Melt with Fries (ID: 160831)
2026-01-08 15:28:09,157 - DEBUG -     URL: https://menuadmin.menu.ca/?p=restaurants&display=editRestaurant&restaurant=257&load=editDish&showLang=en&menuEntry=90126
2026-01-08 15:28:10,580 - DEBUG -     Price: '14.25', Quantity: ''
2026-01-08 15:28:10,672 - DEBUG - Inserted dish_price ID 113955: Standard = $14.25
2026-01-08 15:28:10,672 - INFO -     ✓ Standard: $14.25 (dsv_id: 1)
2026-01-08 15:28:11,177 - INFO -   [78/117] Club Sandwich (ID: 160832)
2026-01-08 15:28:11,178 - DEBUG -     URL: https://menuadmin.menu.ca/?p=restaurants&display=editRestaurant&restaurant=257&load=editDish&showLang=en&menuEntry=25388
2026-01-08 15:28:12,589 - DEBUG -     Price: '12.65', Quantity: ''
2026-01-08 15:28:12,680 - DEBUG - Inserted dish_price ID 113956: Standard = $12.65
2026-01-08 15:28:12,680 - INFO -     ✓ Standard: $12.65 (dsv_id: 1)
2026-01-08 15:28:13,189 - INFO -   [79/117] Chicken Fingers and Fries (ID: 160833)
2026-01-08 15:28:13,190 - DEBUG -     URL: https://menuadmin.menu.ca/?p=restaurants&display=editRestaurant&restaurant=257&load=editDish&showLang=en&menuEntry=79299
2026-01-08 15:28:14,618 - DEBUG -     Price: '14.50', Quantity: ''
2026-01-08 15:28:14,721 - DEBUG - Inserted dish_price ID 113957: Standard = $14.5
2026-01-08 15:28:14,721 - INFO -     ✓ Standard: $14.50 (dsv_id: 1)
2026-01-08 15:28:15,236 - INFO -   [80/117] Chicken Burger with Fries (ID: 160834)
2026-01-08 15:28:15,236 - DEBUG -     URL: https://menuadmin.menu.ca/?p=restaurants&display=editRestaurant&restaurant=257&load=editDish&showLang=en&menuEntry=79300
2026-01-08 15:28:16,648 - DEBUG -     Price: '12.65', Quantity: ''
2026-01-08 15:28:16,746 - DEBUG - Inserted dish_price ID 113958: Standard = $12.65
2026-01-08 15:28:16,746 - INFO -     ✓ Standard: $12.65 (dsv_id: 1)
2026-01-08 15:28:17,249 - INFO -   [81/117] Hot Chicken Sandwich (ID: 160835)
2026-01-08 15:28:17,250 - DEBUG -     URL: https://menuadmin.menu.ca/?p=restaurants&display=editRestaurant&restaurant=257&load=editDish&showLang=en&menuEntry=25389
2026-01-08 15:28:18,665 - DEBUG -     Price: '11.00', Quantity: ''
2026-01-08 15:28:18,757 - DEBUG - Inserted dish_price ID 113959: Standard = $11.0
2026-01-08 15:28:18,757 - INFO -     ✓ Standard: $11.00 (dsv_id: 1)
2026-01-08 15:28:19,263 - INFO -   [82/117] Hamburger (ID: 160836)
2026-01-08 15:28:19,264 - DEBUG -     URL: https://menuadmin.menu.ca/?p=restaurants&display=editRestaurant&restaurant=257&load=editDish&showLang=en&menuEntry=79304
2026-01-08 15:28:20,709 - DEBUG -     Price: '7.45', Quantity: ''
2026-01-08 15:28:20,808 - DEBUG - Inserted dish_price ID 113960: Standard = $7.45
2026-01-08 15:28:20,808 - INFO -     ✓ Standard: $7.45 (dsv_id: 1)
2026-01-08 15:28:21,316 - INFO -   [83/117] Cheeseburger (ID: 160837)
2026-01-08 15:28:21,317 - DEBUG -     URL: https://menuadmin.menu.ca/?p=restaurants&display=editRestaurant&restaurant=257&load=editDish&showLang=en&menuEntry=79305
2026-01-08 15:28:22,745 - DEBUG -     Price: '8.45', Quantity: ''
2026-01-08 15:28:22,838 - DEBUG - Inserted dish_price ID 113961: Standard = $8.45
2026-01-08 15:28:22,838 - INFO -     ✓ Standard: $8.45 (dsv_id: 1)
2026-01-08 15:28:23,347 - INFO -   [84/117] Bacon Cheeseburger (ID: 160838)
2026-01-08 15:28:23,348 - DEBUG -     URL: https://menuadmin.menu.ca/?p=restaurants&display=editRestaurant&restaurant=257&load=editDish&showLang=en&menuEntry=79306
2026-01-08 15:28:24,794 - DEBUG -     Price: '8.75', Quantity: ''
2026-01-08 15:28:24,890 - DEBUG - Inserted dish_price ID 113962: Standard = $8.75
2026-01-08 15:28:24,890 - INFO -     ✓ Standard: $8.75 (dsv_id: 1)
2026-01-08 15:28:25,395 - INFO -   [85/117] Cheddar & Mushroom Jalapeno Burger Melt (ID: 160839)
2026-01-08 15:28:25,395 - DEBUG -     URL: https://menuadmin.menu.ca/?p=restaurants&display=editRestaurant&restaurant=257&load=editDish&showLang=en&menuEntry=90125
2026-01-08 15:28:26,835 - DEBUG -     Price: '9.75', Quantity: ''
2026-01-08 15:28:26,924 - DEBUG - Inserted dish_price ID 113963: Standard = $9.75
2026-01-08 15:28:26,925 - INFO -     ✓ Standard: $9.75 (dsv_id: 1)
2026-01-08 15:28:27,430 - INFO -   [86/117] Poutine Burger (ID: 160840)
2026-01-08 15:28:27,431 - DEBUG -     URL: https://menuadmin.menu.ca/?p=restaurants&display=editRestaurant&restaurant=257&load=editDish&showLang=en&menuEntry=79307
2026-01-08 15:28:28,854 - DEBUG -     Price: '6.95', Quantity: ''
2026-01-08 15:28:28,956 - DEBUG - Inserted dish_price ID 113964: Standard = $6.95
2026-01-08 15:28:28,957 - INFO -     ✓ Standard: $6.95 (dsv_id: 1)
2026-01-08 15:28:29,467 - INFO -   [87/117] Homemade Hamburger (ID: 160841)
2026-01-08 15:28:29,468 - DEBUG -     URL: https://menuadmin.menu.ca/?p=restaurants&display=editRestaurant&restaurant=257&load=editDish&showLang=en&menuEntry=25385
2026-01-08 15:28:30,869 - DEBUG -     Price: '5.25', Quantity: ''
2026-01-08 15:28:30,954 - DEBUG - Inserted dish_price ID 113965: Standard = $5.25
2026-01-08 15:28:30,955 - INFO -     ✓ Standard: $5.25 (dsv_id: 1)
2026-01-08 15:28:31,460 - INFO -   [88/117] Chicken Fingers (5pcs) (ID: 160842)
2026-01-08 15:28:31,460 - DEBUG -     URL: https://menuadmin.menu.ca/?p=restaurants&display=editRestaurant&restaurant=257&load=editDish&showLang=en&menuEntry=25386
2026-01-08 15:28:32,887 - DEBUG -     Price: '8.50', Quantity: ''
2026-01-08 15:28:32,975 - DEBUG - Inserted dish_price ID 113966: Standard = $8.5
2026-01-08 15:28:32,975 - INFO -     ✓ Standard: $8.50 (dsv_id: 1)
2026-01-08 15:28:33,479 - INFO -   [89/117] Pop Curds (ID: 160843)
2026-01-08 15:28:33,479 - DEBUG -     URL: https://menuadmin.menu.ca/?p=restaurants&display=editRestaurant&restaurant=257&load=editDish&showLang=en&menuEntry=99290
2026-01-08 15:28:34,889 - DEBUG -     Price: '11.50,21.50', Quantity: 'Half,Full'
2026-01-08 15:28:35,041 - DEBUG - Inserted dish_price ID 113967: Half = $11.5
2026-01-08 15:28:35,041 - INFO -     ✓ Half: $11.50 (dsv_id: None)
2026-01-08 15:28:35,182 - DEBUG - Inserted dish_price ID 113968: Full = $21.5
2026-01-08 15:28:35,183 - INFO -     ✓ Full: $21.50 (dsv_id: None)
2026-01-08 15:28:35,701 - INFO -   [90/117] Onion Rings (ID: 160844)
2026-01-08 15:28:35,701 - DEBUG -     URL: https://menuadmin.menu.ca/?p=restaurants&display=editRestaurant&restaurant=257&load=editDish&showLang=en&menuEntry=25402
2026-01-08 15:28:37,102 - DEBUG -     Price: '6.99', Quantity: ''
2026-01-08 15:28:37,196 - DEBUG - Inserted dish_price ID 113969: Standard = $6.99
2026-01-08 15:28:37,197 - INFO -     ✓ Standard: $6.99 (dsv_id: 1)
2026-01-08 15:28:37,702 - INFO -   [91/117] French Fries (ID: 161849)
2026-01-08 15:28:37,702 - DEBUG -     URL: https://menuadmin.menu.ca/?p=restaurants&display=editRestaurant&restaurant=257&load=editDish&showLang=en&menuEntry=25401
2026-01-08 15:28:39,124 - DEBUG -     Price: '5.99', Quantity: ''
2026-01-08 15:28:39,228 - DEBUG - Inserted dish_price ID 113970: Standard = $5.99
2026-01-08 15:28:39,228 - INFO -     ✓ Standard: $5.99 (dsv_id: 1)
2026-01-08 15:28:39,731 - INFO -   [92/117] Daniel's Famous Poutine (ID: 161850)
2026-01-08 15:28:39,732 - DEBUG -     URL: https://menuadmin.menu.ca/?p=restaurants&display=editRestaurant&restaurant=257&load=editDish&showLang=en&menuEntry=25403
2026-01-08 15:28:41,163 - DEBUG -     Price: '8.75,10.85', Quantity: 'Small,Large'
2026-01-08 15:28:41,254 - DEBUG - Inserted dish_price ID 113971: Small = $8.75
2026-01-08 15:28:41,254 - INFO -     ✓ Small: $8.75 (dsv_id: 2)
2026-01-08 15:28:41,344 - DEBUG - Inserted dish_price ID 113972: Large = $10.85
2026-01-08 15:28:41,344 - INFO -     ✓ Large: $10.85 (dsv_id: 4)
2026-01-08 15:28:41,848 - INFO -   [93/117] Deep Fried Pickles (8 pcs) (ID: 161851)
2026-01-08 15:28:41,849 - DEBUG -     URL: https://menuadmin.menu.ca/?p=restaurants&display=editRestaurant&restaurant=257&load=editDish&showLang=en&menuEntry=79308
2026-01-08 15:28:43,275 - DEBUG -     Price: '11.45', Quantity: ''
2026-01-08 15:28:43,370 - DEBUG - Inserted dish_price ID 113973: Standard = $11.45
2026-01-08 15:28:43,370 - INFO -     ✓ Standard: $11.45 (dsv_id: 1)
2026-01-08 15:28:43,877 - INFO -   [94/117] Jalapeno Poppers (8 pcs) (ID: 161852)
2026-01-08 15:28:43,877 - DEBUG -     URL: https://menuadmin.menu.ca/?p=restaurants&display=editRestaurant&restaurant=257&load=editDish&showLang=en&menuEntry=79309
2026-01-08 15:28:45,328 - DEBUG -     Price: '11.45', Quantity: ''
2026-01-08 15:28:45,437 - DEBUG - Inserted dish_price ID 113974: Standard = $11.45
2026-01-08 15:28:45,437 - INFO -     ✓ Standard: $11.45 (dsv_id: 1)
2026-01-08 15:28:45,938 - INFO -   [95/117] Mac N Cheese Bites (8) (ID: 161853)
2026-01-08 15:28:45,938 - DEBUG -     URL: https://menuadmin.menu.ca/?p=restaurants&display=editRestaurant&restaurant=257&load=editDish&showLang=en&menuEntry=90123
2026-01-08 15:28:47,915 - DEBUG -     Price: '11.45', Quantity: ''
2026-01-08 15:28:48,012 - DEBUG - Inserted dish_price ID 113975: Standard = $11.45
2026-01-08 15:28:48,013 - INFO -     ✓ Standard: $11.45 (dsv_id: 1)
2026-01-08 15:28:48,515 - INFO -   [96/117] Nachos (ID: 161854)
2026-01-08 15:28:48,515 - DEBUG -     URL: https://menuadmin.menu.ca/?p=restaurants&display=editRestaurant&restaurant=257&load=editDish&showLang=en&menuEntry=96382
2026-01-08 15:28:49,928 - DEBUG -     Price: '15.25', Quantity: ''
2026-01-08 15:28:50,018 - DEBUG - Inserted dish_price ID 113976: Standard = $15.25
2026-01-08 15:28:50,018 - INFO -     ✓ Standard: $15.25 (dsv_id: 1)
2026-01-08 15:28:50,520 - INFO -   [97/117] Chicken Nachos (ID: 161855)
2026-01-08 15:28:50,520 - DEBUG -     URL: https://menuadmin.menu.ca/?p=restaurants&display=editRestaurant&restaurant=257&load=editDish&showLang=en&menuEntry=96383
2026-01-08 15:28:51,936 - DEBUG -     Price: '18.55', Quantity: ''
2026-01-08 15:28:52,025 - DEBUG - Inserted dish_price ID 113977: Standard = $18.55
2026-01-08 15:28:52,025 - INFO -     ✓ Standard: $18.55 (dsv_id: 1)
2026-01-08 15:28:52,526 - INFO -   [98/117] Beef Nachos (ID: 161856)
2026-01-08 15:28:52,526 - DEBUG -     URL: https://menuadmin.menu.ca/?p=restaurants&display=editRestaurant&restaurant=257&load=editDish&showLang=en&menuEntry=96384
2026-01-08 15:28:53,925 - DEBUG -     Price: '18.55', Quantity: ''
2026-01-08 15:28:54,010 - DEBUG - Inserted dish_price ID 113978: Standard = $18.55
2026-01-08 15:28:54,011 - INFO -     ✓ Standard: $18.55 (dsv_id: 1)
2026-01-08 15:28:54,514 - INFO -   [99/117] Mozzarella Sticks (ID: 161857)
2026-01-08 15:28:54,514 - DEBUG -     URL: https://menuadmin.menu.ca/?p=restaurants&display=editRestaurant&restaurant=257&load=editDish&showLang=en&menuEntry=25396
2026-01-08 15:28:55,941 - DEBUG -     Price: '11.45', Quantity: ''
2026-01-08 15:28:56,033 - DEBUG - Inserted dish_price ID 113979: Standard = $11.45
2026-01-08 15:28:56,033 - INFO -     ✓ Standard: $11.45 (dsv_id: 1)
2026-01-08 15:28:56,538 - INFO -   [100/117] Zucchini Sticks (ID: 161858)
2026-01-08 15:28:56,539 - DEBUG -     URL: https://menuadmin.menu.ca/?p=restaurants&display=editRestaurant&restaurant=257&load=editDish&showLang=en&menuEntry=25397
2026-01-08 15:28:57,931 - DEBUG -     Price: '11.45', Quantity: ''
2026-01-08 15:28:58,024 - DEBUG - Inserted dish_price ID 113980: Standard = $11.45
2026-01-08 15:28:58,024 - INFO -     ✓ Standard: $11.45 (dsv_id: 1)
2026-01-08 15:28:58,530 - INFO -   [101/117] Garlic Sticks (ID: 161859)
2026-01-08 15:28:58,530 - DEBUG -     URL: https://menuadmin.menu.ca/?p=restaurants&display=editRestaurant&restaurant=257&load=editDish&showLang=en&menuEntry=25399
2026-01-08 15:28:59,959 - DEBUG -     Price: '8.15,10.15,12.15', Quantity: 'Plain,With Cheese,With Cheese and Bacon'
2026-01-08 15:29:00,052 - DEBUG - Inserted dish_price ID 113981: Plain = $8.15
2026-01-08 15:29:00,053 - INFO -     ✓ Plain: $8.15 (dsv_id: None)
2026-01-08 15:29:00,198 - DEBUG - Inserted dish_price ID 113982: With Cheese = $10.15
2026-01-08 15:29:00,199 - INFO -     ✓ With Cheese: $10.15 (dsv_id: None)
2026-01-08 15:29:00,328 - DEBUG - Inserted dish_price ID 113983: With Cheese and Bacon = $12.15
2026-01-08 15:29:00,328 - INFO -     ✓ With Cheese and Bacon: $12.15 (dsv_id: None)
2026-01-08 15:29:00,830 - INFO -   [102/117] Garlic Bread (ID: 161860)
2026-01-08 15:29:00,831 - DEBUG -     URL: https://menuadmin.menu.ca/?p=restaurants&display=editRestaurant&restaurant=257&load=editDish&showLang=en&menuEntry=25400
2026-01-08 15:29:02,238 - DEBUG -     Price: '6.50,8.00,9.00', Quantity: 'Plain,With Cheese,With Cheese and Bacon'
2026-01-08 15:29:02,341 - DEBUG - Inserted dish_price ID 113984: Plain = $6.5
2026-01-08 15:29:02,341 - INFO -     ✓ Plain: $6.50 (dsv_id: None)
2026-01-08 15:29:02,430 - DEBUG - Inserted dish_price ID 113985: With Cheese = $8.0
2026-01-08 15:29:02,430 - INFO -     ✓ With Cheese: $8.00 (dsv_id: None)
2026-01-08 15:29:02,512 - DEBUG - Inserted dish_price ID 113986: With Cheese and Bacon = $9.0
2026-01-08 15:29:02,512 - INFO -     ✓ With Cheese and Bacon: $9.00 (dsv_id: None)
2026-01-08 15:29:03,014 - INFO -   [103/117] Dipping Sauce (ID: 161861)
2026-01-08 15:29:03,015 - DEBUG -     URL: https://menuadmin.menu.ca/?p=restaurants&display=editRestaurant&restaurant=257&load=editDish&showLang=en&menuEntry=25405
2026-01-08 15:29:04,421 - DEBUG -     Price: '1.95,1.95,1.95,1.95,1.95,1.95,1.95,1.95', Quantity: 'Cheddar Jalapeno,Creamy Garlic,Ranch,Sweet & Spicy,Marinara,Caesar,Hot Sauce,Southwest'
2026-01-08 15:29:04,564 - DEBUG - Inserted dish_price ID 113987: Cheddar Jalapeno = $1.95
2026-01-08 15:29:04,564 - INFO -     ✓ Cheddar Jalapeno: $1.95 (dsv_id: None)
2026-01-08 15:29:04,697 - DEBUG - Inserted dish_price ID 113988: Creamy Garlic = $1.95
2026-01-08 15:29:04,697 - INFO -     ✓ Creamy Garlic: $1.95 (dsv_id: None)
2026-01-08 15:29:04,834 - DEBUG - Inserted dish_price ID 113989: Ranch = $1.95
2026-01-08 15:29:04,834 - INFO -     ✓ Ranch: $1.95 (dsv_id: None)
2026-01-08 15:29:04,968 - DEBUG - Inserted dish_price ID 113990: Sweet & Spicy = $1.95
2026-01-08 15:29:04,968 - INFO -     ✓ Sweet & Spicy: $1.95 (dsv_id: None)
2026-01-08 15:29:05,104 - DEBUG - Inserted dish_price ID 113991: Marinara = $1.95
2026-01-08 15:29:05,104 - INFO -     ✓ Marinara: $1.95 (dsv_id: None)
2026-01-08 15:29:05,243 - DEBUG - Inserted dish_price ID 113992: Caesar = $1.95
2026-01-08 15:29:05,243 - INFO -     ✓ Caesar: $1.95 (dsv_id: None)
2026-01-08 15:29:05,374 - DEBUG - Inserted dish_price ID 113993: Hot Sauce = $1.95
2026-01-08 15:29:05,374 - INFO -     ✓ Hot Sauce: $1.95 (dsv_id: None)
2026-01-08 15:29:05,514 - DEBUG - Inserted dish_price ID 113994: Southwest = $1.95
2026-01-08 15:29:05,514 - INFO -     ✓ Southwest: $1.95 (dsv_id: None)
2026-01-08 15:29:06,020 - INFO -   [104/117] Pom Pom Poutine (ID: 161862)
2026-01-08 15:29:06,020 - DEBUG -     URL: https://menuadmin.menu.ca/?p=restaurants&display=editRestaurant&restaurant=257&load=editDish&showLang=en&menuEntry=99289
2026-01-08 15:29:07,445 - DEBUG -     Price: '8.65,11.75', Quantity: 'Small,Large'
2026-01-08 15:29:07,533 - DEBUG - Inserted dish_price ID 113995: Small = $8.65
2026-01-08 15:29:07,533 - INFO -     ✓ Small: $8.65 (dsv_id: 2)
2026-01-08 15:29:07,622 - DEBUG - Inserted dish_price ID 113996: Large = $11.75
2026-01-08 15:29:07,622 - INFO -     ✓ Large: $11.75 (dsv_id: 4)
2026-01-08 15:29:08,139 - INFO -   [105/117] Tater Tots (100g) (ID: 161863)
2026-01-08 15:29:08,140 - DEBUG -     URL: https://menuadmin.menu.ca/?p=restaurants&display=editRestaurant&restaurant=257&load=editDish&showLang=en&menuEntry=90124
2026-01-08 15:29:09,532 - DEBUG -     Price: '8.20', Quantity: ''
2026-01-08 15:29:09,623 - DEBUG - Inserted dish_price ID 113997: Standard = $8.2
2026-01-08 15:29:09,624 - INFO -     ✓ Standard: $8.20 (dsv_id: 1)
2026-01-08 15:29:10,129 - INFO -   [106/117] Nutella Calzone (ID: 161864)
2026-01-08 15:29:10,129 - DEBUG -     URL: https://menuadmin.menu.ca/?p=restaurants&display=editRestaurant&restaurant=257&load=editDish&showLang=en&menuEntry=56962
2026-01-08 15:29:11,517 - DEBUG -     Price: '9.88', Quantity: ''
2026-01-08 15:29:11,605 - DEBUG - Inserted dish_price ID 113998: Standard = $9.88
2026-01-08 15:29:11,605 - INFO -     ✓ Standard: $9.88 (dsv_id: 1)
2026-01-08 15:29:12,111 - INFO -   [107/117] Cinnamon Balls (ID: 161865)
2026-01-08 15:29:12,112 - DEBUG -     URL: https://menuadmin.menu.ca/?p=restaurants&display=editRestaurant&restaurant=257&load=editDish&showLang=en&menuEntry=56963
2026-01-08 15:29:13,562 - DEBUG -     Price: '9.88', Quantity: ''
2026-01-08 15:29:13,651 - DEBUG - Inserted dish_price ID 113999: Standard = $9.88
2026-01-08 15:29:13,651 - INFO -     ✓ Standard: $9.88 (dsv_id: 1)
2026-01-08 15:29:14,160 - INFO -   [108/117] Caramel Apple Cheesecake (ID: 161866)
2026-01-08 15:29:14,161 - DEBUG -     URL: https://menuadmin.menu.ca/?p=restaurants&display=editRestaurant&restaurant=257&load=editDish&showLang=en&menuEntry=114962
2026-01-08 15:29:15,582 - DEBUG -     Price: '6.55', Quantity: ''
2026-01-08 15:29:15,672 - DEBUG - Inserted dish_price ID 114000: Standard = $6.55
2026-01-08 15:29:15,672 - INFO -     ✓ Standard: $6.55 (dsv_id: 1)
2026-01-08 15:29:16,173 - INFO -   [109/117] Reese's Peanut Butter Blondie (ID: 161867)
2026-01-08 15:29:16,174 - DEBUG -     URL: https://menuadmin.menu.ca/?p=restaurants&display=editRestaurant&restaurant=257&load=editDish&showLang=en&menuEntry=114963
2026-01-08 15:29:17,593 - DEBUG -     Price: '6.55', Quantity: ''
2026-01-08 15:29:17,686 - DEBUG - Inserted dish_price ID 114001: Standard = $6.55
2026-01-08 15:29:17,687 - INFO -     ✓ Standard: $6.55 (dsv_id: 1)
2026-01-08 15:29:18,204 - INFO -   [110/117] Strawberry Cheesecake (ID: 161868)
2026-01-08 15:29:18,204 - DEBUG -     URL: https://menuadmin.menu.ca/?p=restaurants&display=editRestaurant&restaurant=257&load=editDish&showLang=en&menuEntry=90127
2026-01-08 15:29:19,623 - DEBUG -     Price: '6.55', Quantity: ''
2026-01-08 15:29:19,727 - DEBUG - Inserted dish_price ID 114002: Standard = $6.55
2026-01-08 15:29:19,727 - INFO -     ✓ Standard: $6.55 (dsv_id: 1)
2026-01-08 15:29:20,261 - INFO -   [111/117] Cheesecake (ID: 161869)
2026-01-08 15:29:20,261 - DEBUG -     URL: https://menuadmin.menu.ca/?p=restaurants&display=editRestaurant&restaurant=257&load=editDish&showLang=en&menuEntry=25408
2026-01-08 15:29:21,668 - DEBUG -     Price: '4.95,4.95', Quantity: 'Cherry,Blueberry'
2026-01-08 15:29:21,804 - DEBUG - Inserted dish_price ID 114003: Cherry = $4.95
2026-01-08 15:29:21,804 - INFO -     ✓ Cherry: $4.95 (dsv_id: None)
2026-01-08 15:29:21,942 - DEBUG - Inserted dish_price ID 114004: Blueberry = $4.95
2026-01-08 15:29:21,942 - INFO -     ✓ Blueberry: $4.95 (dsv_id: None)
2026-01-08 15:29:22,455 - INFO -   [112/117] Chocolate Cake (ID: 161870)
2026-01-08 15:29:22,455 - DEBUG -     URL: https://menuadmin.menu.ca/?p=restaurants&display=editRestaurant&restaurant=257&load=editDish&showLang=en&menuEntry=25409
2026-01-08 15:29:23,897 - DEBUG -     Price: '4.95', Quantity: ''
2026-01-08 15:29:23,991 - DEBUG - Inserted dish_price ID 114005: Standard = $4.95
2026-01-08 15:29:23,991 - INFO -     ✓ Standard: $4.95 (dsv_id: 1)
2026-01-08 15:29:24,501 - INFO -   [113/117] White Chocolate Brownie (gluten free) (ID: 161871)
2026-01-08 15:29:24,502 - DEBUG -     URL: https://menuadmin.menu.ca/?p=restaurants&display=editRestaurant&restaurant=257&load=editDish&showLang=en&menuEntry=25406
2026-01-08 15:29:25,924 - DEBUG -     Price: '5.25', Quantity: ''
2026-01-08 15:29:26,026 - DEBUG - Inserted dish_price ID 114006: Standard = $5.25
2026-01-08 15:29:26,026 - INFO -     ✓ Standard: $5.25 (dsv_id: 1)
2026-01-08 15:29:26,533 - INFO -   [114/117] Coke (ID: 161872)
2026-01-08 15:29:26,533 - DEBUG -     URL: https://menuadmin.menu.ca/?p=restaurants&display=editRestaurant&restaurant=257&load=editDish&showLang=en&menuEntry=26163
2026-01-08 15:29:27,946 - DEBUG -     Price: '2.99,5.00', Quantity: '500ml,2L'
2026-01-08 15:29:28,092 - DEBUG - Inserted dish_price ID 114007: 500ml = $2.99
2026-01-08 15:29:28,092 - INFO -     ✓ 500ml: $2.99 (dsv_id: None)
2026-01-08 15:29:28,229 - DEBUG - Inserted dish_price ID 114008: 2L = $5.0
2026-01-08 15:29:28,229 - INFO -     ✓ 2L: $5.00 (dsv_id: 44)
2026-01-08 15:29:28,734 - INFO -   [115/117] Diet Coke (ID: 161873)
2026-01-08 15:29:28,735 - DEBUG -     URL: https://menuadmin.menu.ca/?p=restaurants&display=editRestaurant&restaurant=257&load=editDish&showLang=en&menuEntry=26164
2026-01-08 15:29:30,144 - DEBUG -     Price: '2.99,5.00', Quantity: '500ml,2L'
2026-01-08 15:29:30,242 - DEBUG - Inserted dish_price ID 114009: 500ml = $2.99
2026-01-08 15:29:30,243 - INFO -     ✓ 500ml: $2.99 (dsv_id: None)
2026-01-08 15:29:30,336 - DEBUG - Inserted dish_price ID 114010: 2L = $5.0
2026-01-08 15:29:30,336 - INFO -     ✓ 2L: $5.00 (dsv_id: 44)
2026-01-08 15:29:30,841 - INFO -   [116/117] A&W Root Beer (ID: 161874)
2026-01-08 15:29:30,842 - DEBUG -     URL: https://menuadmin.menu.ca/?p=restaurants&display=editRestaurant&restaurant=257&load=editDish&showLang=en&menuEntry=26170
2026-01-08 15:29:32,244 - DEBUG -     Price: '2.99', Quantity: '500ml'
2026-01-08 15:29:32,342 - DEBUG - Inserted dish_price ID 114011: 500ml = $2.99
2026-01-08 15:29:32,343 - INFO -     ✓ 500ml: $2.99 (dsv_id: None)
2026-01-08 15:29:32,849 - INFO -   [117/117] Ginger Ale (ID: 161875)
2026-01-08 15:29:32,850 - DEBUG -     URL: https://menuadmin.menu.ca/?p=restaurants&display=editRestaurant&restaurant=257&load=editDish&showLang=en&menuEntry=26165
2026-01-08 15:29:34,253 - DEBUG -     Price: '2.99,5.00', Quantity: '500ml,2L'
2026-01-08 15:29:34,347 - DEBUG - Inserted dish_price ID 114012: 500ml = $2.99
2026-01-08 15:29:34,347 - INFO -     ✓ 500ml: $2.99 (dsv_id: None)
2026-01-08 15:29:34,433 - DEBUG - Inserted dish_price ID 114013: 2L = $5.0
2026-01-08 15:29:34,434 - INFO -     ✓ 2L: $5.00 (dsv_id: 44)
2026-01-08 15:29:34,938 - INFO - --------------------------------------------------
2026-01-08 15:29:34,939 - INFO - Restaurant: New Mukut Restaurant Indian Cuisine (V3: 234, V1: 374)
2026-01-08 15:29:34,939 - INFO - Dishes to scrape: 17
2026-01-08 15:29:34,939 - INFO -   [1/17] Vegetable Rice (ID: 159791)
2026-01-08 15:29:34,939 - DEBUG -     URL: https://menuadmin.menu.ca/?p=restaurants&display=editRestaurant&restaurant=374&load=editDish&showLang=en&menuEntry=31621
2026-01-08 15:29:36,338 - DEBUG -     Price: '10.00', Quantity: ''
2026-01-08 15:29:36,438 - DEBUG - Inserted dish_price ID 114014: Standard = $10.0
2026-01-08 15:29:36,438 - INFO -     ✓ Standard: $10.00 (dsv_id: 1)
2026-01-08 15:29:36,945 - INFO -   [2/17] Peas Palao (ID: 159792)
2026-01-08 15:29:36,945 - DEBUG -     URL: https://menuadmin.menu.ca/?p=restaurants&display=editRestaurant&restaurant=374&load=editDish&showLang=en&menuEntry=31620
2026-01-08 15:29:38,340 - DEBUG -     Price: '5.00', Quantity: ''
2026-01-08 15:29:38,433 - DEBUG - Inserted dish_price ID 114015: Standard = $5.0
2026-01-08 15:29:38,434 - INFO -     ✓ Standard: $5.00 (dsv_id: 1)
2026-01-08 15:29:38,938 - INFO -   [3/17] Stuffed Paratha (ID: 159794)
2026-01-08 15:29:38,939 - DEBUG -     URL: https://menuadmin.menu.ca/?p=restaurants&display=editRestaurant&restaurant=374&load=editDish&showLang=en&menuEntry=31626
2026-01-08 15:29:40,326 - DEBUG -     Price: '5.00', Quantity: ''
2026-01-08 15:29:40,418 - DEBUG - Inserted dish_price ID 114016: Standard = $5.0
2026-01-08 15:29:40,418 - INFO -     ✓ Standard: $5.00 (dsv_id: 1)
2026-01-08 15:29:40,927 - INFO -   [4/17] Naan (ID: 159795)
2026-01-08 15:29:40,927 - DEBUG -     URL: https://menuadmin.menu.ca/?p=restaurants&display=editRestaurant&restaurant=374&load=editDish&showLang=en&menuEntry=31623
2026-01-08 15:29:42,345 - DEBUG -     Price: '3.50', Quantity: ''
2026-01-08 15:29:42,445 - DEBUG - Inserted dish_price ID 114017: Standard = $3.5
2026-01-08 15:29:42,445 - INFO -     ✓ Standard: $3.50 (dsv_id: 1)
2026-01-08 15:29:42,951 - INFO -   [5/17] Kohinoor Dinner (ID: 159798)
2026-01-08 15:29:42,952 - DEBUG -     URL: https://menuadmin.menu.ca/?p=restaurants&display=editRestaurant&restaurant=374&load=editDish&showLang=en&menuEntry=31633
2026-01-08 15:29:44,332 - DEBUG -     Price: '49.99,49.99', Quantity: 'With Dal Soup,With Mulligatawny Soup'
2026-01-08 15:29:44,476 - DEBUG - Inserted dish_price ID 114018: With Dal Soup = $49.99
2026-01-08 15:29:44,476 - INFO -     ✓ With Dal Soup: $49.99 (dsv_id: None)
2026-01-08 15:29:44,614 - DEBUG - Inserted dish_price ID 114019: With Mulligatawny Soup = $49.99
2026-01-08 15:29:44,614 - INFO -     ✓ With Mulligatawny Soup: $49.99 (dsv_id: None)
2026-01-08 15:29:45,123 - INFO -   [6/17] Maharaja Dinner (ID: 159801)
2026-01-08 15:29:45,124 - DEBUG -     URL: https://menuadmin.menu.ca/?p=restaurants&display=editRestaurant&restaurant=374&load=editDish&showLang=en&menuEntry=31635
2026-01-08 15:29:46,549 - DEBUG -     Price: '49.99,49.99', Quantity: 'With Dal Soup,With Mulligatawny Soup'
2026-01-08 15:29:46,657 - DEBUG - Inserted dish_price ID 114020: With Dal Soup = $49.99
2026-01-08 15:29:46,657 - INFO -     ✓ With Dal Soup: $49.99 (dsv_id: None)
2026-01-08 15:29:46,748 - DEBUG - Inserted dish_price ID 114021: With Mulligatawny Soup = $49.99
2026-01-08 15:29:46,748 - INFO -     ✓ With Mulligatawny Soup: $49.99 (dsv_id: None)
2026-01-08 15:29:47,253 - INFO -   [7/17] Gulab Jamun (ID: 159803)
2026-01-08 15:29:47,253 - DEBUG -     URL: https://menuadmin.menu.ca/?p=restaurants&display=editRestaurant&restaurant=374&load=editDish&showLang=en&menuEntry=31641
2026-01-08 15:29:48,665 - DEBUG -     Price: '3.50', Quantity: ''
2026-01-08 15:29:48,759 - DEBUG - Inserted dish_price ID 114022: Standard = $3.5
2026-01-08 15:29:48,760 - INFO -     ✓ Standard: $3.50 (dsv_id: 1)
2026-01-08 15:29:49,266 - INFO -   [8/17] Rashmalay (ID: 159804)
2026-01-08 15:29:49,267 - DEBUG -     URL: https://menuadmin.menu.ca/?p=restaurants&display=editRestaurant&restaurant=374&load=editDish&showLang=en&menuEntry=31644
2026-01-08 15:29:50,653 - DEBUG -     Price: '4.00', Quantity: ''
2026-01-08 15:29:50,753 - DEBUG - Inserted dish_price ID 114023: Standard = $4.0
2026-01-08 15:29:50,754 - INFO -     ✓ Standard: $4.00 (dsv_id: 1)
2026-01-08 15:29:51,259 - INFO -   [9/17] Coke (ID: 159805)
2026-01-08 15:29:51,260 - DEBUG -     URL: https://menuadmin.menu.ca/?p=restaurants&display=editRestaurant&restaurant=374&load=editDish&showLang=en&menuEntry=31645
2026-01-08 15:29:52,665 - DEBUG -     Price: '2.50', Quantity: 'Can'
2026-01-08 15:29:52,801 - DEBUG - Inserted dish_price ID 114024: Can = $2.5
2026-01-08 15:29:52,801 - INFO -     ✓ Can: $2.50 (dsv_id: 38)
2026-01-08 15:29:53,311 - INFO -   [10/17] Diet Coke (ID: 159807)
2026-01-08 15:29:53,311 - DEBUG -     URL: https://menuadmin.menu.ca/?p=restaurants&display=editRestaurant&restaurant=374&load=editDish&showLang=en&menuEntry=31649
2026-01-08 15:29:54,724 - DEBUG -     Price: '2.50', Quantity: 'Can'
2026-01-08 15:29:54,816 - DEBUG - Inserted dish_price ID 114025: Can = $2.5
2026-01-08 15:29:54,817 - INFO -     ✓ Can: $2.50 (dsv_id: 38)
2026-01-08 15:29:55,329 - INFO -   [11/17] Diet Pepsi (ID: 159808)
2026-01-08 15:29:55,329 - DEBUG -     URL: https://menuadmin.menu.ca/?p=restaurants&display=editRestaurant&restaurant=374&load=editDish&showLang=en&menuEntry=72250
2026-01-08 15:29:56,720 - DEBUG -     Price: '2.50', Quantity: 'Can'
2026-01-08 15:29:56,811 - DEBUG - Inserted dish_price ID 114026: Can = $2.5
2026-01-08 15:29:56,812 - INFO -     ✓ Can: $2.50 (dsv_id: 38)
2026-01-08 15:29:57,328 - INFO -   [12/17] Sprite (ID: 159810)
2026-01-08 15:29:57,329 - DEBUG -     URL: https://menuadmin.menu.ca/?p=restaurants&display=editRestaurant&restaurant=374&load=editDish&showLang=en&menuEntry=72251
2026-01-08 15:29:58,735 - DEBUG -     Price: '2.50', Quantity: 'Can'
2026-01-08 15:29:58,833 - DEBUG - Inserted dish_price ID 114027: Can = $2.5
2026-01-08 15:29:58,834 - INFO -     ✓ Can: $2.50 (dsv_id: 38)
2026-01-08 15:29:59,341 - INFO -   [13/17] Iced Tea (ID: 159811)
2026-01-08 15:29:59,342 - DEBUG -     URL: https://menuadmin.menu.ca/?p=restaurants&display=editRestaurant&restaurant=374&load=editDish&showLang=en&menuEntry=31653
2026-01-08 15:30:00,830 - DEBUG -     Price: '2.50', Quantity: 'Can'
2026-01-08 15:30:00,921 - DEBUG - Inserted dish_price ID 114028: Can = $2.5
2026-01-08 15:30:00,921 - INFO -     ✓ Can: $2.50 (dsv_id: 38)
2026-01-08 15:30:01,428 - INFO -   [14/17] Ginger Ale (ID: 159812)
2026-01-08 15:30:01,429 - DEBUG -     URL: https://menuadmin.menu.ca/?p=restaurants&display=editRestaurant&restaurant=374&load=editDish&showLang=en&menuEntry=31648
2026-01-08 15:30:02,827 - DEBUG -     Price: '2.50', Quantity: 'Can'
2026-01-08 15:30:02,917 - DEBUG - Inserted dish_price ID 114029: Can = $2.5
2026-01-08 15:30:02,918 - INFO -     ✓ Can: $2.50 (dsv_id: 38)
2026-01-08 15:30:03,428 - INFO -   [15/17] Club Soda (ID: 159813)
2026-01-08 15:30:03,429 - DEBUG -     URL: https://menuadmin.menu.ca/?p=restaurants&display=editRestaurant&restaurant=374&load=editDish&showLang=en&menuEntry=31650
2026-01-08 15:30:04,836 - DEBUG -     Price: '2.50', Quantity: 'Can'
2026-01-08 15:30:04,931 - DEBUG - Inserted dish_price ID 114030: Can = $2.5
2026-01-08 15:30:04,931 - INFO -     ✓ Can: $2.50 (dsv_id: 38)
2026-01-08 15:30:05,440 - INFO -   [16/17] Tonic Water (ID: 159814)
2026-01-08 15:30:05,441 - DEBUG -     URL: https://menuadmin.menu.ca/?p=restaurants&display=editRestaurant&restaurant=374&load=editDish&showLang=en&menuEntry=31651
2026-01-08 15:30:06,845 - DEBUG -     Price: '2.50', Quantity: 'Can'
2026-01-08 15:30:06,934 - DEBUG - Inserted dish_price ID 114031: Can = $2.5
2026-01-08 15:30:06,934 - INFO -     ✓ Can: $2.50 (dsv_id: 38)
2026-01-08 15:30:07,453 - INFO -   [17/17] Mango Lassi (ID: 159816)
2026-01-08 15:30:07,454 - DEBUG -     URL: https://menuadmin.menu.ca/?p=restaurants&display=editRestaurant&restaurant=374&load=editDish&showLang=en&menuEntry=31643
2026-01-08 15:30:08,841 - DEBUG -     Price: '4.00', Quantity: ''
2026-01-08 15:30:08,930 - DEBUG - Inserted dish_price ID 114032: Standard = $4.0
2026-01-08 15:30:08,930 - INFO -     ✓ Standard: $4.00 (dsv_id: 1)
2026-01-08 15:30:09,439 - INFO - --------------------------------------------------
2026-01-08 15:30:09,439 - INFO - Restaurant: JN Pizza (V3: 328, V1: 489)
2026-01-08 15:30:09,439 - INFO - Dishes to scrape: 2
2026-01-08 15:30:09,439 - INFO -   [1/2] One Item Pizza (ID: 156927)
2026-01-08 15:30:09,439 - DEBUG -     URL: https://menuadmin.menu.ca/?p=restaurants&display=editRestaurant&restaurant=489&load=editCombo&showLang=en&combo=44329
2026-01-08 15:30:10,920 - DEBUG -     Price: '14.35,22.70,30.45,40.20', Quantity: 'Small,Medium,Large,X-Large'
2026-01-08 15:30:11,013 - DEBUG - Inserted dish_price ID 114033: Small = $14.35
2026-01-08 15:30:11,014 - INFO -     ✓ Small: $14.35 (dsv_id: 2)
2026-01-08 15:30:11,100 - DEBUG - Inserted dish_price ID 114034: Medium = $22.7
2026-01-08 15:30:11,100 - INFO -     ✓ Medium: $22.70 (dsv_id: 3)
2026-01-08 15:30:11,194 - DEBUG - Inserted dish_price ID 114035: Large = $30.45
2026-01-08 15:30:11,194 - INFO -     ✓ Large: $30.45 (dsv_id: 4)
2026-01-08 15:30:11,284 - DEBUG - Inserted dish_price ID 114036: X-Large = $40.2
2026-01-08 15:30:11,284 - INFO -     ✓ X-Large: $40.20 (dsv_id: 5)
2026-01-08 15:30:11,794 - INFO -   [2/2] Two Items Pizza (ID: 156928)
2026-01-08 15:30:11,795 - DEBUG -     URL: https://menuadmin.menu.ca/?p=restaurants&display=editRestaurant&restaurant=489&load=editCombo&showLang=en&combo=44330
2026-01-08 15:30:13,239 - DEBUG -     Price: '15.50,24.10,33.05,41.95', Quantity: 'Small,Medium,Large,X-Large'
2026-01-08 15:30:13,331 - DEBUG - Inserted dish_price ID 114037: Small = $15.5
2026-01-08 15:30:13,331 - INFO -     ✓ Small: $15.50 (dsv_id: 2)
2026-01-08 15:30:13,420 - DEBUG - Inserted dish_price ID 114038: Medium = $24.1
2026-01-08 15:30:13,421 - INFO -     ✓ Medium: $24.10 (dsv_id: 3)
2026-01-08 15:30:13,511 - DEBUG - Inserted dish_price ID 114039: Large = $33.05
2026-01-08 15:30:13,511 - INFO -     ✓ Large: $33.05 (dsv_id: 4)
2026-01-08 15:30:13,605 - DEBUG - Inserted dish_price ID 114040: X-Large = $41.95
2026-01-08 15:30:13,606 - INFO -     ✓ X-Large: $41.95 (dsv_id: 5)
2026-01-08 15:30:14,350 - INFO - ============================================================
2026-01-08 15:30:14,350 - INFO - SCRAPING COMPLETE
2026-01-08 15:30:14,350 - INFO - ============================================================
2026-01-08 15:30:14,351 - INFO - Dishes found without prices: 207
2026-01-08 15:30:14,351 - INFO - Dishes scraped successfully: 207
2026-01-08 15:30:14,351 - INFO - Dishes failed:               0
2026-01-08 15:30:14,351 - INFO - Prices inserted/updated:     453
2026-01-08 15:30:14,351 - INFO - ============================================================
