[2025-12-15 17:42:07] [INFO] Logging to: C:\Users\santi\Menu.ca\Legacy Database\Migration Strategy\Scrapers\Menu Scrapers\logs\combo_drinks_scraper_20251215_174207.log
[2025-12-15 17:42:07] [INFO] Processing all 132 restaurants
[2025-12-15 17:42:07] [INFO] Starting Combo Drinks Scraper...
[2025-12-15 17:42:08] [INFO] Database connection established
[2025-12-15 17:42:08] [INFO] Browser and database connections established
[2025-12-15 17:42:08] [INFO] Logging in to https://menuadmin.menu.ca/...
[2025-12-15 17:42:10] [INFO] Found login form with name='username'
[2025-12-15 17:42:13] [INFO] Current URL after login: https://menuadmin.menu.ca/?p=restaurants
[2025-12-15 17:42:13] [INFO] Login successful - found restaurant list
[2025-12-15 17:42:13] [INFO] ============================================================
[2025-12-15 17:42:13] [INFO] [1/132] Processing: Centertown Donair & Pizza (V3: 131, V1: 255)
[2025-12-15 17:42:13] [INFO] ============================================================
[2025-12-15 17:42:13] [INFO] Scraping combo drinks for: Centertown Donair & Pizza (V3: 131, V1: 255)
[2025-12-15 17:42:18] [INFO] Found 13 combo dishes for V1 restaurant 255
[2025-12-15 17:42:19] [INFO]   Found drinks section for: Medium Pizza and Donairs
[2025-12-15 17:42:19] [INFO]     Modifier group (radio): Drinks can
[2025-12-15 17:42:19] [INFO]     Title (new name): Drinks
[2025-12-15 17:42:19] [INFO]     Min: 2, Max: 2, Free: 0, Order: None
[2025-12-15 17:42:20] [INFO]     Found alternative drinks modifier: Drinks
[2025-12-15 17:42:20] [INFO]     Updated modifier_group 40654: name='Drinks', order=None
[2025-12-15 17:42:25] [INFO]   Found drinks section for: 2 Small Donairs and Garlic Fingers
[2025-12-15 17:42:25] [INFO]     Modifier group (radio): Drinks can
[2025-12-15 17:42:25] [INFO]     Title (new name): Drinks
[2025-12-15 17:42:25] [INFO]     Min: 2, Max: 2, Free: 0, Order: None
[2025-12-15 17:42:25] [INFO]     Found alternative drinks modifier: Drinks
[2025-12-15 17:42:26] [INFO]     Updated modifier_group 40655: name='Drinks', order=None
[2025-12-15 17:42:27] [INFO]   Found drinks section for: 2 Small Halifax Donairs
[2025-12-15 17:42:27] [INFO]     Modifier group (radio): Drinks can
[2025-12-15 17:42:27] [INFO]     Title (new name): Drinks
[2025-12-15 17:42:27] [INFO]     Min: 2, Max: 2, Free: 0, Order: None
[2025-12-15 17:42:27] [INFO]     Found alternative drinks modifier: Drinks
[2025-12-15 17:42:27] [INFO]     Updated modifier_group 40656: name='Drinks', order=None
[2025-12-15 17:42:29] [INFO]   Found drinks section for: 2 Small Donairs and Wings HIDE
[2025-12-15 17:42:29] [INFO]     Modifier group (radio): Drinks can
[2025-12-15 17:42:29] [INFO]     Title (new name): Drinks
[2025-12-15 17:42:29] [INFO]     Min: 2, Max: 2, Free: 0, Order: None
[2025-12-15 17:42:29] [INFO]     Found alternative drinks modifier: Drinks
[2025-12-15 17:42:29] [INFO]     Updated modifier_group 40657: name='Drinks', order=None
[2025-12-15 17:42:30] [INFO]   Found drinks section for: Large Pizza and Donair Special HIDE
[2025-12-15 17:42:30] [INFO]     Modifier group (radio): Drinks can
[2025-12-15 17:42:30] [INFO]     Title (new name): Drinks
[2025-12-15 17:42:30] [INFO]     Min: 2, Max: 2, Free: 0, Order: None
[2025-12-15 17:42:31] [INFO]     Found alternative drinks modifier: Drinks
[2025-12-15 17:42:31] [INFO]     Updated modifier_group 40658: name='Drinks', order=None
[2025-12-15 17:42:38] [INFO]   Completed: 5 drinks sections, 5 modifier groups updated
[2025-12-15 17:42:38] [INFO] ============================================================
[2025-12-15 17:42:38] [INFO] [2/132] Processing: Lucky Star Chinese Food (V3: 8, V1: 90)
[2025-12-15 17:42:38] [INFO] ============================================================
[2025-12-15 17:42:38] [INFO] Scraping combo drinks for: Lucky Star Chinese Food (V3: 8, V1: 90)
[2025-12-15 17:42:42] [INFO] Found 0 combo dishes for V1 restaurant 90
[2025-12-15 17:42:42] [INFO]   No combo dishes found
[2025-12-15 17:42:42] [INFO] ============================================================
[2025-12-15 17:42:42] [INFO] [3/132] Processing: New Mee Fung Restaurant (V3: 15, V1: 101)
[2025-12-15 17:42:42] [INFO] ============================================================
[2025-12-15 17:42:42] [INFO] Scraping combo drinks for: New Mee Fung Restaurant (V3: 15, V1: 101)
[2025-12-15 17:42:47] [INFO] Found 0 combo dishes for V1 restaurant 101
[2025-12-15 17:42:47] [INFO]   No combo dishes found
[2025-12-15 17:42:47] [INFO] ============================================================
[2025-12-15 17:42:47] [INFO] [4/132] Processing: Papa Pizza - Hull (V3: 70, V1: 184)
[2025-12-15 17:42:47] [INFO] ============================================================
[2025-12-15 17:42:47] [INFO] Scraping combo drinks for: Papa Pizza - Hull (V3: 70, V1: 184)
[2025-12-15 17:42:51] [INFO] Found 0 combo dishes for V1 restaurant 184
[2025-12-15 17:42:51] [INFO]   No combo dishes found
[2025-12-15 17:42:51] [INFO] ============================================================
[2025-12-15 17:42:51] [INFO] [5/132] Processing: Cathay Restaurants (V3: 72, V1: 187)
[2025-12-15 17:42:51] [INFO] ============================================================
[2025-12-15 17:42:51] [INFO] Scraping combo drinks for: Cathay Restaurants (V3: 72, V1: 187)
[2025-12-15 17:42:56] [INFO] Found 0 combo dishes for V1 restaurant 187
[2025-12-15 17:42:56] [INFO]   No combo dishes found
[2025-12-15 17:42:56] [INFO] ============================================================
[2025-12-15 17:42:56] [INFO] [6/132] Processing: Champa Thai Cuisine (V3: 87, V1: 203)
[2025-12-15 17:42:56] [INFO] ============================================================
[2025-12-15 17:42:56] [INFO] Scraping combo drinks for: Champa Thai Cuisine (V3: 87, V1: 203)
[2025-12-15 17:43:00] [INFO] Found 0 combo dishes for V1 restaurant 203
[2025-12-15 17:43:00] [INFO]   No combo dishes found
[2025-12-15 17:43:00] [INFO] ============================================================
[2025-12-15 17:43:00] [INFO] [7/132] Processing: Milano (V3: 88, V1: 204)
[2025-12-15 17:43:00] [INFO] ============================================================
[2025-12-15 17:43:00] [INFO] Scraping combo drinks for: Milano (V3: 88, V1: 204)
[2025-12-15 17:43:04] [INFO] Found 20 combo dishes for V1 restaurant 204
[2025-12-15 17:43:09] [INFO]   Found drinks section for: Combo No.1 HIDED
[2025-12-15 17:43:09] [INFO]     Modifier group (radio): Drinks can
[2025-12-15 17:43:09] [INFO]     Title (new name): Three 591ml pop
[2025-12-15 17:43:09] [INFO]     Min: 3, Max: 3, Free: 0, Order: None
[2025-12-15 17:43:09] [WARNING]   Modifier group 'Drinks can' not found for dish 158251
[2025-12-15 17:43:11] [INFO]   Found drinks section for: Combo No.2 HIDED
[2025-12-15 17:43:11] [INFO]     Modifier group (radio): Drinks can
[2025-12-15 17:43:11] [INFO]     Title (new name): Three 591ml pop
[2025-12-15 17:43:11] [INFO]     Min: 3, Max: 3, Free: 0, Order: None
[2025-12-15 17:43:11] [WARNING]   Modifier group 'Drinks can' not found for dish 158252
[2025-12-15 17:43:12] [INFO]   Found drinks section for: The Perfect Combo Deal with PopCurds
[2025-12-15 17:43:12] [INFO]     Modifier group (radio): Drinks can
[2025-12-15 17:43:12] [INFO]     Title (new name): First Two 591ml Drinks Free
[2025-12-15 17:43:12] [INFO]     Min: 2, Max: 0, Free: 2, Order: None
[2025-12-15 17:43:13] [INFO]     Found alternative drinks modifier: First Two 591ml Drinks Free
[2025-12-15 17:43:13] [INFO]     Updated modifier_group 40539: name='First Two 591ml Drinks Free', order=None
[2025-12-15 17:43:14] [INFO]   Found drinks section for: 1 Topping Pizza Deal
[2025-12-15 17:43:14] [INFO]     Modifier group (radio): Drinks can
[2025-12-15 17:43:14] [INFO]     Title (new name): First Two 591ml Drinks Free
[2025-12-15 17:43:14] [INFO]     Min: 2, Max: 0, Free: 2, Order: None
[2025-12-15 17:43:14] [INFO]     Found alternative drinks modifier: First Two 591ml Drinks Free
[2025-12-15 17:43:14] [INFO]     Updated modifier_group 40540: name='First Two 591ml Drinks Free', order=None
[2025-12-15 17:43:16] [INFO]   Found drinks section for: 2 Toppings Pizza Deal
[2025-12-15 17:43:16] [INFO]     Modifier group (radio): Drinks can
[2025-12-15 17:43:16] [INFO]     Title (new name): First Two 591ml Drinks Free
[2025-12-15 17:43:16] [INFO]     Min: 2, Max: 0, Free: 2, Order: None
[2025-12-15 17:43:16] [INFO]     Found alternative drinks modifier: First Two 591ml Drinks Free
[2025-12-15 17:43:16] [INFO]     Updated modifier_group 40541: name='First Two 591ml Drinks Free', order=None
[2025-12-15 17:43:18] [INFO]   Found drinks section for: 3 Toppings Pizza Deal
[2025-12-15 17:43:18] [INFO]     Modifier group (radio): Drinks can
[2025-12-15 17:43:18] [INFO]     Title (new name): First Two 591ml Drinks Free
[2025-12-15 17:43:18] [INFO]     Min: 2, Max: 0, Free: 2, Order: None
[2025-12-15 17:43:18] [INFO]     Found alternative drinks modifier: First Two 591ml Drinks Free
[2025-12-15 17:43:18] [INFO]     Updated modifier_group 40542: name='First Two 591ml Drinks Free', order=None
[2025-12-15 17:43:19] [INFO]   Found drinks section for: The Perfect Combo Deal with PopCurds
[2025-12-15 17:43:19] [INFO]     Modifier group (radio): Drinks can
[2025-12-15 17:43:19] [INFO]     Title (new name): First Two 591ml Drinks Free
[2025-12-15 17:43:19] [INFO]     Min: 2, Max: 0, Free: 2, Order: None
[2025-12-15 17:43:20] [INFO]     Found alternative drinks modifier: First Two 591ml Drinks Free
[2025-12-15 17:43:20] [INFO]     Updated modifier_group 27499: name='First Two 591ml Drinks Free', order=None
[2025-12-15 17:43:21] [INFO]   Found drinks section for: Small Pizza Everyday Special
[2025-12-15 17:43:21] [INFO]     Modifier group (radio): Drinks can
[2025-12-15 17:43:21] [INFO]     Title (new name): First Two 591ml Drinks Free
[2025-12-15 17:43:21] [INFO]     Min: 2, Max: 0, Free: 2, Order: None
[2025-12-15 17:43:22] [INFO]     Found alternative drinks modifier: First Two 591ml Drinks Free
[2025-12-15 17:43:22] [INFO]     Updated modifier_group 40543: name='First Two 591ml Drinks Free', order=None
[2025-12-15 17:43:23] [INFO]   Found drinks section for: Medium Pizza Everyday Special
[2025-12-15 17:43:23] [INFO]     Modifier group (radio): Drinks can
[2025-12-15 17:43:23] [INFO]     Title (new name): First Two 591ml Drinks Free
[2025-12-15 17:43:23] [INFO]     Min: 2, Max: 0, Free: 2, Order: None
[2025-12-15 17:43:23] [INFO]     Found alternative drinks modifier: First Two 591ml Drinks Free
[2025-12-15 17:43:23] [INFO]     Updated modifier_group 40544: name='First Two 591ml Drinks Free', order=None
[2025-12-15 17:43:25] [INFO]   Found drinks section for: Large Pizza Everyday Special
[2025-12-15 17:43:25] [INFO]     Modifier group (radio): Drinks can
[2025-12-15 17:43:25] [INFO]     Title (new name): First Two 591ml Drinks Free
[2025-12-15 17:43:25] [INFO]     Min: 2, Max: 0, Free: 2, Order: None
[2025-12-15 17:43:25] [INFO]     Found alternative drinks modifier: First Two 591ml Drinks Free
[2025-12-15 17:43:25] [INFO]     Updated modifier_group 40545: name='First Two 591ml Drinks Free', order=None
[2025-12-15 17:43:27] [INFO]   Found drinks section for: X-Large Pizza Everyday Special
[2025-12-15 17:43:27] [INFO]     Modifier group (radio): Drinks can
[2025-12-15 17:43:27] [INFO]     Title (new name): First Two 591ml Drinks Free
[2025-12-15 17:43:27] [INFO]     Min: 2, Max: 0, Free: 2, Order: None
[2025-12-15 17:43:27] [INFO]     Found alternative drinks modifier: First Two 591ml Drinks Free
[2025-12-15 17:43:27] [INFO]     Updated modifier_group 40546: name='First Two 591ml Drinks Free', order=None
[2025-12-15 17:43:31] [INFO]   Found drinks section for: One Topping
[2025-12-15 17:43:31] [INFO]     Modifier group (radio): Drinks can
[2025-12-15 17:43:31] [INFO]     Title (new name): First 591ml Drink Free
[2025-12-15 17:43:31] [INFO]     Min: 1, Max: 0, Free: 1, Order: None
[2025-12-15 17:43:31] [INFO]     Found alternative drinks modifier: First 591ml Drink Free
[2025-12-15 17:43:31] [INFO]     Updated modifier_group 40547: name='First 591ml Drink Free', order=None
[2025-12-15 17:43:33] [INFO]   Found drinks section for: Two Toppings HIDE
[2025-12-15 17:43:33] [INFO]     Modifier group (radio): Drinks can
[2025-12-15 17:43:33] [INFO]     Title (new name): First 591ml Drink Free
[2025-12-15 17:43:33] [INFO]     Min: 1, Max: 0, Free: 1, Order: None
[2025-12-15 17:43:33] [INFO]     Found alternative drinks modifier: First 591ml Drink Free
[2025-12-15 17:43:33] [INFO]     Updated modifier_group 40548: name='First 591ml Drink Free', order=None
[2025-12-15 17:43:35] [INFO]   Found drinks section for: 2 Pizza Deal 1 Topping & Two 591ml Drinks (V)
[2025-12-15 17:43:35] [INFO]     Modifier group (radio): Drinks can
[2025-12-15 17:43:35] [INFO]     Title (new name): First Two 591ml Drinks Free
[2025-12-15 17:43:35] [INFO]     Min: 2, Max: 0, Free: 2, Order: None
[2025-12-15 17:43:35] [INFO]     Found alternative drinks modifier: First Two 591ml Drinks Free
[2025-12-15 17:43:35] [INFO]     Updated modifier_group 40549: name='First Two 591ml Drinks Free', order=None
[2025-12-15 17:43:36] [INFO]   Found drinks section for: 2 Pizza Deal 2 Toppings & Two 591ml Drinks (V)
[2025-12-15 17:43:36] [INFO]     Modifier group (radio): Drinks can
[2025-12-15 17:43:36] [INFO]     Title (new name): First Two 591ml Drinks Free
[2025-12-15 17:43:36] [INFO]     Min: 2, Max: 0, Free: 2, Order: None
[2025-12-15 17:43:37] [INFO]     Found alternative drinks modifier: First Two 591ml Drinks Free
[2025-12-15 17:43:37] [INFO]     Updated modifier_group 40550: name='First Two 591ml Drinks Free', order=None
[2025-12-15 17:43:38] [INFO]   Found drinks section for: 2 Pizza Deal 3 Toppings & Two 591ml Drinks (V)
[2025-12-15 17:43:38] [INFO]     Modifier group (radio): Drinks can
[2025-12-15 17:43:38] [INFO]     Title (new name): First Two 591ml Drinks Free
[2025-12-15 17:43:38] [INFO]     Min: 2, Max: 0, Free: 2, Order: None
[2025-12-15 17:43:38] [INFO]     Found alternative drinks modifier: First Two 591ml Drinks Free
[2025-12-15 17:43:39] [INFO]     Updated modifier_group 40551: name='First Two 591ml Drinks Free', order=None
[2025-12-15 17:43:39] [INFO]   Completed: 14 drinks sections, 14 modifier groups updated
[2025-12-15 17:43:39] [INFO] ============================================================
[2025-12-15 17:43:39] [INFO] [8/132] Processing: Milano (V3: 89, V1: 205)
[2025-12-15 17:43:39] [INFO] ============================================================
[2025-12-15 17:43:39] [INFO] Scraping combo drinks for: Milano (V3: 89, V1: 205)
[2025-12-15 17:43:44] [INFO] Found 16 combo dishes for V1 restaurant 205
[2025-12-15 17:43:45] [INFO]   Found drinks section for: Combo No.1 HIDED
[2025-12-15 17:43:45] [INFO]     Modifier group (radio): Drinks
[2025-12-15 17:43:45] [INFO]     Title (new name): Three 591ml pop
[2025-12-15 17:43:45] [INFO]     Min: 3, Max: 3, Free: 0, Order: None
[2025-12-15 17:43:46] [WARNING]   Modifier group 'Drinks' not found for dish 139236
[2025-12-15 17:43:47] [INFO]   Found drinks section for: Combo No.2 HIDED
[2025-12-15 17:43:47] [INFO]     Modifier group (radio): Drinks
[2025-12-15 17:43:47] [INFO]     Title (new name): Three 591ml pop
[2025-12-15 17:43:47] [INFO]     Min: 3, Max: 3, Free: 0, Order: None
[2025-12-15 17:43:47] [WARNING]   Modifier group 'Drinks' not found for dish 139237
[2025-12-15 17:43:49] [INFO]   Found drinks section for: The Perfect Combo Deal with PopCurds
[2025-12-15 17:43:49] [INFO]     Modifier group (radio): Drinks
[2025-12-15 17:43:49] [INFO]     Title (new name): First Two 591ml Drinks Free
[2025-12-15 17:43:49] [INFO]     Min: 2, Max: 0, Free: 2, Order: None
[2025-12-15 17:43:49] [INFO]     Found alternative drinks modifier: First Two 591ml Drinks Free
[2025-12-15 17:43:49] [INFO]     Updated modifier_group 40552: name='First Two 591ml Drinks Free', order=None
[2025-12-15 17:43:51] [INFO]   Found drinks section for: 1 Topping Pizza Deal
[2025-12-15 17:43:51] [INFO]     Modifier group (radio): Drinks
[2025-12-15 17:43:51] [INFO]     Title (new name): First Two 591ml Drinks Free
[2025-12-15 17:43:51] [INFO]     Min: 2, Max: 0, Free: 2, Order: None
[2025-12-15 17:43:51] [INFO]     Found alternative drinks modifier: First Two 591ml Drinks Free
[2025-12-15 17:43:51] [INFO]     Updated modifier_group 40553: name='First Two 591ml Drinks Free', order=None
[2025-12-15 17:43:53] [INFO]   Found drinks section for: 2 Toppings Pizza Deal
[2025-12-15 17:43:53] [INFO]     Modifier group (radio): Drinks
[2025-12-15 17:43:53] [INFO]     Title (new name): First Two 591ml Drinks Free
[2025-12-15 17:43:53] [INFO]     Min: 2, Max: 0, Free: 2, Order: None
[2025-12-15 17:43:53] [INFO]     Found alternative drinks modifier: First Two 591ml Drinks Free
[2025-12-15 17:43:53] [INFO]     Updated modifier_group 40554: name='First Two 591ml Drinks Free', order=None
[2025-12-15 17:43:54] [INFO]   Found drinks section for: 3 Toppings Pizza Deal
[2025-12-15 17:43:54] [INFO]     Modifier group (radio): Drinks
[2025-12-15 17:43:54] [INFO]     Title (new name): First Two 591ml Drinks Free
[2025-12-15 17:43:54] [INFO]     Min: 2, Max: 0, Free: 2, Order: None
[2025-12-15 17:43:55] [INFO]     Found alternative drinks modifier: First Two 591ml Drinks Free
[2025-12-15 17:43:55] [INFO]     Updated modifier_group 40555: name='First Two 591ml Drinks Free', order=None
[2025-12-15 17:43:56] [INFO]   Found drinks section for: The Perfect Combo Deal with PopCurds
[2025-12-15 17:43:56] [INFO]     Modifier group (radio): Drinks
[2025-12-15 17:43:56] [INFO]     Title (new name): First Two 591ml Drinks Free
[2025-12-15 17:43:56] [INFO]     Min: 2, Max: 0, Free: 2, Order: None
[2025-12-15 17:43:57] [INFO]     Found alternative drinks modifier: First Two 591ml Drinks Free
[2025-12-15 17:43:57] [INFO]     Updated modifier_group 8508: name='First Two 591ml Drinks Free', order=None
[2025-12-15 17:43:58] [INFO]   Found drinks section for: Large Pizza 3 Toppings
[2025-12-15 17:43:58] [INFO]     Modifier group (radio): Drinks
[2025-12-15 17:43:58] [INFO]     Title (new name): First Two 591ml Drinks Free
[2025-12-15 17:43:58] [INFO]     Min: 2, Max: 0, Free: 2, Order: None
[2025-12-15 17:43:58] [INFO]     Found alternative drinks modifier: First Two 591ml Drinks Free
[2025-12-15 17:43:59] [INFO]     Updated modifier_group 40556: name='First Two 591ml Drinks Free', order=None
[2025-12-15 17:44:00] [INFO]   Found drinks section for: Medium Pizza 3 Toppings
[2025-12-15 17:44:00] [INFO]     Modifier group (radio): Drinks
[2025-12-15 17:44:00] [INFO]     Title (new name): First Two 591ml Drinks Free
[2025-12-15 17:44:00] [INFO]     Min: 2, Max: 0, Free: 2, Order: None
[2025-12-15 17:44:00] [INFO]     Found alternative drinks modifier: First Two 591ml Drinks Free
[2025-12-15 17:44:00] [INFO]     Updated modifier_group 40557: name='First Two 591ml Drinks Free', order=None
[2025-12-15 17:44:02] [INFO]   Found drinks section for: 1 Topping
[2025-12-15 17:44:02] [INFO]     Modifier group (radio): Drinks
[2025-12-15 17:44:02] [INFO]     Title (new name): First 591ml Drink Free
[2025-12-15 17:44:02] [INFO]     Min: 1, Max: 0, Free: 1, Order: None
[2025-12-15 17:44:02] [INFO]     Found alternative drinks modifier: First 591ml Drink Free
[2025-12-15 17:44:02] [INFO]     Updated modifier_group 40558: name='First 591ml Drink Free', order=None
[2025-12-15 17:44:04] [INFO]   Found drinks section for: 2 Toppings
[2025-12-15 17:44:04] [INFO]     Modifier group (radio): Drinks
[2025-12-15 17:44:04] [INFO]     Title (new name): First 591ml Drink Free
[2025-12-15 17:44:04] [INFO]     Min: 1, Max: 0, Free: 1, Order: None
[2025-12-15 17:44:04] [INFO]     Found alternative drinks modifier: First 591ml Drink Free
[2025-12-15 17:44:04] [INFO]     Updated modifier_group 40559: name='First 591ml Drink Free', order=None
[2025-12-15 17:44:06] [INFO]   Found drinks section for: 3 Toppings
[2025-12-15 17:44:06] [INFO]     Modifier group (radio): Drinks
[2025-12-15 17:44:06] [INFO]     Title (new name): First 591ml Drink Free
[2025-12-15 17:44:06] [INFO]     Min: 1, Max: 0, Free: 1, Order: None
[2025-12-15 17:44:06] [INFO]     Found alternative drinks modifier: First 591ml Drink Free
[2025-12-15 17:44:06] [INFO]     Updated modifier_group 40560: name='First 591ml Drink Free', order=None
[2025-12-15 17:44:08] [INFO]   Found drinks section for: 4 Toppings
[2025-12-15 17:44:08] [INFO]     Modifier group (radio): Drinks
[2025-12-15 17:44:08] [INFO]     Title (new name): First 591ml Drink Free
[2025-12-15 17:44:08] [INFO]     Min: 1, Max: 0, Free: 1, Order: None
[2025-12-15 17:44:08] [INFO]     Found alternative drinks modifier: First 591ml Drink Free
[2025-12-15 17:44:08] [INFO]     Updated modifier_group 40561: name='First 591ml Drink Free', order=None
[2025-12-15 17:44:09] [INFO]   Found drinks section for: 1 Topping Pizza Deal (V)
[2025-12-15 17:44:09] [INFO]     Modifier group (radio): Drinks
[2025-12-15 17:44:09] [INFO]     Title (new name): First Two 591ml Drinks Free
[2025-12-15 17:44:09] [INFO]     Min: 2, Max: 0, Free: 2, Order: None
[2025-12-15 17:44:10] [INFO]     Found alternative drinks modifier: First Two 591ml Drinks Free
[2025-12-15 17:44:10] [INFO]     Updated modifier_group 40562: name='First Two 591ml Drinks Free', order=None
[2025-12-15 17:44:11] [INFO]   Found drinks section for: 2 Toppings Pizza Deal (V)
[2025-12-15 17:44:11] [INFO]     Modifier group (radio): Drinks
[2025-12-15 17:44:11] [INFO]     Title (new name): First Two 591ml Drinks Free
[2025-12-15 17:44:11] [INFO]     Min: 2, Max: 0, Free: 2, Order: None
[2025-12-15 17:44:12] [INFO]     Found alternative drinks modifier: First Two 591ml Drinks Free
[2025-12-15 17:44:12] [INFO]     Updated modifier_group 40563: name='First Two 591ml Drinks Free', order=None
[2025-12-15 17:44:13] [INFO]   Found drinks section for: 3 Toppings Pizza Deal (V)
[2025-12-15 17:44:13] [INFO]     Modifier group (radio): Drinks
[2025-12-15 17:44:13] [INFO]     Title (new name): First Two 591ml Drinks Free
[2025-12-15 17:44:13] [INFO]     Min: 2, Max: 0, Free: 2, Order: None
[2025-12-15 17:44:13] [INFO]     Found alternative drinks modifier: First Two 591ml Drinks Free
[2025-12-15 17:44:14] [INFO]     Updated modifier_group 40564: name='First Two 591ml Drinks Free', order=None
[2025-12-15 17:44:14] [INFO]   Completed: 14 drinks sections, 14 modifier groups updated
[2025-12-15 17:44:14] [INFO] ============================================================
[2025-12-15 17:44:14] [INFO] [9/132] Processing: Milano (V3: 91, V1: 207)
[2025-12-15 17:44:14] [INFO] ============================================================
[2025-12-15 17:44:14] [INFO] Scraping combo drinks for: Milano (V3: 91, V1: 207)
[2025-12-15 17:44:20] [INFO] Found 22 combo dishes for V1 restaurant 207
[2025-12-15 17:44:21] [INFO]   Found drinks section for: Combo No.1 HIDED
[2025-12-15 17:44:21] [INFO]     Modifier group (radio): Drinks can
[2025-12-15 17:44:21] [INFO]     Title (new name): Three 591ml pop
[2025-12-15 17:44:21] [INFO]     Min: 3, Max: 3, Free: 0, Order: None
[2025-12-15 17:44:22] [WARNING]   Modifier group 'Drinks can' not found for dish 139845
[2025-12-15 17:44:23] [INFO]   Found drinks section for: Combo No.2 HIDED
[2025-12-15 17:44:23] [INFO]     Modifier group (radio): Drinks can
[2025-12-15 17:44:23] [INFO]     Title (new name): Three 591ml pop
[2025-12-15 17:44:23] [INFO]     Min: 3, Max: 3, Free: 0, Order: None
[2025-12-15 17:44:23] [WARNING]   Modifier group 'Drinks can' not found for dish 139846
[2025-12-15 17:44:25] [INFO]   Found drinks section for: Small Perfect Combo Deal with PopCurds
[2025-12-15 17:44:25] [INFO]     Modifier group (radio): Drinks can
[2025-12-15 17:44:25] [INFO]     Title (new name): First Two 591ml Drinks Free
[2025-12-15 17:44:25] [INFO]     Min: 2, Max: 0, Free: 2, Order: None
[2025-12-15 17:44:25] [INFO]     Found alternative drinks modifier: First Two 591ml Drinks Free
[2025-12-15 17:44:25] [INFO]     Updated modifier_group 40569: name='First Two 591ml Drinks Free', order=None
[2025-12-15 17:44:27] [INFO]   Found drinks section for: Medium Perfect Combo Deal with PopCurds
[2025-12-15 17:44:27] [INFO]     Modifier group (radio): Drinks can
[2025-12-15 17:44:27] [INFO]     Title (new name): First Two 591ml Drinks Free
[2025-12-15 17:44:27] [INFO]     Min: 2, Max: 0, Free: 2, Order: None
[2025-12-15 17:44:27] [INFO]     Found alternative drinks modifier: First Two 591ml Drinks Free
[2025-12-15 17:44:27] [INFO]     Updated modifier_group 40570: name='First Two 591ml Drinks Free', order=None
[2025-12-15 17:44:29] [INFO]   Found drinks section for: Large Perfect Combo Deal with PopCurds
[2025-12-15 17:44:29] [INFO]     Modifier group (radio): Drinks can
[2025-12-15 17:44:29] [INFO]     Title (new name): First Two 591ml Drinks Free
[2025-12-15 17:44:29] [INFO]     Min: 2, Max: 0, Free: 2, Order: None
[2025-12-15 17:44:29] [INFO]     Found alternative drinks modifier: First Two 591ml Drinks Free
[2025-12-15 17:44:29] [INFO]     Updated modifier_group 40571: name='First Two 591ml Drinks Free', order=None
[2025-12-15 17:44:30] [INFO]   Found drinks section for: Small Perfect Combo Deal with PopCurds
[2025-12-15 17:44:30] [INFO]     Modifier group (radio): Drinks can
[2025-12-15 17:44:30] [INFO]     Title (new name): First Two 591ml Drinks Free
[2025-12-15 17:44:30] [INFO]     Min: 2, Max: 0, Free: 2, Order: None
[2025-12-15 17:44:31] [INFO]     Found alternative drinks modifier: First Two 591ml Drinks Free
[2025-12-15 17:44:31] [INFO]     Updated modifier_group 8997: name='First Two 591ml Drinks Free', order=None
[2025-12-15 17:44:32] [INFO]   Found drinks section for: Medium Perfect Combo Deal with PopCurds
[2025-12-15 17:44:32] [INFO]     Modifier group (radio): Drinks can
[2025-12-15 17:44:32] [INFO]     Title (new name): First Two 591ml Drinks Free
[2025-12-15 17:44:32] [INFO]     Min: 2, Max: 0, Free: 2, Order: None
[2025-12-15 17:44:32] [INFO]     Found alternative drinks modifier: First Two 591ml Drinks Free
[2025-12-15 17:44:33] [INFO]     Updated modifier_group 8998: name='First Two 591ml Drinks Free', order=None
[2025-12-15 17:44:34] [INFO]   Found drinks section for: Large Perfect Combo Deal with PopCurds
[2025-12-15 17:44:34] [INFO]     Modifier group (radio): Drinks can
[2025-12-15 17:44:34] [INFO]     Title (new name): First Two 591ml Drinks Free
[2025-12-15 17:44:34] [INFO]     Min: 2, Max: 0, Free: 2, Order: None
[2025-12-15 17:44:34] [INFO]     Found alternative drinks modifier: First Two 591ml Drinks Free
[2025-12-15 17:44:34] [INFO]     Updated modifier_group 8999: name='First Two 591ml Drinks Free', order=None
[2025-12-15 17:44:36] [INFO]   Found drinks section for: 1 Topping Pizza Deal
[2025-12-15 17:44:36] [INFO]     Modifier group (radio): Drinks can
[2025-12-15 17:44:36] [INFO]     Title (new name): First Two 591ml Drinks Free
[2025-12-15 17:44:36] [INFO]     Min: 2, Max: 0, Free: 2, Order: None
[2025-12-15 17:44:36] [INFO]     Found alternative drinks modifier: First Two 591ml Drinks Free
[2025-12-15 17:44:36] [INFO]     Updated modifier_group 40572: name='First Two 591ml Drinks Free', order=None
[2025-12-15 17:44:38] [INFO]   Found drinks section for: 2 Toppings Pizza Deal
[2025-12-15 17:44:38] [INFO]     Modifier group (radio): Drinks can
[2025-12-15 17:44:38] [INFO]     Title (new name): First Two 591ml Drinks Free
[2025-12-15 17:44:38] [INFO]     Min: 2, Max: 0, Free: 2, Order: None
[2025-12-15 17:44:38] [INFO]     Found alternative drinks modifier: First Two 591ml Drinks Free
[2025-12-15 17:44:38] [INFO]     Updated modifier_group 40573: name='First Two 591ml Drinks Free', order=None
[2025-12-15 17:44:40] [INFO]   Found drinks section for: 3 Toppings Pizza Deal
[2025-12-15 17:44:40] [INFO]     Modifier group (radio): Drinks can
[2025-12-15 17:44:40] [INFO]     Title (new name): First Two 591ml Drinks Free
[2025-12-15 17:44:40] [INFO]     Min: 2, Max: 0, Free: 2, Order: None
[2025-12-15 17:44:40] [INFO]     Found alternative drinks modifier: First Two 591ml Drinks Free
[2025-12-15 17:44:40] [INFO]     Updated modifier_group 40574: name='First Two 591ml Drinks Free', order=None
[2025-12-15 17:44:42] [INFO]   Found drinks section for: 4 Toppings Pizza Deal HIDE
[2025-12-15 17:44:42] [INFO]     Modifier group (radio): Drinks can
[2025-12-15 17:44:42] [INFO]     Title (new name): First Two 591ml Drinks Free
[2025-12-15 17:44:42] [INFO]     Min: 2, Max: 0, Free: 2, Order: None
[2025-12-15 17:44:42] [INFO]     Found alternative drinks modifier: First Two 591ml Drinks Free
[2025-12-15 17:44:42] [INFO]     Updated modifier_group 40575: name='First Two 591ml Drinks Free', order=None
[2025-12-15 17:44:44] [INFO]   Found drinks section for: Pizza Wings and Pepsi
[2025-12-15 17:44:44] [INFO]     Modifier group (radio): Drinks can
[2025-12-15 17:44:44] [INFO]     Title (new name): First Two 591ml Drinks Free
[2025-12-15 17:44:44] [INFO]     Min: 2, Max: 0, Free: 2, Order: None
[2025-12-15 17:44:44] [INFO]     Found alternative drinks modifier: First Two 591ml Drinks Free
[2025-12-15 17:44:44] [INFO]     Updated modifier_group 40576: name='First Two 591ml Drinks Free', order=None
[2025-12-15 17:44:45] [INFO]   Found drinks section for: Large Pizza Deal with Appetizer
[2025-12-15 17:44:45] [INFO]     Modifier group (radio): Drinks can
[2025-12-15 17:44:45] [INFO]     Title (new name): First Two 591ml Drinks Free
[2025-12-15 17:44:45] [INFO]     Min: 2, Max: 0, Free: 2, Order: None
[2025-12-15 17:44:46] [INFO]     Found alternative drinks modifier: First Two 591ml Drinks Free
[2025-12-15 17:44:46] [INFO]     Updated modifier_group 40577: name='First Two 591ml Drinks Free', order=None
[2025-12-15 17:44:47] [INFO]   Found drinks section for: Medium Pizza Deal
[2025-12-15 17:44:47] [INFO]     Modifier group (radio): Drinks can
[2025-12-15 17:44:47] [INFO]     Title (new name): First Two 591ml Drinks Free
[2025-12-15 17:44:47] [INFO]     Min: 2, Max: 0, Free: 2, Order: None
[2025-12-15 17:44:48] [INFO]     Found alternative drinks modifier: First Two 591ml Drinks Free
[2025-12-15 17:44:48] [INFO]     Updated modifier_group 40578: name='First Two 591ml Drinks Free', order=None
[2025-12-15 17:44:49] [INFO]   Found drinks section for: 3 Small Pizzas & Three 591ml Pepsi Product
[2025-12-15 17:44:49] [INFO]     Modifier group (radio): Drinks can
[2025-12-15 17:44:49] [INFO]     Title (new name): First Three 591ml Drinks Free
[2025-12-15 17:44:49] [INFO]     Min: 3, Max: 0, Free: 3, Order: None
[2025-12-15 17:44:49] [INFO]     Found alternative drinks modifier: First Three 591ml Drinks Free
[2025-12-15 17:44:50] [INFO]     Updated modifier_group 40579: name='First Three 591ml Drinks Free', order=None
[2025-12-15 17:44:51] [INFO]   Found drinks section for: 2 Large Donairs
[2025-12-15 17:44:51] [INFO]     Modifier group (radio): Drinks can
[2025-12-15 17:44:51] [INFO]     Title (new name): First Two 591ml Drinks Free
[2025-12-15 17:44:51] [INFO]     Min: 2, Max: 0, Free: 2, Order: None
[2025-12-15 17:44:51] [INFO]     Found alternative drinks modifier: First Two 591ml Drinks Free
[2025-12-15 17:44:51] [INFO]     Updated modifier_group 40580: name='First Two 591ml Drinks Free', order=None
[2025-12-15 17:44:53] [INFO]   Found drinks section for: 2 Chicken Wraps HIDE
[2025-12-15 17:44:53] [INFO]     Modifier group (radio): Drinks can
[2025-12-15 17:44:53] [INFO]     Title (new name): First Two 591ml Drinks Free
[2025-12-15 17:44:53] [INFO]     Min: 2, Max: 0, Free: 2, Order: None
[2025-12-15 17:44:53] [INFO]     Found alternative drinks modifier: First Two 591ml Drinks Free
[2025-12-15 17:44:53] [INFO]     Updated modifier_group 40581: name='First Two 591ml Drinks Free', order=None
[2025-12-15 17:44:55] [INFO]   Found drinks section for: One Topping
[2025-12-15 17:44:55] [INFO]     Modifier group (radio): Drinks can
[2025-12-15 17:44:55] [INFO]     Title (new name): First 591ml Drink Free
[2025-12-15 17:44:55] [INFO]     Min: 1, Max: 0, Free: 1, Order: None
[2025-12-15 17:44:56] [INFO]     Found alternative drinks modifier: First 591ml Drink Free
[2025-12-15 17:44:56] [INFO]     Updated modifier_group 40582: name='First 591ml Drink Free', order=None
[2025-12-15 17:44:57] [INFO]   Found drinks section for: 2 Pizza Deal 1 Topping & Two 591ml Drinks (V)
[2025-12-15 17:44:57] [INFO]     Modifier group (radio): Drinks can
[2025-12-15 17:44:57] [INFO]     Title (new name): First Two 591ml Drinks Free
[2025-12-15 17:44:57] [INFO]     Min: 2, Max: 0, Free: 2, Order: None
[2025-12-15 17:44:58] [INFO]     Found alternative drinks modifier: First Two 591ml Drinks Free
[2025-12-15 17:44:58] [INFO]     Updated modifier_group 40583: name='First Two 591ml Drinks Free', order=None
[2025-12-15 17:44:59] [INFO]   Found drinks section for: 2 Pizza Deal 2 Toppings & Two 591ml Drinks (V)
[2025-12-15 17:44:59] [INFO]     Modifier group (radio): Drinks can
[2025-12-15 17:44:59] [INFO]     Title (new name): First Two 591ml Drinks Free
[2025-12-15 17:44:59] [INFO]     Min: 2, Max: 0, Free: 2, Order: None
[2025-12-15 17:44:59] [INFO]     Found alternative drinks modifier: First Two 591ml Drinks Free
[2025-12-15 17:45:00] [INFO]     Updated modifier_group 40584: name='First Two 591ml Drinks Free', order=None
[2025-12-15 17:45:01] [INFO]   Found drinks section for: 2 Pizza Deal 3 Toppings & Two 591ml Drinks (V)
[2025-12-15 17:45:01] [INFO]     Modifier group (radio): Drinks can
[2025-12-15 17:45:01] [INFO]     Title (new name): First Two 591ml Drinks Free
[2025-12-15 17:45:01] [INFO]     Min: 2, Max: 0, Free: 2, Order: None
[2025-12-15 17:45:01] [INFO]     Found alternative drinks modifier: First Two 591ml Drinks Free
[2025-12-15 17:45:01] [INFO]     Updated modifier_group 40585: name='First Two 591ml Drinks Free', order=None
[2025-12-15 17:45:01] [INFO]   Completed: 20 drinks sections, 20 modifier groups updated
[2025-12-15 17:45:01] [INFO] ============================================================
[2025-12-15 17:45:01] [INFO] [10/132] Processing: Milano (V3: 93, V1: 209)
[2025-12-15 17:45:01] [INFO] ============================================================
[2025-12-15 17:45:01] [INFO] Scraping combo drinks for: Milano (V3: 93, V1: 209)
[2025-12-15 17:45:07] [INFO] Found 16 combo dishes for V1 restaurant 209
[2025-12-15 17:45:08] [INFO]   Found drinks section for: Combo No.1 HIDED
[2025-12-15 17:45:08] [INFO]     Modifier group (radio): Drinks Can
[2025-12-15 17:45:08] [INFO]     Title (new name): Three 591ml pop
[2025-12-15 17:45:08] [INFO]     Min: 3, Max: 3, Free: 0, Order: None
[2025-12-15 17:45:09] [WARNING]   Modifier group 'Drinks Can' not found for dish 139596
[2025-12-15 17:45:10] [INFO]   Found drinks section for: Combo No.2 HIDED
[2025-12-15 17:45:10] [INFO]     Modifier group (radio): Drinks Can
[2025-12-15 17:45:10] [INFO]     Title (new name): Three 591ml pop
[2025-12-15 17:45:10] [INFO]     Min: 3, Max: 3, Free: 0, Order: None
[2025-12-15 17:45:10] [WARNING]   Modifier group 'Drinks Can' not found for dish 139597
[2025-12-15 17:45:12] [INFO]   Found drinks section for: The Perfect Combo Deal with PopCurds
[2025-12-15 17:45:12] [INFO]     Modifier group (radio): Drinks Can
[2025-12-15 17:45:12] [INFO]     Title (new name): First Two 591ml Drinks Free
[2025-12-15 17:45:12] [INFO]     Min: 2, Max: 0, Free: 2, Order: None
[2025-12-15 17:45:12] [INFO]     Found alternative drinks modifier: First Two 591ml Drinks Free
[2025-12-15 17:45:12] [INFO]     Updated modifier_group 40592: name='First Two 591ml Drinks Free', order=None
[2025-12-15 17:45:14] [INFO]   Found drinks section for: 1 Topping 2 Pizza Deal
[2025-12-15 17:45:14] [INFO]     Modifier group (radio): Drinks Can
[2025-12-15 17:45:14] [INFO]     Title (new name): First Two 591ml Drinks Free
[2025-12-15 17:45:14] [INFO]     Min: 2, Max: 0, Free: 2, Order: None
[2025-12-15 17:45:14] [INFO]     Found alternative drinks modifier: First Two 591ml Drinks Free
[2025-12-15 17:45:14] [INFO]     Updated modifier_group 40593: name='First Two 591ml Drinks Free', order=None
[2025-12-15 17:45:15] [INFO]   Found drinks section for: 2 Toppings 2 Pizza Deal
[2025-12-15 17:45:15] [INFO]     Modifier group (radio): Drinks Can
[2025-12-15 17:45:15] [INFO]     Title (new name): First Two 591ml Drinks Free
[2025-12-15 17:45:15] [INFO]     Min: 2, Max: 0, Free: 2, Order: None
[2025-12-15 17:45:16] [INFO]     Found alternative drinks modifier: First Two 591ml Drinks Free
[2025-12-15 17:45:16] [INFO]     Updated modifier_group 40594: name='First Two 591ml Drinks Free', order=None
[2025-12-15 17:45:17] [INFO]   Found drinks section for: 3 Toppings 2 Pizza Deal
[2025-12-15 17:45:17] [INFO]     Modifier group (radio): Drinks Can
[2025-12-15 17:45:17] [INFO]     Title (new name): First Two 591ml Drinks Free
[2025-12-15 17:45:17] [INFO]     Min: 2, Max: 0, Free: 2, Order: None
[2025-12-15 17:45:18] [INFO]     Found alternative drinks modifier: First Two 591ml Drinks Free
[2025-12-15 17:45:18] [INFO]     Updated modifier_group 40595: name='First Two 591ml Drinks Free', order=None
[2025-12-15 17:45:22] [INFO]   Found drinks section for: The Perfect Combo Deal with PopCurds
[2025-12-15 17:45:22] [INFO]     Modifier group (radio): Drinks Can
[2025-12-15 17:45:22] [INFO]     Title (new name): First Two 591ml Drinks Free
[2025-12-15 17:45:22] [INFO]     Min: 2, Max: 0, Free: 2, Order: None
[2025-12-15 17:45:23] [INFO]     Found alternative drinks modifier: First Two 591ml Drinks Free
[2025-12-15 17:45:23] [INFO]     Updated modifier_group 9501: name='First Two 591ml Drinks Free', order=None
[2025-12-15 17:45:24] [INFO]   Found drinks section for: Large Pizza Special
[2025-12-15 17:45:24] [INFO]     Modifier group (radio): Drinks Can
[2025-12-15 17:45:24] [INFO]     Title (new name): First Two 591ml Drinks Free
[2025-12-15 17:45:24] [INFO]     Min: 2, Max: 0, Free: 2, Order: None
[2025-12-15 17:45:24] [INFO]     Found alternative drinks modifier: First Two 591ml Drinks Free
[2025-12-15 17:45:25] [INFO]     Updated modifier_group 40596: name='First Two 591ml Drinks Free', order=None
[2025-12-15 17:45:26] [INFO]   Found drinks section for: Medium Pizza Special
[2025-12-15 17:45:26] [INFO]     Modifier group (radio): Drinks Can
[2025-12-15 17:45:26] [INFO]     Title (new name): First Two 591ml Drinks Free
[2025-12-15 17:45:26] [INFO]     Min: 2, Max: 0, Free: 2, Order: None
[2025-12-15 17:45:26] [INFO]     Found alternative drinks modifier: First Two 591ml Drinks Free
[2025-12-15 17:45:26] [INFO]     Updated modifier_group 40597: name='First Two 591ml Drinks Free', order=None
[2025-12-15 17:45:31] [INFO]   Found drinks section for: 2 Pizza Deal 1 Topping & Two 591ml Drinks (V)
[2025-12-15 17:45:31] [INFO]     Modifier group (radio): Drinks Can
[2025-12-15 17:45:31] [INFO]     Title (new name): First Two 591ml Drinks Free
[2025-12-15 17:45:31] [INFO]     Min: 2, Max: 0, Free: 2, Order: None
[2025-12-15 17:45:31] [INFO]     Found alternative drinks modifier: First Two 591ml Drinks Free
[2025-12-15 17:45:31] [INFO]     Updated modifier_group 40598: name='First Two 591ml Drinks Free', order=None
[2025-12-15 17:45:33] [INFO]   Found drinks section for: 2 Pizza Deal 2 Toppings & Two 591ml Drinks (V)
[2025-12-15 17:45:33] [INFO]     Modifier group (radio): Drinks Can
[2025-12-15 17:45:33] [INFO]     Title (new name): First Two 591ml Drinks Free
[2025-12-15 17:45:33] [INFO]     Min: 2, Max: 0, Free: 2, Order: None
[2025-12-15 17:45:33] [INFO]     Found alternative drinks modifier: First Two 591ml Drinks Free
[2025-12-15 17:45:33] [INFO]     Updated modifier_group 9825: name='First Two 591ml Drinks Free', order=None
[2025-12-15 17:45:35] [INFO]   Found drinks section for: 2 Pizza Deal 3 Toppings & Two 591ml Drinks (V)
[2025-12-15 17:45:35] [INFO]     Modifier group (radio): Drinks Can
[2025-12-15 17:45:35] [INFO]     Title (new name): First Two 591ml Drinks Free
[2025-12-15 17:45:35] [INFO]     Min: 2, Max: 0, Free: 2, Order: None
[2025-12-15 17:45:35] [INFO]     Found alternative drinks modifier: First Two 591ml Drinks Free
[2025-12-15 17:45:35] [INFO]     Updated modifier_group 40600: name='First Two 591ml Drinks Free', order=None
[2025-12-15 17:45:35] [INFO]   Completed: 10 drinks sections, 10 modifier groups updated
[2025-12-15 17:45:35] [INFO] ============================================================
[2025-12-15 17:45:35] [INFO] [11/132] Processing: Milano (V3: 95, V1: 211)
[2025-12-15 17:45:35] [INFO] ============================================================
[2025-12-15 17:45:35] [INFO] Scraping combo drinks for: Milano (V3: 95, V1: 211)
[2025-12-15 17:45:40] [INFO] Found 18 combo dishes for V1 restaurant 211
[2025-12-15 17:45:42] [INFO]   Found drinks section for: Combo No.1 HIDED
[2025-12-15 17:45:42] [INFO]     Modifier group (radio): Drinks can
[2025-12-15 17:45:42] [INFO]     Title (new name): Three 591ml pop
[2025-12-15 17:45:42] [INFO]     Min: 3, Max: 3, Free: 0, Order: None
[2025-12-15 17:45:42] [WARNING]   Modifier group 'Drinks can' not found for dish 140087
[2025-12-15 17:45:44] [INFO]   Found drinks section for: Combo No.2 HIDED
[2025-12-15 17:45:44] [INFO]     Modifier group (radio): Drinks can
[2025-12-15 17:45:44] [INFO]     Title (new name): Three 591ml pop
[2025-12-15 17:45:44] [INFO]     Min: 3, Max: 3, Free: 0, Order: None
[2025-12-15 17:45:44] [WARNING]   Modifier group 'Drinks can' not found for dish 140088
[2025-12-15 17:45:45] [INFO]   Found drinks section for: The Perfect Combo Deal with PopCurds
[2025-12-15 17:45:45] [INFO]     Modifier group (radio): Drinks can
[2025-12-15 17:45:45] [INFO]     Title (new name): First Two 591ml Drinks Free
[2025-12-15 17:45:45] [INFO]     Min: 2, Max: 0, Free: 2, Order: None
[2025-12-15 17:45:46] [INFO]     Found alternative drinks modifier: First Two 591ml Drinks Free
[2025-12-15 17:45:46] [INFO]     Updated modifier_group 40601: name='First Two 591ml Drinks Free', order=None
[2025-12-15 17:45:47] [INFO]   Found drinks section for: 1 Topping 2 Pizza Deal
[2025-12-15 17:45:47] [INFO]     Modifier group (radio): Drinks can
[2025-12-15 17:45:47] [INFO]     Title (new name): First Two 591ml Drinks Free
[2025-12-15 17:45:47] [INFO]     Min: 2, Max: 0, Free: 2, Order: None
[2025-12-15 17:45:47] [INFO]     Found alternative drinks modifier: First Two 591ml Drinks Free
[2025-12-15 17:45:48] [INFO]     Updated modifier_group 40602: name='First Two 591ml Drinks Free', order=None
[2025-12-15 17:45:49] [INFO]   Found drinks section for: 2 Toppings 2 Pizza Deal
[2025-12-15 17:45:49] [INFO]     Modifier group (radio): Drinks can
[2025-12-15 17:45:49] [INFO]     Title (new name): First Two 591ml Drinks Free
[2025-12-15 17:45:49] [INFO]     Min: 2, Max: 0, Free: 2, Order: None
[2025-12-15 17:45:49] [INFO]     Found alternative drinks modifier: First Two 591ml Drinks Free
[2025-12-15 17:45:49] [INFO]     Updated modifier_group 40603: name='First Two 591ml Drinks Free', order=None
[2025-12-15 17:45:51] [INFO]   Found drinks section for: 3 Toppings 2 Pizza Deal
[2025-12-15 17:45:51] [INFO]     Modifier group (radio): Drinks can
[2025-12-15 17:45:51] [INFO]     Title (new name): First Two 591ml Drinks Free
[2025-12-15 17:45:51] [INFO]     Min: 2, Max: 0, Free: 2, Order: None
[2025-12-15 17:45:51] [INFO]     Found alternative drinks modifier: First Two 591ml Drinks Free
[2025-12-15 17:45:51] [INFO]     Updated modifier_group 40604: name='First Two 591ml Drinks Free', order=None
[2025-12-15 17:45:53] [INFO]   Found drinks section for: The Perfect Combo Deal with PopCurds
[2025-12-15 17:45:53] [INFO]     Modifier group (radio): Drinks can
[2025-12-15 17:45:53] [INFO]     Title (new name): First Two 591ml Drinks Free
[2025-12-15 17:45:53] [INFO]     Min: 2, Max: 0, Free: 2, Order: None
[2025-12-15 17:45:53] [INFO]     Found alternative drinks modifier: First Two 591ml Drinks Free
[2025-12-15 17:45:53] [INFO]     Updated modifier_group 9910: name='First Two 591ml Drinks Free', order=None
[2025-12-15 17:45:55] [INFO]   Found drinks section for: Large Pizza Special
[2025-12-15 17:45:55] [INFO]     Modifier group (radio): Drinks can
[2025-12-15 17:45:55] [INFO]     Title (new name): First Two 591ml Drinks Free
[2025-12-15 17:45:55] [INFO]     Min: 2, Max: 0, Free: 2, Order: None
[2025-12-15 17:45:55] [INFO]     Found alternative drinks modifier: First Two 591ml Drinks Free
[2025-12-15 17:45:55] [INFO]     Updated modifier_group 40605: name='First Two 591ml Drinks Free', order=None
[2025-12-15 17:45:57] [INFO]   Found drinks section for: Medium Pizza Special
[2025-12-15 17:45:57] [INFO]     Modifier group (radio): Drinks can
[2025-12-15 17:45:57] [INFO]     Title (new name): First Two 591ml Drinks Free
[2025-12-15 17:45:57] [INFO]     Min: 2, Max: 0, Free: 2, Order: None
[2025-12-15 17:45:57] [INFO]     Found alternative drinks modifier: First Two 591ml Drinks Free
[2025-12-15 17:45:57] [INFO]     Updated modifier_group 40606: name='First Two 591ml Drinks Free', order=None
[2025-12-15 17:45:58] [INFO]   Found drinks section for: Family Meal Deal
[2025-12-15 17:45:58] [INFO]     Modifier group (radio): Drinks can
[2025-12-15 17:45:58] [INFO]     Title (new name): First Two 591ml Drinks Free
[2025-12-15 17:45:58] [INFO]     Min: 2, Max: 0, Free: 2, Order: None
[2025-12-15 17:45:59] [INFO]     Found alternative drinks modifier: First Two 591ml Drinks Free
[2025-12-15 17:45:59] [INFO]     Updated modifier_group 40607: name='First Two 591ml Drinks Free', order=None
[2025-12-15 17:46:05] [INFO]   Found drinks section for: One Topping
[2025-12-15 17:46:05] [INFO]     Modifier group (radio): Drinks can
[2025-12-15 17:46:05] [INFO]     Title (new name): First 591ml Drink Free
[2025-12-15 17:46:05] [INFO]     Min: 1, Max: 0, Free: 1, Order: None
[2025-12-15 17:46:05] [INFO]     Found alternative drinks modifier: First 591ml Drink Free
[2025-12-15 17:46:05] [INFO]     Updated modifier_group 40608: name='First 591ml Drink Free', order=None
[2025-12-15 17:46:07] [INFO]   Found drinks section for: Two Toppings
[2025-12-15 17:46:07] [INFO]     Modifier group (radio): Drinks can
[2025-12-15 17:46:07] [INFO]     Title (new name): First 591ml Drink Free
[2025-12-15 17:46:07] [INFO]     Min: 1, Max: 0, Free: 1, Order: None
[2025-12-15 17:46:07] [INFO]     Found alternative drinks modifier: First 591ml Drink Free
[2025-12-15 17:46:07] [INFO]     Updated modifier_group 40609: name='First 591ml Drink Free', order=None
[2025-12-15 17:46:08] [INFO]   Found drinks section for: 2 Pizza Deal 1 Topping & Two 591ml Drinks (V)
[2025-12-15 17:46:08] [INFO]     Modifier group (radio): Drinks can
[2025-12-15 17:46:08] [INFO]     Title (new name): First Two 591ml Drinks Free
[2025-12-15 17:46:08] [INFO]     Min: 2, Max: 0, Free: 2, Order: None
[2025-12-15 17:46:09] [INFO]     Found alternative drinks modifier: First Two 591ml Drinks Free
[2025-12-15 17:46:09] [INFO]     Updated modifier_group 40610: name='First Two 591ml Drinks Free', order=None
[2025-12-15 17:46:10] [INFO]   Found drinks section for: 2 Pizza Deal 2 Toppings & Two 591ml Drinks (V)
[2025-12-15 17:46:10] [INFO]     Modifier group (radio): Drinks can
[2025-12-15 17:46:10] [INFO]     Title (new name): First Two 591ml Drinks Free
[2025-12-15 17:46:10] [INFO]     Min: 2, Max: 0, Free: 2, Order: None
[2025-12-15 17:46:11] [INFO]     Found alternative drinks modifier: First Two 591ml Drinks Free
[2025-12-15 17:46:11] [INFO]     Updated modifier_group 10249: name='First Two 591ml Drinks Free', order=None
[2025-12-15 17:46:12] [INFO]   Found drinks section for: 2 Pizza Deal 3 Toppings & Two 591ml Drinks (V)
[2025-12-15 17:46:12] [INFO]     Modifier group (radio): Drinks can
[2025-12-15 17:46:12] [INFO]     Title (new name): First Two 591ml Drinks Free
[2025-12-15 17:46:12] [INFO]     Min: 2, Max: 0, Free: 2, Order: None
[2025-12-15 17:46:12] [INFO]     Found alternative drinks modifier: First Two 591ml Drinks Free
[2025-12-15 17:46:13] [INFO]     Updated modifier_group 40612: name='First Two 591ml Drinks Free', order=None
[2025-12-15 17:46:13] [INFO]   Completed: 13 drinks sections, 13 modifier groups updated
[2025-12-15 17:46:13] [INFO] ============================================================
[2025-12-15 17:46:13] [INFO] [12/132] Processing: Milano (V3: 97, V1: 213)
[2025-12-15 17:46:13] [INFO] ============================================================
[2025-12-15 17:46:13] [INFO] Scraping combo drinks for: Milano (V3: 97, V1: 213)
[2025-12-15 17:46:18] [INFO] Found 21 combo dishes for V1 restaurant 213
[2025-12-15 17:46:20] [INFO]   Found drinks section for: Combo No.1 HIDED
[2025-12-15 17:46:20] [INFO]     Modifier group (radio): Drinks can+2L
[2025-12-15 17:46:20] [INFO]     Title (new name): Three 591ml pop
[2025-12-15 17:46:20] [INFO]     Min: 3, Max: 3, Free: 0, Order: None
[2025-12-15 17:46:20] [WARNING]   Modifier group 'Drinks can+2L' not found for dish 159279
[2025-12-15 17:46:22] [INFO]   Found drinks section for: Combo No.2 HIDED
[2025-12-15 17:46:22] [INFO]     Modifier group (radio): Drinks can+2L
[2025-12-15 17:46:22] [INFO]     Title (new name): Three 591ml pop
[2025-12-15 17:46:22] [INFO]     Min: 3, Max: 3, Free: 0, Order: None
[2025-12-15 17:46:22] [WARNING]   Modifier group 'Drinks can+2L' not found for dish 159280
[2025-12-15 17:46:23] [INFO]   Found drinks section for: The Perfect Combo Deal with PopCurds HIDE
[2025-12-15 17:46:23] [INFO]     Modifier group (radio): Drinks can+2L
[2025-12-15 17:46:23] [INFO]     Title (new name): First Two 591ml Drinks Free
[2025-12-15 17:46:23] [INFO]     Min: 2, Max: 0, Free: 2, Order: None
[2025-12-15 17:46:23] [INFO]     Found alternative drinks modifier: First Two 591ml Drinks Free
[2025-12-15 17:46:24] [INFO]     Updated modifier_group 40613: name='First Two 591ml Drinks Free', order=None
[2025-12-15 17:46:34] [INFO]   Found drinks section for: Lunchtime Special HIDE
[2025-12-15 17:46:34] [INFO]     Modifier group (radio): Drinks can+2L
[2025-12-15 17:46:34] [INFO]     Title (new name): First Two 591ml Drinks Free
[2025-12-15 17:46:34] [INFO]     Min: 2, Max: 0, Free: 2, Order: None
[2025-12-15 17:46:34] [INFO]     Found alternative drinks modifier: First Two 591ml Drinks Free
[2025-12-15 17:46:34] [INFO]     Updated modifier_group 28279: name='First Two 591ml Drinks Free', order=None
[2025-12-15 17:46:36] [INFO]   Found drinks section for: 1 Toppings Two Pizza Deal
[2025-12-15 17:46:36] [INFO]     Modifier group (radio): Drinks can+2L
[2025-12-15 17:46:36] [INFO]     Title (new name): First Two 591ml Drinks Free
[2025-12-15 17:46:36] [INFO]     Min: 2, Max: 0, Free: 2, Order: None
[2025-12-15 17:46:36] [INFO]     Found alternative drinks modifier: First Two 591ml Drinks Free
[2025-12-15 17:46:36] [INFO]     Updated modifier_group 40614: name='First Two 591ml Drinks Free', order=None
[2025-12-15 17:46:38] [INFO]   Found drinks section for: 2 Toppings Two Pizza Deal
[2025-12-15 17:46:38] [INFO]     Modifier group (radio): Drinks can+2L
[2025-12-15 17:46:38] [INFO]     Title (new name): First Two 591ml Drinks Free
[2025-12-15 17:46:38] [INFO]     Min: 2, Max: 0, Free: 2, Order: None
[2025-12-15 17:46:38] [INFO]     Found alternative drinks modifier: First Two 591ml Drinks Free
[2025-12-15 17:46:38] [INFO]     Updated modifier_group 40615: name='First Two 591ml Drinks Free', order=None
[2025-12-15 17:46:40] [INFO]   Found drinks section for: 3 Toppings Two Pizza Deal
[2025-12-15 17:46:40] [INFO]     Modifier group (radio): Drinks can+2L
[2025-12-15 17:46:40] [INFO]     Title (new name): First Two 591ml Drinks Free
[2025-12-15 17:46:40] [INFO]     Min: 2, Max: 0, Free: 2, Order: None
[2025-12-15 17:46:40] [INFO]     Found alternative drinks modifier: First Two 591ml Drinks Free
[2025-12-15 17:46:40] [INFO]     Updated modifier_group 40616: name='First Two 591ml Drinks Free', order=None
[2025-12-15 17:46:42] [INFO]   Found drinks section for: The Perfect Combo Deal with PopCurds
[2025-12-15 17:46:42] [INFO]     Modifier group (radio): Drinks can+2L
[2025-12-15 17:46:42] [INFO]     Title (new name): First Two 591ml Drinks Free
[2025-12-15 17:46:42] [INFO]     Min: 2, Max: 0, Free: 2, Order: None
[2025-12-15 17:46:42] [INFO]     Found alternative drinks modifier: First Two 591ml Drinks Free
[2025-12-15 17:46:42] [INFO]     Updated modifier_group 40617: name='First Two 591ml Drinks Free', order=None
[2025-12-15 17:46:43] [INFO]   Found drinks section for: Large Pizza & Wings Deal
[2025-12-15 17:46:43] [INFO]     Modifier group (radio): Drinks can+2L
[2025-12-15 17:46:43] [INFO]     Title (new name): First Two 591ml Drinks Free
[2025-12-15 17:46:43] [INFO]     Min: 2, Max: 0, Free: 2, Order: None
[2025-12-15 17:46:44] [INFO]     Found alternative drinks modifier: First Two 591ml Drinks Free
[2025-12-15 17:46:44] [INFO]     Updated modifier_group 40618: name='First Two 591ml Drinks Free', order=None
[2025-12-15 17:46:45] [INFO]   Found drinks section for: Medium Pizza & Wings Deal
[2025-12-15 17:46:45] [INFO]     Modifier group (radio): Drinks can+2L
[2025-12-15 17:46:45] [INFO]     Title (new name): First Two 591ml Drinks Free
[2025-12-15 17:46:45] [INFO]     Min: 2, Max: 0, Free: 2, Order: None
[2025-12-15 17:46:46] [INFO]     Found alternative drinks modifier: First Two 591ml Drinks Free
[2025-12-15 17:46:46] [INFO]     Updated modifier_group 40619: name='First Two 591ml Drinks Free', order=None
[2025-12-15 17:46:47] [INFO]   Found drinks section for: One Topping HIDE
[2025-12-15 17:46:47] [INFO]     Modifier group (radio): Drinks can+2L
[2025-12-15 17:46:47] [INFO]     Title (new name): First 591ml Drink Free
[2025-12-15 17:46:47] [INFO]     Min: 1, Max: 0, Free: 1, Order: None
[2025-12-15 17:46:47] [INFO]     Found alternative drinks modifier: First 591ml Drink Free
[2025-12-15 17:46:48] [INFO]     Updated modifier_group 28558: name='First 591ml Drink Free', order=None
[2025-12-15 17:46:49] [INFO]   Found drinks section for: Two Toppings HIDE
[2025-12-15 17:46:49] [INFO]     Modifier group (radio): Drinks can+2L
[2025-12-15 17:46:49] [INFO]     Title (new name): First 591ml Drink Free
[2025-12-15 17:46:49] [INFO]     Min: 1, Max: 0, Free: 1, Order: None
[2025-12-15 17:46:50] [INFO]     Found alternative drinks modifier: First 591ml Drink Free
[2025-12-15 17:46:50] [INFO]     Updated modifier_group 28559: name='First 591ml Drink Free', order=None
[2025-12-15 17:46:51] [INFO]   Found drinks section for: 2 Pizza Deal 1 Topping & Two 591ml Drinks (V)
[2025-12-15 17:46:51] [INFO]     Modifier group (radio): Drinks can+2L
[2025-12-15 17:46:51] [INFO]     Title (new name): First Two 591ml Drinks Free
[2025-12-15 17:46:51] [INFO]     Min: 2, Max: 0, Free: 2, Order: None
[2025-12-15 17:46:51] [INFO]     Found alternative drinks modifier: First Two 591ml Drinks Free
[2025-12-15 17:46:51] [INFO]     Updated modifier_group 40620: name='First Two 591ml Drinks Free', order=None
[2025-12-15 17:46:53] [INFO]   Found drinks section for: 2 Pizza Deal 2 Toppings & Two 591ml Drinks (V)
[2025-12-15 17:46:53] [INFO]     Modifier group (radio): Drinks can+2L
[2025-12-15 17:46:53] [INFO]     Title (new name): First Two 591ml Drinks Free
[2025-12-15 17:46:53] [INFO]     Min: 2, Max: 0, Free: 2, Order: None
[2025-12-15 17:46:53] [INFO]     Found alternative drinks modifier: First Two 591ml Drinks Free
[2025-12-15 17:46:53] [INFO]     Updated modifier_group 40621: name='First Two 591ml Drinks Free', order=None
[2025-12-15 17:46:55] [INFO]   Found drinks section for: 2 Pizza Deal 3 Toppings & Two 591ml Drinks (V)
[2025-12-15 17:46:55] [INFO]     Modifier group (radio): Drinks can+2L
[2025-12-15 17:46:55] [INFO]     Title (new name): First Two 591ml Drinks Free
[2025-12-15 17:46:55] [INFO]     Min: 2, Max: 0, Free: 2, Order: None
[2025-12-15 17:46:55] [INFO]     Found alternative drinks modifier: First Two 591ml Drinks Free
[2025-12-15 17:46:55] [INFO]     Updated modifier_group 40622: name='First Two 591ml Drinks Free', order=None
[2025-12-15 17:46:55] [INFO]   Completed: 13 drinks sections, 13 modifier groups updated
[2025-12-15 17:46:55] [INFO] ============================================================
[2025-12-15 17:46:55] [INFO] [13/132] Processing: Ginkgo Garden (V3: 105, V1: 224)
[2025-12-15 17:46:55] [INFO] ============================================================
[2025-12-15 17:46:55] [INFO] Scraping combo drinks for: Ginkgo Garden (V3: 105, V1: 224)
[2025-12-15 17:47:01] [INFO] Found 0 combo dishes for V1 restaurant 224
[2025-12-15 17:47:01] [INFO]   No combo dishes found
[2025-12-15 17:47:01] [INFO] ============================================================
[2025-12-15 17:47:01] [INFO] [14/132] Processing: Restaurant Le Choix (V3: 106, V1: 225)
[2025-12-15 17:47:01] [INFO] ============================================================
[2025-12-15 17:47:01] [INFO] Scraping combo drinks for: Restaurant Le Choix (V3: 106, V1: 225)
[2025-12-15 17:47:06] [INFO] Found 10 combo dishes for V1 restaurant 225
[2025-12-15 17:47:17] [INFO]   Found drinks section for: Special 3. Small Pizza with 10 Wings HIDE
[2025-12-15 17:47:17] [INFO]     Modifier group (radio): Drinks can
[2025-12-15 17:47:17] [INFO]     Title (new name): Drinks
[2025-12-15 17:47:17] [INFO]     Min: 2, Max: 2, Free: 0, Order: None
[2025-12-15 17:47:17] [INFO]     Found alternative drinks modifier: Drinks
[2025-12-15 17:47:17] [INFO]     Updated modifier_group 28641: name='Drinks', order=None
[2025-12-15 17:47:21] [INFO]   Completed: 1 drinks sections, 1 modifier groups updated
[2025-12-15 17:47:21] [INFO] ============================================================
[2025-12-15 17:47:21] [INFO] [15/132] Processing: Restaurant Chez Gerry (V3: 109, V1: 228)
[2025-12-15 17:47:21] [INFO] ============================================================
[2025-12-15 17:47:21] [INFO] Scraping combo drinks for: Restaurant Chez Gerry (V3: 109, V1: 228)
[2025-12-15 17:47:27] [INFO] Found 3 combo dishes for V1 restaurant 228
[2025-12-15 17:47:31] [INFO]   Completed: 0 drinks sections, 0 modifier groups updated
[2025-12-15 17:47:31] [INFO] ============================================================
[2025-12-15 17:47:31] [INFO] [16/132] Processing: Mano City Pizza (V3: 118, V1: 238)
[2025-12-15 17:47:31] [INFO] ============================================================
[2025-12-15 17:47:31] [INFO] Scraping combo drinks for: Mano City Pizza (V3: 118, V1: 238)
[2025-12-15 17:47:37] [INFO] Found 18 combo dishes for V1 restaurant 238
[2025-12-15 17:47:44] [INFO]   Found drinks section for: Pizza & Wings
[2025-12-15 17:47:44] [INFO]     Modifier group (radio): Drinks can
[2025-12-15 17:47:44] [INFO]     Title (new name): Choose 2 Cans
[2025-12-15 17:47:44] [INFO]     Min: 2, Max: 2, Free: 0, Order: None
[2025-12-15 17:47:44] [WARNING]   Modifier group 'Drinks can' not found for dish 138120
[2025-12-15 17:47:46] [INFO]   Found drinks section for: Family Special Meal Deal
[2025-12-15 17:47:46] [INFO]     Modifier group (radio): Drinks can
[2025-12-15 17:47:46] [INFO]     Title (new name): Choose 3 Cans
[2025-12-15 17:47:46] [INFO]     Min: 3, Max: 3, Free: 0, Order: None
[2025-12-15 17:47:46] [WARNING]   Modifier group 'Drinks can' not found for dish 138121
[2025-12-15 17:47:48] [INFO]   Found drinks section for: X-Large Pizza and Wings Special HIDE
[2025-12-15 17:47:48] [INFO]     Modifier group (radio): Drinks can
[2025-12-15 17:47:48] [INFO]     Title (new name): Drinks
[2025-12-15 17:47:48] [INFO]     Min: 4, Max: 4, Free: 0, Order: None
[2025-12-15 17:47:48] [INFO]     Found alternative drinks modifier: Drinks
[2025-12-15 17:47:48] [INFO]     Updated modifier_group 40625: name='Drinks', order=None
[2025-12-15 17:47:49] [INFO]   Found drinks section for: Small Pizza & Wings  hid
[2025-12-15 17:47:49] [INFO]     Modifier group (radio): Drinks can
[2025-12-15 17:47:49] [INFO]     Title (new name): 2 Drinks
[2025-12-15 17:47:49] [INFO]     Min: 2, Max: 2, Free: 0, Order: None
[2025-12-15 17:47:50] [INFO]     Found alternative drinks modifier: 2 Drinks
[2025-12-15 17:47:50] [INFO]     Updated modifier_group 40626: name='2 Drinks', order=None
[2025-12-15 17:47:51] [INFO]   Found drinks section for: Medium Pizza & Wings hid
[2025-12-15 17:47:51] [INFO]     Modifier group (radio): Drinks can
[2025-12-15 17:47:51] [INFO]     Title (new name): 3 Drinks
[2025-12-15 17:47:51] [INFO]     Min: 3, Max: 3, Free: 0, Order: None
[2025-12-15 17:47:52] [INFO]     Found alternative drinks modifier: 3 Drinks
[2025-12-15 17:47:52] [INFO]     Updated modifier_group 40627: name='3 Drinks', order=None
[2025-12-15 17:47:53] [INFO]   Found drinks section for: Large Pizza & Wings  hid
[2025-12-15 17:47:53] [INFO]     Modifier group (radio): Drinks can
[2025-12-15 17:47:53] [INFO]     Title (new name): 4 Drinks
[2025-12-15 17:47:53] [INFO]     Min: 4, Max: 4, Free: 0, Order: None
[2025-12-15 17:47:53] [INFO]     Found alternative drinks modifier: 4 Drinks
[2025-12-15 17:47:54] [INFO]     Updated modifier_group 10367: name='4 Drinks', order=None
[2025-12-15 17:47:55] [INFO]   Found drinks section for: 2 Small Pizza & Wings hid
[2025-12-15 17:47:55] [INFO]     Modifier group (radio): Drinks can
[2025-12-15 17:47:55] [INFO]     Title (new name): 4 Drinks
[2025-12-15 17:47:55] [INFO]     Min: 4, Max: 4, Free: 0, Order: None
[2025-12-15 17:47:55] [INFO]     Found alternative drinks modifier: 4 Drinks
[2025-12-15 17:47:55] [INFO]     Updated modifier_group 40629: name='4 Drinks', order=None
[2025-12-15 17:47:57] [INFO]   Found drinks section for: 2 Medium Pizza & Wings hid
[2025-12-15 17:47:57] [INFO]     Modifier group (radio): Drinks can
[2025-12-15 17:47:57] [INFO]     Title (new name): 4 Drinks
[2025-12-15 17:47:57] [INFO]     Min: 4, Max: 4, Free: 0, Order: None
[2025-12-15 17:47:57] [INFO]     Found alternative drinks modifier: 4 Drinks
[2025-12-15 17:47:57] [INFO]     Updated modifier_group 40630: name='4 Drinks', order=None
[2025-12-15 17:47:59] [INFO]   Found drinks section for: 2 Large Pizza & Wings hid
[2025-12-15 17:47:59] [INFO]     Modifier group (radio): Drinks can
[2025-12-15 17:47:59] [INFO]     Title (new name): 4 Drinks
[2025-12-15 17:47:59] [INFO]     Min: 4, Max: 4, Free: 0, Order: None
[2025-12-15 17:47:59] [INFO]     Found alternative drinks modifier: 4 Drinks
[2025-12-15 17:47:59] [INFO]     Updated modifier_group 40631: name='4 Drinks', order=None
[2025-12-15 17:48:00] [INFO]   Found drinks section for: Medium Pizza and Wings Special hid
[2025-12-15 17:48:00] [INFO]     Modifier group (radio): Drinks can
[2025-12-15 17:48:00] [INFO]     Title (new name): Drinks
[2025-12-15 17:48:00] [INFO]     Min: 2, Max: 2, Free: 0, Order: None
[2025-12-15 17:48:01] [INFO]     Found alternative drinks modifier: Drinks
[2025-12-15 17:48:01] [INFO]     Updated modifier_group 40632: name='Drinks', order=None
[2025-12-15 17:48:02] [INFO]   Found drinks section for: Large Pizza and Wings Special hid
[2025-12-15 17:48:02] [INFO]     Modifier group (radio): Drinks can
[2025-12-15 17:48:02] [INFO]     Title (new name): Drinks
[2025-12-15 17:48:02] [INFO]     Min: 2, Max: 2, Free: 0, Order: None
[2025-12-15 17:48:03] [INFO]     Found alternative drinks modifier: Drinks
[2025-12-15 17:48:03] [INFO]     Updated modifier_group 40633: name='Drinks', order=None
[2025-12-15 17:48:07] [INFO]   Completed: 9 drinks sections, 9 modifier groups updated
[2025-12-15 17:48:07] [INFO] ============================================================
[2025-12-15 17:48:07] [INFO] [17/132] Processing: Hung Mein (V3: 119, V1: 239)
[2025-12-15 17:48:07] [INFO] ============================================================
[2025-12-15 17:48:07] [INFO] Scraping combo drinks for: Hung Mein (V3: 119, V1: 239)
[2025-12-15 17:48:13] [INFO] Found 0 combo dishes for V1 restaurant 239
[2025-12-15 17:48:13] [INFO]   No combo dishes found
[2025-12-15 17:48:13] [INFO] ============================================================
[2025-12-15 17:48:13] [INFO] [18/132] Processing: Milano (V3: 123, V1: 245)
[2025-12-15 17:48:13] [INFO] ============================================================
[2025-12-15 17:48:13] [INFO] Scraping combo drinks for: Milano (V3: 123, V1: 245)
[2025-12-15 17:48:18] [INFO] Found 13 combo dishes for V1 restaurant 245
[2025-12-15 17:48:20] [INFO]   Found drinks section for: Combo No.1 HIDED
[2025-12-15 17:48:20] [INFO]     Modifier group (radio): Drinks can
[2025-12-15 17:48:20] [INFO]     Title (new name): Three 591ml pop
[2025-12-15 17:48:20] [INFO]     Min: 3, Max: 3, Free: 0, Order: None
[2025-12-15 17:48:20] [WARNING]   Modifier group 'Drinks can' not found for dish 159091
[2025-12-15 17:48:21] [INFO]   Found drinks section for: Combo No.2 HIDED
[2025-12-15 17:48:21] [INFO]     Modifier group (radio): Drinks can
[2025-12-15 17:48:21] [INFO]     Title (new name): Three 591ml pop
[2025-12-15 17:48:21] [INFO]     Min: 3, Max: 3, Free: 0, Order: None
[2025-12-15 17:48:22] [WARNING]   Modifier group 'Drinks can' not found for dish 159092
[2025-12-15 17:48:23] [INFO]   Found drinks section for: The Perfect Combo Deal with PopCurds HIDE
[2025-12-15 17:48:23] [INFO]     Modifier group (radio): Drinks can
[2025-12-15 17:48:23] [INFO]     Title (new name): First Two 591ml Drinks Free
[2025-12-15 17:48:23] [INFO]     Min: 2, Max: 0, Free: 2, Order: None
[2025-12-15 17:48:23] [INFO]     Found alternative drinks modifier: First Two 591ml Drinks Free
[2025-12-15 17:48:24] [INFO]     Updated modifier_group 40634: name='First Two 591ml Drinks Free', order=None
[2025-12-15 17:48:25] [INFO]   Found drinks section for: 1 Topping Pizza Deal
[2025-12-15 17:48:25] [INFO]     Modifier group (radio): Drinks can
[2025-12-15 17:48:25] [INFO]     Title (new name): First Two 591ml Drinks Free
[2025-12-15 17:48:25] [INFO]     Min: 2, Max: 0, Free: 2, Order: None
[2025-12-15 17:48:25] [INFO]     Found alternative drinks modifier: First Two 591ml Drinks Free
[2025-12-15 17:48:25] [INFO]     Updated modifier_group 40635: name='First Two 591ml Drinks Free', order=None
[2025-12-15 17:48:27] [INFO]   Found drinks section for: 2 Toppings Pizza Deal
[2025-12-15 17:48:27] [INFO]     Modifier group (radio): Drinks can
[2025-12-15 17:48:27] [INFO]     Title (new name): First Two 591ml Drinks Free
[2025-12-15 17:48:27] [INFO]     Min: 2, Max: 0, Free: 2, Order: None
[2025-12-15 17:48:27] [INFO]     Found alternative drinks modifier: First Two 591ml Drinks Free
[2025-12-15 17:48:27] [INFO]     Updated modifier_group 40636: name='First Two 591ml Drinks Free', order=None
[2025-12-15 17:48:29] [INFO]   Found drinks section for: 3 Toppings Pizza Deal
[2025-12-15 17:48:29] [INFO]     Modifier group (radio): Drinks can
[2025-12-15 17:48:29] [INFO]     Title (new name): First Two 591ml Drinks Free
[2025-12-15 17:48:29] [INFO]     Min: 2, Max: 0, Free: 2, Order: None
[2025-12-15 17:48:29] [INFO]     Found alternative drinks modifier: First Two 591ml Drinks Free
[2025-12-15 17:48:29] [INFO]     Updated modifier_group 40637: name='First Two 591ml Drinks Free', order=None
[2025-12-15 17:48:31] [INFO]   Found drinks section for: The Perfect Combo Deal with PopCurds
[2025-12-15 17:48:31] [INFO]     Modifier group (radio): Drinks can
[2025-12-15 17:48:31] [INFO]     Title (new name): First Two 591ml Drinks Free
[2025-12-15 17:48:31] [INFO]     Min: 2, Max: 0, Free: 2, Order: None
[2025-12-15 17:48:31] [INFO]     Found alternative drinks modifier: First Two 591ml Drinks Free
[2025-12-15 17:48:31] [INFO]     Updated modifier_group 40638: name='First Two 591ml Drinks Free', order=None
[2025-12-15 17:48:32] [INFO]   Found drinks section for: Medium Pizza Deal
[2025-12-15 17:48:32] [INFO]     Modifier group (radio): Drinks can
[2025-12-15 17:48:32] [INFO]     Title (new name): First 591ml Drink Free
[2025-12-15 17:48:32] [INFO]     Min: 1, Max: 0, Free: 1, Order: None
[2025-12-15 17:48:33] [INFO]     Found alternative drinks modifier: First 591ml Drink Free
[2025-12-15 17:48:33] [INFO]     Updated modifier_group 40639: name='First 591ml Drink Free', order=None
[2025-12-15 17:48:34] [INFO]   Found drinks section for: Large Pizza Deal
[2025-12-15 17:48:34] [INFO]     Modifier group (radio): Drinks can
[2025-12-15 17:48:34] [INFO]     Title (new name): First 591ml Drink Free
[2025-12-15 17:48:34] [INFO]     Min: 1, Max: 0, Free: 1, Order: None
[2025-12-15 17:48:35] [INFO]     Found alternative drinks modifier: First 591ml Drink Free
[2025-12-15 17:48:35] [INFO]     Updated modifier_group 40640: name='First 591ml Drink Free', order=None
[2025-12-15 17:48:36] [INFO]   Found drinks section for: Donair Special
[2025-12-15 17:48:36] [INFO]     Modifier group (radio): Drinks can
[2025-12-15 17:48:36] [INFO]     Title (new name): First Two 591ml Drinks Free
[2025-12-15 17:48:36] [INFO]     Min: 2, Max: 0, Free: 2, Order: None
[2025-12-15 17:48:36] [INFO]     Found alternative drinks modifier: First Two 591ml Drinks Free
[2025-12-15 17:48:37] [INFO]     Updated modifier_group 40641: name='First Two 591ml Drinks Free', order=None
[2025-12-15 17:48:38] [INFO]   Found drinks section for: Family Deal
[2025-12-15 17:48:38] [INFO]     Modifier group (radio): Drinks can
[2025-12-15 17:48:38] [INFO]     Title (new name): First Two 591ml Drinks Free
[2025-12-15 17:48:38] [INFO]     Min: 2, Max: 0, Free: 2, Order: None
[2025-12-15 17:48:38] [INFO]     Found alternative drinks modifier: First Two 591ml Drinks Free
[2025-12-15 17:48:38] [INFO]     Updated modifier_group 40642: name='First Two 591ml Drinks Free', order=None
[2025-12-15 17:48:40] [INFO]   Found drinks section for: One Topping
[2025-12-15 17:48:40] [INFO]     Modifier group (radio): Drinks can
[2025-12-15 17:48:40] [INFO]     Title (new name): First 591ml Drink Free
[2025-12-15 17:48:40] [INFO]     Min: 1, Max: 0, Free: 1, Order: None
[2025-12-15 17:48:40] [INFO]     Found alternative drinks modifier: First 591ml Drink Free
[2025-12-15 17:48:40] [INFO]     Updated modifier_group 40643: name='First 591ml Drink Free', order=None
[2025-12-15 17:48:42] [INFO]   Found drinks section for: Two Toppings
[2025-12-15 17:48:42] [INFO]     Modifier group (radio): Drinks can
[2025-12-15 17:48:42] [INFO]     Title (new name): First 591ml Drink Free
[2025-12-15 17:48:42] [INFO]     Min: 1, Max: 0, Free: 1, Order: None
[2025-12-15 17:48:42] [INFO]     Found alternative drinks modifier: First 591ml Drink Free
[2025-12-15 17:48:42] [INFO]     Updated modifier_group 40644: name='First 591ml Drink Free', order=None
[2025-12-15 17:48:42] [INFO]   Completed: 11 drinks sections, 11 modifier groups updated
[2025-12-15 17:48:42] [INFO] ============================================================
[2025-12-15 17:48:42] [INFO] [19/132] Processing: Carlo's Pizza (V3: 124, V1: 246)
[2025-12-15 17:48:42] [INFO] ============================================================
[2025-12-15 17:48:42] [INFO] Scraping combo drinks for: Carlo's Pizza (V3: 124, V1: 246)
[2025-12-15 17:48:48] [INFO] Found 1 combo dishes for V1 restaurant 246
[2025-12-15 17:48:49] [INFO]   Completed: 0 drinks sections, 0 modifier groups updated
[2025-12-15 17:48:49] [INFO] ============================================================
[2025-12-15 17:48:49] [INFO] [20/132] Processing: Milano (V3: 126, V1: 248)
[2025-12-15 17:48:49] [INFO] ============================================================
[2025-12-15 17:48:49] [INFO] Scraping combo drinks for: Milano (V3: 126, V1: 248)
[2025-12-15 17:48:54] [INFO] Found 10 combo dishes for V1 restaurant 248
[2025-12-15 17:48:56] [INFO]   Found drinks section for: The Perfect Combo Deal with PopCurds
[2025-12-15 17:48:56] [INFO]     Modifier group (radio): Drinks can
[2025-12-15 17:48:56] [INFO]     Title (new name): First Two 591ml Drinks Free
[2025-12-15 17:48:56] [INFO]     Min: 2, Max: 0, Free: 2, Order: None
[2025-12-15 17:48:56] [INFO]     Found alternative drinks modifier: First Two 591ml Drinks Free
[2025-12-15 17:48:56] [INFO]     Updated modifier_group 40645: name='First Two 591ml Drinks Free', order=None
[2025-12-15 17:48:58] [INFO]   Found drinks section for: The Perfect Combo Deal with PopCurds
[2025-12-15 17:48:58] [INFO]     Modifier group (radio): Drinks can
[2025-12-15 17:48:58] [INFO]     Title (new name): First Two 591ml Drinks Free
[2025-12-15 17:48:58] [INFO]     Min: 2, Max: 0, Free: 2, Order: None
[2025-12-15 17:48:58] [INFO]     Found alternative drinks modifier: First Two 591ml Drinks Free
[2025-12-15 17:48:58] [INFO]     Updated modifier_group 10654: name='First Two 591ml Drinks Free', order=None
[2025-12-15 17:48:59] [INFO]   Found drinks section for: Large Pizza Deal
[2025-12-15 17:48:59] [INFO]     Modifier group (radio): Drinks can
[2025-12-15 17:48:59] [INFO]     Title (new name): First Two 591ml Drinks Free
[2025-12-15 17:48:59] [INFO]     Min: 2, Max: 0, Free: 2, Order: None
[2025-12-15 17:49:00] [INFO]     Found alternative drinks modifier: First Two 591ml Drinks Free
[2025-12-15 17:49:00] [INFO]     Updated modifier_group 40646: name='First Two 591ml Drinks Free', order=None
[2025-12-15 17:49:01] [INFO]   Found drinks section for: Medium Pizza Deal
[2025-12-15 17:49:01] [INFO]     Modifier group (radio): Drinks can
[2025-12-15 17:49:01] [INFO]     Title (new name): First Two 591ml Drinks Free
[2025-12-15 17:49:01] [INFO]     Min: 2, Max: 0, Free: 2, Order: None
[2025-12-15 17:49:01] [INFO]     Found alternative drinks modifier: First Two 591ml Drinks Free
[2025-12-15 17:49:02] [INFO]     Updated modifier_group 40647: name='First Two 591ml Drinks Free', order=None
[2025-12-15 17:49:03] [INFO]   Found drinks section for: 1 Topping Pizza Deal
[2025-12-15 17:49:03] [INFO]     Modifier group (radio): Drinks can
[2025-12-15 17:49:03] [INFO]     Title (new name): First Two 591ml Drinks Free
[2025-12-15 17:49:03] [INFO]     Min: 2, Max: 0, Free: 2, Order: None
[2025-12-15 17:49:03] [INFO]     Found alternative drinks modifier: First Two 591ml Drinks Free
[2025-12-15 17:49:03] [INFO]     Updated modifier_group 40648: name='First Two 591ml Drinks Free', order=None
[2025-12-15 17:49:05] [INFO]   Found drinks section for: 2 Toppings Pizza Deal
[2025-12-15 17:49:05] [INFO]     Modifier group (radio): Drinks can
[2025-12-15 17:49:05] [INFO]     Title (new name): First Two 591ml Drinks Free
[2025-12-15 17:49:05] [INFO]     Min: 2, Max: 0, Free: 2, Order: None
[2025-12-15 17:49:05] [INFO]     Found alternative drinks modifier: First Two 591ml Drinks Free
[2025-12-15 17:49:05] [INFO]     Updated modifier_group 40649: name='First Two 591ml Drinks Free', order=None
[2025-12-15 17:49:07] [INFO]   Found drinks section for: 3 Toppings Pizza Deal
[2025-12-15 17:49:07] [INFO]     Modifier group (radio): Drinks can
[2025-12-15 17:49:07] [INFO]     Title (new name): First Two 591ml Drinks Free
[2025-12-15 17:49:07] [INFO]     Min: 2, Max: 0, Free: 2, Order: None
[2025-12-15 17:49:07] [INFO]     Found alternative drinks modifier: First Two 591ml Drinks Free
[2025-12-15 17:49:07] [INFO]     Updated modifier_group 40650: name='First Two 591ml Drinks Free', order=None
[2025-12-15 17:49:09] [INFO]   Found drinks section for: 2 Pizza Deal 1 Topping & Two 591ml Drinks (V)
[2025-12-15 17:49:09] [INFO]     Modifier group (radio): Drinks can
[2025-12-15 17:49:09] [INFO]     Title (new name): First Two 591ml Drinks Free
[2025-12-15 17:49:09] [INFO]     Min: 2, Max: 0, Free: 2, Order: None
[2025-12-15 17:49:09] [INFO]     Found alternative drinks modifier: First Two 591ml Drinks Free
[2025-12-15 17:49:09] [INFO]     Updated modifier_group 40651: name='First Two 591ml Drinks Free', order=None
[2025-12-15 17:49:11] [INFO]   Found drinks section for: 2 Pizza Deal 2 Toppings & Two 591ml Drinks (V)
[2025-12-15 17:49:11] [INFO]     Modifier group (radio): Drinks can
[2025-12-15 17:49:11] [INFO]     Title (new name): First Two 591ml Drinks Free
[2025-12-15 17:49:11] [INFO]     Min: 2, Max: 0, Free: 2, Order: None
[2025-12-15 17:49:11] [INFO]     Found alternative drinks modifier: First Two 591ml Drinks Free
[2025-12-15 17:49:11] [INFO]     Updated modifier_group 40652: name='First Two 591ml Drinks Free', order=None
[2025-12-15 17:49:12] [INFO]   Found drinks section for: 2 Pizza Deal 3 Toppings & Two 591ml Drinks (V)
[2025-12-15 17:49:12] [INFO]     Modifier group (radio): Drinks can
[2025-12-15 17:49:12] [INFO]     Title (new name): First Two 591ml Drinks Free
[2025-12-15 17:49:12] [INFO]     Min: 2, Max: 0, Free: 2, Order: None
[2025-12-15 17:49:13] [INFO]     Found alternative drinks modifier: First Two 591ml Drinks Free
[2025-12-15 17:49:13] [INFO]     Updated modifier_group 40653: name='First Two 591ml Drinks Free', order=None
[2025-12-15 17:49:13] [INFO]   Completed: 10 drinks sections, 10 modifier groups updated
[2025-12-15 17:49:13] [INFO] ============================================================
[2025-12-15 17:49:13] [INFO] [21/132] Processing: Pizza Bravo (V3: 139, V1: 264)
[2025-12-15 17:49:13] [INFO] ============================================================
[2025-12-15 17:49:13] [INFO] Scraping combo drinks for: Pizza Bravo (V3: 139, V1: 264)
[2025-12-15 17:49:18] [INFO] Found 0 combo dishes for V1 restaurant 264
[2025-12-15 17:49:18] [INFO]   No combo dishes found
[2025-12-15 17:49:18] [INFO] ============================================================
[2025-12-15 17:49:18] [INFO] [22/132] Processing: Tony's Pizza (V3: 143, V1: 275)
[2025-12-15 17:49:18] [INFO] ============================================================
[2025-12-15 17:49:18] [INFO] Scraping combo drinks for: Tony's Pizza (V3: 143, V1: 275)
[2025-12-15 17:49:24] [INFO] Found 20 combo dishes for V1 restaurant 275
[2025-12-15 17:49:25] [INFO]   Found drinks section for: Meal Deal
[2025-12-15 17:49:25] [INFO]     Modifier group (radio): Drinks can
[2025-12-15 17:49:25] [INFO]     Title (new name): 2L Drink
[2025-12-15 17:49:25] [INFO]     Min: 1, Max: 1, Free: 0, Order: None
[2025-12-15 17:49:26] [INFO]     Found alternative drinks modifier: 2L Drink
[2025-12-15 17:49:26] [INFO]     Updated modifier_group 40659: name='2L Drink', order=None
[2025-12-15 17:49:27] [INFO]   Found drinks section for: 2 Small Pizza and Wings
[2025-12-15 17:49:27] [INFO]     Modifier group (radio): Drinks can
[2025-12-15 17:49:27] [INFO]     Title (new name): Drinks
[2025-12-15 17:49:27] [INFO]     Min: 4, Max: 4, Free: 0, Order: None
[2025-12-15 17:49:28] [INFO]     Found alternative drinks modifier: Drinks
[2025-12-15 17:49:28] [INFO]     Updated modifier_group 40660: name='Drinks', order=None
[2025-12-15 17:49:29] [INFO]   Found drinks section for: 2 Medium Pizza and Wings
[2025-12-15 17:49:29] [INFO]     Modifier group (radio): Drinks can
[2025-12-15 17:49:29] [INFO]     Title (new name): Drinks
[2025-12-15 17:49:29] [INFO]     Min: 4, Max: 4, Free: 0, Order: None
[2025-12-15 17:49:30] [INFO]     Found alternative drinks modifier: Drinks
[2025-12-15 17:49:30] [INFO]     Updated modifier_group 40661: name='Drinks', order=None
[2025-12-15 17:49:31] [INFO]   Found drinks section for: 2 Large Pizza with Wings
[2025-12-15 17:49:31] [INFO]     Modifier group (radio): Drinks can
[2025-12-15 17:49:31] [INFO]     Title (new name): Drinks
[2025-12-15 17:49:31] [INFO]     Min: 4, Max: 4, Free: 0, Order: None
[2025-12-15 17:49:31] [INFO]     Found alternative drinks modifier: Drinks
[2025-12-15 17:49:31] [INFO]     Updated modifier_group 40662: name='Drinks', order=None
[2025-12-15 17:49:49] [INFO]   Found drinks section for: Small Pizza with Wings
[2025-12-15 17:49:49] [INFO]     Modifier group (radio): Drinks can
[2025-12-15 17:49:49] [INFO]     Title (new name): Drinks
[2025-12-15 17:49:49] [INFO]     Min: 2, Max: 2, Free: 0, Order: None
[2025-12-15 17:49:49] [INFO]     Found alternative drinks modifier: Drinks
[2025-12-15 17:49:49] [INFO]     Updated modifier_group 40663: name='Drinks', order=None
[2025-12-15 17:49:51] [INFO]   Found drinks section for: Medium Pizza with Wings
[2025-12-15 17:49:51] [INFO]     Modifier group (radio): Drinks can
[2025-12-15 17:49:51] [INFO]     Title (new name): Drinks
[2025-12-15 17:49:51] [INFO]     Min: 3, Max: 3, Free: 0, Order: None
[2025-12-15 17:49:51] [INFO]     Found alternative drinks modifier: Drinks
[2025-12-15 17:49:51] [INFO]     Updated modifier_group 40664: name='Drinks', order=None
[2025-12-15 17:49:53] [INFO]   Found drinks section for: Large Pizza with Wings
[2025-12-15 17:49:53] [INFO]     Modifier group (radio): Drinks can
[2025-12-15 17:49:53] [INFO]     Title (new name): Drinks
[2025-12-15 17:49:53] [INFO]     Min: 4, Max: 4, Free: 0, Order: None
[2025-12-15 17:49:53] [INFO]     Found alternative drinks modifier: Drinks
[2025-12-15 17:49:53] [INFO]     Updated modifier_group 40665: name='Drinks', order=None
[2025-12-15 17:49:54] [INFO]   Found drinks section for: X-Large Pizza with Wings
[2025-12-15 17:49:54] [INFO]     Modifier group (radio): Drinks can
[2025-12-15 17:49:54] [INFO]     Title (new name): 2L Pop
[2025-12-15 17:49:54] [INFO]     Min: 1, Max: 1, Free: 0, Order: None
[2025-12-15 17:49:55] [WARNING]   Modifier group 'Drinks can' not found for dish 161367
[2025-12-15 17:49:56] [INFO]   Completed: 7 drinks sections, 7 modifier groups updated
[2025-12-15 17:49:56] [INFO] ============================================================
[2025-12-15 17:49:56] [INFO] [23/132] Processing: Hong Kong Chinese Food Takeout (V3: 160, V1: 294)
[2025-12-15 17:49:56] [INFO] ============================================================
[2025-12-15 17:49:56] [INFO] Scraping combo drinks for: Hong Kong Chinese Food Takeout (V3: 160, V1: 294)
[2025-12-15 17:50:01] [INFO] Found 0 combo dishes for V1 restaurant 294
[2025-12-15 17:50:01] [INFO]   No combo dishes found
[2025-12-15 17:50:01] [INFO] ============================================================
[2025-12-15 17:50:01] [INFO] [24/132] Processing: Lucky King Take Out (V3: 174, V1: 312)
[2025-12-15 17:50:01] [INFO] ============================================================
[2025-12-15 17:50:01] [INFO] Scraping combo drinks for: Lucky King Take Out (V3: 174, V1: 312)
[2025-12-15 17:50:07] [INFO] Found 0 combo dishes for V1 restaurant 312
[2025-12-15 17:50:07] [INFO]   No combo dishes found
[2025-12-15 17:50:07] [INFO] ============================================================
[2025-12-15 17:50:07] [INFO] [25/132] Processing: Indian Punjabi Clay Oven (V3: 180, V1: 318)
[2025-12-15 17:50:07] [INFO] ============================================================
[2025-12-15 17:50:07] [INFO] Scraping combo drinks for: Indian Punjabi Clay Oven (V3: 180, V1: 318)
[2025-12-15 17:50:11] [INFO] Found 0 combo dishes for V1 restaurant 318
[2025-12-15 17:50:11] [INFO]   No combo dishes found
[2025-12-15 17:50:11] [INFO] ============================================================
[2025-12-15 17:50:11] [INFO] [26/132] Processing: Milano (V3: 190, V1: 328)
[2025-12-15 17:50:11] [INFO] ============================================================
[2025-12-15 17:50:11] [INFO] Scraping combo drinks for: Milano (V3: 190, V1: 328)
[2025-12-15 17:50:15] [INFO] Found 12 combo dishes for V1 restaurant 328
[2025-12-15 17:50:17] [INFO]   Found drinks section for: Combo No.1 HIDED
[2025-12-15 17:50:17] [INFO]     Modifier group (radio): Drinks can
[2025-12-15 17:50:17] [INFO]     Title (new name): Three 591ml pop
[2025-12-15 17:50:17] [INFO]     Min: 3, Max: 3, Free: 0, Order: None
[2025-12-15 17:50:17] [WARNING]   Modifier group 'Drinks can' not found for dish 140700
[2025-12-15 17:50:18] [INFO]   Found drinks section for: Combo No.2 HIDED
[2025-12-15 17:50:18] [INFO]     Modifier group (radio): Drinks can
[2025-12-15 17:50:18] [INFO]     Title (new name): Three 591ml pop
[2025-12-15 17:50:18] [INFO]     Min: 3, Max: 3, Free: 0, Order: None
[2025-12-15 17:50:19] [WARNING]   Modifier group 'Drinks can' not found for dish 140701
[2025-12-15 17:50:20] [INFO]   Found drinks section for: The Perfect Combo Deal with PopCurds
[2025-12-15 17:50:20] [INFO]     Modifier group (radio): Drinks can
[2025-12-15 17:50:20] [INFO]     Title (new name): First Two 591ml Drinks Free
[2025-12-15 17:50:20] [INFO]     Min: 2, Max: 0, Free: 2, Order: None
[2025-12-15 17:50:20] [INFO]     Found alternative drinks modifier: First Two 591ml Drinks Free
[2025-12-15 17:50:20] [INFO]     Updated modifier_group 40667: name='First Two 591ml Drinks Free', order=None
[2025-12-15 17:50:22] [INFO]   Found drinks section for: One Topping 2 Pizza Deal
[2025-12-15 17:50:22] [INFO]     Modifier group (radio): Drinks can
[2025-12-15 17:50:22] [INFO]     Title (new name): First Two 591ml Drinks Free
[2025-12-15 17:50:22] [INFO]     Min: 2, Max: 0, Free: 2, Order: None
[2025-12-15 17:50:22] [INFO]     Found alternative drinks modifier: First Two 591ml Drinks Free
[2025-12-15 17:50:22] [INFO]     Updated modifier_group 40668: name='First Two 591ml Drinks Free', order=None
[2025-12-15 17:50:23] [INFO]   Found drinks section for: Two Toppings 2 Pizza Deal
[2025-12-15 17:50:23] [INFO]     Modifier group (radio): Drinks can
[2025-12-15 17:50:23] [INFO]     Title (new name): First Two 591ml Drinks Free
[2025-12-15 17:50:23] [INFO]     Min: 2, Max: 0, Free: 2, Order: None
[2025-12-15 17:50:24] [INFO]     Found alternative drinks modifier: First Two 591ml Drinks Free
[2025-12-15 17:50:24] [INFO]     Updated modifier_group 40669: name='First Two 591ml Drinks Free', order=None
[2025-12-15 17:50:25] [INFO]   Found drinks section for: Three Toppings 2 Pizza Deal
[2025-12-15 17:50:25] [INFO]     Modifier group (radio): Drinks can
[2025-12-15 17:50:25] [INFO]     Title (new name): First Two 591ml Drinks Free
[2025-12-15 17:50:25] [INFO]     Min: 2, Max: 0, Free: 2, Order: None
[2025-12-15 17:50:25] [INFO]     Found alternative drinks modifier: First Two 591ml Drinks Free
[2025-12-15 17:50:26] [INFO]     Updated modifier_group 40670: name='First Two 591ml Drinks Free', order=None
[2025-12-15 17:50:27] [INFO]   Found drinks section for: The Perfect Combo Deal with PopCurds
[2025-12-15 17:50:27] [INFO]     Modifier group (radio): Drinks can
[2025-12-15 17:50:27] [INFO]     Title (new name): First Two 591ml Drinks Free
[2025-12-15 17:50:27] [INFO]     Min: 2, Max: 0, Free: 2, Order: None
[2025-12-15 17:50:28] [INFO]     Found alternative drinks modifier: First Two 591ml Drinks Free
[2025-12-15 17:50:28] [INFO]     Updated modifier_group 11257: name='First Two 591ml Drinks Free', order=None
[2025-12-15 17:50:29] [INFO]   Found drinks section for: Large Pizza 3 Toppings
[2025-12-15 17:50:29] [INFO]     Modifier group (radio): Drinks can
[2025-12-15 17:50:29] [INFO]     Title (new name): First Two 591ml Drinks Free
[2025-12-15 17:50:29] [INFO]     Min: 2, Max: 0, Free: 2, Order: None
[2025-12-15 17:50:29] [INFO]     Found alternative drinks modifier: First Two 591ml Drinks Free
[2025-12-15 17:50:30] [INFO]     Updated modifier_group 40671: name='First Two 591ml Drinks Free', order=None
[2025-12-15 17:50:31] [INFO]   Found drinks section for: Medium Pizza 3 Toppings
[2025-12-15 17:50:31] [INFO]     Modifier group (radio): Drinks can
[2025-12-15 17:50:31] [INFO]     Title (new name): First 591ml Drink Free
[2025-12-15 17:50:31] [INFO]     Min: 1, Max: 0, Free: 1, Order: None
[2025-12-15 17:50:31] [INFO]     Found alternative drinks modifier: First 591ml Drink Free
[2025-12-15 17:50:31] [INFO]     Updated modifier_group 40672: name='First 591ml Drink Free', order=None
[2025-12-15 17:50:34] [INFO]   Found drinks section for: 1 Topping Pizza HIDE
[2025-12-15 17:50:34] [INFO]     Modifier group (radio): Drinks can
[2025-12-15 17:50:34] [INFO]     Title (new name): First 591ml Drink Free
[2025-12-15 17:50:34] [INFO]     Min: 1, Max: 0, Free: 1, Order: None
[2025-12-15 17:50:34] [INFO]     Found alternative drinks modifier: First 591ml Drink Free
[2025-12-15 17:50:34] [INFO]     Updated modifier_group 40673: name='First 591ml Drink Free', order=None
[2025-12-15 17:50:36] [INFO]   Found drinks section for: 2 Toppings Pizza HIDE
[2025-12-15 17:50:36] [INFO]     Modifier group (radio): Drinks can
[2025-12-15 17:50:36] [INFO]     Title (new name): First 591ml Drink Free
[2025-12-15 17:50:36] [INFO]     Min: 1, Max: 0, Free: 1, Order: None
[2025-12-15 17:50:36] [INFO]     Found alternative drinks modifier: First 591ml Drink Free
[2025-12-15 17:50:36] [INFO]     Updated modifier_group 40674: name='First 591ml Drink Free', order=None
[2025-12-15 17:50:36] [INFO]   Completed: 9 drinks sections, 9 modifier groups updated
[2025-12-15 17:50:36] [INFO] ============================================================
[2025-12-15 17:50:36] [INFO] [27/132] Processing: Colonnade Pizza (V3: 196, V1: 334)
[2025-12-15 17:50:36] [INFO] ============================================================
[2025-12-15 17:50:36] [INFO] Scraping combo drinks for: Colonnade Pizza (V3: 196, V1: 334)
[2025-12-15 17:50:41] [INFO] Found 1 combo dishes for V1 restaurant 334
[2025-12-15 17:50:42] [INFO]   Completed: 0 drinks sections, 0 modifier groups updated
[2025-12-15 17:50:42] [INFO] ============================================================
[2025-12-15 17:50:42] [INFO] [28/132] Processing: Pho Bo Ga King - Somerset (V3: 199, V1: 337)
[2025-12-15 17:50:42] [INFO] ============================================================
[2025-12-15 17:50:42] [INFO] Scraping combo drinks for: Pho Bo Ga King - Somerset (V3: 199, V1: 337)
[2025-12-15 17:50:46] [INFO] Found 0 combo dishes for V1 restaurant 337
[2025-12-15 17:50:46] [INFO]   No combo dishes found
[2025-12-15 17:50:46] [INFO] ============================================================
[2025-12-15 17:50:46] [INFO] [29/132] Processing: Mont Liban Bakery & Shawarma (V3: 205, V1: 344)
[2025-12-15 17:50:46] [INFO] ============================================================
[2025-12-15 17:50:46] [INFO] Scraping combo drinks for: Mont Liban Bakery & Shawarma (V3: 205, V1: 344)
[2025-12-15 17:50:51] [INFO] Found 0 combo dishes for V1 restaurant 344
[2025-12-15 17:50:51] [INFO]   No combo dishes found
[2025-12-15 17:50:51] [INFO] ============================================================
[2025-12-15 17:50:51] [INFO] [30/132] Processing: Erman Pizza (V3: 211, V1: 350)
[2025-12-15 17:50:51] [INFO] ============================================================
[2025-12-15 17:50:51] [INFO] Scraping combo drinks for: Erman Pizza (V3: 211, V1: 350)
[2025-12-15 17:50:55] [INFO] Found 0 combo dishes for V1 restaurant 350
[2025-12-15 17:50:55] [INFO]   No combo dishes found
[2025-12-15 17:50:55] [INFO] ============================================================
[2025-12-15 17:50:55] [INFO] [31/132] Processing: New Mukut Restaurant Indian Cuisine (V3: 234, V1: 374)
[2025-12-15 17:50:55] [INFO] ============================================================
[2025-12-15 17:50:55] [INFO] Scraping combo drinks for: New Mukut Restaurant Indian Cuisine (V3: 234, V1: 374)
[2025-12-15 17:50:59] [INFO] Found 0 combo dishes for V1 restaurant 374
[2025-12-15 17:50:59] [INFO]   No combo dishes found
[2025-12-15 17:50:59] [INFO] ============================================================
[2025-12-15 17:50:59] [INFO] [32/132] Processing: Beneci Pizza (V3: 241, V1: 383)
[2025-12-15 17:50:59] [INFO] ============================================================
[2025-12-15 17:50:59] [INFO] Scraping combo drinks for: Beneci Pizza (V3: 241, V1: 383)
[2025-12-15 17:51:03] [INFO] Found 6 combo dishes for V1 restaurant 383
[2025-12-15 17:51:12] [INFO]   Completed: 0 drinks sections, 0 modifier groups updated
[2025-12-15 17:51:12] [INFO] ============================================================
[2025-12-15 17:51:12] [INFO] [33/132] Processing: Orchid Sushi (V3: 245, V1: 387)
[2025-12-15 17:51:12] [INFO] ============================================================
[2025-12-15 17:51:12] [INFO] Scraping combo drinks for: Orchid Sushi (V3: 245, V1: 387)
[2025-12-15 17:51:17] [INFO] Found 4 combo dishes for V1 restaurant 387
[2025-12-15 17:51:22] [INFO]   Completed: 0 drinks sections, 0 modifier groups updated
[2025-12-15 17:51:22] [INFO] ============================================================
[2025-12-15 17:51:22] [INFO] [34/132] Processing: Milano (V3: 265, V1: 411)
[2025-12-15 17:51:22] [INFO] ============================================================
[2025-12-15 17:51:22] [INFO] Scraping combo drinks for: Milano (V3: 265, V1: 411)
[2025-12-15 17:51:26] [INFO] Found 14 combo dishes for V1 restaurant 411
[2025-12-15 17:51:28] [INFO]   Found drinks section for: Combo No.1 HIDED
[2025-12-15 17:51:28] [INFO]     Modifier group (radio): Drinks 591ml
[2025-12-15 17:51:28] [INFO]     Title (new name): Three 591ml pop
[2025-12-15 17:51:28] [INFO]     Min: 3, Max: 3, Free: 0, Order: None
[2025-12-15 17:51:28] [WARNING]   Modifier group 'Drinks 591ml' not found for dish 174036
[2025-12-15 17:51:29] [INFO]   Found drinks section for: Combo No.2 HIDED
[2025-12-15 17:51:29] [INFO]     Modifier group (radio): Drinks 591ml
[2025-12-15 17:51:29] [INFO]     Title (new name): Three 591ml pop
[2025-12-15 17:51:29] [INFO]     Min: 3, Max: 3, Free: 0, Order: None
[2025-12-15 17:51:30] [WARNING]   Modifier group 'Drinks 591ml' not found for dish 174037
[2025-12-15 17:51:31] [INFO]   Found drinks section for: The Perfect Combo Deal with PopCurds
[2025-12-15 17:51:31] [INFO]     Modifier group (radio): Drinks 591ml
[2025-12-15 17:51:31] [INFO]     Title (new name): Choose 2 Drinks
[2025-12-15 17:51:31] [INFO]     Min: 2, Max: 2, Free: 0, Order: None
[2025-12-15 17:51:31] [WARNING]   Modifier group 'Drinks 591ml' not found for dish 174038
[2025-12-15 17:51:37] [INFO]   Found drinks section for: The Perfect Combo Deal with PopCurds
[2025-12-15 17:51:37] [INFO]     Modifier group (radio): Drinks 591ml
[2025-12-15 17:51:37] [INFO]     Title (new name): Choose 2 Drinks
[2025-12-15 17:51:37] [INFO]     Min: 2, Max: 2, Free: 2, Order: None
[2025-12-15 17:51:37] [WARNING]   Modifier group 'Drinks 591ml' not found for dish 174045
[2025-12-15 17:51:38] [INFO]   Found drinks section for: Large Pizza Everyday Special
[2025-12-15 17:51:38] [INFO]     Modifier group (radio): Drinks 591ml
[2025-12-15 17:51:38] [INFO]     Title (new name): Two 591ml pop
[2025-12-15 17:51:38] [INFO]     Min: 2, Max: 2, Free: 0, Order: None
[2025-12-15 17:51:39] [WARNING]   Modifier group 'Drinks 591ml' not found for dish 174046
[2025-12-15 17:51:40] [INFO]   Found drinks section for: Medium Pizza Everyday Special
[2025-12-15 17:51:40] [INFO]     Modifier group (radio): Drinks 591ml
[2025-12-15 17:51:40] [INFO]     Title (new name): Two 591ml pop
[2025-12-15 17:51:40] [INFO]     Min: 2, Max: 2, Free: 0, Order: None
[2025-12-15 17:51:40] [WARNING]   Modifier group 'Drinks 591ml' not found for dish 174047
[2025-12-15 17:51:47] [INFO]   Completed: 0 drinks sections, 0 modifier groups updated
[2025-12-15 17:51:47] [INFO] ============================================================
[2025-12-15 17:51:47] [INFO] [35/132] Processing: Lucky Fortune (V3: 267, V1: 413)
[2025-12-15 17:51:47] [INFO] ============================================================
[2025-12-15 17:51:47] [INFO] Scraping combo drinks for: Lucky Fortune (V3: 267, V1: 413)
[2025-12-15 17:51:52] [INFO] Found 0 combo dishes for V1 restaurant 413
[2025-12-15 17:51:52] [INFO]   No combo dishes found
[2025-12-15 17:51:52] [INFO] ============================================================
[2025-12-15 17:51:52] [INFO] [36/132] Processing: Shaan Tandoori (V3: 269, V1: 415)
[2025-12-15 17:51:52] [INFO] ============================================================
[2025-12-15 17:51:52] [INFO] Scraping combo drinks for: Shaan Tandoori (V3: 269, V1: 415)
[2025-12-15 17:51:56] [INFO] Found 0 combo dishes for V1 restaurant 415
[2025-12-15 17:51:56] [INFO]   No combo dishes found
[2025-12-15 17:51:56] [INFO] ============================================================
[2025-12-15 17:51:56] [INFO] [37/132] Processing: JN Pizza (V3: 328, V1: 489)
[2025-12-15 17:51:56] [INFO] ============================================================
[2025-12-15 17:51:56] [INFO] Scraping combo drinks for: JN Pizza (V3: 328, V1: 489)
[2025-12-15 17:52:00] [INFO] Found 5 combo dishes for V1 restaurant 489
[2025-12-15 17:52:02] [INFO]   Found drinks section for: Family Meal Deal A - Large Pizza
[2025-12-15 17:52:02] [INFO]     Modifier group (radio): Drink Cans
[2025-12-15 17:52:02] [INFO]     Title (new name): Choose 3 Cans
[2025-12-15 17:52:02] [INFO]     Min: 3, Max: 3, Free: 0, Order: None
[2025-12-15 17:52:02] [INFO]     Updated modifier_group 40678: name='Choose 3 Cans', order=None
[2025-12-15 17:52:03] [INFO]   Found drinks section for: Family Meal Deal B - Medium Pizza
[2025-12-15 17:52:03] [INFO]     Modifier group (radio): Drink Cans
[2025-12-15 17:52:03] [INFO]     Title (new name): Choose 2 Cans
[2025-12-15 17:52:03] [INFO]     Min: 2, Max: 2, Free: 0, Order: None
[2025-12-15 17:52:04] [INFO]     Updated modifier_group 40679: name='Choose 2 Cans', order=None
[2025-12-15 17:52:08] [INFO]   Completed: 2 drinks sections, 2 modifier groups updated
[2025-12-15 17:52:08] [INFO] ============================================================
[2025-12-15 17:52:08] [INFO] [38/132] Processing: Milano (V3: 349, V1: 512)
[2025-12-15 17:52:08] [INFO] ============================================================
[2025-12-15 17:52:08] [INFO] Scraping combo drinks for: Milano (V3: 349, V1: 512)
[2025-12-15 17:52:12] [INFO] Found 16 combo dishes for V1 restaurant 512
[2025-12-15 17:52:14] [INFO]   Found drinks section for: Combo No.1 HIDED
[2025-12-15 17:52:14] [INFO]     Modifier group (radio): Drinks 591ml
[2025-12-15 17:52:14] [INFO]     Title (new name): Three 591ml pop
[2025-12-15 17:52:14] [INFO]     Min: 3, Max: 3, Free: 0, Order: None
[2025-12-15 17:52:14] [WARNING]   Modifier group 'Drinks 591ml' not found for dish 138648
[2025-12-15 17:52:15] [INFO]   Found drinks section for: Combo No.2 HIDED
[2025-12-15 17:52:15] [INFO]     Modifier group (radio): Drinks 591ml
[2025-12-15 17:52:15] [INFO]     Title (new name): Three 591ml pop
[2025-12-15 17:52:15] [INFO]     Min: 3, Max: 3, Free: 0, Order: None
[2025-12-15 17:52:15] [WARNING]   Modifier group 'Drinks 591ml' not found for dish 138649
[2025-12-15 17:52:17] [INFO]   Found drinks section for: The Perfect Combo Deal with PopCurds
[2025-12-15 17:52:17] [INFO]     Modifier group (radio): Drinks 591ml
[2025-12-15 17:52:17] [INFO]     Title (new name): First Two 591ml Drinks Free
[2025-12-15 17:52:17] [INFO]     Min: 2, Max: 0, Free: 2, Order: None
[2025-12-15 17:52:17] [INFO]     Found alternative drinks modifier: Drinks 591ml WITH PRICES
[2025-12-15 17:52:17] [INFO]     Updated modifier_group 40680: name='First Two 591ml Drinks Free', order=None
[2025-12-15 17:52:19] [INFO]   Found drinks section for: Two Pizzas 1 Topping
[2025-12-15 17:52:19] [INFO]     Modifier group (radio): Drinks 591ml
[2025-12-15 17:52:19] [INFO]     Title (new name): First Two 591ml Drinks Free
[2025-12-15 17:52:19] [INFO]     Min: 2, Max: 0, Free: 2, Order: None
[2025-12-15 17:52:19] [INFO]     Found alternative drinks modifier: Drinks 591ml WITH PRICES
[2025-12-15 17:52:19] [INFO]     Updated modifier_group 40681: name='First Two 591ml Drinks Free', order=None
[2025-12-15 17:52:20] [INFO]   Found drinks section for: Two Pizzas 2 Toppings
[2025-12-15 17:52:20] [INFO]     Modifier group (radio): Drinks 591ml
[2025-12-15 17:52:20] [INFO]     Title (new name): First Two 591ml Drinks Free
[2025-12-15 17:52:20] [INFO]     Min: 2, Max: 0, Free: 2, Order: None
[2025-12-15 17:52:21] [INFO]     Found alternative drinks modifier: Drinks 591ml WITH PRICES
[2025-12-15 17:52:21] [INFO]     Updated modifier_group 40682: name='First Two 591ml Drinks Free', order=None
[2025-12-15 17:52:22] [INFO]   Found drinks section for: Two Pizzas 3 Toppings
[2025-12-15 17:52:22] [INFO]     Modifier group (radio): Drinks 591ml
[2025-12-15 17:52:22] [INFO]     Title (new name): First Two 591ml Drinks Free
[2025-12-15 17:52:22] [INFO]     Min: 2, Max: 0, Free: 2, Order: None
[2025-12-15 17:52:22] [INFO]     Found alternative drinks modifier: Drinks 591ml WITH PRICES
[2025-12-15 17:52:22] [INFO]     Updated modifier_group 40683: name='First Two 591ml Drinks Free', order=None
[2025-12-15 17:52:24] [INFO]   Found drinks section for: The Perfect Combo Deal with PopCurds
[2025-12-15 17:52:24] [INFO]     Modifier group (radio): Drinks 591ml
[2025-12-15 17:52:24] [INFO]     Title (new name): First Two 591ml Drinks Free
[2025-12-15 17:52:24] [INFO]     Min: 2, Max: 0, Free: 2, Order: None
[2025-12-15 17:52:24] [INFO]     Found alternative drinks modifier: First Two 591ml Drinks Free
[2025-12-15 17:52:24] [INFO]     Updated modifier_group 11717: name='First Two 591ml Drinks Free', order=None
[2025-12-15 17:52:26] [INFO]   Found drinks section for: Large Pizza and Wings
[2025-12-15 17:52:26] [INFO]     Modifier group (radio): Drinks 591ml
[2025-12-15 17:52:26] [INFO]     Title (new name): First Two 591ml Drinks Free
[2025-12-15 17:52:26] [INFO]     Min: 2, Max: 0, Free: 2, Order: None
[2025-12-15 17:52:26] [INFO]     Found alternative drinks modifier: Drinks 591ml WITH PRICES
[2025-12-15 17:52:26] [INFO]     Updated modifier_group 40684: name='First Two 591ml Drinks Free', order=None
[2025-12-15 17:52:27] [INFO]   Found drinks section for: Medium Pizza with Wings
[2025-12-15 17:52:27] [INFO]     Modifier group (radio): Drinks 591ml
[2025-12-15 17:52:27] [INFO]     Title (new name): First Two 591ml Drinks Free
[2025-12-15 17:52:27] [INFO]     Min: 2, Max: 0, Free: 2, Order: None
[2025-12-15 17:52:28] [INFO]     Found alternative drinks modifier: Drinks 591ml WITH PRICES
[2025-12-15 17:52:28] [INFO]     Updated modifier_group 40685: name='First Two 591ml Drinks Free', order=None
[2025-12-15 17:52:35] [INFO]   Found drinks section for: VEGAN 2 Pizza Deal 1 Topping & Two 591ml Drinks (V)
[2025-12-15 17:52:35] [INFO]     Modifier group (radio): Drinks 591ml
[2025-12-15 17:52:35] [INFO]     Title (new name): First Two 591ml Drinks Free
[2025-12-15 17:52:35] [INFO]     Min: 2, Max: 0, Free: 2, Order: None
[2025-12-15 17:52:35] [INFO]     Found alternative drinks modifier: Drinks 591ml WITH PRICES
[2025-12-15 17:52:35] [INFO]     Updated modifier_group 40686: name='First Two 591ml Drinks Free', order=None
[2025-12-15 17:52:37] [INFO]   Found drinks section for: VEGAN 2 Pizza Deal 2 Toppings & Two 591ml Drinks (V)
[2025-12-15 17:52:37] [INFO]     Modifier group (radio): Drinks 591ml
[2025-12-15 17:52:37] [INFO]     Title (new name): First Two 591ml Drinks Free
[2025-12-15 17:52:37] [INFO]     Min: 2, Max: 0, Free: 2, Order: None
[2025-12-15 17:52:37] [INFO]     Found alternative drinks modifier: Drinks 591ml WITH PRICES
[2025-12-15 17:52:37] [INFO]     Updated modifier_group 40687: name='First Two 591ml Drinks Free', order=None
[2025-12-15 17:52:38] [INFO]   Found drinks section for: VEGAN 2 Pizza Deal 3 Toppings & Two 591ml Drinks (V)
[2025-12-15 17:52:38] [INFO]     Modifier group (radio): Drinks 591ml
[2025-12-15 17:52:38] [INFO]     Title (new name): First Two 591ml Drinks Free
[2025-12-15 17:52:38] [INFO]     Min: 2, Max: 0, Free: 2, Order: None
[2025-12-15 17:52:39] [INFO]     Found alternative drinks modifier: Drinks 591ml WITH PRICES
[2025-12-15 17:52:39] [INFO]     Updated modifier_group 40688: name='First Two 591ml Drinks Free', order=None
[2025-12-15 17:52:39] [INFO]   Completed: 10 drinks sections, 10 modifier groups updated
[2025-12-15 17:52:39] [INFO] ============================================================
[2025-12-15 17:52:39] [INFO] [39/132] Processing: Milano (V3: 350, V1: 513)
[2025-12-15 17:52:39] [INFO] ============================================================
[2025-12-15 17:52:39] [INFO] Scraping combo drinks for: Milano (V3: 350, V1: 513)
[2025-12-15 17:52:43] [INFO] Found 19 combo dishes for V1 restaurant 513
[2025-12-15 17:52:45] [INFO]   Found drinks section for: Combo No.1 HIDED
[2025-12-15 17:52:45] [INFO]     Modifier group (radio): Drinks can
[2025-12-15 17:52:45] [INFO]     Title (new name): Three cans of pop
[2025-12-15 17:52:45] [INFO]     Min: 3, Max: 3, Free: 0, Order: None
[2025-12-15 17:52:45] [WARNING]   Modifier group 'Drinks can' not found for dish 138844
[2025-12-15 17:52:46] [INFO]   Found drinks section for: Combo No.2 HIDED
[2025-12-15 17:52:46] [INFO]     Modifier group (radio): Drinks can
[2025-12-15 17:52:46] [INFO]     Title (new name): Three cans of pop
[2025-12-15 17:52:46] [INFO]     Min: 3, Max: 3, Free: 0, Order: None
[2025-12-15 17:52:47] [WARNING]   Modifier group 'Drinks can' not found for dish 138845
[2025-12-15 17:52:48] [INFO]   Found drinks section for: Small Perfect Combo Deal with PopCurds
[2025-12-15 17:52:48] [INFO]     Modifier group (radio): Drinks can
[2025-12-15 17:52:48] [INFO]     Title (new name): Two 591ml Drinks
[2025-12-15 17:52:48] [INFO]     Min: 2, Max: 2, Free: 0, Order: None
[2025-12-15 17:52:48] [INFO]     Updated modifier_group 40689: name='Two 591ml Drinks', order=None
[2025-12-15 17:52:50] [INFO]   Found drinks section for: Medium Perfect Combo Deal with PopCurds
[2025-12-15 17:52:50] [INFO]     Modifier group (radio): Drinks can
[2025-12-15 17:52:50] [INFO]     Title (new name): Two 591ml Drinks
[2025-12-15 17:52:50] [INFO]     Min: 2, Max: 2, Free: 0, Order: None
[2025-12-15 17:52:50] [INFO]     Updated modifier_group 40690: name='Two 591ml Drinks', order=None
[2025-12-15 17:52:51] [INFO]   Found drinks section for: Large Perfect Combo Deal with PopCurds
[2025-12-15 17:52:51] [INFO]     Modifier group (radio): Drinks can
[2025-12-15 17:52:51] [INFO]     Title (new name): Two 591ml Drinks
[2025-12-15 17:52:51] [INFO]     Min: 2, Max: 2, Free: 0, Order: None
[2025-12-15 17:52:52] [INFO]     Updated modifier_group 40691: name='Two 591ml Drinks', order=None
[2025-12-15 17:53:04] [INFO]   Found drinks section for: Pizza Special
[2025-12-15 17:53:04] [INFO]     Modifier group (radio): Drinks can
[2025-12-15 17:53:04] [INFO]     Title (new name): Choose 2 Drinks
[2025-12-15 17:53:04] [INFO]     Min: 2, Max: 2, Free: 2, Order: None
[2025-12-15 17:53:04] [INFO]     Updated modifier_group 40692: name='Choose 2 Drinks', order=None
[2025-12-15 17:53:09] [INFO]   Found drinks section for: Small Perfect Combo Deal with PopCurds
[2025-12-15 17:53:09] [INFO]     Modifier group (radio): Drinks can
[2025-12-15 17:53:09] [INFO]     Title (new name): Two 591ml Drinks
[2025-12-15 17:53:09] [INFO]     Min: 2, Max: 2, Free: 0, Order: None
[2025-12-15 17:53:10] [INFO]     Found alternative drinks modifier: Two 591ml Drinks
[2025-12-15 17:53:10] [INFO]     Updated modifier_group 12254: name='Two 591ml Drinks', order=None
[2025-12-15 17:53:11] [INFO]   Found drinks section for: Medium Perfect Combo Deal with PopCurds
[2025-12-15 17:53:11] [INFO]     Modifier group (radio): Drinks can
[2025-12-15 17:53:11] [INFO]     Title (new name): Two 591ml Drinks
[2025-12-15 17:53:11] [INFO]     Min: 2, Max: 2, Free: 0, Order: None
[2025-12-15 17:53:11] [INFO]     Found alternative drinks modifier: Two 591ml Drinks
[2025-12-15 17:53:12] [INFO]     Updated modifier_group 12255: name='Two 591ml Drinks', order=None
[2025-12-15 17:53:13] [INFO]   Found drinks section for: Large Perfect Combo Deal with PopCurds
[2025-12-15 17:53:13] [INFO]     Modifier group (radio): Drinks can
[2025-12-15 17:53:13] [INFO]     Title (new name): Two 591ml Drinks
[2025-12-15 17:53:13] [INFO]     Min: 2, Max: 2, Free: 0, Order: None
[2025-12-15 17:53:13] [INFO]     Found alternative drinks modifier: Two 591ml Drinks
[2025-12-15 17:53:13] [INFO]     Updated modifier_group 12256: name='Two 591ml Drinks', order=None
[2025-12-15 17:53:13] [INFO]   Completed: 7 drinks sections, 7 modifier groups updated
[2025-12-15 17:53:13] [INFO] ============================================================
[2025-12-15 17:53:13] [INFO] [40/132] Processing: Xtreme Pizza (V3: 367, V1: 532)
[2025-12-15 17:53:13] [INFO] ============================================================
[2025-12-15 17:53:13] [INFO] Scraping combo drinks for: Xtreme Pizza (V3: 367, V1: 532)
[2025-12-15 17:53:17] [INFO] Found 14 combo dishes for V1 restaurant 532
[2025-12-15 17:53:20] [INFO]   Found drinks section for: Lunch Deal No2 HIDE
[2025-12-15 17:53:20] [INFO]     Modifier group (radio): Drinks
[2025-12-15 17:53:20] [INFO]     Title (new name): 1 Can of Pop
[2025-12-15 17:53:20] [INFO]     Min: 1, Max: 1, Free: 0, Order: None
[2025-12-15 17:53:21] [INFO]     Updated modifier_group 40693: name='1 Can of Pop', order=None
[2025-12-15 17:53:32] [INFO]   Found drinks section for: Deal 1- Large Pizza & Wings
[2025-12-15 17:53:32] [INFO]     Modifier group (radio): Drinks
[2025-12-15 17:53:32] [INFO]     Title (new name): 3 Cans
[2025-12-15 17:53:32] [INFO]     Min: 3, Max: 3, Free: 0, Order: None
[2025-12-15 17:53:32] [INFO]     Updated modifier_group 40694: name='3 Cans', order=None
[2025-12-15 17:53:33] [INFO]   Found drinks section for: Deal 2- Medium Pizza & Wings
[2025-12-15 17:53:33] [INFO]     Modifier group (radio): Drinks
[2025-12-15 17:53:33] [INFO]     Title (new name): 2 Cans
[2025-12-15 17:53:33] [INFO]     Min: 2, Max: 2, Free: 0, Order: None
[2025-12-15 17:53:34] [INFO]     Updated modifier_group 40695: name='2 Cans', order=None
[2025-12-15 17:53:35] [INFO]   Found drinks section for: Deal 3 - XTreme 3S
[2025-12-15 17:53:35] [INFO]     Modifier group (radio): Drinks
[2025-12-15 17:53:35] [INFO]     Title (new name): 3 Cans
[2025-12-15 17:53:35] [INFO]     Min: 3, Max: 3, Free: 0, Order: None
[2025-12-15 17:53:35] [INFO]     Updated modifier_group 40696: name='3 Cans', order=None
[2025-12-15 17:53:37] [INFO]   Found drinks section for: 2 Spaghetti with 2 Cans of Pop
[2025-12-15 17:53:37] [INFO]     Modifier group (radio): Drinks
[2025-12-15 17:53:37] [INFO]     Title (new name): 2 Cans
[2025-12-15 17:53:37] [INFO]     Min: 2, Max: 2, Free: 0, Order: None
[2025-12-15 17:53:37] [INFO]     Updated modifier_group 40697: name='2 Cans', order=None
[2025-12-15 17:53:39] [INFO]   Found drinks section for: 2 Lasagna with 2 Cans of Pop
[2025-12-15 17:53:39] [INFO]     Modifier group (radio): Drinks
[2025-12-15 17:53:39] [INFO]     Title (new name): 2 Cans
[2025-12-15 17:53:39] [INFO]     Min: 2, Max: 2, Free: 0, Order: None
[2025-12-15 17:53:39] [INFO]     Updated modifier_group 40698: name='2 Cans', order=None
[2025-12-15 17:53:39] [INFO]   Completed: 6 drinks sections, 6 modifier groups updated
[2025-12-15 17:53:39] [INFO] ============================================================
[2025-12-15 17:53:39] [INFO] [41/132] Processing: Sachi Sushi (V3: 376, V1: 542)
[2025-12-15 17:53:39] [INFO] ============================================================
[2025-12-15 17:53:39] [INFO] Scraping combo drinks for: Sachi Sushi (V3: 376, V1: 542)
[2025-12-15 17:53:43] [INFO] Found 0 combo dishes for V1 restaurant 542
[2025-12-15 17:53:43] [INFO]   No combo dishes found
[2025-12-15 17:53:43] [INFO] ============================================================
[2025-12-15 17:53:43] [INFO] [42/132] Processing: Papa Joe's Fried Chicken - Downtown (V3: 437, V1: 612)
[2025-12-15 17:53:43] [INFO] ============================================================
[2025-12-15 17:53:43] [INFO] Scraping combo drinks for: Papa Joe's Fried Chicken - Downtown (V3: 437, V1: 612)
[2025-12-15 17:53:47] [INFO] Found 0 combo dishes for V1 restaurant 612
[2025-12-15 17:53:47] [INFO]   No combo dishes found
[2025-12-15 17:53:47] [INFO] ============================================================
[2025-12-15 17:53:47] [INFO] [43/132] Processing: iCook Pho You (V3: 479, V1: 669)
[2025-12-15 17:53:47] [INFO] ============================================================
[2025-12-15 17:53:47] [INFO] Scraping combo drinks for: iCook Pho You (V3: 479, V1: 669)
[2025-12-15 17:53:52] [INFO] Found 0 combo dishes for V1 restaurant 669
[2025-12-15 17:53:52] [INFO]   No combo dishes found
[2025-12-15 17:53:52] [INFO] ============================================================
[2025-12-15 17:53:52] [INFO] [44/132] Processing: Light of India (V3: 491, V1: 695)
[2025-12-15 17:53:52] [INFO] ============================================================
[2025-12-15 17:53:52] [INFO] Scraping combo drinks for: Light of India (V3: 491, V1: 695)
[2025-12-15 17:53:56] [INFO] Found 0 combo dishes for V1 restaurant 695
[2025-12-15 17:53:56] [INFO]   No combo dishes found
[2025-12-15 17:53:56] [INFO] ============================================================
[2025-12-15 17:53:56] [INFO] [45/132] Processing: Rangoli (V3: 497, V1: 701)
[2025-12-15 17:53:56] [INFO] ============================================================
[2025-12-15 17:53:56] [INFO] Scraping combo drinks for: Rangoli (V3: 497, V1: 701)
[2025-12-15 17:54:00] [INFO] Found 6 combo dishes for V1 restaurant 701
[2025-12-15 17:54:09] [INFO]   Completed: 0 drinks sections, 0 modifier groups updated
[2025-12-15 17:54:09] [INFO] ============================================================
[2025-12-15 17:54:09] [INFO] [46/132] Processing: New Hong Kong (V3: 502, V1: 707)
[2025-12-15 17:54:09] [INFO] ============================================================
[2025-12-15 17:54:09] [INFO] Scraping combo drinks for: New Hong Kong (V3: 502, V1: 707)
[2025-12-15 17:54:13] [INFO] Found 0 combo dishes for V1 restaurant 707
[2025-12-15 17:54:13] [INFO]   No combo dishes found
[2025-12-15 17:54:13] [INFO] ============================================================
[2025-12-15 17:54:13] [INFO] [47/132] Processing: Pizza Lovers Hunt Club (V3: 507, V1: 712)
[2025-12-15 17:54:13] [INFO] ============================================================
[2025-12-15 17:54:13] [INFO] Scraping combo drinks for: Pizza Lovers Hunt Club (V3: 507, V1: 712)
[2025-12-15 17:54:17] [INFO] Found 2 combo dishes for V1 restaurant 712
[2025-12-15 17:54:20] [INFO]   Completed: 0 drinks sections, 0 modifier groups updated
[2025-12-15 17:54:20] [INFO] ============================================================
[2025-12-15 17:54:20] [INFO] [48/132] Processing: Egg Roll Factory (V3: 511, V1: 716)
[2025-12-15 17:54:20] [INFO] ============================================================
[2025-12-15 17:54:20] [INFO] Scraping combo drinks for: Egg Roll Factory (V3: 511, V1: 716)
[2025-12-15 17:54:24] [INFO] Found 0 combo dishes for V1 restaurant 716
[2025-12-15 17:54:24] [INFO]   No combo dishes found
[2025-12-15 17:54:24] [INFO] ============================================================
[2025-12-15 17:54:24] [INFO] [49/132] Processing: Napolis (V3: 515, V1: 721)
[2025-12-15 17:54:24] [INFO] ============================================================
[2025-12-15 17:54:24] [INFO] Scraping combo drinks for: Napolis (V3: 515, V1: 721)
[2025-12-15 17:54:29] [INFO] Found 9 combo dishes for V1 restaurant 721
[2025-12-15 17:54:30] [INFO]   Found drinks section for: Family Special
[2025-12-15 17:54:30] [INFO]     Modifier group (radio): Drinks 1L
[2025-12-15 17:54:30] [INFO]     Title (new name): 1L Drink
[2025-12-15 17:54:30] [INFO]     Min: 1, Max: 1, Free: 0, Order: None
[2025-12-15 17:54:30] [INFO]     Updated modifier_group 40699: name='1L Drink', order=None
[2025-12-15 17:54:41] [INFO]   Completed: 1 drinks sections, 1 modifier groups updated
[2025-12-15 17:54:41] [INFO] ============================================================
[2025-12-15 17:54:41] [INFO] [50/132] Processing: HaNoi Pho (V3: 519, V1: 727)
[2025-12-15 17:54:41] [INFO] ============================================================
[2025-12-15 17:54:41] [INFO] Scraping combo drinks for: HaNoi Pho (V3: 519, V1: 727)
[2025-12-15 17:54:46] [INFO] Found 0 combo dishes for V1 restaurant 727
[2025-12-15 17:54:46] [INFO]   No combo dishes found
[2025-12-15 17:54:46] [INFO] ============================================================
[2025-12-15 17:54:46] [INFO] [51/132] Processing: Palermo Pizzeria (V3: 521, V1: 729)
[2025-12-15 17:54:46] [INFO] ============================================================
[2025-12-15 17:54:46] [INFO] Scraping combo drinks for: Palermo Pizzeria (V3: 521, V1: 729)
[2025-12-15 17:54:50] [INFO] Found 11 combo dishes for V1 restaurant 729
[2025-12-15 17:55:00] [INFO]   Found drinks section for: XLarge Pizza and Wings
[2025-12-15 17:55:00] [INFO]     Modifier group (radio): Drinks Can
[2025-12-15 17:55:00] [INFO]     Title (new name): 4 Cans of pop
[2025-12-15 17:55:00] [INFO]     Min: 4, Max: 4, Free: 0, Order: None
[2025-12-15 17:55:00] [INFO]     Updated modifier_group 40700: name='4 Cans of pop', order=None
[2025-12-15 17:55:02] [INFO]   Found drinks section for: Large Pizza & Wings
[2025-12-15 17:55:02] [INFO]     Modifier group (radio): Drinks Can
[2025-12-15 17:55:02] [INFO]     Title (new name): 3 Cans of pop
[2025-12-15 17:55:02] [INFO]     Min: 3, Max: 3, Free: 0, Order: None
[2025-12-15 17:55:02] [INFO]     Updated modifier_group 40701: name='3 Cans of pop', order=None
[2025-12-15 17:55:04] [INFO]   Found drinks section for: Medium Pizza & Wings
[2025-12-15 17:55:04] [INFO]     Modifier group (radio): Drinks Can
[2025-12-15 17:55:04] [INFO]     Title (new name): 2 Cans of pop
[2025-12-15 17:55:04] [INFO]     Min: 2, Max: 2, Free: 0, Order: None
[2025-12-15 17:55:04] [INFO]     Updated modifier_group 40702: name='2 Cans of pop', order=None
[2025-12-15 17:55:05] [INFO]   Found drinks section for: Small Pizza & Wings
[2025-12-15 17:55:05] [INFO]     Modifier group (radio): Drinks Can
[2025-12-15 17:55:05] [INFO]     Title (new name): 1 Can of pop
[2025-12-15 17:55:05] [INFO]     Min: 1, Max: 1, Free: 0, Order: None
[2025-12-15 17:55:06] [INFO]     Updated modifier_group 40703: name='1 Can of pop', order=None
[2025-12-15 17:55:07] [INFO]   Found drinks section for: 2 Large Pizza & Wings  HIDE
[2025-12-15 17:55:07] [INFO]     Modifier group (radio): Drinks Can
[2025-12-15 17:55:07] [INFO]     Title (new name): 6 Cans of pop
[2025-12-15 17:55:07] [INFO]     Min: 6, Max: 6, Free: 0, Order: None
[2025-12-15 17:55:07] [INFO]     Updated modifier_group 40704: name='6 Cans of pop', order=None
[2025-12-15 17:55:07] [INFO]   Completed: 5 drinks sections, 5 modifier groups updated
[2025-12-15 17:55:07] [INFO] ============================================================
[2025-12-15 17:55:07] [INFO] [52/132] Processing: Papa Grecque des Flandres (V3: 540, V1: 758)
[2025-12-15 17:55:07] [INFO] ============================================================
[2025-12-15 17:55:07] [INFO] Scraping combo drinks for: Papa Grecque des Flandres (V3: 540, V1: 758)
[2025-12-15 17:55:12] [INFO] Found 0 combo dishes for V1 restaurant 758
[2025-12-15 17:55:12] [INFO]   No combo dishes found
[2025-12-15 17:55:12] [INFO] ============================================================
[2025-12-15 17:55:12] [INFO] [53/132] Processing: Aahar The Taste of India (V3: 561, V1: 781)
[2025-12-15 17:55:12] [INFO] ============================================================
[2025-12-15 17:55:12] [INFO] Scraping combo drinks for: Aahar The Taste of India (V3: 561, V1: 781)
[2025-12-15 17:55:16] [INFO] Found 0 combo dishes for V1 restaurant 781
[2025-12-15 17:55:16] [INFO]   No combo dishes found
[2025-12-15 17:55:16] [INFO] ============================================================
[2025-12-15 17:55:16] [INFO] [54/132] Processing: Pizza des Hautes Plaines (V3: 562, V1: 782)
[2025-12-15 17:55:16] [INFO] ============================================================
[2025-12-15 17:55:16] [INFO] Scraping combo drinks for: Pizza des Hautes Plaines (V3: 562, V1: 782)
[2025-12-15 17:55:20] [INFO] Found 0 combo dishes for V1 restaurant 782
[2025-12-15 17:55:20] [INFO]   No combo dishes found
[2025-12-15 17:55:20] [INFO] ============================================================
[2025-12-15 17:55:20] [INFO] [55/132] Processing: Milano (V3: 565, V1: 785)
[2025-12-15 17:55:20] [INFO] ============================================================
[2025-12-15 17:55:20] [INFO] Scraping combo drinks for: Milano (V3: 565, V1: 785)
[2025-12-15 17:55:25] [INFO] Found 18 combo dishes for V1 restaurant 785
[2025-12-15 17:55:26] [INFO]   Found drinks section for: The Perfect Combo Deal with PopCurds
[2025-12-15 17:55:26] [INFO]     Modifier group (radio): Drinks 591 ml
[2025-12-15 17:55:26] [INFO]     Title (new name): Two 591ml Drinks
[2025-12-15 17:55:26] [INFO]     Min: 2, Max: 2, Free: 0, Order: None
[2025-12-15 17:55:26] [INFO]     Updated modifier_group 40705: name='Two 591ml Drinks', order=None
[2025-12-15 17:55:28] [INFO]   Found drinks section for: The Perfect Combo Deal with PopCurds HIDE
[2025-12-15 17:55:28] [INFO]     Modifier group (radio): Drinks 591 ml
[2025-12-15 17:55:28] [INFO]     Title (new name): Two 591ml Drinks
[2025-12-15 17:55:28] [INFO]     Min: 2, Max: 2, Free: 0, Order: None
[2025-12-15 17:55:28] [INFO]     Updated modifier_group 40706: name='Two 591ml Drinks', order=None
[2025-12-15 17:55:29] [INFO]   Found drinks section for: Large Pizza Deal HIDE
[2025-12-15 17:55:29] [INFO]     Modifier group (radio): Drinks 591 ml
[2025-12-15 17:55:29] [INFO]     Title (new name): Two 591ml Drinks
[2025-12-15 17:55:29] [INFO]     Min: 2, Max: 2, Free: 0, Order: None
[2025-12-15 17:55:30] [INFO]     Updated modifier_group 40707: name='Two 591ml Drinks', order=None
[2025-12-15 17:55:31] [INFO]   Found drinks section for: Medium Pizza Deal HIDE
[2025-12-15 17:55:31] [INFO]     Modifier group (radio): Drinks 591 ml
[2025-12-15 17:55:31] [INFO]     Title (new name): Two 591ml Drinks
[2025-12-15 17:55:31] [INFO]     Min: 2, Max: 2, Free: 0, Order: None
[2025-12-15 17:55:31] [INFO]     Updated modifier_group 40708: name='Two 591ml Drinks', order=None
[2025-12-15 17:55:36] [INFO]   Found drinks section for: 2 Spaghetti Special HIDE
[2025-12-15 17:55:36] [INFO]     Modifier group (radio): Drinks 591 ml
[2025-12-15 17:55:36] [INFO]     Title (new name): Two 591ml Drinks
[2025-12-15 17:55:36] [INFO]     Min: 2, Max: 2, Free: 0, Order: None
[2025-12-15 17:55:36] [INFO]     Found alternative drinks modifier: Two 591ml Drinks
[2025-12-15 17:55:36] [INFO]     Updated modifier_group 12774: name='Two 591ml Drinks', order=None
[2025-12-15 17:55:37] [INFO]   Found drinks section for: 2 Lasagnas Special HIDE
[2025-12-15 17:55:37] [INFO]     Modifier group (radio): Drinks 591 ml
[2025-12-15 17:55:37] [INFO]     Title (new name): Two 591ml Drinks
[2025-12-15 17:55:37] [INFO]     Min: 2, Max: 2, Free: 0, Order: None
[2025-12-15 17:55:38] [INFO]     Found alternative drinks modifier: Two 591ml Drinks
[2025-12-15 17:55:38] [INFO]     Updated modifier_group 12775: name='Two 591ml Drinks', order=None
[2025-12-15 17:55:40] [INFO]   Found drinks section for: 2 Veal Parmesan Special HIDE
[2025-12-15 17:55:40] [INFO]     Modifier group (radio): Drinks 591 ml
[2025-12-15 17:55:40] [INFO]     Title (new name): Two 591ml Drinks
[2025-12-15 17:55:40] [INFO]     Min: 2, Max: 2, Free: 0, Order: None
[2025-12-15 17:55:40] [INFO]     Found alternative drinks modifier: Two 591ml Drinks
[2025-12-15 17:55:40] [INFO]     Updated modifier_group 12776: name='Two 591ml Drinks', order=None
[2025-12-15 17:55:41] [INFO]   Found drinks section for: 2 Chicken Parmesan Special HIDE
[2025-12-15 17:55:41] [INFO]     Modifier group (radio): Drinks 591 ml
[2025-12-15 17:55:41] [INFO]     Title (new name): Two 591ml Drinks
[2025-12-15 17:55:41] [INFO]     Min: 2, Max: 2, Free: 0, Order: None
[2025-12-15 17:55:42] [INFO]     Found alternative drinks modifier: Two 591ml Drinks
[2025-12-15 17:55:42] [INFO]     Updated modifier_group 12777: name='Two 591ml Drinks', order=None
[2025-12-15 17:55:43] [INFO]   Found drinks section for: One Topping HIDE
[2025-12-15 17:55:43] [INFO]     Modifier group (radio): Drinks 591 ml
[2025-12-15 17:55:43] [INFO]     Title (new name): One 591ml Drink
[2025-12-15 17:55:43] [INFO]     Min: 1, Max: 1, Free: 0, Order: None
[2025-12-15 17:55:43] [INFO]     Found alternative drinks modifier: One 591ml Drink
[2025-12-15 17:55:43] [INFO]     Updated modifier_group 12934: name='One 591ml Drink', order=None
[2025-12-15 17:55:45] [INFO]   Found drinks section for: Two Toppings HIDE
[2025-12-15 17:55:45] [INFO]     Modifier group (radio): Drinks 591 ml
[2025-12-15 17:55:45] [INFO]     Title (new name): One 591ml Drink
[2025-12-15 17:55:45] [INFO]     Min: 1, Max: 1, Free: 0, Order: None
[2025-12-15 17:55:45] [INFO]     Found alternative drinks modifier: One 591ml Drink
[2025-12-15 17:55:45] [INFO]     Updated modifier_group 12935: name='One 591ml Drink', order=None
[2025-12-15 17:55:47] [INFO]   Found drinks section for: Two Pizza 1 Topping
[2025-12-15 17:55:47] [INFO]     Modifier group (radio): Drinks 591 ml
[2025-12-15 17:55:47] [INFO]     Title (new name): Two 591ml Drinks
[2025-12-15 17:55:47] [INFO]     Min: 2, Max: 2, Free: 0, Order: None
[2025-12-15 17:55:47] [INFO]     Updated modifier_group 40709: name='Two 591ml Drinks', order=None
[2025-12-15 17:55:48] [INFO]   Found drinks section for: Two Pizza 2 Toppings
[2025-12-15 17:55:48] [INFO]     Modifier group (radio): Drinks 591 ml
[2025-12-15 17:55:48] [INFO]     Title (new name): Two 591ml Drinks
[2025-12-15 17:55:48] [INFO]     Min: 2, Max: 2, Free: 0, Order: None
[2025-12-15 17:55:49] [INFO]     Updated modifier_group 40710: name='Two 591ml Drinks', order=None
[2025-12-15 17:55:50] [INFO]   Found drinks section for: Two Pizza 3 Toppings
[2025-12-15 17:55:50] [INFO]     Modifier group (radio): Drinks 591 ml
[2025-12-15 17:55:50] [INFO]     Title (new name): Two 591ml Drinks
[2025-12-15 17:55:50] [INFO]     Min: 2, Max: 2, Free: 0, Order: None
[2025-12-15 17:55:50] [INFO]     Updated modifier_group 40711: name='Two 591ml Drinks', order=None
[2025-12-15 17:55:52] [INFO]   Found drinks section for: 2 Pizza Deal 1 Topping & Two 591ml Drinks (V)
[2025-12-15 17:55:52] [INFO]     Modifier group (radio): Drinks 591 ml
[2025-12-15 17:55:52] [INFO]     Title (new name): Two 591ml Drink
[2025-12-15 17:55:52] [INFO]     Min: 2, Max: 2, Free: 0, Order: None
[2025-12-15 17:55:52] [INFO]     Updated modifier_group 40712: name='Two 591ml Drink', order=None
[2025-12-15 17:55:53] [INFO]   Found drinks section for: 2 Pizza Deal 2 Toppings & Two 591ml Drinks (V)
[2025-12-15 17:55:53] [INFO]     Modifier group (radio): Drinks 591 ml
[2025-12-15 17:55:53] [INFO]     Title (new name): Two 591ml Drink
[2025-12-15 17:55:53] [INFO]     Min: 2, Max: 2, Free: 0, Order: None
[2025-12-15 17:55:54] [INFO]     Updated modifier_group 40713: name='Two 591ml Drink', order=None
[2025-12-15 17:55:55] [INFO]   Found drinks section for: 2 Pizza Deal 3 Toppings & Two 591ml Drinks (V)
[2025-12-15 17:55:55] [INFO]     Modifier group (radio): Drinks 591 ml
[2025-12-15 17:55:55] [INFO]     Title (new name): Two 591ml Drink
[2025-12-15 17:55:55] [INFO]     Min: 2, Max: 2, Free: 0, Order: None
[2025-12-15 17:55:55] [INFO]     Updated modifier_group 40714: name='Two 591ml Drink', order=None
[2025-12-15 17:55:55] [INFO]   Completed: 16 drinks sections, 16 modifier groups updated
[2025-12-15 17:55:55] [INFO] ============================================================
[2025-12-15 17:55:55] [INFO] [56/132] Processing: Milano (V3: 569, V1: 789)
[2025-12-15 17:55:55] [INFO] ============================================================
[2025-12-15 17:55:55] [INFO] Scraping combo drinks for: Milano (V3: 569, V1: 789)
[2025-12-15 17:56:00] [INFO] Found 15 combo dishes for V1 restaurant 789
[2025-12-15 17:56:01] [INFO]   Found drinks section for: The Perfect Combo Deal with PopCurds HIDE
[2025-12-15 17:56:01] [INFO]     Modifier group (radio): Drinks 591 ml
[2025-12-15 17:56:01] [INFO]     Title (new name): First Two 591ml Drinks Free
[2025-12-15 17:56:01] [INFO]     Min: 2, Max: 0, Free: 2, Order: None
[2025-12-15 17:56:02] [INFO]     Found alternative drinks modifier: Drinks 591ml WITH PRICES
[2025-12-15 17:56:02] [INFO]     Updated modifier_group 40715: name='First Two 591ml Drinks Free', order=None
[2025-12-15 17:56:05] [INFO]   Found drinks section for: 2 Pizza Deal 1 Topping
[2025-12-15 17:56:05] [INFO]     Modifier group (radio): Drinks 591 ml
[2025-12-15 17:56:05] [INFO]     Title (new name): First Two 591ml Drinks Free
[2025-12-15 17:56:05] [INFO]     Min: 2, Max: 0, Free: 2, Order: None
[2025-12-15 17:56:05] [INFO]     Found alternative drinks modifier: Drinks 591ml WITH PRICES
[2025-12-15 17:56:05] [INFO]     Updated modifier_group 40716: name='First Two 591ml Drinks Free', order=None
[2025-12-15 17:56:06] [INFO]   Found drinks section for: 2 Pizza Deal 2 Toppings
[2025-12-15 17:56:06] [INFO]     Modifier group (radio): Drinks 591 ml
[2025-12-15 17:56:06] [INFO]     Title (new name): First Two 591ml Drinks Free
[2025-12-15 17:56:06] [INFO]     Min: 2, Max: 0, Free: 2, Order: None
[2025-12-15 17:56:07] [INFO]     Found alternative drinks modifier: Drinks 591ml WITH PRICES
[2025-12-15 17:56:07] [INFO]     Updated modifier_group 40717: name='First Two 591ml Drinks Free', order=None
[2025-12-15 17:56:08] [INFO]   Found drinks section for: 2 Pizza Deal 3 Toppings
[2025-12-15 17:56:08] [INFO]     Modifier group (radio): Drinks 591 ml
[2025-12-15 17:56:08] [INFO]     Title (new name): First Two 591ml Drinks Free
[2025-12-15 17:56:08] [INFO]     Min: 2, Max: 0, Free: 2, Order: None
[2025-12-15 17:56:08] [INFO]     Found alternative drinks modifier: Drinks 591ml WITH PRICES
[2025-12-15 17:56:09] [INFO]     Updated modifier_group 40718: name='First Two 591ml Drinks Free', order=None
[2025-12-15 17:56:10] [INFO]   Found drinks section for: The Perfect Combo Deal with PopCurds
[2025-12-15 17:56:10] [INFO]     Modifier group (radio): Drinks 591 ml
[2025-12-15 17:56:10] [INFO]     Title (new name): First Two 591ml Drinks Free
[2025-12-15 17:56:10] [INFO]     Min: 2, Max: 0, Free: 2, Order: None
[2025-12-15 17:56:10] [INFO]     Found alternative drinks modifier: Drinks 591ml WITH PRICES
[2025-12-15 17:56:10] [INFO]     Updated modifier_group 40719: name='First Two 591ml Drinks Free', order=None
[2025-12-15 17:56:12] [INFO]   Found drinks section for: Large Pizza Deal
[2025-12-15 17:56:12] [INFO]     Modifier group (radio): Drinks 591 ml
[2025-12-15 17:56:12] [INFO]     Title (new name): First Two 591ml Drinks Free
[2025-12-15 17:56:12] [INFO]     Min: 2, Max: 0, Free: 2, Order: None
[2025-12-15 17:56:12] [INFO]     Found alternative drinks modifier: Drinks 591ml WITH PRICES
[2025-12-15 17:56:12] [INFO]     Updated modifier_group 40720: name='First Two 591ml Drinks Free', order=None
[2025-12-15 17:56:14] [INFO]   Found drinks section for: Medium Pizza Deal
[2025-12-15 17:56:14] [INFO]     Modifier group (radio): Drinks 591 ml
[2025-12-15 17:56:14] [INFO]     Title (new name): First Two 591ml Drinks Free
[2025-12-15 17:56:14] [INFO]     Min: 2, Max: 0, Free: 2, Order: None
[2025-12-15 17:56:14] [INFO]     Found alternative drinks modifier: Drinks 591ml WITH PRICES
[2025-12-15 17:56:14] [INFO]     Updated modifier_group 40721: name='First Two 591ml Drinks Free', order=None
[2025-12-15 17:56:15] [INFO]   Found drinks section for: Family Meal Deal
[2025-12-15 17:56:15] [INFO]     Modifier group (radio): Drinks 591 ml
[2025-12-15 17:56:15] [INFO]     Title (new name): First Two 591ml Drinks Free
[2025-12-15 17:56:15] [INFO]     Min: 2, Max: 0, Free: 2, Order: None
[2025-12-15 17:56:16] [INFO]     Found alternative drinks modifier: Drinks + Aquafina (591ml)
[2025-12-15 17:56:16] [INFO]     Updated modifier_group 40722: name='First Two 591ml Drinks Free', order=None
[2025-12-15 17:56:18] [INFO]   Found drinks section for: One Topping HIDE
[2025-12-15 17:56:18] [INFO]     Modifier group (radio): Drinks 591 ml
[2025-12-15 17:56:18] [INFO]     Title (new name): First 591ml Drink Free
[2025-12-15 17:56:18] [INFO]     Min: 1, Max: 0, Free: 1, Order: None
[2025-12-15 17:56:19] [INFO]     Found alternative drinks modifier: First 591ml Drink Free
[2025-12-15 17:56:19] [INFO]     Updated modifier_group 13370: name='First 591ml Drink Free', order=None
[2025-12-15 17:56:20] [INFO]   Found drinks section for: Two Toppings HIDE
[2025-12-15 17:56:20] [INFO]     Modifier group (radio): Drinks 591 ml
[2025-12-15 17:56:20] [INFO]     Title (new name): First 591ml Drink Free
[2025-12-15 17:56:20] [INFO]     Min: 1, Max: 0, Free: 1, Order: None
[2025-12-15 17:56:21] [INFO]     Found alternative drinks modifier: First 591ml Drink Free
[2025-12-15 17:56:21] [INFO]     Updated modifier_group 13371: name='First 591ml Drink Free', order=None
[2025-12-15 17:56:22] [INFO]   Found drinks section for: 2 Pizza Deal 1 Topping & Two 591ml Drinks (V)
[2025-12-15 17:56:22] [INFO]     Modifier group (radio): Drinks 591 ml
[2025-12-15 17:56:22] [INFO]     Title (new name): First Two 591ml Drinks Free
[2025-12-15 17:56:22] [INFO]     Min: 2, Max: 0, Free: 2, Order: None
[2025-12-15 17:56:22] [INFO]     Found alternative drinks modifier: Drinks 591ml WITH PRICES
[2025-12-15 17:56:22] [INFO]     Updated modifier_group 40723: name='First Two 591ml Drinks Free', order=None
[2025-12-15 17:56:24] [INFO]   Found drinks section for: 2 Pizza Deal 2 Toppings & Two 591ml Drinks (V)
[2025-12-15 17:56:24] [INFO]     Modifier group (radio): Drinks 591 ml
[2025-12-15 17:56:24] [INFO]     Title (new name): First Two 591ml Drinks Free
[2025-12-15 17:56:24] [INFO]     Min: 2, Max: 0, Free: 2, Order: None
[2025-12-15 17:56:24] [INFO]     Found alternative drinks modifier: Drinks 591ml WITH PRICES
[2025-12-15 17:56:24] [INFO]     Updated modifier_group 40724: name='First Two 591ml Drinks Free', order=None
[2025-12-15 17:56:26] [INFO]   Found drinks section for: 2 Pizza Deal 3 Toppings & Two 591ml Drinks (V)
[2025-12-15 17:56:26] [INFO]     Modifier group (radio): Drinks 591 ml
[2025-12-15 17:56:26] [INFO]     Title (new name): First Two 591ml Drinks Free
[2025-12-15 17:56:26] [INFO]     Min: 2, Max: 0, Free: 2, Order: None
[2025-12-15 17:56:26] [INFO]     Found alternative drinks modifier: Drinks 591ml WITH PRICES
[2025-12-15 17:56:26] [INFO]     Updated modifier_group 40725: name='First Two 591ml Drinks Free', order=None
[2025-12-15 17:56:26] [INFO]   Completed: 13 drinks sections, 13 modifier groups updated
[2025-12-15 17:56:26] [INFO] ============================================================
[2025-12-15 17:56:26] [INFO] [57/132] Processing: Crispy's (V3: 584, V1: 805)
[2025-12-15 17:56:26] [INFO] ============================================================
[2025-12-15 17:56:26] [INFO] Scraping combo drinks for: Crispy's (V3: 584, V1: 805)
[2025-12-15 17:56:31] [INFO] Found 0 combo dishes for V1 restaurant 805
[2025-12-15 17:56:31] [INFO]   No combo dishes found
[2025-12-15 17:56:31] [INFO] ============================================================
[2025-12-15 17:56:31] [INFO] [58/132] Processing: Milano (V3: 586, V1: 807)
[2025-12-15 17:56:31] [INFO] ============================================================
[2025-12-15 17:56:31] [INFO] Scraping combo drinks for: Milano (V3: 586, V1: 807)
[2025-12-15 17:56:35] [INFO] Found 16 combo dishes for V1 restaurant 807
[2025-12-15 17:56:37] [INFO]   Found drinks section for: Small Perfect Combo Deal with PopCurds
[2025-12-15 17:56:37] [INFO]     Modifier group (radio): Drinks 591 ml
[2025-12-15 17:56:37] [INFO]     Title (new name): First Two 591ml Drinks Free
[2025-12-15 17:56:37] [INFO]     Min: 2, Max: 0, Free: 2, Order: None
[2025-12-15 17:56:37] [INFO]     Found alternative drinks modifier: Drinks 591ml WITH PRICES
[2025-12-15 17:56:37] [INFO]     Updated modifier_group 40726: name='First Two 591ml Drinks Free', order=None
[2025-12-15 17:56:39] [INFO]   Found drinks section for: Medium Perfect Combo Deal with PopCurds
[2025-12-15 17:56:39] [INFO]     Modifier group (radio): Drinks 591 ml
[2025-12-15 17:56:39] [INFO]     Title (new name): First Two 591ml Drinks Free
[2025-12-15 17:56:39] [INFO]     Min: 2, Max: 0, Free: 2, Order: None
[2025-12-15 17:56:39] [INFO]     Found alternative drinks modifier: Drinks 591ml WITH PRICES
[2025-12-15 17:56:39] [INFO]     Updated modifier_group 40727: name='First Two 591ml Drinks Free', order=None
[2025-12-15 17:56:40] [INFO]   Found drinks section for: Large Perfect Combo Deal with PopCurds
[2025-12-15 17:56:40] [INFO]     Modifier group (radio): Drinks 591 ml
[2025-12-15 17:56:40] [INFO]     Title (new name): First Two 591ml Drinks Free
[2025-12-15 17:56:40] [INFO]     Min: 2, Max: 0, Free: 2, Order: None
[2025-12-15 17:56:41] [INFO]     Found alternative drinks modifier: Drinks 591ml WITH PRICES
[2025-12-15 17:56:41] [INFO]     Updated modifier_group 40728: name='First Two 591ml Drinks Free', order=None
[2025-12-15 17:56:42] [INFO]   Found drinks section for: 1 Topping Pizza Deal
[2025-12-15 17:56:42] [INFO]     Modifier group (radio): Drinks 591 ml
[2025-12-15 17:56:42] [INFO]     Title (new name): First Two 591ml Drinks Free
[2025-12-15 17:56:42] [INFO]     Min: 2, Max: 0, Free: 2, Order: None
[2025-12-15 17:56:42] [INFO]     Found alternative drinks modifier: Drinks 591ml WITH PRICES
[2025-12-15 17:56:42] [INFO]     Updated modifier_group 40729: name='First Two 591ml Drinks Free', order=None
[2025-12-15 17:56:44] [INFO]   Found drinks section for: 2 Toppings Pizza Deal
[2025-12-15 17:56:44] [INFO]     Modifier group (radio): Drinks 591 ml
[2025-12-15 17:56:44] [INFO]     Title (new name): First Two 591ml Drinks Free
[2025-12-15 17:56:44] [INFO]     Min: 2, Max: 0, Free: 2, Order: None
[2025-12-15 17:56:44] [INFO]     Found alternative drinks modifier: Drinks 591ml WITH PRICES
[2025-12-15 17:56:44] [INFO]     Updated modifier_group 40730: name='First Two 591ml Drinks Free', order=None
[2025-12-15 17:56:46] [INFO]   Found drinks section for: 3 Toppings Pizza Deal
[2025-12-15 17:56:46] [INFO]     Modifier group (radio): Drinks 591 ml
[2025-12-15 17:56:46] [INFO]     Title (new name): First Two 591ml Drinks Free
[2025-12-15 17:56:46] [INFO]     Min: 2, Max: 0, Free: 2, Order: None
[2025-12-15 17:56:46] [INFO]     Found alternative drinks modifier: Drinks 591ml WITH PRICES
[2025-12-15 17:56:46] [INFO]     Updated modifier_group 40731: name='First Two 591ml Drinks Free', order=None
[2025-12-15 17:56:47] [INFO]   Found drinks section for: Large Pizza Deal with Wings & Pop
[2025-12-15 17:56:47] [INFO]     Modifier group (radio): Drinks 591 ml
[2025-12-15 17:56:47] [INFO]     Title (new name): First Two 591ml Drinks Free
[2025-12-15 17:56:47] [INFO]     Min: 2, Max: 0, Free: 2, Order: None
[2025-12-15 17:56:48] [INFO]     Found alternative drinks modifier: Drinks 591ml WITH PRICES
[2025-12-15 17:56:48] [INFO]     Updated modifier_group 40732: name='First Two 591ml Drinks Free', order=None
[2025-12-15 17:56:49] [INFO]   Found drinks section for: Medium Pizza Deal with Wings & Pop
[2025-12-15 17:56:49] [INFO]     Modifier group (radio): Drinks 591 ml
[2025-12-15 17:56:49] [INFO]     Title (new name): First Two 591ml Drinks Free
[2025-12-15 17:56:49] [INFO]     Min: 2, Max: 0, Free: 2, Order: None
[2025-12-15 17:56:49] [INFO]     Found alternative drinks modifier: Drinks 591ml WITH PRICES
[2025-12-15 17:56:50] [INFO]     Updated modifier_group 40733: name='First Two 591ml Drinks Free', order=None
[2025-12-15 17:56:51] [INFO]   Found drinks section for: Small Perfect Combo Deal with PopCurds
[2025-12-15 17:56:51] [INFO]     Modifier group (radio): Drinks 591 ml
[2025-12-15 17:56:51] [INFO]     Title (new name): First Two 591ml Drinks Free
[2025-12-15 17:56:51] [INFO]     Min: 2, Max: 0, Free: 2, Order: None
[2025-12-15 17:56:51] [INFO]     Found alternative drinks modifier: First Two 591ml Drinks Free
[2025-12-15 17:56:51] [INFO]     Updated modifier_group 13707: name='First Two 591ml Drinks Free', order=None
[2025-12-15 17:56:53] [INFO]   Found drinks section for: Medium Perfect Combo Deal with PopCurds
[2025-12-15 17:56:53] [INFO]     Modifier group (radio): Drinks 591 ml
[2025-12-15 17:56:53] [INFO]     Title (new name): First Two 591ml Drinks Free
[2025-12-15 17:56:53] [INFO]     Min: 2, Max: 0, Free: 2, Order: None
[2025-12-15 17:56:53] [INFO]     Found alternative drinks modifier: First Two 591ml Drinks Free
[2025-12-15 17:56:53] [INFO]     Updated modifier_group 13708: name='First Two 591ml Drinks Free', order=None
[2025-12-15 17:56:55] [INFO]   Found drinks section for: Large Perfect Combo Deal with PopCurds
[2025-12-15 17:56:55] [INFO]     Modifier group (radio): Drinks 591 ml
[2025-12-15 17:56:55] [INFO]     Title (new name): First Two 591ml Drinks Free
[2025-12-15 17:56:55] [INFO]     Min: 2, Max: 0, Free: 2, Order: None
[2025-12-15 17:56:55] [INFO]     Found alternative drinks modifier: First Two 591ml Drinks Free
[2025-12-15 17:56:55] [INFO]     Updated modifier_group 13709: name='First Two 591ml Drinks Free', order=None
[2025-12-15 17:56:56] [INFO]   Found drinks section for: 1 Topping Pizza
[2025-12-15 17:56:56] [INFO]     Modifier group (radio): Drinks 591 ml
[2025-12-15 17:56:56] [INFO]     Title (new name): First 591ml Drink Free
[2025-12-15 17:56:56] [INFO]     Min: 1, Max: 0, Free: 1, Order: None
[2025-12-15 17:56:57] [INFO]     Found alternative drinks modifier: Drinks 591ml WITH PRICES
[2025-12-15 17:56:57] [INFO]     Updated modifier_group 40734: name='First 591ml Drink Free', order=None
[2025-12-15 17:56:58] [INFO]   Found drinks section for: 2 Toppings Pizza
[2025-12-15 17:56:58] [INFO]     Modifier group (radio): Drinks 591 ml
[2025-12-15 17:56:58] [INFO]     Title (new name): First 591ml Drink Free
[2025-12-15 17:56:58] [INFO]     Min: 1, Max: 0, Free: 1, Order: None
[2025-12-15 17:56:58] [INFO]     Found alternative drinks modifier: Drinks 591ml WITH PRICES
[2025-12-15 17:56:58] [INFO]     Updated modifier_group 40735: name='First 591ml Drink Free', order=None
[2025-12-15 17:57:00] [INFO]   Found drinks section for: 2 Pizza Deal 1 Topping & Two 591ml Drinks (V)
[2025-12-15 17:57:00] [INFO]     Modifier group (radio): Drinks 591 ml
[2025-12-15 17:57:00] [INFO]     Title (new name): First Two 591ml Drinks Free
[2025-12-15 17:57:00] [INFO]     Min: 2, Max: 0, Free: 2, Order: None
[2025-12-15 17:57:00] [INFO]     Found alternative drinks modifier: Drinks 591ml WITH PRICES
[2025-12-15 17:57:00] [INFO]     Updated modifier_group 40736: name='First Two 591ml Drinks Free', order=None
[2025-12-15 17:57:02] [INFO]   Found drinks section for: 2 Pizza Deal 2 Toppings & Two 591ml Drinks (V)
[2025-12-15 17:57:02] [INFO]     Modifier group (radio): Drinks 591 ml
[2025-12-15 17:57:02] [INFO]     Title (new name): First Two 591ml Drinks Free
[2025-12-15 17:57:02] [INFO]     Min: 2, Max: 0, Free: 2, Order: None
[2025-12-15 17:57:02] [INFO]     Found alternative drinks modifier: Drinks 591ml WITH PRICES
[2025-12-15 17:57:02] [INFO]     Updated modifier_group 40737: name='First Two 591ml Drinks Free', order=None
[2025-12-15 17:57:03] [INFO]   Found drinks section for: 2 Pizza Deal 3 Toppings & Two 591ml Drinks (V)
[2025-12-15 17:57:03] [INFO]     Modifier group (radio): Drinks 591 ml
[2025-12-15 17:57:03] [INFO]     Title (new name): First Two 591ml Drinks Free
[2025-12-15 17:57:03] [INFO]     Min: 2, Max: 0, Free: 2, Order: None
[2025-12-15 17:57:04] [INFO]     Found alternative drinks modifier: Drinks 591ml WITH PRICES
[2025-12-15 17:57:04] [INFO]     Updated modifier_group 40738: name='First Two 591ml Drinks Free', order=None
[2025-12-15 17:57:04] [INFO]   Completed: 16 drinks sections, 16 modifier groups updated
[2025-12-15 17:57:04] [INFO] ============================================================
[2025-12-15 17:57:04] [INFO] [59/132] Processing: Milano (V3: 593, V1: 815)
[2025-12-15 17:57:04] [INFO] ============================================================
[2025-12-15 17:57:04] [INFO] Scraping combo drinks for: Milano (V3: 593, V1: 815)
[2025-12-15 17:57:08] [INFO] Found 5 combo dishes for V1 restaurant 815
[2025-12-15 17:57:15] [INFO]   Completed: 0 drinks sections, 0 modifier groups updated
[2025-12-15 17:57:15] [INFO] ============================================================
[2025-12-15 17:57:15] [INFO] [60/132] Processing: Supreme Pizzeria (V3: 595, V1: 817)
[2025-12-15 17:57:15] [INFO] ============================================================
[2025-12-15 17:57:15] [INFO] Scraping combo drinks for: Supreme Pizzeria (V3: 595, V1: 817)
[2025-12-15 17:57:19] [INFO] Found 12 combo dishes for V1 restaurant 817
[2025-12-15 17:57:30] [INFO]   Found drinks section for: Supreme Pizza Deal 1
[2025-12-15 17:57:30] [INFO]     Modifier group (radio): Drinks
[2025-12-15 17:57:30] [INFO]     Title (new name): 3 Cans
[2025-12-15 17:57:30] [INFO]     Min: 3, Max: 3, Free: 0, Order: None
[2025-12-15 17:57:30] [INFO]     Updated modifier_group 40739: name='3 Cans', order=None
[2025-12-15 17:57:32] [INFO]   Found drinks section for: Supreme Pizza Deal 2
[2025-12-15 17:57:32] [INFO]     Modifier group (radio): Drinks
[2025-12-15 17:57:32] [INFO]     Title (new name): 2 Cans
[2025-12-15 17:57:32] [INFO]     Min: 2, Max: 2, Free: 0, Order: None
[2025-12-15 17:57:32] [INFO]     Updated modifier_group 40740: name='2 Cans', order=None
[2025-12-15 17:57:34] [INFO]   Found drinks section for: Xtreme 3's HIDE
[2025-12-15 17:57:34] [INFO]     Modifier group (radio): Drinks
[2025-12-15 17:57:34] [INFO]     Title (new name): 3 Cans
[2025-12-15 17:57:34] [INFO]     Min: 3, Max: 3, Free: 0, Order: None
[2025-12-15 17:57:34] [INFO]     Updated modifier_group 40741: name='3 Cans', order=None
[2025-12-15 17:57:35] [INFO]   Found drinks section for: 2 Spaghetti with 2 Cans of Pop
[2025-12-15 17:57:35] [INFO]     Modifier group (radio): Drinks
[2025-12-15 17:57:35] [INFO]     Title (new name): 2 Cans
[2025-12-15 17:57:35] [INFO]     Min: 2, Max: 2, Free: 0, Order: None
[2025-12-15 17:57:36] [INFO]     Updated modifier_group 40742: name='2 Cans', order=None
[2025-12-15 17:57:37] [INFO]   Found drinks section for: 2 Lasagna with 2 Cans of Pop
[2025-12-15 17:57:37] [INFO]     Modifier group (radio): Drinks
[2025-12-15 17:57:37] [INFO]     Title (new name): 2 Cans
[2025-12-15 17:57:37] [INFO]     Min: 2, Max: 2, Free: 0, Order: None
[2025-12-15 17:57:37] [INFO]     Updated modifier_group 40743: name='2 Cans', order=None
[2025-12-15 17:57:37] [INFO]   Completed: 5 drinks sections, 5 modifier groups updated
[2025-12-15 17:57:37] [INFO] ============================================================
[2025-12-15 17:57:37] [INFO] [61/132] Processing: Sushi Fleury (V3: 596, V1: 818)
[2025-12-15 17:57:37] [INFO] ============================================================
[2025-12-15 17:57:37] [INFO] Scraping combo drinks for: Sushi Fleury (V3: 596, V1: 818)
[2025-12-15 17:57:41] [INFO] Found 0 combo dishes for V1 restaurant 818
[2025-12-15 17:57:41] [INFO]   No combo dishes found
[2025-12-15 17:57:41] [INFO] ============================================================
[2025-12-15 17:57:41] [INFO] [62/132] Processing: Milano (V3: 601, V1: 824)
[2025-12-15 17:57:41] [INFO] ============================================================
[2025-12-15 17:57:41] [INFO] Scraping combo drinks for: Milano (V3: 601, V1: 824)
[2025-12-15 17:57:46] [INFO] Found 13 combo dishes for V1 restaurant 824
[2025-12-15 17:57:47] [INFO]   Found drinks section for: The Perfect Combo Deal with PopCurds
[2025-12-15 17:57:47] [INFO]     Modifier group (radio): Drinks 591 ml
[2025-12-15 17:57:47] [INFO]     Title (new name): First Two 591ml Drinks Free
[2025-12-15 17:57:47] [INFO]     Min: 2, Max: 0, Free: 2, Order: None
[2025-12-15 17:57:48] [INFO]     Found alternative drinks modifier: Drinks 591 ml WITH PRICES
[2025-12-15 17:57:48] [INFO]     Updated modifier_group 40744: name='First Two 591ml Drinks Free', order=None
[2025-12-15 17:57:49] [INFO]   Found drinks section for: 1 Topping Pizza Deal
[2025-12-15 17:57:49] [INFO]     Modifier group (radio): Drinks 591 ml
[2025-12-15 17:57:49] [INFO]     Title (new name): First Two 591ml Drinks Free
[2025-12-15 17:57:49] [INFO]     Min: 2, Max: 0, Free: 2, Order: None
[2025-12-15 17:57:49] [INFO]     Found alternative drinks modifier: Drinks 591 ml WITH PRICES
[2025-12-15 17:57:49] [INFO]     Updated modifier_group 40745: name='First Two 591ml Drinks Free', order=None
[2025-12-15 17:57:51] [INFO]   Found drinks section for: 2 Toppings Pizza Deal
[2025-12-15 17:57:51] [INFO]     Modifier group (radio): Drinks 591 ml
[2025-12-15 17:57:51] [INFO]     Title (new name): First Two 591ml Drinks Free
[2025-12-15 17:57:51] [INFO]     Min: 2, Max: 0, Free: 2, Order: None
[2025-12-15 17:57:51] [INFO]     Found alternative drinks modifier: Drinks 591 ml WITH PRICES
[2025-12-15 17:57:51] [INFO]     Updated modifier_group 40746: name='First Two 591ml Drinks Free', order=None
[2025-12-15 17:57:53] [INFO]   Found drinks section for: 3 Toppings Pizza Deal
[2025-12-15 17:57:53] [INFO]     Modifier group (radio): Drinks 591 ml
[2025-12-15 17:57:53] [INFO]     Title (new name): First Two 591ml Drinks Free
[2025-12-15 17:57:53] [INFO]     Min: 2, Max: 0, Free: 2, Order: None
[2025-12-15 17:57:53] [INFO]     Found alternative drinks modifier: Drinks 591 ml WITH PRICES
[2025-12-15 17:57:53] [INFO]     Updated modifier_group 40747: name='First Two 591ml Drinks Free', order=None
[2025-12-15 17:57:54] [INFO]   Found drinks section for: The Perfect Combo Deal with PopCurds
[2025-12-15 17:57:54] [INFO]     Modifier group (radio): Drinks 591 ml
[2025-12-15 17:57:54] [INFO]     Title (new name): First Two 591ml Drinks Free
[2025-12-15 17:57:54] [INFO]     Min: 2, Max: 0, Free: 2, Order: None
[2025-12-15 17:57:55] [INFO]     Found alternative drinks modifier: First Two 591ml Drinks Free
[2025-12-15 17:57:55] [INFO]     Updated modifier_group 14634: name='First Two 591ml Drinks Free', order=None
[2025-12-15 17:57:56] [INFO]   Found drinks section for: Large Pizza & Wings Deal
[2025-12-15 17:57:56] [INFO]     Modifier group (radio): Drinks 591 ml
[2025-12-15 17:57:56] [INFO]     Title (new name): First Two 591ml Drinks Free
[2025-12-15 17:57:56] [INFO]     Min: 2, Max: 0, Free: 2, Order: None
[2025-12-15 17:57:56] [INFO]     Found alternative drinks modifier: Drinks 591 ml WITH PRICES
[2025-12-15 17:57:57] [INFO]     Updated modifier_group 40748: name='First Two 591ml Drinks Free', order=None
[2025-12-15 17:57:58] [INFO]   Found drinks section for: Medium Pizza & Wings Deal
[2025-12-15 17:57:58] [INFO]     Modifier group (radio): Drinks 591 ml
[2025-12-15 17:57:58] [INFO]     Title (new name): First Two 591ml Drinks Free
[2025-12-15 17:57:58] [INFO]     Min: 2, Max: 0, Free: 2, Order: None
[2025-12-15 17:57:58] [INFO]     Found alternative drinks modifier: Drinks 591 ml WITH PRICES
[2025-12-15 17:57:58] [INFO]     Updated modifier_group 40749: name='First Two 591ml Drinks Free', order=None
[2025-12-15 17:58:01] [INFO]   Found drinks section for: One Topping HIDE
[2025-12-15 17:58:01] [INFO]     Modifier group (radio): Drinks 591 ml
[2025-12-15 17:58:01] [INFO]     Title (new name): First 591ml Drink Free
[2025-12-15 17:58:01] [INFO]     Min: 1, Max: 0, Free: 1, Order: None
[2025-12-15 17:58:01] [INFO]     Found alternative drinks modifier: Drinks 591 ml WITH PRICES
[2025-12-15 17:58:01] [INFO]     Updated modifier_group 40750: name='First 591ml Drink Free', order=None
[2025-12-15 17:58:03] [INFO]   Found drinks section for: Two Toppings HIDE
[2025-12-15 17:58:03] [INFO]     Modifier group (radio): Drinks 591 ml
[2025-12-15 17:58:03] [INFO]     Title (new name): First 591ml Drink Free
[2025-12-15 17:58:03] [INFO]     Min: 1, Max: 0, Free: 1, Order: None
[2025-12-15 17:58:04] [INFO]     Found alternative drinks modifier: Drinks 591 ml WITH PRICES
[2025-12-15 17:58:04] [INFO]     Updated modifier_group 40751: name='First 591ml Drink Free', order=None
[2025-12-15 17:58:06] [INFO]   Found drinks section for: 2 Pizza Deal 1 Topping & Two 591ml Drinks (V)
[2025-12-15 17:58:06] [INFO]     Modifier group (radio): Drinks 591 ml
[2025-12-15 17:58:06] [INFO]     Title (new name): First Two 591ml Drinks Free
[2025-12-15 17:58:06] [INFO]     Min: 2, Max: 0, Free: 2, Order: None
[2025-12-15 17:58:06] [INFO]     Found alternative drinks modifier: Drinks 591 ml WITH PRICES
[2025-12-15 17:58:07] [INFO]     Updated modifier_group 40752: name='First Two 591ml Drinks Free', order=None
[2025-12-15 17:58:08] [INFO]   Found drinks section for: 2 Pizza Deal 2 Toppings & Two 591ml Drinks (V)
[2025-12-15 17:58:08] [INFO]     Modifier group (radio): Drinks 591 ml
[2025-12-15 17:58:08] [INFO]     Title (new name): First Two 591ml Drinks Free
[2025-12-15 17:58:08] [INFO]     Min: 2, Max: 0, Free: 2, Order: None
[2025-12-15 17:58:08] [INFO]     Found alternative drinks modifier: Drinks 591 ml WITH PRICES
[2025-12-15 17:58:08] [INFO]     Updated modifier_group 40753: name='First Two 591ml Drinks Free', order=None
[2025-12-15 17:58:10] [INFO]   Found drinks section for: 2 Pizza Deal 3 Toppings & Two 591ml Drinks (V)
[2025-12-15 17:58:10] [INFO]     Modifier group (radio): Drinks 591 ml
[2025-12-15 17:58:10] [INFO]     Title (new name): First Two 591ml Drinks Free
[2025-12-15 17:58:10] [INFO]     Min: 2, Max: 0, Free: 2, Order: None
[2025-12-15 17:58:10] [INFO]     Found alternative drinks modifier: Drinks 591 ml WITH PRICES
[2025-12-15 17:58:10] [INFO]     Updated modifier_group 40754: name='First Two 591ml Drinks Free', order=None
[2025-12-15 17:58:10] [INFO]   Completed: 12 drinks sections, 12 modifier groups updated
[2025-12-15 17:58:10] [INFO] ============================================================
[2025-12-15 17:58:10] [INFO] [63/132] Processing: Papa Pizza Cantley (V3: 602, V1: 825)
[2025-12-15 17:58:10] [INFO] ============================================================
[2025-12-15 17:58:10] [INFO] Scraping combo drinks for: Papa Pizza Cantley (V3: 602, V1: 825)
[2025-12-15 17:58:15] [INFO] Found 0 combo dishes for V1 restaurant 825
[2025-12-15 17:58:15] [INFO]   No combo dishes found
[2025-12-15 17:58:15] [INFO] ============================================================
[2025-12-15 17:58:15] [INFO] [64/132] Processing: Aroy Thai (V3: 607, V1: 830)
[2025-12-15 17:58:15] [INFO] ============================================================
[2025-12-15 17:58:15] [INFO] Scraping combo drinks for: Aroy Thai (V3: 607, V1: 830)
[2025-12-15 17:58:19] [INFO] Found 0 combo dishes for V1 restaurant 830
[2025-12-15 17:58:19] [INFO]   No combo dishes found
[2025-12-15 17:58:19] [INFO] ============================================================
[2025-12-15 17:58:19] [INFO] [65/132] Processing: Marina Pizza des Flandres (V3: 614, V1: 838)
[2025-12-15 17:58:19] [INFO] ============================================================
[2025-12-15 17:58:19] [INFO] Scraping combo drinks for: Marina Pizza des Flandres (V3: 614, V1: 838)
[2025-12-15 17:58:24] [INFO] Found 0 combo dishes for V1 restaurant 838
[2025-12-15 17:58:24] [INFO]   No combo dishes found
[2025-12-15 17:58:24] [INFO] ============================================================
[2025-12-15 17:58:24] [INFO] [66/132] Processing: Papa Grecque Maloney (V3: 616, V1: 840)
[2025-12-15 17:58:24] [INFO] ============================================================
[2025-12-15 17:58:24] [INFO] Scraping combo drinks for: Papa Grecque Maloney (V3: 616, V1: 840)
[2025-12-15 17:58:28] [INFO] Found 0 combo dishes for V1 restaurant 840
[2025-12-15 17:58:28] [INFO]   No combo dishes found
[2025-12-15 17:58:28] [INFO] ============================================================
[2025-12-15 17:58:28] [INFO] [67/132] Processing: Milano (V3: 624, V1: 850)
[2025-12-15 17:58:28] [INFO] ============================================================
[2025-12-15 17:58:28] [INFO] Scraping combo drinks for: Milano (V3: 624, V1: 850)
[2025-12-15 17:58:32] [INFO] Found 12 combo dishes for V1 restaurant 850
[2025-12-15 17:58:34] [INFO]   Found drinks section for: The Perfect Combo Deal with PopCurds
[2025-12-15 17:58:34] [INFO]     Modifier group (radio): Drinks 591 ml WITH PRICES
[2025-12-15 17:58:34] [INFO]     Title (new name): First Two 591ml Drinks Free
[2025-12-15 17:58:34] [INFO]     Min: 2, Max: 0, Free: 2, Order: None
[2025-12-15 17:58:34] [INFO]     Updated modifier_group 40755: name='First Two 591ml Drinks Free', order=None
[2025-12-15 17:58:40] [INFO]   Found drinks section for: The Perfect Combo Deal with PopCurds
[2025-12-15 17:58:40] [INFO]     Modifier group (radio): Drinks 591 ml WITH PRICES
[2025-12-15 17:58:40] [INFO]     Title (new name): First Two 591ml Drinks Free
[2025-12-15 17:58:40] [INFO]     Min: 2, Max: 0, Free: 2, Order: None
[2025-12-15 17:58:40] [INFO]     Found alternative drinks modifier: First Two 591ml Drinks Free
[2025-12-15 17:58:40] [INFO]     Updated modifier_group 15330: name='First Two 591ml Drinks Free', order=None
[2025-12-15 17:58:42] [INFO]   Found drinks section for: Large Pizza Deal
[2025-12-15 17:58:42] [INFO]     Modifier group (radio): Drinks 591 ml WITH PRICES
[2025-12-15 17:58:42] [INFO]     Title (new name): First 591ml Drink Free
[2025-12-15 17:58:42] [INFO]     Min: 1, Max: 0, Free: 1, Order: None
[2025-12-15 17:58:42] [INFO]     Updated modifier_group 40756: name='First 591ml Drink Free', order=None
[2025-12-15 17:58:43] [INFO]   Found drinks section for: Medium Pizza Deal
[2025-12-15 17:58:43] [INFO]     Modifier group (radio): Drinks 591 ml WITH PRICES
[2025-12-15 17:58:43] [INFO]     Title (new name): First 591ml Drink Free
[2025-12-15 17:58:43] [INFO]     Min: 1, Max: 0, Free: 1, Order: None
[2025-12-15 17:58:44] [INFO]     Updated modifier_group 40757: name='First 591ml Drink Free', order=None
[2025-12-15 17:58:48] [INFO]   Found drinks section for: 1 Topping Pizza HIDE
[2025-12-15 17:58:48] [INFO]     Modifier group (radio): Drinks 591 ml WITH PRICES
[2025-12-15 17:58:48] [INFO]     Title (new name): First 591ml Drink Free
[2025-12-15 17:58:48] [INFO]     Min: 1, Max: 0, Free: 1, Order: None
[2025-12-15 17:58:48] [INFO]     Updated modifier_group 40758: name='First 591ml Drink Free', order=None
[2025-12-15 17:58:50] [INFO]   Found drinks section for: 2 Toppings Pizza HIDE
[2025-12-15 17:58:50] [INFO]     Modifier group (radio): Drinks 591 ml WITH PRICES
[2025-12-15 17:58:50] [INFO]     Title (new name): First 591ml Drink Free
[2025-12-15 17:58:50] [INFO]     Min: 1, Max: 0, Free: 1, Order: None
[2025-12-15 17:58:50] [INFO]     Updated modifier_group 40759: name='First 591ml Drink Free', order=None
[2025-12-15 17:58:51] [INFO]   Found drinks section for: 3 Toppings Pizza HIDE
[2025-12-15 17:58:51] [INFO]     Modifier group (radio): Drinks 591 ml WITH PRICES
[2025-12-15 17:58:51] [INFO]     Title (new name): First 591ml Drink Free
[2025-12-15 17:58:51] [INFO]     Min: 1, Max: 0, Free: 1, Order: None
[2025-12-15 17:58:52] [INFO]     Updated modifier_group 40760: name='First 591ml Drink Free', order=None
[2025-12-15 17:58:52] [INFO]   Completed: 7 drinks sections, 7 modifier groups updated
[2025-12-15 17:58:52] [INFO] ============================================================
[2025-12-15 17:58:52] [INFO] [68/132] Processing: Asia Garden Ottawa (V3: 630, V1: 856)
[2025-12-15 17:58:52] [INFO] ============================================================
[2025-12-15 17:58:52] [INFO] Scraping combo drinks for: Asia Garden Ottawa (V3: 630, V1: 856)
[2025-12-15 17:58:56] [INFO] Found 0 combo dishes for V1 restaurant 856
[2025-12-15 17:58:56] [INFO]   No combo dishes found
[2025-12-15 17:58:56] [INFO] ============================================================
[2025-12-15 17:58:56] [INFO] [69/132] Processing: Digby's Restaurant (V3: 638, V1: 865)
[2025-12-15 17:58:56] [INFO] ============================================================
[2025-12-15 17:58:56] [INFO] Scraping combo drinks for: Digby's Restaurant (V3: 638, V1: 865)
[2025-12-15 17:59:00] [INFO] Found 0 combo dishes for V1 restaurant 865
[2025-12-15 17:59:00] [INFO]   No combo dishes found
[2025-12-15 17:59:00] [INFO] ============================================================
[2025-12-15 17:59:00] [INFO] [70/132] Processing: China Moon (V3: 641, V1: 869)
[2025-12-15 17:59:00] [INFO] ============================================================
[2025-12-15 17:59:00] [INFO] Scraping combo drinks for: China Moon (V3: 641, V1: 869)
[2025-12-15 17:59:04] [INFO] Found 0 combo dishes for V1 restaurant 869
[2025-12-15 17:59:04] [INFO]   No combo dishes found
[2025-12-15 17:59:04] [INFO] ============================================================
[2025-12-15 17:59:04] [INFO] [71/132] Processing: Mozza Pizza Hull (V3: 644, V1: 872)
[2025-12-15 17:59:04] [INFO] ============================================================
[2025-12-15 17:59:04] [INFO] Scraping combo drinks for: Mozza Pizza Hull (V3: 644, V1: 872)
[2025-12-15 17:59:09] [INFO] Found 0 combo dishes for V1 restaurant 872
[2025-12-15 17:59:09] [INFO]   No combo dishes found
[2025-12-15 17:59:09] [INFO] ============================================================
[2025-12-15 17:59:09] [INFO] [72/132] Processing: JC Royal Thai Cuisine (V3: 646, V1: 874)
[2025-12-15 17:59:09] [INFO] ============================================================
[2025-12-15 17:59:09] [INFO] Scraping combo drinks for: JC Royal Thai Cuisine (V3: 646, V1: 874)
[2025-12-15 17:59:13] [INFO] Found 0 combo dishes for V1 restaurant 874
[2025-12-15 17:59:13] [INFO]   No combo dishes found
[2025-12-15 17:59:13] [INFO] ============================================================
[2025-12-15 17:59:13] [INFO] [73/132] Processing: Milano (V3: 651, V1: 879)
[2025-12-15 17:59:13] [INFO] ============================================================
[2025-12-15 17:59:13] [INFO] Scraping combo drinks for: Milano (V3: 651, V1: 879)
[2025-12-15 17:59:18] [INFO] Found 22 combo dishes for V1 restaurant 879
[2025-12-15 17:59:19] [INFO]   Found drinks section for: Combo No.1 HIDED
[2025-12-15 17:59:19] [INFO]     Modifier group (radio): Drinks can
[2025-12-15 17:59:19] [INFO]     Title (new name): Three 591ml pop
[2025-12-15 17:59:19] [INFO]     Min: 3, Max: 3, Free: 0, Order: None
[2025-12-15 17:59:19] [WARNING]   Modifier group 'Drinks can' not found for dish 143718
[2025-12-15 17:59:21] [INFO]   Found drinks section for: Combo No.2 HIDED
[2025-12-15 17:59:21] [INFO]     Modifier group (radio): Drinks can
[2025-12-15 17:59:21] [INFO]     Title (new name): Three 591ml pop
[2025-12-15 17:59:21] [INFO]     Min: 3, Max: 3, Free: 0, Order: None
[2025-12-15 17:59:21] [WARNING]   Modifier group 'Drinks can' not found for dish 143719
[2025-12-15 17:59:22] [INFO]   Found drinks section for: Two For One Plain Cheese Pizza HIDE
[2025-12-15 17:59:22] [INFO]     Modifier group (radio): Drinks can
[2025-12-15 17:59:22] [INFO]     Title (new name): You can add a 591ml Pop
[2025-12-15 17:59:22] [INFO]     Min: 0, Max: 0, Free: 0, Order: None
[2025-12-15 17:59:23] [INFO]     Found alternative drinks modifier: Drinks 591 ml WITH PRICES
[2025-12-15 17:59:23] [INFO]     Updated modifier_group 40781: name='You can add a 591ml Pop', order=None
[2025-12-15 17:59:24] [INFO]   Found drinks section for: The Perfect Combo Deal with PopCurds HIDE
[2025-12-15 17:59:24] [INFO]     Modifier group (radio): Drinks can
[2025-12-15 17:59:24] [INFO]     Title (new name): First Two 591ml Drinks Free
[2025-12-15 17:59:24] [INFO]     Min: 2, Max: 0, Free: 2, Order: None
[2025-12-15 17:59:24] [INFO]     Found alternative drinks modifier: Drinks 591 ml WITH PRICES
[2025-12-15 17:59:24] [INFO]     Updated modifier_group 40782: name='First Two 591ml Drinks Free', order=None
[2025-12-15 17:59:26] [INFO]   Found drinks section for: 2 Pizza Deal 1 Topping & Two 591ml Drinks (V) HIDE
[2025-12-15 17:59:26] [INFO]     Modifier group (radio): Drinks can
[2025-12-15 17:59:26] [INFO]     Title (new name): First Two 591ml Drinks Free
[2025-12-15 17:59:26] [INFO]     Min: 2, Max: 0, Free: 2, Order: None
[2025-12-15 17:59:26] [INFO]     Found alternative drinks modifier: Drinks 591 ml WITH PRICES
[2025-12-15 17:59:26] [INFO]     Updated modifier_group 40783: name='First Two 591ml Drinks Free', order=None
[2025-12-15 17:59:28] [INFO]   Found drinks section for: 2 Pizza Deal 2 Toppings & Two 591ml Drinks (V) HIDE
[2025-12-15 17:59:28] [INFO]     Modifier group (radio): Drinks can
[2025-12-15 17:59:28] [INFO]     Title (new name): First Two 591ml Drinks Free
[2025-12-15 17:59:28] [INFO]     Min: 2, Max: 0, Free: 2, Order: None
[2025-12-15 17:59:28] [INFO]     Found alternative drinks modifier: Drinks 591 ml WITH PRICES
[2025-12-15 17:59:28] [INFO]     Updated modifier_group 40784: name='First Two 591ml Drinks Free', order=None
[2025-12-15 17:59:29] [INFO]   Found drinks section for: 2 Pizza Deal 3 Toppings & Two 591ml Drinks (V) HIDE
[2025-12-15 17:59:29] [INFO]     Modifier group (radio): Drinks can
[2025-12-15 17:59:29] [INFO]     Title (new name): First Two 591ml Drinks Free
[2025-12-15 17:59:29] [INFO]     Min: 2, Max: 0, Free: 2, Order: None
[2025-12-15 17:59:30] [INFO]     Found alternative drinks modifier: Drinks 591 ml WITH PRICES
[2025-12-15 17:59:30] [INFO]     Updated modifier_group 40785: name='First Two 591ml Drinks Free', order=None
[2025-12-15 17:59:31] [INFO]   Found drinks section for: The Perfect Combo Deal with PopCurds HIDE
[2025-12-15 17:59:31] [INFO]     Modifier group (radio): Drinks can
[2025-12-15 17:59:31] [INFO]     Title (new name): First Two 591ml Drinks Free
[2025-12-15 17:59:31] [INFO]     Min: 2, Max: 0, Free: 2, Order: None
[2025-12-15 17:59:31] [INFO]     Found alternative drinks modifier: First Two 591ml Drinks Free
[2025-12-15 17:59:32] [INFO]     Updated modifier_group 16436: name='First Two 591ml Drinks Free', order=None
[2025-12-15 17:59:37] [INFO]   Found drinks section for: The Perfect Combo Deal with PopCurds HIDE
[2025-12-15 17:59:37] [INFO]     Modifier group (radio): Drinks can
[2025-12-15 17:59:37] [INFO]     Title (new name): First Two 591ml Drinks Free
[2025-12-15 17:59:37] [INFO]     Min: 2, Max: 0, Free: 2, Order: None
[2025-12-15 17:59:37] [INFO]     Found alternative drinks modifier: First Two 591ml Drinks Free
[2025-12-15 17:59:38] [INFO]     Updated modifier_group 16511: name='First Two 591ml Drinks Free', order=None
[2025-12-15 17:59:39] [INFO]   Found drinks section for: Large Pizza Deal HIDE
[2025-12-15 17:59:39] [INFO]     Modifier group (radio): Drinks can
[2025-12-15 17:59:39] [INFO]     Title (new name): First Two 591ml Drinks Free
[2025-12-15 17:59:39] [INFO]     Min: 2, Max: 0, Free: 2, Order: None
[2025-12-15 17:59:39] [INFO]     Found alternative drinks modifier: Drinks 591 ml WITH PRICES
[2025-12-15 17:59:39] [INFO]     Updated modifier_group 40786: name='First Two 591ml Drinks Free', order=None
[2025-12-15 17:59:41] [INFO]   Found drinks section for: Medium Pizza Deal HIDE
[2025-12-15 17:59:41] [INFO]     Modifier group (radio): Drinks can
[2025-12-15 17:59:41] [INFO]     Title (new name): First Two 591ml Drinks Free
[2025-12-15 17:59:41] [INFO]     Min: 2, Max: 0, Free: 2, Order: None
[2025-12-15 17:59:41] [INFO]     Found alternative drinks modifier: Drinks 591 ml WITH PRICES
[2025-12-15 17:59:41] [INFO]     Updated modifier_group 40787: name='First Two 591ml Drinks Free', order=None
[2025-12-15 17:59:47] [INFO]   Found drinks section for: One Topping HIDE
[2025-12-15 17:59:47] [INFO]     Modifier group (radio): Drinks can
[2025-12-15 17:59:47] [INFO]     Title (new name): First 591ml Drink Free
[2025-12-15 17:59:47] [INFO]     Min: 1, Max: 0, Free: 1, Order: None
[2025-12-15 17:59:47] [INFO]     Found alternative drinks modifier: First 591ml Drink Free
[2025-12-15 17:59:48] [INFO]     Updated modifier_group 17094: name='First 591ml Drink Free', order=None
[2025-12-15 17:59:49] [INFO]   Found drinks section for: Two Toppings HIDE
[2025-12-15 17:59:49] [INFO]     Modifier group (radio): Drinks can
[2025-12-15 17:59:49] [INFO]     Title (new name): First 591ml Drink Free
[2025-12-15 17:59:49] [INFO]     Min: 1, Max: 0, Free: 1, Order: None
[2025-12-15 17:59:49] [INFO]     Found alternative drinks modifier: First 591ml Drink Free
[2025-12-15 17:59:49] [INFO]     Updated modifier_group 17096: name='First 591ml Drink Free', order=None
[2025-12-15 17:59:54] [INFO]   Completed: 11 drinks sections, 11 modifier groups updated
[2025-12-15 17:59:54] [INFO] ============================================================
[2025-12-15 17:59:54] [INFO] [74/132] Processing: Milano (V3: 660, V1: 889)
[2025-12-15 17:59:54] [INFO] ============================================================
[2025-12-15 17:59:54] [INFO] Scraping combo drinks for: Milano (V3: 660, V1: 889)
[2025-12-15 17:59:58] [INFO] Found 12 combo dishes for V1 restaurant 889
[2025-12-15 17:59:59] [INFO]   Found drinks section for: The Perfect Combo Deal with PopCurds
[2025-12-15 17:59:59] [INFO]     Modifier group (radio): Drinks 591 ml
[2025-12-15 17:59:59] [INFO]     Title (new name): First Two 591ml Drinks Free
[2025-12-15 17:59:59] [INFO]     Min: 2, Max: 0, Free: 2, Order: None
[2025-12-15 18:00:00] [INFO]     Updated modifier_group 40788: name='First Two 591ml Drinks Free', order=None
[2025-12-15 18:00:01] [INFO]   Found drinks section for: The Perfect Combo Deal with PopCurds
[2025-12-15 18:00:01] [INFO]     Modifier group (radio): Drinks 591 ml
[2025-12-15 18:00:01] [INFO]     Title (new name): First Two 591ml Drinks Free
[2025-12-15 18:00:01] [INFO]     Min: 2, Max: 0, Free: 2, Order: None
[2025-12-15 18:00:01] [INFO]     Found alternative drinks modifier: First Two 591ml Drinks Free
[2025-12-15 18:00:01] [INFO]     Updated modifier_group 17343: name='First Two 591ml Drinks Free', order=None
[2025-12-15 18:00:03] [INFO]   Found drinks section for: Large Pizza Deal
[2025-12-15 18:00:03] [INFO]     Modifier group (radio): Drinks 591 ml
[2025-12-15 18:00:03] [INFO]     Title (new name): First Two 591ml Drinks Free
[2025-12-15 18:00:03] [INFO]     Min: 2, Max: 0, Free: 2, Order: None
[2025-12-15 18:00:03] [INFO]     Updated modifier_group 40789: name='First Two 591ml Drinks Free', order=None
[2025-12-15 18:00:04] [INFO]   Found drinks section for: Medium Pizza Deal
[2025-12-15 18:00:04] [INFO]     Modifier group (radio): Drinks 591 ml
[2025-12-15 18:00:04] [INFO]     Title (new name): First Two 591ml Drinks Free
[2025-12-15 18:00:04] [INFO]     Min: 2, Max: 0, Free: 2, Order: None
[2025-12-15 18:00:05] [INFO]     Updated modifier_group 40790: name='First Two 591ml Drinks Free', order=None
[2025-12-15 18:00:06] [INFO]   Found drinks section for: 1 Topping Pizza Deal
[2025-12-15 18:00:06] [INFO]     Modifier group (radio): Drinks 591 ml
[2025-12-15 18:00:06] [INFO]     Title (new name): First Two 591ml Drinks Free
[2025-12-15 18:00:06] [INFO]     Min: 2, Max: 0, Free: 2, Order: None
[2025-12-15 18:00:06] [INFO]     Updated modifier_group 40791: name='First Two 591ml Drinks Free', order=None
[2025-12-15 18:00:08] [INFO]   Found drinks section for: 2 Toppings Pizza Deal
[2025-12-15 18:00:08] [INFO]     Modifier group (radio): Drinks 591 ml
[2025-12-15 18:00:08] [INFO]     Title (new name): First Two 591ml Drinks Free
[2025-12-15 18:00:08] [INFO]     Min: 2, Max: 0, Free: 2, Order: None
[2025-12-15 18:00:08] [INFO]     Updated modifier_group 40792: name='First Two 591ml Drinks Free', order=None
[2025-12-15 18:00:10] [INFO]   Found drinks section for: 3 Toppings Pizza Deal
[2025-12-15 18:00:10] [INFO]     Modifier group (radio): Drinks 591 ml
[2025-12-15 18:00:10] [INFO]     Title (new name): First Two 591ml Drinks Free
[2025-12-15 18:00:10] [INFO]     Min: 2, Max: 0, Free: 2, Order: None
[2025-12-15 18:00:10] [INFO]     Updated modifier_group 40793: name='First Two 591ml Drinks Free', order=None
[2025-12-15 18:00:14] [INFO]   Found drinks section for: 2 Pizza Deal 1 Topping & Two 591ml Drinks (V)
[2025-12-15 18:00:14] [INFO]     Modifier group (radio): Drinks 591 ml
[2025-12-15 18:00:14] [INFO]     Title (new name): First Two 591ml Drinks Free
[2025-12-15 18:00:14] [INFO]     Min: 2, Max: 0, Free: 2, Order: None
[2025-12-15 18:00:14] [INFO]     Updated modifier_group 40794: name='First Two 591ml Drinks Free', order=None
[2025-12-15 18:00:16] [INFO]   Found drinks section for: 2 Pizza Deal 2 Toppings & Two 591ml Drinks (V)
[2025-12-15 18:00:16] [INFO]     Modifier group (radio): Drinks 591 ml
[2025-12-15 18:00:16] [INFO]     Title (new name): First Two 591ml Drinks Free
[2025-12-15 18:00:16] [INFO]     Min: 2, Max: 0, Free: 2, Order: None
[2025-12-15 18:00:16] [INFO]     Updated modifier_group 40795: name='First Two 591ml Drinks Free', order=None
[2025-12-15 18:00:17] [INFO]   Found drinks section for: 2 Pizza Deal 3 Toppings & Two 591ml Drinks (V)
[2025-12-15 18:00:17] [INFO]     Modifier group (radio): Drinks 591 ml
[2025-12-15 18:00:17] [INFO]     Title (new name): First Two 591ml Drinks Free
[2025-12-15 18:00:17] [INFO]     Min: 2, Max: 0, Free: 2, Order: None
[2025-12-15 18:00:18] [INFO]     Updated modifier_group 40796: name='First Two 591ml Drinks Free', order=None
[2025-12-15 18:00:18] [INFO]   Completed: 10 drinks sections, 10 modifier groups updated
[2025-12-15 18:00:18] [INFO] ============================================================
[2025-12-15 18:00:18] [INFO] [75/132] Processing: Milano (V3: 680, V1: 913)
[2025-12-15 18:00:18] [INFO] ============================================================
[2025-12-15 18:00:18] [INFO] Scraping combo drinks for: Milano (V3: 680, V1: 913)
[2025-12-15 18:00:22] [INFO] Found 44 combo dishes for V1 restaurant 913
[2025-12-15 18:00:33] [INFO]   Found drinks section for: Special 222 HIDE
[2025-12-15 18:00:33] [INFO]     Modifier group (radio): Drinks 591ml with prices
[2025-12-15 18:00:33] [INFO]     Title (new name): First Two 591ml Drinks Free
[2025-12-15 18:00:33] [INFO]     Min: 2, Max: 0, Free: 2, Order: None
[2025-12-15 18:00:33] [INFO]     Updated modifier_group 40797: name='First Two 591ml Drinks Free', order=None
[2025-12-15 18:00:35] [INFO]   Found drinks section for: Medium Pizza with Large Fries and 2L Drink HIDE
[2025-12-15 18:00:35] [INFO]     Modifier group (radio): Drinks 591ml with prices
[2025-12-15 18:00:35] [INFO]     Title (new name): 2L Drinks
[2025-12-15 18:00:35] [INFO]     Min: 1, Max: 1, Free: 0, Order: None
[2025-12-15 18:00:35] [INFO]     Updated modifier_group 40798: name='2L Drinks', order=None
[2025-12-15 18:01:02] [INFO]   Found drinks section for: February Special HIDE
[2025-12-15 18:01:02] [INFO]     Modifier group (radio): Drinks 591ml with prices
[2025-12-15 18:01:02] [INFO]     Title (new name): First Two 591ml Drinks Free
[2025-12-15 18:01:02] [INFO]     Min: 2, Max: 0, Free: 2, Order: None
[2025-12-15 18:01:02] [INFO]     Updated modifier_group 40799: name='First Two 591ml Drinks Free', order=None
[2025-12-15 18:01:04] [INFO]   Found drinks section for: Family Special with Large Fries and 2L Drink HIDE
[2025-12-15 18:01:04] [INFO]     Modifier group (radio): Drinks 591ml with prices
[2025-12-15 18:01:04] [INFO]     Title (new name): 2L Pop
[2025-12-15 18:01:04] [INFO]     Min: 1, Max: 1, Free: 0, Order: None
[2025-12-15 18:01:04] [INFO]     Updated modifier_group 40800: name='2L Pop', order=None
[2025-12-15 18:01:06] [INFO]   Found drinks section for: The Perfect Combo Deal with PopCurds HIDE
[2025-12-15 18:01:06] [INFO]     Modifier group (radio): Drinks 591ml with prices
[2025-12-15 18:01:06] [INFO]     Title (new name): First Two 591ml Drinks Free
[2025-12-15 18:01:06] [INFO]     Min: 2, Max: 0, Free: 2, Order: None
[2025-12-15 18:01:06] [INFO]     Updated modifier_group 40801: name='First Two 591ml Drinks Free', order=None
[2025-12-15 18:01:07] [INFO]   Found drinks section for: 2 Pizza Deal 1 Topping HIDE
[2025-12-15 18:01:07] [INFO]     Modifier group (radio): Drinks 591ml with prices
[2025-12-15 18:01:07] [INFO]     Title (new name): First Two 591ml Drinks Free
[2025-12-15 18:01:07] [INFO]     Min: 2, Max: 0, Free: 2, Order: None
[2025-12-15 18:01:08] [INFO]     Updated modifier_group 40802: name='First Two 591ml Drinks Free', order=None
[2025-12-15 18:01:09] [INFO]   Found drinks section for: 2 Pizza Deal 2 Toppings HIDE
[2025-12-15 18:01:09] [INFO]     Modifier group (radio): Drinks 591ml with prices
[2025-12-15 18:01:09] [INFO]     Title (new name): First Two 591ml Drinks Free
[2025-12-15 18:01:09] [INFO]     Min: 2, Max: 0, Free: 2, Order: None
[2025-12-15 18:01:09] [INFO]     Updated modifier_group 40803: name='First Two 591ml Drinks Free', order=None
[2025-12-15 18:01:11] [INFO]   Found drinks section for: 2 Pizza Deal 3 Toppings HIDE
[2025-12-15 18:01:11] [INFO]     Modifier group (radio): Drinks 591ml with prices
[2025-12-15 18:01:11] [INFO]     Title (new name): First Two 591ml Drinks Free
[2025-12-15 18:01:11] [INFO]     Min: 2, Max: 0, Free: 2, Order: None
[2025-12-15 18:01:11] [INFO]     Updated modifier_group 40804: name='First Two 591ml Drinks Free', order=None
[2025-12-15 18:01:12] [INFO]   Found drinks section for: Pizza and Wings Special HIDE
[2025-12-15 18:01:12] [INFO]     Modifier group (radio): Drinks 591ml with prices
[2025-12-15 18:01:12] [INFO]     Title (new name): First Two 591ml Drinks Free
[2025-12-15 18:01:12] [INFO]     Min: 2, Max: 0, Free: 2, Order: None
[2025-12-15 18:01:13] [INFO]     Updated modifier_group 40805: name='First Two 591ml Drinks Free', order=None
[2025-12-15 18:01:14] [INFO]   Found drinks section for: Pizza and Poutine Special HIDE
[2025-12-15 18:01:14] [INFO]     Modifier group (radio): Drinks 591ml with prices
[2025-12-15 18:01:14] [INFO]     Title (new name): First Two 591ml Drinks Free
[2025-12-15 18:01:14] [INFO]     Min: 2, Max: 0, Free: 2, Order: None
[2025-12-15 18:01:14] [INFO]     Updated modifier_group 40806: name='First Two 591ml Drinks Free', order=None
[2025-12-15 18:01:16] [INFO]   Found drinks section for: The Perfect Combo Deal with PopCurds HIDE
[2025-12-15 18:01:16] [INFO]     Modifier group (radio): Drinks 591ml with prices
[2025-12-15 18:01:16] [INFO]     Title (new name): First Two 591ml Drinks Free
[2025-12-15 18:01:16] [INFO]     Min: 2, Max: 0, Free: 2, Order: None
[2025-12-15 18:01:16] [INFO]     Found alternative drinks modifier: First Two 591ml Drinks Free
[2025-12-15 18:01:16] [INFO]     Updated modifier_group 18347: name='First Two 591ml Drinks Free', order=None
[2025-12-15 18:01:18] [INFO]   Found drinks section for: Small Pizza & Poutine HIDE
[2025-12-15 18:01:18] [INFO]     Modifier group (radio): Drinks 591ml with prices
[2025-12-15 18:01:18] [INFO]     Title (new name): First 591ml Drink Free
[2025-12-15 18:01:18] [INFO]     Min: 1, Max: 0, Free: 1, Order: None
[2025-12-15 18:01:18] [INFO]     Updated modifier_group 40807: name='First 591ml Drink Free', order=None
[2025-12-15 18:01:19] [INFO]   Found drinks section for: Medium Pizza & Poutine HIDE
[2025-12-15 18:01:19] [INFO]     Modifier group (radio): Drinks 591ml with prices
[2025-12-15 18:01:19] [INFO]     Title (new name): First Two 591ml Drinks Free
[2025-12-15 18:01:19] [INFO]     Min: 2, Max: 0, Free: 2, Order: None
[2025-12-15 18:01:20] [INFO]     Updated modifier_group 40808: name='First Two 591ml Drinks Free', order=None
[2025-12-15 18:01:21] [INFO]   Found drinks section for: Large Pizza & Poutine HIDE
[2025-12-15 18:01:21] [INFO]     Modifier group (radio): Drinks 591ml with prices
[2025-12-15 18:01:21] [INFO]     Title (new name): First Two 591ml Drinks Free
[2025-12-15 18:01:21] [INFO]     Min: 2, Max: 0, Free: 2, Order: None
[2025-12-15 18:01:21] [INFO]     Updated modifier_group 40809: name='First Two 591ml Drinks Free', order=None
[2025-12-15 18:01:23] [INFO]   Found drinks section for: Large Pizza Deal HIDE
[2025-12-15 18:01:23] [INFO]     Modifier group (radio): Drinks 591ml with prices
[2025-12-15 18:01:23] [INFO]     Title (new name): First Two 591ml Drinks Free
[2025-12-15 18:01:23] [INFO]     Min: 2, Max: 0, Free: 2, Order: None
[2025-12-15 18:01:23] [INFO]     Updated modifier_group 40810: name='First Two 591ml Drinks Free', order=None
[2025-12-15 18:01:24] [INFO]   Found drinks section for: Medium Pizza Deal HIDE
[2025-12-15 18:01:24] [INFO]     Modifier group (radio): Drinks 591ml with prices
[2025-12-15 18:01:24] [INFO]     Title (new name): First Two 591ml Drinks Free
[2025-12-15 18:01:24] [INFO]     Min: 2, Max: 0, Free: 2, Order: None
[2025-12-15 18:01:25] [INFO]     Updated modifier_group 40811: name='First Two 591ml Drinks Free', order=None
[2025-12-15 18:01:26] [INFO]   Found drinks section for: VEGAN 2 Pizza Deal 1 Topping & Two 591ml Drinks (V) HIDE
[2025-12-15 18:01:26] [INFO]     Modifier group (radio): Drinks 591ml with prices
[2025-12-15 18:01:26] [INFO]     Title (new name): First Two 591ml Drinks Free
[2025-12-15 18:01:26] [INFO]     Min: 2, Max: 0, Free: 2, Order: None
[2025-12-15 18:01:26] [INFO]     Updated modifier_group 40812: name='First Two 591ml Drinks Free', order=None
[2025-12-15 18:01:28] [INFO]   Found drinks section for: VEGAN 2 Pizza Deal 2 Toppings & Two 591ml Drinks (V) HIDE
[2025-12-15 18:01:28] [INFO]     Modifier group (radio): Drinks 591ml with prices
[2025-12-15 18:01:28] [INFO]     Title (new name): First Two 591ml Drinks Free
[2025-12-15 18:01:28] [INFO]     Min: 2, Max: 0, Free: 2, Order: None
[2025-12-15 18:01:28] [INFO]     Updated modifier_group 40813: name='First Two 591ml Drinks Free', order=None
[2025-12-15 18:01:30] [INFO]   Found drinks section for: VEGAN 2 Pizza Deal 3 Toppings & Two 591ml Drinks (V) HIDE
[2025-12-15 18:01:30] [INFO]     Modifier group (radio): Drinks 591ml with prices
[2025-12-15 18:01:30] [INFO]     Title (new name): First Two 591ml Drinks Free
[2025-12-15 18:01:30] [INFO]     Min: 2, Max: 0, Free: 2, Order: None
[2025-12-15 18:01:30] [INFO]     Updated modifier_group 40814: name='First Two 591ml Drinks Free', order=None
[2025-12-15 18:01:30] [INFO]   Completed: 19 drinks sections, 19 modifier groups updated
[2025-12-15 18:01:30] [INFO] ============================================================
[2025-12-15 18:01:30] [INFO] [76/132] Processing: Oka's Hull (V3: 681, V1: 914)
[2025-12-15 18:01:30] [INFO] ============================================================
[2025-12-15 18:01:30] [INFO] Scraping combo drinks for: Oka's Hull (V3: 681, V1: 914)
[2025-12-15 18:01:34] [INFO] Found 0 combo dishes for V1 restaurant 914
[2025-12-15 18:01:34] [INFO]   No combo dishes found
[2025-12-15 18:01:34] [INFO] ============================================================
[2025-12-15 18:01:34] [INFO] [77/132] Processing: Pizza Maisonneuve (V3: 696, V1: 930)
[2025-12-15 18:01:34] [INFO] ============================================================
[2025-12-15 18:01:34] [INFO] Scraping combo drinks for: Pizza Maisonneuve (V3: 696, V1: 930)
[2025-12-15 18:01:38] [INFO] Found 0 combo dishes for V1 restaurant 930
[2025-12-15 18:01:38] [INFO]   No combo dishes found
[2025-12-15 18:01:38] [INFO] ============================================================
[2025-12-15 18:01:38] [INFO] [78/132] Processing: Milano (V3: 701, V1: 937)
[2025-12-15 18:01:38] [INFO] ============================================================
[2025-12-15 18:01:38] [INFO] Scraping combo drinks for: Milano (V3: 701, V1: 937)
[2025-12-15 18:01:43] [INFO] Found 10 combo dishes for V1 restaurant 937
[2025-12-15 18:01:44] [INFO]   Found drinks section for: The Perfect Combo Deal
[2025-12-15 18:01:44] [INFO]     Modifier group (radio): Drinks (no prices & no Aquafina)
[2025-12-15 18:01:44] [INFO]     Title (new name): First Two 591ml Drinks Free
[2025-12-15 18:01:44] [INFO]     Min: 2, Max: 0, Free: 2, Order: None
[2025-12-15 18:01:44] [INFO]     Found alternative drinks modifier: Drinks 591ml with prices + Aquafina
[2025-12-15 18:01:44] [INFO]     Updated modifier_group 40815: name='First Two 591ml Drinks Free', order=None
[2025-12-15 18:01:46] [INFO]   Found drinks section for: 1 Topping Pizza Deal
[2025-12-15 18:01:46] [INFO]     Modifier group (radio): Drinks (no prices & no Aquafina)
[2025-12-15 18:01:46] [INFO]     Title (new name): First Two 591ml Drinks Free
[2025-12-15 18:01:46] [INFO]     Min: 2, Max: 0, Free: 2, Order: None
[2025-12-15 18:01:46] [INFO]     Found alternative drinks modifier: Drinks 591ml with prices + Aquafina
[2025-12-15 18:01:46] [INFO]     Updated modifier_group 40816: name='First Two 591ml Drinks Free', order=None
[2025-12-15 18:01:48] [INFO]   Found drinks section for: 2 Toppings Pizza Deal
[2025-12-15 18:01:48] [INFO]     Modifier group (radio): Drinks (no prices & no Aquafina)
[2025-12-15 18:01:48] [INFO]     Title (new name): First Two 591ml Drinks Free
[2025-12-15 18:01:48] [INFO]     Min: 2, Max: 0, Free: 2, Order: None
[2025-12-15 18:01:48] [INFO]     Found alternative drinks modifier: Drinks 591ml with prices + Aquafina
[2025-12-15 18:01:48] [INFO]     Updated modifier_group 40817: name='First Two 591ml Drinks Free', order=None
[2025-12-15 18:01:49] [INFO]   Found drinks section for: 3 Toppings Pizza Deal
[2025-12-15 18:01:49] [INFO]     Modifier group (radio): Drinks (no prices & no Aquafina)
[2025-12-15 18:01:49] [INFO]     Title (new name): First Two 591ml Drinks Free
[2025-12-15 18:01:49] [INFO]     Min: 2, Max: 0, Free: 2, Order: None
[2025-12-15 18:01:50] [INFO]     Found alternative drinks modifier: Drinks 591ml with prices + Aquafina
[2025-12-15 18:01:50] [INFO]     Updated modifier_group 40818: name='First Two 591ml Drinks Free', order=None
[2025-12-15 18:01:51] [INFO]   Found drinks section for: The Perfect Combo Deal
[2025-12-15 18:01:51] [INFO]     Modifier group (radio): Drinks (no prices & no Aquafina)
[2025-12-15 18:01:51] [INFO]     Title (new name): First Two 591ml Drinks Free
[2025-12-15 18:01:51] [INFO]     Min: 2, Max: 0, Free: 2, Order: None
[2025-12-15 18:01:51] [INFO]     Found alternative drinks modifier: First Two 591ml Drinks Free
[2025-12-15 18:01:51] [INFO]     Updated modifier_group 19358: name='First Two 591ml Drinks Free', order=None
[2025-12-15 18:01:53] [INFO]   Found drinks section for: Large Pizza 3 Toppings
[2025-12-15 18:01:53] [INFO]     Modifier group (radio): Drinks (no prices & no Aquafina)
[2025-12-15 18:01:53] [INFO]     Title (new name): First Two 591ml Drinks Free
[2025-12-15 18:01:53] [INFO]     Min: 2, Max: 0, Free: 2, Order: None
[2025-12-15 18:01:53] [INFO]     Found alternative drinks modifier: Drinks 591ml with prices + Aquafina
[2025-12-15 18:01:53] [INFO]     Updated modifier_group 40819: name='First Two 591ml Drinks Free', order=None
[2025-12-15 18:01:55] [INFO]   Found drinks section for: Medium Pizza 3 Toppings
[2025-12-15 18:01:55] [INFO]     Modifier group (radio): Drinks (no prices & no Aquafina)
[2025-12-15 18:01:55] [INFO]     Title (new name): First Two 591ml Drinks Free
[2025-12-15 18:01:55] [INFO]     Min: 2, Max: 0, Free: 2, Order: None
[2025-12-15 18:01:55] [INFO]     Found alternative drinks modifier: Drinks 591ml with prices + Aquafina
[2025-12-15 18:01:55] [INFO]     Updated modifier_group 40820: name='First Two 591ml Drinks Free', order=None
[2025-12-15 18:01:56] [INFO]   Found drinks section for: 1 Topping Pizza Deal (V)
[2025-12-15 18:01:56] [INFO]     Modifier group (radio): Drinks (no prices & no Aquafina)
[2025-12-15 18:01:56] [INFO]     Title (new name): First Two 591ml Drinks Free
[2025-12-15 18:01:56] [INFO]     Min: 2, Max: 0, Free: 2, Order: None
[2025-12-15 18:01:57] [INFO]     Found alternative drinks modifier: First Two 591ml Drinks Free
[2025-12-15 18:01:57] [INFO]     Updated modifier_group 19491: name='First Two 591ml Drinks Free', order=None
[2025-12-15 18:01:58] [INFO]   Found drinks section for: 2 Toppings Pizza Deal (V)
[2025-12-15 18:01:58] [INFO]     Modifier group (radio): Drinks (no prices & no Aquafina)
[2025-12-15 18:01:58] [INFO]     Title (new name): First Two 591ml Drinks Free
[2025-12-15 18:01:58] [INFO]     Min: 2, Max: 0, Free: 2, Order: None
[2025-12-15 18:01:58] [INFO]     Found alternative drinks modifier: First Two 591ml Drinks Free
[2025-12-15 18:01:59] [INFO]     Updated modifier_group 19492: name='First Two 591ml Drinks Free', order=None
[2025-12-15 18:02:00] [INFO]   Found drinks section for: 3 Toppings Pizza Deal (V)
[2025-12-15 18:02:00] [INFO]     Modifier group (radio): Drinks (no prices & no Aquafina)
[2025-12-15 18:02:00] [INFO]     Title (new name): First Two 591ml Drinks Free
[2025-12-15 18:02:00] [INFO]     Min: 2, Max: 0, Free: 2, Order: None
[2025-12-15 18:02:00] [INFO]     Found alternative drinks modifier: First Two 591ml Drinks Free
[2025-12-15 18:02:00] [INFO]     Updated modifier_group 19493: name='First Two 591ml Drinks Free', order=None
[2025-12-15 18:02:00] [INFO]   Completed: 10 drinks sections, 10 modifier groups updated
[2025-12-15 18:02:00] [INFO] ============================================================
[2025-12-15 18:02:00] [INFO] [79/132] Processing: Supreme Pizzeria (V3: 711, V1: 947)
[2025-12-15 18:02:00] [INFO] ============================================================
[2025-12-15 18:02:00] [INFO] Scraping combo drinks for: Supreme Pizzeria (V3: 711, V1: 947)
[2025-12-15 18:02:05] [INFO] Found 7 combo dishes for V1 restaurant 947
[2025-12-15 18:02:16] [INFO]   Completed: 0 drinks sections, 0 modifier groups updated
[2025-12-15 18:02:16] [INFO] ============================================================
[2025-12-15 18:02:16] [INFO] [80/132] Processing: Patate Lou Lou (V3: 712, V1: 948)
[2025-12-15 18:02:16] [INFO] ============================================================
[2025-12-15 18:02:16] [INFO] Scraping combo drinks for: Patate Lou Lou (V3: 712, V1: 948)
[2025-12-15 18:02:20] [INFO] Found 0 combo dishes for V1 restaurant 948
[2025-12-15 18:02:20] [INFO]   No combo dishes found
[2025-12-15 18:02:20] [INFO] ============================================================
[2025-12-15 18:02:20] [INFO] [81/132] Processing: Ogilvie Pizza (V3: 714, V1: 951)
[2025-12-15 18:02:20] [INFO] ============================================================
[2025-12-15 18:02:20] [INFO] Scraping combo drinks for: Ogilvie Pizza (V3: 714, V1: 951)
[2025-12-15 18:02:25] [INFO] Found 6 combo dishes for V1 restaurant 951
[2025-12-15 18:02:27] [INFO]   Found drinks section for: Large Pizza & WIngs
[2025-12-15 18:02:27] [INFO]     Modifier group (radio): Drinks can
[2025-12-15 18:02:27] [INFO]     Title (new name): Choose 3 Cans
[2025-12-15 18:02:27] [INFO]     Min: 3, Max: 3, Free: 0, Order: None
[2025-12-15 18:02:28] [INFO]     Updated modifier_group 40824: name='Choose 3 Cans', order=None
[2025-12-15 18:02:29] [INFO]   Found drinks section for: Medium Pizza & Wings
[2025-12-15 18:02:29] [INFO]     Modifier group (radio): Drinks can
[2025-12-15 18:02:29] [INFO]     Title (new name): Choose 2 Cans
[2025-12-15 18:02:29] [INFO]     Min: 2, Max: 2, Free: 0, Order: None
[2025-12-15 18:02:29] [INFO]     Updated modifier_group 40825: name='Choose 2 Cans', order=None
[2025-12-15 18:02:31] [INFO]   Found drinks section for: 2 Small Pizzas
[2025-12-15 18:02:31] [INFO]     Modifier group (radio): Drinks can
[2025-12-15 18:02:31] [INFO]     Title (new name): Choose 2 Cans
[2025-12-15 18:02:31] [INFO]     Min: 2, Max: 2, Free: 0, Order: None
[2025-12-15 18:02:31] [INFO]     Updated modifier_group 40826: name='Choose 2 Cans', order=None
[2025-12-15 18:02:32] [INFO]   Found drinks section for: 2 Medium Pizzas
[2025-12-15 18:02:32] [INFO]     Modifier group (radio): Drinks can
[2025-12-15 18:02:32] [INFO]     Title (new name): Choose 4 Cans
[2025-12-15 18:02:32] [INFO]     Min: 4, Max: 4, Free: 0, Order: None
[2025-12-15 18:02:33] [INFO]     Updated modifier_group 40827: name='Choose 4 Cans', order=None
[2025-12-15 18:02:34] [INFO]   Found drinks section for: 2 Large Pizzas
[2025-12-15 18:02:34] [INFO]     Modifier group (radio): Drinks can
[2025-12-15 18:02:34] [INFO]     Title (new name): Choose 6 Cans
[2025-12-15 18:02:34] [INFO]     Min: 6, Max: 6, Free: 0, Order: None
[2025-12-15 18:02:34] [INFO]     Updated modifier_group 40828: name='Choose 6 Cans', order=None
[2025-12-15 18:02:34] [INFO]   Completed: 5 drinks sections, 5 modifier groups updated
[2025-12-15 18:02:34] [INFO] ============================================================
[2025-12-15 18:02:34] [INFO] [82/132] Processing: La Poutinerie Ogilvie (V3: 715, V1: 952)
[2025-12-15 18:02:34] [INFO] ============================================================
[2025-12-15 18:02:34] [INFO] Scraping combo drinks for: La Poutinerie Ogilvie (V3: 715, V1: 952)
[2025-12-15 18:02:39] [INFO] Found 1 combo dishes for V1 restaurant 952
[2025-12-15 18:02:40] [INFO]   Completed: 0 drinks sections, 0 modifier groups updated
[2025-12-15 18:02:40] [INFO] ============================================================
[2025-12-15 18:02:40] [INFO] [83/132] Processing: PizzaRama (V3: 716, V1: 953)
[2025-12-15 18:02:40] [INFO] ============================================================
[2025-12-15 18:02:40] [INFO] Scraping combo drinks for: PizzaRama (V3: 716, V1: 953)
[2025-12-15 18:02:44] [INFO] Found 0 combo dishes for V1 restaurant 953
[2025-12-15 18:02:44] [INFO]   No combo dishes found
[2025-12-15 18:02:44] [INFO] ============================================================
[2025-12-15 18:02:44] [INFO] [84/132] Processing: La Maison Pho (V3: 721, V1: 959)
[2025-12-15 18:02:44] [INFO] ============================================================
[2025-12-15 18:02:44] [INFO] Scraping combo drinks for: La Maison Pho (V3: 721, V1: 959)
[2025-12-15 18:02:49] [INFO] Found 0 combo dishes for V1 restaurant 959
[2025-12-15 18:02:49] [INFO]   No combo dishes found
[2025-12-15 18:02:49] [INFO] ============================================================
[2025-12-15 18:02:49] [INFO] [85/132] Processing: Pizza Joanna (V3: 726, V1: 964)
[2025-12-15 18:02:49] [INFO] ============================================================
[2025-12-15 18:02:49] [INFO] Scraping combo drinks for: Pizza Joanna (V3: 726, V1: 964)
[2025-12-15 18:02:53] [INFO] Found 0 combo dishes for V1 restaurant 964
[2025-12-15 18:02:53] [INFO]   No combo dishes found
[2025-12-15 18:02:53] [INFO] ============================================================
[2025-12-15 18:02:53] [INFO] [86/132] Processing: La Maison du Burger (V3: 727, V1: 965)
[2025-12-15 18:02:53] [INFO] ============================================================
[2025-12-15 18:02:53] [INFO] Scraping combo drinks for: La Maison du Burger (V3: 727, V1: 965)
[2025-12-15 18:02:58] [INFO] Found 0 combo dishes for V1 restaurant 965
[2025-12-15 18:02:58] [INFO]   No combo dishes found
[2025-12-15 18:02:58] [INFO] ============================================================
[2025-12-15 18:02:58] [INFO] [87/132] Processing: Friendly Restaurant and Pizzeria (V3: 730, V1: 968)
[2025-12-15 18:02:58] [INFO] ============================================================
[2025-12-15 18:02:58] [INFO] Scraping combo drinks for: Friendly Restaurant and Pizzeria (V3: 730, V1: 968)
[2025-12-15 18:03:02] [INFO] Found 0 combo dishes for V1 restaurant 968
[2025-12-15 18:03:02] [INFO]   No combo dishes found
[2025-12-15 18:03:02] [INFO] ============================================================
[2025-12-15 18:03:02] [INFO] [88/132] Processing: Amicci Pizza (V3: 735, V1: 973)
[2025-12-15 18:03:02] [INFO] ============================================================
[2025-12-15 18:03:02] [INFO] Scraping combo drinks for: Amicci Pizza (V3: 735, V1: 973)
[2025-12-15 18:03:06] [INFO] Found 6 combo dishes for V1 restaurant 973
[2025-12-15 18:03:14] [INFO]   Completed: 0 drinks sections, 0 modifier groups updated
[2025-12-15 18:03:14] [INFO] ============================================================
[2025-12-15 18:03:14] [INFO] [89/132] Processing: Greber Pizza et Shawarma (V3: 736, V1: 974)
[2025-12-15 18:03:14] [INFO] ============================================================
[2025-12-15 18:03:14] [INFO] Scraping combo drinks for: Greber Pizza et Shawarma (V3: 736, V1: 974)
[2025-12-15 18:03:19] [INFO] Found 0 combo dishes for V1 restaurant 974
[2025-12-15 18:03:19] [INFO]   No combo dishes found
[2025-12-15 18:03:19] [INFO] ============================================================
[2025-12-15 18:03:19] [INFO] [90/132] Processing: Sala Thai (V3: 745, V1: 983)
[2025-12-15 18:03:19] [INFO] ============================================================
[2025-12-15 18:03:19] [INFO] Scraping combo drinks for: Sala Thai (V3: 745, V1: 983)
[2025-12-15 18:03:23] [INFO] Found 0 combo dishes for V1 restaurant 983
[2025-12-15 18:03:23] [INFO]   No combo dishes found
[2025-12-15 18:03:23] [INFO] ============================================================
[2025-12-15 18:03:23] [INFO] [91/132] Processing: Milano (V3: 749, V1: 987)
[2025-12-15 18:03:23] [INFO] ============================================================
[2025-12-15 18:03:23] [INFO] Scraping combo drinks for: Milano (V3: 749, V1: 987)
[2025-12-15 18:03:28] [INFO] Found 10 combo dishes for V1 restaurant 987
[2025-12-15 18:03:29] [INFO]   Found drinks section for: The Perfect Combo Deal with PopCurds
[2025-12-15 18:03:29] [INFO]     Modifier group (radio): Drinks 591 ml WITH PRICES
[2025-12-15 18:03:29] [INFO]     Title (new name): First Two 591ml Drinks Free
[2025-12-15 18:03:29] [INFO]     Min: 2, Max: 0, Free: 2, Order: None
[2025-12-15 18:03:29] [INFO]     Found alternative drinks modifier: Drinks + Aquafina with Prices
[2025-12-15 18:03:29] [INFO]     Updated modifier_group 40829: name='First Two 591ml Drinks Free', order=None
[2025-12-15 18:03:31] [INFO]   Found drinks section for: 1 Topping
[2025-12-15 18:03:31] [INFO]     Modifier group (radio): Drinks 591 ml WITH PRICES
[2025-12-15 18:03:31] [INFO]     Title (new name): First Two 591ml Drinks Free
[2025-12-15 18:03:31] [INFO]     Min: 2, Max: 0, Free: 2, Order: None
[2025-12-15 18:03:31] [INFO]     Found alternative drinks modifier: Drinks + Aquafina with Prices
[2025-12-15 18:03:31] [INFO]     Updated modifier_group 40830: name='First Two 591ml Drinks Free', order=None
[2025-12-15 18:03:33] [INFO]   Found drinks section for: 2 Toppings
[2025-12-15 18:03:33] [INFO]     Modifier group (radio): Drinks 591 ml WITH PRICES
[2025-12-15 18:03:33] [INFO]     Title (new name): First Two 591ml Drinks Free
[2025-12-15 18:03:33] [INFO]     Min: 2, Max: 0, Free: 2, Order: None
[2025-12-15 18:03:33] [INFO]     Found alternative drinks modifier: Drinks + Aquafina with Prices
[2025-12-15 18:03:33] [INFO]     Updated modifier_group 40831: name='First Two 591ml Drinks Free', order=None
[2025-12-15 18:03:34] [INFO]   Found drinks section for: 3 Toppings
[2025-12-15 18:03:34] [INFO]     Modifier group (radio): Drinks 591 ml WITH PRICES
[2025-12-15 18:03:34] [INFO]     Title (new name): First Two 591ml Drinks Free
[2025-12-15 18:03:34] [INFO]     Min: 2, Max: 0, Free: 2, Order: None
[2025-12-15 18:03:35] [INFO]     Found alternative drinks modifier: Drinks + Aquafina with Prices
[2025-12-15 18:03:35] [INFO]     Updated modifier_group 40832: name='First Two 591ml Drinks Free', order=None
[2025-12-15 18:03:36] [INFO]   Found drinks section for: The Perfect Combo Deal with PopCurds
[2025-12-15 18:03:36] [INFO]     Modifier group (radio): Drinks 591 ml WITH PRICES
[2025-12-15 18:03:36] [INFO]     Title (new name): First Two 591ml Drinks Free
[2025-12-15 18:03:36] [INFO]     Min: 2, Max: 0, Free: 2, Order: None
[2025-12-15 18:03:36] [INFO]     Found alternative drinks modifier: First Two 591ml Drinks Free
[2025-12-15 18:03:36] [INFO]     Updated modifier_group 20106: name='First Two 591ml Drinks Free', order=None
[2025-12-15 18:03:38] [INFO]   Found drinks section for: Large Pizza Deal
[2025-12-15 18:03:38] [INFO]     Modifier group (radio): Drinks 591 ml WITH PRICES
[2025-12-15 18:03:38] [INFO]     Title (new name): First Two 591ml Drinks Free
[2025-12-15 18:03:38] [INFO]     Min: 2, Max: 0, Free: 2, Order: None
[2025-12-15 18:03:38] [INFO]     Found alternative drinks modifier: Drinks + Aquafina with Prices
[2025-12-15 18:03:38] [INFO]     Updated modifier_group 40833: name='First Two 591ml Drinks Free', order=None
[2025-12-15 18:03:40] [INFO]   Found drinks section for: Medium Pizza Deal
[2025-12-15 18:03:40] [INFO]     Modifier group (radio): Drinks 591 ml WITH PRICES
[2025-12-15 18:03:40] [INFO]     Title (new name): First Two 591ml Drinks Free
[2025-12-15 18:03:40] [INFO]     Min: 2, Max: 0, Free: 2, Order: None
[2025-12-15 18:03:40] [INFO]     Found alternative drinks modifier: Drinks + Aquafina with Prices
[2025-12-15 18:03:40] [INFO]     Updated modifier_group 40834: name='First Two 591ml Drinks Free', order=None
[2025-12-15 18:03:41] [INFO]   Found drinks section for: 1 Topping Pizza Deal (V)
[2025-12-15 18:03:41] [INFO]     Modifier group (radio): Drinks 591 ml WITH PRICES
[2025-12-15 18:03:41] [INFO]     Title (new name): First Two 591ml Drinks Free
[2025-12-15 18:03:41] [INFO]     Min: 2, Max: 0, Free: 2, Order: None
[2025-12-15 18:03:42] [INFO]     Found alternative drinks modifier: Drinks + Aquafina with Prices
[2025-12-15 18:03:42] [INFO]     Updated modifier_group 40835: name='First Two 591ml Drinks Free', order=None
[2025-12-15 18:03:43] [INFO]   Found drinks section for: 2 Toppings Pizza Deal (V)
[2025-12-15 18:03:43] [INFO]     Modifier group (radio): Drinks 591 ml WITH PRICES
[2025-12-15 18:03:43] [INFO]     Title (new name): First Two 591ml Drinks Free
[2025-12-15 18:03:43] [INFO]     Min: 2, Max: 0, Free: 2, Order: None
[2025-12-15 18:03:43] [INFO]     Found alternative drinks modifier: Drinks + Aquafina with Prices
[2025-12-15 18:03:43] [INFO]     Updated modifier_group 40836: name='First Two 591ml Drinks Free', order=None
[2025-12-15 18:03:45] [INFO]   Found drinks section for: 3 Toppings Pizza Deal (V)
[2025-12-15 18:03:45] [INFO]     Modifier group (radio): Drinks 591 ml WITH PRICES
[2025-12-15 18:03:45] [INFO]     Title (new name): First Two 591ml Drinks Free
[2025-12-15 18:03:45] [INFO]     Min: 2, Max: 0, Free: 2, Order: None
[2025-12-15 18:03:45] [INFO]     Found alternative drinks modifier: Drinks + Aquafina with Prices
[2025-12-15 18:03:45] [INFO]     Updated modifier_group 40837: name='First Two 591ml Drinks Free', order=None
[2025-12-15 18:03:45] [INFO]   Completed: 10 drinks sections, 10 modifier groups updated
[2025-12-15 18:03:45] [INFO] ============================================================
[2025-12-15 18:03:45] [INFO] [92/132] Processing: Milano (V3: 751, V1: 989)
[2025-12-15 18:03:45] [INFO] ============================================================
[2025-12-15 18:03:45] [INFO] Scraping combo drinks for: Milano (V3: 751, V1: 989)
[2025-12-15 18:03:50] [INFO] Found 17 combo dishes for V1 restaurant 989
[2025-12-15 18:03:51] [INFO]   Found drinks section for: Special 222 HIDE
[2025-12-15 18:03:51] [INFO]     Modifier group (radio): Drinks 591ml with prices
[2025-12-15 18:03:51] [INFO]     Title (new name): First Two 591ml Drinks Free
[2025-12-15 18:03:51] [INFO]     Min: 2, Max: 0, Free: 2, Order: None
[2025-12-15 18:03:51] [INFO]     Updated modifier_group 40838: name='First Two 591ml Drinks Free', order=None
[2025-12-15 18:03:53] [INFO]   Found drinks section for: February Special HIDE
[2025-12-15 18:03:53] [INFO]     Modifier group (radio): Drinks 591ml with prices
[2025-12-15 18:03:53] [INFO]     Title (new name): First Two 591ml Drinks Free
[2025-12-15 18:03:53] [INFO]     Min: 2, Max: 0, Free: 2, Order: None
[2025-12-15 18:03:53] [INFO]     Updated modifier_group 40839: name='First Two 591ml Drinks Free', order=None
[2025-12-15 18:03:54] [INFO]   Found drinks section for: The Perfect Combo Deal with PopCurds
[2025-12-15 18:03:54] [INFO]     Modifier group (radio): Drinks 591ml with prices
[2025-12-15 18:03:54] [INFO]     Title (new name): First Two 591ml Drinks Free
[2025-12-15 18:03:54] [INFO]     Min: 2, Max: 0, Free: 2, Order: None
[2025-12-15 18:03:55] [INFO]     Updated modifier_group 40840: name='First Two 591ml Drinks Free', order=None
[2025-12-15 18:03:56] [INFO]   Found drinks section for: Family Special with Large Fries and 2L Drink HIDE
[2025-12-15 18:03:56] [INFO]     Modifier group (radio): Drinks 591ml with prices
[2025-12-15 18:03:56] [INFO]     Title (new name): 2L Pop
[2025-12-15 18:03:56] [INFO]     Min: 1, Max: 1, Free: 0, Order: None
[2025-12-15 18:03:56] [INFO]     Updated modifier_group 40841: name='2L Pop', order=None
[2025-12-15 18:03:58] [INFO]   Found drinks section for: 2 Pizza Deal 1 Topping
[2025-12-15 18:03:58] [INFO]     Modifier group (radio): Drinks 591ml with prices
[2025-12-15 18:03:58] [INFO]     Title (new name): First Two 591ml Drinks Free
[2025-12-15 18:03:58] [INFO]     Min: 2, Max: 0, Free: 2, Order: None
[2025-12-15 18:03:58] [INFO]     Updated modifier_group 40842: name='First Two 591ml Drinks Free', order=None
[2025-12-15 18:03:59] [INFO]   Found drinks section for: 2 Pizza Deal 2 Toppings
[2025-12-15 18:03:59] [INFO]     Modifier group (radio): Drinks 591ml with prices
[2025-12-15 18:03:59] [INFO]     Title (new name): First Two 591ml Drinks Free
[2025-12-15 18:03:59] [INFO]     Min: 2, Max: 0, Free: 2, Order: None
[2025-12-15 18:04:00] [INFO]     Updated modifier_group 40843: name='First Two 591ml Drinks Free', order=None
[2025-12-15 18:04:01] [INFO]   Found drinks section for: 2 Pizza Deal 3 Toppings
[2025-12-15 18:04:01] [INFO]     Modifier group (radio): Drinks 591ml with prices
[2025-12-15 18:04:01] [INFO]     Title (new name): First Two 591ml Drinks Free
[2025-12-15 18:04:01] [INFO]     Min: 2, Max: 0, Free: 2, Order: None
[2025-12-15 18:04:01] [INFO]     Updated modifier_group 40844: name='First Two 591ml Drinks Free', order=None
[2025-12-15 18:04:03] [INFO]   Found drinks section for: Pizza and Poutine Special
[2025-12-15 18:04:03] [INFO]     Modifier group (radio): Drinks 591ml with prices
[2025-12-15 18:04:03] [INFO]     Title (new name): First Two 591ml Drinks Free
[2025-12-15 18:04:03] [INFO]     Min: 2, Max: 0, Free: 2, Order: None
[2025-12-15 18:04:04] [INFO]     Updated modifier_group 40845: name='First Two 591ml Drinks Free', order=None
[2025-12-15 18:04:05] [INFO]   Found drinks section for: The Perfect Combo Deal with PopCurds
[2025-12-15 18:04:05] [INFO]     Modifier group (radio): Drinks 591ml with prices
[2025-12-15 18:04:05] [INFO]     Title (new name): First Two 591ml Drinks Free
[2025-12-15 18:04:05] [INFO]     Min: 2, Max: 0, Free: 2, Order: None
[2025-12-15 18:04:05] [INFO]     Found alternative drinks modifier: First Two 591ml Drinks Free
[2025-12-15 18:04:05] [INFO]     Updated modifier_group 20386: name='First Two 591ml Drinks Free', order=None
[2025-12-15 18:04:07] [INFO]   Found drinks section for: Medium Pizza & Wings Deal
[2025-12-15 18:04:07] [INFO]     Modifier group (radio): Drinks 591ml with prices
[2025-12-15 18:04:07] [INFO]     Title (new name): First Two 591ml Drinks Free
[2025-12-15 18:04:07] [INFO]     Min: 2, Max: 0, Free: 2, Order: None
[2025-12-15 18:04:07] [INFO]     Updated modifier_group 40846: name='First Two 591ml Drinks Free', order=None
[2025-12-15 18:04:08] [INFO]   Found drinks section for: Large Pizza & Wings Deal
[2025-12-15 18:04:08] [INFO]     Modifier group (radio): Drinks 591ml with prices
[2025-12-15 18:04:08] [INFO]     Title (new name): First Two 591ml Drinks Free
[2025-12-15 18:04:08] [INFO]     Min: 2, Max: 0, Free: 2, Order: None
[2025-12-15 18:04:09] [INFO]     Updated modifier_group 40847: name='First Two 591ml Drinks Free', order=None
[2025-12-15 18:04:10] [INFO]   Found drinks section for: Small Pizza & Poutine HIDE
[2025-12-15 18:04:10] [INFO]     Modifier group (radio): Drinks 591ml with prices
[2025-12-15 18:04:10] [INFO]     Title (new name): First 591ml Drink Free
[2025-12-15 18:04:10] [INFO]     Min: 1, Max: 0, Free: 1, Order: None
[2025-12-15 18:04:10] [INFO]     Found alternative drinks modifier: First 591ml Drink Free
[2025-12-15 18:04:11] [INFO]     Updated modifier_group 20392: name='First 591ml Drink Free', order=None
[2025-12-15 18:04:12] [INFO]   Found drinks section for: VEGAN Pizza and Poutine Special (V) HIDE
[2025-12-15 18:04:12] [INFO]     Modifier group (radio): Drinks 591ml with prices
[2025-12-15 18:04:12] [INFO]     Title (new name): First Two 591ml Drinks Free
[2025-12-15 18:04:12] [INFO]     Min: 2, Max: 0, Free: 2, Order: None
[2025-12-15 18:04:12] [INFO]     Updated modifier_group 40848: name='First Two 591ml Drinks Free', order=None
[2025-12-15 18:04:14] [INFO]   Found drinks section for: VEGAN 3 Toppings Pizza (V) HIDE
[2025-12-15 18:04:14] [INFO]     Modifier group (radio): Drinks 591ml with prices
[2025-12-15 18:04:14] [INFO]     Title (new name): First 591ml Drink Free
[2025-12-15 18:04:14] [INFO]     Min: 1, Max: 0, Free: 1, Order: None
[2025-12-15 18:04:14] [INFO]     Updated modifier_group 40849: name='First 591ml Drink Free', order=None
[2025-12-15 18:04:15] [INFO]   Found drinks section for: VEGAN 2 Pizza Deal 1 Topping & Two 591ml Drinks (V)
[2025-12-15 18:04:15] [INFO]     Modifier group (radio): Drinks 591ml with prices
[2025-12-15 18:04:15] [INFO]     Title (new name): First Two 591ml Drinks Free
[2025-12-15 18:04:15] [INFO]     Min: 2, Max: 0, Free: 2, Order: None
[2025-12-15 18:04:16] [INFO]     Updated modifier_group 40850: name='First Two 591ml Drinks Free', order=None
[2025-12-15 18:04:17] [INFO]   Found drinks section for: VEGAN 2 Pizza Deal 2 Toppings & Two 591ml Drinks (V)
[2025-12-15 18:04:17] [INFO]     Modifier group (radio): Drinks 591ml with prices
[2025-12-15 18:04:17] [INFO]     Title (new name): First Two 591ml Drinks Free
[2025-12-15 18:04:17] [INFO]     Min: 2, Max: 0, Free: 2, Order: None
[2025-12-15 18:04:17] [INFO]     Updated modifier_group 40851: name='First Two 591ml Drinks Free', order=None
[2025-12-15 18:04:19] [INFO]   Found drinks section for: VEGAN 2 Pizza Deal 3 Toppings & Two 591ml Drinks (V)
[2025-12-15 18:04:19] [INFO]     Modifier group (radio): Drinks 591ml with prices
[2025-12-15 18:04:19] [INFO]     Title (new name): First Two 591ml Drinks Free
[2025-12-15 18:04:19] [INFO]     Min: 2, Max: 0, Free: 2, Order: None
[2025-12-15 18:04:19] [INFO]     Updated modifier_group 40852: name='First Two 591ml Drinks Free', order=None
[2025-12-15 18:04:19] [INFO]   Completed: 17 drinks sections, 17 modifier groups updated
[2025-12-15 18:04:19] [INFO] ============================================================
[2025-12-15 18:04:19] [INFO] [93/132] Processing: Little Gyros Greek Grill (V3: 756, V1: 998)
[2025-12-15 18:04:19] [INFO] ============================================================
[2025-12-15 18:04:19] [INFO] Scraping combo drinks for: Little Gyros Greek Grill (V3: 756, V1: 998)
[2025-12-15 18:04:23] [INFO] Found 2 combo dishes for V1 restaurant 998
[2025-12-15 18:04:25] [INFO]   Found drinks section for: Pita Combo for 2
[2025-12-15 18:04:25] [INFO]     Modifier group (radio): Drinks Can
[2025-12-15 18:04:25] [INFO]     Title (new name): 2 Cans of Pop
[2025-12-15 18:04:25] [INFO]     Min: 2, Max: 2, Free: 0, Order: None
[2025-12-15 18:04:25] [INFO]     Updated modifier_group 40853: name='2 Cans of Pop', order=None
[2025-12-15 18:04:26] [INFO]   Found drinks section for: Pita Combo for 4
[2025-12-15 18:04:26] [INFO]     Modifier group (radio): Drinks Can
[2025-12-15 18:04:26] [INFO]     Title (new name): 4 Cans of Pop
[2025-12-15 18:04:26] [INFO]     Min: 4, Max: 4, Free: 0, Order: None
[2025-12-15 18:04:27] [INFO]     Updated modifier_group 40854: name='4 Cans of Pop', order=None
[2025-12-15 18:04:27] [INFO]   Completed: 2 drinks sections, 2 modifier groups updated
[2025-12-15 18:04:27] [INFO] ============================================================
[2025-12-15 18:04:27] [INFO] [94/132] Processing: Colonnade Pizza (V3: 783, V1: 1025)
[2025-12-15 18:04:27] [INFO] ============================================================
[2025-12-15 18:04:27] [INFO] Scraping combo drinks for: Colonnade Pizza (V3: 783, V1: 1025)
[2025-12-15 18:04:31] [INFO] Found 1 combo dishes for V1 restaurant 1025
[2025-12-15 18:04:32] [INFO]   Completed: 0 drinks sections, 0 modifier groups updated
[2025-12-15 18:04:32] [INFO] ============================================================
[2025-12-15 18:04:32] [INFO] [95/132] Processing: Colonnade Pizza (V3: 784, V1: 1027)
[2025-12-15 18:04:32] [INFO] ============================================================
[2025-12-15 18:04:32] [INFO] Scraping combo drinks for: Colonnade Pizza (V3: 784, V1: 1027)
[2025-12-15 18:04:37] [INFO] Found 1 combo dishes for V1 restaurant 1027
[2025-12-15 18:04:38] [INFO]   Completed: 0 drinks sections, 0 modifier groups updated
[2025-12-15 18:04:38] [INFO] ============================================================
[2025-12-15 18:04:38] [INFO] [96/132] Processing: Colonnade Pizza (V3: 785, V1: 1028)
[2025-12-15 18:04:38] [INFO] ============================================================
[2025-12-15 18:04:38] [INFO] Scraping combo drinks for: Colonnade Pizza (V3: 785, V1: 1028)
[2025-12-15 18:04:43] [INFO] Found 1 combo dishes for V1 restaurant 1028
[2025-12-15 18:04:44] [INFO]   Completed: 0 drinks sections, 0 modifier groups updated
[2025-12-15 18:04:44] [INFO] ============================================================
[2025-12-15 18:04:44] [INFO] [97/132] Processing: Poutinerie Quebecurds Hull (V3: 789, V1: 1032)
[2025-12-15 18:04:44] [INFO] ============================================================
[2025-12-15 18:04:44] [INFO] Scraping combo drinks for: Poutinerie Quebecurds Hull (V3: 789, V1: 1032)
[2025-12-15 18:04:49] [INFO] Found 18 combo dishes for V1 restaurant 1032
[2025-12-15 18:04:50] [INFO]   Found drinks section for: 2 Small Poutines with Drinks
[2025-12-15 18:04:50] [INFO]     Modifier group (radio): Drinks
[2025-12-15 18:04:50] [INFO]     Title (new name): First two 591ml Drinks Free
[2025-12-15 18:04:50] [INFO]     Min: 2, Max: 0, Free: 2, Order: None
[2025-12-15 18:04:50] [INFO]     Updated modifier_group 40855: name='First two 591ml Drinks Free', order=None
[2025-12-15 18:04:52] [INFO]   Found drinks section for: Special SOLO with Donuts
[2025-12-15 18:04:52] [INFO]     Modifier group (radio): Drinks
[2025-12-15 18:04:52] [INFO]     Title (new name): First 591ml Drink Free
[2025-12-15 18:04:52] [INFO]     Min: 1, Max: 0, Free: 1, Order: None
[2025-12-15 18:04:52] [INFO]     Updated modifier_group 40856: name='First 591ml Drink Free', order=None
[2025-12-15 18:04:53] [INFO]   Found drinks section for: Special SOLO with Churros
[2025-12-15 18:04:53] [INFO]     Modifier group (radio): Drinks
[2025-12-15 18:04:53] [INFO]     Title (new name): First 591ml Drink Free
[2025-12-15 18:04:53] [INFO]     Min: 1, Max: 0, Free: 1, Order: None
[2025-12-15 18:04:54] [INFO]     Updated modifier_group 40857: name='First 591ml Drink Free', order=None
[2025-12-15 18:05:15] [INFO]   Completed: 3 drinks sections, 3 modifier groups updated
[2025-12-15 18:05:15] [INFO] ============================================================
[2025-12-15 18:05:15] [INFO] [98/132] Processing: Nachos Loco Hull (V3: 790, V1: 1033)
[2025-12-15 18:05:15] [INFO] ============================================================
[2025-12-15 18:05:15] [INFO] Scraping combo drinks for: Nachos Loco Hull (V3: 790, V1: 1033)
[2025-12-15 18:05:19] [INFO] Found 3 combo dishes for V1 restaurant 1033
[2025-12-15 18:05:21] [INFO]   Found drinks section for: Small Nachos with Donuts and Drink
[2025-12-15 18:05:21] [INFO]     Modifier group (radio): Drinks
[2025-12-15 18:05:21] [INFO]     Title (new name): First two 591ml Drinks Free
[2025-12-15 18:05:21] [INFO]     Min: 2, Max: 0, Free: 2, Order: None
[2025-12-15 18:05:21] [INFO]     Updated modifier_group 40858: name='First two 591ml Drinks Free', order=None
[2025-12-15 18:05:22] [INFO]   Found drinks section for: Small Nachos with Churros and Drinks
[2025-12-15 18:05:22] [INFO]     Modifier group (radio): Drinks
[2025-12-15 18:05:22] [INFO]     Title (new name): First two 591ml Drinks Free
[2025-12-15 18:05:22] [INFO]     Min: 2, Max: 0, Free: 2, Order: None
[2025-12-15 18:05:23] [INFO]     Updated modifier_group 40859: name='First two 591ml Drinks Free', order=None
[2025-12-15 18:05:24] [INFO]   Found drinks section for: Two Small Nachos with Drinks
[2025-12-15 18:05:24] [INFO]     Modifier group (radio): Drinks
[2025-12-15 18:05:24] [INFO]     Title (new name): First two 591ml Drinks Free
[2025-12-15 18:05:24] [INFO]     Min: 2, Max: 0, Free: 2, Order: None
[2025-12-15 18:05:24] [INFO]     Updated modifier_group 40860: name='First two 591ml Drinks Free', order=None
[2025-12-15 18:05:24] [INFO]   Completed: 3 drinks sections, 3 modifier groups updated
[2025-12-15 18:05:24] [INFO] ============================================================
[2025-12-15 18:05:24] [INFO] [99/132] Processing: Dumpling Bowl (V3: 792, V1: 1035)
[2025-12-15 18:05:24] [INFO] ============================================================
[2025-12-15 18:05:24] [INFO] Scraping combo drinks for: Dumpling Bowl (V3: 792, V1: 1035)
[2025-12-15 18:05:28] [INFO] Found 0 combo dishes for V1 restaurant 1035
[2025-12-15 18:05:28] [INFO]   No combo dishes found
[2025-12-15 18:05:28] [INFO] ============================================================
[2025-12-15 18:05:28] [INFO] [100/132] Processing: Papa Pizza Chem. de Masson (V3: 795, V1: 1039)
[2025-12-15 18:05:28] [INFO] ============================================================
[2025-12-15 18:05:28] [INFO] Scraping combo drinks for: Papa Pizza Chem. de Masson (V3: 795, V1: 1039)
[2025-12-15 18:05:33] [INFO] Found 0 combo dishes for V1 restaurant 1039
[2025-12-15 18:05:33] [INFO]   No combo dishes found
[2025-12-15 18:05:33] [INFO] ============================================================
[2025-12-15 18:05:33] [INFO] [101/132] Processing: Papa Burger (V3: 797, V1: 1041)
[2025-12-15 18:05:33] [INFO] ============================================================
[2025-12-15 18:05:33] [INFO] Scraping combo drinks for: Papa Burger (V3: 797, V1: 1041)
[2025-12-15 18:05:37] [INFO] Found 0 combo dishes for V1 restaurant 1041
[2025-12-15 18:05:37] [INFO]   No combo dishes found
[2025-12-15 18:05:37] [INFO] ============================================================
[2025-12-15 18:05:37] [INFO] [102/132] Processing: Kabylie Pizza (V3: 798, V1: 1042)
[2025-12-15 18:05:37] [INFO] ============================================================
[2025-12-15 18:05:37] [INFO] Scraping combo drinks for: Kabylie Pizza (V3: 798, V1: 1042)
[2025-12-15 18:05:42] [INFO] Found 0 combo dishes for V1 restaurant 1042
[2025-12-15 18:05:42] [INFO]   No combo dishes found
[2025-12-15 18:05:42] [INFO] ============================================================
[2025-12-15 18:05:42] [INFO] [103/132] Processing: Nachos Loco Gatineau (V3: 801, V1: 1045)
[2025-12-15 18:05:42] [INFO] ============================================================
[2025-12-15 18:05:42] [INFO] Scraping combo drinks for: Nachos Loco Gatineau (V3: 801, V1: 1045)
[2025-12-15 18:05:46] [INFO] Found 3 combo dishes for V1 restaurant 1045
[2025-12-15 18:05:47] [INFO]   Found drinks section for: Small Nachos with Donuts and Drink
[2025-12-15 18:05:47] [INFO]     Modifier group (radio): Drinks
[2025-12-15 18:05:47] [INFO]     Title (new name): First two 591ml Drinks Free
[2025-12-15 18:05:47] [INFO]     Min: 2, Max: 0, Free: 2, Order: None
[2025-12-15 18:05:48] [INFO]     Updated modifier_group 40861: name='First two 591ml Drinks Free', order=None
[2025-12-15 18:05:49] [INFO]   Found drinks section for: Small Nachos with Churros and Drinks
[2025-12-15 18:05:49] [INFO]     Modifier group (radio): Drinks
[2025-12-15 18:05:49] [INFO]     Title (new name): First two 591ml Drinks Free
[2025-12-15 18:05:49] [INFO]     Min: 2, Max: 0, Free: 2, Order: None
[2025-12-15 18:05:49] [INFO]     Updated modifier_group 40862: name='First two 591ml Drinks Free', order=None
[2025-12-15 18:05:51] [INFO]   Found drinks section for: Two Small Nachos with Drinks
[2025-12-15 18:05:51] [INFO]     Modifier group (radio): Drinks
[2025-12-15 18:05:51] [INFO]     Title (new name): First two 591ml Drinks Free
[2025-12-15 18:05:51] [INFO]     Min: 2, Max: 0, Free: 2, Order: None
[2025-12-15 18:05:51] [INFO]     Updated modifier_group 40863: name='First two 591ml Drinks Free', order=None
[2025-12-15 18:05:51] [INFO]   Completed: 3 drinks sections, 3 modifier groups updated
[2025-12-15 18:05:51] [INFO] ============================================================
[2025-12-15 18:05:51] [INFO] [104/132] Processing: Crispy's Bank Street (V3: 806, V1: 1050)
[2025-12-15 18:05:51] [INFO] ============================================================
[2025-12-15 18:05:51] [INFO] Scraping combo drinks for: Crispy's Bank Street (V3: 806, V1: 1050)
[2025-12-15 18:05:55] [INFO] Found 0 combo dishes for V1 restaurant 1050
[2025-12-15 18:05:55] [INFO]   No combo dishes found
[2025-12-15 18:05:55] [INFO] ============================================================
[2025-12-15 18:05:55] [INFO] [105/132] Processing: Oh My Grill (V3: 807, V1: 1051)
[2025-12-15 18:05:55] [INFO] ============================================================
[2025-12-15 18:05:55] [INFO] Scraping combo drinks for: Oh My Grill (V3: 807, V1: 1051)
[2025-12-15 18:06:00] [INFO] Found 0 combo dishes for V1 restaurant 1051
[2025-12-15 18:06:00] [INFO]   No combo dishes found
[2025-12-15 18:06:00] [INFO] ============================================================
[2025-12-15 18:06:00] [INFO] [106/132] Processing: Papa Grecque Cantley (V3: 810, V1: 1054)
[2025-12-15 18:06:00] [INFO] ============================================================
[2025-12-15 18:06:00] [INFO] Scraping combo drinks for: Papa Grecque Cantley (V3: 810, V1: 1054)
[2025-12-15 18:06:04] [INFO] Found 0 combo dishes for V1 restaurant 1054
[2025-12-15 18:06:04] [INFO]   No combo dishes found
[2025-12-15 18:06:04] [INFO] ============================================================
[2025-12-15 18:06:04] [INFO] [107/132] Processing: Golden Center Pizza (V3: 815, V1: 1059)
[2025-12-15 18:06:04] [INFO] ============================================================
[2025-12-15 18:06:04] [INFO] Scraping combo drinks for: Golden Center Pizza (V3: 815, V1: 1059)
[2025-12-15 18:06:08] [INFO] Found 4 combo dishes for V1 restaurant 1059
[2025-12-15 18:06:10] [INFO]   Found drinks section for: Large Pizza & Wings
[2025-12-15 18:06:10] [INFO]     Modifier group (radio): Drinks
[2025-12-15 18:06:10] [INFO]     Title (new name): 4 Pops
[2025-12-15 18:06:10] [INFO]     Min: 4, Max: 4, Free: 0, Order: None
[2025-12-15 18:06:10] [INFO]     Updated modifier_group 40864: name='4 Pops', order=None
[2025-12-15 18:06:12] [INFO]   Found drinks section for: Medium Pizza & Wings
[2025-12-15 18:06:12] [INFO]     Modifier group (radio): Drinks
[2025-12-15 18:06:12] [INFO]     Title (new name): 2 Pops
[2025-12-15 18:06:12] [INFO]     Min: 2, Max: 2, Free: 0, Order: None
[2025-12-15 18:06:12] [INFO]     Updated modifier_group 40865: name='2 Pops', order=None
[2025-12-15 18:06:15] [INFO]   Completed: 2 drinks sections, 2 modifier groups updated
[2025-12-15 18:06:15] [INFO] ============================================================
[2025-12-15 18:06:15] [INFO] [108/132] Processing: Depanneur Genereux (V3: 816, V1: 1060)
[2025-12-15 18:06:15] [INFO] ============================================================
[2025-12-15 18:06:15] [INFO] Scraping combo drinks for: Depanneur Genereux (V3: 816, V1: 1060)
[2025-12-15 18:06:19] [INFO] Found 0 combo dishes for V1 restaurant 1060
[2025-12-15 18:06:19] [INFO]   No combo dishes found
[2025-12-15 18:06:19] [INFO] ============================================================
[2025-12-15 18:06:19] [INFO] [109/132] Processing: Milano (V3: 818, V1: 1062)
[2025-12-15 18:06:19] [INFO] ============================================================
[2025-12-15 18:06:19] [INFO] Scraping combo drinks for: Milano (V3: 818, V1: 1062)
[2025-12-15 18:06:23] [INFO] Found 6 combo dishes for V1 restaurant 1062
[2025-12-15 18:06:25] [INFO]   Found drinks section for: Perfect Combo Deal 1 lb wings 1/2lb PopCurds
[2025-12-15 18:06:25] [INFO]     Modifier group (radio): Drinks 591ml + Aquafina
[2025-12-15 18:06:25] [INFO]     Title (new name): Choose 2 Drinks (591ml)
[2025-12-15 18:06:25] [INFO]     Min: 2, Max: 2, Free: 0, Order: None
[2025-12-15 18:06:25] [INFO]     Updated modifier_group 40866: name='Choose 2 Drinks (591ml)', order=None
[2025-12-15 18:06:26] [INFO]   Found drinks section for: Large Pizza & Wings Combo
[2025-12-15 18:06:26] [INFO]     Modifier group (radio): Drinks 591ml + Aquafina
[2025-12-15 18:06:26] [INFO]     Title (new name): Choose 2 Drinks (591ml)
[2025-12-15 18:06:26] [INFO]     Min: 2, Max: 2, Free: 0, Order: None
[2025-12-15 18:06:27] [INFO]     Updated modifier_group 40867: name='Choose 2 Drinks (591ml)', order=None
[2025-12-15 18:06:28] [INFO]   Found drinks section for: Medium Pizza & Wings Combo
[2025-12-15 18:06:28] [INFO]     Modifier group (radio): Drinks 591ml + Aquafina
[2025-12-15 18:06:28] [INFO]     Title (new name): Choose 2 Drinks (591ml)
[2025-12-15 18:06:28] [INFO]     Min: 2, Max: 2, Free: 0, Order: None
[2025-12-15 18:06:28] [INFO]     Updated modifier_group 40868: name='Choose 2 Drinks (591ml)', order=None
[2025-12-15 18:06:32] [INFO]   Completed: 3 drinks sections, 3 modifier groups updated
[2025-12-15 18:06:32] [INFO] ============================================================
[2025-12-15 18:06:32] [INFO] [110/132] Processing: Milano (V3: 819, V1: 1063)
[2025-12-15 18:06:32] [INFO] ============================================================
[2025-12-15 18:06:32] [INFO] Scraping combo drinks for: Milano (V3: 819, V1: 1063)
[2025-12-15 18:06:37] [INFO] Found 11 combo dishes for V1 restaurant 1063
[2025-12-15 18:06:42] [INFO]   Found drinks section for: Twins 1 Topping
[2025-12-15 18:06:42] [INFO]     Modifier group (radio): Drinks with Prices + Aquafina
[2025-12-15 18:06:42] [INFO]     Title (new name): First 2 Drinks 591ml Free
[2025-12-15 18:06:42] [INFO]     Min: 2, Max: 0, Free: 2, Order: None
[2025-12-15 18:06:43] [INFO]     Updated modifier_group 40869: name='First 2 Drinks 591ml Free', order=None
[2025-12-15 18:06:44] [INFO]   Found drinks section for: Twins 2 Toppings
[2025-12-15 18:06:44] [INFO]     Modifier group (radio): Drinks with Prices + Aquafina
[2025-12-15 18:06:44] [INFO]     Title (new name): First 2 Drinks 591ml FreeDrinks
[2025-12-15 18:06:44] [INFO]     Min: 2, Max: 0, Free: 2, Order: None
[2025-12-15 18:06:44] [INFO]     Updated modifier_group 40870: name='First 2 Drinks 591ml FreeDrinks', order=None
[2025-12-15 18:06:46] [INFO]   Found drinks section for: Twins 3 Toppings
[2025-12-15 18:06:46] [INFO]     Modifier group (radio): Drinks with Prices + Aquafina
[2025-12-15 18:06:46] [INFO]     Title (new name): First 2 Drinks 591ml FreeDrinks
[2025-12-15 18:06:46] [INFO]     Min: 2, Max: 0, Free: 2, Order: None
[2025-12-15 18:06:46] [INFO]     Updated modifier_group 40871: name='First 2 Drinks 591ml FreeDrinks', order=None
[2025-12-15 18:06:47] [INFO]   Found drinks section for: Large Pizza Deal
[2025-12-15 18:06:47] [INFO]     Modifier group (radio): Drinks with Prices + Aquafina
[2025-12-15 18:06:47] [INFO]     Title (new name): First 2 Drinks 591ml FreeDrinks
[2025-12-15 18:06:47] [INFO]     Min: 2, Max: 0, Free: 2, Order: None
[2025-12-15 18:06:48] [INFO]     Updated modifier_group 40872: name='First 2 Drinks 591ml FreeDrinks', order=None
[2025-12-15 18:06:49] [INFO]   Found drinks section for: Medium Pizza Deal
[2025-12-15 18:06:49] [INFO]     Modifier group (radio): Drinks with Prices + Aquafina
[2025-12-15 18:06:49] [INFO]     Title (new name): First 2 Drinks 591ml FreeDrinks
[2025-12-15 18:06:49] [INFO]     Min: 2, Max: 0, Free: 2, Order: None
[2025-12-15 18:06:49] [INFO]     Updated modifier_group 40873: name='First 2 Drinks 591ml FreeDrinks', order=None
[2025-12-15 18:06:51] [INFO]   Found drinks section for: The Perfect Combo Deal with PopCurds
[2025-12-15 18:06:51] [INFO]     Modifier group (radio): Drinks with Prices + Aquafina
[2025-12-15 18:06:51] [INFO]     Title (new name): First 2 Drinks 591ml FreeDrinks
[2025-12-15 18:06:51] [INFO]     Min: 2, Max: 0, Free: 2, Order: None
[2025-12-15 18:06:51] [INFO]     Updated modifier_group 40874: name='First 2 Drinks 591ml FreeDrinks', order=None
[2025-12-15 18:06:54] [INFO]   Completed: 6 drinks sections, 6 modifier groups updated
[2025-12-15 18:06:54] [INFO] ============================================================
[2025-12-15 18:06:54] [INFO] [111/132] Processing: Vieux Hull Pizza (V3: 820, V1: 1064)
[2025-12-15 18:06:54] [INFO] ============================================================
[2025-12-15 18:06:54] [INFO] Scraping combo drinks for: Vieux Hull Pizza (V3: 820, V1: 1064)
[2025-12-15 18:06:59] [INFO] Found 0 combo dishes for V1 restaurant 1064
[2025-12-15 18:06:59] [INFO]   No combo dishes found
[2025-12-15 18:06:59] [INFO] ============================================================
[2025-12-15 18:06:59] [INFO] [112/132] Processing: Milano (V3: 821, V1: 1065)
[2025-12-15 18:06:59] [INFO] ============================================================
[2025-12-15 18:06:59] [INFO] Scraping combo drinks for: Milano (V3: 821, V1: 1065)
[2025-12-15 18:07:03] [INFO] Found 5 combo dishes for V1 restaurant 1065
[2025-12-15 18:07:04] [INFO]   Found drinks section for: Special No1: 1 medium pizza 3 toppings, 1Lb wings, 1 garlic dip, 2 cans of pop
[2025-12-15 18:07:04] [INFO]     Modifier group (radio): Drinks Cans
[2025-12-15 18:07:04] [INFO]     Title (new name): Choose 2 Cans
[2025-12-15 18:07:04] [INFO]     Min: 2, Max: 2, Free: 0, Order: None
[2025-12-15 18:07:05] [INFO]     Updated modifier_group 40875: name='Choose 2 Cans', order=None
[2025-12-15 18:07:06] [INFO]   Found drinks section for: Special No2: 1 large pizza 3 toppings, 1 1/2 Lb wings, 2 garlic dips, 3 cans of pop
[2025-12-15 18:07:06] [INFO]     Modifier group (radio): Drinks Cans
[2025-12-15 18:07:06] [INFO]     Title (new name): Choose 3 Cans
[2025-12-15 18:07:06] [INFO]     Min: 3, Max: 3, Free: 0, Order: None
[2025-12-15 18:07:06] [INFO]     Updated modifier_group 40876: name='Choose 3 Cans', order=None
[2025-12-15 18:07:08] [INFO]   Found drinks section for: Special No3: 1 x-large 3 toppings pizza, 2Lbs wings, 3 garlic dips, 4 cans of pop
[2025-12-15 18:07:08] [INFO]     Modifier group (radio): Drinks Cans
[2025-12-15 18:07:08] [INFO]     Title (new name): Choose 4 Cans
[2025-12-15 18:07:08] [INFO]     Min: 4, Max: 4, Free: 0, Order: None
[2025-12-15 18:07:08] [INFO]     Updated modifier_group 40877: name='Choose 4 Cans', order=None
[2025-12-15 18:07:09] [INFO]   Found drinks section for: Party Pack: 1 x-large 3 toppings pizza, 3Lbs wings, 3 garlic dips, 1 large french fries, garlic cheese bread, 6 cans of pop
[2025-12-15 18:07:09] [INFO]     Modifier group (radio): Drinks Cans
[2025-12-15 18:07:09] [INFO]     Title (new name): Choose 6 Cans
[2025-12-15 18:07:09] [INFO]     Min: 6, Max: 6, Free: 0, Order: None
[2025-12-15 18:07:10] [INFO]     Updated modifier_group 40878: name='Choose 6 Cans', order=None
[2025-12-15 18:07:11] [INFO]   Completed: 4 drinks sections, 4 modifier groups updated
[2025-12-15 18:07:11] [INFO] ============================================================
[2025-12-15 18:07:11] [INFO] [113/132] Processing: Papa Burger Maloney (V3: 822, V1: 1066)
[2025-12-15 18:07:11] [INFO] ============================================================
[2025-12-15 18:07:11] [INFO] Scraping combo drinks for: Papa Burger Maloney (V3: 822, V1: 1066)
[2025-12-15 18:07:16] [INFO] Found 0 combo dishes for V1 restaurant 1066
[2025-12-15 18:07:16] [INFO]   No combo dishes found
[2025-12-15 18:07:16] [INFO] ============================================================
[2025-12-15 18:07:16] [INFO] [114/132] Processing: Prima Pizza (V3: 824, V1: 1069)
[2025-12-15 18:07:16] [INFO] ============================================================
[2025-12-15 18:07:16] [INFO] Scraping combo drinks for: Prima Pizza (V3: 824, V1: 1069)
[2025-12-15 18:07:20] [INFO] Found 7 combo dishes for V1 restaurant 1069
[2025-12-15 18:07:24] [INFO]   Found drinks section for: Tiny Bites
[2025-12-15 18:07:24] [INFO]     Modifier group (radio): Chicken Fingers COMBO Drinks
[2025-12-15 18:07:24] [INFO]     Title (new name): 2 Bottled Drinks
[2025-12-15 18:07:24] [INFO]     Min: 2, Max: 2, Free: 0, Order: None
[2025-12-15 18:07:24] [INFO]     Updated modifier_group 40879: name='2 Bottled Drinks', order=None
[2025-12-15 18:07:26] [INFO]   Found drinks section for: Pizza and Wing Combo Deal
[2025-12-15 18:07:26] [INFO]     Modifier group (radio): Chicken Fingers COMBO Drinks
[2025-12-15 18:07:26] [INFO]     Title (new name): 2 Bottled Drinks
[2025-12-15 18:07:26] [INFO]     Min: 2, Max: 2, Free: 0, Order: None
[2025-12-15 18:07:26] [INFO]     Updated modifier_group 40880: name='2 Bottled Drinks', order=None
[2025-12-15 18:07:30] [INFO]   Completed: 2 drinks sections, 2 modifier groups updated
[2025-12-15 18:07:30] [INFO] ============================================================
[2025-12-15 18:07:30] [INFO] [115/132] Processing: La Nawab V2 (V3: 825, V1: 1070)
[2025-12-15 18:07:30] [INFO] ============================================================
[2025-12-15 18:07:30] [INFO] Scraping combo drinks for: La Nawab V2 (V3: 825, V1: 1070)
[2025-12-15 18:07:34] [INFO] Found 0 combo dishes for V1 restaurant 1070
[2025-12-15 18:07:34] [INFO]   No combo dishes found
[2025-12-15 18:07:34] [INFO] ============================================================
[2025-12-15 18:07:34] [INFO] [116/132] Processing: All Out Burger (V3: 833, V1: 1080)
[2025-12-15 18:07:34] [INFO] ============================================================
[2025-12-15 18:07:34] [INFO] Scraping combo drinks for: All Out Burger (V3: 833, V1: 1080)
[2025-12-15 18:07:39] [INFO] Found 1 combo dishes for V1 restaurant 1080
[2025-12-15 18:07:41] [INFO]   Completed: 0 drinks sections, 0 modifier groups updated
[2025-12-15 18:07:41] [INFO] ============================================================
[2025-12-15 18:07:41] [INFO] [117/132] Processing: Milano (V3: 835, V1: 1082)
[2025-12-15 18:07:41] [INFO] ============================================================
[2025-12-15 18:07:41] [INFO] Scraping combo drinks for: Milano (V3: 835, V1: 1082)
[2025-12-15 18:07:45] [INFO] Found 14 combo dishes for V1 restaurant 1082
[2025-12-15 18:07:59] [INFO]   Found drinks section for: 2 Pizza Deal 1 Topping & Two 591ml Drinks HIDE
[2025-12-15 18:07:59] [INFO]     Modifier group (radio): Drinks 591 ml
[2025-12-15 18:07:59] [INFO]     Title (new name): Two 591ml Drinks
[2025-12-15 18:07:59] [INFO]     Min: 2, Max: 2, Free: 0, Order: None
[2025-12-15 18:07:59] [INFO]     Updated modifier_group 40881: name='Two 591ml Drinks', order=None
[2025-12-15 18:08:00] [INFO]   Found drinks section for: 2 Pizza Deal 2 Toppings & Two 591ml Drinks HIDE
[2025-12-15 18:08:00] [INFO]     Modifier group (radio): Drinks 591 ml
[2025-12-15 18:08:00] [INFO]     Title (new name): Two 591ml Drinks
[2025-12-15 18:08:00] [INFO]     Min: 2, Max: 2, Free: 0, Order: None
[2025-12-15 18:08:01] [INFO]     Updated modifier_group 40882: name='Two 591ml Drinks', order=None
[2025-12-15 18:08:02] [INFO]   Found drinks section for: 2 Pizza Deal 3 Toppings & Two 591ml Drinks HIDE
[2025-12-15 18:08:02] [INFO]     Modifier group (radio): Drinks 591 ml
[2025-12-15 18:08:02] [INFO]     Title (new name): Two 591ml Drinks
[2025-12-15 18:08:02] [INFO]     Min: 2, Max: 2, Free: 0, Order: None
[2025-12-15 18:08:02] [INFO]     Updated modifier_group 40883: name='Two 591ml Drinks', order=None
[2025-12-15 18:08:05] [INFO]   Completed: 3 drinks sections, 3 modifier groups updated
[2025-12-15 18:08:05] [INFO] ============================================================
[2025-12-15 18:08:05] [INFO] [118/132] Processing: Souvlaki Souvlaki (V3: 836, V1: 1083)
[2025-12-15 18:08:05] [INFO] ============================================================
[2025-12-15 18:08:05] [INFO] Scraping combo drinks for: Souvlaki Souvlaki (V3: 836, V1: 1083)
[2025-12-15 18:08:09] [INFO] Found 0 combo dishes for V1 restaurant 1083
[2025-12-15 18:08:09] [INFO]   No combo dishes found
[2025-12-15 18:08:09] [INFO] ============================================================
[2025-12-15 18:08:09] [INFO] [119/132] Processing: Milano (V3: 840, V1: 1087)
[2025-12-15 18:08:09] [INFO] ============================================================
[2025-12-15 18:08:09] [INFO] Scraping combo drinks for: Milano (V3: 840, V1: 1087)
[2025-12-15 18:08:14] [INFO] Found 6 combo dishes for V1 restaurant 1087
[2025-12-15 18:08:22] [INFO]   Completed: 0 drinks sections, 0 modifier groups updated
[2025-12-15 18:08:22] [INFO] ============================================================
[2025-12-15 18:08:22] [INFO] [120/132] Processing: Mykonos Greek Grill (V3: 845, V1: 1092)
[2025-12-15 18:08:22] [INFO] ============================================================
[2025-12-15 18:08:22] [INFO] Scraping combo drinks for: Mykonos Greek Grill (V3: 845, V1: 1092)
[2025-12-15 18:08:27] [INFO] Found 0 combo dishes for V1 restaurant 1092
[2025-12-15 18:08:27] [INFO]   No combo dishes found
[2025-12-15 18:08:27] [INFO] ============================================================
[2025-12-15 18:08:27] [INFO] [121/132] Processing: Mykonos Greek Grill (V3: 846, V1: 1093)
[2025-12-15 18:08:27] [INFO] ============================================================
[2025-12-15 18:08:27] [INFO] Scraping combo drinks for: Mykonos Greek Grill (V3: 846, V1: 1093)
[2025-12-15 18:08:31] [INFO] Found 0 combo dishes for V1 restaurant 1093
[2025-12-15 18:08:31] [INFO]   No combo dishes found
[2025-12-15 18:08:31] [INFO] ============================================================
[2025-12-15 18:08:31] [INFO] [122/132] Processing: Sushiyana (V3: 847, V1: 1094)
[2025-12-15 18:08:31] [INFO] ============================================================
[2025-12-15 18:08:31] [INFO] Scraping combo drinks for: Sushiyana (V3: 847, V1: 1094)
[2025-12-15 18:08:36] [INFO] Found 0 combo dishes for V1 restaurant 1094
[2025-12-15 18:08:36] [INFO]   No combo dishes found
[2025-12-15 18:08:36] [INFO] ============================================================
[2025-12-15 18:08:36] [INFO] [123/132] Processing: Ting's Kitchen (V3: 941, V1: 694)
[2025-12-15 18:08:36] [INFO] ============================================================
[2025-12-15 18:08:36] [INFO] Scraping combo drinks for: Ting's Kitchen (V3: 941, V1: 694)
[2025-12-15 18:08:40] [INFO] Found 0 combo dishes for V1 restaurant 694
[2025-12-15 18:08:40] [INFO]   No combo dishes found
[2025-12-15 18:08:40] [INFO] ============================================================
[2025-12-15 18:08:40] [INFO] [124/132] Processing: Charm Thai Cuisine (V3: 943, V1: 323)
[2025-12-15 18:08:40] [INFO] ============================================================
[2025-12-15 18:08:40] [INFO] Scraping combo drinks for: Charm Thai Cuisine (V3: 943, V1: 323)
[2025-12-15 18:08:44] [INFO] Found 0 combo dishes for V1 restaurant 323
[2025-12-15 18:08:44] [INFO]   No combo dishes found
[2025-12-15 18:08:44] [INFO] ============================================================
[2025-12-15 18:08:44] [INFO] [125/132] Processing: Econo Pizza (V3: 1009, V1: 1095)
[2025-12-15 18:08:44] [INFO] ============================================================
[2025-12-15 18:08:44] [INFO] Scraping combo drinks for: Econo Pizza (V3: 1009, V1: 1095)
[2025-12-15 18:08:48] [INFO] Found 5 combo dishes for V1 restaurant 1095
[2025-12-15 18:08:55] [INFO]   Completed: 0 drinks sections, 0 modifier groups updated
[2025-12-15 18:08:55] [INFO] ============================================================
[2025-12-15 18:08:55] [INFO] [126/132] Processing: Lemongrass Thai Cuisine (V3: 1010, V1: 219)
[2025-12-15 18:08:55] [INFO] ============================================================
[2025-12-15 18:08:55] [INFO] Scraping combo drinks for: Lemongrass Thai Cuisine (V3: 1010, V1: 219)
[2025-12-15 18:09:00] [INFO] Found 0 combo dishes for V1 restaurant 219
[2025-12-15 18:09:00] [INFO]   No combo dishes found
[2025-12-15 18:09:00] [INFO] ============================================================
[2025-12-15 18:09:00] [INFO] [127/132] Processing: Mozza Pizza Gatineau (V3: 1011, V1: 132)
[2025-12-15 18:09:00] [INFO] ============================================================
[2025-12-15 18:09:00] [INFO] Scraping combo drinks for: Mozza Pizza Gatineau (V3: 1011, V1: 132)
[2025-12-15 18:09:04] [INFO] Found 0 combo dishes for V1 restaurant 132
[2025-12-15 18:09:04] [INFO]   No combo dishes found
[2025-12-15 18:09:04] [INFO] ============================================================
[2025-12-15 18:09:04] [INFO] [128/132] Processing: Papa Pizza Des Flandres (V3: 1012, V1: 231)
[2025-12-15 18:09:04] [INFO] ============================================================
[2025-12-15 18:09:04] [INFO] Scraping combo drinks for: Papa Pizza Des Flandres (V3: 1012, V1: 231)
[2025-12-15 18:09:08] [INFO] Found 0 combo dishes for V1 restaurant 231
[2025-12-15 18:09:08] [INFO]   No combo dishes found
[2025-12-15 18:09:08] [INFO] ============================================================
[2025-12-15 18:09:08] [INFO] [129/132] Processing: Papa Pizza Maloney (V3: 1013, V1: 346)
[2025-12-15 18:09:08] [INFO] ============================================================
[2025-12-15 18:09:08] [INFO] Scraping combo drinks for: Papa Pizza Maloney (V3: 1013, V1: 346)
[2025-12-15 18:09:13] [INFO] Found 0 combo dishes for V1 restaurant 346
[2025-12-15 18:09:13] [INFO]   No combo dishes found
[2025-12-15 18:09:13] [INFO] ============================================================
[2025-12-15 18:09:13] [INFO] [130/132] Processing: Papa Pizza Val-Des-Monts (V3: 1014, V1: 703)
[2025-12-15 18:09:13] [INFO] ============================================================
[2025-12-15 18:09:13] [INFO] Scraping combo drinks for: Papa Pizza Val-Des-Monts (V3: 1014, V1: 703)
[2025-12-15 18:09:17] [INFO] Found 0 combo dishes for V1 restaurant 703
[2025-12-15 18:09:17] [INFO]   No combo dishes found
[2025-12-15 18:09:17] [INFO] ============================================================
[2025-12-15 18:09:17] [INFO] [131/132] Processing: Roulas Grecque et Pizza (V3: 1016, V1: 173)
[2025-12-15 18:09:17] [INFO] ============================================================
[2025-12-15 18:09:17] [INFO] Scraping combo drinks for: Roulas Grecque et Pizza (V3: 1016, V1: 173)
[2025-12-15 18:09:21] [INFO] Found 0 combo dishes for V1 restaurant 173
[2025-12-15 18:09:21] [INFO]   No combo dishes found
[2025-12-15 18:09:21] [INFO] ============================================================
[2025-12-15 18:09:21] [INFO] [132/132] Processing: Sushi Express Chambly (V3: 1017, V1: 511)
[2025-12-15 18:09:21] [INFO] ============================================================
[2025-12-15 18:09:21] [INFO] Scraping combo drinks for: Sushi Express Chambly (V3: 1017, V1: 511)
[2025-12-15 18:09:25] [INFO] Found 0 combo dishes for V1 restaurant 511
[2025-12-15 18:09:25] [INFO]   No combo dishes found
[2025-12-15 18:09:25] [INFO] Stopping Combo Drinks Scraper...
[2025-12-15 18:09:26] [INFO] Database connection closed
[2025-12-15 18:09:26] [INFO] All connections closed
[2025-12-15 18:09:26] [INFO] Summary CSV written to: C:\Users\santi\Menu.ca\Legacy Database\Migration Strategy\Scrapers\Menu Scrapers\logs\combo_drinks_summary_20251215_180926.csv
[2025-12-15 18:09:26] [INFO] ============================================================
[2025-12-15 18:09:26] [INFO] SCRAPING COMPLETE
[2025-12-15 18:09:26] [INFO] ============================================================
[2025-12-15 18:09:26] [INFO] Restaurants processed: 132
[2025-12-15 18:09:26] [INFO]   - Success: 42
[2025-12-15 18:09:26] [INFO]   - Partial (with errors): 0
[2025-12-15 18:09:26] [INFO]   - No drinks sections: 90
[2025-12-15 18:09:26] [INFO]   - Errors: 0
[2025-12-15 18:09:26] [INFO] 
[2025-12-15 18:09:26] [INFO] Total combo dishes found: 634
[2025-12-15 18:09:26] [INFO] Total drinks sections found: 349
[2025-12-15 18:09:26] [INFO] Total modifier groups updated: 349
[2025-12-15 18:09:26] [INFO] Total errors: 0
