[2025-12-10 12:07:19] [INFO] Logging to: C:\Users\santi\Software Development Projects\Worklocal\Migration-Strategy\Scrapers\Menu Scrapers\logs\combo_phase2_20251210_120719.log
[2025-12-10 12:07:19] [INFO] Database connection established
[2025-12-10 12:07:19] [INFO] Found 162 restaurants with V1 IDs
[2025-12-10 12:07:19] [INFO] Database connection closed
[2025-12-10 12:07:19] [INFO] Starting Combo Scraper...
[2025-12-10 12:07:20] [INFO] Database connection established
[2025-12-10 12:07:20] [INFO] Browser and database connections established
[2025-12-10 12:07:20] [INFO] Logging in to https://menuadmin.menu.ca/...
[2025-12-10 12:07:22] [INFO] Found login form with name='username'
[2025-12-10 12:07:25] [INFO] Current URL after login: https://menuadmin.menu.ca/?p=restaurants
[2025-12-10 12:07:25] [INFO] Login successful - found restaurant list
[2025-12-10 12:07:25] [INFO] ============================================================
[2025-12-10 12:07:25] [INFO] Processing: Imilio's Pizzeria (V3: 7, V1: 89)
[2025-12-10 12:07:25] [INFO] ============================================================
[2025-12-10 12:07:25] [INFO] Navigating to menu: https://menuadmin.menu.ca/?p=restaurants&display=editRestaurant&restaurant=89&load=menu&showLang=en
[2025-12-10 12:07:30] [INFO] Found 7 combo dishes
[2025-12-10 12:07:30] [INFO] Processing combo dish: One Topping (combo_id=87728)
[2025-12-10 12:07:30] [INFO] Navigating to combo dish: https://menuadmin.menu.ca/?p=restaurants&display=editRestaurant&restaurant=89&load=editCombo&showLang=en&combo=87728
[2025-12-10 12:07:32] [INFO] Processing combo dish: Two Toppings (combo_id=87729)
[2025-12-10 12:07:32] [INFO] Navigating to combo dish: https://menuadmin.menu.ca/?p=restaurants&display=editRestaurant&restaurant=89&load=editCombo&showLang=en&combo=87729
[2025-12-10 12:07:34] [INFO] Processing combo dish: Three Toppings (combo_id=87730)
[2025-12-10 12:07:34] [INFO] Navigating to combo dish: https://menuadmin.menu.ca/?p=restaurants&display=editRestaurant&restaurant=89&load=editCombo&showLang=en&combo=87730
[2025-12-10 12:07:37] [INFO] Processing combo dish: Large Pizza Deal (combo_id=4005)
[2025-12-10 12:07:37] [INFO] Navigating to combo dish: https://menuadmin.menu.ca/?p=restaurants&display=editRestaurant&restaurant=89&load=editCombo&showLang=en&combo=4005
[2025-12-10 12:07:45] [INFO] Processing combo dish: Medium Pizza Deal (combo_id=4004)
[2025-12-10 12:07:45] [INFO] Navigating to combo dish: https://menuadmin.menu.ca/?p=restaurants&display=editRestaurant&restaurant=89&load=editCombo&showLang=en&combo=4004
[2025-12-10 12:07:53] [INFO] Processing combo dish: Family Pizza Deal (combo_id=4008)
[2025-12-10 12:07:53] [INFO] Navigating to combo dish: https://menuadmin.menu.ca/?p=restaurants&display=editRestaurant&restaurant=89&load=editCombo&showLang=en&combo=4008
[2025-12-10 12:07:59] [INFO] Processing combo dish: 2 Large Donair Sandwiches (combo_id=4007)
[2025-12-10 12:07:59] [INFO] Navigating to combo dish: https://menuadmin.menu.ca/?p=restaurants&display=editRestaurant&restaurant=89&load=editCombo&showLang=en&combo=4007
[2025-12-10 12:08:07] [INFO] Results for Imilio's Pizzeria:
[2025-12-10 12:08:07] [INFO]   - Dishes processed: 7
[2025-12-10 12:08:07] [INFO]   - Combo links created: 18
[2025-12-10 12:08:07] [INFO]   - Hide days set: 0
[2025-12-10 12:08:07] [INFO]   - Drinks modifiers: 51
[2025-12-10 12:08:07] [INFO] ============================================================
[2025-12-10 12:08:07] [INFO] Processing: Lucky Star Chinese Food (V3: 8, V1: 90)
[2025-12-10 12:08:07] [INFO] ============================================================
[2025-12-10 12:08:07] [INFO] Navigating to menu: https://menuadmin.menu.ca/?p=restaurants&display=editRestaurant&restaurant=90&load=menu&showLang=en
[2025-12-10 12:08:11] [INFO] Found 0 combo dishes
[2025-12-10 12:08:11] [INFO] No combo dishes found for restaurant 8
[2025-12-10 12:08:11] [INFO] Results for Lucky Star Chinese Food:
[2025-12-10 12:08:11] [INFO]   - Dishes processed: 0
[2025-12-10 12:08:11] [INFO]   - Combo links created: 0
[2025-12-10 12:08:11] [INFO]   - Hide days set: 0
[2025-12-10 12:08:11] [INFO]   - Drinks modifiers: 0
[2025-12-10 12:08:11] [INFO] ============================================================
[2025-12-10 12:08:11] [INFO] Processing: Mama Rosa (V3: 12, V1: 94)
[2025-12-10 12:08:11] [INFO] ============================================================
[2025-12-10 12:08:11] [INFO] Navigating to menu: https://menuadmin.menu.ca/?p=restaurants&display=editRestaurant&restaurant=94&load=menu&showLang=en
[2025-12-10 12:08:15] [INFO] Found 7 combo dishes
[2025-12-10 12:08:15] [INFO] Processing combo dish: Mama's Meal Deal (combo_id=4576)
[2025-12-10 12:08:15] [INFO] Navigating to combo dish: https://menuadmin.menu.ca/?p=restaurants&display=editRestaurant&restaurant=94&load=editCombo&showLang=en&combo=4576
[2025-12-10 12:08:21] [INFO] Processing combo dish: Mama's Solid Meal Deal (combo_id=82814)
[2025-12-10 12:08:21] [INFO] Navigating to combo dish: https://menuadmin.menu.ca/?p=restaurants&display=editRestaurant&restaurant=94&load=editCombo&showLang=en&combo=82814
[2025-12-10 12:08:27] [INFO] Processing combo dish: Mama's Party Meal Deal (combo_id=6506)
[2025-12-10 12:08:27] [INFO] Navigating to combo dish: https://menuadmin.menu.ca/?p=restaurants&display=editRestaurant&restaurant=94&load=editCombo&showLang=en&combo=6506
[2025-12-10 12:08:33] [INFO] Processing combo dish: 2X1 Topping (combo_id=4572)
[2025-12-10 12:08:33] [INFO] Navigating to combo dish: https://menuadmin.menu.ca/?p=restaurants&display=editRestaurant&restaurant=94&load=editCombo&showLang=en&combo=4572
[2025-12-10 12:08:36] [INFO] Processing combo dish: 2X2 Toppings (combo_id=4573)
[2025-12-10 12:08:36] [INFO] Navigating to combo dish: https://menuadmin.menu.ca/?p=restaurants&display=editRestaurant&restaurant=94&load=editCombo&showLang=en&combo=4573
[2025-12-10 12:08:38] [INFO] Processing combo dish: 2X3 Toppings (combo_id=4574)
[2025-12-10 12:08:38] [INFO] Navigating to combo dish: https://menuadmin.menu.ca/?p=restaurants&display=editRestaurant&restaurant=94&load=editCombo&showLang=en&combo=4574
[2025-12-10 12:08:41] [INFO] Processing combo dish: One Item Pizza (combo_id=7061)
[2025-12-10 12:08:41] [INFO] Navigating to combo dish: https://menuadmin.menu.ca/?p=restaurants&display=editRestaurant&restaurant=94&load=editCombo&showLang=en&combo=7061
[2025-12-10 12:08:44] [INFO] Results for Mama Rosa:
[2025-12-10 12:08:44] [INFO]   - Dishes processed: 7
[2025-12-10 12:08:44] [INFO]   - Combo links created: 29
[2025-12-10 12:08:44] [INFO]   - Hide days set: 0
[2025-12-10 12:08:44] [INFO]   - Drinks modifiers: 23
[2025-12-10 12:08:44] [INFO] ============================================================
[2025-12-10 12:08:44] [INFO] Processing: Papa Joe's Pizza - Downtown (V3: 13, V1: 95)
[2025-12-10 12:08:44] [INFO] ============================================================
[2025-12-10 12:08:44] [INFO] Navigating to menu: https://menuadmin.menu.ca/?p=restaurants&display=editRestaurant&restaurant=95&load=menu&showLang=en
[2025-12-10 12:08:48] [INFO] Found 22 combo dishes
[2025-12-10 12:08:48] [INFO] Processing combo dish: Large Pizza 3 Toppings HIDE (combo_id=97180)
[2025-12-10 12:08:48] [INFO] Navigating to combo dish: https://menuadmin.menu.ca/?p=restaurants&display=editRestaurant&restaurant=95&load=editCombo&showLang=en&combo=97180
[2025-12-10 12:08:54] [INFO] Processing combo dish: Medium Pizza 3 Toppings HIDE (combo_id=97181)
[2025-12-10 12:08:54] [INFO] Navigating to combo dish: https://menuadmin.menu.ca/?p=restaurants&display=editRestaurant&restaurant=95&load=editCombo&showLang=en&combo=97181
[2025-12-10 12:09:00] [INFO] Processing combo dish: Small Pizza 3 Toppings HIDE (combo_id=97182)
[2025-12-10 12:09:00] [INFO] Navigating to combo dish: https://menuadmin.menu.ca/?p=restaurants&display=editRestaurant&restaurant=95&load=editCombo&showLang=en&combo=97182
[2025-12-10 12:09:06] [INFO] Processing combo dish: Large Pizza & Wings Deal HIDE (combo_id=97183)
[2025-12-10 12:09:06] [INFO] Navigating to combo dish: https://menuadmin.menu.ca/?p=restaurants&display=editRestaurant&restaurant=95&load=editCombo&showLang=en&combo=97183
[2025-12-10 12:09:13] [INFO] Processing combo dish: Medium Pizza & Wings Deal HIDE (combo_id=97184)
[2025-12-10 12:09:13] [INFO] Navigating to combo dish: https://menuadmin.menu.ca/?p=restaurants&display=editRestaurant&restaurant=95&load=editCombo&showLang=en&combo=97184
[2025-12-10 12:09:19] [INFO] Processing combo dish: 2 Large Pizza 6 Toppings Combined HIDE (combo_id=97185)
[2025-12-10 12:09:19] [INFO] Navigating to combo dish: https://menuadmin.menu.ca/?p=restaurants&display=editRestaurant&restaurant=95&load=editCombo&showLang=en&combo=97185
[2025-12-10 12:09:25] [INFO] Processing combo dish: 2 Medium Pizza 6 Toppings Combined HIDE (combo_id=97186)
[2025-12-10 12:09:25] [INFO] Navigating to combo dish: https://menuadmin.menu.ca/?p=restaurants&display=editRestaurant&restaurant=95&load=editCombo&showLang=en&combo=97186
[2025-12-10 12:09:32] [INFO] Processing combo dish: Great Feast HIDE (combo_id=17936)
[2025-12-10 12:09:32] [INFO] Navigating to combo dish: https://menuadmin.menu.ca/?p=restaurants&display=editRestaurant&restaurant=95&load=editCombo&showLang=en&combo=17936
[2025-12-10 12:09:37] [INFO] Processing combo dish: Large Pizza with Wings and Drinks HIDE (combo_id=17935)
[2025-12-10 12:09:37] [INFO] Navigating to combo dish: https://menuadmin.menu.ca/?p=restaurants&display=editRestaurant&restaurant=95&load=editCombo&showLang=en&combo=17935
[2025-12-10 12:09:44] [INFO] Processing combo dish: Small Pizza Combo with Poutine (combo_id=5723)
[2025-12-10 12:09:44] [INFO] Navigating to combo dish: https://menuadmin.menu.ca/?p=restaurants&display=editRestaurant&restaurant=95&load=editCombo&showLang=en&combo=5723
[2025-12-10 12:09:51] [INFO] Processing combo dish: Small Pizza Combo with Wings (combo_id=5724)
[2025-12-10 12:09:51] [INFO] Navigating to combo dish: https://menuadmin.menu.ca/?p=restaurants&display=editRestaurant&restaurant=95&load=editCombo&showLang=en&combo=5724
[2025-12-10 12:09:57] [INFO] Processing combo dish: Medium Pizza Combo with Poutine (combo_id=5726)
[2025-12-10 12:09:57] [INFO] Navigating to combo dish: https://menuadmin.menu.ca/?p=restaurants&display=editRestaurant&restaurant=95&load=editCombo&showLang=en&combo=5726
[2025-12-10 12:10:03] [INFO] Processing combo dish: Medium Pizza Combo with Wings (combo_id=5727)
[2025-12-10 12:10:03] [INFO] Navigating to combo dish: https://menuadmin.menu.ca/?p=restaurants&display=editRestaurant&restaurant=95&load=editCombo&showLang=en&combo=5727
[2025-12-10 12:10:11] [INFO] Processing combo dish: Large Pizza Deal With Papa Box (combo_id=5719)
[2025-12-10 12:10:11] [INFO] Navigating to combo dish: https://menuadmin.menu.ca/?p=restaurants&display=editRestaurant&restaurant=95&load=editCombo&showLang=en&combo=5719
[2025-12-10 12:10:17] [INFO] Processing combo dish: Family Deal with Chef Salad (combo_id=5725)
[2025-12-10 12:10:17] [INFO] Navigating to combo dish: https://menuadmin.menu.ca/?p=restaurants&display=editRestaurant&restaurant=95&load=editCombo&showLang=en&combo=5725
[2025-12-10 12:10:23] [INFO] Processing combo dish: Family Deal with Large Fries (combo_id=5718)
[2025-12-10 12:10:23] [INFO] Navigating to combo dish: https://menuadmin.menu.ca/?p=restaurants&display=editRestaurant&restaurant=95&load=editCombo&showLang=en&combo=5718
[2025-12-10 12:10:29] [INFO] Processing combo dish: 2 Subs Deal with 2 Drinks HIDE (combo_id=5404)
[2025-12-10 12:10:29] [INFO] Navigating to combo dish: https://menuadmin.menu.ca/?p=restaurants&display=editRestaurant&restaurant=95&load=editCombo&showLang=en&combo=5404
[2025-12-10 12:10:34] [INFO] Processing combo dish: Medium Pizza & Cheesy Bread HIDE (combo_id=5730)
[2025-12-10 12:10:34] [INFO] Navigating to combo dish: https://menuadmin.menu.ca/?p=restaurants&display=editRestaurant&restaurant=95&load=editCombo&showLang=en&combo=5730
[2025-12-10 12:10:40] [INFO] Processing combo dish: One Topping (combo_id=6417)
[2025-12-10 12:10:40] [INFO] Navigating to combo dish: https://menuadmin.menu.ca/?p=restaurants&display=editRestaurant&restaurant=95&load=editCombo&showLang=en&combo=6417
[2025-12-10 12:10:43] [INFO] Processing combo dish: 1 Topping (combo_id=4705)
[2025-12-10 12:10:43] [INFO] Navigating to combo dish: https://menuadmin.menu.ca/?p=restaurants&display=editRestaurant&restaurant=95&load=editCombo&showLang=en&combo=4705
[2025-12-10 12:10:46] [INFO] Processing combo dish: 2 Toppings (combo_id=4706)
[2025-12-10 12:10:46] [INFO] Navigating to combo dish: https://menuadmin.menu.ca/?p=restaurants&display=editRestaurant&restaurant=95&load=editCombo&showLang=en&combo=4706
[2025-12-10 12:10:48] [INFO] Processing combo dish: 3 Toppings (combo_id=4707)
[2025-12-10 12:10:48] [INFO] Navigating to combo dish: https://menuadmin.menu.ca/?p=restaurants&display=editRestaurant&restaurant=95&load=editCombo&showLang=en&combo=4707
[2025-12-10 12:10:51] [INFO] Results for Papa Joe's Pizza - Downtown:
[2025-12-10 12:10:51] [INFO]   - Dishes processed: 22
[2025-12-10 12:10:51] [INFO]   - Combo links created: 71
[2025-12-10 12:10:51] [INFO]   - Hide days set: 5
[2025-12-10 12:10:51] [INFO]   - Drinks modifiers: 162
[2025-12-10 12:10:51] [INFO] ============================================================
[2025-12-10 12:10:51] [INFO] Processing: New Mee Fung Restaurant (V3: 15, V1: 101)
[2025-12-10 12:10:51] [INFO] ============================================================
[2025-12-10 12:10:51] [INFO] Navigating to menu: https://menuadmin.menu.ca/?p=restaurants&display=editRestaurant&restaurant=101&load=menu&showLang=en
[2025-12-10 12:10:55] [INFO] Found 0 combo dishes
[2025-12-10 12:10:55] [INFO] No combo dishes found for restaurant 15
[2025-12-10 12:10:55] [INFO] Results for New Mee Fung Restaurant:
[2025-12-10 12:10:55] [INFO]   - Dishes processed: 0
[2025-12-10 12:10:55] [INFO]   - Combo links created: 0
[2025-12-10 12:10:55] [INFO]   - Hide days set: 0
[2025-12-10 12:10:55] [INFO]   - Drinks modifiers: 0
[2025-12-10 12:10:55] [INFO] ============================================================
[2025-12-10 12:10:55] [INFO] Processing: House of Lasagna (V3: 22, V1: 117)
[2025-12-10 12:10:55] [INFO] ============================================================
[2025-12-10 12:10:55] [INFO] Navigating to menu: https://menuadmin.menu.ca/?p=restaurants&display=editRestaurant&restaurant=117&load=menu&showLang=en
[2025-12-10 12:10:59] [INFO] Found 3 combo dishes
[2025-12-10 12:10:59] [INFO] Processing combo dish: 1 Item Pizza (combo_id=10177)
[2025-12-10 12:10:59] [INFO] Navigating to combo dish: https://menuadmin.menu.ca/?p=restaurants&display=editRestaurant&restaurant=117&load=editCombo&showLang=en&combo=10177
[2025-12-10 12:11:02] [INFO] Processing combo dish: 2 Items Pizza (combo_id=10178)
[2025-12-10 12:11:02] [INFO] Navigating to combo dish: https://menuadmin.menu.ca/?p=restaurants&display=editRestaurant&restaurant=117&load=editCombo&showLang=en&combo=10178
[2025-12-10 12:11:04] [INFO] Processing combo dish: 3 Items Pizza (combo_id=10179)
[2025-12-10 12:11:04] [INFO] Navigating to combo dish: https://menuadmin.menu.ca/?p=restaurants&display=editRestaurant&restaurant=117&load=editCombo&showLang=en&combo=10179
[2025-12-10 12:11:07] [INFO] Results for House of Lasagna:
[2025-12-10 12:11:07] [INFO]   - Dishes processed: 3
[2025-12-10 12:11:07] [INFO]   - Combo links created: 9
[2025-12-10 12:11:07] [INFO]   - Hide days set: 0
[2025-12-10 12:11:07] [INFO]   - Drinks modifiers: 0
[2025-12-10 12:11:07] [INFO] ============================================================
[2025-12-10 12:11:07] [INFO] Processing: Eastview Pizza (V3: 28, V1: 124)
[2025-12-10 12:11:07] [INFO] ============================================================
[2025-12-10 12:11:07] [INFO] Navigating to menu: https://menuadmin.menu.ca/?p=restaurants&display=editRestaurant&restaurant=124&load=menu&showLang=en
[2025-12-10 12:11:11] [INFO] Found 1 combo dishes
[2025-12-10 12:11:11] [INFO] Processing combo dish: One Topping (combo_id=7249)
[2025-12-10 12:11:11] [INFO] Navigating to combo dish: https://menuadmin.menu.ca/?p=restaurants&display=editRestaurant&restaurant=124&load=editCombo&showLang=en&combo=7249
[2025-12-10 12:11:13] [INFO] Results for Eastview Pizza:
[2025-12-10 12:11:13] [INFO]   - Dishes processed: 1
[2025-12-10 12:11:13] [INFO]   - Combo links created: 2
[2025-12-10 12:11:13] [INFO]   - Hide days set: 0
[2025-12-10 12:11:13] [INFO]   - Drinks modifiers: 0
[2025-12-10 12:11:13] [INFO] ============================================================
[2025-12-10 12:11:13] [INFO] Processing: Milano (V3: 31, V1: 127)
[2025-12-10 12:11:13] [INFO] ============================================================
[2025-12-10 12:11:13] [INFO] Navigating to menu: https://menuadmin.menu.ca/?p=restaurants&display=editRestaurant&restaurant=127&load=menu&showLang=en
[2025-12-10 12:11:17] [INFO] Found 12 combo dishes
[2025-12-10 12:11:17] [INFO] Processing combo dish: Combo No.1 HIDED (combo_id=76694)
[2025-12-10 12:11:17] [INFO] Navigating to combo dish: https://menuadmin.menu.ca/?p=restaurants&display=editRestaurant&restaurant=127&load=editCombo&showLang=en&combo=76694
[2025-12-10 12:11:22] [INFO] Processing combo dish: Combo No.2 HIDED (combo_id=76695)
[2025-12-10 12:11:22] [INFO] Navigating to combo dish: https://menuadmin.menu.ca/?p=restaurants&display=editRestaurant&restaurant=127&load=editCombo&showLang=en&combo=76695
[2025-12-10 12:11:26] [INFO] Processing combo dish: The Perfect Combo Deal with PopCurds (combo_id=113153)
[2025-12-10 12:11:26] [INFO] Navigating to combo dish: https://menuadmin.menu.ca/?p=restaurants&display=editRestaurant&restaurant=127&load=editCombo&showLang=en&combo=113153
[2025-12-10 12:11:33] [INFO] Processing combo dish: 1 Topping Pizza Deal (combo_id=10273)
[2025-12-10 12:11:33] [INFO] Navigating to combo dish: https://menuadmin.menu.ca/?p=restaurants&display=editRestaurant&restaurant=127&load=editCombo&showLang=en&combo=10273
[2025-12-10 12:11:41] [INFO] Processing combo dish: 2 Toppings Pizza Deal (combo_id=10274)
[2025-12-10 12:11:41] [INFO] Navigating to combo dish: https://menuadmin.menu.ca/?p=restaurants&display=editRestaurant&restaurant=127&load=editCombo&showLang=en&combo=10274
[2025-12-10 12:11:48] [INFO] Processing combo dish: 3 Toppings Pizza Deal (combo_id=10275)
[2025-12-10 12:11:48] [INFO] Navigating to combo dish: https://menuadmin.menu.ca/?p=restaurants&display=editRestaurant&restaurant=127&load=editCombo&showLang=en&combo=10275
[2025-12-10 12:11:56] [INFO] Processing combo dish: The Perfect Combo Deal with PopCurds (combo_id=90111)
[2025-12-10 12:11:56] [INFO] Navigating to combo dish: https://menuadmin.menu.ca/?p=restaurants&display=editRestaurant&restaurant=127&load=editCombo&showLang=en&combo=90111
[2025-12-10 12:12:03] [INFO] Processing combo dish: Large 3 Toppings (combo_id=10370)
[2025-12-10 12:12:03] [INFO] Navigating to combo dish: https://menuadmin.menu.ca/?p=restaurants&display=editRestaurant&restaurant=127&load=editCombo&showLang=en&combo=10370
[2025-12-10 12:12:10] [INFO] Processing combo dish: Medium 3 Toppings (combo_id=10369)
[2025-12-10 12:12:10] [INFO] Navigating to combo dish: https://menuadmin.menu.ca/?p=restaurants&display=editRestaurant&restaurant=127&load=editCombo&showLang=en&combo=10369
[2025-12-10 12:12:17] [INFO] Processing combo dish: 2 Pizza Deal 1 Topping & Two 591ml Drinks (V) (combo_id=96000)
[2025-12-10 12:12:17] [INFO] Navigating to combo dish: https://menuadmin.menu.ca/?p=restaurants&display=editRestaurant&restaurant=127&load=editCombo&showLang=en&combo=96000
[2025-12-10 12:12:24] [INFO] Processing combo dish: 2 Pizza Deal 2 Toppings & Two 591ml Drinks (V) (combo_id=96001)
[2025-12-10 12:12:24] [INFO] Navigating to combo dish: https://menuadmin.menu.ca/?p=restaurants&display=editRestaurant&restaurant=127&load=editCombo&showLang=en&combo=96001
[2025-12-10 12:12:31] [INFO] Processing combo dish: 2 Pizza Deal 3 Toppings & Two 591ml Drinks (V) (combo_id=96002)
[2025-12-10 12:12:31] [INFO] Navigating to combo dish: https://menuadmin.menu.ca/?p=restaurants&display=editRestaurant&restaurant=127&load=editCombo&showLang=en&combo=96002
[2025-12-10 12:12:38] [INFO] Results for Milano:
[2025-12-10 12:12:38] [INFO]   - Dishes processed: 12
[2025-12-10 12:12:38] [INFO]   - Combo links created: 56
[2025-12-10 12:12:38] [INFO]   - Hide days set: 12
[2025-12-10 12:12:38] [INFO]   - Drinks modifiers: 110
[2025-12-10 12:12:38] [INFO] ============================================================
[2025-12-10 12:12:38] [INFO] Processing: Kiki Lebanese Pineview Pizza (V3: 44, V1: 142)
[2025-12-10 12:12:38] [INFO] ============================================================
[2025-12-10 12:12:38] [INFO] Navigating to menu: https://menuadmin.menu.ca/?p=restaurants&display=editRestaurant&restaurant=142&load=menu&showLang=en
[2025-12-10 12:12:43] [INFO] Found 3 combo dishes
[2025-12-10 12:12:43] [INFO] Processing combo dish: One Item (combo_id=9363)
[2025-12-10 12:12:43] [INFO] Navigating to combo dish: https://menuadmin.menu.ca/?p=restaurants&display=editRestaurant&restaurant=142&load=editCombo&showLang=en&combo=9363
[2025-12-10 12:12:46] [INFO] Processing combo dish: Two Items (combo_id=9364)
[2025-12-10 12:12:46] [INFO] Navigating to combo dish: https://menuadmin.menu.ca/?p=restaurants&display=editRestaurant&restaurant=142&load=editCombo&showLang=en&combo=9364
[2025-12-10 12:12:48] [INFO] Processing combo dish: Three Items (combo_id=9365)
[2025-12-10 12:12:48] [INFO] Navigating to combo dish: https://menuadmin.menu.ca/?p=restaurants&display=editRestaurant&restaurant=142&load=editCombo&showLang=en&combo=9365
[2025-12-10 12:12:51] [INFO] Results for Kiki Lebanese Pineview Pizza:
[2025-12-10 12:12:51] [INFO]   - Dishes processed: 3
[2025-12-10 12:12:51] [INFO]   - Combo links created: 9
[2025-12-10 12:12:51] [INFO]   - Hide days set: 0
[2025-12-10 12:12:51] [INFO]   - Drinks modifiers: 0
[2025-12-10 12:12:51] [INFO] ============================================================
[2025-12-10 12:12:51] [INFO] Processing: Bobbie's Pizza & Subs (V3: 45, V1: 143)
[2025-12-10 12:12:51] [INFO] ============================================================
[2025-12-10 12:12:51] [INFO] Navigating to menu: https://menuadmin.menu.ca/?p=restaurants&display=editRestaurant&restaurant=143&load=menu&showLang=en
[2025-12-10 12:12:55] [INFO] Found 9 combo dishes
[2025-12-10 12:12:55] [INFO] Processing combo dish: 1 Topping Pizza HIDE (combo_id=8911)
[2025-12-10 12:12:55] [INFO] Navigating to combo dish: https://menuadmin.menu.ca/?p=restaurants&display=editRestaurant&restaurant=143&load=editCombo&showLang=en&combo=8911
[2025-12-10 12:12:58] [INFO] Processing combo dish: Medium Pizza with Wings (combo_id=40513)
[2025-12-10 12:12:58] [INFO] Navigating to combo dish: https://menuadmin.menu.ca/?p=restaurants&display=editRestaurant&restaurant=143&load=editCombo&showLang=en&combo=40513
[2025-12-10 12:13:05] [INFO] Processing combo dish: Large Pizza with Wings (combo_id=40520)
[2025-12-10 12:13:05] [INFO] Navigating to combo dish: https://menuadmin.menu.ca/?p=restaurants&display=editRestaurant&restaurant=143&load=editCombo&showLang=en&combo=40520
[2025-12-10 12:13:13] [INFO] Processing combo dish: X-Large Pizza with Wings (combo_id=40521)
[2025-12-10 12:13:13] [INFO] Navigating to combo dish: https://menuadmin.menu.ca/?p=restaurants&display=editRestaurant&restaurant=143&load=editCombo&showLang=en&combo=40521
[2025-12-10 12:13:20] [INFO] Processing combo dish: 2 Toppings (combo_id=8921)
[2025-12-10 12:13:20] [INFO] Navigating to combo dish: https://menuadmin.menu.ca/?p=restaurants&display=editRestaurant&restaurant=143&load=editCombo&showLang=en&combo=8921
[2025-12-10 12:13:23] [INFO] Processing combo dish: 4 Toppings (combo_id=8922)
[2025-12-10 12:13:23] [INFO] Navigating to combo dish: https://menuadmin.menu.ca/?p=restaurants&display=editRestaurant&restaurant=143&load=editCombo&showLang=en&combo=8922
[2025-12-10 12:13:26] [INFO] Processing combo dish: 6 Toppings (combo_id=8923)
[2025-12-10 12:13:26] [INFO] Navigating to combo dish: https://menuadmin.menu.ca/?p=restaurants&display=editRestaurant&restaurant=143&load=editCombo&showLang=en&combo=8923
[2025-12-10 12:13:29] [INFO] Processing combo dish: 2 Large Beef Donairs (combo_id=40523)
[2025-12-10 12:13:29] [INFO] Navigating to combo dish: https://menuadmin.menu.ca/?p=restaurants&display=editRestaurant&restaurant=143&load=editCombo&showLang=en&combo=40523
[2025-12-10 12:13:31] [INFO] Processing combo dish: 2 Large Chicken Shawarmas (combo_id=40524)
[2025-12-10 12:13:31] [INFO] Navigating to combo dish: https://menuadmin.menu.ca/?p=restaurants&display=editRestaurant&restaurant=143&load=editCombo&showLang=en&combo=40524
[2025-12-10 12:13:33] [INFO] Results for Bobbie's Pizza & Subs:
[2025-12-10 12:13:33] [INFO]   - Dishes processed: 9
[2025-12-10 12:13:33] [INFO]   - Combo links created: 31
[2025-12-10 12:13:33] [INFO]   - Hide days set: 0
[2025-12-10 12:13:33] [INFO]   - Drinks modifiers: 36
[2025-12-10 12:13:33] [INFO] ============================================================
[2025-12-10 12:13:33] [INFO] Processing: Mr Mozzarella - Nepean (V3: 47, V1: 145)
[2025-12-10 12:13:33] [INFO] ============================================================
[2025-12-10 12:13:33] [INFO] Navigating to menu: https://menuadmin.menu.ca/?p=restaurants&display=editRestaurant&restaurant=145&load=menu&showLang=en
[2025-12-10 12:13:37] [INFO] Found 17 combo dishes
[2025-12-10 12:13:37] [INFO] Processing combo dish: 4 Large Pizza Deal (combo_id=8766)
[2025-12-10 12:13:37] [INFO] Navigating to combo dish: https://menuadmin.menu.ca/?p=restaurants&display=editRestaurant&restaurant=145&load=editCombo&showLang=en&combo=8766
[2025-12-10 12:13:40] [INFO] Processing combo dish: 4 Large Pizza Peperoni or Cheese (combo_id=8769)
[2025-12-10 12:13:40] [INFO] Navigating to combo dish: https://menuadmin.menu.ca/?p=restaurants&display=editRestaurant&restaurant=145&load=editCombo&showLang=en&combo=8769
[2025-12-10 12:13:42] [INFO] Processing combo dish: 1 Large Pizza Special HIDE (combo_id=72546)
[2025-12-10 12:13:42] [INFO] Navigating to combo dish: https://menuadmin.menu.ca/?p=restaurants&display=editRestaurant&restaurant=145&load=editCombo&showLang=en&combo=72546
[2025-12-10 12:13:50] [INFO] Processing combo dish: Deal No.1 HIDE (combo_id=105979)
[2025-12-10 12:13:50] [INFO] Navigating to combo dish: https://menuadmin.menu.ca/?p=restaurants&display=editRestaurant&restaurant=145&load=editCombo&showLang=en&combo=105979
[2025-12-10 12:13:55] [INFO] Processing combo dish: Deal No.2 HIDE (combo_id=105980)
[2025-12-10 12:13:55] [INFO] Navigating to combo dish: https://menuadmin.menu.ca/?p=restaurants&display=editRestaurant&restaurant=145&load=editCombo&showLang=en&combo=105980
[2025-12-10 12:14:01] [INFO] Processing combo dish: Deal No.3 HIDE (combo_id=105981)
[2025-12-10 12:14:01] [INFO] Navigating to combo dish: https://menuadmin.menu.ca/?p=restaurants&display=editRestaurant&restaurant=145&load=editCombo&showLang=en&combo=105981
[2025-12-10 12:14:06] [INFO] Processing combo dish: Deal No.4 HIDE (combo_id=105982)
[2025-12-10 12:14:06] [INFO] Navigating to combo dish: https://menuadmin.menu.ca/?p=restaurants&display=editRestaurant&restaurant=145&load=editCombo&showLang=en&combo=105982
[2025-12-10 12:14:12] [INFO] Processing combo dish: 2 Large Pizzas Deal (combo_id=8770)
[2025-12-10 12:14:12] [INFO] Navigating to combo dish: https://menuadmin.menu.ca/?p=restaurants&display=editRestaurant&restaurant=145&load=editCombo&showLang=en&combo=8770
[2025-12-10 12:14:14] [INFO] Processing combo dish: Small Pizza & Wings (combo_id=8762)
[2025-12-10 12:14:14] [INFO] Navigating to combo dish: https://menuadmin.menu.ca/?p=restaurants&display=editRestaurant&restaurant=145&load=editCombo&showLang=en&combo=8762
[2025-12-10 12:14:17] [INFO] Processing combo dish: Medium Pizza & Wings (combo_id=8763)
[2025-12-10 12:14:17] [INFO] Navigating to combo dish: https://menuadmin.menu.ca/?p=restaurants&display=editRestaurant&restaurant=145&load=editCombo&showLang=en&combo=8763
[2025-12-10 12:14:19] [INFO] Processing combo dish: Large Pizza & Wings (combo_id=8764)
[2025-12-10 12:14:19] [INFO] Navigating to combo dish: https://menuadmin.menu.ca/?p=restaurants&display=editRestaurant&restaurant=145&load=editCombo&showLang=en&combo=8764
[2025-12-10 12:14:22] [INFO] Processing combo dish: X-Large Pizza & Wings (combo_id=105978)
[2025-12-10 12:14:22] [INFO] Navigating to combo dish: https://menuadmin.menu.ca/?p=restaurants&display=editRestaurant&restaurant=145&load=editCombo&showLang=en&combo=105978
[2025-12-10 12:14:25] [INFO] Processing combo dish: 2 Medium Pizzas Combo HIDE (combo_id=8765)
[2025-12-10 12:14:25] [INFO] Navigating to combo dish: https://menuadmin.menu.ca/?p=restaurants&display=editRestaurant&restaurant=145&load=editCombo&showLang=en&combo=8765
[2025-12-10 12:14:28] [INFO] Processing combo dish: One Item Pizza HIDE (combo_id=8676)
[2025-12-10 12:14:28] [INFO] Navigating to combo dish: https://menuadmin.menu.ca/?p=restaurants&display=editRestaurant&restaurant=145&load=editCombo&showLang=en&combo=8676
[2025-12-10 12:14:30] [INFO] Processing combo dish: Two Items Pizza HIDE (combo_id=8677)
[2025-12-10 12:14:30] [INFO] Navigating to combo dish: https://menuadmin.menu.ca/?p=restaurants&display=editRestaurant&restaurant=145&load=editCombo&showLang=en&combo=8677
[2025-12-10 12:14:32] [INFO] Processing combo dish: Three Items Pizza HIDE (combo_id=8678)
[2025-12-10 12:14:32] [INFO] Navigating to combo dish: https://menuadmin.menu.ca/?p=restaurants&display=editRestaurant&restaurant=145&load=editCombo&showLang=en&combo=8678
[2025-12-10 12:14:35] [INFO] Processing combo dish: Twins Pizza (combo_id=8679)
[2025-12-10 12:14:35] [INFO] Navigating to combo dish: https://menuadmin.menu.ca/?p=restaurants&display=editRestaurant&restaurant=145&load=editCombo&showLang=en&combo=8679
[2025-12-10 12:14:37] [INFO] Results for Mr Mozzarella - Nepean:
[2025-12-10 12:14:37] [INFO]   - Dishes processed: 17
[2025-12-10 12:14:37] [INFO]   - Combo links created: 52
[2025-12-10 12:14:37] [INFO]   - Hide days set: 0
[2025-12-10 12:14:37] [INFO]   - Drinks modifiers: 41
[2025-12-10 12:14:37] [INFO] ============================================================
[2025-12-10 12:14:37] [INFO] Processing: Merivale Pizza & Wings (V3: 48, V1: 146)
[2025-12-10 12:14:37] [INFO] ============================================================
[2025-12-10 12:14:37] [INFO] Navigating to menu: https://menuadmin.menu.ca/?p=restaurants&display=editRestaurant&restaurant=146&load=menu&showLang=en
[2025-12-10 12:14:41] [INFO] Found 12 combo dishes
[2025-12-10 12:14:41] [INFO] Processing combo dish: Large Pizza 3 Toppings (combo_id=11296)
[2025-12-10 12:14:41] [INFO] Navigating to combo dish: https://menuadmin.menu.ca/?p=restaurants&display=editRestaurant&restaurant=146&load=editCombo&showLang=en&combo=11296
[2025-12-10 12:14:44] [INFO] Processing combo dish: Medium Pizza 3 Toppings (combo_id=11297)
[2025-12-10 12:14:44] [INFO] Navigating to combo dish: https://menuadmin.menu.ca/?p=restaurants&display=editRestaurant&restaurant=146&load=editCombo&showLang=en&combo=11297
[2025-12-10 12:14:47] [INFO] Processing combo dish: Small Pizza 3 Toppings (combo_id=11298)
[2025-12-10 12:14:47] [INFO] Navigating to combo dish: https://menuadmin.menu.ca/?p=restaurants&display=editRestaurant&restaurant=146&load=editCombo&showLang=en&combo=11298
[2025-12-10 12:14:50] [INFO] Processing combo dish: 2 Large Pizza 3 Toppings (combo_id=11299)
[2025-12-10 12:14:50] [INFO] Navigating to combo dish: https://menuadmin.menu.ca/?p=restaurants&display=editRestaurant&restaurant=146&load=editCombo&showLang=en&combo=11299
[2025-12-10 12:14:53] [INFO] Processing combo dish: 2 Medium Pizza 3 Toppings (combo_id=11300)
[2025-12-10 12:14:53] [INFO] Navigating to combo dish: https://menuadmin.menu.ca/?p=restaurants&display=editRestaurant&restaurant=146&load=editCombo&showLang=en&combo=11300
[2025-12-10 12:14:56] [INFO] Processing combo dish: 3 Pasta Special (combo_id=11303)
[2025-12-10 12:14:56] [INFO] Navigating to combo dish: https://menuadmin.menu.ca/?p=restaurants&display=editRestaurant&restaurant=146&load=editCombo&showLang=en&combo=11303
[2025-12-10 12:14:58] [INFO] Processing combo dish: 3 Subs Special (combo_id=11304)
[2025-12-10 12:14:58] [INFO] Navigating to combo dish: https://menuadmin.menu.ca/?p=restaurants&display=editRestaurant&restaurant=146&load=editCombo&showLang=en&combo=11304
[2025-12-10 12:15:00] [INFO] Processing combo dish: One Topping Pizza (combo_id=14700)
[2025-12-10 12:15:00] [INFO] Navigating to combo dish: https://menuadmin.menu.ca/?p=restaurants&display=editRestaurant&restaurant=146&load=editCombo&showLang=en&combo=14700
[2025-12-10 12:15:03] [INFO] Processing combo dish: Two Toppings Pizza (combo_id=14701)
[2025-12-10 12:15:03] [INFO] Navigating to combo dish: https://menuadmin.menu.ca/?p=restaurants&display=editRestaurant&restaurant=146&load=editCombo&showLang=en&combo=14701
[2025-12-10 12:15:05] [INFO] Processing combo dish: 2 Large Pizza 2 Toppings (combo_id=11305)
[2025-12-10 12:15:05] [INFO] Navigating to combo dish: https://menuadmin.menu.ca/?p=restaurants&display=editRestaurant&restaurant=146&load=editCombo&showLang=en&combo=11305
[2025-12-10 12:15:08] [INFO] Processing combo dish: 2 Medium Pizza 2 Toppings (combo_id=11306)
[2025-12-10 12:15:08] [INFO] Navigating to combo dish: https://menuadmin.menu.ca/?p=restaurants&display=editRestaurant&restaurant=146&load=editCombo&showLang=en&combo=11306
[2025-12-10 12:15:11] [INFO] Processing combo dish: 2 Small Pizza 2 Toppings (combo_id=11307)
[2025-12-10 12:15:11] [INFO] Navigating to combo dish: https://menuadmin.menu.ca/?p=restaurants&display=editRestaurant&restaurant=146&load=editCombo&showLang=en&combo=11307
[2025-12-10 12:15:14] [INFO] Results for Merivale Pizza & Wings:
[2025-12-10 12:15:14] [INFO]   - Dishes processed: 12
[2025-12-10 12:15:14] [INFO]   - Combo links created: 42
[2025-12-10 12:15:14] [INFO]   - Hide days set: 0
[2025-12-10 12:15:14] [INFO]   - Drinks modifiers: 0
[2025-12-10 12:15:14] [INFO] ============================================================
[2025-12-10 12:15:14] [INFO] Processing: Milano (V3: 55, V1: 161)
[2025-12-10 12:15:14] [INFO] ============================================================
[2025-12-10 12:15:14] [INFO] Navigating to menu: https://menuadmin.menu.ca/?p=restaurants&display=editRestaurant&restaurant=161&load=menu&showLang=en
[2025-12-10 12:15:18] [INFO] Found 17 combo dishes
[2025-12-10 12:15:18] [INFO] Processing combo dish: Combo No.1 HIDED (combo_id=76698)
[2025-12-10 12:15:18] [INFO] Navigating to combo dish: https://menuadmin.menu.ca/?p=restaurants&display=editRestaurant&restaurant=161&load=editCombo&showLang=en&combo=76698
[2025-12-10 12:15:23] [INFO] Processing combo dish: Combo No.2 HIDED (combo_id=76699)
[2025-12-10 12:15:23] [INFO] Navigating to combo dish: https://menuadmin.menu.ca/?p=restaurants&display=editRestaurant&restaurant=161&load=editCombo&showLang=en&combo=76699
[2025-12-10 12:15:27] [INFO] Processing combo dish: The Perfect Combo Deal with PopCurds (combo_id=113157)
[2025-12-10 12:15:27] [INFO] Navigating to combo dish: https://menuadmin.menu.ca/?p=restaurants&display=editRestaurant&restaurant=161&load=editCombo&showLang=en&combo=113157
[2025-12-10 12:15:33] [INFO] Processing combo dish: 1 Topping Pizza Deal (combo_id=10202)
[2025-12-10 12:15:33] [INFO] Navigating to combo dish: https://menuadmin.menu.ca/?p=restaurants&display=editRestaurant&restaurant=161&load=editCombo&showLang=en&combo=10202
[2025-12-10 12:15:39] [INFO] Processing combo dish: 2 Toppings Pizza Deal (combo_id=10203)
[2025-12-10 12:15:39] [INFO] Navigating to combo dish: https://menuadmin.menu.ca/?p=restaurants&display=editRestaurant&restaurant=161&load=editCombo&showLang=en&combo=10203
[2025-12-10 12:15:46] [INFO] Processing combo dish: 3 Toppings Pizza Deal (combo_id=10204)
[2025-12-10 12:15:46] [INFO] Navigating to combo dish: https://menuadmin.menu.ca/?p=restaurants&display=editRestaurant&restaurant=161&load=editCombo&showLang=en&combo=10204
[2025-12-10 12:15:52] [INFO] Processing combo dish: The Perfect Combo Deal with PopCurds (combo_id=78264)
[2025-12-10 12:15:52] [INFO] Navigating to combo dish: https://menuadmin.menu.ca/?p=restaurants&display=editRestaurant&restaurant=161&load=editCombo&showLang=en&combo=78264
[2025-12-10 12:15:58] [INFO] Processing combo dish: Large Pizza 3 Toppings (combo_id=11160)
[2025-12-10 12:15:58] [INFO] Navigating to combo dish: https://menuadmin.menu.ca/?p=restaurants&display=editRestaurant&restaurant=161&load=editCombo&showLang=en&combo=11160
[2025-12-10 12:16:03] [INFO] Processing combo dish: Medium Pizza Special (combo_id=11158)
[2025-12-10 12:16:03] [INFO] Navigating to combo dish: https://menuadmin.menu.ca/?p=restaurants&display=editRestaurant&restaurant=161&load=editCombo&showLang=en&combo=11158
[2025-12-10 12:16:09] [INFO] Processing combo dish: Small Pizza Deal HIDE (combo_id=87704)
[2025-12-10 12:16:09] [INFO] Navigating to combo dish: https://menuadmin.menu.ca/?p=restaurants&display=editRestaurant&restaurant=161&load=editCombo&showLang=en&combo=87704
[2025-12-10 12:16:11] [INFO] Processing combo dish: Donair Special HIDE (combo_id=11144)
[2025-12-10 12:16:11] [INFO] Navigating to combo dish: https://menuadmin.menu.ca/?p=restaurants&display=editRestaurant&restaurant=161&load=editCombo&showLang=en&combo=11144
[2025-12-10 12:16:14] [INFO] Processing combo dish: Large Pizza 1 Topping HIDE (combo_id=11159)
[2025-12-10 12:16:14] [INFO] Navigating to combo dish: https://menuadmin.menu.ca/?p=restaurants&display=editRestaurant&restaurant=161&load=editCombo&showLang=en&combo=11159
[2025-12-10 12:16:16] [INFO] Processing combo dish: One Topping Pizza HIDE (combo_id=10185)
[2025-12-10 12:16:16] [INFO] Navigating to combo dish: https://menuadmin.menu.ca/?p=restaurants&display=editRestaurant&restaurant=161&load=editCombo&showLang=en&combo=10185
[2025-12-10 12:16:19] [INFO] Processing combo dish: Two Toppings Pizza HIDE (combo_id=10186)
[2025-12-10 12:16:19] [INFO] Navigating to combo dish: https://menuadmin.menu.ca/?p=restaurants&display=editRestaurant&restaurant=161&load=editCombo&showLang=en&combo=10186
[2025-12-10 12:16:22] [INFO] Processing combo dish: 2 Pizza Deal 1 Topping & Two 591ml Drinks (V) (combo_id=92549)
[2025-12-10 12:16:22] [INFO] Navigating to combo dish: https://menuadmin.menu.ca/?p=restaurants&display=editRestaurant&restaurant=161&load=editCombo&showLang=en&combo=92549
[2025-12-10 12:16:27] [INFO] Processing combo dish: 2 Pizza Deal 2 Toppings & Two 591ml Drinks (V) (combo_id=92550)
[2025-12-10 12:16:27] [INFO] Navigating to combo dish: https://menuadmin.menu.ca/?p=restaurants&display=editRestaurant&restaurant=161&load=editCombo&showLang=en&combo=92550
[2025-12-10 12:16:33] [INFO] Processing combo dish: 2 Pizza Deal 3 Toppings & Two 591ml Drinks (V) (combo_id=92551)
[2025-12-10 12:16:33] [INFO] Navigating to combo dish: https://menuadmin.menu.ca/?p=restaurants&display=editRestaurant&restaurant=161&load=editCombo&showLang=en&combo=92551
[2025-12-10 12:16:38] [INFO] Results for Milano:
[2025-12-10 12:16:38] [INFO]   - Dishes processed: 17
[2025-12-10 12:16:38] [INFO]   - Combo links created: 78
[2025-12-10 12:16:38] [INFO]   - Hide days set: 12
[2025-12-10 12:16:38] [INFO]   - Drinks modifiers: 70
[2025-12-10 12:16:38] [INFO] ============================================================
[2025-12-10 12:16:38] [INFO] Processing: Milano (V3: 57, V1: 164)
[2025-12-10 12:16:38] [INFO] ============================================================
[2025-12-10 12:16:38] [INFO] Navigating to menu: https://menuadmin.menu.ca/?p=restaurants&display=editRestaurant&restaurant=164&load=menu&showLang=en
[2025-12-10 12:16:42] [INFO] Found 17 combo dishes
[2025-12-10 12:16:42] [INFO] Processing combo dish: Combo No.1 HIDED (combo_id=76700)
[2025-12-10 12:16:42] [INFO] Navigating to combo dish: https://menuadmin.menu.ca/?p=restaurants&display=editRestaurant&restaurant=164&load=editCombo&showLang=en&combo=76700
[2025-12-10 12:16:47] [INFO] Processing combo dish: Combo No.2 HIDED (combo_id=76701)
[2025-12-10 12:16:47] [INFO] Navigating to combo dish: https://menuadmin.menu.ca/?p=restaurants&display=editRestaurant&restaurant=164&load=editCombo&showLang=en&combo=76701
[2025-12-10 12:16:51] [INFO] Processing combo dish: The Perfect Combo Deal with PopCurds (combo_id=113158)
[2025-12-10 12:16:51] [INFO] Navigating to combo dish: https://menuadmin.menu.ca/?p=restaurants&display=editRestaurant&restaurant=164&load=editCombo&showLang=en&combo=113158
[2025-12-10 12:16:57] [INFO] Processing combo dish: Large Pizza 1 Topping HIDE (combo_id=124266)
[2025-12-10 12:16:57] [INFO] Navigating to combo dish: https://menuadmin.menu.ca/?p=restaurants&display=editRestaurant&restaurant=164&load=editCombo&showLang=en&combo=124266
[2025-12-10 12:17:00] [INFO] Processing combo dish: 2 Medium Pizzas 3 Toppings Each HIDE (combo_id=124052)
[2025-12-10 12:17:00] [INFO] Navigating to combo dish: https://menuadmin.menu.ca/?p=restaurants&display=editRestaurant&restaurant=164&load=editCombo&showLang=en&combo=124052
[2025-12-10 12:17:03] [INFO] Processing combo dish: 2 Pizza Deal 1 Topping (combo_id=11138)
[2025-12-10 12:17:03] [INFO] Navigating to combo dish: https://menuadmin.menu.ca/?p=restaurants&display=editRestaurant&restaurant=164&load=editCombo&showLang=en&combo=11138
[2025-12-10 12:17:10] [INFO] Processing combo dish: 2 Pizza Deal 2 Toppings (combo_id=11139)
[2025-12-10 12:17:10] [INFO] Navigating to combo dish: https://menuadmin.menu.ca/?p=restaurants&display=editRestaurant&restaurant=164&load=editCombo&showLang=en&combo=11139
[2025-12-10 12:17:17] [INFO] Processing combo dish: 2 Pizza Deal 3 Toppings (combo_id=11140)
[2025-12-10 12:17:17] [INFO] Navigating to combo dish: https://menuadmin.menu.ca/?p=restaurants&display=editRestaurant&restaurant=164&load=editCombo&showLang=en&combo=11140
[2025-12-10 12:17:24] [INFO] Processing combo dish: The Perfect Combo Deal with PopCurds (combo_id=88517)
[2025-12-10 12:17:24] [INFO] Navigating to combo dish: https://menuadmin.menu.ca/?p=restaurants&display=editRestaurant&restaurant=164&load=editCombo&showLang=en&combo=88517
[2025-12-10 12:17:30] [INFO] Processing combo dish: Large Pizza 3 Toppings (combo_id=11142)
[2025-12-10 12:17:30] [INFO] Navigating to combo dish: https://menuadmin.menu.ca/?p=restaurants&display=editRestaurant&restaurant=164&load=editCombo&showLang=en&combo=11142
[2025-12-10 12:17:36] [INFO] Processing combo dish: Medium Pizza 3 Toppings (combo_id=11141)
[2025-12-10 12:17:36] [INFO] Navigating to combo dish: https://menuadmin.menu.ca/?p=restaurants&display=editRestaurant&restaurant=164&load=editCombo&showLang=en&combo=11141
[2025-12-10 12:17:43] [INFO] Processing combo dish: Large 2 Topping Pizza with 2L Pop and 2 Dips HIDE (combo_id=83330)
[2025-12-10 12:17:43] [INFO] Navigating to combo dish: https://menuadmin.menu.ca/?p=restaurants&display=editRestaurant&restaurant=164&load=editCombo&showLang=en&combo=83330
[2025-12-10 12:17:45] [INFO] Processing combo dish: One Topping HIDE (combo_id=11040)
[2025-12-10 12:17:45] [INFO] Navigating to combo dish: https://menuadmin.menu.ca/?p=restaurants&display=editRestaurant&restaurant=164&load=editCombo&showLang=en&combo=11040
[2025-12-10 12:17:52] [INFO] Processing combo dish: Two Toppings HIDE (combo_id=11041)
[2025-12-10 12:17:52] [INFO] Navigating to combo dish: https://menuadmin.menu.ca/?p=restaurants&display=editRestaurant&restaurant=164&load=editCombo&showLang=en&combo=11041
[2025-12-10 12:17:58] [INFO] Processing combo dish: 2 Pizza Deal 1 Topping & Two 591ml Drinks (V) (combo_id=92430)
[2025-12-10 12:17:58] [INFO] Navigating to combo dish: https://menuadmin.menu.ca/?p=restaurants&display=editRestaurant&restaurant=164&load=editCombo&showLang=en&combo=92430
[2025-12-10 12:18:04] [INFO] Processing combo dish: 2 Pizza Deal 2 Toppings & Two 591ml Drinks (V) (combo_id=92431)
[2025-12-10 12:18:04] [INFO] Navigating to combo dish: https://menuadmin.menu.ca/?p=restaurants&display=editRestaurant&restaurant=164&load=editCombo&showLang=en&combo=92431
[2025-12-10 12:18:10] [INFO] Processing combo dish: 2 Pizza Deal 3 Toppings & Two 591ml Drinks (V) (combo_id=92432)
[2025-12-10 12:18:10] [INFO] Navigating to combo dish: https://menuadmin.menu.ca/?p=restaurants&display=editRestaurant&restaurant=164&load=editCombo&showLang=en&combo=92432
[2025-12-10 12:18:17] [INFO] Results for Milano:
[2025-12-10 12:18:17] [INFO]   - Dishes processed: 17
[2025-12-10 12:18:17] [INFO]   - Combo links created: 78
[2025-12-10 12:18:17] [INFO]   - Hide days set: 12
[2025-12-10 12:18:17] [INFO]   - Drinks modifiers: 108
[2025-12-10 12:18:17] [INFO] ============================================================
[2025-12-10 12:18:17] [INFO] Processing: Milano (V3: 59, V1: 172)
[2025-12-10 12:18:17] [INFO] ============================================================
[2025-12-10 12:18:17] [INFO] Navigating to menu: https://menuadmin.menu.ca/?p=restaurants&display=editRestaurant&restaurant=172&load=menu&showLang=en
[2025-12-10 12:18:21] [INFO] Found 16 combo dishes
[2025-12-10 12:18:21] [INFO] Processing combo dish: Combo No.1 HIDED (combo_id=76702)
[2025-12-10 12:18:21] [INFO] Navigating to combo dish: https://menuadmin.menu.ca/?p=restaurants&display=editRestaurant&restaurant=172&load=editCombo&showLang=en&combo=76702
[2025-12-10 12:18:25] [INFO] Processing combo dish: Combo No.2 HIDED (combo_id=76703)
[2025-12-10 12:18:25] [INFO] Navigating to combo dish: https://menuadmin.menu.ca/?p=restaurants&display=editRestaurant&restaurant=172&load=editCombo&showLang=en&combo=76703
[2025-12-10 12:18:30] [INFO] Processing combo dish: The Perfect Combo Deal with PopCurds (combo_id=113161)
[2025-12-10 12:18:30] [INFO] Navigating to combo dish: https://menuadmin.menu.ca/?p=restaurants&display=editRestaurant&restaurant=172&load=editCombo&showLang=en&combo=113161
[2025-12-10 12:18:36] [INFO] Processing combo dish: 2 Pizza Deal 1 Topping (combo_id=11287)
[2025-12-10 12:18:36] [INFO] Navigating to combo dish: https://menuadmin.menu.ca/?p=restaurants&display=editRestaurant&restaurant=172&load=editCombo&showLang=en&combo=11287
[2025-12-10 12:18:39] [INFO] Processing combo dish: 2 Pizza Deal 2 Toppings (combo_id=11288)
[2025-12-10 12:18:39] [INFO] Navigating to combo dish: https://menuadmin.menu.ca/?p=restaurants&display=editRestaurant&restaurant=172&load=editCombo&showLang=en&combo=11288
[2025-12-10 12:18:43] [INFO] Processing combo dish: 2 Pizza Deal 3 Toppings (combo_id=11289)
[2025-12-10 12:18:43] [INFO] Navigating to combo dish: https://menuadmin.menu.ca/?p=restaurants&display=editRestaurant&restaurant=172&load=editCombo&showLang=en&combo=11289
[2025-12-10 12:18:46] [INFO] Processing combo dish: The Perfect Combo Deal with PopCurds (combo_id=78378)
[2025-12-10 12:18:46] [INFO] Navigating to combo dish: https://menuadmin.menu.ca/?p=restaurants&display=editRestaurant&restaurant=172&load=editCombo&showLang=en&combo=78378
[2025-12-10 12:18:52] [INFO] Processing combo dish: Large Pizza 3 Toppings (combo_id=11291)
[2025-12-10 12:18:52] [INFO] Navigating to combo dish: https://menuadmin.menu.ca/?p=restaurants&display=editRestaurant&restaurant=172&load=editCombo&showLang=en&combo=11291
[2025-12-10 12:18:58] [INFO] Processing combo dish: Medium Pizza 3 Toppings (combo_id=11290)
[2025-12-10 12:18:58] [INFO] Navigating to combo dish: https://menuadmin.menu.ca/?p=restaurants&display=editRestaurant&restaurant=172&load=editCombo&showLang=en&combo=11290
[2025-12-10 12:19:04] [INFO] Processing combo dish: Large 2 Topping Pizza with 2x591ml Pop and 2 Dips HIDE (combo_id=83331)
[2025-12-10 12:19:04] [INFO] Navigating to combo dish: https://menuadmin.menu.ca/?p=restaurants&display=editRestaurant&restaurant=172&load=editCombo&showLang=en&combo=83331
[2025-12-10 12:19:06] [INFO] Processing combo dish: Hot Customer Appreciation Deal HIDE (combo_id=91515)
[2025-12-10 12:19:06] [INFO] Navigating to combo dish: https://menuadmin.menu.ca/?p=restaurants&display=editRestaurant&restaurant=172&load=editCombo&showLang=en&combo=91515
[2025-12-10 12:19:10] [INFO] Processing combo dish: One Topping HIDE (combo_id=11206)
[2025-12-10 12:19:10] [INFO] Navigating to combo dish: https://menuadmin.menu.ca/?p=restaurants&display=editRestaurant&restaurant=172&load=editCombo&showLang=en&combo=11206
[2025-12-10 12:19:12] [INFO] Processing combo dish: Two Toppings HIDE (combo_id=11207)
[2025-12-10 12:19:12] [INFO] Navigating to combo dish: https://menuadmin.menu.ca/?p=restaurants&display=editRestaurant&restaurant=172&load=editCombo&showLang=en&combo=11207
[2025-12-10 12:19:15] [INFO] Processing combo dish: 2 Pizza Deal 1 Topping (V) (combo_id=92226)
[2025-12-10 12:19:15] [INFO] Navigating to combo dish: https://menuadmin.menu.ca/?p=restaurants&display=editRestaurant&restaurant=172&load=editCombo&showLang=en&combo=92226
[2025-12-10 12:19:18] [INFO] Processing combo dish: 2 Pizza Deal 2 Toppings (V) (combo_id=92227)
[2025-12-10 12:19:18] [INFO] Navigating to combo dish: https://menuadmin.menu.ca/?p=restaurants&display=editRestaurant&restaurant=172&load=editCombo&showLang=en&combo=92227
[2025-12-10 12:19:20] [INFO] Processing combo dish: 2 Pizza Deal 3 Toppings (V) (combo_id=92228)
[2025-12-10 12:19:20] [INFO] Navigating to combo dish: https://menuadmin.menu.ca/?p=restaurants&display=editRestaurant&restaurant=172&load=editCombo&showLang=en&combo=92228
[2025-12-10 12:19:23] [INFO] Results for Milano:
[2025-12-10 12:19:23] [INFO]   - Dishes processed: 16
[2025-12-10 12:19:23] [INFO]   - Combo links created: 69
[2025-12-10 12:19:23] [INFO]   - Hide days set: 16
[2025-12-10 12:19:23] [INFO]   - Drinks modifiers: 32
[2025-12-10 12:19:23] [INFO] ============================================================
[2025-12-10 12:19:23] [INFO] Processing: Vanier Pizza & Subs (V3: 62, V1: 175)
[2025-12-10 12:19:23] [INFO] ============================================================
[2025-12-10 12:19:23] [INFO] Navigating to menu: https://menuadmin.menu.ca/?p=restaurants&display=editRestaurant&restaurant=175&load=menu&showLang=en
[2025-12-10 12:19:28] [INFO] Found 13 combo dishes
[2025-12-10 12:19:28] [INFO] Processing combo dish: Large Pizza Deal (combo_id=12296)
[2025-12-10 12:19:28] [INFO] Navigating to combo dish: https://menuadmin.menu.ca/?p=restaurants&display=editRestaurant&restaurant=175&load=editCombo&showLang=en&combo=12296
[2025-12-10 12:19:31] [INFO] Processing combo dish: Medium Pizza Deal (combo_id=12297)
[2025-12-10 12:19:31] [INFO] Navigating to combo dish: https://menuadmin.menu.ca/?p=restaurants&display=editRestaurant&restaurant=175&load=editCombo&showLang=en&combo=12297
[2025-12-10 12:19:33] [INFO] Processing combo dish: Small Pizza & Wings Deal (combo_id=12298)
[2025-12-10 12:19:33] [INFO] Navigating to combo dish: https://menuadmin.menu.ca/?p=restaurants&display=editRestaurant&restaurant=175&load=editCombo&showLang=en&combo=12298
[2025-12-10 12:19:36] [INFO] Processing combo dish: Medium Pizza & Wings Deal (combo_id=12299)
[2025-12-10 12:19:36] [INFO] Navigating to combo dish: https://menuadmin.menu.ca/?p=restaurants&display=editRestaurant&restaurant=175&load=editCombo&showLang=en&combo=12299
[2025-12-10 12:19:39] [INFO] Processing combo dish: Large Pizza & Wings Deal (combo_id=12300)
[2025-12-10 12:19:39] [INFO] Navigating to combo dish: https://menuadmin.menu.ca/?p=restaurants&display=editRestaurant&restaurant=175&load=editCombo&showLang=en&combo=12300
[2025-12-10 12:19:42] [INFO] Processing combo dish: 2 Subs at Special Price (combo_id=12305)
[2025-12-10 12:19:42] [INFO] Navigating to combo dish: https://menuadmin.menu.ca/?p=restaurants&display=editRestaurant&restaurant=175&load=editCombo&showLang=en&combo=12305
[2025-12-10 12:19:44] [INFO] Processing combo dish: 2 Small Pizza Special (combo_id=12301)
[2025-12-10 12:19:44] [INFO] Navigating to combo dish: https://menuadmin.menu.ca/?p=restaurants&display=editRestaurant&restaurant=175&load=editCombo&showLang=en&combo=12301
[2025-12-10 12:19:47] [INFO] Processing combo dish: 2 Medium Pizza Special (combo_id=12302)
[2025-12-10 12:19:47] [INFO] Navigating to combo dish: https://menuadmin.menu.ca/?p=restaurants&display=editRestaurant&restaurant=175&load=editCombo&showLang=en&combo=12302
[2025-12-10 12:19:50] [INFO] Processing combo dish: 2 Large Pizza Special (combo_id=12303)
[2025-12-10 12:19:50] [INFO] Navigating to combo dish: https://menuadmin.menu.ca/?p=restaurants&display=editRestaurant&restaurant=175&load=editCombo&showLang=en&combo=12303
[2025-12-10 12:19:52] [INFO] Processing combo dish: 2 X-Large Pizza Special (combo_id=12304)
[2025-12-10 12:19:52] [INFO] Navigating to combo dish: https://menuadmin.menu.ca/?p=restaurants&display=editRestaurant&restaurant=175&load=editCombo&showLang=en&combo=12304
[2025-12-10 12:19:55] [INFO] Processing combo dish: 1 Item Pizza (combo_id=11431)
[2025-12-10 12:19:55] [INFO] Navigating to combo dish: https://menuadmin.menu.ca/?p=restaurants&display=editRestaurant&restaurant=175&load=editCombo&showLang=en&combo=11431
[2025-12-10 12:19:58] [INFO] Processing combo dish: 2 Items Pizza (combo_id=11432)
[2025-12-10 12:19:58] [INFO] Navigating to combo dish: https://menuadmin.menu.ca/?p=restaurants&display=editRestaurant&restaurant=175&load=editCombo&showLang=en&combo=11432
[2025-12-10 12:20:00] [INFO] Processing combo dish: 3 Items Pizza (combo_id=11433)
[2025-12-10 12:20:00] [INFO] Navigating to combo dish: https://menuadmin.menu.ca/?p=restaurants&display=editRestaurant&restaurant=175&load=editCombo&showLang=en&combo=11433
[2025-12-10 12:20:04] [INFO] Results for Vanier Pizza & Subs:
[2025-12-10 12:20:04] [INFO]   - Dishes processed: 13
[2025-12-10 12:20:04] [INFO]   - Combo links created: 46
[2025-12-10 12:20:04] [INFO]   - Hide days set: 0
[2025-12-10 12:20:04] [INFO]   - Drinks modifiers: 0
[2025-12-10 12:20:04] [INFO] ============================================================
[2025-12-10 12:20:04] [INFO] Processing: Number One Chinese Take Out (V3: 65, V1: 179)
[2025-12-10 12:20:04] [INFO] ============================================================
[2025-12-10 12:20:04] [INFO] Navigating to menu: https://menuadmin.menu.ca/?p=restaurants&display=editRestaurant&restaurant=179&load=menu&showLang=en
[2025-12-10 12:20:08] [INFO] Found 0 combo dishes
[2025-12-10 12:20:08] [INFO] No combo dishes found for restaurant 65
[2025-12-10 12:20:08] [INFO] Results for Number One Chinese Take Out:
[2025-12-10 12:20:08] [INFO]   - Dishes processed: 0
[2025-12-10 12:20:08] [INFO]   - Combo links created: 0
[2025-12-10 12:20:08] [INFO]   - Hide days set: 0
[2025-12-10 12:20:08] [INFO]   - Drinks modifiers: 0
[2025-12-10 12:20:08] [INFO] ============================================================
[2025-12-10 12:20:08] [INFO] Processing: Aylmer BBQ (V3: 69, V1: 183)
[2025-12-10 12:20:08] [INFO] ============================================================
[2025-12-10 12:20:08] [INFO] Navigating to menu: https://menuadmin.menu.ca/?p=restaurants&display=editRestaurant&restaurant=183&load=menu&showLang=en
[2025-12-10 12:20:12] [INFO] Found 1 combo dishes
[2025-12-10 12:20:12] [INFO] Processing combo dish: Grande Special (combo_id=123253)
[2025-12-10 12:20:12] [INFO] Navigating to combo dish: https://menuadmin.menu.ca/?p=restaurants&display=editRestaurant&restaurant=183&load=editCombo&showLang=en&combo=123253
[2025-12-10 12:20:14] [INFO] Results for Aylmer BBQ:
[2025-12-10 12:20:14] [INFO]   - Dishes processed: 1
[2025-12-10 12:20:14] [INFO]   - Combo links created: 2
[2025-12-10 12:20:14] [INFO]   - Hide days set: 0
[2025-12-10 12:20:14] [INFO]   - Drinks modifiers: 0
[2025-12-10 12:20:14] [INFO] ============================================================
[2025-12-10 12:20:14] [INFO] Processing: Papa Pizza - Hull (V3: 70, V1: 184)
[2025-12-10 12:20:14] [INFO] ============================================================
[2025-12-10 12:20:14] [INFO] Navigating to menu: https://menuadmin.menu.ca/?p=restaurants&display=editRestaurant&restaurant=184&load=menu&showLang=en
[2025-12-10 12:20:19] [INFO] Found 0 combo dishes
[2025-12-10 12:20:19] [INFO] No combo dishes found for restaurant 70
[2025-12-10 12:20:19] [INFO] Results for Papa Pizza - Hull:
[2025-12-10 12:20:19] [INFO]   - Dishes processed: 0
[2025-12-10 12:20:19] [INFO]   - Combo links created: 0
[2025-12-10 12:20:19] [INFO]   - Hide days set: 0
[2025-12-10 12:20:19] [INFO]   - Drinks modifiers: 0
[2025-12-10 12:20:19] [INFO] ============================================================
[2025-12-10 12:20:19] [INFO] Processing: Cathay Restaurants (V3: 72, V1: 187)
[2025-12-10 12:20:19] [INFO] ============================================================
[2025-12-10 12:20:19] [INFO] Navigating to menu: https://menuadmin.menu.ca/?p=restaurants&display=editRestaurant&restaurant=187&load=menu&showLang=en
[2025-12-10 12:20:23] [INFO] Found 0 combo dishes
[2025-12-10 12:20:23] [INFO] No combo dishes found for restaurant 72
[2025-12-10 12:20:23] [INFO] Results for Cathay Restaurants:
[2025-12-10 12:20:23] [INFO]   - Dishes processed: 0
[2025-12-10 12:20:23] [INFO]   - Combo links created: 0
[2025-12-10 12:20:23] [INFO]   - Hide days set: 0
[2025-12-10 12:20:23] [INFO]   - Drinks modifiers: 0
[2025-12-10 12:20:23] [INFO] ============================================================
[2025-12-10 12:20:23] [INFO] Processing: Milano (V3: 75, V1: 190)
[2025-12-10 12:20:23] [INFO] ============================================================
[2025-12-10 12:20:23] [INFO] Navigating to menu: https://menuadmin.menu.ca/?p=restaurants&display=editRestaurant&restaurant=190&load=menu&showLang=en
[2025-12-10 12:20:27] [INFO] Found 16 combo dishes
[2025-12-10 12:20:27] [INFO] Processing combo dish: Combo No.1 HIDED (combo_id=76706)
[2025-12-10 12:20:27] [INFO] Navigating to combo dish: https://menuadmin.menu.ca/?p=restaurants&display=editRestaurant&restaurant=190&load=editCombo&showLang=en&combo=76706
[2025-12-10 12:20:31] [INFO] Processing combo dish: Combo No.2 HIDED (combo_id=76707)
[2025-12-10 12:20:31] [INFO] Navigating to combo dish: https://menuadmin.menu.ca/?p=restaurants&display=editRestaurant&restaurant=190&load=editCombo&showLang=en&combo=76707
[2025-12-10 12:20:35] [INFO] Processing combo dish: The Perfect Combo Deal with PopCurds (combo_id=113162)
[2025-12-10 12:20:35] [INFO] Navigating to combo dish: https://menuadmin.menu.ca/?p=restaurants&display=editRestaurant&restaurant=190&load=editCombo&showLang=en&combo=113162
[2025-12-10 12:20:43] [INFO] Processing combo dish: The Perfect Combo Deal with PopCurds (combo_id=78263)
[2025-12-10 12:20:43] [INFO] Navigating to combo dish: https://menuadmin.menu.ca/?p=restaurants&display=editRestaurant&restaurant=190&load=editCombo&showLang=en&combo=78263
[2025-12-10 12:20:50] [INFO] Processing combo dish: Large Pizza Special (combo_id=13202)
[2025-12-10 12:20:50] [INFO] Navigating to combo dish: https://menuadmin.menu.ca/?p=restaurants&display=editRestaurant&restaurant=190&load=editCombo&showLang=en&combo=13202
[2025-12-10 12:20:58] [INFO] Processing combo dish: Medium Pizza Special (combo_id=13201)
[2025-12-10 12:20:58] [INFO] Navigating to combo dish: https://menuadmin.menu.ca/?p=restaurants&display=editRestaurant&restaurant=190&load=editCombo&showLang=en&combo=13201
[2025-12-10 12:21:05] [INFO] Processing combo dish: Donair Special (combo_id=49318)
[2025-12-10 12:21:05] [INFO] Navigating to combo dish: https://menuadmin.menu.ca/?p=restaurants&display=editRestaurant&restaurant=190&load=editCombo&showLang=en&combo=49318
[2025-12-10 12:21:07] [INFO] Processing combo dish: 2 Pizza Deal 1 Topping (combo_id=13198)
[2025-12-10 12:21:07] [INFO] Navigating to combo dish: https://menuadmin.menu.ca/?p=restaurants&display=editRestaurant&restaurant=190&load=editCombo&showLang=en&combo=13198
[2025-12-10 12:21:16] [INFO] Processing combo dish: 2 Pizza Deal 2 Toppings (combo_id=13199)
[2025-12-10 12:21:16] [INFO] Navigating to combo dish: https://menuadmin.menu.ca/?p=restaurants&display=editRestaurant&restaurant=190&load=editCombo&showLang=en&combo=13199
[2025-12-10 12:21:24] [INFO] Processing combo dish: 2 Pizza Deal 3 Toppings (combo_id=13200)
[2025-12-10 12:21:24] [INFO] Navigating to combo dish: https://menuadmin.menu.ca/?p=restaurants&display=editRestaurant&restaurant=190&load=editCombo&showLang=en&combo=13200
[2025-12-10 12:21:32] [INFO] Processing combo dish: Three Toppings HIDE (combo_id=49311)
[2025-12-10 12:21:32] [INFO] Navigating to combo dish: https://menuadmin.menu.ca/?p=restaurants&display=editRestaurant&restaurant=190&load=editCombo&showLang=en&combo=49311
[2025-12-10 12:21:35] [INFO] Processing combo dish: Two Toppings Pizza HIDE (combo_id=13110)
[2025-12-10 12:21:35] [INFO] Navigating to combo dish: https://menuadmin.menu.ca/?p=restaurants&display=editRestaurant&restaurant=190&load=editCombo&showLang=en&combo=13110
[2025-12-10 12:21:37] [INFO] Processing combo dish: One Topping Pizza HIDE (combo_id=13109)
[2025-12-10 12:21:37] [INFO] Navigating to combo dish: https://menuadmin.menu.ca/?p=restaurants&display=editRestaurant&restaurant=190&load=editCombo&showLang=en&combo=13109
[2025-12-10 12:21:40] [INFO] Processing combo dish: 2 Pizza Deal 1 Topping & Two 591ml Drinks (V) HIDE (combo_id=92619)
[2025-12-10 12:21:40] [INFO] Navigating to combo dish: https://menuadmin.menu.ca/?p=restaurants&display=editRestaurant&restaurant=190&load=editCombo&showLang=en&combo=92619
[2025-12-10 12:21:47] [INFO] Processing combo dish: 2 Pizza Deal 2 Toppings & Two 591ml Drinks (V) HIDE (combo_id=92620)
[2025-12-10 12:21:47] [INFO] Navigating to combo dish: https://menuadmin.menu.ca/?p=restaurants&display=editRestaurant&restaurant=190&load=editCombo&showLang=en&combo=92620
[2025-12-10 12:21:54] [INFO] Processing combo dish: 2 Pizza Deal 3 Toppings & Two 591ml Drinks (V) HIDE (combo_id=92621)
[2025-12-10 12:21:54] [INFO] Navigating to combo dish: https://menuadmin.menu.ca/?p=restaurants&display=editRestaurant&restaurant=190&load=editCombo&showLang=en&combo=92621
[2025-12-10 12:22:02] [INFO] Results for Milano:
[2025-12-10 12:22:02] [INFO]   - Dishes processed: 16
[2025-12-10 12:22:02] [INFO]   - Combo links created: 72
[2025-12-10 12:22:02] [INFO]   - Hide days set: 12
[2025-12-10 12:22:02] [INFO]   - Drinks modifiers: 120
[2025-12-10 12:22:02] [INFO] ============================================================
[2025-12-10 12:22:02] [INFO] Processing: Lorenzo's Pizzeria - Vanier (V3: 77, V1: 192)
[2025-12-10 12:22:02] [INFO] ============================================================
[2025-12-10 12:22:02] [INFO] Navigating to menu: https://menuadmin.menu.ca/?p=restaurants&display=editRestaurant&restaurant=192&load=menu&showLang=en
[2025-12-10 12:22:06] [INFO] Found 16 combo dishes
[2025-12-10 12:22:06] [INFO] Processing combo dish: Pizza Combo (combo_id=141470)
[2025-12-10 12:22:06] [INFO] Navigating to combo dish: https://menuadmin.menu.ca/?p=restaurants&display=editRestaurant&restaurant=192&load=editCombo&showLang=en&combo=141470
[2025-12-10 12:22:08] [INFO] Processing combo dish: Large Pizza 3 Toppings with Wings (combo_id=14404)
[2025-12-10 12:22:08] [INFO] Navigating to combo dish: https://menuadmin.menu.ca/?p=restaurants&display=editRestaurant&restaurant=192&load=editCombo&showLang=en&combo=14404
[2025-12-10 12:22:15] [INFO] Processing combo dish: Medium Pizza 3 Toppings with Wings (combo_id=14403)
[2025-12-10 12:22:15] [INFO] Navigating to combo dish: https://menuadmin.menu.ca/?p=restaurants&display=editRestaurant&restaurant=192&load=editCombo&showLang=en&combo=14403
[2025-12-10 12:22:22] [INFO] Processing combo dish: 2 Shawarma Meal HIDE (combo_id=14400)
[2025-12-10 12:22:22] [INFO] Navigating to combo dish: https://menuadmin.menu.ca/?p=restaurants&display=editRestaurant&restaurant=192&load=editCombo&showLang=en&combo=14400
[2025-12-10 12:22:28] [INFO] Processing combo dish: Two Small Pizzas 2 Toppings and 2 Drinks HIDE (combo_id=94425)
[2025-12-10 12:22:28] [INFO] Navigating to combo dish: https://menuadmin.menu.ca/?p=restaurants&display=editRestaurant&restaurant=192&load=editCombo&showLang=en&combo=94425
[2025-12-10 12:22:34] [INFO] Processing combo dish: Two Medium Pizzas 2 Toppings and 4 Drinks HIDE (combo_id=94426)
[2025-12-10 12:22:34] [INFO] Navigating to combo dish: https://menuadmin.menu.ca/?p=restaurants&display=editRestaurant&restaurant=192&load=editCombo&showLang=en&combo=94426
[2025-12-10 12:22:41] [INFO] Processing combo dish: Two Large Pizzas 2 Toppings and 6 Drinks HIDE (combo_id=94427)
[2025-12-10 12:22:41] [INFO] Navigating to combo dish: https://menuadmin.menu.ca/?p=restaurants&display=editRestaurant&restaurant=192&load=editCombo&showLang=en&combo=94427
[2025-12-10 12:22:47] [INFO] Processing combo dish: Small Pizza 3 Toppings with Wings HIDE (combo_id=14402)
[2025-12-10 12:22:47] [INFO] Navigating to combo dish: https://menuadmin.menu.ca/?p=restaurants&display=editRestaurant&restaurant=192&load=editCombo&showLang=en&combo=14402
[2025-12-10 12:22:54] [INFO] Processing combo dish: 2 Donair Platters HIDE (combo_id=14401)
[2025-12-10 12:22:54] [INFO] Navigating to combo dish: https://menuadmin.menu.ca/?p=restaurants&display=editRestaurant&restaurant=192&load=editCombo&showLang=en&combo=14401
[2025-12-10 12:22:56] [INFO] Processing combo dish: Family Deal HIDE (combo_id=120539)
[2025-12-10 12:22:56] [INFO] Navigating to combo dish: https://menuadmin.menu.ca/?p=restaurants&display=editRestaurant&restaurant=192&load=editCombo&showLang=en&combo=120539
[2025-12-10 12:23:03] [INFO] Processing combo dish: Twin Pizzas 2 Toppings (combo_id=141257)
[2025-12-10 12:23:03] [INFO] Navigating to combo dish: https://menuadmin.menu.ca/?p=restaurants&display=editRestaurant&restaurant=192&load=editCombo&showLang=en&combo=141257
[2025-12-10 12:23:06] [INFO] Processing combo dish: Twin Pizzas 4 Toppings (combo_id=141258)
[2025-12-10 12:23:06] [INFO] Navigating to combo dish: https://menuadmin.menu.ca/?p=restaurants&display=editRestaurant&restaurant=192&load=editCombo&showLang=en&combo=141258
[2025-12-10 12:23:08] [INFO] Processing combo dish: Twin Pizzas 6 Toppings (combo_id=141259)
[2025-12-10 12:23:08] [INFO] Navigating to combo dish: https://menuadmin.menu.ca/?p=restaurants&display=editRestaurant&restaurant=192&load=editCombo&showLang=en&combo=141259
[2025-12-10 12:23:11] [INFO] Processing combo dish: One Topping Pizza (combo_id=13714)
[2025-12-10 12:23:11] [INFO] Navigating to combo dish: https://menuadmin.menu.ca/?p=restaurants&display=editRestaurant&restaurant=192&load=editCombo&showLang=en&combo=13714
[2025-12-10 12:23:14] [INFO] Processing combo dish: Two Toppings Pizza (combo_id=124036)
[2025-12-10 12:23:14] [INFO] Navigating to combo dish: https://menuadmin.menu.ca/?p=restaurants&display=editRestaurant&restaurant=192&load=editCombo&showLang=en&combo=124036
[2025-12-10 12:23:16] [INFO] Processing combo dish: Three Toppings Pizza HIDE (combo_id=141230)
[2025-12-10 12:23:16] [INFO] Navigating to combo dish: https://menuadmin.menu.ca/?p=restaurants&display=editRestaurant&restaurant=192&load=editCombo&showLang=en&combo=141230
[2025-12-10 12:23:18] [INFO] Results for Lorenzo's Pizzeria - Vanier:
[2025-12-10 12:23:18] [INFO]   - Dishes processed: 16
[2025-12-10 12:23:18] [INFO]   - Combo links created: 51
[2025-12-10 12:23:18] [INFO]   - Hide days set: 0
[2025-12-10 12:23:18] [INFO]   - Drinks modifiers: 80
[2025-12-10 12:23:18] [INFO] ============================================================
[2025-12-10 12:23:18] [INFO] Processing: Season's Pizza (V3: 83, V1: 199)
[2025-12-10 12:23:18] [INFO] ============================================================
[2025-12-10 12:23:18] [INFO] Navigating to menu: https://menuadmin.menu.ca/?p=restaurants&display=editRestaurant&restaurant=199&load=menu&showLang=en
[2025-12-10 12:23:22] [INFO] Found 32 combo dishes
[2025-12-10 12:23:22] [INFO] Processing combo dish: Medium Pizza 3 Toppings with Wings (combo_id=21101)
[2025-12-10 12:23:22] [INFO] Navigating to combo dish: https://menuadmin.menu.ca/?p=restaurants&display=editRestaurant&restaurant=199&load=editCombo&showLang=en&combo=21101
[2025-12-10 12:23:32] [INFO] Processing combo dish: Small Pizza 3 Toppings Special (combo_id=21102)
[2025-12-10 12:23:32] [INFO] Navigating to combo dish: https://menuadmin.menu.ca/?p=restaurants&display=editRestaurant&restaurant=199&load=editCombo&showLang=en&combo=21102
[2025-12-10 12:23:43] [INFO] Processing combo dish: Large Pizza 3 Toppings Special (combo_id=21105)
[2025-12-10 12:23:43] [INFO] Navigating to combo dish: https://menuadmin.menu.ca/?p=restaurants&display=editRestaurant&restaurant=199&load=editCombo&showLang=en&combo=21105
[2025-12-10 12:23:56] [INFO] Processing combo dish: Medium Pizza 3 Toppings with Salad (combo_id=21106)
[2025-12-10 12:23:56] [INFO] Navigating to combo dish: https://menuadmin.menu.ca/?p=restaurants&display=editRestaurant&restaurant=199&load=editCombo&showLang=en&combo=21106
[2025-12-10 12:24:12] [INFO] Processing combo dish: Family Special (combo_id=21103)
[2025-12-10 12:24:12] [INFO] Navigating to combo dish: https://menuadmin.menu.ca/?p=restaurants&display=editRestaurant&restaurant=199&load=editCombo&showLang=en&combo=21103
[2025-12-10 12:24:28] [INFO] Processing combo dish: Two Medium Pizzas 3 Toppings Special (combo_id=21107)
[2025-12-10 12:24:28] [INFO] Navigating to combo dish: https://menuadmin.menu.ca/?p=restaurants&display=editRestaurant&restaurant=199&load=editCombo&showLang=en&combo=21107
[2025-12-10 12:24:42] [INFO] Processing combo dish: Two Medium Pizzas 2 Toppings (combo_id=21108)
[2025-12-10 12:24:42] [INFO] Navigating to combo dish: https://menuadmin.menu.ca/?p=restaurants&display=editRestaurant&restaurant=199&load=editCombo&showLang=en&combo=21108
[2025-12-10 12:24:52] [INFO] Processing combo dish: Monday Special (combo_id=21104)
[2025-12-10 12:24:52] [INFO] Navigating to combo dish: https://menuadmin.menu.ca/?p=restaurants&display=editRestaurant&restaurant=199&load=editCombo&showLang=en&combo=21104
[2025-12-10 12:24:57] [INFO] Processing combo dish: Plain (combo_id=20340)
[2025-12-10 12:24:57] [INFO] Navigating to combo dish: https://menuadmin.menu.ca/?p=restaurants&display=editRestaurant&restaurant=199&load=editCombo&showLang=en&combo=20340
[2025-12-10 12:24:59] [INFO] Processing combo dish: 1 Topping 2 For 1 Pizza (combo_id=20341)
[2025-12-10 12:24:59] [INFO] Navigating to combo dish: https://menuadmin.menu.ca/?p=restaurants&display=editRestaurant&restaurant=199&load=editCombo&showLang=en&combo=20341
[2025-12-10 12:25:02] [INFO] Processing combo dish: 2 Toppings 2 For 1 Pizza (combo_id=20342)
[2025-12-10 12:25:02] [INFO] Navigating to combo dish: https://menuadmin.menu.ca/?p=restaurants&display=editRestaurant&restaurant=199&load=editCombo&showLang=en&combo=20342
[2025-12-10 12:25:05] [INFO] Processing combo dish: 3 Toppings 2 For 1 Pizza (combo_id=20343)
[2025-12-10 12:25:05] [INFO] Navigating to combo dish: https://menuadmin.menu.ca/?p=restaurants&display=editRestaurant&restaurant=199&load=editCombo&showLang=en&combo=20343
[2025-12-10 12:25:07] [INFO] Processing combo dish: Combination Pizza (combo_id=20344)
[2025-12-10 12:25:07] [INFO] Navigating to combo dish: https://menuadmin.menu.ca/?p=restaurants&display=editRestaurant&restaurant=199&load=editCombo&showLang=en&combo=20344
[2025-12-10 12:25:10] [INFO] Processing combo dish: Canadian Pizza (combo_id=20345)
[2025-12-10 12:25:10] [INFO] Navigating to combo dish: https://menuadmin.menu.ca/?p=restaurants&display=editRestaurant&restaurant=199&load=editCombo&showLang=en&combo=20345
[2025-12-10 12:25:12] [INFO] Processing combo dish: Hawaiian Pizza (combo_id=20346)
[2025-12-10 12:25:12] [INFO] Navigating to combo dish: https://menuadmin.menu.ca/?p=restaurants&display=editRestaurant&restaurant=199&load=editCombo&showLang=en&combo=20346
[2025-12-10 12:25:15] [INFO] Processing combo dish: Chef Special Pizza (combo_id=20347)
[2025-12-10 12:25:15] [INFO] Navigating to combo dish: https://menuadmin.menu.ca/?p=restaurants&display=editRestaurant&restaurant=199&load=editCombo&showLang=en&combo=20347
[2025-12-10 12:25:17] [INFO] Processing combo dish: Meat Lovers Pizza (combo_id=20348)
[2025-12-10 12:25:17] [INFO] Navigating to combo dish: https://menuadmin.menu.ca/?p=restaurants&display=editRestaurant&restaurant=199&load=editCombo&showLang=en&combo=20348
[2025-12-10 12:25:19] [INFO] Processing combo dish: Meat Man Pizza (combo_id=20349)
[2025-12-10 12:25:19] [INFO] Navigating to combo dish: https://menuadmin.menu.ca/?p=restaurants&display=editRestaurant&restaurant=199&load=editCombo&showLang=en&combo=20349
[2025-12-10 12:25:22] [INFO] Processing combo dish: Season's Special Pizza (combo_id=20350)
[2025-12-10 12:25:22] [INFO] Navigating to combo dish: https://menuadmin.menu.ca/?p=restaurants&display=editRestaurant&restaurant=199&load=editCombo&showLang=en&combo=20350
[2025-12-10 12:25:24] [INFO] Processing combo dish: Season's Super Special Pizza (combo_id=20351)
[2025-12-10 12:25:24] [INFO] Navigating to combo dish: https://menuadmin.menu.ca/?p=restaurants&display=editRestaurant&restaurant=199&load=editCombo&showLang=en&combo=20351
[2025-12-10 12:25:27] [INFO] Processing combo dish: Italian Pizza (combo_id=20352)
[2025-12-10 12:25:27] [INFO] Navigating to combo dish: https://menuadmin.menu.ca/?p=restaurants&display=editRestaurant&restaurant=199&load=editCombo&showLang=en&combo=20352
[2025-12-10 12:25:29] [INFO] Processing combo dish: Burger Pizza (combo_id=20353)
[2025-12-10 12:25:29] [INFO] Navigating to combo dish: https://menuadmin.menu.ca/?p=restaurants&display=editRestaurant&restaurant=199&load=editCombo&showLang=en&combo=20353
[2025-12-10 12:25:32] [INFO] Processing combo dish: Vegetarian Pizza (combo_id=20354)
[2025-12-10 12:25:32] [INFO] Navigating to combo dish: https://menuadmin.menu.ca/?p=restaurants&display=editRestaurant&restaurant=199&load=editCombo&showLang=en&combo=20354
[2025-12-10 12:25:34] [INFO] Processing combo dish: Spaghatti Pizza (combo_id=67670)
[2025-12-10 12:25:34] [INFO] Navigating to combo dish: https://menuadmin.menu.ca/?p=restaurants&display=editRestaurant&restaurant=199&load=editCombo&showLang=en&combo=67670
[2025-12-10 12:25:36] [INFO] Processing combo dish: Greek Pizza (combo_id=20355)
[2025-12-10 12:25:36] [INFO] Navigating to combo dish: https://menuadmin.menu.ca/?p=restaurants&display=editRestaurant&restaurant=199&load=editCombo&showLang=en&combo=20355
[2025-12-10 12:25:39] [INFO] Processing combo dish: Donair Pizza (combo_id=20356)
[2025-12-10 12:25:39] [INFO] Navigating to combo dish: https://menuadmin.menu.ca/?p=restaurants&display=editRestaurant&restaurant=199&load=editCombo&showLang=en&combo=20356
[2025-12-10 12:25:41] [INFO] Processing combo dish: Mexican Pizza (combo_id=20357)
[2025-12-10 12:25:41] [INFO] Navigating to combo dish: https://menuadmin.menu.ca/?p=restaurants&display=editRestaurant&restaurant=199&load=editCombo&showLang=en&combo=20357
[2025-12-10 12:25:43] [INFO] Processing combo dish: Mexican Plus Pizza with Chicken (combo_id=20358)
[2025-12-10 12:25:43] [INFO] Navigating to combo dish: https://menuadmin.menu.ca/?p=restaurants&display=editRestaurant&restaurant=199&load=editCombo&showLang=en&combo=20358
[2025-12-10 12:25:46] [INFO] Processing combo dish: Mexican Plus Pizza with Ground Beef (combo_id=20359)
[2025-12-10 12:25:46] [INFO] Navigating to combo dish: https://menuadmin.menu.ca/?p=restaurants&display=editRestaurant&restaurant=199&load=editCombo&showLang=en&combo=20359
[2025-12-10 12:25:48] [INFO] Processing combo dish: 1 Topping Single Pizza (combo_id=21059)
[2025-12-10 12:25:48] [INFO] Navigating to combo dish: https://menuadmin.menu.ca/?p=restaurants&display=editRestaurant&restaurant=199&load=editCombo&showLang=en&combo=21059
[2025-12-10 12:25:51] [INFO] Processing combo dish: 2 Toppings Single Pizza (combo_id=21060)
[2025-12-10 12:25:51] [INFO] Navigating to combo dish: https://menuadmin.menu.ca/?p=restaurants&display=editRestaurant&restaurant=199&load=editCombo&showLang=en&combo=21060
[2025-12-10 12:25:53] [INFO] Processing combo dish: 3 Toppings Single Pizza (combo_id=21062)
[2025-12-10 12:25:53] [INFO] Navigating to combo dish: https://menuadmin.menu.ca/?p=restaurants&display=editRestaurant&restaurant=199&load=editCombo&showLang=en&combo=21062
[2025-12-10 12:25:56] [INFO] Results for Season's Pizza:
[2025-12-10 12:25:56] [INFO]   - Dishes processed: 32
[2025-12-10 12:25:56] [INFO]   - Combo links created: 91
[2025-12-10 12:25:56] [INFO]   - Hide days set: 6
[2025-12-10 12:25:56] [INFO]   - Drinks modifiers: 77
[2025-12-10 12:25:56] [INFO] ============================================================
[2025-12-10 12:25:56] [INFO] Processing: The Original Georgie's (V3: 84, V1: 200)
[2025-12-10 12:25:56] [INFO] ============================================================
[2025-12-10 12:25:56] [INFO] Navigating to menu: https://menuadmin.menu.ca/?p=restaurants&display=editRestaurant&restaurant=200&load=menu&showLang=en
[2025-12-10 12:26:00] [INFO] Found 5 combo dishes
[2025-12-10 12:26:00] [INFO] Processing combo dish: Buddy Pack (2 Free Garlic Sauces) (combo_id=72572)
[2025-12-10 12:26:00] [INFO] Navigating to combo dish: https://menuadmin.menu.ca/?p=restaurants&display=editRestaurant&restaurant=200&load=editCombo&showLang=en&combo=72572
[2025-12-10 12:26:08] [INFO] Processing combo dish: Party Pack 1 (2 Free Garlic Sauces) (combo_id=72573)
[2025-12-10 12:26:08] [INFO] Navigating to combo dish: https://menuadmin.menu.ca/?p=restaurants&display=editRestaurant&restaurant=200&load=editCombo&showLang=en&combo=72573
[2025-12-10 12:26:17] [INFO] Processing combo dish: Party Pack 2 (3 Free Garlic Sauces) (combo_id=72574)
[2025-12-10 12:26:17] [INFO] Navigating to combo dish: https://menuadmin.menu.ca/?p=restaurants&display=editRestaurant&restaurant=200&load=editCombo&showLang=en&combo=72574
[2025-12-10 12:26:25] [INFO] Processing combo dish: Spaghetti For 2 HIDE (combo_id=72575)
[2025-12-10 12:26:25] [INFO] Navigating to combo dish: https://menuadmin.menu.ca/?p=restaurants&display=editRestaurant&restaurant=200&load=editCombo&showLang=en&combo=72575
[2025-12-10 12:26:33] [INFO] Processing combo dish: 1 Item Pizza (combo_id=40109)
[2025-12-10 12:26:33] [INFO] Navigating to combo dish: https://menuadmin.menu.ca/?p=restaurants&display=editRestaurant&restaurant=200&load=editCombo&showLang=en&combo=40109
[2025-12-10 12:26:36] [INFO] Results for The Original Georgie's:
[2025-12-10 12:26:36] [INFO]   - Dishes processed: 5
[2025-12-10 12:26:36] [INFO]   - Combo links created: 16
[2025-12-10 12:26:36] [INFO]   - Hide days set: 0
[2025-12-10 12:26:36] [INFO]   - Drinks modifiers: 60
[2025-12-10 12:26:36] [INFO] ============================================================
[2025-12-10 12:26:36] [INFO] Processing: Champa Thai Cuisine (V3: 87, V1: 203)
[2025-12-10 12:26:36] [INFO] ============================================================
[2025-12-10 12:26:36] [INFO] Navigating to menu: https://menuadmin.menu.ca/?p=restaurants&display=editRestaurant&restaurant=203&load=menu&showLang=en
[2025-12-10 12:26:40] [INFO] Found 0 combo dishes
[2025-12-10 12:26:40] [INFO] No combo dishes found for restaurant 87
[2025-12-10 12:26:40] [INFO] Results for Champa Thai Cuisine:
[2025-12-10 12:26:40] [INFO]   - Dishes processed: 0
[2025-12-10 12:26:40] [INFO]   - Combo links created: 0
[2025-12-10 12:26:40] [INFO]   - Hide days set: 0
[2025-12-10 12:26:40] [INFO]   - Drinks modifiers: 0
[2025-12-10 12:26:40] [INFO] ============================================================
[2025-12-10 12:26:40] [INFO] Processing: Milano (V3: 88, V1: 204)
[2025-12-10 12:26:40] [INFO] ============================================================
[2025-12-10 12:26:40] [INFO] Navigating to menu: https://menuadmin.menu.ca/?p=restaurants&display=editRestaurant&restaurant=204&load=menu&showLang=en
[2025-12-10 12:26:44] [INFO] Found 20 combo dishes
[2025-12-10 12:26:44] [INFO] Processing combo dish: Large Pizza with Dip HIDE (combo_id=123275)
[2025-12-10 12:26:44] [INFO] Navigating to combo dish: https://menuadmin.menu.ca/?p=restaurants&display=editRestaurant&restaurant=204&load=editCombo&showLang=en&combo=123275
[2025-12-10 12:26:47] [INFO] Processing combo dish: Medium Pizza 1 Topping HIDE (combo_id=123276)
[2025-12-10 12:26:47] [INFO] Navigating to combo dish: https://menuadmin.menu.ca/?p=restaurants&display=editRestaurant&restaurant=204&load=editCombo&showLang=en&combo=123276
[2025-12-10 12:26:49] [INFO] Processing combo dish: Combo No.1 HIDED (combo_id=76708)
[2025-12-10 12:26:49] [INFO] Navigating to combo dish: https://menuadmin.menu.ca/?p=restaurants&display=editRestaurant&restaurant=204&load=editCombo&showLang=en&combo=76708
[2025-12-10 12:26:53] [INFO] Processing combo dish: Combo No.2 HIDED (combo_id=76709)
[2025-12-10 12:26:53] [INFO] Navigating to combo dish: https://menuadmin.menu.ca/?p=restaurants&display=editRestaurant&restaurant=204&load=editCombo&showLang=en&combo=76709
[2025-12-10 12:26:58] [INFO] Processing combo dish: The Perfect Combo Deal with PopCurds (combo_id=113163)
[2025-12-10 12:26:58] [INFO] Navigating to combo dish: https://menuadmin.menu.ca/?p=restaurants&display=editRestaurant&restaurant=204&load=editCombo&showLang=en&combo=113163
[2025-12-10 12:27:06] [INFO] Processing combo dish: 1 Topping Pizza Deal (combo_id=15009)
[2025-12-10 12:27:06] [INFO] Navigating to combo dish: https://menuadmin.menu.ca/?p=restaurants&display=editRestaurant&restaurant=204&load=editCombo&showLang=en&combo=15009
[2025-12-10 12:27:15] [INFO] Processing combo dish: 2 Toppings Pizza Deal (combo_id=15010)
[2025-12-10 12:27:15] [INFO] Navigating to combo dish: https://menuadmin.menu.ca/?p=restaurants&display=editRestaurant&restaurant=204&load=editCombo&showLang=en&combo=15010
[2025-12-10 12:27:25] [INFO] Processing combo dish: 3 Toppings Pizza Deal (combo_id=15011)
[2025-12-10 12:27:25] [INFO] Navigating to combo dish: https://menuadmin.menu.ca/?p=restaurants&display=editRestaurant&restaurant=204&load=editCombo&showLang=en&combo=15011
[2025-12-10 12:27:34] [INFO] Processing combo dish: The Perfect Combo Deal with PopCurds (combo_id=78259)
[2025-12-10 12:27:34] [INFO] Navigating to combo dish: https://menuadmin.menu.ca/?p=restaurants&display=editRestaurant&restaurant=204&load=editCombo&showLang=en&combo=78259
[2025-12-10 12:27:42] [INFO] Processing combo dish: Small Pizza Everyday Special (combo_id=117112)
[2025-12-10 12:27:42] [INFO] Navigating to combo dish: https://menuadmin.menu.ca/?p=restaurants&display=editRestaurant&restaurant=204&load=editCombo&showLang=en&combo=117112
[2025-12-10 12:27:50] [INFO] Processing combo dish: Medium Pizza Everyday Special (combo_id=15017)
[2025-12-10 12:27:50] [INFO] Navigating to combo dish: https://menuadmin.menu.ca/?p=restaurants&display=editRestaurant&restaurant=204&load=editCombo&showLang=en&combo=15017
[2025-12-10 12:27:58] [INFO] Processing combo dish: Large Pizza Everyday Special (combo_id=15012)
[2025-12-10 12:27:58] [INFO] Navigating to combo dish: https://menuadmin.menu.ca/?p=restaurants&display=editRestaurant&restaurant=204&load=editCombo&showLang=en&combo=15012
[2025-12-10 12:28:06] [INFO] Processing combo dish: X-Large Pizza Everyday Special (combo_id=117113)
[2025-12-10 12:28:06] [INFO] Navigating to combo dish: https://menuadmin.menu.ca/?p=restaurants&display=editRestaurant&restaurant=204&load=editCombo&showLang=en&combo=117113
[2025-12-10 12:28:14] [INFO] Processing combo dish: Donair Special HIDE (combo_id=18772)
[2025-12-10 12:28:14] [INFO] Navigating to combo dish: https://menuadmin.menu.ca/?p=restaurants&display=editRestaurant&restaurant=204&load=editCombo&showLang=en&combo=18772
[2025-12-10 12:28:16] [INFO] Processing combo dish: Shawarma Special HIDE (combo_id=91026)
[2025-12-10 12:28:16] [INFO] Navigating to combo dish: https://menuadmin.menu.ca/?p=restaurants&display=editRestaurant&restaurant=204&load=editCombo&showLang=en&combo=91026
[2025-12-10 12:28:18] [INFO] Processing combo dish: One Topping (combo_id=14919)
[2025-12-10 12:28:18] [INFO] Navigating to combo dish: https://menuadmin.menu.ca/?p=restaurants&display=editRestaurant&restaurant=204&load=editCombo&showLang=en&combo=14919
[2025-12-10 12:28:26] [INFO] Processing combo dish: Two Toppings HIDE (combo_id=14920)
[2025-12-10 12:28:26] [INFO] Navigating to combo dish: https://menuadmin.menu.ca/?p=restaurants&display=editRestaurant&restaurant=204&load=editCombo&showLang=en&combo=14920
[2025-12-10 12:28:30] [INFO] Processing combo dish: 2 Pizza Deal 1 Topping & Two 591ml Drinks (V) (combo_id=93933)
[2025-12-10 12:28:30] [INFO] Navigating to combo dish: https://menuadmin.menu.ca/?p=restaurants&display=editRestaurant&restaurant=204&load=editCombo&showLang=en&combo=93933
[2025-12-10 12:28:38] [INFO] Processing combo dish: 2 Pizza Deal 2 Toppings & Two 591ml Drinks (V) (combo_id=93934)
[2025-12-10 12:28:38] [INFO] Navigating to combo dish: https://menuadmin.menu.ca/?p=restaurants&display=editRestaurant&restaurant=204&load=editCombo&showLang=en&combo=93934
[2025-12-10 12:28:46] [INFO] Processing combo dish: 2 Pizza Deal 3 Toppings & Two 591ml Drinks (V) (combo_id=93935)
[2025-12-10 12:28:46] [INFO] Navigating to combo dish: https://menuadmin.menu.ca/?p=restaurants&display=editRestaurant&restaurant=204&load=editCombo&showLang=en&combo=93935
[2025-12-10 12:28:55] [INFO] Results for Milano:
[2025-12-10 12:28:55] [INFO]   - Dishes processed: 20
[2025-12-10 12:28:55] [INFO]   - Combo links created: 86
[2025-12-10 12:28:55] [INFO]   - Hide days set: 12
[2025-12-10 12:28:55] [INFO]   - Drinks modifiers: 184
[2025-12-10 12:28:55] [INFO] ============================================================
[2025-12-10 12:28:55] [INFO] Processing: Milano (V3: 89, V1: 205)
[2025-12-10 12:28:55] [INFO] ============================================================
[2025-12-10 12:28:55] [INFO] Navigating to menu: https://menuadmin.menu.ca/?p=restaurants&display=editRestaurant&restaurant=205&load=menu&showLang=en
[2025-12-10 12:28:59] [INFO] Found 16 combo dishes
[2025-12-10 12:28:59] [INFO] Processing combo dish: Combo No.1 HIDED (combo_id=76710)
[2025-12-10 12:28:59] [INFO] Navigating to combo dish: https://menuadmin.menu.ca/?p=restaurants&display=editRestaurant&restaurant=205&load=editCombo&showLang=en&combo=76710
[2025-12-10 12:29:03] [INFO] Processing combo dish: Combo No.2 HIDED (combo_id=76711)
[2025-12-10 12:29:03] [INFO] Navigating to combo dish: https://menuadmin.menu.ca/?p=restaurants&display=editRestaurant&restaurant=205&load=editCombo&showLang=en&combo=76711
[2025-12-10 12:29:07] [INFO] Processing combo dish: The Perfect Combo Deal with PopCurds (combo_id=113164)
[2025-12-10 12:29:07] [INFO] Navigating to combo dish: https://menuadmin.menu.ca/?p=restaurants&display=editRestaurant&restaurant=205&load=editCombo&showLang=en&combo=113164
[2025-12-10 12:29:13] [INFO] Processing combo dish: 1 Topping Pizza Deal (combo_id=91988)
[2025-12-10 12:29:13] [INFO] Navigating to combo dish: https://menuadmin.menu.ca/?p=restaurants&display=editRestaurant&restaurant=205&load=editCombo&showLang=en&combo=91988
[2025-12-10 12:29:20] [INFO] Processing combo dish: 2 Toppings Pizza Deal (combo_id=91989)
[2025-12-10 12:29:20] [INFO] Navigating to combo dish: https://menuadmin.menu.ca/?p=restaurants&display=editRestaurant&restaurant=205&load=editCombo&showLang=en&combo=91989
[2025-12-10 12:29:26] [INFO] Processing combo dish: 3 Toppings Pizza Deal (combo_id=91990)
[2025-12-10 12:29:26] [INFO] Navigating to combo dish: https://menuadmin.menu.ca/?p=restaurants&display=editRestaurant&restaurant=205&load=editCombo&showLang=en&combo=91990
[2025-12-10 12:29:32] [INFO] Processing combo dish: The Perfect Combo Deal with PopCurds (combo_id=85212)
[2025-12-10 12:29:32] [INFO] Navigating to combo dish: https://menuadmin.menu.ca/?p=restaurants&display=editRestaurant&restaurant=205&load=editCombo&showLang=en&combo=85212
[2025-12-10 12:29:38] [INFO] Processing combo dish: Large Pizza 3 Toppings (combo_id=99736)
[2025-12-10 12:29:38] [INFO] Navigating to combo dish: https://menuadmin.menu.ca/?p=restaurants&display=editRestaurant&restaurant=205&load=editCombo&showLang=en&combo=99736
[2025-12-10 12:29:44] [INFO] Processing combo dish: Medium Pizza 3 Toppings (combo_id=99737)
[2025-12-10 12:29:44] [INFO] Navigating to combo dish: https://menuadmin.menu.ca/?p=restaurants&display=editRestaurant&restaurant=205&load=editCombo&showLang=en&combo=99737
[2025-12-10 12:29:50] [INFO] Processing combo dish: 1 Topping (combo_id=15244)
[2025-12-10 12:29:50] [INFO] Navigating to combo dish: https://menuadmin.menu.ca/?p=restaurants&display=editRestaurant&restaurant=205&load=editCombo&showLang=en&combo=15244
[2025-12-10 12:29:56] [INFO] Processing combo dish: 2 Toppings (combo_id=15245)
[2025-12-10 12:29:56] [INFO] Navigating to combo dish: https://menuadmin.menu.ca/?p=restaurants&display=editRestaurant&restaurant=205&load=editCombo&showLang=en&combo=15245
[2025-12-10 12:30:01] [INFO] Processing combo dish: 3 Toppings (combo_id=15246)
[2025-12-10 12:30:01] [INFO] Navigating to combo dish: https://menuadmin.menu.ca/?p=restaurants&display=editRestaurant&restaurant=205&load=editCombo&showLang=en&combo=15246
[2025-12-10 12:30:08] [INFO] Processing combo dish: 4 Toppings (combo_id=71996)
[2025-12-10 12:30:08] [INFO] Navigating to combo dish: https://menuadmin.menu.ca/?p=restaurants&display=editRestaurant&restaurant=205&load=editCombo&showLang=en&combo=71996
[2025-12-10 12:30:13] [INFO] Processing combo dish: 1 Topping Pizza Deal (V) (combo_id=100219)
[2025-12-10 12:30:13] [INFO] Navigating to combo dish: https://menuadmin.menu.ca/?p=restaurants&display=editRestaurant&restaurant=205&load=editCombo&showLang=en&combo=100219
[2025-12-10 12:30:19] [INFO] Processing combo dish: 2 Toppings Pizza Deal (V) (combo_id=100220)
[2025-12-10 12:30:19] [INFO] Navigating to combo dish: https://menuadmin.menu.ca/?p=restaurants&display=editRestaurant&restaurant=205&load=editCombo&showLang=en&combo=100220
[2025-12-10 12:30:25] [INFO] Processing combo dish: 3 Toppings Pizza Deal (V) (combo_id=100221)
[2025-12-10 12:30:25] [INFO] Navigating to combo dish: https://menuadmin.menu.ca/?p=restaurants&display=editRestaurant&restaurant=205&load=editCombo&showLang=en&combo=100221
[2025-12-10 12:30:31] [INFO] Results for Milano:
[2025-12-10 12:30:31] [INFO]   - Dishes processed: 16
[2025-12-10 12:30:31] [INFO]   - Combo links created: 72
[2025-12-10 12:30:31] [INFO]   - Hide days set: 12
[2025-12-10 12:30:31] [INFO]   - Drinks modifiers: 112
[2025-12-10 12:30:31] [INFO] ============================================================
[2025-12-10 12:30:31] [INFO] Processing: Milano (V3: 90, V1: 206)
[2025-12-10 12:30:31] [INFO] ============================================================
[2025-12-10 12:30:31] [INFO] Navigating to menu: https://menuadmin.menu.ca/?p=restaurants&display=editRestaurant&restaurant=206&load=menu&showLang=en
[2025-12-10 12:30:36] [INFO] Found 7 combo dishes
[2025-12-10 12:30:36] [INFO] Processing combo dish: Combo No.1 HIDED (combo_id=76714)
[2025-12-10 12:30:36] [INFO] Navigating to combo dish: https://menuadmin.menu.ca/?p=restaurants&display=editRestaurant&restaurant=206&load=editCombo&showLang=en&combo=76714
[2025-12-10 12:30:40] [INFO] Processing combo dish: Combo No.2 HIDED (combo_id=76715)
[2025-12-10 12:30:40] [INFO] Navigating to combo dish: https://menuadmin.menu.ca/?p=restaurants&display=editRestaurant&restaurant=206&load=editCombo&showLang=en&combo=76715
[2025-12-10 12:30:44] [INFO] Processing combo dish: The Perfect Combo Deal with PopCurds (combo_id=113165)
[2025-12-10 12:30:44] [INFO] Navigating to combo dish: https://menuadmin.menu.ca/?p=restaurants&display=editRestaurant&restaurant=206&load=editCombo&showLang=en&combo=113165
[2025-12-10 12:30:49] [INFO] Processing combo dish: The Perfect Combo Deal with PopCurds (combo_id=85565)
[2025-12-10 12:30:49] [INFO] Navigating to combo dish: https://menuadmin.menu.ca/?p=restaurants&display=editRestaurant&restaurant=206&load=editCombo&showLang=en&combo=85565
[2025-12-10 12:30:54] [INFO] Processing combo dish: 1 Topping (combo_id=15134)
[2025-12-10 12:30:54] [INFO] Navigating to combo dish: https://menuadmin.menu.ca/?p=restaurants&display=editRestaurant&restaurant=206&load=editCombo&showLang=en&combo=15134
[2025-12-10 12:30:59] [INFO] Processing combo dish: 2 Toppings (combo_id=15135)
[2025-12-10 12:30:59] [INFO] Navigating to combo dish: https://menuadmin.menu.ca/?p=restaurants&display=editRestaurant&restaurant=206&load=editCombo&showLang=en&combo=15135
[2025-12-10 12:31:05] [INFO] Processing combo dish: 3 Toppings (combo_id=15136)
[2025-12-10 12:31:05] [INFO] Navigating to combo dish: https://menuadmin.menu.ca/?p=restaurants&display=editRestaurant&restaurant=206&load=editCombo&showLang=en&combo=15136
[2025-12-10 12:31:10] [INFO] Results for Milano:
[2025-12-10 12:31:10] [INFO]   - Dishes processed: 7
[2025-12-10 12:31:10] [INFO]   - Combo links created: 30
[2025-12-10 12:31:10] [INFO]   - Hide days set: 12
[2025-12-10 12:31:10] [INFO]   - Drinks modifiers: 30
[2025-12-10 12:31:10] [INFO] ============================================================
[2025-12-10 12:31:10] [INFO] Processing: Milano (V3: 91, V1: 207)
[2025-12-10 12:31:10] [INFO] ============================================================
[2025-12-10 12:31:10] [INFO] Navigating to menu: https://menuadmin.menu.ca/?p=restaurants&display=editRestaurant&restaurant=207&load=menu&showLang=en
[2025-12-10 12:31:15] [INFO] Found 22 combo dishes
[2025-12-10 12:31:15] [INFO] Processing combo dish: Combo No.1 HIDED (combo_id=76716)
[2025-12-10 12:31:15] [INFO] Navigating to combo dish: https://menuadmin.menu.ca/?p=restaurants&display=editRestaurant&restaurant=207&load=editCombo&showLang=en&combo=76716
[2025-12-10 12:31:19] [INFO] Processing combo dish: Combo No.2 HIDED (combo_id=76717)
[2025-12-10 12:31:19] [INFO] Navigating to combo dish: https://menuadmin.menu.ca/?p=restaurants&display=editRestaurant&restaurant=207&load=editCombo&showLang=en&combo=76717
[2025-12-10 12:31:23] [INFO] Processing combo dish: Small Perfect Combo Deal with PopCurds (combo_id=113166)
[2025-12-10 12:31:23] [INFO] Navigating to combo dish: https://menuadmin.menu.ca/?p=restaurants&display=editRestaurant&restaurant=207&load=editCombo&showLang=en&combo=113166
[2025-12-10 12:31:30] [INFO] Processing combo dish: Medium Perfect Combo Deal with PopCurds (combo_id=113167)
[2025-12-10 12:31:30] [INFO] Navigating to combo dish: https://menuadmin.menu.ca/?p=restaurants&display=editRestaurant&restaurant=207&load=editCombo&showLang=en&combo=113167
[2025-12-10 12:31:37] [INFO] Processing combo dish: Large Perfect Combo Deal with PopCurds (combo_id=113168)
[2025-12-10 12:31:37] [INFO] Navigating to combo dish: https://menuadmin.menu.ca/?p=restaurants&display=editRestaurant&restaurant=207&load=editCombo&showLang=en&combo=113168
[2025-12-10 12:31:44] [INFO] Processing combo dish: Small Perfect Combo Deal with PopCurds (combo_id=78775)
[2025-12-10 12:31:44] [INFO] Navigating to combo dish: https://menuadmin.menu.ca/?p=restaurants&display=editRestaurant&restaurant=207&load=editCombo&showLang=en&combo=78775
[2025-12-10 12:31:51] [INFO] Processing combo dish: Medium Perfect Combo Deal with PopCurds (combo_id=78776)
[2025-12-10 12:31:51] [INFO] Navigating to combo dish: https://menuadmin.menu.ca/?p=restaurants&display=editRestaurant&restaurant=207&load=editCombo&showLang=en&combo=78776
[2025-12-10 12:31:58] [INFO] Processing combo dish: Large Perfect Combo Deal with PopCurds (combo_id=78777)
[2025-12-10 12:31:58] [INFO] Navigating to combo dish: https://menuadmin.menu.ca/?p=restaurants&display=editRestaurant&restaurant=207&load=editCombo&showLang=en&combo=78777
[2025-12-10 12:32:07] [INFO] Processing combo dish: 1 Topping Pizza Deal (combo_id=15117)
[2025-12-10 12:32:07] [INFO] Navigating to combo dish: https://menuadmin.menu.ca/?p=restaurants&display=editRestaurant&restaurant=207&load=editCombo&showLang=en&combo=15117
[2025-12-10 12:32:15] [INFO] Processing combo dish: 2 Toppings Pizza Deal (combo_id=15118)
[2025-12-10 12:32:15] [INFO] Navigating to combo dish: https://menuadmin.menu.ca/?p=restaurants&display=editRestaurant&restaurant=207&load=editCombo&showLang=en&combo=15118
[2025-12-10 12:32:23] [INFO] Processing combo dish: 3 Toppings Pizza Deal (combo_id=15119)
[2025-12-10 12:32:23] [INFO] Navigating to combo dish: https://menuadmin.menu.ca/?p=restaurants&display=editRestaurant&restaurant=207&load=editCombo&showLang=en&combo=15119
[2025-12-10 12:32:31] [INFO] Processing combo dish: 4 Toppings Pizza Deal HIDE (combo_id=15120)
[2025-12-10 12:32:31] [INFO] Navigating to combo dish: https://menuadmin.menu.ca/?p=restaurants&display=editRestaurant&restaurant=207&load=editCombo&showLang=en&combo=15120
[2025-12-10 12:32:39] [INFO] Processing combo dish: Pizza Wings and Pepsi (combo_id=78782)
[2025-12-10 12:32:39] [INFO] Navigating to combo dish: https://menuadmin.menu.ca/?p=restaurants&display=editRestaurant&restaurant=207&load=editCombo&showLang=en&combo=78782
[2025-12-10 12:32:46] [INFO] Processing combo dish: Large Pizza Deal with Appetizer (combo_id=29973)
[2025-12-10 12:32:46] [INFO] Navigating to combo dish: https://menuadmin.menu.ca/?p=restaurants&display=editRestaurant&restaurant=207&load=editCombo&showLang=en&combo=29973
[2025-12-10 12:32:53] [INFO] Processing combo dish: Medium Pizza Deal (combo_id=15991)
[2025-12-10 12:32:53] [INFO] Navigating to combo dish: https://menuadmin.menu.ca/?p=restaurants&display=editRestaurant&restaurant=207&load=editCombo&showLang=en&combo=15991
[2025-12-10 12:33:00] [INFO] Processing combo dish: 3 Small Pizzas & Three 591ml Pepsi Product (combo_id=15999)
[2025-12-10 12:33:00] [INFO] Navigating to combo dish: https://menuadmin.menu.ca/?p=restaurants&display=editRestaurant&restaurant=207&load=editCombo&showLang=en&combo=15999
[2025-12-10 12:33:08] [INFO] Processing combo dish: 2 Large Donairs (combo_id=53216)
[2025-12-10 12:33:08] [INFO] Navigating to combo dish: https://menuadmin.menu.ca/?p=restaurants&display=editRestaurant&restaurant=207&load=editCombo&showLang=en&combo=53216
[2025-12-10 12:33:14] [INFO] Processing combo dish: 2 Chicken Wraps HIDE (combo_id=53217)
[2025-12-10 12:33:14] [INFO] Navigating to combo dish: https://menuadmin.menu.ca/?p=restaurants&display=editRestaurant&restaurant=207&load=editCombo&showLang=en&combo=53217
[2025-12-10 12:33:20] [INFO] Processing combo dish: One Topping (combo_id=15019)
[2025-12-10 12:33:20] [INFO] Navigating to combo dish: https://menuadmin.menu.ca/?p=restaurants&display=editRestaurant&restaurant=207&load=editCombo&showLang=en&combo=15019
[2025-12-10 12:33:27] [INFO] Processing combo dish: 2 Pizza Deal 1 Topping & Two 591ml Drinks (V) (combo_id=93837)
[2025-12-10 12:33:27] [INFO] Navigating to combo dish: https://menuadmin.menu.ca/?p=restaurants&display=editRestaurant&restaurant=207&load=editCombo&showLang=en&combo=93837
[2025-12-10 12:33:34] [INFO] Processing combo dish: 2 Pizza Deal 2 Toppings & Two 591ml Drinks (V) (combo_id=93838)
[2025-12-10 12:33:34] [INFO] Navigating to combo dish: https://menuadmin.menu.ca/?p=restaurants&display=editRestaurant&restaurant=207&load=editCombo&showLang=en&combo=93838
[2025-12-10 12:33:41] [INFO] Processing combo dish: 2 Pizza Deal 3 Toppings & Two 591ml Drinks (V) (combo_id=93839)
[2025-12-10 12:33:41] [INFO] Navigating to combo dish: https://menuadmin.menu.ca/?p=restaurants&display=editRestaurant&restaurant=207&load=editCombo&showLang=en&combo=93839
[2025-12-10 12:33:48] [INFO] Results for Milano:
[2025-12-10 12:33:48] [INFO]   - Dishes processed: 22
[2025-12-10 12:33:48] [INFO]   - Combo links created: 100
[2025-12-10 12:33:48] [INFO]   - Hide days set: 12
[2025-12-10 12:33:48] [INFO]   - Drinks modifiers: 220
[2025-12-10 12:33:48] [INFO] ============================================================
[2025-12-10 12:33:48] [INFO] Processing: Milano (V3: 92, V1: 208)
[2025-12-10 12:33:48] [INFO] ============================================================
[2025-12-10 12:33:48] [INFO] Navigating to menu: https://menuadmin.menu.ca/?p=restaurants&display=editRestaurant&restaurant=208&load=menu&showLang=en
[2025-12-10 12:33:53] [INFO] Found 10 combo dishes
[2025-12-10 12:33:53] [INFO] Processing combo dish: Combo No.1 HIDED (combo_id=76718)
[2025-12-10 12:33:53] [INFO] Navigating to combo dish: https://menuadmin.menu.ca/?p=restaurants&display=editRestaurant&restaurant=208&load=editCombo&showLang=en&combo=76718
[2025-12-10 12:33:57] [INFO] Processing combo dish: Combo No.2 HIDED (combo_id=76719)
[2025-12-10 12:33:57] [INFO] Navigating to combo dish: https://menuadmin.menu.ca/?p=restaurants&display=editRestaurant&restaurant=208&load=editCombo&showLang=en&combo=76719
[2025-12-10 12:34:01] [INFO] Processing combo dish: The Perfect Combo Deal with PopCurds (combo_id=113169)
[2025-12-10 12:34:01] [INFO] Navigating to combo dish: https://menuadmin.menu.ca/?p=restaurants&display=editRestaurant&restaurant=208&load=editCombo&showLang=en&combo=113169
[2025-12-10 12:34:07] [INFO] Processing combo dish: 1 Topping 2 Pizza Deal (combo_id=15417)
[2025-12-10 12:34:07] [INFO] Navigating to combo dish: https://menuadmin.menu.ca/?p=restaurants&display=editRestaurant&restaurant=208&load=editCombo&showLang=en&combo=15417
[2025-12-10 12:34:12] [INFO] Processing combo dish: 2 Toppings 2 Pizza Deal (combo_id=15418)
[2025-12-10 12:34:12] [INFO] Navigating to combo dish: https://menuadmin.menu.ca/?p=restaurants&display=editRestaurant&restaurant=208&load=editCombo&showLang=en&combo=15418
[2025-12-10 12:34:18] [INFO] Processing combo dish: 3 Toppings 2 Pizza Deal (combo_id=15419)
[2025-12-10 12:34:18] [INFO] Navigating to combo dish: https://menuadmin.menu.ca/?p=restaurants&display=editRestaurant&restaurant=208&load=editCombo&showLang=en&combo=15419
[2025-12-10 12:34:24] [INFO] Processing combo dish: The Perfect Combo Deal with PopCurds (combo_id=91415)
[2025-12-10 12:34:24] [INFO] Navigating to combo dish: https://menuadmin.menu.ca/?p=restaurants&display=editRestaurant&restaurant=208&load=editCombo&showLang=en&combo=91415
[2025-12-10 12:34:29] [INFO] Processing combo dish: Large Pizza Special (combo_id=15424)
[2025-12-10 12:34:29] [INFO] Navigating to combo dish: https://menuadmin.menu.ca/?p=restaurants&display=editRestaurant&restaurant=208&load=editCombo&showLang=en&combo=15424
[2025-12-10 12:34:34] [INFO] Processing combo dish: Medium Pizza Special (combo_id=15423)
[2025-12-10 12:34:34] [INFO] Navigating to combo dish: https://menuadmin.menu.ca/?p=restaurants&display=editRestaurant&restaurant=208&load=editCombo&showLang=en&combo=15423
[2025-12-10 12:34:39] [INFO] Processing combo dish: Donair Special HIDE (combo_id=63222)
[2025-12-10 12:34:39] [INFO] Navigating to combo dish: https://menuadmin.menu.ca/?p=restaurants&display=editRestaurant&restaurant=208&load=editCombo&showLang=en&combo=63222
[2025-12-10 12:34:42] [INFO] Results for Milano:
[2025-12-10 12:34:42] [INFO]   - Dishes processed: 10
[2025-12-10 12:34:42] [INFO]   - Combo links created: 48
[2025-12-10 12:34:42] [INFO]   - Hide days set: 12
[2025-12-10 12:34:42] [INFO]   - Drinks modifiers: 42
[2025-12-10 12:34:42] [INFO] ============================================================
[2025-12-10 12:34:42] [INFO] Processing: Milano (V3: 93, V1: 209)
[2025-12-10 12:34:42] [INFO] ============================================================
[2025-12-10 12:34:42] [INFO] Navigating to menu: https://menuadmin.menu.ca/?p=restaurants&display=editRestaurant&restaurant=209&load=menu&showLang=en
[2025-12-10 12:34:46] [INFO] Found 16 combo dishes
[2025-12-10 12:34:46] [INFO] Processing combo dish: Combo No.1 HIDED (combo_id=76720)
[2025-12-10 12:34:46] [INFO] Navigating to combo dish: https://menuadmin.menu.ca/?p=restaurants&display=editRestaurant&restaurant=209&load=editCombo&showLang=en&combo=76720
[2025-12-10 12:34:50] [INFO] Processing combo dish: Combo No.2 HIDED (combo_id=76721)
[2025-12-10 12:34:50] [INFO] Navigating to combo dish: https://menuadmin.menu.ca/?p=restaurants&display=editRestaurant&restaurant=209&load=editCombo&showLang=en&combo=76721
[2025-12-10 12:34:54] [INFO] Processing combo dish: The Perfect Combo Deal with PopCurds (combo_id=113170)
[2025-12-10 12:34:54] [INFO] Navigating to combo dish: https://menuadmin.menu.ca/?p=restaurants&display=editRestaurant&restaurant=209&load=editCombo&showLang=en&combo=113170
[2025-12-10 12:35:01] [INFO] Processing combo dish: 1 Topping 2 Pizza Deal (combo_id=15747)
[2025-12-10 12:35:01] [INFO] Navigating to combo dish: https://menuadmin.menu.ca/?p=restaurants&display=editRestaurant&restaurant=209&load=editCombo&showLang=en&combo=15747
[2025-12-10 12:35:07] [INFO] Processing combo dish: 2 Toppings 2 Pizza Deal (combo_id=15748)
[2025-12-10 12:35:07] [INFO] Navigating to combo dish: https://menuadmin.menu.ca/?p=restaurants&display=editRestaurant&restaurant=209&load=editCombo&showLang=en&combo=15748
[2025-12-10 12:35:14] [INFO] Processing combo dish: 3 Toppings 2 Pizza Deal (combo_id=15749)
[2025-12-10 12:35:14] [INFO] Navigating to combo dish: https://menuadmin.menu.ca/?p=restaurants&display=editRestaurant&restaurant=209&load=editCombo&showLang=en&combo=15749
[2025-12-10 12:35:19] [INFO] Processing combo dish: Super Sunday (combo_id=108256)
[2025-12-10 12:35:19] [INFO] Navigating to combo dish: https://menuadmin.menu.ca/?p=restaurants&display=editRestaurant&restaurant=209&load=editCombo&showLang=en&combo=108256
[2025-12-10 12:35:23] [INFO] Processing combo dish: Twin Thursday (combo_id=108257)
[2025-12-10 12:35:23] [INFO] Navigating to combo dish: https://menuadmin.menu.ca/?p=restaurants&display=editRestaurant&restaurant=209&load=editCombo&showLang=en&combo=108257
[2025-12-10 12:35:26] [INFO] Processing combo dish: The Perfect Combo Deal with PopCurds (combo_id=78265)
[2025-12-10 12:35:26] [INFO] Navigating to combo dish: https://menuadmin.menu.ca/?p=restaurants&display=editRestaurant&restaurant=209&load=editCombo&showLang=en&combo=78265
[2025-12-10 12:35:33] [INFO] Processing combo dish: Large Pizza Special (combo_id=15751)
[2025-12-10 12:35:33] [INFO] Navigating to combo dish: https://menuadmin.menu.ca/?p=restaurants&display=editRestaurant&restaurant=209&load=editCombo&showLang=en&combo=15751
[2025-12-10 12:35:39] [INFO] Processing combo dish: Medium Pizza Special (combo_id=15750)
[2025-12-10 12:35:39] [INFO] Navigating to combo dish: https://menuadmin.menu.ca/?p=restaurants&display=editRestaurant&restaurant=209&load=editCombo&showLang=en&combo=15750
[2025-12-10 12:35:45] [INFO] Processing combo dish: Donair Special HIDE (combo_id=63189)
[2025-12-10 12:35:45] [INFO] Navigating to combo dish: https://menuadmin.menu.ca/?p=restaurants&display=editRestaurant&restaurant=209&load=editCombo&showLang=en&combo=63189
[2025-12-10 12:35:47] [INFO] Processing combo dish: 2 Chicken Shawarma Special HIDE (combo_id=63190)
[2025-12-10 12:35:47] [INFO] Navigating to combo dish: https://menuadmin.menu.ca/?p=restaurants&display=editRestaurant&restaurant=209&load=editCombo&showLang=en&combo=63190
[2025-12-10 12:35:50] [INFO] Processing combo dish: 2 Pizza Deal 1 Topping & Two 591ml Drinks (V) (combo_id=92730)
[2025-12-10 12:35:50] [INFO] Navigating to combo dish: https://menuadmin.menu.ca/?p=restaurants&display=editRestaurant&restaurant=209&load=editCombo&showLang=en&combo=92730
[2025-12-10 12:35:56] [INFO] Processing combo dish: 2 Pizza Deal 2 Toppings & Two 591ml Drinks (V) (combo_id=92731)
[2025-12-10 12:35:56] [INFO] Navigating to combo dish: https://menuadmin.menu.ca/?p=restaurants&display=editRestaurant&restaurant=209&load=editCombo&showLang=en&combo=92731
[2025-12-10 12:36:02] [INFO] Processing combo dish: 2 Pizza Deal 3 Toppings & Two 591ml Drinks (V) (combo_id=92732)
[2025-12-10 12:36:02] [INFO] Navigating to combo dish: https://menuadmin.menu.ca/?p=restaurants&display=editRestaurant&restaurant=209&load=editCombo&showLang=en&combo=92732
[2025-12-10 12:36:08] [INFO] Results for Milano:
[2025-12-10 12:36:08] [INFO]   - Dishes processed: 16
[2025-12-10 12:36:08] [INFO]   - Combo links created: 55
[2025-12-10 12:36:08] [INFO]   - Hide days set: 24
[2025-12-10 12:36:08] [INFO]   - Drinks modifiers: 90
[2025-12-10 12:36:08] [INFO] ============================================================
[2025-12-10 12:36:08] [INFO] Processing: Milano (V3: 95, V1: 211)
[2025-12-10 12:36:08] [INFO] ============================================================
[2025-12-10 12:36:08] [INFO] Navigating to menu: https://menuadmin.menu.ca/?p=restaurants&display=editRestaurant&restaurant=211&load=menu&showLang=en
[2025-12-10 12:36:13] [INFO] Found 18 combo dishes
[2025-12-10 12:36:13] [INFO] Processing combo dish: Combo No.1 HIDED (combo_id=76724)
[2025-12-10 12:36:13] [INFO] Navigating to combo dish: https://menuadmin.menu.ca/?p=restaurants&display=editRestaurant&restaurant=211&load=editCombo&showLang=en&combo=76724
[2025-12-10 12:36:17] [INFO] Processing combo dish: Combo No.2 HIDED (combo_id=76725)
[2025-12-10 12:36:17] [INFO] Navigating to combo dish: https://menuadmin.menu.ca/?p=restaurants&display=editRestaurant&restaurant=211&load=editCombo&showLang=en&combo=76725
[2025-12-10 12:36:22] [INFO] Processing combo dish: The Perfect Combo Deal with PopCurds (combo_id=91047)
[2025-12-10 12:36:22] [INFO] Navigating to combo dish: https://menuadmin.menu.ca/?p=restaurants&display=editRestaurant&restaurant=211&load=editCombo&showLang=en&combo=91047
[2025-12-10 12:36:27] [INFO] Processing combo dish: 1 Topping 2 Pizza Deal (combo_id=15663)
[2025-12-10 12:36:27] [INFO] Navigating to combo dish: https://menuadmin.menu.ca/?p=restaurants&display=editRestaurant&restaurant=211&load=editCombo&showLang=en&combo=15663
[2025-12-10 12:36:33] [INFO] Processing combo dish: 2 Toppings 2 Pizza Deal (combo_id=15664)
[2025-12-10 12:36:33] [INFO] Navigating to combo dish: https://menuadmin.menu.ca/?p=restaurants&display=editRestaurant&restaurant=211&load=editCombo&showLang=en&combo=15664
[2025-12-10 12:36:39] [INFO] Processing combo dish: 3 Toppings 2 Pizza Deal (combo_id=15665)
[2025-12-10 12:36:39] [INFO] Navigating to combo dish: https://menuadmin.menu.ca/?p=restaurants&display=editRestaurant&restaurant=211&load=editCombo&showLang=en&combo=15665
[2025-12-10 12:36:45] [INFO] Processing combo dish: The Perfect Combo Deal with PopCurds (combo_id=113173)
[2025-12-10 12:36:45] [INFO] Navigating to combo dish: https://menuadmin.menu.ca/?p=restaurants&display=editRestaurant&restaurant=211&load=editCombo&showLang=en&combo=113173
[2025-12-10 12:36:50] [INFO] Processing combo dish: Large Pizza Special (combo_id=15667)
[2025-12-10 12:36:50] [INFO] Navigating to combo dish: https://menuadmin.menu.ca/?p=restaurants&display=editRestaurant&restaurant=211&load=editCombo&showLang=en&combo=15667
[2025-12-10 12:36:55] [INFO] Processing combo dish: Medium Pizza Special (combo_id=15666)
[2025-12-10 12:36:55] [INFO] Navigating to combo dish: https://menuadmin.menu.ca/?p=restaurants&display=editRestaurant&restaurant=211&load=editCombo&showLang=en&combo=15666
[2025-12-10 12:37:00] [INFO] Processing combo dish: Family Meal Deal (combo_id=121423)
[2025-12-10 12:37:00] [INFO] Navigating to combo dish: https://menuadmin.menu.ca/?p=restaurants&display=editRestaurant&restaurant=211&load=editCombo&showLang=en&combo=121423
[2025-12-10 12:37:05] [INFO] Processing combo dish: Donair Special HIDE (combo_id=16559)
[2025-12-10 12:37:05] [INFO] Navigating to combo dish: https://menuadmin.menu.ca/?p=restaurants&display=editRestaurant&restaurant=211&load=editCombo&showLang=en&combo=16559
[2025-12-10 12:37:08] [INFO] Processing combo dish: Chicken Shawarma Special HIDE (combo_id=30277)
[2025-12-10 12:37:08] [INFO] Navigating to combo dish: https://menuadmin.menu.ca/?p=restaurants&display=editRestaurant&restaurant=211&load=editCombo&showLang=en&combo=30277
[2025-12-10 12:37:10] [INFO] Processing combo dish: Large 3 Toppings Pizza HIDE (combo_id=53328)
[2025-12-10 12:37:10] [INFO] Navigating to combo dish: https://menuadmin.menu.ca/?p=restaurants&display=editRestaurant&restaurant=211&load=editCombo&showLang=en&combo=53328
[2025-12-10 12:37:12] [INFO] Processing combo dish: One Topping (combo_id=15586)
[2025-12-10 12:37:12] [INFO] Navigating to combo dish: https://menuadmin.menu.ca/?p=restaurants&display=editRestaurant&restaurant=211&load=editCombo&showLang=en&combo=15586
[2025-12-10 12:37:17] [INFO] Processing combo dish: Two Toppings (combo_id=15587)
[2025-12-10 12:37:17] [INFO] Navigating to combo dish: https://menuadmin.menu.ca/?p=restaurants&display=editRestaurant&restaurant=211&load=editCombo&showLang=en&combo=15587
[2025-12-10 12:37:22] [INFO] Processing combo dish: 2 Pizza Deal 1 Topping & Two 591ml Drinks (V) (combo_id=93854)
[2025-12-10 12:37:22] [INFO] Navigating to combo dish: https://menuadmin.menu.ca/?p=restaurants&display=editRestaurant&restaurant=211&load=editCombo&showLang=en&combo=93854
[2025-12-10 12:37:27] [INFO] Processing combo dish: 2 Pizza Deal 2 Toppings & Two 591ml Drinks (V) (combo_id=93855)
[2025-12-10 12:37:27] [INFO] Navigating to combo dish: https://menuadmin.menu.ca/?p=restaurants&display=editRestaurant&restaurant=211&load=editCombo&showLang=en&combo=93855
[2025-12-10 12:37:33] [INFO] Processing combo dish: 2 Pizza Deal 3 Toppings & Two 591ml Drinks (V) (combo_id=93856)
[2025-12-10 12:37:33] [INFO] Navigating to combo dish: https://menuadmin.menu.ca/?p=restaurants&display=editRestaurant&restaurant=211&load=editCombo&showLang=en&combo=93856
[2025-12-10 12:37:38] [INFO] Results for Milano:
[2025-12-10 12:37:38] [INFO]   - Dishes processed: 18
[2025-12-10 12:37:38] [INFO]   - Combo links created: 77
[2025-12-10 12:37:38] [INFO]   - Hide days set: 13
[2025-12-10 12:37:38] [INFO]   - Drinks modifiers: 78
[2025-12-10 12:37:38] [INFO] ============================================================
[2025-12-10 12:37:38] [INFO] Processing: Milano (V3: 97, V1: 213)
[2025-12-10 12:37:38] [INFO] ============================================================
[2025-12-10 12:37:38] [INFO] Navigating to menu: https://menuadmin.menu.ca/?p=restaurants&display=editRestaurant&restaurant=213&load=menu&showLang=en
[2025-12-10 12:37:42] [INFO] Found 21 combo dishes
[2025-12-10 12:37:42] [INFO] Processing combo dish: Combo No.1 HIDED (combo_id=76726)
[2025-12-10 12:37:42] [INFO] Navigating to combo dish: https://menuadmin.menu.ca/?p=restaurants&display=editRestaurant&restaurant=213&load=editCombo&showLang=en&combo=76726
[2025-12-10 12:37:46] [INFO] Processing combo dish: Combo No.2 HIDED (combo_id=76727)
[2025-12-10 12:37:46] [INFO] Navigating to combo dish: https://menuadmin.menu.ca/?p=restaurants&display=editRestaurant&restaurant=213&load=editCombo&showLang=en&combo=76727
[2025-12-10 12:37:50] [INFO] Processing combo dish: The Perfect Combo Deal with PopCurds HIDE (combo_id=113174)
[2025-12-10 12:37:50] [INFO] Navigating to combo dish: https://menuadmin.menu.ca/?p=restaurants&display=editRestaurant&restaurant=213&load=editCombo&showLang=en&combo=113174
[2025-12-10 12:37:56] [INFO] Processing combo dish: March Special 1 Topping Pizzas HIDE (combo_id=123268)
[2025-12-10 12:37:56] [INFO] Navigating to combo dish: https://menuadmin.menu.ca/?p=restaurants&display=editRestaurant&restaurant=213&load=editCombo&showLang=en&combo=123268
[2025-12-10 12:37:59] [INFO] Processing combo dish: March Special 2 Toppings Pizzas HIDE (combo_id=123269)
[2025-12-10 12:37:59] [INFO] Navigating to combo dish: https://menuadmin.menu.ca/?p=restaurants&display=editRestaurant&restaurant=213&load=editCombo&showLang=en&combo=123269
[2025-12-10 12:38:03] [INFO] Processing combo dish: March Special 3 Toppings Pizzas HIDE (combo_id=123270)
[2025-12-10 12:38:03] [INFO] Navigating to combo dish: https://menuadmin.menu.ca/?p=restaurants&display=editRestaurant&restaurant=213&load=editCombo&showLang=en&combo=123270
[2025-12-10 12:38:06] [INFO] Processing combo dish: Medium Pizza Two Toppings HIDE (combo_id=121754)
[2025-12-10 12:38:06] [INFO] Navigating to combo dish: https://menuadmin.menu.ca/?p=restaurants&display=editRestaurant&restaurant=213&load=editCombo&showLang=en&combo=121754
[2025-12-10 12:38:09] [INFO] Processing combo dish: Large Pizza Two Toppings HIDE (combo_id=121755)
[2025-12-10 12:38:09] [INFO] Navigating to combo dish: https://menuadmin.menu.ca/?p=restaurants&display=editRestaurant&restaurant=213&load=editCombo&showLang=en&combo=121755
[2025-12-10 12:38:12] [INFO] Processing combo dish: Plain XL Pizza and Free Chicken Wings (1lb) HIDE (combo_id=121756)
[2025-12-10 12:38:12] [INFO] Navigating to combo dish: https://menuadmin.menu.ca/?p=restaurants&display=editRestaurant&restaurant=213&load=editCombo&showLang=en&combo=121756
[2025-12-10 12:38:15] [INFO] Processing combo dish: Lunchtime Special HIDE (combo_id=74619)
[2025-12-10 12:38:15] [INFO] Navigating to combo dish: https://menuadmin.menu.ca/?p=restaurants&display=editRestaurant&restaurant=213&load=editCombo&showLang=en&combo=74619
[2025-12-10 12:38:18] [INFO] Processing combo dish: 1 Toppings Two Pizza Deal (combo_id=20989)
[2025-12-10 12:38:18] [INFO] Navigating to combo dish: https://menuadmin.menu.ca/?p=restaurants&display=editRestaurant&restaurant=213&load=editCombo&showLang=en&combo=20989
[2025-12-10 12:38:24] [INFO] Processing combo dish: 2 Toppings Two Pizza Deal (combo_id=20990)
[2025-12-10 12:38:24] [INFO] Navigating to combo dish: https://menuadmin.menu.ca/?p=restaurants&display=editRestaurant&restaurant=213&load=editCombo&showLang=en&combo=20990
[2025-12-10 12:38:31] [INFO] Processing combo dish: 3 Toppings Two Pizza Deal (combo_id=20991)
[2025-12-10 12:38:31] [INFO] Navigating to combo dish: https://menuadmin.menu.ca/?p=restaurants&display=editRestaurant&restaurant=213&load=editCombo&showLang=en&combo=20991
[2025-12-10 12:38:36] [INFO] Processing combo dish: The Perfect Combo Deal with PopCurds (combo_id=91417)
[2025-12-10 12:38:36] [INFO] Navigating to combo dish: https://menuadmin.menu.ca/?p=restaurants&display=editRestaurant&restaurant=213&load=editCombo&showLang=en&combo=91417
[2025-12-10 12:38:42] [INFO] Processing combo dish: Large Pizza & Wings Deal (combo_id=20992)
[2025-12-10 12:38:42] [INFO] Navigating to combo dish: https://menuadmin.menu.ca/?p=restaurants&display=editRestaurant&restaurant=213&load=editCombo&showLang=en&combo=20992
[2025-12-10 12:38:47] [INFO] Processing combo dish: Medium Pizza & Wings Deal (combo_id=20997)
[2025-12-10 12:38:47] [INFO] Navigating to combo dish: https://menuadmin.menu.ca/?p=restaurants&display=editRestaurant&restaurant=213&load=editCombo&showLang=en&combo=20997
[2025-12-10 12:38:53] [INFO] Processing combo dish: One Topping HIDE (combo_id=19943)
[2025-12-10 12:38:53] [INFO] Navigating to combo dish: https://menuadmin.menu.ca/?p=restaurants&display=editRestaurant&restaurant=213&load=editCombo&showLang=en&combo=19943
[2025-12-10 12:38:56] [INFO] Processing combo dish: Two Toppings HIDE (combo_id=19944)
[2025-12-10 12:38:56] [INFO] Navigating to combo dish: https://menuadmin.menu.ca/?p=restaurants&display=editRestaurant&restaurant=213&load=editCombo&showLang=en&combo=19944
[2025-12-10 12:38:58] [INFO] Processing combo dish: 2 Pizza Deal 1 Topping & Two 591ml Drinks (V) (combo_id=92698)
[2025-12-10 12:38:58] [INFO] Navigating to combo dish: https://menuadmin.menu.ca/?p=restaurants&display=editRestaurant&restaurant=213&load=editCombo&showLang=en&combo=92698
[2025-12-10 12:39:04] [INFO] Processing combo dish: 2 Pizza Deal 2 Toppings & Two 591ml Drinks (V) (combo_id=92699)
[2025-12-10 12:39:04] [INFO] Navigating to combo dish: https://menuadmin.menu.ca/?p=restaurants&display=editRestaurant&restaurant=213&load=editCombo&showLang=en&combo=92699
[2025-12-10 12:39:09] [INFO] Processing combo dish: 2 Pizza Deal 3 Toppings & Two 591ml Drinks (V) (combo_id=92700)
[2025-12-10 12:39:09] [INFO] Navigating to combo dish: https://menuadmin.menu.ca/?p=restaurants&display=editRestaurant&restaurant=213&load=editCombo&showLang=en&combo=92700
[2025-12-10 12:39:15] [INFO] Results for Milano:
[2025-12-10 12:39:15] [INFO]   - Dishes processed: 21
[2025-12-10 12:39:15] [INFO]   - Combo links created: 86
[2025-12-10 12:39:15] [INFO]   - Hide days set: 27
[2025-12-10 12:39:15] [INFO]   - Drinks modifiers: 70
[2025-12-10 12:39:15] [INFO] ============================================================
[2025-12-10 12:39:15] [INFO] Processing: Ginkgo Garden (V3: 105, V1: 224)
[2025-12-10 12:39:15] [INFO] ============================================================
[2025-12-10 12:39:15] [INFO] Navigating to menu: https://menuadmin.menu.ca/?p=restaurants&display=editRestaurant&restaurant=224&load=menu&showLang=en
[2025-12-10 12:39:19] [INFO] Found 0 combo dishes
[2025-12-10 12:39:19] [INFO] No combo dishes found for restaurant 105
[2025-12-10 12:39:19] [INFO] Results for Ginkgo Garden:
[2025-12-10 12:39:19] [INFO]   - Dishes processed: 0
[2025-12-10 12:39:19] [INFO]   - Combo links created: 0
[2025-12-10 12:39:19] [INFO]   - Hide days set: 0
[2025-12-10 12:39:19] [INFO]   - Drinks modifiers: 0
[2025-12-10 12:39:19] [INFO] ============================================================
[2025-12-10 12:39:19] [INFO] Processing: Restaurant Le Choix (V3: 106, V1: 225)
[2025-12-10 12:39:19] [INFO] ============================================================
[2025-12-10 12:39:19] [INFO] Navigating to menu: https://menuadmin.menu.ca/?p=restaurants&display=editRestaurant&restaurant=225&load=menu&showLang=en
[2025-12-10 12:39:23] [INFO] Found 10 combo dishes
[2025-12-10 12:39:23] [INFO] Processing combo dish: A. Large Pizza All Dressed (combo_id=89261)
[2025-12-10 12:39:23] [INFO] Navigating to combo dish: https://menuadmin.menu.ca/?p=restaurants&display=editRestaurant&restaurant=225&load=editCombo&showLang=en&combo=89261
[2025-12-10 12:39:25] [INFO] Processing combo dish: B. Jumbo Pizza All Dressed (combo_id=89262)
[2025-12-10 12:39:25] [INFO] Navigating to combo dish: https://menuadmin.menu.ca/?p=restaurants&display=editRestaurant&restaurant=225&load=editCombo&showLang=en&combo=89262
[2025-12-10 12:39:28] [INFO] Processing combo dish: C. Two Medium Combination Pizza (combo_id=89263)
[2025-12-10 12:39:28] [INFO] Navigating to combo dish: https://menuadmin.menu.ca/?p=restaurants&display=editRestaurant&restaurant=225&load=editCombo&showLang=en&combo=89263
[2025-12-10 12:39:30] [INFO] Processing combo dish: D. Two Large Combination Pizza (combo_id=89264)
[2025-12-10 12:39:30] [INFO] Navigating to combo dish: https://menuadmin.menu.ca/?p=restaurants&display=editRestaurant&restaurant=225&load=editCombo&showLang=en&combo=89264
[2025-12-10 12:39:32] [INFO] Processing combo dish: Special 1. Large Pizza with 12 Wings (combo_id=17745)
[2025-12-10 12:39:32] [INFO] Navigating to combo dish: https://menuadmin.menu.ca/?p=restaurants&display=editRestaurant&restaurant=225&load=editCombo&showLang=en&combo=17745
[2025-12-10 12:39:35] [INFO] Processing combo dish: Special 2. Medium Pizza with 12 Wings (combo_id=17742)
[2025-12-10 12:39:35] [INFO] Navigating to combo dish: https://menuadmin.menu.ca/?p=restaurants&display=editRestaurant&restaurant=225&load=editCombo&showLang=en&combo=17742
[2025-12-10 12:39:38] [INFO] Processing combo dish: Special 3. Small Pizza with 10 Wings HIDE (combo_id=17736)
[2025-12-10 12:39:38] [INFO] Navigating to combo dish: https://menuadmin.menu.ca/?p=restaurants&display=editRestaurant&restaurant=225&load=editCombo&showLang=en&combo=17736
[2025-12-10 12:39:41] [INFO] Processing combo dish: Special 5. Two Medium Pizzas HIDE (combo_id=61380)
[2025-12-10 12:39:41] [INFO] Navigating to combo dish: https://menuadmin.menu.ca/?p=restaurants&display=editRestaurant&restaurant=225&load=editCombo&showLang=en&combo=61380
[2025-12-10 12:39:45] [INFO] Processing combo dish: Special 6. Two Large Pizzas HIDE (combo_id=61383)
[2025-12-10 12:39:45] [INFO] Navigating to combo dish: https://menuadmin.menu.ca/?p=restaurants&display=editRestaurant&restaurant=225&load=editCombo&showLang=en&combo=61383
[2025-12-10 12:39:48] [INFO] Processing combo dish: 49. One Ingredient Pizza (combo_id=16574)
[2025-12-10 12:39:48] [INFO] Navigating to combo dish: https://menuadmin.menu.ca/?p=restaurants&display=editRestaurant&restaurant=225&load=editCombo&showLang=en&combo=16574
[2025-12-10 12:39:51] [INFO] Results for Restaurant Le Choix:
[2025-12-10 12:39:51] [INFO]   - Dishes processed: 10
[2025-12-10 12:39:51] [INFO]   - Combo links created: 40
[2025-12-10 12:39:51] [INFO]   - Hide days set: 0
[2025-12-10 12:39:51] [INFO]   - Drinks modifiers: 0
[2025-12-10 12:39:51] [INFO] ============================================================
[2025-12-10 12:39:51] [INFO] Processing: Restaurant Chez Gerry (V3: 109, V1: 228)
[2025-12-10 12:39:51] [INFO] ============================================================
[2025-12-10 12:39:51] [INFO] Navigating to menu: https://menuadmin.menu.ca/?p=restaurants&display=editRestaurant&restaurant=228&load=menu&showLang=en
[2025-12-10 12:39:55] [INFO] Found 3 combo dishes
[2025-12-10 12:39:55] [INFO] Processing combo dish: 2 Medium Pizza with 3 Toppings HIDE (combo_id=79698)
[2025-12-10 12:39:55] [INFO] Navigating to combo dish: https://menuadmin.menu.ca/?p=restaurants&display=editRestaurant&restaurant=228&load=editCombo&showLang=en&combo=79698
[2025-12-10 12:39:58] [INFO] Processing combo dish: 2 Large Pizza with 3 Toppings HIDE (combo_id=79699)
[2025-12-10 12:39:58] [INFO] Navigating to combo dish: https://menuadmin.menu.ca/?p=restaurants&display=editRestaurant&restaurant=228&load=editCombo&showLang=en&combo=79699
[2025-12-10 12:40:01] [INFO] Processing combo dish: 1 Topping (combo_id=17782)
[2025-12-10 12:40:01] [INFO] Navigating to combo dish: https://menuadmin.menu.ca/?p=restaurants&display=editRestaurant&restaurant=228&load=editCombo&showLang=en&combo=17782
[2025-12-10 12:40:03] [INFO] Results for Restaurant Chez Gerry:
[2025-12-10 12:40:03] [INFO]   - Dishes processed: 3
[2025-12-10 12:40:03] [INFO]   - Combo links created: 11
[2025-12-10 12:40:03] [INFO]   - Hide days set: 0
[2025-12-10 12:40:03] [INFO]   - Drinks modifiers: 0
[2025-12-10 12:40:03] [INFO] ============================================================
[2025-12-10 12:40:03] [INFO] Processing: Mano City Pizza (V3: 118, V1: 238)
[2025-12-10 12:40:03] [INFO] ============================================================
[2025-12-10 12:40:03] [INFO] Navigating to menu: https://menuadmin.menu.ca/?p=restaurants&display=editRestaurant&restaurant=238&load=menu&showLang=en
[2025-12-10 12:40:07] [INFO] Found 18 combo dishes
[2025-12-10 12:40:07] [INFO] Processing combo dish: Catering No9 - Two Medium Pizza (combo_id=91886)
[2025-12-10 12:40:07] [INFO] Navigating to combo dish: https://menuadmin.menu.ca/?p=restaurants&display=editRestaurant&restaurant=238&load=editCombo&showLang=en&combo=91886
[2025-12-10 12:40:10] [INFO] Processing combo dish: Catering No10 - Two Large Pizza (combo_id=91887)
[2025-12-10 12:40:10] [INFO] Navigating to combo dish: https://menuadmin.menu.ca/?p=restaurants&display=editRestaurant&restaurant=238&load=editCombo&showLang=en&combo=91887
[2025-12-10 12:40:13] [INFO] Processing combo dish: Single Pizza 3 Toppings (combo_id=96392)
[2025-12-10 12:40:13] [INFO] Navigating to combo dish: https://menuadmin.menu.ca/?p=restaurants&display=editRestaurant&restaurant=238&load=editCombo&showLang=en&combo=96392
[2025-12-10 12:40:16] [INFO] Processing combo dish: Twin Pizzas (combo_id=96391)
[2025-12-10 12:40:16] [INFO] Navigating to combo dish: https://menuadmin.menu.ca/?p=restaurants&display=editRestaurant&restaurant=238&load=editCombo&showLang=en&combo=96391
[2025-12-10 12:40:19] [INFO] Processing combo dish: Pizza & Wings (combo_id=96394)
[2025-12-10 12:40:19] [INFO] Navigating to combo dish: https://menuadmin.menu.ca/?p=restaurants&display=editRestaurant&restaurant=238&load=editCombo&showLang=en&combo=96394
[2025-12-10 12:40:25] [INFO] Processing combo dish: Family Special Meal Deal (combo_id=36589)
[2025-12-10 12:40:25] [INFO] Navigating to combo dish: https://menuadmin.menu.ca/?p=restaurants&display=editRestaurant&restaurant=238&load=editCombo&showLang=en&combo=36589
[2025-12-10 12:40:31] [INFO] Processing combo dish: X-Large Pizza and Wings Special HIDE (combo_id=19149)
[2025-12-10 12:40:31] [INFO] Navigating to combo dish: https://menuadmin.menu.ca/?p=restaurants&display=editRestaurant&restaurant=238&load=editCombo&showLang=en&combo=19149
[2025-12-10 12:40:38] [INFO] Processing combo dish: Small Pizza & Wings hid (combo_id=90129)
[2025-12-10 12:40:38] [INFO] Navigating to combo dish: https://menuadmin.menu.ca/?p=restaurants&display=editRestaurant&restaurant=238&load=editCombo&showLang=en&combo=90129
[2025-12-10 12:40:44] [INFO] Processing combo dish: Medium Pizza & Wings hid (combo_id=90130)
[2025-12-10 12:40:44] [INFO] Navigating to combo dish: https://menuadmin.menu.ca/?p=restaurants&display=editRestaurant&restaurant=238&load=editCombo&showLang=en&combo=90130
[2025-12-10 12:40:50] [INFO] Processing combo dish: Large Pizza & Wings hid (combo_id=90131)
[2025-12-10 12:40:50] [INFO] Navigating to combo dish: https://menuadmin.menu.ca/?p=restaurants&display=editRestaurant&restaurant=238&load=editCombo&showLang=en&combo=90131
[2025-12-10 12:40:57] [INFO] Processing combo dish: 2 Small Pizza & Wings hid (combo_id=90132)
[2025-12-10 12:40:57] [INFO] Navigating to combo dish: https://menuadmin.menu.ca/?p=restaurants&display=editRestaurant&restaurant=238&load=editCombo&showLang=en&combo=90132
[2025-12-10 12:41:03] [INFO] Processing combo dish: 2 Medium Pizza & Wings hid (combo_id=90133)
[2025-12-10 12:41:03] [INFO] Navigating to combo dish: https://menuadmin.menu.ca/?p=restaurants&display=editRestaurant&restaurant=238&load=editCombo&showLang=en&combo=90133
[2025-12-10 12:41:09] [INFO] Processing combo dish: 2 Large Pizza & Wings hid (combo_id=90134)
[2025-12-10 12:41:09] [INFO] Navigating to combo dish: https://menuadmin.menu.ca/?p=restaurants&display=editRestaurant&restaurant=238&load=editCombo&showLang=en&combo=90134
[2025-12-10 12:41:16] [INFO] Processing combo dish: Medium Pizza and Wings Special hid (combo_id=19147)
[2025-12-10 12:41:16] [INFO] Navigating to combo dish: https://menuadmin.menu.ca/?p=restaurants&display=editRestaurant&restaurant=238&load=editCombo&showLang=en&combo=19147
[2025-12-10 12:41:22] [INFO] Processing combo dish: Large Pizza and Wings Special hid (combo_id=19148)
[2025-12-10 12:41:22] [INFO] Navigating to combo dish: https://menuadmin.menu.ca/?p=restaurants&display=editRestaurant&restaurant=238&load=editCombo&showLang=en&combo=19148
[2025-12-10 12:41:28] [INFO] Processing combo dish: Two Large Donairs HIDE (combo_id=58792)
[2025-12-10 12:41:28] [INFO] Navigating to combo dish: https://menuadmin.menu.ca/?p=restaurants&display=editRestaurant&restaurant=238&load=editCombo&showLang=en&combo=58792
[2025-12-10 12:41:30] [INFO] Processing combo dish: Two Large Subs HIDE (combo_id=96393)
[2025-12-10 12:41:30] [INFO] Navigating to combo dish: https://menuadmin.menu.ca/?p=restaurants&display=editRestaurant&restaurant=238&load=editCombo&showLang=en&combo=96393
[2025-12-10 12:41:32] [INFO] Processing combo dish: One Topping HIDE (combo_id=18170)
[2025-12-10 12:41:32] [INFO] Navigating to combo dish: https://menuadmin.menu.ca/?p=restaurants&display=editRestaurant&restaurant=238&load=editCombo&showLang=en&combo=18170
[2025-12-10 12:41:35] [INFO] Results for Mano City Pizza:
[2025-12-10 12:41:35] [INFO]   - Dishes processed: 18
[2025-12-10 12:41:35] [INFO]   - Combo links created: 70
[2025-12-10 12:41:35] [INFO]   - Hide days set: 0
[2025-12-10 12:41:35] [INFO]   - Drinks modifiers: 99
[2025-12-10 12:41:35] [INFO] ============================================================
[2025-12-10 12:41:35] [INFO] Processing: Hung Mein (V3: 119, V1: 239)
[2025-12-10 12:41:35] [INFO] ============================================================
[2025-12-10 12:41:35] [INFO] Navigating to menu: https://menuadmin.menu.ca/?p=restaurants&display=editRestaurant&restaurant=239&load=menu&showLang=en
[2025-12-10 12:41:39] [INFO] Found 0 combo dishes
[2025-12-10 12:41:39] [INFO] No combo dishes found for restaurant 119
[2025-12-10 12:41:39] [INFO] Results for Hung Mein:
[2025-12-10 12:41:39] [INFO]   - Dishes processed: 0
[2025-12-10 12:41:39] [INFO]   - Combo links created: 0
[2025-12-10 12:41:39] [INFO]   - Hide days set: 0
[2025-12-10 12:41:39] [INFO]   - Drinks modifiers: 0
[2025-12-10 12:41:39] [INFO] ============================================================
[2025-12-10 12:41:39] [INFO] Processing: Milano (V3: 123, V1: 245)
[2025-12-10 12:41:39] [INFO] ============================================================
[2025-12-10 12:41:39] [INFO] Navigating to menu: https://menuadmin.menu.ca/?p=restaurants&display=editRestaurant&restaurant=245&load=menu&showLang=en
[2025-12-10 12:41:43] [INFO] Found 13 combo dishes
[2025-12-10 12:41:43] [INFO] Processing combo dish: Combo No.1 HIDED (combo_id=76730)
[2025-12-10 12:41:43] [INFO] Navigating to combo dish: https://menuadmin.menu.ca/?p=restaurants&display=editRestaurant&restaurant=245&load=editCombo&showLang=en&combo=76730
[2025-12-10 12:41:47] [INFO] Processing combo dish: Combo No.2 HIDED (combo_id=76731)
[2025-12-10 12:41:47] [INFO] Navigating to combo dish: https://menuadmin.menu.ca/?p=restaurants&display=editRestaurant&restaurant=245&load=editCombo&showLang=en&combo=76731
[2025-12-10 12:41:51] [INFO] Processing combo dish: The Perfect Combo Deal with PopCurds HIDE (combo_id=113176)
[2025-12-10 12:41:51] [INFO] Navigating to combo dish: https://menuadmin.menu.ca/?p=restaurants&display=editRestaurant&restaurant=245&load=editCombo&showLang=en&combo=113176
[2025-12-10 12:41:57] [INFO] Processing combo dish: 1 Topping Pizza Deal (combo_id=18265)
[2025-12-10 12:41:57] [INFO] Navigating to combo dish: https://menuadmin.menu.ca/?p=restaurants&display=editRestaurant&restaurant=245&load=editCombo&showLang=en&combo=18265
[2025-12-10 12:42:06] [INFO] Processing combo dish: 2 Toppings Pizza Deal (combo_id=18267)
[2025-12-10 12:42:06] [INFO] Navigating to combo dish: https://menuadmin.menu.ca/?p=restaurants&display=editRestaurant&restaurant=245&load=editCombo&showLang=en&combo=18267
[2025-12-10 12:42:15] [INFO] Processing combo dish: 3 Toppings Pizza Deal (combo_id=18268)
[2025-12-10 12:42:15] [INFO] Navigating to combo dish: https://menuadmin.menu.ca/?p=restaurants&display=editRestaurant&restaurant=245&load=editCombo&showLang=en&combo=18268
[2025-12-10 12:42:23] [INFO] Processing combo dish: The Perfect Combo Deal with PopCurds (combo_id=85213)
[2025-12-10 12:42:23] [INFO] Navigating to combo dish: https://menuadmin.menu.ca/?p=restaurants&display=editRestaurant&restaurant=245&load=editCombo&showLang=en&combo=85213
[2025-12-10 12:42:31] [INFO] Processing combo dish: Medium Pizza Deal (combo_id=18760)
[2025-12-10 12:42:31] [INFO] Navigating to combo dish: https://menuadmin.menu.ca/?p=restaurants&display=editRestaurant&restaurant=245&load=editCombo&showLang=en&combo=18760
[2025-12-10 12:42:38] [INFO] Processing combo dish: Large Pizza Deal (combo_id=18761)
[2025-12-10 12:42:38] [INFO] Navigating to combo dish: https://menuadmin.menu.ca/?p=restaurants&display=editRestaurant&restaurant=245&load=editCombo&showLang=en&combo=18761
[2025-12-10 12:42:46] [INFO] Processing combo dish: Donair Special (combo_id=18774)
[2025-12-10 12:42:46] [INFO] Navigating to combo dish: https://menuadmin.menu.ca/?p=restaurants&display=editRestaurant&restaurant=245&load=editCombo&showLang=en&combo=18774
[2025-12-10 12:42:52] [INFO] Processing combo dish: Family Deal (combo_id=67630)
[2025-12-10 12:42:52] [INFO] Navigating to combo dish: https://menuadmin.menu.ca/?p=restaurants&display=editRestaurant&restaurant=245&load=editCombo&showLang=en&combo=67630
[2025-12-10 12:43:00] [INFO] Processing combo dish: One Topping (combo_id=18174)
[2025-12-10 12:43:00] [INFO] Navigating to combo dish: https://menuadmin.menu.ca/?p=restaurants&display=editRestaurant&restaurant=245&load=editCombo&showLang=en&combo=18174
[2025-12-10 12:43:07] [INFO] Processing combo dish: Two Toppings (combo_id=18175)
[2025-12-10 12:43:07] [INFO] Navigating to combo dish: https://menuadmin.menu.ca/?p=restaurants&display=editRestaurant&restaurant=245&load=editCombo&showLang=en&combo=18175
[2025-12-10 12:43:15] [INFO] Results for Milano:
[2025-12-10 12:43:15] [INFO]   - Dishes processed: 13
[2025-12-10 12:43:15] [INFO]   - Combo links created: 64
[2025-12-10 12:43:15] [INFO]   - Hide days set: 12
[2025-12-10 12:43:15] [INFO]   - Drinks modifiers: 128
[2025-12-10 12:43:15] [INFO] ============================================================
[2025-12-10 12:43:15] [INFO] Processing: Carlo's Pizza (V3: 124, V1: 246)
[2025-12-10 12:43:15] [INFO] ============================================================
[2025-12-10 12:43:15] [INFO] Navigating to menu: https://menuadmin.menu.ca/?p=restaurants&display=editRestaurant&restaurant=246&load=menu&showLang=en
[2025-12-10 12:43:19] [INFO] Found 1 combo dishes
[2025-12-10 12:43:19] [INFO] Processing combo dish: Two Toppings Pizza (combo_id=18754)
[2025-12-10 12:43:19] [INFO] Navigating to combo dish: https://menuadmin.menu.ca/?p=restaurants&display=editRestaurant&restaurant=246&load=editCombo&showLang=en&combo=18754
[2025-12-10 12:43:21] [INFO] Results for Carlo's Pizza:
[2025-12-10 12:43:21] [INFO]   - Dishes processed: 1
[2025-12-10 12:43:21] [INFO]   - Combo links created: 3
[2025-12-10 12:43:21] [INFO]   - Hide days set: 0
[2025-12-10 12:43:21] [INFO]   - Drinks modifiers: 0
[2025-12-10 12:43:21] [INFO] ============================================================
[2025-12-10 12:43:21] [INFO] Processing: Milano (V3: 126, V1: 248)
[2025-12-10 12:43:21] [INFO] ============================================================
[2025-12-10 12:43:21] [INFO] Navigating to menu: https://menuadmin.menu.ca/?p=restaurants&display=editRestaurant&restaurant=248&load=menu&showLang=en
[2025-12-10 12:43:25] [INFO] Found 10 combo dishes
[2025-12-10 12:43:25] [INFO] Processing combo dish: The Perfect Combo Deal with PopCurds (combo_id=113177)
[2025-12-10 12:43:25] [INFO] Navigating to combo dish: https://menuadmin.menu.ca/?p=restaurants&display=editRestaurant&restaurant=248&load=editCombo&showLang=en&combo=113177
[2025-12-10 12:43:33] [INFO] Processing combo dish: The Perfect Combo Deal with PopCurds (combo_id=84846)
[2025-12-10 12:43:33] [INFO] Navigating to combo dish: https://menuadmin.menu.ca/?p=restaurants&display=editRestaurant&restaurant=248&load=editCombo&showLang=en&combo=84846
[2025-12-10 12:43:41] [INFO] Processing combo dish: Large Pizza Deal (combo_id=19098)
[2025-12-10 12:43:41] [INFO] Navigating to combo dish: https://menuadmin.menu.ca/?p=restaurants&display=editRestaurant&restaurant=248&load=editCombo&showLang=en&combo=19098
[2025-12-10 12:43:49] [INFO] Processing combo dish: Medium Pizza Deal (combo_id=19096)
[2025-12-10 12:43:49] [INFO] Navigating to combo dish: https://menuadmin.menu.ca/?p=restaurants&display=editRestaurant&restaurant=248&load=editCombo&showLang=en&combo=19096
[2025-12-10 12:43:58] [INFO] Processing combo dish: 1 Topping Pizza Deal (combo_id=19093)
[2025-12-10 12:43:58] [INFO] Navigating to combo dish: https://menuadmin.menu.ca/?p=restaurants&display=editRestaurant&restaurant=248&load=editCombo&showLang=en&combo=19093
[2025-12-10 12:44:06] [INFO] Processing combo dish: 2 Toppings Pizza Deal (combo_id=19094)
[2025-12-10 12:44:06] [INFO] Navigating to combo dish: https://menuadmin.menu.ca/?p=restaurants&display=editRestaurant&restaurant=248&load=editCombo&showLang=en&combo=19094
[2025-12-10 12:44:15] [INFO] Processing combo dish: 3 Toppings Pizza Deal (combo_id=19095)
[2025-12-10 12:44:15] [INFO] Navigating to combo dish: https://menuadmin.menu.ca/?p=restaurants&display=editRestaurant&restaurant=248&load=editCombo&showLang=en&combo=19095
[2025-12-10 12:44:23] [INFO] Processing combo dish: 2 Pizza Deal 1 Topping & Two 591ml Drinks (V) (combo_id=93306)
[2025-12-10 12:44:23] [INFO] Navigating to combo dish: https://menuadmin.menu.ca/?p=restaurants&display=editRestaurant&restaurant=248&load=editCombo&showLang=en&combo=93306
[2025-12-10 12:44:31] [INFO] Processing combo dish: 2 Pizza Deal 2 Toppings & Two 591ml Drinks (V) (combo_id=93307)
[2025-12-10 12:44:31] [INFO] Navigating to combo dish: https://menuadmin.menu.ca/?p=restaurants&display=editRestaurant&restaurant=248&load=editCombo&showLang=en&combo=93307
[2025-12-10 12:44:40] [INFO] Processing combo dish: 2 Pizza Deal 3 Toppings & Two 591ml Drinks (V) (combo_id=93308)
[2025-12-10 12:44:40] [INFO] Navigating to combo dish: https://menuadmin.menu.ca/?p=restaurants&display=editRestaurant&restaurant=248&load=editCombo&showLang=en&combo=93308
[2025-12-10 12:44:48] [INFO] Results for Milano:
[2025-12-10 12:44:48] [INFO]   - Dishes processed: 10
[2025-12-10 12:44:48] [INFO]   - Combo links created: 46
[2025-12-10 12:44:48] [INFO]   - Hide days set: 0
[2025-12-10 12:44:48] [INFO]   - Drinks modifiers: 140
[2025-12-10 12:44:48] [INFO] ============================================================
[2025-12-10 12:44:48] [INFO] Processing: Centertown Donair & Pizza (V3: 131, V1: 255)
[2025-12-10 12:44:48] [INFO] ============================================================
[2025-12-10 12:44:48] [INFO] Navigating to menu: https://menuadmin.menu.ca/?p=restaurants&display=editRestaurant&restaurant=255&load=menu&showLang=en
[2025-12-10 12:44:52] [INFO] Found 13 combo dishes
[2025-12-10 12:44:52] [INFO] Processing combo dish: Medium Pizza and Donairs (combo_id=20051)
[2025-12-10 12:44:52] [INFO] Navigating to combo dish: https://menuadmin.menu.ca/?p=restaurants&display=editRestaurant&restaurant=255&load=editCombo&showLang=en&combo=20051
[2025-12-10 12:44:57] [INFO] Processing combo dish: Small Pizza and One Garlic Fingers (combo_id=20040)
[2025-12-10 12:44:57] [INFO] Navigating to combo dish: https://menuadmin.menu.ca/?p=restaurants&display=editRestaurant&restaurant=255&load=editCombo&showLang=en&combo=20040
[2025-12-10 12:45:00] [INFO] Processing combo dish: Medium Pizza and One Garlic Fingers (combo_id=20041)
[2025-12-10 12:45:00] [INFO] Navigating to combo dish: https://menuadmin.menu.ca/?p=restaurants&display=editRestaurant&restaurant=255&load=editCombo&showLang=en&combo=20041
[2025-12-10 12:45:02] [INFO] Processing combo dish: Large Pizza and One Garlic Fingers (combo_id=20042)
[2025-12-10 12:45:02] [INFO] Navigating to combo dish: https://menuadmin.menu.ca/?p=restaurants&display=editRestaurant&restaurant=255&load=editCombo&showLang=en&combo=20042
[2025-12-10 12:45:05] [INFO] Processing combo dish: 2 Small Donairs and Garlic Fingers (combo_id=57648)
[2025-12-10 12:45:05] [INFO] Navigating to combo dish: https://menuadmin.menu.ca/?p=restaurants&display=editRestaurant&restaurant=255&load=editCombo&showLang=en&combo=57648
[2025-12-10 12:45:10] [INFO] Processing combo dish: 2 Small Halifax Donairs (combo_id=57645)
[2025-12-10 12:45:10] [INFO] Navigating to combo dish: https://menuadmin.menu.ca/?p=restaurants&display=editRestaurant&restaurant=255&load=editCombo&showLang=en&combo=57645
[2025-12-10 12:45:15] [INFO] Processing combo dish: 2 Small Donairs and Wings HIDE (combo_id=57643)
[2025-12-10 12:45:15] [INFO] Navigating to combo dish: https://menuadmin.menu.ca/?p=restaurants&display=editRestaurant&restaurant=255&load=editCombo&showLang=en&combo=57643
[2025-12-10 12:45:20] [INFO] Processing combo dish: Large Pizza and Donair Special HIDE (combo_id=20043)
[2025-12-10 12:45:20] [INFO] Navigating to combo dish: https://menuadmin.menu.ca/?p=restaurants&display=editRestaurant&restaurant=255&load=editCombo&showLang=en&combo=20043
[2025-12-10 12:45:26] [INFO] Processing combo dish: 1 Topping (combo_id=20167)
[2025-12-10 12:45:26] [INFO] Navigating to combo dish: https://menuadmin.menu.ca/?p=restaurants&display=editRestaurant&restaurant=255&load=editCombo&showLang=en&combo=20167
[2025-12-10 12:45:28] [INFO] Processing combo dish: 2 Toppings (combo_id=20168)
[2025-12-10 12:45:28] [INFO] Navigating to combo dish: https://menuadmin.menu.ca/?p=restaurants&display=editRestaurant&restaurant=255&load=editCombo&showLang=en&combo=20168
[2025-12-10 12:45:31] [INFO] Processing combo dish: 2 Small Pizza Special (combo_id=70189)
[2025-12-10 12:45:31] [INFO] Navigating to combo dish: https://menuadmin.menu.ca/?p=restaurants&display=editRestaurant&restaurant=255&load=editCombo&showLang=en&combo=70189
[2025-12-10 12:45:34] [INFO] Processing combo dish: 2 Medium Pizza Special (combo_id=70190)
[2025-12-10 12:45:34] [INFO] Navigating to combo dish: https://menuadmin.menu.ca/?p=restaurants&display=editRestaurant&restaurant=255&load=editCombo&showLang=en&combo=70190
[2025-12-10 12:45:36] [INFO] Processing combo dish: 2 Large Pizza Special (combo_id=70191)
[2025-12-10 12:45:36] [INFO] Navigating to combo dish: https://menuadmin.menu.ca/?p=restaurants&display=editRestaurant&restaurant=255&load=editCombo&showLang=en&combo=70191
[2025-12-10 12:45:39] [INFO] Results for Centertown Donair & Pizza:
[2025-12-10 12:45:39] [INFO]   - Dishes processed: 13
[2025-12-10 12:45:39] [INFO]   - Combo links created: 39
[2025-12-10 12:45:39] [INFO]   - Hide days set: 0
[2025-12-10 12:45:39] [INFO]   - Drinks modifiers: 35
[2025-12-10 12:45:39] [INFO] ============================================================
[2025-12-10 12:45:39] [INFO] Processing: Pizza Bravo (V3: 139, V1: 264)
[2025-12-10 12:45:39] [INFO] ============================================================
[2025-12-10 12:45:39] [INFO] Navigating to menu: https://menuadmin.menu.ca/?p=restaurants&display=editRestaurant&restaurant=264&load=menu&showLang=en
[2025-12-10 12:45:43] [INFO] Found 0 combo dishes
[2025-12-10 12:45:43] [INFO] No combo dishes found for restaurant 139
[2025-12-10 12:45:43] [INFO] Results for Pizza Bravo:
[2025-12-10 12:45:43] [INFO]   - Dishes processed: 0
[2025-12-10 12:45:43] [INFO]   - Combo links created: 0
[2025-12-10 12:45:43] [INFO]   - Hide days set: 0
[2025-12-10 12:45:43] [INFO]   - Drinks modifiers: 0
[2025-12-10 12:45:43] [INFO] ============================================================
[2025-12-10 12:45:43] [INFO] Processing: Tony's Pizza (V3: 143, V1: 275)
[2025-12-10 12:45:43] [INFO] ============================================================
[2025-12-10 12:45:43] [INFO] Navigating to menu: https://menuadmin.menu.ca/?p=restaurants&display=editRestaurant&restaurant=275&load=menu&showLang=en
[2025-12-10 12:45:47] [INFO] Found 20 combo dishes
[2025-12-10 12:45:47] [INFO] Processing combo dish: Meal Deal (combo_id=47540)
[2025-12-10 12:45:47] [INFO] Navigating to combo dish: https://menuadmin.menu.ca/?p=restaurants&display=editRestaurant&restaurant=275&load=editCombo&showLang=en&combo=47540
[2025-12-10 12:45:52] [INFO] Processing combo dish: 2 Small Pizza and Wings (combo_id=23389)
[2025-12-10 12:45:52] [INFO] Navigating to combo dish: https://menuadmin.menu.ca/?p=restaurants&display=editRestaurant&restaurant=275&load=editCombo&showLang=en&combo=23389
[2025-12-10 12:45:59] [INFO] Processing combo dish: 2 Medium Pizza and Wings (combo_id=23390)
[2025-12-10 12:45:59] [INFO] Navigating to combo dish: https://menuadmin.menu.ca/?p=restaurants&display=editRestaurant&restaurant=275&load=editCombo&showLang=en&combo=23390
[2025-12-10 12:46:05] [INFO] Processing combo dish: 2 Large Pizza with Wings (combo_id=23391)
[2025-12-10 12:46:05] [INFO] Navigating to combo dish: https://menuadmin.menu.ca/?p=restaurants&display=editRestaurant&restaurant=275&load=editCombo&showLang=en&combo=23391
[2025-12-10 12:46:12] [INFO] Processing combo dish: Two Medium Pizza with 5 Toppings HIDE (combo_id=23397)
[2025-12-10 12:46:12] [INFO] Navigating to combo dish: https://menuadmin.menu.ca/?p=restaurants&display=editRestaurant&restaurant=275&load=editCombo&showLang=en&combo=23397
[2025-12-10 12:46:16] [INFO] Processing combo dish: Two Large Pizza with 5 Toppings HIDE (combo_id=23398)
[2025-12-10 12:46:16] [INFO] Navigating to combo dish: https://menuadmin.menu.ca/?p=restaurants&display=editRestaurant&restaurant=275&load=editCombo&showLang=en&combo=23398
[2025-12-10 12:46:19] [INFO] Processing combo dish: Two X-Large Pizza with 5 Toppings HIDE (combo_id=23399)
[2025-12-10 12:46:19] [INFO] Navigating to combo dish: https://menuadmin.menu.ca/?p=restaurants&display=editRestaurant&restaurant=275&load=editCombo&showLang=en&combo=23399
[2025-12-10 12:46:23] [INFO] Processing combo dish: Large Pizza 3 Toppings (combo_id=100765)
[2025-12-10 12:46:23] [INFO] Navigating to combo dish: https://menuadmin.menu.ca/?p=restaurants&display=editRestaurant&restaurant=275&load=editCombo&showLang=en&combo=100765
[2025-12-10 12:46:26] [INFO] Processing combo dish: One Topping (combo_id=23239)
[2025-12-10 12:46:26] [INFO] Navigating to combo dish: https://menuadmin.menu.ca/?p=restaurants&display=editRestaurant&restaurant=275&load=editCombo&showLang=en&combo=23239
[2025-12-10 12:46:29] [INFO] Processing combo dish: Two Toppings (combo_id=23240)
[2025-12-10 12:46:29] [INFO] Navigating to combo dish: https://menuadmin.menu.ca/?p=restaurants&display=editRestaurant&restaurant=275&load=editCombo&showLang=en&combo=23240
[2025-12-10 12:46:31] [INFO] Processing combo dish: Lana's (Fajita) (combo_id=23255)
[2025-12-10 12:46:31] [INFO] Navigating to combo dish: https://menuadmin.menu.ca/?p=restaurants&display=editRestaurant&restaurant=275&load=editCombo&showLang=en&combo=23255
[2025-12-10 12:46:34] [INFO] Processing combo dish: Sam Special (combo_id=23259)
[2025-12-10 12:46:34] [INFO] Navigating to combo dish: https://menuadmin.menu.ca/?p=restaurants&display=editRestaurant&restaurant=275&load=editCombo&showLang=en&combo=23259
[2025-12-10 12:46:37] [INFO] Processing combo dish: Twins 1 Topping (combo_id=47537)
[2025-12-10 12:46:37] [INFO] Navigating to combo dish: https://menuadmin.menu.ca/?p=restaurants&display=editRestaurant&restaurant=275&load=editCombo&showLang=en&combo=47537
[2025-12-10 12:46:39] [INFO] Processing combo dish: Twins 2 Toppings (combo_id=47538)
[2025-12-10 12:46:39] [INFO] Navigating to combo dish: https://menuadmin.menu.ca/?p=restaurants&display=editRestaurant&restaurant=275&load=editCombo&showLang=en&combo=47538
[2025-12-10 12:46:42] [INFO] Processing combo dish: Twins 3 Toppings (combo_id=47539)
[2025-12-10 12:46:42] [INFO] Navigating to combo dish: https://menuadmin.menu.ca/?p=restaurants&display=editRestaurant&restaurant=275&load=editCombo&showLang=en&combo=47539
[2025-12-10 12:46:45] [INFO] Processing combo dish: Small Pizza with Wings (combo_id=23383)
[2025-12-10 12:46:45] [INFO] Navigating to combo dish: https://menuadmin.menu.ca/?p=restaurants&display=editRestaurant&restaurant=275&load=editCombo&showLang=en&combo=23383
[2025-12-10 12:46:52] [INFO] Processing combo dish: Medium Pizza with Wings (combo_id=23385)
[2025-12-10 12:46:52] [INFO] Navigating to combo dish: https://menuadmin.menu.ca/?p=restaurants&display=editRestaurant&restaurant=275&load=editCombo&showLang=en&combo=23385
[2025-12-10 12:46:58] [INFO] Processing combo dish: Large Pizza with Wings (combo_id=23386)
[2025-12-10 12:46:58] [INFO] Navigating to combo dish: https://menuadmin.menu.ca/?p=restaurants&display=editRestaurant&restaurant=275&load=editCombo&showLang=en&combo=23386
[2025-12-10 12:47:05] [INFO] Processing combo dish: X-Large Pizza with Wings (combo_id=23387)
[2025-12-10 12:47:05] [INFO] Navigating to combo dish: https://menuadmin.menu.ca/?p=restaurants&display=editRestaurant&restaurant=275&load=editCombo&showLang=en&combo=23387
[2025-12-10 12:47:09] [INFO] Processing combo dish: Halal Lana’s Pizza (Fajita) (combo_id=125164)
[2025-12-10 12:47:09] [INFO] Navigating to combo dish: https://menuadmin.menu.ca/?p=restaurants&display=editRestaurant&restaurant=275&load=editCombo&showLang=en&combo=125164
[2025-12-10 12:47:12] [INFO] Results for Tony's Pizza:
[2025-12-10 12:47:12] [INFO]   - Dishes processed: 20
[2025-12-10 12:47:12] [INFO]   - Combo links created: 77
[2025-12-10 12:47:12] [INFO]   - Hide days set: 12
[2025-12-10 12:47:12] [INFO]   - Drinks modifiers: 68
[2025-12-10 12:47:12] [INFO] ============================================================
[2025-12-10 12:47:12] [INFO] Processing: Hong Kong Chinese Food Takeout (V3: 160, V1: 294)
[2025-12-10 12:47:12] [INFO] ============================================================
[2025-12-10 12:47:12] [INFO] Navigating to menu: https://menuadmin.menu.ca/?p=restaurants&display=editRestaurant&restaurant=294&load=menu&showLang=en
[2025-12-10 12:47:16] [INFO] Found 0 combo dishes
[2025-12-10 12:47:16] [INFO] No combo dishes found for restaurant 160
[2025-12-10 12:47:16] [INFO] Results for Hong Kong Chinese Food Takeout:
[2025-12-10 12:47:16] [INFO]   - Dishes processed: 0
[2025-12-10 12:47:16] [INFO]   - Combo links created: 0
[2025-12-10 12:47:16] [INFO]   - Hide days set: 0
[2025-12-10 12:47:16] [INFO]   - Drinks modifiers: 0
[2025-12-10 12:47:16] [INFO] ============================================================
[2025-12-10 12:47:16] [INFO] Processing: Lucky King Take Out (V3: 174, V1: 312)
[2025-12-10 12:47:16] [INFO] ============================================================
[2025-12-10 12:47:16] [INFO] Navigating to menu: https://menuadmin.menu.ca/?p=restaurants&display=editRestaurant&restaurant=312&load=menu&showLang=en
[2025-12-10 12:47:20] [INFO] Found 0 combo dishes
[2025-12-10 12:47:20] [INFO] No combo dishes found for restaurant 174
[2025-12-10 12:47:20] [INFO] Results for Lucky King Take Out:
[2025-12-10 12:47:20] [INFO]   - Dishes processed: 0
[2025-12-10 12:47:20] [INFO]   - Combo links created: 0
[2025-12-10 12:47:20] [INFO]   - Hide days set: 0
[2025-12-10 12:47:20] [INFO]   - Drinks modifiers: 0
[2025-12-10 12:47:20] [INFO] ============================================================
[2025-12-10 12:47:20] [INFO] Processing: Indian Punjabi Clay Oven (V3: 180, V1: 318)
[2025-12-10 12:47:20] [INFO] ============================================================
[2025-12-10 12:47:20] [INFO] Navigating to menu: https://menuadmin.menu.ca/?p=restaurants&display=editRestaurant&restaurant=318&load=menu&showLang=en
[2025-12-10 12:47:24] [INFO] Found 0 combo dishes
[2025-12-10 12:47:24] [INFO] No combo dishes found for restaurant 180
[2025-12-10 12:47:24] [INFO] Results for Indian Punjabi Clay Oven:
[2025-12-10 12:47:24] [INFO]   - Dishes processed: 0
[2025-12-10 12:47:24] [INFO]   - Combo links created: 0
[2025-12-10 12:47:24] [INFO]   - Hide days set: 0
[2025-12-10 12:47:24] [INFO]   - Drinks modifiers: 0
[2025-12-10 12:47:24] [INFO] ============================================================
[2025-12-10 12:47:24] [INFO] Processing: Milano (V3: 190, V1: 328)
[2025-12-10 12:47:24] [INFO] ============================================================
[2025-12-10 12:47:24] [INFO] Navigating to menu: https://menuadmin.menu.ca/?p=restaurants&display=editRestaurant&restaurant=328&load=menu&showLang=en
[2025-12-10 12:47:28] [INFO] Found 12 combo dishes
[2025-12-10 12:47:28] [INFO] Processing combo dish: Combo No.1 HIDED (combo_id=76690)
[2025-12-10 12:47:28] [INFO] Navigating to combo dish: https://menuadmin.menu.ca/?p=restaurants&display=editRestaurant&restaurant=328&load=editCombo&showLang=en&combo=76690
[2025-12-10 12:47:33] [INFO] Processing combo dish: Combo No.2 HIDED (combo_id=76691)
[2025-12-10 12:47:33] [INFO] Navigating to combo dish: https://menuadmin.menu.ca/?p=restaurants&display=editRestaurant&restaurant=328&load=editCombo&showLang=en&combo=76691
[2025-12-10 12:47:37] [INFO] Processing combo dish: The Perfect Combo Deal with PopCurds (combo_id=113146)
[2025-12-10 12:47:37] [INFO] Navigating to combo dish: https://menuadmin.menu.ca/?p=restaurants&display=editRestaurant&restaurant=328&load=editCombo&showLang=en&combo=113146
[2025-12-10 12:47:42] [INFO] Processing combo dish: One Topping 2 Pizza Deal (combo_id=27297)
[2025-12-10 12:47:42] [INFO] Navigating to combo dish: https://menuadmin.menu.ca/?p=restaurants&display=editRestaurant&restaurant=328&load=editCombo&showLang=en&combo=27297
[2025-12-10 12:47:49] [INFO] Processing combo dish: Two Toppings 2 Pizza Deal (combo_id=27298)
[2025-12-10 12:47:49] [INFO] Navigating to combo dish: https://menuadmin.menu.ca/?p=restaurants&display=editRestaurant&restaurant=328&load=editCombo&showLang=en&combo=27298
[2025-12-10 12:47:55] [INFO] Processing combo dish: Three Toppings 2 Pizza Deal (combo_id=27299)
[2025-12-10 12:47:55] [INFO] Navigating to combo dish: https://menuadmin.menu.ca/?p=restaurants&display=editRestaurant&restaurant=328&load=editCombo&showLang=en&combo=27299
[2025-12-10 12:48:02] [INFO] Processing combo dish: The Perfect Combo Deal with PopCurds (combo_id=78959)
[2025-12-10 12:48:02] [INFO] Navigating to combo dish: https://menuadmin.menu.ca/?p=restaurants&display=editRestaurant&restaurant=328&load=editCombo&showLang=en&combo=78959
[2025-12-10 12:48:08] [INFO] Processing combo dish: Large Pizza 3 Toppings (combo_id=27308)
[2025-12-10 12:48:08] [INFO] Navigating to combo dish: https://menuadmin.menu.ca/?p=restaurants&display=editRestaurant&restaurant=328&load=editCombo&showLang=en&combo=27308
[2025-12-10 12:48:13] [INFO] Processing combo dish: Medium Pizza 3 Toppings (combo_id=27307)
[2025-12-10 12:48:13] [INFO] Navigating to combo dish: https://menuadmin.menu.ca/?p=restaurants&display=editRestaurant&restaurant=328&load=editCombo&showLang=en&combo=27307
[2025-12-10 12:48:19] [INFO] Processing combo dish: Donair Special HIDE (combo_id=27310)
[2025-12-10 12:48:19] [INFO] Navigating to combo dish: https://menuadmin.menu.ca/?p=restaurants&display=editRestaurant&restaurant=328&load=editCombo&showLang=en&combo=27310
[2025-12-10 12:48:21] [INFO] Processing combo dish: 1 Topping Pizza HIDE (combo_id=27223)
[2025-12-10 12:48:21] [INFO] Navigating to combo dish: https://menuadmin.menu.ca/?p=restaurants&display=editRestaurant&restaurant=328&load=editCombo&showLang=en&combo=27223
[2025-12-10 12:48:26] [INFO] Processing combo dish: 2 Toppings Pizza HIDE (combo_id=27224)
[2025-12-10 12:48:26] [INFO] Navigating to combo dish: https://menuadmin.menu.ca/?p=restaurants&display=editRestaurant&restaurant=328&load=editCombo&showLang=en&combo=27224
[2025-12-10 12:48:32] [INFO] Results for Milano:
[2025-12-10 12:48:32] [INFO]   - Dishes processed: 12
[2025-12-10 12:48:32] [INFO]   - Combo links created: 59
[2025-12-10 12:48:32] [INFO]   - Hide days set: 12
[2025-12-10 12:48:32] [INFO]   - Drinks modifiers: 61
[2025-12-10 12:48:32] [INFO] ============================================================
[2025-12-10 12:48:32] [INFO] Processing: Colonnade Pizza (V3: 196, V1: 334)
[2025-12-10 12:48:32] [INFO] ============================================================
[2025-12-10 12:48:32] [INFO] Navigating to menu: https://menuadmin.menu.ca/?p=restaurants&display=editRestaurant&restaurant=334&load=menu&showLang=en
[2025-12-10 12:48:36] [INFO] Found 1 combo dishes
[2025-12-10 12:48:36] [INFO] Processing combo dish: 1 Topping (combo_id=27509)
[2025-12-10 12:48:36] [INFO] Navigating to combo dish: https://menuadmin.menu.ca/?p=restaurants&display=editRestaurant&restaurant=334&load=editCombo&showLang=en&combo=27509
[2025-12-10 12:48:38] [INFO] Results for Colonnade Pizza:
[2025-12-10 12:48:38] [INFO]   - Dishes processed: 1
[2025-12-10 12:48:38] [INFO]   - Combo links created: 3
[2025-12-10 12:48:38] [INFO]   - Hide days set: 0
[2025-12-10 12:48:38] [INFO]   - Drinks modifiers: 0
[2025-12-10 12:48:38] [INFO] ============================================================
[2025-12-10 12:48:38] [INFO] Processing: Pho Bo Ga King - Somerset (V3: 199, V1: 337)
[2025-12-10 12:48:38] [INFO] ============================================================
[2025-12-10 12:48:38] [INFO] Navigating to menu: https://menuadmin.menu.ca/?p=restaurants&display=editRestaurant&restaurant=337&load=menu&showLang=en
[2025-12-10 12:48:42] [INFO] Found 0 combo dishes
[2025-12-10 12:48:42] [INFO] No combo dishes found for restaurant 199
[2025-12-10 12:48:42] [INFO] Results for Pho Bo Ga King - Somerset:
[2025-12-10 12:48:42] [INFO]   - Dishes processed: 0
[2025-12-10 12:48:42] [INFO]   - Combo links created: 0
[2025-12-10 12:48:42] [INFO]   - Hide days set: 0
[2025-12-10 12:48:42] [INFO]   - Drinks modifiers: 0
[2025-12-10 12:48:42] [INFO] ============================================================
[2025-12-10 12:48:42] [INFO] Processing: Mont Liban Bakery & Shawarma (V3: 205, V1: 344)
[2025-12-10 12:48:42] [INFO] ============================================================
[2025-12-10 12:48:42] [INFO] Navigating to menu: https://menuadmin.menu.ca/?p=restaurants&display=editRestaurant&restaurant=344&load=menu&showLang=en
[2025-12-10 12:48:46] [INFO] Found 0 combo dishes
[2025-12-10 12:48:46] [INFO] No combo dishes found for restaurant 205
[2025-12-10 12:48:46] [INFO] Results for Mont Liban Bakery & Shawarma:
[2025-12-10 12:48:46] [INFO]   - Dishes processed: 0
[2025-12-10 12:48:46] [INFO]   - Combo links created: 0
[2025-12-10 12:48:46] [INFO]   - Hide days set: 0
[2025-12-10 12:48:46] [INFO]   - Drinks modifiers: 0
[2025-12-10 12:48:46] [INFO] ============================================================
[2025-12-10 12:48:46] [INFO] Processing: Erman Pizza (V3: 211, V1: 350)
[2025-12-10 12:48:46] [INFO] ============================================================
[2025-12-10 12:48:46] [INFO] Navigating to menu: https://menuadmin.menu.ca/?p=restaurants&display=editRestaurant&restaurant=350&load=menu&showLang=en
[2025-12-10 12:48:50] [INFO] Found 0 combo dishes
[2025-12-10 12:48:50] [INFO] No combo dishes found for restaurant 211
[2025-12-10 12:48:50] [INFO] Results for Erman Pizza:
[2025-12-10 12:48:50] [INFO]   - Dishes processed: 0
[2025-12-10 12:48:50] [INFO]   - Combo links created: 0
[2025-12-10 12:48:50] [INFO]   - Hide days set: 0
[2025-12-10 12:48:50] [INFO]   - Drinks modifiers: 0
[2025-12-10 12:48:50] [INFO] ============================================================
[2025-12-10 12:48:50] [INFO] Processing: New Mukut Restaurant Indian Cuisine (V3: 234, V1: 374)
[2025-12-10 12:48:50] [INFO] ============================================================
[2025-12-10 12:48:50] [INFO] Navigating to menu: https://menuadmin.menu.ca/?p=restaurants&display=editRestaurant&restaurant=374&load=menu&showLang=en
[2025-12-10 12:48:54] [INFO] Found 0 combo dishes
[2025-12-10 12:48:54] [INFO] No combo dishes found for restaurant 234
[2025-12-10 12:48:54] [INFO] Results for New Mukut Restaurant Indian Cuisine:
[2025-12-10 12:48:54] [INFO]   - Dishes processed: 0
[2025-12-10 12:48:54] [INFO]   - Combo links created: 0
[2025-12-10 12:48:54] [INFO]   - Hide days set: 0
[2025-12-10 12:48:54] [INFO]   - Drinks modifiers: 0
[2025-12-10 12:48:54] [INFO] ============================================================
[2025-12-10 12:48:54] [INFO] Processing: Beneci Pizza (V3: 241, V1: 383)
[2025-12-10 12:48:54] [INFO] ============================================================
[2025-12-10 12:48:54] [INFO] Navigating to menu: https://menuadmin.menu.ca/?p=restaurants&display=editRestaurant&restaurant=383&load=menu&showLang=en
[2025-12-10 12:48:58] [INFO] Found 6 combo dishes
[2025-12-10 12:48:58] [INFO] Processing combo dish: 1 Topping Pizza (combo_id=32276)
[2025-12-10 12:48:58] [INFO] Navigating to combo dish: https://menuadmin.menu.ca/?p=restaurants&display=editRestaurant&restaurant=383&load=editCombo&showLang=en&combo=32276
[2025-12-10 12:49:01] [INFO] Processing combo dish: 2 Toppings Pizza (combo_id=32277)
[2025-12-10 12:49:01] [INFO] Navigating to combo dish: https://menuadmin.menu.ca/?p=restaurants&display=editRestaurant&restaurant=383&load=editCombo&showLang=en&combo=32277
[2025-12-10 12:49:04] [INFO] Processing combo dish: 3 Toppings Pizza (combo_id=32278)
[2025-12-10 12:49:04] [INFO] Navigating to combo dish: https://menuadmin.menu.ca/?p=restaurants&display=editRestaurant&restaurant=383&load=editCombo&showLang=en&combo=32278
[2025-12-10 12:49:06] [INFO] Processing combo dish: 4 Toppings Pizza (combo_id=32279)
[2025-12-10 12:49:06] [INFO] Navigating to combo dish: https://menuadmin.menu.ca/?p=restaurants&display=editRestaurant&restaurant=383&load=editCombo&showLang=en&combo=32279
[2025-12-10 12:49:09] [INFO] Processing combo dish: 5 Toppings Pizza (combo_id=32280)
[2025-12-10 12:49:09] [INFO] Navigating to combo dish: https://menuadmin.menu.ca/?p=restaurants&display=editRestaurant&restaurant=383&load=editCombo&showLang=en&combo=32280
[2025-12-10 12:49:11] [INFO] Processing combo dish: 6 Toppings Pizza (combo_id=117656)
[2025-12-10 12:49:11] [INFO] Navigating to combo dish: https://menuadmin.menu.ca/?p=restaurants&display=editRestaurant&restaurant=383&load=editCombo&showLang=en&combo=117656
[2025-12-10 12:49:14] [INFO] Results for Beneci Pizza:
[2025-12-10 12:49:14] [INFO]   - Dishes processed: 6
[2025-12-10 12:49:14] [INFO]   - Combo links created: 18
[2025-12-10 12:49:14] [INFO]   - Hide days set: 0
[2025-12-10 12:49:14] [INFO]   - Drinks modifiers: 0
[2025-12-10 12:49:14] [INFO] ============================================================
[2025-12-10 12:49:14] [INFO] Processing: Orchid Sushi (V3: 245, V1: 387)
[2025-12-10 12:49:14] [INFO] ============================================================
[2025-12-10 12:49:14] [INFO] Navigating to menu: https://menuadmin.menu.ca/?p=restaurants&display=editRestaurant&restaurant=387&load=menu&showLang=en
[2025-12-10 12:49:18] [INFO] Found 4 combo dishes
[2025-12-10 12:49:18] [INFO] Processing combo dish: Combo 1 (12 pcs) (combo_id=34043)
[2025-12-10 12:49:18] [INFO] Navigating to combo dish: https://menuadmin.menu.ca/?p=restaurants&display=editRestaurant&restaurant=387&load=editCombo&showLang=en&combo=34043
[2025-12-10 12:49:20] [INFO] Processing combo dish: Combo 2 (15 pcs) (combo_id=34044)
[2025-12-10 12:49:20] [INFO] Navigating to combo dish: https://menuadmin.menu.ca/?p=restaurants&display=editRestaurant&restaurant=387&load=editCombo&showLang=en&combo=34044
[2025-12-10 12:49:22] [INFO] Processing combo dish: Combo 3 (16 pcs) (combo_id=34045)
[2025-12-10 12:49:22] [INFO] Navigating to combo dish: https://menuadmin.menu.ca/?p=restaurants&display=editRestaurant&restaurant=387&load=editCombo&showLang=en&combo=34045
[2025-12-10 12:49:24] [INFO] Processing combo dish: Combo 4 (20 pcs) (combo_id=34664)
[2025-12-10 12:49:24] [INFO] Navigating to combo dish: https://menuadmin.menu.ca/?p=restaurants&display=editRestaurant&restaurant=387&load=editCombo&showLang=en&combo=34664
[2025-12-10 12:49:26] [INFO] Results for Orchid Sushi:
[2025-12-10 12:49:26] [INFO]   - Dishes processed: 4
[2025-12-10 12:49:26] [INFO]   - Combo links created: 4
[2025-12-10 12:49:26] [INFO]   - Hide days set: 0
[2025-12-10 12:49:26] [INFO]   - Drinks modifiers: 0
[2025-12-10 12:49:26] [INFO] ============================================================
[2025-12-10 12:49:26] [INFO] Processing: Milano (V3: 265, V1: 411)
[2025-12-10 12:49:26] [INFO] ============================================================
[2025-12-10 12:49:26] [INFO] Navigating to menu: https://menuadmin.menu.ca/?p=restaurants&display=editRestaurant&restaurant=411&load=menu&showLang=en
[2025-12-10 12:49:30] [INFO] Found 14 combo dishes
[2025-12-10 12:49:30] [INFO] Processing combo dish: Combo No.1 HIDED (combo_id=76696)
[2025-12-10 12:49:30] [INFO] Navigating to combo dish: https://menuadmin.menu.ca/?p=restaurants&display=editRestaurant&restaurant=411&load=editCombo&showLang=en&combo=76696
[2025-12-10 12:49:35] [INFO] Processing combo dish: Combo No.2 HIDED (combo_id=76697)
[2025-12-10 12:49:35] [INFO] Navigating to combo dish: https://menuadmin.menu.ca/?p=restaurants&display=editRestaurant&restaurant=411&load=editCombo&showLang=en&combo=76697
[2025-12-10 12:49:40] [INFO] Processing combo dish: The Perfect Combo Deal with PopCurds (combo_id=113156)
[2025-12-10 12:49:40] [INFO] Navigating to combo dish: https://menuadmin.menu.ca/?p=restaurants&display=editRestaurant&restaurant=411&load=editCombo&showLang=en&combo=113156
[2025-12-10 12:49:46] [INFO] Processing combo dish: 2 Pizza Deal 1 Topping (combo_id=35329)
[2025-12-10 12:49:46] [INFO] Navigating to combo dish: https://menuadmin.menu.ca/?p=restaurants&display=editRestaurant&restaurant=411&load=editCombo&showLang=en&combo=35329
[2025-12-10 12:49:50] [INFO] Processing combo dish: 2 Pizza Deal 2 Toppings (combo_id=35341)
[2025-12-10 12:49:50] [INFO] Navigating to combo dish: https://menuadmin.menu.ca/?p=restaurants&display=editRestaurant&restaurant=411&load=editCombo&showLang=en&combo=35341
[2025-12-10 12:49:53] [INFO] Processing combo dish: 2 Pizza Deal 3 Toppings (combo_id=35347)
[2025-12-10 12:49:53] [INFO] Navigating to combo dish: https://menuadmin.menu.ca/?p=restaurants&display=editRestaurant&restaurant=411&load=editCombo&showLang=en&combo=35347
[2025-12-10 12:49:57] [INFO] Processing combo dish: The Perfect Combo Deal with PopCurds (combo_id=78261)
[2025-12-10 12:49:57] [INFO] Navigating to combo dish: https://menuadmin.menu.ca/?p=restaurants&display=editRestaurant&restaurant=411&load=editCombo&showLang=en&combo=78261
[2025-12-10 12:50:03] [INFO] Processing combo dish: Large Pizza Everyday Special (combo_id=35323)
[2025-12-10 12:50:03] [INFO] Navigating to combo dish: https://menuadmin.menu.ca/?p=restaurants&display=editRestaurant&restaurant=411&load=editCombo&showLang=en&combo=35323
[2025-12-10 12:50:10] [INFO] Processing combo dish: Medium Pizza Everyday Special (combo_id=35338)
[2025-12-10 12:50:10] [INFO] Navigating to combo dish: https://menuadmin.menu.ca/?p=restaurants&display=editRestaurant&restaurant=411&load=editCombo&showLang=en&combo=35338
[2025-12-10 12:50:16] [INFO] Processing combo dish: One Topping (combo_id=34971)
[2025-12-10 12:50:16] [INFO] Navigating to combo dish: https://menuadmin.menu.ca/?p=restaurants&display=editRestaurant&restaurant=411&load=editCombo&showLang=en&combo=34971
[2025-12-10 12:50:19] [INFO] Processing combo dish: Two Toppings (combo_id=34991)
[2025-12-10 12:50:19] [INFO] Navigating to combo dish: https://menuadmin.menu.ca/?p=restaurants&display=editRestaurant&restaurant=411&load=editCombo&showLang=en&combo=34991
[2025-12-10 12:50:22] [INFO] Processing combo dish: 2 Pizza Deal 1 Topping (V) HIDE (combo_id=92682)
[2025-12-10 12:50:22] [INFO] Navigating to combo dish: https://menuadmin.menu.ca/?p=restaurants&display=editRestaurant&restaurant=411&load=editCombo&showLang=en&combo=92682
[2025-12-10 12:50:25] [INFO] Processing combo dish: 2 Pizza Deal 2 Toppings (V) HIDE (combo_id=92683)
[2025-12-10 12:50:25] [INFO] Navigating to combo dish: https://menuadmin.menu.ca/?p=restaurants&display=editRestaurant&restaurant=411&load=editCombo&showLang=en&combo=92683
[2025-12-10 12:50:27] [INFO] Processing combo dish: 2 Pizza Deal 3 Toppings (V) HIDE (combo_id=92684)
[2025-12-10 12:50:27] [INFO] Navigating to combo dish: https://menuadmin.menu.ca/?p=restaurants&display=editRestaurant&restaurant=411&load=editCombo&showLang=en&combo=92684
[2025-12-10 12:50:30] [INFO] Results for Milano:
[2025-12-10 12:50:30] [INFO]   - Dishes processed: 14
[2025-12-10 12:50:30] [INFO]   - Combo links created: 70
[2025-12-10 12:50:30] [INFO]   - Hide days set: 12
[2025-12-10 12:50:30] [INFO]   - Drinks modifiers: 36
[2025-12-10 12:50:30] [INFO] ============================================================
[2025-12-10 12:50:30] [INFO] Processing: Lucky Fortune (V3: 267, V1: 413)
[2025-12-10 12:50:30] [INFO] ============================================================
[2025-12-10 12:50:30] [INFO] Navigating to menu: https://menuadmin.menu.ca/?p=restaurants&display=editRestaurant&restaurant=413&load=menu&showLang=en
[2025-12-10 12:50:34] [INFO] Found 0 combo dishes
[2025-12-10 12:50:34] [INFO] No combo dishes found for restaurant 267
[2025-12-10 12:50:34] [INFO] Results for Lucky Fortune:
[2025-12-10 12:50:34] [INFO]   - Dishes processed: 0
[2025-12-10 12:50:34] [INFO]   - Combo links created: 0
[2025-12-10 12:50:34] [INFO]   - Hide days set: 0
[2025-12-10 12:50:34] [INFO]   - Drinks modifiers: 0
[2025-12-10 12:50:34] [INFO] ============================================================
[2025-12-10 12:50:34] [INFO] Processing: Shaan Tandoori (V3: 269, V1: 415)
[2025-12-10 12:50:34] [INFO] ============================================================
[2025-12-10 12:50:34] [INFO] Navigating to menu: https://menuadmin.menu.ca/?p=restaurants&display=editRestaurant&restaurant=415&load=menu&showLang=en
[2025-12-10 12:50:38] [INFO] Found 0 combo dishes
[2025-12-10 12:50:38] [INFO] No combo dishes found for restaurant 269
[2025-12-10 12:50:38] [INFO] Results for Shaan Tandoori:
[2025-12-10 12:50:38] [INFO]   - Dishes processed: 0
[2025-12-10 12:50:38] [INFO]   - Combo links created: 0
[2025-12-10 12:50:38] [INFO]   - Hide days set: 0
[2025-12-10 12:50:38] [INFO]   - Drinks modifiers: 0
[2025-12-10 12:50:38] [INFO] ============================================================
[2025-12-10 12:50:38] [INFO] Processing: JN Pizza (V3: 328, V1: 489)
[2025-12-10 12:50:38] [INFO] ============================================================
[2025-12-10 12:50:38] [INFO] Navigating to menu: https://menuadmin.menu.ca/?p=restaurants&display=editRestaurant&restaurant=489&load=menu&showLang=en
[2025-12-10 12:50:43] [INFO] Found 5 combo dishes
[2025-12-10 12:50:43] [INFO] Processing combo dish: Family Meal Deal A - Large Pizza (combo_id=44345)
[2025-12-10 12:50:43] [INFO] Navigating to combo dish: https://menuadmin.menu.ca/?p=restaurants&display=editRestaurant&restaurant=489&load=editCombo&showLang=en&combo=44345
[2025-12-10 12:50:49] [INFO] Processing combo dish: Family Meal Deal B - Medium Pizza (combo_id=44346)
[2025-12-10 12:50:49] [INFO] Navigating to combo dish: https://menuadmin.menu.ca/?p=restaurants&display=editRestaurant&restaurant=489&load=editCombo&showLang=en&combo=44346
[2025-12-10 12:50:55] [INFO] Processing combo dish: One Item Pizza (combo_id=44329)
[2025-12-10 12:50:55] [INFO] Navigating to combo dish: https://menuadmin.menu.ca/?p=restaurants&display=editRestaurant&restaurant=489&load=editCombo&showLang=en&combo=44329
[2025-12-10 12:50:57] [INFO] Processing combo dish: Two Items Pizza (combo_id=44330)
[2025-12-10 12:50:57] [INFO] Navigating to combo dish: https://menuadmin.menu.ca/?p=restaurants&display=editRestaurant&restaurant=489&load=editCombo&showLang=en&combo=44330
[2025-12-10 12:51:00] [INFO] Processing combo dish: Three Items Pizza (combo_id=44331)
[2025-12-10 12:51:00] [INFO] Navigating to combo dish: https://menuadmin.menu.ca/?p=restaurants&display=editRestaurant&restaurant=489&load=editCombo&showLang=en&combo=44331
[2025-12-10 12:51:03] [INFO] Results for JN Pizza:
[2025-12-10 12:51:03] [INFO]   - Dishes processed: 5
[2025-12-10 12:51:03] [INFO]   - Combo links created: 18
[2025-12-10 12:51:03] [INFO]   - Hide days set: 0
[2025-12-10 12:51:03] [INFO]   - Drinks modifiers: 16
[2025-12-10 12:51:03] [INFO] ============================================================
[2025-12-10 12:51:03] [INFO] Processing: Milano (V3: 349, V1: 512)
[2025-12-10 12:51:03] [INFO] ============================================================
[2025-12-10 12:51:03] [INFO] Navigating to menu: https://menuadmin.menu.ca/?p=restaurants&display=editRestaurant&restaurant=512&load=menu&showLang=en
[2025-12-10 12:51:07] [INFO] Found 16 combo dishes
[2025-12-10 12:51:07] [INFO] Processing combo dish: Combo No.1 HIDED (combo_id=76686)
[2025-12-10 12:51:07] [INFO] Navigating to combo dish: https://menuadmin.menu.ca/?p=restaurants&display=editRestaurant&restaurant=512&load=editCombo&showLang=en&combo=76686
[2025-12-10 12:51:11] [INFO] Processing combo dish: Combo No.2 HIDED (combo_id=76687)
[2025-12-10 12:51:11] [INFO] Navigating to combo dish: https://menuadmin.menu.ca/?p=restaurants&display=editRestaurant&restaurant=512&load=editCombo&showLang=en&combo=76687
[2025-12-10 12:51:16] [INFO] Processing combo dish: The Perfect Combo Deal with PopCurds (combo_id=113134)
[2025-12-10 12:51:16] [INFO] Navigating to combo dish: https://menuadmin.menu.ca/?p=restaurants&display=editRestaurant&restaurant=512&load=editCombo&showLang=en&combo=113134
[2025-12-10 12:51:23] [INFO] Processing combo dish: Two Pizzas 1 Topping (combo_id=48847)
[2025-12-10 12:51:23] [INFO] Navigating to combo dish: https://menuadmin.menu.ca/?p=restaurants&display=editRestaurant&restaurant=512&load=editCombo&showLang=en&combo=48847
[2025-12-10 12:51:32] [INFO] Processing combo dish: Two Pizzas 2 Toppings (combo_id=48848)
[2025-12-10 12:51:32] [INFO] Navigating to combo dish: https://menuadmin.menu.ca/?p=restaurants&display=editRestaurant&restaurant=512&load=editCombo&showLang=en&combo=48848
[2025-12-10 12:51:41] [INFO] Processing combo dish: Two Pizzas 3 Toppings (combo_id=48849)
[2025-12-10 12:51:41] [INFO] Navigating to combo dish: https://menuadmin.menu.ca/?p=restaurants&display=editRestaurant&restaurant=512&load=editCombo&showLang=en&combo=48849
[2025-12-10 12:51:50] [INFO] Processing combo dish: The Perfect Combo Deal with PopCurds (combo_id=78260)
[2025-12-10 12:51:50] [INFO] Navigating to combo dish: https://menuadmin.menu.ca/?p=restaurants&display=editRestaurant&restaurant=512&load=editCombo&showLang=en&combo=78260
[2025-12-10 12:51:58] [INFO] Processing combo dish: Large Pizza and Wings (combo_id=48850)
[2025-12-10 12:51:58] [INFO] Navigating to combo dish: https://menuadmin.menu.ca/?p=restaurants&display=editRestaurant&restaurant=512&load=editCombo&showLang=en&combo=48850
[2025-12-10 12:52:06] [INFO] Processing combo dish: Medium Pizza with Wings (combo_id=48861)
[2025-12-10 12:52:06] [INFO] Navigating to combo dish: https://menuadmin.menu.ca/?p=restaurants&display=editRestaurant&restaurant=512&load=editCombo&showLang=en&combo=48861
[2025-12-10 12:52:14] [INFO] Processing combo dish: 2 Doanir Special (combo_id=48863)
[2025-12-10 12:52:14] [INFO] Navigating to combo dish: https://menuadmin.menu.ca/?p=restaurants&display=editRestaurant&restaurant=512&load=editCombo&showLang=en&combo=48863
[2025-12-10 12:52:16] [INFO] Processing combo dish: 2 Spaghetti Special (combo_id=48865)
[2025-12-10 12:52:16] [INFO] Navigating to combo dish: https://menuadmin.menu.ca/?p=restaurants&display=editRestaurant&restaurant=512&load=editCombo&showLang=en&combo=48865
[2025-12-10 12:52:19] [INFO] Processing combo dish: One Topping (combo_id=48696)
[2025-12-10 12:52:19] [INFO] Navigating to combo dish: https://menuadmin.menu.ca/?p=restaurants&display=editRestaurant&restaurant=512&load=editCombo&showLang=en&combo=48696
[2025-12-10 12:52:21] [INFO] Processing combo dish: Two Toppings HIDE (combo_id=48697)
[2025-12-10 12:52:21] [INFO] Navigating to combo dish: https://menuadmin.menu.ca/?p=restaurants&display=editRestaurant&restaurant=512&load=editCombo&showLang=en&combo=48697
[2025-12-10 12:52:24] [INFO] Processing combo dish: VEGAN 2 Pizza Deal 1 Topping & Two 591ml Drinks (V) (combo_id=116401)
[2025-12-10 12:52:24] [INFO] Navigating to combo dish: https://menuadmin.menu.ca/?p=restaurants&display=editRestaurant&restaurant=512&load=editCombo&showLang=en&combo=116401
[2025-12-10 12:52:32] [INFO] Processing combo dish: VEGAN 2 Pizza Deal 2 Toppings & Two 591ml Drinks (V) (combo_id=116402)
[2025-12-10 12:52:32] [INFO] Navigating to combo dish: https://menuadmin.menu.ca/?p=restaurants&display=editRestaurant&restaurant=512&load=editCombo&showLang=en&combo=116402
[2025-12-10 12:52:39] [INFO] Processing combo dish: VEGAN 2 Pizza Deal 3 Toppings & Two 591ml Drinks (V) (combo_id=116403)
[2025-12-10 12:52:39] [INFO] Navigating to combo dish: https://menuadmin.menu.ca/?p=restaurants&display=editRestaurant&restaurant=512&load=editCombo&showLang=en&combo=116403
[2025-12-10 12:52:47] [INFO] Results for Milano:
[2025-12-10 12:52:47] [INFO]   - Dishes processed: 16
[2025-12-10 12:52:47] [INFO]   - Combo links created: 74
[2025-12-10 12:52:47] [INFO]   - Hide days set: 12
[2025-12-10 12:52:47] [INFO]   - Drinks modifiers: 129
[2025-12-10 12:52:47] [INFO] ============================================================
[2025-12-10 12:52:47] [INFO] Processing: Milano (V3: 350, V1: 513)
[2025-12-10 12:52:47] [INFO] ============================================================
[2025-12-10 12:52:47] [INFO] Navigating to menu: https://menuadmin.menu.ca/?p=restaurants&display=editRestaurant&restaurant=513&load=menu&showLang=en
[2025-12-10 12:52:51] [INFO] Found 19 combo dishes
[2025-12-10 12:52:51] [INFO] Processing combo dish: Combo No.1 HIDED (combo_id=76688)
[2025-12-10 12:52:51] [INFO] Navigating to combo dish: https://menuadmin.menu.ca/?p=restaurants&display=editRestaurant&restaurant=513&load=editCombo&showLang=en&combo=76688
[2025-12-10 12:52:56] [INFO] Processing combo dish: Combo No.2 HIDED (combo_id=76689)
[2025-12-10 12:52:56] [INFO] Navigating to combo dish: https://menuadmin.menu.ca/?p=restaurants&display=editRestaurant&restaurant=513&load=editCombo&showLang=en&combo=76689
[2025-12-10 12:53:00] [INFO] Processing combo dish: Small Perfect Combo Deal with PopCurds (combo_id=113135)
[2025-12-10 12:53:00] [INFO] Navigating to combo dish: https://menuadmin.menu.ca/?p=restaurants&display=editRestaurant&restaurant=513&load=editCombo&showLang=en&combo=113135
[2025-12-10 12:53:05] [INFO] Processing combo dish: Medium Perfect Combo Deal with PopCurds (combo_id=113136)
[2025-12-10 12:53:05] [INFO] Navigating to combo dish: https://menuadmin.menu.ca/?p=restaurants&display=editRestaurant&restaurant=513&load=editCombo&showLang=en&combo=113136
[2025-12-10 12:55:20] [INFO] Processing combo dish: Large Perfect Combo Deal with PopCurds (combo_id=113137)
[2025-12-10 12:55:20] [INFO] Navigating to combo dish: https://menuadmin.menu.ca/?p=restaurants&display=editRestaurant&restaurant=513&load=editCombo&showLang=en&combo=113137
[2025-12-10 12:55:28] [INFO] Processing combo dish: Shawarma Special (combo_id=48924)
[2025-12-10 12:55:28] [INFO] Navigating to combo dish: https://menuadmin.menu.ca/?p=restaurants&display=editRestaurant&restaurant=513&load=editCombo&showLang=en&combo=48924
[2025-12-10 12:55:30] [INFO] Processing combo dish: Donair Special (combo_id=48925)
[2025-12-10 12:55:30] [INFO] Navigating to combo dish: https://menuadmin.menu.ca/?p=restaurants&display=editRestaurant&restaurant=513&load=editCombo&showLang=en&combo=48925
[2025-12-10 12:55:33] [INFO] Processing combo dish: Large Pizza with Wings (combo_id=49103)
[2025-12-10 12:55:33] [INFO] Navigating to combo dish: https://menuadmin.menu.ca/?p=restaurants&display=editRestaurant&restaurant=513&load=editCombo&showLang=en&combo=49103
[2025-12-10 12:55:36] [INFO] Processing combo dish: Large Pizza with Boneless Wings (combo_id=99961)
[2025-12-10 12:55:36] [INFO] Navigating to combo dish: https://menuadmin.menu.ca/?p=restaurants&display=editRestaurant&restaurant=513&load=editCombo&showLang=en&combo=99961
[2025-12-10 12:55:39] [INFO] Processing combo dish: Medium Pizza with Wings (combo_id=49104)
[2025-12-10 12:55:39] [INFO] Navigating to combo dish: https://menuadmin.menu.ca/?p=restaurants&display=editRestaurant&restaurant=513&load=editCombo&showLang=en&combo=49104
[2025-12-10 12:55:41] [INFO] Processing combo dish: Medium Pizza with Boneless Wings (combo_id=99962)
[2025-12-10 12:55:41] [INFO] Navigating to combo dish: https://menuadmin.menu.ca/?p=restaurants&display=editRestaurant&restaurant=513&load=editCombo&showLang=en&combo=99962
[2025-12-10 12:55:44] [INFO] Processing combo dish: Family Special (combo_id=83420)
[2025-12-10 12:55:44] [INFO] Navigating to combo dish: https://menuadmin.menu.ca/?p=restaurants&display=editRestaurant&restaurant=513&load=editCombo&showLang=en&combo=83420
[2025-12-10 12:55:47] [INFO] Processing combo dish: Pizza Special (combo_id=83421)
[2025-12-10 12:55:47] [INFO] Navigating to combo dish: https://menuadmin.menu.ca/?p=restaurants&display=editRestaurant&restaurant=513&load=editCombo&showLang=en&combo=83421
[2025-12-10 12:55:53] [INFO] Processing combo dish: 1 Topping Pizza Deal (combo_id=48439)
[2025-12-10 12:55:53] [INFO] Navigating to combo dish: https://menuadmin.menu.ca/?p=restaurants&display=editRestaurant&restaurant=513&load=editCombo&showLang=en&combo=48439
[2025-12-10 12:55:57] [INFO] Processing combo dish: 2 Toppings Pizza Deal (combo_id=48440)
[2025-12-10 12:55:57] [INFO] Navigating to combo dish: https://menuadmin.menu.ca/?p=restaurants&display=editRestaurant&restaurant=513&load=editCombo&showLang=en&combo=48440
[2025-12-10 12:56:00] [INFO] Processing combo dish: 3 Toppings Pizza Deal (combo_id=48442)
[2025-12-10 12:56:00] [INFO] Navigating to combo dish: https://menuadmin.menu.ca/?p=restaurants&display=editRestaurant&restaurant=513&load=editCombo&showLang=en&combo=48442
[2025-12-10 12:56:03] [INFO] Processing combo dish: Small Perfect Combo Deal with PopCurds (combo_id=88756)
[2025-12-10 12:56:03] [INFO] Navigating to combo dish: https://menuadmin.menu.ca/?p=restaurants&display=editRestaurant&restaurant=513&load=editCombo&showLang=en&combo=88756
[2025-12-10 12:56:09] [INFO] Processing combo dish: Medium Perfect Combo Deal with PopCurds (combo_id=88757)
[2025-12-10 12:56:09] [INFO] Navigating to combo dish: https://menuadmin.menu.ca/?p=restaurants&display=editRestaurant&restaurant=513&load=editCombo&showLang=en&combo=88757
[2025-12-10 12:56:14] [INFO] Processing combo dish: Large Perfect Combo Deal with PopCurds (combo_id=88758)
[2025-12-10 12:56:14] [INFO] Navigating to combo dish: https://menuadmin.menu.ca/?p=restaurants&display=editRestaurant&restaurant=513&load=editCombo&showLang=en&combo=88758
[2025-12-10 12:56:20] [INFO] Results for Milano:
[2025-12-10 12:56:20] [INFO]   - Dishes processed: 19
[2025-12-10 12:56:20] [INFO]   - Combo links created: 80
[2025-12-10 12:56:20] [INFO]   - Hide days set: 12
[2025-12-10 12:56:20] [INFO]   - Drinks modifiers: 49
[2025-12-10 12:56:20] [INFO] ============================================================
[2025-12-10 12:56:20] [INFO] Processing: Xtreme Pizza (V3: 367, V1: 532)
[2025-12-10 12:56:20] [INFO] ============================================================
[2025-12-10 12:56:20] [INFO] Navigating to menu: https://menuadmin.menu.ca/?p=restaurants&display=editRestaurant&restaurant=532&load=menu&showLang=en
[2025-12-10 12:56:25] [INFO] Found 14 combo dishes
[2025-12-10 12:56:25] [INFO] Processing combo dish: Super Bowl Large Pizza Deal HIDE (combo_id=91681)
[2025-12-10 12:56:25] [INFO] Navigating to combo dish: https://menuadmin.menu.ca/?p=restaurants&display=editRestaurant&restaurant=532&load=editCombo&showLang=en&combo=91681
[2025-12-10 12:56:29] [INFO] Processing combo dish: Lunch Deal No2 HIDE (combo_id=118279)
[2025-12-10 12:56:29] [INFO] Navigating to combo dish: https://menuadmin.menu.ca/?p=restaurants&display=editRestaurant&restaurant=532&load=editCombo&showLang=en&combo=118279
[2025-12-10 12:56:36] [INFO] Processing combo dish: 1 Topping (combo_id=51332)
[2025-12-10 12:56:36] [INFO] Navigating to combo dish: https://menuadmin.menu.ca/?p=restaurants&display=editRestaurant&restaurant=532&load=editCombo&showLang=en&combo=51332
[2025-12-10 12:56:39] [INFO] Processing combo dish: 2 Toppings (combo_id=51333)
[2025-12-10 12:56:39] [INFO] Navigating to combo dish: https://menuadmin.menu.ca/?p=restaurants&display=editRestaurant&restaurant=532&load=editCombo&showLang=en&combo=51333
[2025-12-10 12:56:41] [INFO] Processing combo dish: 3 Toppings (combo_id=51334)
[2025-12-10 12:56:41] [INFO] Navigating to combo dish: https://menuadmin.menu.ca/?p=restaurants&display=editRestaurant&restaurant=532&load=editCombo&showLang=en&combo=51334
[2025-12-10 12:56:44] [INFO] Processing combo dish: 2 Toppings (combo_id=51335)
[2025-12-10 12:56:44] [INFO] Navigating to combo dish: https://menuadmin.menu.ca/?p=restaurants&display=editRestaurant&restaurant=532&load=editCombo&showLang=en&combo=51335
[2025-12-10 12:56:47] [INFO] Processing combo dish: 4 Toppings (combo_id=51336)
[2025-12-10 12:56:47] [INFO] Navigating to combo dish: https://menuadmin.menu.ca/?p=restaurants&display=editRestaurant&restaurant=532&load=editCombo&showLang=en&combo=51336
[2025-12-10 12:56:49] [INFO] Processing combo dish: 6 Toppings (combo_id=51337)
[2025-12-10 12:56:49] [INFO] Navigating to combo dish: https://menuadmin.menu.ca/?p=restaurants&display=editRestaurant&restaurant=532&load=editCombo&showLang=en&combo=51337
[2025-12-10 12:56:52] [INFO] Processing combo dish: Small Pizza & Poutine HIDE (combo_id=118282)
[2025-12-10 12:56:52] [INFO] Navigating to combo dish: https://menuadmin.menu.ca/?p=restaurants&display=editRestaurant&restaurant=532&load=editCombo&showLang=en&combo=118282
[2025-12-10 12:56:55] [INFO] Processing combo dish: Deal 1- Large Pizza & Wings (combo_id=51338)
[2025-12-10 12:56:55] [INFO] Navigating to combo dish: https://menuadmin.menu.ca/?p=restaurants&display=editRestaurant&restaurant=532&load=editCombo&showLang=en&combo=51338
[2025-12-10 12:57:02] [INFO] Processing combo dish: Deal 2- Medium Pizza & Wings (combo_id=51339)
[2025-12-10 12:57:02] [INFO] Navigating to combo dish: https://menuadmin.menu.ca/?p=restaurants&display=editRestaurant&restaurant=532&load=editCombo&showLang=en&combo=51339
[2025-12-10 12:57:10] [INFO] Processing combo dish: Deal 3 - XTreme 3S (combo_id=51340)
[2025-12-10 12:57:10] [INFO] Navigating to combo dish: https://menuadmin.menu.ca/?p=restaurants&display=editRestaurant&restaurant=532&load=editCombo&showLang=en&combo=51340
[2025-12-10 12:57:17] [INFO] Processing combo dish: 2 Spaghetti with 2 Cans of Pop (combo_id=74467)
[2025-12-10 12:57:17] [INFO] Navigating to combo dish: https://menuadmin.menu.ca/?p=restaurants&display=editRestaurant&restaurant=532&load=editCombo&showLang=en&combo=74467
[2025-12-10 12:57:24] [INFO] Processing combo dish: 2 Lasagna with 2 Cans of Pop (combo_id=74468)
[2025-12-10 12:57:24] [INFO] Navigating to combo dish: https://menuadmin.menu.ca/?p=restaurants&display=editRestaurant&restaurant=532&load=editCombo&showLang=en&combo=74468
[2025-12-10 12:57:31] [INFO] Results for Xtreme Pizza:
[2025-12-10 12:57:31] [INFO]   - Dishes processed: 14
[2025-12-10 12:57:31] [INFO]   - Combo links created: 45
[2025-12-10 12:57:31] [INFO]   - Hide days set: 6
[2025-12-10 12:57:31] [INFO]   - Drinks modifiers: 72
[2025-12-10 12:57:31] [INFO] ============================================================
[2025-12-10 12:57:31] [INFO] Processing: Sachi Sushi (V3: 376, V1: 542)
[2025-12-10 12:57:31] [INFO] ============================================================
[2025-12-10 12:57:31] [INFO] Navigating to menu: https://menuadmin.menu.ca/?p=restaurants&display=editRestaurant&restaurant=542&load=menu&showLang=en
[2025-12-10 12:57:36] [INFO] Found 0 combo dishes
[2025-12-10 12:57:36] [INFO] No combo dishes found for restaurant 376
[2025-12-10 12:57:36] [INFO] Results for Sachi Sushi:
[2025-12-10 12:57:36] [INFO]   - Dishes processed: 0
[2025-12-10 12:57:36] [INFO]   - Combo links created: 0
[2025-12-10 12:57:36] [INFO]   - Hide days set: 0
[2025-12-10 12:57:36] [INFO]   - Drinks modifiers: 0
[2025-12-10 12:57:36] [INFO] ============================================================
[2025-12-10 12:57:36] [INFO] Processing: Papa Joe's Fried Chicken - Downtown (V3: 437, V1: 612)
[2025-12-10 12:57:36] [INFO] ============================================================
[2025-12-10 12:57:36] [INFO] Navigating to menu: https://menuadmin.menu.ca/?p=restaurants&display=editRestaurant&restaurant=612&load=menu&showLang=en
[2025-12-10 12:57:40] [INFO] Found 0 combo dishes
[2025-12-10 12:57:40] [INFO] No combo dishes found for restaurant 437
[2025-12-10 12:57:40] [INFO] Results for Papa Joe's Fried Chicken - Downtown:
[2025-12-10 12:57:40] [INFO]   - Dishes processed: 0
[2025-12-10 12:57:40] [INFO]   - Combo links created: 0
[2025-12-10 12:57:40] [INFO]   - Hide days set: 0
[2025-12-10 12:57:40] [INFO]   - Drinks modifiers: 0
[2025-12-10 12:57:40] [INFO] ============================================================
[2025-12-10 12:57:40] [INFO] Processing: iCook Pho You (V3: 479, V1: 669)
[2025-12-10 12:57:40] [INFO] ============================================================
[2025-12-10 12:57:40] [INFO] Navigating to menu: https://menuadmin.menu.ca/?p=restaurants&display=editRestaurant&restaurant=669&load=menu&showLang=en
[2025-12-10 12:57:44] [INFO] Found 0 combo dishes
[2025-12-10 12:57:44] [INFO] No combo dishes found for restaurant 479
[2025-12-10 12:57:44] [INFO] Results for iCook Pho You:
[2025-12-10 12:57:44] [INFO]   - Dishes processed: 0
[2025-12-10 12:57:44] [INFO]   - Combo links created: 0
[2025-12-10 12:57:44] [INFO]   - Hide days set: 0
[2025-12-10 12:57:44] [INFO]   - Drinks modifiers: 0
[2025-12-10 12:57:44] [INFO] ============================================================
[2025-12-10 12:57:44] [INFO] Processing: Light of India (V3: 491, V1: 695)
[2025-12-10 12:57:44] [INFO] ============================================================
[2025-12-10 12:57:44] [INFO] Navigating to menu: https://menuadmin.menu.ca/?p=restaurants&display=editRestaurant&restaurant=695&load=menu&showLang=en
[2025-12-10 12:57:49] [INFO] Found 0 combo dishes
[2025-12-10 12:57:49] [INFO] No combo dishes found for restaurant 491
[2025-12-10 12:57:49] [INFO] Results for Light of India:
[2025-12-10 12:57:49] [INFO]   - Dishes processed: 0
[2025-12-10 12:57:49] [INFO]   - Combo links created: 0
[2025-12-10 12:57:49] [INFO]   - Hide days set: 0
[2025-12-10 12:57:49] [INFO]   - Drinks modifiers: 0
[2025-12-10 12:57:49] [INFO] ============================================================
[2025-12-10 12:57:49] [INFO] Processing: Rangoli (V3: 497, V1: 701)
[2025-12-10 12:57:49] [INFO] ============================================================
[2025-12-10 12:57:49] [INFO] Navigating to menu: https://menuadmin.menu.ca/?p=restaurants&display=editRestaurant&restaurant=701&load=menu&showLang=en
[2025-12-10 12:57:53] [INFO] Found 6 combo dishes
[2025-12-10 12:57:53] [INFO] Processing combo dish: Thali (Vegetarian) (combo_id=68890)
[2025-12-10 12:57:53] [INFO] Navigating to combo dish: https://menuadmin.menu.ca/?p=restaurants&display=editRestaurant&restaurant=701&load=editCombo&showLang=en&combo=68890
[2025-12-10 12:57:55] [INFO] Processing combo dish: Dinner For Two (Vegetarian) (combo_id=68891)
[2025-12-10 12:57:55] [INFO] Navigating to combo dish: https://menuadmin.menu.ca/?p=restaurants&display=editRestaurant&restaurant=701&load=editCombo&showLang=en&combo=68891
[2025-12-10 12:57:57] [INFO] Processing combo dish: Prawn Thali (Seawood) (combo_id=68892)
[2025-12-10 12:57:57] [INFO] Navigating to combo dish: https://menuadmin.menu.ca/?p=restaurants&display=editRestaurant&restaurant=701&load=editCombo&showLang=en&combo=68892
[2025-12-10 12:58:00] [INFO] Processing combo dish: Thali (Non-Vegetarian) (combo_id=68893)
[2025-12-10 12:58:00] [INFO] Navigating to combo dish: https://menuadmin.menu.ca/?p=restaurants&display=editRestaurant&restaurant=701&load=editCombo&showLang=en&combo=68893
[2025-12-10 12:58:02] [INFO] Processing combo dish: Dinner For Two (Non-Vegetarian) (combo_id=68894)
[2025-12-10 12:58:02] [INFO] Navigating to combo dish: https://menuadmin.menu.ca/?p=restaurants&display=editRestaurant&restaurant=701&load=editCombo&showLang=en&combo=68894
[2025-12-10 12:58:04] [INFO] Processing combo dish: Rangoli Dinner (combo_id=68895)
[2025-12-10 12:58:04] [INFO] Navigating to combo dish: https://menuadmin.menu.ca/?p=restaurants&display=editRestaurant&restaurant=701&load=editCombo&showLang=en&combo=68895
[2025-12-10 12:58:07] [INFO] Results for Rangoli:
[2025-12-10 12:58:07] [INFO]   - Dishes processed: 6
[2025-12-10 12:58:07] [INFO]   - Combo links created: 11
[2025-12-10 12:58:07] [INFO]   - Hide days set: 0
[2025-12-10 12:58:07] [INFO]   - Drinks modifiers: 0
[2025-12-10 12:58:07] [INFO] ============================================================
[2025-12-10 12:58:07] [INFO] Processing: New Hong Kong (V3: 502, V1: 707)
[2025-12-10 12:58:07] [INFO] ============================================================
[2025-12-10 12:58:07] [INFO] Navigating to menu: https://menuadmin.menu.ca/?p=restaurants&display=editRestaurant&restaurant=707&load=menu&showLang=en
[2025-12-10 12:58:11] [INFO] Found 0 combo dishes
[2025-12-10 12:58:11] [INFO] No combo dishes found for restaurant 502
[2025-12-10 12:58:11] [INFO] Results for New Hong Kong:
[2025-12-10 12:58:11] [INFO]   - Dishes processed: 0
[2025-12-10 12:58:11] [INFO]   - Combo links created: 0
[2025-12-10 12:58:11] [INFO]   - Hide days set: 0
[2025-12-10 12:58:11] [INFO]   - Drinks modifiers: 0
[2025-12-10 12:58:11] [INFO] ============================================================
[2025-12-10 12:58:11] [INFO] Processing: Pizza Lovers Hunt Club (V3: 507, V1: 712)
[2025-12-10 12:58:11] [INFO] ============================================================
[2025-12-10 12:58:11] [INFO] Navigating to menu: https://menuadmin.menu.ca/?p=restaurants&display=editRestaurant&restaurant=712&load=menu&showLang=en
[2025-12-10 12:58:15] [INFO] Found 2 combo dishes
[2025-12-10 12:58:15] [INFO] Processing combo dish: One Topping (combo_id=70106)
[2025-12-10 12:58:15] [INFO] Navigating to combo dish: https://menuadmin.menu.ca/?p=restaurants&display=editRestaurant&restaurant=712&load=editCombo&showLang=en&combo=70106
[2025-12-10 12:58:18] [INFO] Processing combo dish: Two Toppings (combo_id=70107)
[2025-12-10 12:58:18] [INFO] Navigating to combo dish: https://menuadmin.menu.ca/?p=restaurants&display=editRestaurant&restaurant=712&load=editCombo&showLang=en&combo=70107
[2025-12-10 12:58:20] [INFO] Results for Pizza Lovers Hunt Club:
[2025-12-10 12:58:20] [INFO]   - Dishes processed: 2
[2025-12-10 12:58:20] [INFO]   - Combo links created: 6
[2025-12-10 12:58:20] [INFO]   - Hide days set: 0
[2025-12-10 12:58:20] [INFO]   - Drinks modifiers: 0
[2025-12-10 12:58:20] [INFO] ============================================================
[2025-12-10 12:58:20] [INFO] Processing: Egg Roll Factory (V3: 511, V1: 716)
[2025-12-10 12:58:20] [INFO] ============================================================
[2025-12-10 12:58:20] [INFO] Navigating to menu: https://menuadmin.menu.ca/?p=restaurants&display=editRestaurant&restaurant=716&load=menu&showLang=en
[2025-12-10 12:58:25] [INFO] Found 0 combo dishes
[2025-12-10 12:58:25] [INFO] No combo dishes found for restaurant 511
[2025-12-10 12:58:25] [INFO] Results for Egg Roll Factory:
[2025-12-10 12:58:25] [INFO]   - Dishes processed: 0
[2025-12-10 12:58:25] [INFO]   - Combo links created: 0
[2025-12-10 12:58:25] [INFO]   - Hide days set: 0
[2025-12-10 12:58:25] [INFO]   - Drinks modifiers: 0
[2025-12-10 12:58:25] [INFO] ============================================================
[2025-12-10 12:58:25] [INFO] Processing: Napolis (V3: 515, V1: 721)
[2025-12-10 12:58:25] [INFO] ============================================================
[2025-12-10 12:58:25] [INFO] Navigating to menu: https://menuadmin.menu.ca/?p=restaurants&display=editRestaurant&restaurant=721&load=menu&showLang=en
[2025-12-10 12:58:29] [INFO] Found 9 combo dishes
[2025-12-10 12:58:29] [INFO] Processing combo dish: Family Special (combo_id=72338)
[2025-12-10 12:58:29] [INFO] Navigating to combo dish: https://menuadmin.menu.ca/?p=restaurants&display=editRestaurant&restaurant=721&load=editCombo&showLang=en&combo=72338
[2025-12-10 12:58:33] [INFO] Processing combo dish: One Item Pizza (combo_id=72330)
[2025-12-10 12:58:33] [INFO] Navigating to combo dish: https://menuadmin.menu.ca/?p=restaurants&display=editRestaurant&restaurant=721&load=editCombo&showLang=en&combo=72330
[2025-12-10 12:58:36] [INFO] Processing combo dish: Two Items Pizza (combo_id=72331)
[2025-12-10 12:58:36] [INFO] Navigating to combo dish: https://menuadmin.menu.ca/?p=restaurants&display=editRestaurant&restaurant=721&load=editCombo&showLang=en&combo=72331
[2025-12-10 12:58:39] [INFO] Processing combo dish: Three Items Pizza (combo_id=72332)
[2025-12-10 12:58:39] [INFO] Navigating to combo dish: https://menuadmin.menu.ca/?p=restaurants&display=editRestaurant&restaurant=721&load=editCombo&showLang=en&combo=72332
[2025-12-10 12:58:42] [INFO] Processing combo dish: Four Items Pizza HIDE (combo_id=72333)
[2025-12-10 12:58:42] [INFO] Navigating to combo dish: https://menuadmin.menu.ca/?p=restaurants&display=editRestaurant&restaurant=721&load=editCombo&showLang=en&combo=72333
[2025-12-10 12:58:45] [INFO] Processing combo dish: One Item HIDE (combo_id=72334)
[2025-12-10 12:58:45] [INFO] Navigating to combo dish: https://menuadmin.menu.ca/?p=restaurants&display=editRestaurant&restaurant=721&load=editCombo&showLang=en&combo=72334
[2025-12-10 12:58:48] [INFO] Processing combo dish: Two Items HIDE (combo_id=72335)
[2025-12-10 12:58:48] [INFO] Navigating to combo dish: https://menuadmin.menu.ca/?p=restaurants&display=editRestaurant&restaurant=721&load=editCombo&showLang=en&combo=72335
[2025-12-10 12:58:51] [INFO] Processing combo dish: Three Items HIDE (combo_id=72336)
[2025-12-10 12:58:51] [INFO] Navigating to combo dish: https://menuadmin.menu.ca/?p=restaurants&display=editRestaurant&restaurant=721&load=editCombo&showLang=en&combo=72336
[2025-12-10 12:58:54] [INFO] Processing combo dish: Four Items HIDE (combo_id=72337)
[2025-12-10 12:58:54] [INFO] Navigating to combo dish: https://menuadmin.menu.ca/?p=restaurants&display=editRestaurant&restaurant=721&load=editCombo&showLang=en&combo=72337
[2025-12-10 12:58:57] [INFO] Results for Napolis:
[2025-12-10 12:58:57] [INFO]   - Dishes processed: 9
[2025-12-10 12:58:57] [INFO]   - Combo links created: 37
[2025-12-10 12:58:57] [INFO]   - Hide days set: 0
[2025-12-10 12:58:57] [INFO]   - Drinks modifiers: 4
[2025-12-10 12:58:57] [INFO] ============================================================
[2025-12-10 12:58:57] [INFO] Processing: HaNoi Pho (V3: 519, V1: 727)
[2025-12-10 12:58:57] [INFO] ============================================================
[2025-12-10 12:58:57] [INFO] Navigating to menu: https://menuadmin.menu.ca/?p=restaurants&display=editRestaurant&restaurant=727&load=menu&showLang=en
[2025-12-10 12:59:01] [INFO] Found 0 combo dishes
[2025-12-10 12:59:01] [INFO] No combo dishes found for restaurant 519
[2025-12-10 12:59:01] [INFO] Results for HaNoi Pho:
[2025-12-10 12:59:01] [INFO]   - Dishes processed: 0
[2025-12-10 12:59:01] [INFO]   - Combo links created: 0
[2025-12-10 12:59:01] [INFO]   - Hide days set: 0
[2025-12-10 12:59:01] [INFO]   - Drinks modifiers: 0
[2025-12-10 12:59:01] [INFO] ============================================================
[2025-12-10 12:59:01] [INFO] Processing: Palermo Pizzeria (V3: 521, V1: 729)
[2025-12-10 12:59:01] [INFO] ============================================================
[2025-12-10 12:59:01] [INFO] Navigating to menu: https://menuadmin.menu.ca/?p=restaurants&display=editRestaurant&restaurant=729&load=menu&showLang=en
[2025-12-10 12:59:07] [INFO] Found 11 combo dishes
[2025-12-10 12:59:07] [INFO] Processing combo dish: 1 Topping (combo_id=72629)
[2025-12-10 12:59:07] [INFO] Navigating to combo dish: https://menuadmin.menu.ca/?p=restaurants&display=editRestaurant&restaurant=729&load=editCombo&showLang=en&combo=72629
[2025-12-10 12:59:09] [INFO] Processing combo dish: 2 Toppings HIDE (combo_id=72630)
[2025-12-10 12:59:09] [INFO] Navigating to combo dish: https://menuadmin.menu.ca/?p=restaurants&display=editRestaurant&restaurant=729&load=editCombo&showLang=en&combo=72630
[2025-12-10 12:59:12] [INFO] Processing combo dish: 3 Toppings HIDE (combo_id=72631)
[2025-12-10 12:59:12] [INFO] Navigating to combo dish: https://menuadmin.menu.ca/?p=restaurants&display=editRestaurant&restaurant=729&load=editCombo&showLang=en&combo=72631
[2025-12-10 12:59:14] [INFO] Processing combo dish: 2 Toppings Combined (combo_id=72650)
[2025-12-10 12:59:14] [INFO] Navigating to combo dish: https://menuadmin.menu.ca/?p=restaurants&display=editRestaurant&restaurant=729&load=editCombo&showLang=en&combo=72650
[2025-12-10 12:59:17] [INFO] Processing combo dish: 4 Toppings Combined (combo_id=72651)
[2025-12-10 12:59:17] [INFO] Navigating to combo dish: https://menuadmin.menu.ca/?p=restaurants&display=editRestaurant&restaurant=729&load=editCombo&showLang=en&combo=72651
[2025-12-10 12:59:20] [INFO] Processing combo dish: 6 Toppings Combined (combo_id=72652)
[2025-12-10 12:59:20] [INFO] Navigating to combo dish: https://menuadmin.menu.ca/?p=restaurants&display=editRestaurant&restaurant=729&load=editCombo&showLang=en&combo=72652
[2025-12-10 12:59:22] [INFO] Processing combo dish: XLarge Pizza and Wings (combo_id=86816)
[2025-12-10 12:59:22] [INFO] Navigating to combo dish: https://menuadmin.menu.ca/?p=restaurants&display=editRestaurant&restaurant=729&load=editCombo&showLang=en&combo=86816
[2025-12-10 12:59:29] [INFO] Processing combo dish: Large Pizza & Wings (combo_id=72744)
[2025-12-10 12:59:29] [INFO] Navigating to combo dish: https://menuadmin.menu.ca/?p=restaurants&display=editRestaurant&restaurant=729&load=editCombo&showLang=en&combo=72744
[2025-12-10 12:59:35] [INFO] Processing combo dish: Medium Pizza & Wings (combo_id=72745)
[2025-12-10 12:59:35] [INFO] Navigating to combo dish: https://menuadmin.menu.ca/?p=restaurants&display=editRestaurant&restaurant=729&load=editCombo&showLang=en&combo=72745
[2025-12-10 12:59:41] [INFO] Processing combo dish: Small Pizza & Wings (combo_id=115129)
[2025-12-10 12:59:41] [INFO] Navigating to combo dish: https://menuadmin.menu.ca/?p=restaurants&display=editRestaurant&restaurant=729&load=editCombo&showLang=en&combo=115129
[2025-12-10 12:59:47] [INFO] Processing combo dish: 2 Large Pizza & Wings HIDE (combo_id=72743)
[2025-12-10 12:59:47] [INFO] Navigating to combo dish: https://menuadmin.menu.ca/?p=restaurants&display=editRestaurant&restaurant=729&load=editCombo&showLang=en&combo=72743
[2025-12-10 12:59:53] [INFO] Results for Palermo Pizzeria:
[2025-12-10 12:59:53] [INFO]   - Dishes processed: 11
[2025-12-10 12:59:53] [INFO]   - Combo links created: 42
[2025-12-10 12:59:53] [INFO]   - Hide days set: 0
[2025-12-10 12:59:53] [INFO]   - Drinks modifiers: 45
[2025-12-10 12:59:53] [INFO] ============================================================
[2025-12-10 12:59:53] [INFO] Processing: Papa Grecque des Flandres (V3: 540, V1: 758)
[2025-12-10 12:59:53] [INFO] ============================================================
[2025-12-10 12:59:53] [INFO] Navigating to menu: https://menuadmin.menu.ca/?p=restaurants&display=editRestaurant&restaurant=758&load=menu&showLang=en
[2025-12-10 12:59:57] [INFO] Found 0 combo dishes
[2025-12-10 12:59:57] [INFO] No combo dishes found for restaurant 540
[2025-12-10 12:59:57] [INFO] Results for Papa Grecque des Flandres:
[2025-12-10 12:59:57] [INFO]   - Dishes processed: 0
[2025-12-10 12:59:57] [INFO]   - Combo links created: 0
[2025-12-10 12:59:57] [INFO]   - Hide days set: 0
[2025-12-10 12:59:57] [INFO]   - Drinks modifiers: 0
[2025-12-10 12:59:57] [INFO] ============================================================
[2025-12-10 12:59:57] [INFO] Processing: Aahar The Taste of India (V3: 561, V1: 781)
[2025-12-10 12:59:57] [INFO] ============================================================
[2025-12-10 12:59:57] [INFO] Navigating to menu: https://menuadmin.menu.ca/?p=restaurants&display=editRestaurant&restaurant=781&load=menu&showLang=en
[2025-12-10 13:00:02] [INFO] Found 0 combo dishes
[2025-12-10 13:00:02] [INFO] No combo dishes found for restaurant 561
[2025-12-10 13:00:02] [INFO] Results for Aahar The Taste of India:
[2025-12-10 13:00:02] [INFO]   - Dishes processed: 0
[2025-12-10 13:00:02] [INFO]   - Combo links created: 0
[2025-12-10 13:00:02] [INFO]   - Hide days set: 0
[2025-12-10 13:00:02] [INFO]   - Drinks modifiers: 0
[2025-12-10 13:00:02] [INFO] ============================================================
[2025-12-10 13:00:02] [INFO] Processing: Pizza des Hautes Plaines (V3: 562, V1: 782)
[2025-12-10 13:00:02] [INFO] ============================================================
[2025-12-10 13:00:02] [INFO] Navigating to menu: https://menuadmin.menu.ca/?p=restaurants&display=editRestaurant&restaurant=782&load=menu&showLang=en
[2025-12-10 13:00:07] [INFO] Found 0 combo dishes
[2025-12-10 13:00:07] [INFO] No combo dishes found for restaurant 562
[2025-12-10 13:00:07] [INFO] Results for Pizza des Hautes Plaines:
[2025-12-10 13:00:07] [INFO]   - Dishes processed: 0
[2025-12-10 13:00:07] [INFO]   - Combo links created: 0
[2025-12-10 13:00:07] [INFO]   - Hide days set: 0
[2025-12-10 13:00:07] [INFO]   - Drinks modifiers: 0
[2025-12-10 13:00:07] [INFO] ============================================================
[2025-12-10 13:00:07] [INFO] Processing: Milano (V3: 565, V1: 785)
[2025-12-10 13:00:07] [INFO] ============================================================
[2025-12-10 13:00:07] [INFO] Navigating to menu: https://menuadmin.menu.ca/?p=restaurants&display=editRestaurant&restaurant=785&load=menu&showLang=en
[2025-12-10 13:00:11] [INFO] Found 18 combo dishes
[2025-12-10 13:00:11] [INFO] Processing combo dish: The Perfect Combo Deal with PopCurds (combo_id=113138)
[2025-12-10 13:00:11] [INFO] Navigating to combo dish: https://menuadmin.menu.ca/?p=restaurants&display=editRestaurant&restaurant=785&load=editCombo&showLang=en&combo=113138
[2025-12-10 13:00:17] [INFO] Processing combo dish: The Perfect Combo Deal with PopCurds HIDE (combo_id=91416)
[2025-12-10 13:00:17] [INFO] Navigating to combo dish: https://menuadmin.menu.ca/?p=restaurants&display=editRestaurant&restaurant=785&load=editCombo&showLang=en&combo=91416
[2025-12-10 13:00:22] [INFO] Processing combo dish: Large Pizza Deal HIDE (combo_id=78711)
[2025-12-10 13:00:22] [INFO] Navigating to combo dish: https://menuadmin.menu.ca/?p=restaurants&display=editRestaurant&restaurant=785&load=editCombo&showLang=en&combo=78711
[2025-12-10 13:00:28] [INFO] Processing combo dish: Medium Pizza Deal HIDE (combo_id=78712)
[2025-12-10 13:00:28] [INFO] Navigating to combo dish: https://menuadmin.menu.ca/?p=restaurants&display=editRestaurant&restaurant=785&load=editCombo&showLang=en&combo=78712
[2025-12-10 13:00:34] [INFO] Processing combo dish: Donair Special HIDE (combo_id=78713)
[2025-12-10 13:00:34] [INFO] Navigating to combo dish: https://menuadmin.menu.ca/?p=restaurants&display=editRestaurant&restaurant=785&load=editCombo&showLang=en&combo=78713
[2025-12-10 13:00:36] [INFO] Processing combo dish: 2 Chicken Shawarma Special HIDE (combo_id=78714)
[2025-12-10 13:00:36] [INFO] Navigating to combo dish: https://menuadmin.menu.ca/?p=restaurants&display=editRestaurant&restaurant=785&load=editCombo&showLang=en&combo=78714
[2025-12-10 13:00:38] [INFO] Processing combo dish: 2 Spaghetti Special HIDE (combo_id=89301)
[2025-12-10 13:00:38] [INFO] Navigating to combo dish: https://menuadmin.menu.ca/?p=restaurants&display=editRestaurant&restaurant=785&load=editCombo&showLang=en&combo=89301
[2025-12-10 13:00:40] [INFO] Processing combo dish: 2 Lasagnas Special HIDE (combo_id=89302)
[2025-12-10 13:00:40] [INFO] Navigating to combo dish: https://menuadmin.menu.ca/?p=restaurants&display=editRestaurant&restaurant=785&load=editCombo&showLang=en&combo=89302
[2025-12-10 13:00:43] [INFO] Processing combo dish: 2 Veal Parmesan Special HIDE (combo_id=89303)
[2025-12-10 13:00:43] [INFO] Navigating to combo dish: https://menuadmin.menu.ca/?p=restaurants&display=editRestaurant&restaurant=785&load=editCombo&showLang=en&combo=89303
[2025-12-10 13:00:45] [INFO] Processing combo dish: 2 Chicken Parmesan Special HIDE (combo_id=89304)
[2025-12-10 13:00:45] [INFO] Navigating to combo dish: https://menuadmin.menu.ca/?p=restaurants&display=editRestaurant&restaurant=785&load=editCombo&showLang=en&combo=89304
[2025-12-10 13:00:47] [INFO] Processing combo dish: One Topping HIDE (combo_id=78655)
[2025-12-10 13:00:47] [INFO] Navigating to combo dish: https://menuadmin.menu.ca/?p=restaurants&display=editRestaurant&restaurant=785&load=editCombo&showLang=en&combo=78655
[2025-12-10 13:00:49] [INFO] Processing combo dish: Two Toppings HIDE (combo_id=78656)
[2025-12-10 13:00:49] [INFO] Navigating to combo dish: https://menuadmin.menu.ca/?p=restaurants&display=editRestaurant&restaurant=785&load=editCombo&showLang=en&combo=78656
[2025-12-10 13:00:52] [INFO] Processing combo dish: Two Pizza 1 Topping (combo_id=78708)
[2025-12-10 13:00:52] [INFO] Navigating to combo dish: https://menuadmin.menu.ca/?p=restaurants&display=editRestaurant&restaurant=785&load=editCombo&showLang=en&combo=78708
[2025-12-10 13:00:58] [INFO] Processing combo dish: Two Pizza 2 Toppings (combo_id=78709)
[2025-12-10 13:00:58] [INFO] Navigating to combo dish: https://menuadmin.menu.ca/?p=restaurants&display=editRestaurant&restaurant=785&load=editCombo&showLang=en&combo=78709
[2025-12-10 13:01:04] [INFO] Processing combo dish: Two Pizza 3 Toppings (combo_id=78710)
[2025-12-10 13:01:04] [INFO] Navigating to combo dish: https://menuadmin.menu.ca/?p=restaurants&display=editRestaurant&restaurant=785&load=editCombo&showLang=en&combo=78710
[2025-12-10 13:01:10] [INFO] Processing combo dish: 2 Pizza Deal 1 Topping & Two 591ml Drinks (V) (combo_id=92714)
[2025-12-10 13:01:10] [INFO] Navigating to combo dish: https://menuadmin.menu.ca/?p=restaurants&display=editRestaurant&restaurant=785&load=editCombo&showLang=en&combo=92714
[2025-12-10 13:01:16] [INFO] Processing combo dish: 2 Pizza Deal 2 Toppings & Two 591ml Drinks (V) (combo_id=92715)
[2025-12-10 13:01:16] [INFO] Navigating to combo dish: https://menuadmin.menu.ca/?p=restaurants&display=editRestaurant&restaurant=785&load=editCombo&showLang=en&combo=92715
[2025-12-10 13:01:22] [INFO] Processing combo dish: 2 Pizza Deal 3 Toppings & Two 591ml Drinks (V) (combo_id=92716)
[2025-12-10 13:01:22] [INFO] Navigating to combo dish: https://menuadmin.menu.ca/?p=restaurants&display=editRestaurant&restaurant=785&load=editCombo&showLang=en&combo=92716
[2025-12-10 13:01:28] [INFO] Results for Milano:
[2025-12-10 13:01:28] [INFO]   - Dishes processed: 18
[2025-12-10 13:01:28] [INFO]   - Combo links created: 58
[2025-12-10 13:01:28] [INFO]   - Hide days set: 0
[2025-12-10 13:01:28] [INFO]   - Drinks modifiers: 80
[2025-12-10 13:01:28] [INFO] ============================================================
[2025-12-10 13:01:28] [INFO] Processing: Milano (V3: 569, V1: 789)
[2025-12-10 13:01:28] [INFO] ============================================================
[2025-12-10 13:01:28] [INFO] Navigating to menu: https://menuadmin.menu.ca/?p=restaurants&display=editRestaurant&restaurant=789&load=menu&showLang=en
[2025-12-10 13:01:32] [INFO] Found 15 combo dishes
[2025-12-10 13:01:32] [INFO] Processing combo dish: The Perfect Combo Deal with PopCurds HIDE (combo_id=113139)
[2025-12-10 13:01:32] [INFO] Navigating to combo dish: https://menuadmin.menu.ca/?p=restaurants&display=editRestaurant&restaurant=789&load=editCombo&showLang=en&combo=113139
[2025-12-10 13:01:41] [INFO] Processing combo dish: First App $5 Pizza Deal (combo_id=118293)
[2025-12-10 13:01:41] [INFO] Navigating to combo dish: https://menuadmin.menu.ca/?p=restaurants&display=editRestaurant&restaurant=789&load=editCombo&showLang=en&combo=118293
[2025-12-10 13:01:44] [INFO] Processing combo dish: 2 Pizza Deal 1 Topping (combo_id=78944)
[2025-12-10 13:01:44] [INFO] Navigating to combo dish: https://menuadmin.menu.ca/?p=restaurants&display=editRestaurant&restaurant=789&load=editCombo&showLang=en&combo=78944
[2025-12-10 13:01:53] [INFO] Processing combo dish: 2 Pizza Deal 2 Toppings (combo_id=78945)
[2025-12-10 13:01:53] [INFO] Navigating to combo dish: https://menuadmin.menu.ca/?p=restaurants&display=editRestaurant&restaurant=789&load=editCombo&showLang=en&combo=78945
[2025-12-10 13:02:03] [INFO] Processing combo dish: 2 Pizza Deal 3 Toppings (combo_id=78946)
[2025-12-10 13:02:03] [INFO] Navigating to combo dish: https://menuadmin.menu.ca/?p=restaurants&display=editRestaurant&restaurant=789&load=editCombo&showLang=en&combo=78946
[2025-12-10 13:02:13] [INFO] Processing combo dish: The Perfect Combo Deal with PopCurds (combo_id=78949)
[2025-12-10 13:02:13] [INFO] Navigating to combo dish: https://menuadmin.menu.ca/?p=restaurants&display=editRestaurant&restaurant=789&load=editCombo&showLang=en&combo=78949
[2025-12-10 13:02:23] [INFO] Processing combo dish: Large Pizza Deal (combo_id=78947)
[2025-12-10 13:02:23] [INFO] Navigating to combo dish: https://menuadmin.menu.ca/?p=restaurants&display=editRestaurant&restaurant=789&load=editCombo&showLang=en&combo=78947
[2025-12-10 13:02:33] [INFO] Processing combo dish: Medium Pizza Deal (combo_id=78948)
[2025-12-10 13:02:33] [INFO] Navigating to combo dish: https://menuadmin.menu.ca/?p=restaurants&display=editRestaurant&restaurant=789&load=editCombo&showLang=en&combo=78948
[2025-12-10 13:02:44] [INFO] Processing combo dish: Family Meal Deal (combo_id=121421)
[2025-12-10 13:02:44] [INFO] Navigating to combo dish: https://menuadmin.menu.ca/?p=restaurants&display=editRestaurant&restaurant=789&load=editCombo&showLang=en&combo=121421
[2025-12-10 13:02:51] [INFO] Processing combo dish: Shawarma Special HIDED (combo_id=78952)
[2025-12-10 13:02:51] [INFO] Navigating to combo dish: https://menuadmin.menu.ca/?p=restaurants&display=editRestaurant&restaurant=789&load=editCombo&showLang=en&combo=78952
[2025-12-10 13:02:54] [INFO] Processing combo dish: One Topping HIDE (combo_id=78906)
[2025-12-10 13:02:54] [INFO] Navigating to combo dish: https://menuadmin.menu.ca/?p=restaurants&display=editRestaurant&restaurant=789&load=editCombo&showLang=en&combo=78906
[2025-12-10 13:02:57] [INFO] Processing combo dish: Two Toppings HIDE (combo_id=78907)
[2025-12-10 13:02:57] [INFO] Navigating to combo dish: https://menuadmin.menu.ca/?p=restaurants&display=editRestaurant&restaurant=789&load=editCombo&showLang=en&combo=78907
[2025-12-10 13:03:00] [INFO] Processing combo dish: 2 Pizza Deal 1 Topping & Two 591ml Drinks (V) (combo_id=92534)
[2025-12-10 13:03:00] [INFO] Navigating to combo dish: https://menuadmin.menu.ca/?p=restaurants&display=editRestaurant&restaurant=789&load=editCombo&showLang=en&combo=92534
[2025-12-10 13:03:09] [INFO] Processing combo dish: 2 Pizza Deal 2 Toppings & Two 591ml Drinks (V) (combo_id=92535)
[2025-12-10 13:03:09] [INFO] Navigating to combo dish: https://menuadmin.menu.ca/?p=restaurants&display=editRestaurant&restaurant=789&load=editCombo&showLang=en&combo=92535
[2025-12-10 13:03:17] [INFO] Processing combo dish: 2 Pizza Deal 3 Toppings & Two 591ml Drinks (V) (combo_id=92536)
[2025-12-10 13:03:17] [INFO] Navigating to combo dish: https://menuadmin.menu.ca/?p=restaurants&display=editRestaurant&restaurant=789&load=editCombo&showLang=en&combo=92536
[2025-12-10 13:03:26] [INFO] Results for Milano:
[2025-12-10 13:03:26] [INFO]   - Dishes processed: 15
[2025-12-10 13:03:26] [INFO]   - Combo links created: 67
[2025-12-10 13:03:26] [INFO]   - Hide days set: 0
[2025-12-10 13:03:26] [INFO]   - Drinks modifiers: 170
[2025-12-10 13:03:26] [INFO] ============================================================
[2025-12-10 13:03:26] [INFO] Processing: Crispy's (V3: 584, V1: 805)
[2025-12-10 13:03:26] [INFO] ============================================================
[2025-12-10 13:03:26] [INFO] Navigating to menu: https://menuadmin.menu.ca/?p=restaurants&display=editRestaurant&restaurant=805&load=menu&showLang=en
[2025-12-10 13:03:30] [INFO] Found 0 combo dishes
[2025-12-10 13:03:30] [INFO] No combo dishes found for restaurant 584
[2025-12-10 13:03:30] [INFO] Results for Crispy's:
[2025-12-10 13:03:30] [INFO]   - Dishes processed: 0
[2025-12-10 13:03:30] [INFO]   - Combo links created: 0
[2025-12-10 13:03:30] [INFO]   - Hide days set: 0
[2025-12-10 13:03:30] [INFO]   - Drinks modifiers: 0
[2025-12-10 13:03:30] [INFO] ============================================================
[2025-12-10 13:03:30] [INFO] Processing: Milano (V3: 586, V1: 807)
[2025-12-10 13:03:30] [INFO] ============================================================
[2025-12-10 13:03:30] [INFO] Navigating to menu: https://menuadmin.menu.ca/?p=restaurants&display=editRestaurant&restaurant=807&load=menu&showLang=en
[2025-12-10 13:03:34] [INFO] Found 16 combo dishes
[2025-12-10 13:03:34] [INFO] Processing combo dish: Small Perfect Combo Deal with PopCurds (combo_id=113140)
[2025-12-10 13:03:34] [INFO] Navigating to combo dish: https://menuadmin.menu.ca/?p=restaurants&display=editRestaurant&restaurant=807&load=editCombo&showLang=en&combo=113140
[2025-12-10 13:03:42] [INFO] Processing combo dish: Medium Perfect Combo Deal with PopCurds (combo_id=113141)
[2025-12-10 13:03:42] [INFO] Navigating to combo dish: https://menuadmin.menu.ca/?p=restaurants&display=editRestaurant&restaurant=807&load=editCombo&showLang=en&combo=113141
[2025-12-10 13:03:49] [INFO] Processing combo dish: Large Perfect Combo Deal with PopCurds (combo_id=113142)
[2025-12-10 13:03:49] [INFO] Navigating to combo dish: https://menuadmin.menu.ca/?p=restaurants&display=editRestaurant&restaurant=807&load=editCombo&showLang=en&combo=113142
[2025-12-10 13:03:56] [INFO] Processing combo dish: 1 Topping Pizza Deal (combo_id=80929)
[2025-12-10 13:03:56] [INFO] Navigating to combo dish: https://menuadmin.menu.ca/?p=restaurants&display=editRestaurant&restaurant=807&load=editCombo&showLang=en&combo=80929
[2025-12-10 13:04:04] [INFO] Processing combo dish: 2 Toppings Pizza Deal (combo_id=80930)
[2025-12-10 13:04:04] [INFO] Navigating to combo dish: https://menuadmin.menu.ca/?p=restaurants&display=editRestaurant&restaurant=807&load=editCombo&showLang=en&combo=80930
[2025-12-10 13:04:12] [INFO] Processing combo dish: 3 Toppings Pizza Deal (combo_id=80931)
[2025-12-10 13:04:12] [INFO] Navigating to combo dish: https://menuadmin.menu.ca/?p=restaurants&display=editRestaurant&restaurant=807&load=editCombo&showLang=en&combo=80931
[2025-12-10 13:04:19] [INFO] Processing combo dish: Large Pizza Deal with Wings & Pop (combo_id=80943)
[2025-12-10 13:04:19] [INFO] Navigating to combo dish: https://menuadmin.menu.ca/?p=restaurants&display=editRestaurant&restaurant=807&load=editCombo&showLang=en&combo=80943
[2025-12-10 13:04:27] [INFO] Processing combo dish: Medium Pizza Deal with Wings & Pop (combo_id=80942)
[2025-12-10 13:04:27] [INFO] Navigating to combo dish: https://menuadmin.menu.ca/?p=restaurants&display=editRestaurant&restaurant=807&load=editCombo&showLang=en&combo=80942
[2025-12-10 13:04:34] [INFO] Processing combo dish: Small Perfect Combo Deal with PopCurds (combo_id=88747)
[2025-12-10 13:04:34] [INFO] Navigating to combo dish: https://menuadmin.menu.ca/?p=restaurants&display=editRestaurant&restaurant=807&load=editCombo&showLang=en&combo=88747
[2025-12-10 13:04:41] [INFO] Processing combo dish: Medium Perfect Combo Deal with PopCurds (combo_id=88748)
[2025-12-10 13:04:41] [INFO] Navigating to combo dish: https://menuadmin.menu.ca/?p=restaurants&display=editRestaurant&restaurant=807&load=editCombo&showLang=en&combo=88748
[2025-12-10 13:04:49] [INFO] Processing combo dish: Large Perfect Combo Deal with PopCurds (combo_id=88749)
[2025-12-10 13:04:49] [INFO] Navigating to combo dish: https://menuadmin.menu.ca/?p=restaurants&display=editRestaurant&restaurant=807&load=editCombo&showLang=en&combo=88749
[2025-12-10 13:04:56] [INFO] Processing combo dish: 1 Topping Pizza (combo_id=80907)
[2025-12-10 13:04:56] [INFO] Navigating to combo dish: https://menuadmin.menu.ca/?p=restaurants&display=editRestaurant&restaurant=807&load=editCombo&showLang=en&combo=80907
[2025-12-10 13:05:03] [INFO] Processing combo dish: 2 Toppings Pizza (combo_id=80908)
[2025-12-10 13:05:03] [INFO] Navigating to combo dish: https://menuadmin.menu.ca/?p=restaurants&display=editRestaurant&restaurant=807&load=editCombo&showLang=en&combo=80908
[2025-12-10 13:05:10] [INFO] Processing combo dish: 2 Pizza Deal 1 Topping & Two 591ml Drinks (V) (combo_id=100198)
[2025-12-10 13:05:10] [INFO] Navigating to combo dish: https://menuadmin.menu.ca/?p=restaurants&display=editRestaurant&restaurant=807&load=editCombo&showLang=en&combo=100198
[2025-12-10 13:05:17] [INFO] Processing combo dish: 2 Pizza Deal 2 Toppings & Two 591ml Drinks (V) (combo_id=100199)
[2025-12-10 13:05:17] [INFO] Navigating to combo dish: https://menuadmin.menu.ca/?p=restaurants&display=editRestaurant&restaurant=807&load=editCombo&showLang=en&combo=100199
[2025-12-10 13:05:26] [INFO] Processing combo dish: 2 Pizza Deal 3 Toppings & Two 591ml Drinks (V) (combo_id=100200)
[2025-12-10 13:05:26] [INFO] Navigating to combo dish: https://menuadmin.menu.ca/?p=restaurants&display=editRestaurant&restaurant=807&load=editCombo&showLang=en&combo=100200
[2025-12-10 13:05:33] [INFO] Results for Milano:
[2025-12-10 13:05:33] [INFO]   - Dishes processed: 16
[2025-12-10 13:05:33] [INFO]   - Combo links created: 68
[2025-12-10 13:05:33] [INFO]   - Hide days set: 0
[2025-12-10 13:05:33] [INFO]   - Drinks modifiers: 192
[2025-12-10 13:05:33] [INFO] ============================================================
[2025-12-10 13:05:33] [INFO] Processing: Milano (V3: 593, V1: 815)
[2025-12-10 13:05:33] [INFO] ============================================================
[2025-12-10 13:05:33] [INFO] Navigating to menu: https://menuadmin.menu.ca/?p=restaurants&display=editRestaurant&restaurant=815&load=menu&showLang=en
[2025-12-10 13:05:37] [INFO] Found 5 combo dishes
[2025-12-10 13:05:37] [INFO] Processing combo dish: One Topping (combo_id=81751)
[2025-12-10 13:05:37] [INFO] Navigating to combo dish: https://menuadmin.menu.ca/?p=restaurants&display=editRestaurant&restaurant=815&load=editCombo&showLang=en&combo=81751
[2025-12-10 13:05:40] [INFO] Processing combo dish: Two Toppings (combo_id=81752)
[2025-12-10 13:05:40] [INFO] Navigating to combo dish: https://menuadmin.menu.ca/?p=restaurants&display=editRestaurant&restaurant=815&load=editCombo&showLang=en&combo=81752
[2025-12-10 13:05:42] [INFO] Processing combo dish: Twins Pizzas 2 Toppings (combo_id=101442)
[2025-12-10 13:05:42] [INFO] Navigating to combo dish: https://menuadmin.menu.ca/?p=restaurants&display=editRestaurant&restaurant=815&load=editCombo&showLang=en&combo=101442
[2025-12-10 13:05:45] [INFO] Processing combo dish: Twins Pizzas 4 Toppings (combo_id=101443)
[2025-12-10 13:05:45] [INFO] Navigating to combo dish: https://menuadmin.menu.ca/?p=restaurants&display=editRestaurant&restaurant=815&load=editCombo&showLang=en&combo=101443
[2025-12-10 13:05:48] [INFO] Processing combo dish: Twins Pizzas 6 Toppings (combo_id=101444)
[2025-12-10 13:05:48] [INFO] Navigating to combo dish: https://menuadmin.menu.ca/?p=restaurants&display=editRestaurant&restaurant=815&load=editCombo&showLang=en&combo=101444
[2025-12-10 13:05:51] [INFO] Results for Milano:
[2025-12-10 13:05:51] [INFO]   - Dishes processed: 5
[2025-12-10 13:05:51] [INFO]   - Combo links created: 18
[2025-12-10 13:05:51] [INFO]   - Hide days set: 0
[2025-12-10 13:05:51] [INFO]   - Drinks modifiers: 0
[2025-12-10 13:05:51] [INFO] ============================================================
[2025-12-10 13:05:51] [INFO] Processing: Supreme Pizzeria (V3: 595, V1: 817)
[2025-12-10 13:05:51] [INFO] ============================================================
[2025-12-10 13:05:51] [INFO] Navigating to menu: https://menuadmin.menu.ca/?p=restaurants&display=editRestaurant&restaurant=817&load=menu&showLang=en
[2025-12-10 13:05:55] [INFO] Found 12 combo dishes
[2025-12-10 13:05:55] [INFO] Processing combo dish: Super Bowl Deal HIDE (combo_id=91682)
[2025-12-10 13:05:55] [INFO] Navigating to combo dish: https://menuadmin.menu.ca/?p=restaurants&display=editRestaurant&restaurant=817&load=editCombo&showLang=en&combo=91682
[2025-12-10 13:05:59] [INFO] Processing combo dish: 1 Topping (combo_id=81956)
[2025-12-10 13:05:59] [INFO] Navigating to combo dish: https://menuadmin.menu.ca/?p=restaurants&display=editRestaurant&restaurant=817&load=editCombo&showLang=en&combo=81956
[2025-12-10 13:06:02] [INFO] Processing combo dish: 2 Toppings (combo_id=81957)
[2025-12-10 13:06:02] [INFO] Navigating to combo dish: https://menuadmin.menu.ca/?p=restaurants&display=editRestaurant&restaurant=817&load=editCombo&showLang=en&combo=81957
[2025-12-10 13:06:04] [INFO] Processing combo dish: 2 Toppings (combo_id=81959)
[2025-12-10 13:06:04] [INFO] Navigating to combo dish: https://menuadmin.menu.ca/?p=restaurants&display=editRestaurant&restaurant=817&load=editCombo&showLang=en&combo=81959
[2025-12-10 13:06:07] [INFO] Processing combo dish: 4 Toppings (combo_id=81960)
[2025-12-10 13:06:07] [INFO] Navigating to combo dish: https://menuadmin.menu.ca/?p=restaurants&display=editRestaurant&restaurant=817&load=editCombo&showLang=en&combo=81960
[2025-12-10 13:06:10] [INFO] Processing combo dish: 6 Toppings (combo_id=81961)
[2025-12-10 13:06:10] [INFO] Navigating to combo dish: https://menuadmin.menu.ca/?p=restaurants&display=editRestaurant&restaurant=817&load=editCombo&showLang=en&combo=81961
[2025-12-10 13:06:12] [INFO] Processing combo dish: Supreme Family Feast (combo_id=91680)
[2025-12-10 13:06:12] [INFO] Navigating to combo dish: https://menuadmin.menu.ca/?p=restaurants&display=editRestaurant&restaurant=817&load=editCombo&showLang=en&combo=91680
[2025-12-10 13:06:15] [INFO] Processing combo dish: Supreme Pizza Deal 1 (combo_id=81962)
[2025-12-10 13:06:15] [INFO] Navigating to combo dish: https://menuadmin.menu.ca/?p=restaurants&display=editRestaurant&restaurant=817&load=editCombo&showLang=en&combo=81962
[2025-12-10 13:06:23] [INFO] Processing combo dish: Supreme Pizza Deal 2 (combo_id=81963)
[2025-12-10 13:06:23] [INFO] Navigating to combo dish: https://menuadmin.menu.ca/?p=restaurants&display=editRestaurant&restaurant=817&load=editCombo&showLang=en&combo=81963
[2025-12-10 13:06:30] [INFO] Processing combo dish: Xtreme 3's HIDE (combo_id=81964)
[2025-12-10 13:06:30] [INFO] Navigating to combo dish: https://menuadmin.menu.ca/?p=restaurants&display=editRestaurant&restaurant=817&load=editCombo&showLang=en&combo=81964
[2025-12-10 13:06:37] [INFO] Processing combo dish: 2 Spaghetti with 2 Cans of Pop (combo_id=81977)
[2025-12-10 13:06:37] [INFO] Navigating to combo dish: https://menuadmin.menu.ca/?p=restaurants&display=editRestaurant&restaurant=817&load=editCombo&showLang=en&combo=81977
[2025-12-10 13:06:44] [INFO] Processing combo dish: 2 Lasagna with 2 Cans of Pop (combo_id=81978)
[2025-12-10 13:06:44] [INFO] Navigating to combo dish: https://menuadmin.menu.ca/?p=restaurants&display=editRestaurant&restaurant=817&load=editCombo&showLang=en&combo=81978
[2025-12-10 13:06:50] [INFO] Results for Supreme Pizzeria:
[2025-12-10 13:06:50] [INFO]   - Dishes processed: 12
[2025-12-10 13:06:50] [INFO]   - Combo links created: 42
[2025-12-10 13:06:50] [INFO]   - Hide days set: 6
[2025-12-10 13:06:50] [INFO]   - Drinks modifiers: 60
[2025-12-10 13:06:50] [INFO] ============================================================
[2025-12-10 13:06:50] [INFO] Processing: Sushi Fleury (V3: 596, V1: 818)
[2025-12-10 13:06:50] [INFO] ============================================================
[2025-12-10 13:06:50] [INFO] Navigating to menu: https://menuadmin.menu.ca/?p=restaurants&display=editRestaurant&restaurant=818&load=menu&showLang=en
[2025-12-10 13:06:54] [INFO] Found 0 combo dishes
[2025-12-10 13:06:54] [INFO] No combo dishes found for restaurant 596
[2025-12-10 13:06:54] [INFO] Results for Sushi Fleury:
[2025-12-10 13:06:54] [INFO]   - Dishes processed: 0
[2025-12-10 13:06:54] [INFO]   - Combo links created: 0
[2025-12-10 13:06:54] [INFO]   - Hide days set: 0
[2025-12-10 13:06:54] [INFO]   - Drinks modifiers: 0
[2025-12-10 13:06:54] [INFO] ============================================================
[2025-12-10 13:06:54] [INFO] Processing: Milano (V3: 601, V1: 824)
[2025-12-10 13:06:54] [INFO] ============================================================
[2025-12-10 13:06:54] [INFO] Navigating to menu: https://menuadmin.menu.ca/?p=restaurants&display=editRestaurant&restaurant=824&load=menu&showLang=en
[2025-12-10 13:06:59] [INFO] Found 13 combo dishes
[2025-12-10 13:06:59] [INFO] Processing combo dish: The Perfect Combo Deal with PopCurds (combo_id=113144)
[2025-12-10 13:06:59] [INFO] Navigating to combo dish: https://menuadmin.menu.ca/?p=restaurants&display=editRestaurant&restaurant=824&load=editCombo&showLang=en&combo=113144
[2025-12-10 13:07:04] [INFO] Processing combo dish: 1 Topping Pizza Deal (combo_id=83416)
[2025-12-10 13:07:04] [INFO] Navigating to combo dish: https://menuadmin.menu.ca/?p=restaurants&display=editRestaurant&restaurant=824&load=editCombo&showLang=en&combo=83416
[2025-12-10 13:07:10] [INFO] Processing combo dish: 2 Toppings Pizza Deal (combo_id=83417)
[2025-12-10 13:07:10] [INFO] Navigating to combo dish: https://menuadmin.menu.ca/?p=restaurants&display=editRestaurant&restaurant=824&load=editCombo&showLang=en&combo=83417
[2025-12-10 13:07:17] [INFO] Processing combo dish: 3 Toppings Pizza Deal (combo_id=83418)
[2025-12-10 13:07:17] [INFO] Navigating to combo dish: https://menuadmin.menu.ca/?p=restaurants&display=editRestaurant&restaurant=824&load=editCombo&showLang=en&combo=83418
[2025-12-10 13:07:23] [INFO] Processing combo dish: The Perfect Combo Deal with PopCurds (combo_id=84322)
[2025-12-10 13:07:23] [INFO] Navigating to combo dish: https://menuadmin.menu.ca/?p=restaurants&display=editRestaurant&restaurant=824&load=editCombo&showLang=en&combo=84322
[2025-12-10 13:07:29] [INFO] Processing combo dish: Large Pizza & Wings Deal (combo_id=83411)
[2025-12-10 13:07:29] [INFO] Navigating to combo dish: https://menuadmin.menu.ca/?p=restaurants&display=editRestaurant&restaurant=824&load=editCombo&showLang=en&combo=83411
[2025-12-10 13:07:34] [INFO] Processing combo dish: Medium Pizza & Wings Deal (combo_id=83412)
[2025-12-10 13:07:34] [INFO] Navigating to combo dish: https://menuadmin.menu.ca/?p=restaurants&display=editRestaurant&restaurant=824&load=editCombo&showLang=en&combo=83412
[2025-12-10 13:07:40] [INFO] Processing combo dish: Donair Special HIDE (combo_id=83415)
[2025-12-10 13:07:40] [INFO] Navigating to combo dish: https://menuadmin.menu.ca/?p=restaurants&display=editRestaurant&restaurant=824&load=editCombo&showLang=en&combo=83415
[2025-12-10 13:07:42] [INFO] Processing combo dish: One Topping HIDE (combo_id=83323)
[2025-12-10 13:07:42] [INFO] Navigating to combo dish: https://menuadmin.menu.ca/?p=restaurants&display=editRestaurant&restaurant=824&load=editCombo&showLang=en&combo=83323
[2025-12-10 13:07:48] [INFO] Processing combo dish: Two Toppings HIDE (combo_id=83324)
[2025-12-10 13:07:48] [INFO] Navigating to combo dish: https://menuadmin.menu.ca/?p=restaurants&display=editRestaurant&restaurant=824&load=editCombo&showLang=en&combo=83324
[2025-12-10 13:07:53] [INFO] Processing combo dish: 2 Pizza Deal 1 Topping & Two 591ml Drinks (V) (combo_id=96342)
[2025-12-10 13:07:53] [INFO] Navigating to combo dish: https://menuadmin.menu.ca/?p=restaurants&display=editRestaurant&restaurant=824&load=editCombo&showLang=en&combo=96342
[2025-12-10 13:07:59] [INFO] Processing combo dish: 2 Pizza Deal 2 Toppings & Two 591ml Drinks (V) (combo_id=96343)
[2025-12-10 13:07:59] [INFO] Navigating to combo dish: https://menuadmin.menu.ca/?p=restaurants&display=editRestaurant&restaurant=824&load=editCombo&showLang=en&combo=96343
[2025-12-10 13:08:04] [INFO] Processing combo dish: 2 Pizza Deal 3 Toppings & Two 591ml Drinks (V) (combo_id=96344)
[2025-12-10 13:08:04] [INFO] Navigating to combo dish: https://menuadmin.menu.ca/?p=restaurants&display=editRestaurant&restaurant=824&load=editCombo&showLang=en&combo=96344
[2025-12-10 13:08:10] [INFO] Results for Milano:
[2025-12-10 13:08:10] [INFO]   - Dishes processed: 13
[2025-12-10 13:08:10] [INFO]   - Combo links created: 65
[2025-12-10 13:08:10] [INFO]   - Hide days set: 0
[2025-12-10 13:08:10] [INFO]   - Drinks modifiers: 84
[2025-12-10 13:08:10] [INFO] ============================================================
[2025-12-10 13:08:10] [INFO] Processing: Papa Pizza Cantley (V3: 602, V1: 825)
[2025-12-10 13:08:10] [INFO] ============================================================
[2025-12-10 13:08:10] [INFO] Navigating to menu: https://menuadmin.menu.ca/?p=restaurants&display=editRestaurant&restaurant=825&load=menu&showLang=en
[2025-12-10 13:08:14] [INFO] Found 0 combo dishes
[2025-12-10 13:08:14] [INFO] No combo dishes found for restaurant 602
[2025-12-10 13:08:14] [INFO] Results for Papa Pizza Cantley:
[2025-12-10 13:08:14] [INFO]   - Dishes processed: 0
[2025-12-10 13:08:14] [INFO]   - Combo links created: 0
[2025-12-10 13:08:14] [INFO]   - Hide days set: 0
[2025-12-10 13:08:14] [INFO]   - Drinks modifiers: 0
[2025-12-10 13:08:14] [INFO] ============================================================
[2025-12-10 13:08:14] [INFO] Processing: Aroy Thai (V3: 607, V1: 830)
[2025-12-10 13:08:14] [INFO] ============================================================
[2025-12-10 13:08:14] [INFO] Navigating to menu: https://menuadmin.menu.ca/?p=restaurants&display=editRestaurant&restaurant=830&load=menu&showLang=en
[2025-12-10 13:08:18] [INFO] Found 0 combo dishes
[2025-12-10 13:08:18] [INFO] No combo dishes found for restaurant 607
[2025-12-10 13:08:18] [INFO] Results for Aroy Thai:
[2025-12-10 13:08:18] [INFO]   - Dishes processed: 0
[2025-12-10 13:08:18] [INFO]   - Combo links created: 0
[2025-12-10 13:08:18] [INFO]   - Hide days set: 0
[2025-12-10 13:08:18] [INFO]   - Drinks modifiers: 0
[2025-12-10 13:08:18] [INFO] ============================================================
[2025-12-10 13:08:18] [INFO] Processing: Marina Pizza des Flandres  (V3: 614, V1: 838)
[2025-12-10 13:08:18] [INFO] ============================================================
[2025-12-10 13:08:18] [INFO] Navigating to menu: https://menuadmin.menu.ca/?p=restaurants&display=editRestaurant&restaurant=838&load=menu&showLang=en
[2025-12-10 13:08:22] [INFO] Found 0 combo dishes
[2025-12-10 13:08:22] [INFO] No combo dishes found for restaurant 614
[2025-12-10 13:08:22] [INFO] Results for Marina Pizza des Flandres :
[2025-12-10 13:08:22] [INFO]   - Dishes processed: 0
[2025-12-10 13:08:22] [INFO]   - Combo links created: 0
[2025-12-10 13:08:22] [INFO]   - Hide days set: 0
[2025-12-10 13:08:22] [INFO]   - Drinks modifiers: 0
[2025-12-10 13:08:22] [INFO] ============================================================
[2025-12-10 13:08:22] [INFO] Processing: Papa Grecque Maloney  (V3: 616, V1: 840)
[2025-12-10 13:08:22] [INFO] ============================================================
[2025-12-10 13:08:22] [INFO] Navigating to menu: https://menuadmin.menu.ca/?p=restaurants&display=editRestaurant&restaurant=840&load=menu&showLang=en
[2025-12-10 13:08:26] [INFO] Found 0 combo dishes
[2025-12-10 13:08:26] [INFO] No combo dishes found for restaurant 616
[2025-12-10 13:08:26] [INFO] Results for Papa Grecque Maloney :
[2025-12-10 13:08:26] [INFO]   - Dishes processed: 0
[2025-12-10 13:08:26] [INFO]   - Combo links created: 0
[2025-12-10 13:08:26] [INFO]   - Hide days set: 0
[2025-12-10 13:08:26] [INFO]   - Drinks modifiers: 0
[2025-12-10 13:08:26] [INFO] ============================================================
[2025-12-10 13:08:26] [INFO] Processing: Milano (V3: 624, V1: 850)
[2025-12-10 13:08:26] [INFO] ============================================================
[2025-12-10 13:08:26] [INFO] Navigating to menu: https://menuadmin.menu.ca/?p=restaurants&display=editRestaurant&restaurant=850&load=menu&showLang=en
[2025-12-10 13:08:31] [INFO] Found 12 combo dishes
[2025-12-10 13:08:31] [INFO] Processing combo dish: The Perfect Combo Deal with PopCurds (combo_id=113147)
[2025-12-10 13:08:31] [INFO] Navigating to combo dish: https://menuadmin.menu.ca/?p=restaurants&display=editRestaurant&restaurant=850&load=editCombo&showLang=en&combo=113147
[2025-12-10 13:08:35] [INFO] Processing combo dish: 2 Pizza Deal 1 Topping (combo_id=97973)
[2025-12-10 13:08:35] [INFO] Navigating to combo dish: https://menuadmin.menu.ca/?p=restaurants&display=editRestaurant&restaurant=850&load=editCombo&showLang=en&combo=97973
[2025-12-10 13:08:39] [INFO] Processing combo dish: 2 Pizza Deal 2 Toppings (combo_id=97974)
[2025-12-10 13:08:39] [INFO] Navigating to combo dish: https://menuadmin.menu.ca/?p=restaurants&display=editRestaurant&restaurant=850&load=editCombo&showLang=en&combo=97974
[2025-12-10 13:08:42] [INFO] Processing combo dish: 2 Pizza Deal 3 Toppings (combo_id=97975)
[2025-12-10 13:08:42] [INFO] Navigating to combo dish: https://menuadmin.menu.ca/?p=restaurants&display=editRestaurant&restaurant=850&load=editCombo&showLang=en&combo=97975
[2025-12-10 13:08:46] [INFO] Processing combo dish: The Perfect Combo Deal with PopCurds (combo_id=97972)
[2025-12-10 13:08:46] [INFO] Navigating to combo dish: https://menuadmin.menu.ca/?p=restaurants&display=editRestaurant&restaurant=850&load=editCombo&showLang=en&combo=97972
[2025-12-10 13:08:50] [INFO] Processing combo dish: Large Pizza Deal (combo_id=94127)
[2025-12-10 13:08:50] [INFO] Navigating to combo dish: https://menuadmin.menu.ca/?p=restaurants&display=editRestaurant&restaurant=850&load=editCombo&showLang=en&combo=94127
[2025-12-10 13:08:55] [INFO] Processing combo dish: Medium Pizza Deal (combo_id=94128)
[2025-12-10 13:08:55] [INFO] Navigating to combo dish: https://menuadmin.menu.ca/?p=restaurants&display=editRestaurant&restaurant=850&load=editCombo&showLang=en&combo=94128
[2025-12-10 13:08:59] [INFO] Processing combo dish: 2 Large Donairs Special (combo_id=124946)
[2025-12-10 13:08:59] [INFO] Navigating to combo dish: https://menuadmin.menu.ca/?p=restaurants&display=editRestaurant&restaurant=850&load=editCombo&showLang=en&combo=124946
[2025-12-10 13:09:02] [INFO] Processing combo dish: 2 Large Shawarma Special (combo_id=124947)
[2025-12-10 13:09:02] [INFO] Navigating to combo dish: https://menuadmin.menu.ca/?p=restaurants&display=editRestaurant&restaurant=850&load=editCombo&showLang=en&combo=124947
[2025-12-10 13:09:04] [INFO] Processing combo dish: 1 Topping Pizza HIDE (combo_id=85841)
[2025-12-10 13:09:04] [INFO] Navigating to combo dish: https://menuadmin.menu.ca/?p=restaurants&display=editRestaurant&restaurant=850&load=editCombo&showLang=en&combo=85841
[2025-12-10 13:09:08] [INFO] Processing combo dish: 2 Toppings Pizza HIDE (combo_id=85842)
[2025-12-10 13:09:08] [INFO] Navigating to combo dish: https://menuadmin.menu.ca/?p=restaurants&display=editRestaurant&restaurant=850&load=editCombo&showLang=en&combo=85842
[2025-12-10 13:09:12] [INFO] Processing combo dish: 3 Toppings Pizza HIDE (combo_id=122504)
[2025-12-10 13:09:12] [INFO] Navigating to combo dish: https://menuadmin.menu.ca/?p=restaurants&display=editRestaurant&restaurant=850&load=editCombo&showLang=en&combo=122504
[2025-12-10 13:09:16] [INFO] Results for Milano:
[2025-12-10 13:09:16] [INFO]   - Dishes processed: 12
[2025-12-10 13:09:16] [INFO]   - Combo links created: 54
[2025-12-10 13:09:16] [INFO]   - Hide days set: 0
[2025-12-10 13:09:16] [INFO]   - Drinks modifiers: 28
[2025-12-10 13:09:16] [INFO] ============================================================
[2025-12-10 13:09:16] [INFO] Processing: Asia Garden Ottawa (V3: 630, V1: 856)
[2025-12-10 13:09:16] [INFO] ============================================================
[2025-12-10 13:09:16] [INFO] Navigating to menu: https://menuadmin.menu.ca/?p=restaurants&display=editRestaurant&restaurant=856&load=menu&showLang=en
[2025-12-10 13:09:20] [INFO] Found 0 combo dishes
[2025-12-10 13:09:20] [INFO] No combo dishes found for restaurant 630
[2025-12-10 13:09:20] [INFO] Results for Asia Garden Ottawa:
[2025-12-10 13:09:20] [INFO]   - Dishes processed: 0
[2025-12-10 13:09:20] [INFO]   - Combo links created: 0
[2025-12-10 13:09:20] [INFO]   - Hide days set: 0
[2025-12-10 13:09:20] [INFO]   - Drinks modifiers: 0
[2025-12-10 13:09:20] [INFO] ============================================================
[2025-12-10 13:09:20] [INFO] Processing: Joes Family Pizzeria (V3: 636, V1: 863)
[2025-12-10 13:09:20] [INFO] ============================================================
[2025-12-10 13:09:20] [INFO] Navigating to menu: https://menuadmin.menu.ca/?p=restaurants&display=editRestaurant&restaurant=863&load=menu&showLang=en
[2025-12-10 13:09:25] [INFO] Found 73 combo dishes
[2025-12-10 13:09:25] [INFO] Processing combo dish: Spotlight Special Large Pizza (combo_id=124324)
[2025-12-10 13:09:25] [INFO] Navigating to combo dish: https://menuadmin.menu.ca/?p=restaurants&display=editRestaurant&restaurant=863&load=editCombo&showLang=en&combo=124324
[2025-12-10 13:09:26] [WARNING] Combo group not found: source_id=7562
[2025-12-10 13:09:27] [INFO] Processing combo dish: Moms Night Off (with Family fry and 10 pcs fried chicken) (combo_id=124003)
[2025-12-10 13:09:27] [INFO] Navigating to combo dish: https://menuadmin.menu.ca/?p=restaurants&display=editRestaurant&restaurant=863&load=editCombo&showLang=en&combo=124003
[2025-12-10 13:09:35] [INFO] Processing combo dish: Friday & Saturday Pizza Special HIDE (combo_id=122796)
[2025-12-10 13:09:35] [INFO] Navigating to combo dish: https://menuadmin.menu.ca/?p=restaurants&display=editRestaurant&restaurant=863&load=editCombo&showLang=en&combo=122796
[2025-12-10 13:09:37] [WARNING] Combo group not found: source_id=9187
[2025-12-10 13:09:38] [INFO] Processing combo dish: Joes Perfect Party Pack with Large Pizza and 5 Random Chocolate Bars HIDE (combo_id=123372)
[2025-12-10 13:09:38] [INFO] Navigating to combo dish: https://menuadmin.menu.ca/?p=restaurants&display=editRestaurant&restaurant=863&load=editCombo&showLang=en&combo=123372
[2025-12-10 13:09:40] [WARNING] Combo group not found: source_id=9261
[2025-12-10 13:09:40] [WARNING] Combo group not found: source_id=9262
[2025-12-10 13:09:46] [INFO] Processing combo dish: XL Cheese Pizza and 1 HALF PRICED Appetizer HIDE (combo_id=122804)
[2025-12-10 13:09:46] [INFO] Navigating to combo dish: https://menuadmin.menu.ca/?p=restaurants&display=editRestaurant&restaurant=863&load=editCombo&showLang=en&combo=122804
[2025-12-10 13:09:48] [WARNING] Combo group not found: source_id=9188
[2025-12-10 13:09:48] [WARNING] Combo group not found: source_id=9192
[2025-12-10 13:09:49] [INFO] Processing combo dish: XL Pizza 1 Topping and 1 HALF PRICED Appetizer HIDE (combo_id=122805)
[2025-12-10 13:09:49] [INFO] Navigating to combo dish: https://menuadmin.menu.ca/?p=restaurants&display=editRestaurant&restaurant=863&load=editCombo&showLang=en&combo=122805
[2025-12-10 13:09:51] [WARNING] Combo group not found: source_id=9189
[2025-12-10 13:09:51] [WARNING] Combo group not found: source_id=9192
[2025-12-10 13:09:52] [INFO] Processing combo dish: XL Pizza 2 Toppings and 1 HALF PRICED Appetizer HIDE (combo_id=122806)
[2025-12-10 13:09:52] [INFO] Navigating to combo dish: https://menuadmin.menu.ca/?p=restaurants&display=editRestaurant&restaurant=863&load=editCombo&showLang=en&combo=122806
[2025-12-10 13:09:54] [WARNING] Combo group not found: source_id=9190
[2025-12-10 13:09:54] [WARNING] Combo group not found: source_id=9192
[2025-12-10 13:09:56] [INFO] Processing combo dish: XL Pizza 3 Toppings and 1 HALF PRICED Appetizer HIDE (combo_id=122807)
[2025-12-10 13:09:56] [INFO] Navigating to combo dish: https://menuadmin.menu.ca/?p=restaurants&display=editRestaurant&restaurant=863&load=editCombo&showLang=en&combo=122807
[2025-12-10 13:09:57] [WARNING] Combo group not found: source_id=9191
[2025-12-10 13:09:57] [WARNING] Combo group not found: source_id=9192
[2025-12-10 13:09:59] [INFO] Processing combo dish: Thumping Thursdays Poutine HIDE (combo_id=122799)
[2025-12-10 13:09:59] [INFO] Navigating to combo dish: https://menuadmin.menu.ca/?p=restaurants&display=editRestaurant&restaurant=863&load=editCombo&showLang=en&combo=122799
[2025-12-10 13:10:00] [WARNING] Combo group not found: source_id=8597
[2025-12-10 13:10:00] [WARNING] Combo group not found: source_id=8598
[2025-12-10 13:10:02] [INFO] Processing combo dish: XL Cheese Pizza and 10 HALF PRICED Wings HIDE (combo_id=122800)
[2025-12-10 13:10:02] [INFO] Navigating to combo dish: https://menuadmin.menu.ca/?p=restaurants&display=editRestaurant&restaurant=863&load=editCombo&showLang=en&combo=122800
[2025-12-10 13:10:04] [WARNING] Combo group not found: source_id=9188
[2025-12-10 13:10:04] [WARNING] Combo group not found: source_id=9305
[2025-12-10 13:10:05] [INFO] Processing combo dish: XL Pizza 1 Topping and 10 HALF PRICED Wings HIDE (combo_id=122801)
[2025-12-10 13:10:05] [INFO] Navigating to combo dish: https://menuadmin.menu.ca/?p=restaurants&display=editRestaurant&restaurant=863&load=editCombo&showLang=en&combo=122801
[2025-12-10 13:10:07] [WARNING] Combo group not found: source_id=9189
[2025-12-10 13:10:07] [WARNING] Combo group not found: source_id=9305
[2025-12-10 13:10:09] [INFO] Processing combo dish: XL Pizza 2 Toppings and 10 HALF PRICED Wings HIDE (combo_id=122802)
[2025-12-10 13:10:09] [INFO] Navigating to combo dish: https://menuadmin.menu.ca/?p=restaurants&display=editRestaurant&restaurant=863&load=editCombo&showLang=en&combo=122802
[2025-12-10 13:10:10] [WARNING] Combo group not found: source_id=9190
[2025-12-10 13:10:10] [WARNING] Combo group not found: source_id=9305
[2025-12-10 13:10:12] [INFO] Processing combo dish: XL Pizza 3 Toppings and 10 HALF PRICED Wings HIDE (combo_id=122803)
[2025-12-10 13:10:12] [INFO] Navigating to combo dish: https://menuadmin.menu.ca/?p=restaurants&display=editRestaurant&restaurant=863&load=editCombo&showLang=en&combo=122803
[2025-12-10 13:10:13] [WARNING] Combo group not found: source_id=9191
[2025-12-10 13:10:13] [WARNING] Combo group not found: source_id=9305
[2025-12-10 13:10:15] [INFO] Processing combo dish: One 12 inch Medium Dough Ball HIDE (combo_id=106637)
[2025-12-10 13:10:15] [INFO] Navigating to combo dish: https://menuadmin.menu.ca/?p=restaurants&display=editRestaurant&restaurant=863&load=editCombo&showLang=en&combo=106637
[2025-12-10 13:10:17] [WARNING] Combo group not found: source_id=8186
[2025-12-10 13:10:17] [INFO] Processing combo dish: Keto Meal Deal - Cheese Pizza and Wings HIDE (combo_id=98896)
[2025-12-10 13:10:17] [INFO] Navigating to combo dish: https://menuadmin.menu.ca/?p=restaurants&display=editRestaurant&restaurant=863&load=editCombo&showLang=en&combo=98896
[2025-12-10 13:10:19] [WARNING] Combo group not found: source_id=7806
[2025-12-10 13:10:19] [WARNING] Combo group not found: source_id=7808
[2025-12-10 13:10:19] [WARNING] Combo group not found: source_id=7809
[2025-12-10 13:10:20] [INFO] Processing combo dish: Keto Meal Deal - Cheese Pizza and Large Salad HIDE (combo_id=98897)
[2025-12-10 13:10:20] [INFO] Navigating to combo dish: https://menuadmin.menu.ca/?p=restaurants&display=editRestaurant&restaurant=863&load=editCombo&showLang=en&combo=98897
[2025-12-10 13:10:22] [WARNING] Combo group not found: source_id=7806
[2025-12-10 13:10:22] [WARNING] Combo group not found: source_id=7807
[2025-12-10 13:10:22] [WARNING] Combo group not found: source_id=7809
[2025-12-10 13:10:23] [INFO] Processing combo dish: Keto Meal Deal - Cheese Pizza and Pork Rinds HIDE (combo_id=98898)
[2025-12-10 13:10:23] [INFO] Navigating to combo dish: https://menuadmin.menu.ca/?p=restaurants&display=editRestaurant&restaurant=863&load=editCombo&showLang=en&combo=98898
[2025-12-10 13:10:24] [WARNING] Combo group not found: source_id=7806
[2025-12-10 13:10:25] [WARNING] Combo group not found: source_id=7809
[2025-12-10 13:10:26] [INFO] Processing combo dish: Keto Meal Deal - Cheese Pizza and Pork Nachos HIDE (combo_id=98899)
[2025-12-10 13:10:26] [INFO] Navigating to combo dish: https://menuadmin.menu.ca/?p=restaurants&display=editRestaurant&restaurant=863&load=editCombo&showLang=en&combo=98899
[2025-12-10 13:10:27] [WARNING] Combo group not found: source_id=7806
[2025-12-10 13:10:27] [WARNING] Combo group not found: source_id=7809
[2025-12-10 13:10:27] [WARNING] Combo group not found: source_id=7810
[2025-12-10 13:10:29] [INFO] Processing combo dish: Team Specials HIDE (combo_id=96362)
[2025-12-10 13:10:29] [INFO] Navigating to combo dish: https://menuadmin.menu.ca/?p=restaurants&display=editRestaurant&restaurant=863&load=editCombo&showLang=en&combo=96362
[2025-12-10 13:10:30] [WARNING] Combo group not found: source_id=7521
[2025-12-10 13:10:31] [INFO] Processing combo dish: Team Specials (3 toppings pizzas) HIDE (combo_id=96363)
[2025-12-10 13:10:31] [INFO] Navigating to combo dish: https://menuadmin.menu.ca/?p=restaurants&display=editRestaurant&restaurant=863&load=editCombo&showLang=en&combo=96363
[2025-12-10 13:10:32] [WARNING] Combo group not found: source_id=7522
[2025-12-10 13:10:32] [WARNING] Combo group not found: source_id=7523
[2025-12-10 13:10:32] [WARNING] Combo group not found: source_id=7524
[2025-12-10 13:10:32] [WARNING] Combo group not found: source_id=7525
[2025-12-10 13:10:32] [WARNING] Combo group not found: source_id=7526
[2025-12-10 13:10:32] [WARNING] Combo group not found: source_id=7527
[2025-12-10 13:10:33] [INFO] Processing combo dish: Poutine (combo_id=113647)
[2025-12-10 13:10:33] [INFO] Navigating to combo dish: https://menuadmin.menu.ca/?p=restaurants&display=editRestaurant&restaurant=863&load=editCombo&showLang=en&combo=113647
[2025-12-10 13:10:34] [WARNING] Combo group not found: source_id=8597
[2025-12-10 13:10:34] [WARNING] Combo group not found: source_id=8598
[2025-12-10 13:10:35] [INFO] Processing combo dish: Medium Nacho Fries HIDE (combo_id=102056)
[2025-12-10 13:10:35] [INFO] Navigating to combo dish: https://menuadmin.menu.ca/?p=restaurants&display=editRestaurant&restaurant=863&load=editCombo&showLang=en&combo=102056
[2025-12-10 13:10:36] [WARNING] Combo group not found: source_id=8599
[2025-12-10 13:10:36] [WARNING] Combo group not found: source_id=8070
[2025-12-10 13:10:37] [WARNING] Combo group not found: source_id=8071
[2025-12-10 13:10:37] [WARNING] Combo group not found: source_id=8072
[2025-12-10 13:10:37] [WARNING] Combo group not found: source_id=8073
[2025-12-10 13:10:37] [INFO] Processing combo dish: Buffalo Popcorn Chicken Poutine (combo_id=141282)
[2025-12-10 13:10:37] [INFO] Navigating to combo dish: https://menuadmin.menu.ca/?p=restaurants&display=editRestaurant&restaurant=863&load=editCombo&showLang=en&combo=141282
[2025-12-10 13:10:39] [WARNING] Combo group not found: source_id=62720
[2025-12-10 13:10:39] [WARNING] Combo group not found: source_id=62721
[2025-12-10 13:10:39] [WARNING] Combo group not found: source_id=62723
[2025-12-10 13:10:39] [WARNING] Combo group not found: source_id=62722
[2025-12-10 13:10:39] [INFO] Processing combo dish: Dilly Poutine (combo_id=141283)
[2025-12-10 13:10:39] [INFO] Navigating to combo dish: https://menuadmin.menu.ca/?p=restaurants&display=editRestaurant&restaurant=863&load=editCombo&showLang=en&combo=141283
[2025-12-10 13:10:41] [WARNING] Combo group not found: source_id=62720
[2025-12-10 13:10:41] [WARNING] Combo group not found: source_id=62721
[2025-12-10 13:10:41] [INFO] Processing combo dish: Chili Cheese Fries (combo_id=141284)
[2025-12-10 13:10:41] [INFO] Navigating to combo dish: https://menuadmin.menu.ca/?p=restaurants&display=editRestaurant&restaurant=863&load=editCombo&showLang=en&combo=141284
[2025-12-10 13:10:43] [WARNING] Combo group not found: source_id=62720
[2025-12-10 13:10:43] [INFO] Processing combo dish: Butter Chicken Poutine (combo_id=141285)
[2025-12-10 13:10:43] [INFO] Navigating to combo dish: https://menuadmin.menu.ca/?p=restaurants&display=editRestaurant&restaurant=863&load=editCombo&showLang=en&combo=141285
[2025-12-10 13:10:45] [WARNING] Combo group not found: source_id=62720
[2025-12-10 13:10:45] [WARNING] Combo group not found: source_id=62721
[2025-12-10 13:10:45] [INFO] Processing combo dish: East Coast Donair Poutine (combo_id=141286)
[2025-12-10 13:10:45] [INFO] Navigating to combo dish: https://menuadmin.menu.ca/?p=restaurants&display=editRestaurant&restaurant=863&load=editCombo&showLang=en&combo=141286
[2025-12-10 13:10:47] [WARNING] Combo group not found: source_id=62720
[2025-12-10 13:10:47] [WARNING] Combo group not found: source_id=62721
[2025-12-10 13:10:47] [INFO] Processing combo dish: Cup and Char Pepperoni with Hot Honey Poutine (combo_id=141287)
[2025-12-10 13:10:47] [INFO] Navigating to combo dish: https://menuadmin.menu.ca/?p=restaurants&display=editRestaurant&restaurant=863&load=editCombo&showLang=en&combo=141287
[2025-12-10 13:10:49] [WARNING] Combo group not found: source_id=62720
[2025-12-10 13:10:49] [WARNING] Combo group not found: source_id=62721
[2025-12-10 13:10:49] [INFO] Processing combo dish: Ultimate Bacon Poutine (combo_id=141288)
[2025-12-10 13:10:49] [INFO] Navigating to combo dish: https://menuadmin.menu.ca/?p=restaurants&display=editRestaurant&restaurant=863&load=editCombo&showLang=en&combo=141288
[2025-12-10 13:10:51] [WARNING] Combo group not found: source_id=62720
[2025-12-10 13:10:51] [WARNING] Combo group not found: source_id=62721
[2025-12-10 13:10:52] [INFO] Processing combo dish: BBQ Bacon Cheese Burger Poutine (combo_id=141289)
[2025-12-10 13:10:52] [INFO] Navigating to combo dish: https://menuadmin.menu.ca/?p=restaurants&display=editRestaurant&restaurant=863&load=editCombo&showLang=en&combo=141289
[2025-12-10 13:10:53] [WARNING] Combo group not found: source_id=62720
[2025-12-10 13:10:54] [INFO] Processing combo dish: Fish & Chips (combo_id=115909)
[2025-12-10 13:10:54] [INFO] Navigating to combo dish: https://menuadmin.menu.ca/?p=restaurants&display=editRestaurant&restaurant=863&load=editCombo&showLang=en&combo=115909
[2025-12-10 13:10:55] [WARNING] Combo group not found: source_id=8729
[2025-12-10 13:11:01] [INFO] Processing combo dish: Fish & Chips with Poutine HIDE (combo_id=115910)
[2025-12-10 13:11:01] [INFO] Navigating to combo dish: https://menuadmin.menu.ca/?p=restaurants&display=editRestaurant&restaurant=863&load=editCombo&showLang=en&combo=115910
[2025-12-10 13:11:02] [WARNING] Combo group not found: source_id=8597
[2025-12-10 13:11:03] [WARNING] Combo group not found: source_id=8730
[2025-12-10 13:11:03] [INFO] Processing combo dish: Fish & Chips Special HIDE (combo_id=117654)
[2025-12-10 13:11:03] [INFO] Navigating to combo dish: https://menuadmin.menu.ca/?p=restaurants&display=editRestaurant&restaurant=863&load=editCombo&showLang=en&combo=117654
[2025-12-10 13:11:05] [WARNING] Combo group not found: source_id=8729
[2025-12-10 13:11:05] [WARNING] Combo group not found: source_id=8730
[2025-12-10 13:11:05] [WARNING] Combo group not found: source_id=8861
[2025-12-10 13:11:07] [INFO] Processing combo dish: Fish & Chips Special with Poutine HIDE (combo_id=117655)
[2025-12-10 13:11:07] [INFO] Navigating to combo dish: https://menuadmin.menu.ca/?p=restaurants&display=editRestaurant&restaurant=863&load=editCombo&showLang=en&combo=117655
[2025-12-10 13:11:08] [WARNING] Combo group not found: source_id=8597
[2025-12-10 13:11:08] [WARNING] Combo group not found: source_id=8730
[2025-12-10 13:11:08] [WARNING] Combo group not found: source_id=8861
[2025-12-10 13:11:10] [INFO] Processing combo dish: Steak Sub with Small Poutine & Drink HIDE (combo_id=93085)
[2025-12-10 13:11:10] [INFO] Navigating to combo dish: https://menuadmin.menu.ca/?p=restaurants&display=editRestaurant&restaurant=863&load=editCombo&showLang=en&combo=93085
[2025-12-10 13:11:12] [WARNING] Combo group not found: source_id=8597
[2025-12-10 13:11:12] [WARNING] Combo group not found: source_id=8635
[2025-12-10 13:11:17] [INFO] Processing combo dish: Italian Sausage and Meatball Sub with Small Poutine & Drink HIDE (combo_id=93086)
[2025-12-10 13:11:17] [INFO] Navigating to combo dish: https://menuadmin.menu.ca/?p=restaurants&display=editRestaurant&restaurant=863&load=editCombo&showLang=en&combo=93086
[2025-12-10 13:11:19] [WARNING] Combo group not found: source_id=8597
[2025-12-10 13:11:19] [WARNING] Combo group not found: source_id=8635
[2025-12-10 13:11:25] [INFO] Processing combo dish: Pizza Sub with Small Poutine & Drink HIDE (combo_id=93087)
[2025-12-10 13:11:25] [INFO] Navigating to combo dish: https://menuadmin.menu.ca/?p=restaurants&display=editRestaurant&restaurant=863&load=editCombo&showLang=en&combo=93087
[2025-12-10 13:11:26] [WARNING] Combo group not found: source_id=8597
[2025-12-10 13:11:26] [WARNING] Combo group not found: source_id=8635
[2025-12-10 13:11:32] [INFO] Processing combo dish: Chicken Parmesam Sub with Small Poutine & Drink HIDE (combo_id=93088)
[2025-12-10 13:11:32] [INFO] Navigating to combo dish: https://menuadmin.menu.ca/?p=restaurants&display=editRestaurant&restaurant=863&load=editCombo&showLang=en&combo=93088
[2025-12-10 13:11:34] [WARNING] Combo group not found: source_id=8597
[2025-12-10 13:11:34] [WARNING] Combo group not found: source_id=8635
[2025-12-10 13:11:40] [INFO] Processing combo dish: Crispy Chicken and Bacon Wrap with Small Poutine & Drink HIDE (combo_id=93089)
[2025-12-10 13:11:40] [INFO] Navigating to combo dish: https://menuadmin.menu.ca/?p=restaurants&display=editRestaurant&restaurant=863&load=editCombo&showLang=en&combo=93089
[2025-12-10 13:11:42] [WARNING] Combo group not found: source_id=7256
[2025-12-10 13:11:42] [WARNING] Combo group not found: source_id=8597
[2025-12-10 13:11:42] [WARNING] Combo group not found: source_id=8635
[2025-12-10 13:11:47] [INFO] Processing combo dish: Joes Donair Wrap with Small Poutine & Drink HIDE (combo_id=93090)
[2025-12-10 13:11:47] [INFO] Navigating to combo dish: https://menuadmin.menu.ca/?p=restaurants&display=editRestaurant&restaurant=863&load=editCombo&showLang=en&combo=93090
[2025-12-10 13:11:49] [WARNING] Combo group not found: source_id=7257
[2025-12-10 13:11:49] [WARNING] Combo group not found: source_id=8597
[2025-12-10 13:11:49] [WARNING] Combo group not found: source_id=8635
[2025-12-10 13:11:55] [INFO] Processing combo dish: Cup & Char Pepperoni Pizza HIDE (combo_id=124874)
[2025-12-10 13:11:55] [INFO] Navigating to combo dish: https://menuadmin.menu.ca/?p=restaurants&display=editRestaurant&restaurant=863&load=editCombo&showLang=en&combo=124874
[2025-12-10 13:11:56] [WARNING] Combo group not found: source_id=9361
[2025-12-10 13:11:56] [WARNING] Combo group not found: source_id=9362
[2025-12-10 13:11:57] [INFO] Processing combo dish: Pepperoni Lovers Pizza HIDE (combo_id=124875)
[2025-12-10 13:11:57] [INFO] Navigating to combo dish: https://menuadmin.menu.ca/?p=restaurants&display=editRestaurant&restaurant=863&load=editCombo&showLang=en&combo=124875
[2025-12-10 13:11:59] [WARNING] Combo group not found: source_id=9361
[2025-12-10 13:11:59] [WARNING] Combo group not found: source_id=9362
[2025-12-10 13:12:00] [INFO] Processing combo dish: Whitewater Pie HIDE (combo_id=124876)
[2025-12-10 13:12:00] [INFO] Navigating to combo dish: https://menuadmin.menu.ca/?p=restaurants&display=editRestaurant&restaurant=863&load=editCombo&showLang=en&combo=124876
[2025-12-10 13:12:02] [WARNING] Combo group not found: source_id=9361
[2025-12-10 13:12:02] [WARNING] Combo group not found: source_id=9362
[2025-12-10 13:12:03] [INFO] Processing combo dish: Plain Pizza HIDE (combo_id=124877)
[2025-12-10 13:12:03] [INFO] Navigating to combo dish: https://menuadmin.menu.ca/?p=restaurants&display=editRestaurant&restaurant=863&load=editCombo&showLang=en&combo=124877
[2025-12-10 13:12:04] [WARNING] Combo group not found: source_id=9361
[2025-12-10 13:12:04] [WARNING] Combo group not found: source_id=9362
[2025-12-10 13:12:06] [INFO] Processing combo dish: 1 Topping Pizza HIDE (combo_id=124878)
[2025-12-10 13:12:06] [INFO] Navigating to combo dish: https://menuadmin.menu.ca/?p=restaurants&display=editRestaurant&restaurant=863&load=editCombo&showLang=en&combo=124878
[2025-12-10 13:12:07] [WARNING] Combo group not found: source_id=9362
[2025-12-10 13:12:08] [INFO] Processing combo dish: 3 Toppings Pizza HIDE (combo_id=124879)
[2025-12-10 13:12:08] [INFO] Navigating to combo dish: https://menuadmin.menu.ca/?p=restaurants&display=editRestaurant&restaurant=863&load=editCombo&showLang=en&combo=124879
[2025-12-10 13:12:10] [WARNING] Combo group not found: source_id=7420
[2025-12-10 13:12:10] [WARNING] Combo group not found: source_id=9362
[2025-12-10 13:12:11] [INFO] Processing combo dish: Chicken Bruschetta Pizza HIDE (combo_id=124880)
[2025-12-10 13:12:11] [INFO] Navigating to combo dish: https://menuadmin.menu.ca/?p=restaurants&display=editRestaurant&restaurant=863&load=editCombo&showLang=en&combo=124880
[2025-12-10 13:12:13] [WARNING] Combo group not found: source_id=9361
[2025-12-10 13:12:13] [WARNING] Combo group not found: source_id=9362
[2025-12-10 13:12:14] [INFO] Processing combo dish: The Carnivore HIDE (combo_id=124881)
[2025-12-10 13:12:14] [INFO] Navigating to combo dish: https://menuadmin.menu.ca/?p=restaurants&display=editRestaurant&restaurant=863&load=editCombo&showLang=en&combo=124881
[2025-12-10 13:12:15] [WARNING] Combo group not found: source_id=9361
[2025-12-10 13:12:15] [WARNING] Combo group not found: source_id=9362
[2025-12-10 13:12:17] [INFO] Processing combo dish: Combo Pizza HIDE (combo_id=124882)
[2025-12-10 13:12:17] [INFO] Navigating to combo dish: https://menuadmin.menu.ca/?p=restaurants&display=editRestaurant&restaurant=863&load=editCombo&showLang=en&combo=124882
[2025-12-10 13:12:18] [WARNING] Combo group not found: source_id=9361
[2025-12-10 13:12:18] [WARNING] Combo group not found: source_id=9362
[2025-12-10 13:12:19] [INFO] Processing combo dish: Canadian HIDE (combo_id=124883)
[2025-12-10 13:12:19] [INFO] Navigating to combo dish: https://menuadmin.menu.ca/?p=restaurants&display=editRestaurant&restaurant=863&load=editCombo&showLang=en&combo=124883
[2025-12-10 13:12:21] [WARNING] Combo group not found: source_id=9361
[2025-12-10 13:12:21] [WARNING] Combo group not found: source_id=9362
[2025-12-10 13:12:22] [INFO] Processing combo dish: Deluxe HIDE (combo_id=124884)
[2025-12-10 13:12:22] [INFO] Navigating to combo dish: https://menuadmin.menu.ca/?p=restaurants&display=editRestaurant&restaurant=863&load=editCombo&showLang=en&combo=124884
[2025-12-10 13:12:23] [WARNING] Combo group not found: source_id=9361
[2025-12-10 13:12:23] [WARNING] Combo group not found: source_id=9362
[2025-12-10 13:12:25] [INFO] Processing combo dish: Hawaiian HIDE (combo_id=124885)
[2025-12-10 13:12:25] [INFO] Navigating to combo dish: https://menuadmin.menu.ca/?p=restaurants&display=editRestaurant&restaurant=863&load=editCombo&showLang=en&combo=124885
[2025-12-10 13:12:26] [WARNING] Combo group not found: source_id=9361
[2025-12-10 13:12:26] [WARNING] Combo group not found: source_id=9362
[2025-12-10 13:12:27] [INFO] Processing combo dish: Vegetarian HIDE (combo_id=124886)
[2025-12-10 13:12:27] [INFO] Navigating to combo dish: https://menuadmin.menu.ca/?p=restaurants&display=editRestaurant&restaurant=863&load=editCombo&showLang=en&combo=124886
[2025-12-10 13:12:29] [WARNING] Combo group not found: source_id=9361
[2025-12-10 13:12:29] [WARNING] Combo group not found: source_id=9362
[2025-12-10 13:12:30] [INFO] Processing combo dish: Rita HIDE (combo_id=124887)
[2025-12-10 13:12:30] [INFO] Navigating to combo dish: https://menuadmin.menu.ca/?p=restaurants&display=editRestaurant&restaurant=863&load=editCombo&showLang=en&combo=124887
[2025-12-10 13:12:31] [WARNING] Combo group not found: source_id=9361
[2025-12-10 13:12:32] [WARNING] Combo group not found: source_id=9362
[2025-12-10 13:12:33] [INFO] Processing combo dish: Sweet & Spicy HIDE (combo_id=124888)
[2025-12-10 13:12:33] [INFO] Navigating to combo dish: https://menuadmin.menu.ca/?p=restaurants&display=editRestaurant&restaurant=863&load=editCombo&showLang=en&combo=124888
[2025-12-10 13:12:34] [WARNING] Combo group not found: source_id=9361
[2025-12-10 13:12:34] [WARNING] Combo group not found: source_id=9362
[2025-12-10 13:12:35] [INFO] Processing combo dish: Meat Lovers HIDE (combo_id=124889)
[2025-12-10 13:12:35] [INFO] Navigating to combo dish: https://menuadmin.menu.ca/?p=restaurants&display=editRestaurant&restaurant=863&load=editCombo&showLang=en&combo=124889
[2025-12-10 13:12:37] [WARNING] Combo group not found: source_id=9361
[2025-12-10 13:12:37] [WARNING] Combo group not found: source_id=9362
[2025-12-10 13:12:38] [INFO] Processing combo dish: Big Joe Mufferaw HIDE (combo_id=124890)
[2025-12-10 13:12:38] [INFO] Navigating to combo dish: https://menuadmin.menu.ca/?p=restaurants&display=editRestaurant&restaurant=863&load=editCombo&showLang=en&combo=124890
[2025-12-10 13:12:40] [WARNING] Combo group not found: source_id=9361
[2025-12-10 13:12:40] [WARNING] Combo group not found: source_id=9362
[2025-12-10 13:12:41] [INFO] Processing combo dish: Cindy's BBQ Chicken HIDE (combo_id=124891)
[2025-12-10 13:12:41] [INFO] Navigating to combo dish: https://menuadmin.menu.ca/?p=restaurants&display=editRestaurant&restaurant=863&load=editCombo&showLang=en&combo=124891
[2025-12-10 13:12:42] [WARNING] Combo group not found: source_id=9361
[2025-12-10 13:12:42] [WARNING] Combo group not found: source_id=9362
[2025-12-10 13:12:43] [INFO] Processing combo dish: 1 Topping Pizza (combo_id=87139)
[2025-12-10 13:12:43] [INFO] Navigating to combo dish: https://menuadmin.menu.ca/?p=restaurants&display=editRestaurant&restaurant=863&load=editCombo&showLang=en&combo=87139
[2025-12-10 13:12:46] [INFO] Processing combo dish: 2 Toppings Pizza HIDE (combo_id=88165)
[2025-12-10 13:12:46] [INFO] Navigating to combo dish: https://menuadmin.menu.ca/?p=restaurants&display=editRestaurant&restaurant=863&load=editCombo&showLang=en&combo=88165
[2025-12-10 13:12:48] [INFO] Processing combo dish: 3 Toppings Pizza (combo_id=94421)
[2025-12-10 13:12:48] [INFO] Navigating to combo dish: https://menuadmin.menu.ca/?p=restaurants&display=editRestaurant&restaurant=863&load=editCombo&showLang=en&combo=94421
[2025-12-10 13:12:49] [WARNING] Combo group not found: source_id=7420
[2025-12-10 13:12:50] [INFO] Processing combo dish: Mom's Night Off with 10 pcs Fried Chicken HIDE (combo_id=91453)
[2025-12-10 13:12:50] [INFO] Navigating to combo dish: https://menuadmin.menu.ca/?p=restaurants&display=editRestaurant&restaurant=863&load=editCombo&showLang=en&combo=91453
[2025-12-10 13:12:56] [INFO] Processing combo dish: Drumstick Meal with Small Poutine & Drink HIDE (combo_id=93692)
[2025-12-10 13:12:56] [INFO] Navigating to combo dish: https://menuadmin.menu.ca/?p=restaurants&display=editRestaurant&restaurant=863&load=editCombo&showLang=en&combo=93692
[2025-12-10 13:13:02] [INFO] Processing combo dish: 1-2-3 Special HIDE (combo_id=91424)
[2025-12-10 13:13:02] [INFO] Navigating to combo dish: https://menuadmin.menu.ca/?p=restaurants&display=editRestaurant&restaurant=863&load=editCombo&showLang=en&combo=91424
[2025-12-10 13:13:05] [INFO] Processing combo dish: X-Large Pizza & Poutine Deal HIDE (combo_id=122851)
[2025-12-10 13:13:05] [INFO] Navigating to combo dish: https://menuadmin.menu.ca/?p=restaurants&display=editRestaurant&restaurant=863&load=editCombo&showLang=en&combo=122851
[2025-12-10 13:13:06] [WARNING] Combo group not found: source_id=9193
[2025-12-10 13:13:06] [WARNING] Combo group not found: source_id=8597
[2025-12-10 13:13:07] [WARNING] Combo group not found: source_id=8638
[2025-12-10 13:13:12] [INFO] Processing combo dish: Halle's Special HIDE (combo_id=96521)
[2025-12-10 13:13:12] [INFO] Navigating to combo dish: https://menuadmin.menu.ca/?p=restaurants&display=editRestaurant&restaurant=863&load=editCombo&showLang=en&combo=96521
[2025-12-10 13:13:14] [WARNING] Combo group not found: source_id=7561
[2025-12-10 13:13:18] [INFO] Processing combo dish: Kayla's Special HIDE (combo_id=96522)
[2025-12-10 13:13:18] [INFO] Navigating to combo dish: https://menuadmin.menu.ca/?p=restaurants&display=editRestaurant&restaurant=863&load=editCombo&showLang=en&combo=96522
[2025-12-10 13:13:20] [WARNING] Combo group not found: source_id=7562
[2025-12-10 13:13:20] [WARNING] Combo group not found: source_id=8597
[2025-12-10 13:13:20] [WARNING] Combo group not found: source_id=8638
[2025-12-10 13:13:24] [INFO] Processing combo dish: Joey's Special HIDE (combo_id=96523)
[2025-12-10 13:13:24] [INFO] Navigating to combo dish: https://menuadmin.menu.ca/?p=restaurants&display=editRestaurant&restaurant=863&load=editCombo&showLang=en&combo=96523
[2025-12-10 13:13:25] [WARNING] Combo group not found: source_id=8643
[2025-12-10 13:13:30] [INFO] Processing combo dish: Two Pizzas 3 Toppings HIDE (combo_id=87799)
[2025-12-10 13:13:30] [INFO] Navigating to combo dish: https://menuadmin.menu.ca/?p=restaurants&display=editRestaurant&restaurant=863&load=editCombo&showLang=en&combo=87799
[2025-12-10 13:13:32] [WARNING] Combo group not found: source_id=7287
[2025-12-10 13:13:36] [INFO] Processing combo dish: Medium Pizza & Poutine Deal HIDE (combo_id=91435)
[2025-12-10 13:13:36] [INFO] Navigating to combo dish: https://menuadmin.menu.ca/?p=restaurants&display=editRestaurant&restaurant=863&load=editCombo&showLang=en&combo=91435
[2025-12-10 13:13:37] [WARNING] Combo group not found: source_id=8597
[2025-12-10 13:13:37] [WARNING] Combo group not found: source_id=8636
[2025-12-10 13:13:42] [INFO] Processing combo dish: Large Pizza & Poutine Deal HIDE (combo_id=91436)
[2025-12-10 13:13:42] [INFO] Navigating to combo dish: https://menuadmin.menu.ca/?p=restaurants&display=editRestaurant&restaurant=863&load=editCombo&showLang=en&combo=91436
[2025-12-10 13:13:43] [WARNING] Combo group not found: source_id=8597
[2025-12-10 13:13:43] [WARNING] Combo group not found: source_id=8637
[2025-12-10 13:13:48] [INFO] Processing combo dish: Wing Boy HIDE (combo_id=91454)
[2025-12-10 13:13:48] [INFO] Navigating to combo dish: https://menuadmin.menu.ca/?p=restaurants&display=editRestaurant&restaurant=863&load=editCombo&showLang=en&combo=91454
[2025-12-10 13:13:49] [WARNING] Combo group not found: source_id=9305
[2025-12-10 13:13:54] [INFO] Processing combo dish: Wing Man HIDE (combo_id=91455)
[2025-12-10 13:13:54] [INFO] Navigating to combo dish: https://menuadmin.menu.ca/?p=restaurants&display=editRestaurant&restaurant=863&load=editCombo&showLang=en&combo=91455
[2025-12-10 13:13:55] [WARNING] Combo group not found: source_id=9305
[2025-12-10 13:13:59] [INFO] Results for Joes Family Pizzeria:
[2025-12-10 13:13:59] [INFO]   - Dishes processed: 73
[2025-12-10 13:13:59] [INFO]   - Combo links created: 33
[2025-12-10 13:13:59] [INFO]   - Hide days set: 132
[2025-12-10 13:13:59] [INFO]   - Drinks modifiers: 244
[2025-12-10 13:13:59] [INFO] ============================================================
[2025-12-10 13:13:59] [INFO] Processing: Digby's Restaurant (V3: 638, V1: 865)
[2025-12-10 13:13:59] [INFO] ============================================================
[2025-12-10 13:13:59] [INFO] Navigating to menu: https://menuadmin.menu.ca/?p=restaurants&display=editRestaurant&restaurant=865&load=menu&showLang=en
[2025-12-10 13:14:03] [INFO] Found 0 combo dishes
[2025-12-10 13:14:03] [INFO] No combo dishes found for restaurant 638
[2025-12-10 13:14:03] [INFO] Results for Digby's Restaurant:
[2025-12-10 13:14:03] [INFO]   - Dishes processed: 0
[2025-12-10 13:14:03] [INFO]   - Combo links created: 0
[2025-12-10 13:14:03] [INFO]   - Hide days set: 0
[2025-12-10 13:14:03] [INFO]   - Drinks modifiers: 0
[2025-12-10 13:14:03] [INFO] ============================================================
[2025-12-10 13:14:03] [INFO] Processing: China Moon (V3: 641, V1: 869)
[2025-12-10 13:14:03] [INFO] ============================================================
[2025-12-10 13:14:03] [INFO] Navigating to menu: https://menuadmin.menu.ca/?p=restaurants&display=editRestaurant&restaurant=869&load=menu&showLang=en
[2025-12-10 13:14:08] [INFO] Found 0 combo dishes
[2025-12-10 13:14:08] [INFO] No combo dishes found for restaurant 641
[2025-12-10 13:14:08] [INFO] Results for China Moon:
[2025-12-10 13:14:08] [INFO]   - Dishes processed: 0
[2025-12-10 13:14:08] [INFO]   - Combo links created: 0
[2025-12-10 13:14:08] [INFO]   - Hide days set: 0
[2025-12-10 13:14:08] [INFO]   - Drinks modifiers: 0
[2025-12-10 13:14:08] [INFO] ============================================================
[2025-12-10 13:14:08] [INFO] Processing: Mozza Pizza Hull (V3: 644, V1: 872)
[2025-12-10 13:14:08] [INFO] ============================================================
[2025-12-10 13:14:08] [INFO] Navigating to menu: https://menuadmin.menu.ca/?p=restaurants&display=editRestaurant&restaurant=872&load=menu&showLang=en
[2025-12-10 13:14:12] [INFO] Found 0 combo dishes
[2025-12-10 13:14:12] [INFO] No combo dishes found for restaurant 644
[2025-12-10 13:14:12] [INFO] Results for Mozza Pizza Hull:
[2025-12-10 13:14:12] [INFO]   - Dishes processed: 0
[2025-12-10 13:14:12] [INFO]   - Combo links created: 0
[2025-12-10 13:14:12] [INFO]   - Hide days set: 0
[2025-12-10 13:14:12] [INFO]   - Drinks modifiers: 0
[2025-12-10 13:14:12] [INFO] ============================================================
[2025-12-10 13:14:12] [INFO] Processing: JC Royal Thai Cuisine (V3: 646, V1: 874)
[2025-12-10 13:14:12] [INFO] ============================================================
[2025-12-10 13:14:12] [INFO] Navigating to menu: https://menuadmin.menu.ca/?p=restaurants&display=editRestaurant&restaurant=874&load=menu&showLang=en
[2025-12-10 13:14:16] [INFO] Found 0 combo dishes
[2025-12-10 13:14:16] [INFO] No combo dishes found for restaurant 646
[2025-12-10 13:14:16] [INFO] Results for JC Royal Thai Cuisine:
[2025-12-10 13:14:16] [INFO]   - Dishes processed: 0
[2025-12-10 13:14:16] [INFO]   - Combo links created: 0
[2025-12-10 13:14:16] [INFO]   - Hide days set: 0
[2025-12-10 13:14:16] [INFO]   - Drinks modifiers: 0
[2025-12-10 13:14:16] [INFO] ============================================================
[2025-12-10 13:14:16] [INFO] Processing: Milano (V3: 651, V1: 879)
[2025-12-10 13:14:16] [INFO] ============================================================
[2025-12-10 13:14:16] [INFO] Navigating to menu: https://menuadmin.menu.ca/?p=restaurants&display=editRestaurant&restaurant=879&load=menu&showLang=en
[2025-12-10 13:14:20] [INFO] Found 22 combo dishes
[2025-12-10 13:14:20] [INFO] Processing combo dish: Combo No.1 HIDED (combo_id=90034)
[2025-12-10 13:14:20] [INFO] Navigating to combo dish: https://menuadmin.menu.ca/?p=restaurants&display=editRestaurant&restaurant=879&load=editCombo&showLang=en&combo=90034
[2025-12-10 13:14:23] [INFO] Processing combo dish: Combo No.2 HIDED (combo_id=90035)
[2025-12-10 13:14:23] [INFO] Navigating to combo dish: https://menuadmin.menu.ca/?p=restaurants&display=editRestaurant&restaurant=879&load=editCombo&showLang=en&combo=90035
[2025-12-10 13:14:27] [INFO] Processing combo dish: Two For One Plain Cheese Pizza HIDE (combo_id=122216)
[2025-12-10 13:14:27] [INFO] Navigating to combo dish: https://menuadmin.menu.ca/?p=restaurants&display=editRestaurant&restaurant=879&load=editCombo&showLang=en&combo=122216
[2025-12-10 13:14:32] [INFO] Processing combo dish: The Perfect Combo Deal with PopCurds HIDE (combo_id=113151)
[2025-12-10 13:14:32] [INFO] Navigating to combo dish: https://menuadmin.menu.ca/?p=restaurants&display=editRestaurant&restaurant=879&load=editCombo&showLang=en&combo=113151
[2025-12-10 13:14:38] [INFO] Processing combo dish: 2 Pizza Deal 1 Topping & Two 591ml Drinks (V) HIDE (combo_id=116051)
[2025-12-10 13:14:38] [INFO] Navigating to combo dish: https://menuadmin.menu.ca/?p=restaurants&display=editRestaurant&restaurant=879&load=editCombo&showLang=en&combo=116051
[2025-12-10 13:14:45] [INFO] Processing combo dish: 2 Pizza Deal 2 Toppings & Two 591ml Drinks (V) HIDE (combo_id=116052)
[2025-12-10 13:14:45] [INFO] Navigating to combo dish: https://menuadmin.menu.ca/?p=restaurants&display=editRestaurant&restaurant=879&load=editCombo&showLang=en&combo=116052
[2025-12-10 13:14:52] [INFO] Processing combo dish: 2 Pizza Deal 3 Toppings & Two 591ml Drinks (V) HIDE (combo_id=116053)
[2025-12-10 13:14:52] [INFO] Navigating to combo dish: https://menuadmin.menu.ca/?p=restaurants&display=editRestaurant&restaurant=879&load=editCombo&showLang=en&combo=116053
[2025-12-10 13:14:59] [INFO] Processing combo dish: The Perfect Combo Deal with PopCurds HIDE (combo_id=116070)
[2025-12-10 13:14:59] [INFO] Navigating to combo dish: https://menuadmin.menu.ca/?p=restaurants&display=editRestaurant&restaurant=879&load=editCombo&showLang=en&combo=116070
[2025-12-10 13:15:06] [INFO] Processing combo dish: 1 Topping 2 Pizza Deal (combo_id=89933)
[2025-12-10 13:15:06] [INFO] Navigating to combo dish: https://menuadmin.menu.ca/?p=restaurants&display=editRestaurant&restaurant=879&load=editCombo&showLang=en&combo=89933
[2025-12-10 13:15:10] [INFO] Processing combo dish: 2 Toppings 2 Pizza Deal (combo_id=89934)
[2025-12-10 13:15:10] [INFO] Navigating to combo dish: https://menuadmin.menu.ca/?p=restaurants&display=editRestaurant&restaurant=879&load=editCombo&showLang=en&combo=89934
[2025-12-10 13:15:13] [INFO] Processing combo dish: 3 Toppings 2 Pizza Deal (combo_id=89935)
[2025-12-10 13:15:13] [INFO] Navigating to combo dish: https://menuadmin.menu.ca/?p=restaurants&display=editRestaurant&restaurant=879&load=editCombo&showLang=en&combo=89935
[2025-12-10 13:15:17] [INFO] Processing combo dish: The Perfect Combo Deal with PopCurds HIDE (combo_id=90045)
[2025-12-10 13:15:17] [INFO] Navigating to combo dish: https://menuadmin.menu.ca/?p=restaurants&display=editRestaurant&restaurant=879&load=editCombo&showLang=en&combo=90045
[2025-12-10 13:15:23] [INFO] Processing combo dish: Large Pizza Deal HIDE (combo_id=89937)
[2025-12-10 13:15:23] [INFO] Navigating to combo dish: https://menuadmin.menu.ca/?p=restaurants&display=editRestaurant&restaurant=879&load=editCombo&showLang=en&combo=89937
[2025-12-10 13:15:30] [INFO] Processing combo dish: Medium Pizza Deal HIDE (combo_id=89936)
[2025-12-10 13:15:30] [INFO] Navigating to combo dish: https://menuadmin.menu.ca/?p=restaurants&display=editRestaurant&restaurant=879&load=editCombo&showLang=en&combo=89936
[2025-12-10 13:15:36] [INFO] Processing combo dish: Donair Special HIDE (combo_id=89946)
[2025-12-10 13:15:36] [INFO] Navigating to combo dish: https://menuadmin.menu.ca/?p=restaurants&display=editRestaurant&restaurant=879&load=editCombo&showLang=en&combo=89946
[2025-12-10 13:15:38] [INFO] Processing combo dish: Chicken Shawarma Special HIDE (combo_id=89957)
[2025-12-10 13:15:38] [INFO] Navigating to combo dish: https://menuadmin.menu.ca/?p=restaurants&display=editRestaurant&restaurant=879&load=editCombo&showLang=en&combo=89957
[2025-12-10 13:15:40] [INFO] Processing combo dish: Large 3 Toppings Pizza HIDE (combo_id=89979)
[2025-12-10 13:15:40] [INFO] Navigating to combo dish: https://menuadmin.menu.ca/?p=restaurants&display=editRestaurant&restaurant=879&load=editCombo&showLang=en&combo=89979
[2025-12-10 13:15:43] [INFO] Processing combo dish: One Topping HIDE (combo_id=89863)
[2025-12-10 13:15:43] [INFO] Navigating to combo dish: https://menuadmin.menu.ca/?p=restaurants&display=editRestaurant&restaurant=879&load=editCombo&showLang=en&combo=89863
[2025-12-10 13:15:45] [INFO] Processing combo dish: Two Toppings HIDE (combo_id=89864)
[2025-12-10 13:15:45] [INFO] Navigating to combo dish: https://menuadmin.menu.ca/?p=restaurants&display=editRestaurant&restaurant=879&load=editCombo&showLang=en&combo=89864
[2025-12-10 13:15:48] [INFO] Processing combo dish: 2 Pizza Deal 1 Topping (V) (combo_id=93102)
[2025-12-10 13:15:48] [INFO] Navigating to combo dish: https://menuadmin.menu.ca/?p=restaurants&display=editRestaurant&restaurant=879&load=editCombo&showLang=en&combo=93102
[2025-12-10 13:15:51] [INFO] Processing combo dish: 2 Pizza Deal 2 Toppings (V) (combo_id=93103)
[2025-12-10 13:15:51] [INFO] Navigating to combo dish: https://menuadmin.menu.ca/?p=restaurants&display=editRestaurant&restaurant=879&load=editCombo&showLang=en&combo=93103
[2025-12-10 13:15:54] [INFO] Processing combo dish: 2 Pizza Deal 3 Toppings (V) (combo_id=93104)
[2025-12-10 13:15:54] [INFO] Navigating to combo dish: https://menuadmin.menu.ca/?p=restaurants&display=editRestaurant&restaurant=879&load=editCombo&showLang=en&combo=93104
[2025-12-10 13:15:56] [INFO] Results for Milano:
[2025-12-10 13:15:56] [INFO]   - Dishes processed: 22
[2025-12-10 13:15:56] [INFO]   - Combo links created: 82
[2025-12-10 13:15:56] [INFO]   - Hide days set: 41
[2025-12-10 13:15:56] [INFO]   - Drinks modifiers: 72
[2025-12-10 13:15:56] [INFO] ============================================================
[2025-12-10 13:15:56] [INFO] Processing: Milano (V3: 660, V1: 889)
[2025-12-10 13:15:56] [INFO] ============================================================
[2025-12-10 13:15:56] [INFO] Navigating to menu: https://menuadmin.menu.ca/?p=restaurants&display=editRestaurant&restaurant=889&load=menu&showLang=en
[2025-12-10 13:16:01] [INFO] Found 12 combo dishes
[2025-12-10 13:16:01] [INFO] Processing combo dish: The Perfect Combo Deal with PopCurds (combo_id=113152)
[2025-12-10 13:16:01] [INFO] Navigating to combo dish: https://menuadmin.menu.ca/?p=restaurants&display=editRestaurant&restaurant=889&load=editCombo&showLang=en&combo=113152
[2025-12-10 13:16:06] [INFO] Processing combo dish: The Perfect Combo Deal with PopCurds (combo_id=96095)
[2025-12-10 13:16:06] [INFO] Navigating to combo dish: https://menuadmin.menu.ca/?p=restaurants&display=editRestaurant&restaurant=889&load=editCombo&showLang=en&combo=96095
[2025-12-10 13:16:12] [INFO] Processing combo dish: Large Pizza Deal (combo_id=93440)
[2025-12-10 13:16:12] [INFO] Navigating to combo dish: https://menuadmin.menu.ca/?p=restaurants&display=editRestaurant&restaurant=889&load=editCombo&showLang=en&combo=93440
[2025-12-10 13:16:17] [INFO] Processing combo dish: Medium Pizza Deal (combo_id=93441)
[2025-12-10 13:16:17] [INFO] Navigating to combo dish: https://menuadmin.menu.ca/?p=restaurants&display=editRestaurant&restaurant=889&load=editCombo&showLang=en&combo=93441
[2025-12-10 13:16:23] [INFO] Processing combo dish: 1 Topping Pizza Deal (combo_id=93443)
[2025-12-10 13:16:23] [INFO] Navigating to combo dish: https://menuadmin.menu.ca/?p=restaurants&display=editRestaurant&restaurant=889&load=editCombo&showLang=en&combo=93443
[2025-12-10 13:16:28] [INFO] Processing combo dish: 2 Toppings Pizza Deal (combo_id=93444)
[2025-12-10 13:16:28] [INFO] Navigating to combo dish: https://menuadmin.menu.ca/?p=restaurants&display=editRestaurant&restaurant=889&load=editCombo&showLang=en&combo=93444
[2025-12-10 13:16:34] [INFO] Processing combo dish: 3 Toppings Pizza Deal (combo_id=93445)
[2025-12-10 13:16:34] [INFO] Navigating to combo dish: https://menuadmin.menu.ca/?p=restaurants&display=editRestaurant&restaurant=889&load=editCombo&showLang=en&combo=93445
[2025-12-10 13:16:39] [INFO] Processing combo dish: One Topping (combo_id=93398)
[2025-12-10 13:16:39] [INFO] Navigating to combo dish: https://menuadmin.menu.ca/?p=restaurants&display=editRestaurant&restaurant=889&load=editCombo&showLang=en&combo=93398
[2025-12-10 13:16:42] [INFO] Processing combo dish: Two Toppings (combo_id=93399)
[2025-12-10 13:16:42] [INFO] Navigating to combo dish: https://menuadmin.menu.ca/?p=restaurants&display=editRestaurant&restaurant=889&load=editCombo&showLang=en&combo=93399
[2025-12-10 13:16:44] [INFO] Processing combo dish: 2 Pizza Deal 1 Topping & Two 591ml Drinks (V) (combo_id=94485)
[2025-12-10 13:16:44] [INFO] Navigating to combo dish: https://menuadmin.menu.ca/?p=restaurants&display=editRestaurant&restaurant=889&load=editCombo&showLang=en&combo=94485
[2025-12-10 13:16:50] [INFO] Processing combo dish: 2 Pizza Deal 2 Toppings & Two 591ml Drinks (V) (combo_id=94486)
[2025-12-10 13:16:50] [INFO] Navigating to combo dish: https://menuadmin.menu.ca/?p=restaurants&display=editRestaurant&restaurant=889&load=editCombo&showLang=en&combo=94486
[2025-12-10 13:16:55] [INFO] Processing combo dish: 2 Pizza Deal 3 Toppings & Two 591ml Drinks (V) (combo_id=94487)
[2025-12-10 13:16:55] [INFO] Navigating to combo dish: https://menuadmin.menu.ca/?p=restaurants&display=editRestaurant&restaurant=889&load=editCombo&showLang=en&combo=94487
[2025-12-10 13:17:01] [INFO] Results for Milano:
[2025-12-10 13:17:01] [INFO]   - Dishes processed: 12
[2025-12-10 13:17:01] [INFO]   - Combo links created: 46
[2025-12-10 13:17:01] [INFO]   - Hide days set: 0
[2025-12-10 13:17:01] [INFO]   - Drinks modifiers: 70
[2025-12-10 13:17:01] [INFO] ============================================================
[2025-12-10 13:17:01] [INFO] Processing: Milano (V3: 680, V1: 913)
[2025-12-10 13:17:01] [INFO] ============================================================
[2025-12-10 13:17:01] [INFO] Navigating to menu: https://menuadmin.menu.ca/?p=restaurants&display=editRestaurant&restaurant=913&load=menu&showLang=en
[2025-12-10 13:17:05] [INFO] Found 44 combo dishes
[2025-12-10 13:17:05] [INFO] Processing combo dish: Buy One Get One Free HIDE (combo_id=141320)
[2025-12-10 13:17:05] [INFO] Navigating to combo dish: https://menuadmin.menu.ca/?p=restaurants&display=editRestaurant&restaurant=913&load=editCombo&showLang=en&combo=141320
[2025-12-10 13:17:08] [INFO] Processing combo dish: Small Poutine HIDE (combo_id=141209)
[2025-12-10 13:17:08] [INFO] Navigating to combo dish: https://menuadmin.menu.ca/?p=restaurants&display=editRestaurant&restaurant=913&load=editCombo&showLang=en&combo=141209
[2025-12-10 13:17:10] [INFO] Processing combo dish: Monday & Tuesday Medium Special (combo_id=141197)
[2025-12-10 13:17:10] [INFO] Navigating to combo dish: https://menuadmin.menu.ca/?p=restaurants&display=editRestaurant&restaurant=913&load=editCombo&showLang=en&combo=141197
[2025-12-10 13:17:13] [INFO] Processing combo dish: Canada Day Special HIDE (combo_id=125175)
[2025-12-10 13:17:13] [INFO] Navigating to combo dish: https://menuadmin.menu.ca/?p=restaurants&display=editRestaurant&restaurant=913&load=editCombo&showLang=en&combo=125175
[2025-12-10 13:17:17] [INFO] Processing combo dish: 6 Medium Menu Choice (combo_id=125151)
[2025-12-10 13:17:17] [INFO] Navigating to combo dish: https://menuadmin.menu.ca/?p=restaurants&display=editRestaurant&restaurant=913&load=editCombo&showLang=en&combo=125151
[2025-12-10 13:17:19] [INFO] Processing combo dish: 10 Medium Menu Choice (combo_id=125152)
[2025-12-10 13:17:19] [INFO] Navigating to combo dish: https://menuadmin.menu.ca/?p=restaurants&display=editRestaurant&restaurant=913&load=editCombo&showLang=en&combo=125152
[2025-12-10 13:17:22] [INFO] Processing combo dish: 13 Medium Menu Choice (combo_id=125153)
[2025-12-10 13:17:22] [INFO] Navigating to combo dish: https://menuadmin.menu.ca/?p=restaurants&display=editRestaurant&restaurant=913&load=editCombo&showLang=en&combo=125153
[2025-12-10 13:17:24] [INFO] Processing combo dish: Special 222 HIDE (combo_id=102548)
[2025-12-10 13:17:24] [INFO] Navigating to combo dish: https://menuadmin.menu.ca/?p=restaurants&display=editRestaurant&restaurant=913&load=editCombo&showLang=en&combo=102548
[2025-12-10 13:17:29] [INFO] Processing combo dish: Medium Pizza with Large Fries and 2L Drink HIDE (combo_id=122652)
[2025-12-10 13:17:29] [INFO] Navigating to combo dish: https://menuadmin.menu.ca/?p=restaurants&display=editRestaurant&restaurant=913&load=editCombo&showLang=en&combo=122652
[2025-12-10 13:17:34] [INFO] Processing combo dish: Father’s Day Promo HIDE (combo_id=125066)
[2025-12-10 13:17:34] [INFO] Navigating to combo dish: https://menuadmin.menu.ca/?p=restaurants&display=editRestaurant&restaurant=913&load=editCombo&showLang=en&combo=125066
[2025-12-10 13:17:38] [INFO] Processing combo dish: 2 Small Pizzas Menu Choice (combo_id=125128)
[2025-12-10 13:17:38] [INFO] Navigating to combo dish: https://menuadmin.menu.ca/?p=restaurants&display=editRestaurant&restaurant=913&load=editCombo&showLang=en&combo=125128
[2025-12-10 13:17:40] [INFO] Processing combo dish: 2 Medium Pizzas Menu Choice (combo_id=125129)
[2025-12-10 13:17:40] [INFO] Navigating to combo dish: https://menuadmin.menu.ca/?p=restaurants&display=editRestaurant&restaurant=913&load=editCombo&showLang=en&combo=125129
[2025-12-10 13:17:43] [INFO] Processing combo dish: 2 Large Pizzas Menu Choice (combo_id=125130)
[2025-12-10 13:17:43] [INFO] Navigating to combo dish: https://menuadmin.menu.ca/?p=restaurants&display=editRestaurant&restaurant=913&load=editCombo&showLang=en&combo=125130
[2025-12-10 13:17:45] [INFO] Processing combo dish: 2 Small VEGAN Pizzas Menu Choice HIDE (combo_id=125131)
[2025-12-10 13:17:45] [INFO] Navigating to combo dish: https://menuadmin.menu.ca/?p=restaurants&display=editRestaurant&restaurant=913&load=editCombo&showLang=en&combo=125131
[2025-12-10 13:17:48] [INFO] Processing combo dish: 2 Medium VEGAN Pizzas Menu Choice HIDE (combo_id=125132)
[2025-12-10 13:17:48] [INFO] Navigating to combo dish: https://menuadmin.menu.ca/?p=restaurants&display=editRestaurant&restaurant=913&load=editCombo&showLang=en&combo=125132
[2025-12-10 13:17:50] [INFO] Processing combo dish: 2 Large VEGAN Pizzas Menu Choice HIDE (combo_id=125133)
[2025-12-10 13:17:50] [INFO] Navigating to combo dish: https://menuadmin.menu.ca/?p=restaurants&display=editRestaurant&restaurant=913&load=editCombo&showLang=en&combo=125133
[2025-12-10 13:17:52] [INFO] Processing combo dish: Small Pizza and Small Poutine (combo_id=125134)
[2025-12-10 13:17:52] [INFO] Navigating to combo dish: https://menuadmin.menu.ca/?p=restaurants&display=editRestaurant&restaurant=913&load=editCombo&showLang=en&combo=125134
[2025-12-10 13:17:55] [INFO] Processing combo dish: Medium Pizza and Medium Poutine (combo_id=125135)
[2025-12-10 13:17:55] [INFO] Navigating to combo dish: https://menuadmin.menu.ca/?p=restaurants&display=editRestaurant&restaurant=913&load=editCombo&showLang=en&combo=125135
[2025-12-10 13:17:57] [INFO] Processing combo dish: Large Pizza and Medium Poutine (combo_id=125136)
[2025-12-10 13:17:57] [INFO] Navigating to combo dish: https://menuadmin.menu.ca/?p=restaurants&display=editRestaurant&restaurant=913&load=editCombo&showLang=en&combo=125136
[2025-12-10 13:18:00] [INFO] Processing combo dish: Small Pizza VEGAN and Small Poutine HIDE (combo_id=125137)
[2025-12-10 13:18:00] [INFO] Navigating to combo dish: https://menuadmin.menu.ca/?p=restaurants&display=editRestaurant&restaurant=913&load=editCombo&showLang=en&combo=125137
[2025-12-10 13:18:03] [INFO] Processing combo dish: Medium Pizza VEGAN and Medium Poutine HIDE (combo_id=125138)
[2025-12-10 13:18:03] [INFO] Navigating to combo dish: https://menuadmin.menu.ca/?p=restaurants&display=editRestaurant&restaurant=913&load=editCombo&showLang=en&combo=125138
[2025-12-10 13:18:05] [INFO] Processing combo dish: Large Pizza VEGAN and Medium Poutine HIDE (combo_id=125139)
[2025-12-10 13:18:05] [INFO] Navigating to combo dish: https://menuadmin.menu.ca/?p=restaurants&display=editRestaurant&restaurant=913&load=editCombo&showLang=en&combo=125139
[2025-12-10 13:18:08] [INFO] Processing combo dish: Small Pizza and Appetizer (combo_id=125140)
[2025-12-10 13:18:08] [INFO] Navigating to combo dish: https://menuadmin.menu.ca/?p=restaurants&display=editRestaurant&restaurant=913&load=editCombo&showLang=en&combo=125140
[2025-12-10 13:18:10] [INFO] Processing combo dish: Medium Pizza and Appetizer (combo_id=125141)
[2025-12-10 13:18:10] [INFO] Navigating to combo dish: https://menuadmin.menu.ca/?p=restaurants&display=editRestaurant&restaurant=913&load=editCombo&showLang=en&combo=125141
[2025-12-10 13:18:13] [INFO] Processing combo dish: Large Pizza and Appetizer (combo_id=125142)
[2025-12-10 13:18:13] [INFO] Navigating to combo dish: https://menuadmin.menu.ca/?p=restaurants&display=editRestaurant&restaurant=913&load=editCombo&showLang=en&combo=125142
[2025-12-10 13:18:16] [INFO] Processing combo dish: 2 Medium Poutine Gourmet (combo_id=125143)
[2025-12-10 13:18:16] [INFO] Navigating to combo dish: https://menuadmin.menu.ca/?p=restaurants&display=editRestaurant&restaurant=913&load=editCombo&showLang=en&combo=125143
[2025-12-10 13:18:18] [INFO] Processing combo dish: 2 Sandwich Combos (combo_id=125150)
[2025-12-10 13:18:18] [INFO] Navigating to combo dish: https://menuadmin.menu.ca/?p=restaurants&display=editRestaurant&restaurant=913&load=editCombo&showLang=en&combo=125150
[2025-12-10 13:18:20] [INFO] Processing combo dish: February Special HIDE (combo_id=112457)
[2025-12-10 13:18:20] [INFO] Navigating to combo dish: https://menuadmin.menu.ca/?p=restaurants&display=editRestaurant&restaurant=913&load=editCombo&showLang=en&combo=112457
[2025-12-10 13:18:25] [INFO] Processing combo dish: Family Special with Large Fries and 2L Drink HIDE (combo_id=106444)
[2025-12-10 13:18:25] [INFO] Navigating to combo dish: https://menuadmin.menu.ca/?p=restaurants&display=editRestaurant&restaurant=913&load=editCombo&showLang=en&combo=106444
[2025-12-10 13:18:31] [INFO] Processing combo dish: The Perfect Combo Deal with PopCurds HIDE (combo_id=113155)
[2025-12-10 13:18:31] [INFO] Navigating to combo dish: https://menuadmin.menu.ca/?p=restaurants&display=editRestaurant&restaurant=913&load=editCombo&showLang=en&combo=113155
[2025-12-10 13:18:36] [INFO] Processing combo dish: 2 Pizza Deal 1 Topping HIDE (combo_id=96663)
[2025-12-10 13:18:36] [INFO] Navigating to combo dish: https://menuadmin.menu.ca/?p=restaurants&display=editRestaurant&restaurant=913&load=editCombo&showLang=en&combo=96663
[2025-12-10 13:18:42] [INFO] Processing combo dish: 2 Pizza Deal 2 Toppings HIDE (combo_id=96664)
[2025-12-10 13:18:42] [INFO] Navigating to combo dish: https://menuadmin.menu.ca/?p=restaurants&display=editRestaurant&restaurant=913&load=editCombo&showLang=en&combo=96664
[2025-12-10 13:18:47] [INFO] Processing combo dish: 2 Pizza Deal 3 Toppings HIDE (combo_id=96665)
[2025-12-10 13:18:47] [INFO] Navigating to combo dish: https://menuadmin.menu.ca/?p=restaurants&display=editRestaurant&restaurant=913&load=editCombo&showLang=en&combo=96665
[2025-12-10 13:18:52] [INFO] Processing combo dish: Pizza and Wings Special HIDE (combo_id=102188)
[2025-12-10 13:18:52] [INFO] Navigating to combo dish: https://menuadmin.menu.ca/?p=restaurants&display=editRestaurant&restaurant=913&load=editCombo&showLang=en&combo=102188
[2025-12-10 13:18:58] [INFO] Processing combo dish: Pizza and Poutine Special HIDE (combo_id=102189)
[2025-12-10 13:18:58] [INFO] Navigating to combo dish: https://menuadmin.menu.ca/?p=restaurants&display=editRestaurant&restaurant=913&load=editCombo&showLang=en&combo=102189
[2025-12-10 13:19:03] [INFO] Processing combo dish: The Perfect Combo Deal with PopCurds HIDE (combo_id=96666)
[2025-12-10 13:19:03] [INFO] Navigating to combo dish: https://menuadmin.menu.ca/?p=restaurants&display=editRestaurant&restaurant=913&load=editCombo&showLang=en&combo=96666
[2025-12-10 13:19:08] [INFO] Processing combo dish: Small Pizza & Poutine HIDE (combo_id=100477)
[2025-12-10 13:19:08] [INFO] Navigating to combo dish: https://menuadmin.menu.ca/?p=restaurants&display=editRestaurant&restaurant=913&load=editCombo&showLang=en&combo=100477
[2025-12-10 13:19:13] [INFO] Processing combo dish: Medium Pizza & Poutine HIDE (combo_id=100478)
[2025-12-10 13:19:13] [INFO] Navigating to combo dish: https://menuadmin.menu.ca/?p=restaurants&display=editRestaurant&restaurant=913&load=editCombo&showLang=en&combo=100478
[2025-12-10 13:19:19] [INFO] Processing combo dish: Large Pizza & Poutine HIDE (combo_id=100479)
[2025-12-10 13:19:19] [INFO] Navigating to combo dish: https://menuadmin.menu.ca/?p=restaurants&display=editRestaurant&restaurant=913&load=editCombo&showLang=en&combo=100479
[2025-12-10 13:19:24] [INFO] Processing combo dish: Large Pizza Deal HIDE (combo_id=96667)
[2025-12-10 13:19:24] [INFO] Navigating to combo dish: https://menuadmin.menu.ca/?p=restaurants&display=editRestaurant&restaurant=913&load=editCombo&showLang=en&combo=96667
[2025-12-10 13:19:29] [INFO] Processing combo dish: Medium Pizza Deal HIDE (combo_id=96668)
[2025-12-10 13:19:29] [INFO] Navigating to combo dish: https://menuadmin.menu.ca/?p=restaurants&display=editRestaurant&restaurant=913&load=editCombo&showLang=en&combo=96668
[2025-12-10 13:19:35] [INFO] Processing combo dish: VEGAN 2 Pizza Deal 1 Topping & Two 591ml Drinks (V) HIDE (combo_id=96772)
[2025-12-10 13:19:35] [INFO] Navigating to combo dish: https://menuadmin.menu.ca/?p=restaurants&display=editRestaurant&restaurant=913&load=editCombo&showLang=en&combo=96772
[2025-12-10 13:19:40] [INFO] Processing combo dish: VEGAN 2 Pizza Deal 2 Toppings & Two 591ml Drinks (V) HIDE (combo_id=96773)
[2025-12-10 13:19:40] [INFO] Navigating to combo dish: https://menuadmin.menu.ca/?p=restaurants&display=editRestaurant&restaurant=913&load=editCombo&showLang=en&combo=96773
[2025-12-10 13:19:45] [INFO] Processing combo dish: VEGAN 2 Pizza Deal 3 Toppings & Two 591ml Drinks (V) HIDE (combo_id=96774)
[2025-12-10 13:19:45] [INFO] Navigating to combo dish: https://menuadmin.menu.ca/?p=restaurants&display=editRestaurant&restaurant=913&load=editCombo&showLang=en&combo=96774
[2025-12-10 13:19:50] [INFO] Results for Milano:
[2025-12-10 13:19:50] [INFO]   - Dishes processed: 44
[2025-12-10 13:19:50] [INFO]   - Combo links created: 125
[2025-12-10 13:19:50] [INFO]   - Hide days set: 14
[2025-12-10 13:19:50] [INFO]   - Drinks modifiers: 133
[2025-12-10 13:19:50] [INFO] ============================================================
[2025-12-10 13:19:50] [INFO] Processing: Oka's Hull (V3: 681, V1: 914)
[2025-12-10 13:19:50] [INFO] ============================================================
[2025-12-10 13:19:50] [INFO] Navigating to menu: https://menuadmin.menu.ca/?p=restaurants&display=editRestaurant&restaurant=914&load=menu&showLang=en
[2025-12-10 13:19:55] [INFO] Found 0 combo dishes
[2025-12-10 13:19:55] [INFO] No combo dishes found for restaurant 681
[2025-12-10 13:19:55] [INFO] Results for Oka's Hull:
[2025-12-10 13:19:55] [INFO]   - Dishes processed: 0
[2025-12-10 13:19:55] [INFO]   - Combo links created: 0
[2025-12-10 13:19:55] [INFO]   - Hide days set: 0
[2025-12-10 13:19:55] [INFO]   - Drinks modifiers: 0
[2025-12-10 13:19:55] [INFO] ============================================================
[2025-12-10 13:19:55] [INFO] Processing: Pizza Maisonneuve (V3: 696, V1: 930)
[2025-12-10 13:19:55] [INFO] ============================================================
[2025-12-10 13:19:55] [INFO] Navigating to menu: https://menuadmin.menu.ca/?p=restaurants&display=editRestaurant&restaurant=930&load=menu&showLang=en
[2025-12-10 13:19:59] [INFO] Found 0 combo dishes
[2025-12-10 13:19:59] [INFO] No combo dishes found for restaurant 696
[2025-12-10 13:19:59] [INFO] Results for Pizza Maisonneuve:
[2025-12-10 13:19:59] [INFO]   - Dishes processed: 0
[2025-12-10 13:19:59] [INFO]   - Combo links created: 0
[2025-12-10 13:19:59] [INFO]   - Hide days set: 0
[2025-12-10 13:19:59] [INFO]   - Drinks modifiers: 0
[2025-12-10 13:19:59] [INFO] ============================================================
[2025-12-10 13:19:59] [INFO] Processing: Milano (V3: 701, V1: 937)
[2025-12-10 13:19:59] [INFO] ============================================================
[2025-12-10 13:19:59] [INFO] Navigating to menu: https://menuadmin.menu.ca/?p=restaurants&display=editRestaurant&restaurant=937&load=menu&showLang=en
[2025-12-10 13:20:03] [INFO] Found 10 combo dishes
[2025-12-10 13:20:03] [INFO] Processing combo dish: The Perfect Combo Deal (combo_id=113160)
[2025-12-10 13:20:03] [INFO] Navigating to combo dish: https://menuadmin.menu.ca/?p=restaurants&display=editRestaurant&restaurant=937&load=editCombo&showLang=en&combo=113160
[2025-12-10 13:20:10] [INFO] Processing combo dish: 1 Topping Pizza Deal (combo_id=99272)
[2025-12-10 13:20:10] [INFO] Navigating to combo dish: https://menuadmin.menu.ca/?p=restaurants&display=editRestaurant&restaurant=937&load=editCombo&showLang=en&combo=99272
[2025-12-10 13:20:16] [INFO] Processing combo dish: 2 Toppings Pizza Deal (combo_id=99273)
[2025-12-10 13:20:16] [INFO] Navigating to combo dish: https://menuadmin.menu.ca/?p=restaurants&display=editRestaurant&restaurant=937&load=editCombo&showLang=en&combo=99273
[2025-12-10 13:20:23] [INFO] Processing combo dish: 3 Toppings Pizza Deal (combo_id=99274)
[2025-12-10 13:20:23] [INFO] Navigating to combo dish: https://menuadmin.menu.ca/?p=restaurants&display=editRestaurant&restaurant=937&load=editCombo&showLang=en&combo=99274
[2025-12-10 13:20:30] [INFO] Processing combo dish: The Perfect Combo Deal (combo_id=99267)
[2025-12-10 13:20:30] [INFO] Navigating to combo dish: https://menuadmin.menu.ca/?p=restaurants&display=editRestaurant&restaurant=937&load=editCombo&showLang=en&combo=99267
[2025-12-10 13:20:37] [INFO] Processing combo dish: Large Pizza 3 Toppings (combo_id=99268)
[2025-12-10 13:20:37] [INFO] Navigating to combo dish: https://menuadmin.menu.ca/?p=restaurants&display=editRestaurant&restaurant=937&load=editCombo&showLang=en&combo=99268
[2025-12-10 13:20:44] [INFO] Processing combo dish: Medium Pizza 3 Toppings (combo_id=99269)
[2025-12-10 13:20:44] [INFO] Navigating to combo dish: https://menuadmin.menu.ca/?p=restaurants&display=editRestaurant&restaurant=937&load=editCombo&showLang=en&combo=99269
[2025-12-10 13:20:51] [INFO] Processing combo dish: 1 Topping Pizza Deal (V) (combo_id=99275)
[2025-12-10 13:20:51] [INFO] Navigating to combo dish: https://menuadmin.menu.ca/?p=restaurants&display=editRestaurant&restaurant=937&load=editCombo&showLang=en&combo=99275
[2025-12-10 13:20:57] [INFO] Processing combo dish: 2 Toppings Pizza Deal (V) (combo_id=99276)
[2025-12-10 13:20:57] [INFO] Navigating to combo dish: https://menuadmin.menu.ca/?p=restaurants&display=editRestaurant&restaurant=937&load=editCombo&showLang=en&combo=99276
[2025-12-10 13:21:04] [INFO] Processing combo dish: 3 Toppings Pizza Deal (V) (combo_id=99277)
[2025-12-10 13:21:04] [INFO] Navigating to combo dish: https://menuadmin.menu.ca/?p=restaurants&display=editRestaurant&restaurant=937&load=editCombo&showLang=en&combo=99277
[2025-12-10 13:21:10] [INFO] Results for Milano:
[2025-12-10 13:21:10] [INFO]   - Dishes processed: 10
[2025-12-10 13:21:10] [INFO]   - Combo links created: 37
[2025-12-10 13:21:10] [INFO]   - Hide days set: 0
[2025-12-10 13:21:10] [INFO]   - Drinks modifiers: 110
[2025-12-10 13:21:10] [INFO] ============================================================
[2025-12-10 13:21:10] [INFO] Processing: Supreme Pizzeria (V3: 711, V1: 947)
[2025-12-10 13:21:10] [INFO] ============================================================
[2025-12-10 13:21:10] [INFO] Navigating to menu: https://menuadmin.menu.ca/?p=restaurants&display=editRestaurant&restaurant=947&load=menu&showLang=en
[2025-12-10 13:21:15] [INFO] Found 7 combo dishes
[2025-12-10 13:21:15] [INFO] Processing combo dish: Large Pizza 3 Toppings and Free 1L Pepsi (combo_id=100497)
[2025-12-10 13:21:15] [INFO] Navigating to combo dish: https://menuadmin.menu.ca/?p=restaurants&display=editRestaurant&restaurant=947&load=editCombo&showLang=en&combo=100497
[2025-12-10 13:21:17] [INFO] Processing combo dish: Jumbo Pizza 3 Toppings and Free 2L Pepsi (combo_id=100498)
[2025-12-10 13:21:17] [INFO] Navigating to combo dish: https://menuadmin.menu.ca/?p=restaurants&display=editRestaurant&restaurant=947&load=editCombo&showLang=en&combo=100498
[2025-12-10 13:21:20] [INFO] Processing combo dish: Medium Pizza 3 Toppings with 12 Wings and 1L Pepsi (combo_id=100503)
[2025-12-10 13:21:20] [INFO] Navigating to combo dish: https://menuadmin.menu.ca/?p=restaurants&display=editRestaurant&restaurant=947&load=editCombo&showLang=en&combo=100503
[2025-12-10 13:21:22] [INFO] Processing combo dish: Large Pizza 3 Toppings with 12 Wings and 1L Pepsi (combo_id=100502)
[2025-12-10 13:21:22] [INFO] Navigating to combo dish: https://menuadmin.menu.ca/?p=restaurants&display=editRestaurant&restaurant=947&load=editCombo&showLang=en&combo=100502
[2025-12-10 13:21:25] [INFO] Processing combo dish: Two Medium Pizza 3 Toppings and Free 2L Pepsi (combo_id=100499)
[2025-12-10 13:21:25] [INFO] Navigating to combo dish: https://menuadmin.menu.ca/?p=restaurants&display=editRestaurant&restaurant=947&load=editCombo&showLang=en&combo=100499
[2025-12-10 13:21:28] [INFO] Processing combo dish: Two Large Pizza 3 Toppings and Free 2L Pepsi (combo_id=100500)
[2025-12-10 13:21:28] [INFO] Navigating to combo dish: https://menuadmin.menu.ca/?p=restaurants&display=editRestaurant&restaurant=947&load=editCombo&showLang=en&combo=100500
[2025-12-10 13:21:30] [INFO] Processing combo dish: Five Large Pizza 3 Toppings and Two Free 2L Pepsi (combo_id=100501)
[2025-12-10 13:21:30] [INFO] Navigating to combo dish: https://menuadmin.menu.ca/?p=restaurants&display=editRestaurant&restaurant=947&load=editCombo&showLang=en&combo=100501
[2025-12-10 13:21:34] [INFO] Results for Supreme Pizzeria:
[2025-12-10 13:21:34] [INFO]   - Dishes processed: 7
[2025-12-10 13:21:34] [INFO]   - Combo links created: 27
[2025-12-10 13:21:34] [INFO]   - Hide days set: 0
[2025-12-10 13:21:34] [INFO]   - Drinks modifiers: 0
[2025-12-10 13:21:34] [INFO] ============================================================
[2025-12-10 13:21:34] [INFO] Processing: Patate Lou Lou (V3: 712, V1: 948)
[2025-12-10 13:21:34] [INFO] ============================================================
[2025-12-10 13:21:34] [INFO] Navigating to menu: https://menuadmin.menu.ca/?p=restaurants&display=editRestaurant&restaurant=948&load=menu&showLang=en
[2025-12-10 13:21:38] [INFO] Found 0 combo dishes
[2025-12-10 13:21:38] [INFO] No combo dishes found for restaurant 712
[2025-12-10 13:21:38] [INFO] Results for Patate Lou Lou:
[2025-12-10 13:21:38] [INFO]   - Dishes processed: 0
[2025-12-10 13:21:38] [INFO]   - Combo links created: 0
[2025-12-10 13:21:38] [INFO]   - Hide days set: 0
[2025-12-10 13:21:38] [INFO]   - Drinks modifiers: 0
[2025-12-10 13:21:38] [INFO] ============================================================
[2025-12-10 13:21:38] [INFO] Processing: Ogilvie Pizza (V3: 714, V1: 951)
[2025-12-10 13:21:38] [INFO] ============================================================
[2025-12-10 13:21:38] [INFO] Navigating to menu: https://menuadmin.menu.ca/?p=restaurants&display=editRestaurant&restaurant=951&load=menu&showLang=en
[2025-12-10 13:21:42] [INFO] Found 6 combo dishes
[2025-12-10 13:21:42] [INFO] Processing combo dish: Beef Donair Special (combo_id=101718)
[2025-12-10 13:21:42] [INFO] Navigating to combo dish: https://menuadmin.menu.ca/?p=restaurants&display=editRestaurant&restaurant=951&load=editCombo&showLang=en&combo=101718
[2025-12-10 13:21:44] [INFO] Processing combo dish: Large Pizza & WIngs (combo_id=101715)
[2025-12-10 13:21:44] [INFO] Navigating to combo dish: https://menuadmin.menu.ca/?p=restaurants&display=editRestaurant&restaurant=951&load=editCombo&showLang=en&combo=101715
[2025-12-10 13:21:52] [INFO] Processing combo dish: Medium Pizza & Wings (combo_id=101716)
[2025-12-10 13:21:52] [INFO] Navigating to combo dish: https://menuadmin.menu.ca/?p=restaurants&display=editRestaurant&restaurant=951&load=editCombo&showLang=en&combo=101716
[2025-12-10 13:22:00] [INFO] Processing combo dish: 2 Small Pizzas (combo_id=101712)
[2025-12-10 13:22:00] [INFO] Navigating to combo dish: https://menuadmin.menu.ca/?p=restaurants&display=editRestaurant&restaurant=951&load=editCombo&showLang=en&combo=101712
[2025-12-10 13:22:07] [INFO] Processing combo dish: 2 Medium Pizzas (combo_id=101713)
[2025-12-10 13:22:07] [INFO] Navigating to combo dish: https://menuadmin.menu.ca/?p=restaurants&display=editRestaurant&restaurant=951&load=editCombo&showLang=en&combo=101713
[2025-12-10 13:22:15] [INFO] Processing combo dish: 2 Large Pizzas (combo_id=101714)
[2025-12-10 13:22:15] [INFO] Navigating to combo dish: https://menuadmin.menu.ca/?p=restaurants&display=editRestaurant&restaurant=951&load=editCombo&showLang=en&combo=101714
[2025-12-10 13:22:23] [INFO] Results for Ogilvie Pizza:
[2025-12-10 13:22:23] [INFO]   - Dishes processed: 6
[2025-12-10 13:22:23] [INFO]   - Combo links created: 21
[2025-12-10 13:22:23] [INFO]   - Hide days set: 0
[2025-12-10 13:22:23] [INFO]   - Drinks modifiers: 65
[2025-12-10 13:22:23] [INFO] ============================================================
[2025-12-10 13:22:23] [INFO] Processing: La Poutinerie Ogilvie (V3: 715, V1: 952)
[2025-12-10 13:22:23] [INFO] ============================================================
[2025-12-10 13:22:23] [INFO] Navigating to menu: https://menuadmin.menu.ca/?p=restaurants&display=editRestaurant&restaurant=952&load=menu&showLang=en
[2025-12-10 13:22:27] [INFO] Found 1 combo dishes
[2025-12-10 13:22:27] [INFO] Processing combo dish: MAKE YOUR OWN POUTINE (combo_id=100784)
[2025-12-10 13:22:27] [INFO] Navigating to combo dish: https://menuadmin.menu.ca/?p=restaurants&display=editRestaurant&restaurant=952&load=editCombo&showLang=en&combo=100784
[2025-12-10 13:22:30] [INFO] Results for La Poutinerie Ogilvie:
[2025-12-10 13:22:30] [INFO]   - Dishes processed: 1
[2025-12-10 13:22:30] [INFO]   - Combo links created: 4
[2025-12-10 13:22:30] [INFO]   - Hide days set: 0
[2025-12-10 13:22:30] [INFO]   - Drinks modifiers: 0
[2025-12-10 13:22:30] [INFO] ============================================================
[2025-12-10 13:22:30] [INFO] Processing: PizzaRama (V3: 716, V1: 953)
[2025-12-10 13:22:30] [INFO] ============================================================
[2025-12-10 13:22:30] [INFO] Navigating to menu: https://menuadmin.menu.ca/?p=restaurants&display=editRestaurant&restaurant=953&load=menu&showLang=en
[2025-12-10 13:22:34] [INFO] Found 0 combo dishes
[2025-12-10 13:22:34] [INFO] No combo dishes found for restaurant 716
[2025-12-10 13:22:34] [INFO] Results for PizzaRama:
[2025-12-10 13:22:34] [INFO]   - Dishes processed: 0
[2025-12-10 13:22:34] [INFO]   - Combo links created: 0
[2025-12-10 13:22:34] [INFO]   - Hide days set: 0
[2025-12-10 13:22:34] [INFO]   - Drinks modifiers: 0
[2025-12-10 13:22:34] [INFO] ============================================================
[2025-12-10 13:22:34] [INFO] Processing: La Maison Pho (V3: 721, V1: 959)
[2025-12-10 13:22:34] [INFO] ============================================================
[2025-12-10 13:22:34] [INFO] Navigating to menu: https://menuadmin.menu.ca/?p=restaurants&display=editRestaurant&restaurant=959&load=menu&showLang=en
[2025-12-10 13:22:38] [INFO] Found 0 combo dishes
[2025-12-10 13:22:38] [INFO] No combo dishes found for restaurant 721
[2025-12-10 13:22:38] [INFO] Results for La Maison Pho:
[2025-12-10 13:22:38] [INFO]   - Dishes processed: 0
[2025-12-10 13:22:38] [INFO]   - Combo links created: 0
[2025-12-10 13:22:38] [INFO]   - Hide days set: 0
[2025-12-10 13:22:38] [INFO]   - Drinks modifiers: 0
[2025-12-10 13:22:38] [INFO] ============================================================
[2025-12-10 13:22:38] [INFO] Processing: Pizza Joanna (V3: 726, V1: 964)
[2025-12-10 13:22:38] [INFO] ============================================================
[2025-12-10 13:22:38] [INFO] Navigating to menu: https://menuadmin.menu.ca/?p=restaurants&display=editRestaurant&restaurant=964&load=menu&showLang=en
[2025-12-10 13:22:42] [INFO] Found 0 combo dishes
[2025-12-10 13:22:42] [INFO] No combo dishes found for restaurant 726
[2025-12-10 13:22:42] [INFO] Results for Pizza Joanna:
[2025-12-10 13:22:42] [INFO]   - Dishes processed: 0
[2025-12-10 13:22:42] [INFO]   - Combo links created: 0
[2025-12-10 13:22:42] [INFO]   - Hide days set: 0
[2025-12-10 13:22:42] [INFO]   - Drinks modifiers: 0
[2025-12-10 13:22:42] [INFO] ============================================================
[2025-12-10 13:22:42] [INFO] Processing: La Maison du Burger (V3: 727, V1: 965)
[2025-12-10 13:22:42] [INFO] ============================================================
[2025-12-10 13:22:42] [INFO] Navigating to menu: https://menuadmin.menu.ca/?p=restaurants&display=editRestaurant&restaurant=965&load=menu&showLang=en
[2025-12-10 13:22:47] [INFO] Found 0 combo dishes
[2025-12-10 13:22:47] [INFO] No combo dishes found for restaurant 727
[2025-12-10 13:22:47] [INFO] Results for La Maison du Burger:
[2025-12-10 13:22:47] [INFO]   - Dishes processed: 0
[2025-12-10 13:22:47] [INFO]   - Combo links created: 0
[2025-12-10 13:22:47] [INFO]   - Hide days set: 0
[2025-12-10 13:22:47] [INFO]   - Drinks modifiers: 0
[2025-12-10 13:22:47] [INFO] ============================================================
[2025-12-10 13:22:47] [INFO] Processing: Friendly Restaurant and Pizzeria (V3: 730, V1: 968)
[2025-12-10 13:22:47] [INFO] ============================================================
[2025-12-10 13:22:47] [INFO] Navigating to menu: https://menuadmin.menu.ca/?p=restaurants&display=editRestaurant&restaurant=968&load=menu&showLang=en
[2025-12-10 13:22:51] [INFO] Found 0 combo dishes
[2025-12-10 13:22:51] [INFO] No combo dishes found for restaurant 730
[2025-12-10 13:22:51] [INFO] Results for Friendly Restaurant and Pizzeria:
[2025-12-10 13:22:51] [INFO]   - Dishes processed: 0
[2025-12-10 13:22:51] [INFO]   - Combo links created: 0
[2025-12-10 13:22:51] [INFO]   - Hide days set: 0
[2025-12-10 13:22:51] [INFO]   - Drinks modifiers: 0
[2025-12-10 13:22:51] [INFO] ============================================================
[2025-12-10 13:22:51] [INFO] Processing: Amicci Pizza (V3: 735, V1: 973)
[2025-12-10 13:22:51] [INFO] ============================================================
[2025-12-10 13:22:51] [INFO] Navigating to menu: https://menuadmin.menu.ca/?p=restaurants&display=editRestaurant&restaurant=973&load=menu&showLang=en
[2025-12-10 13:22:55] [INFO] Found 6 combo dishes
[2025-12-10 13:22:55] [INFO] Processing combo dish: Large Pizza & Wings (combo_id=106129)
[2025-12-10 13:22:55] [INFO] Navigating to combo dish: https://menuadmin.menu.ca/?p=restaurants&display=editRestaurant&restaurant=973&load=editCombo&showLang=en&combo=106129
[2025-12-10 13:22:57] [INFO] Processing combo dish: Medium Pizza & Wings (combo_id=106130)
[2025-12-10 13:22:57] [INFO] Navigating to combo dish: https://menuadmin.menu.ca/?p=restaurants&display=editRestaurant&restaurant=973&load=editCombo&showLang=en&combo=106130
[2025-12-10 13:23:00] [INFO] Processing combo dish: Small Pizza & Wings (combo_id=106131)
[2025-12-10 13:23:00] [INFO] Navigating to combo dish: https://menuadmin.menu.ca/?p=restaurants&display=editRestaurant&restaurant=973&load=editCombo&showLang=en&combo=106131
[2025-12-10 13:23:03] [INFO] Processing combo dish: 1 Topping Pizza HIDE (combo_id=105964)
[2025-12-10 13:23:03] [INFO] Navigating to combo dish: https://menuadmin.menu.ca/?p=restaurants&display=editRestaurant&restaurant=973&load=editCombo&showLang=en&combo=105964
[2025-12-10 13:23:05] [INFO] Processing combo dish: 2 Large Pizzas (combo_id=106127)
[2025-12-10 13:23:05] [INFO] Navigating to combo dish: https://menuadmin.menu.ca/?p=restaurants&display=editRestaurant&restaurant=973&load=editCombo&showLang=en&combo=106127
[2025-12-10 13:23:07] [INFO] Processing combo dish: 2 Medium Pizzas (combo_id=106128)
[2025-12-10 13:23:07] [INFO] Navigating to combo dish: https://menuadmin.menu.ca/?p=restaurants&display=editRestaurant&restaurant=973&load=editCombo&showLang=en&combo=106128
[2025-12-10 13:23:10] [INFO] Results for Amicci Pizza:
[2025-12-10 13:23:10] [INFO]   - Dishes processed: 6
[2025-12-10 13:23:10] [INFO]   - Combo links created: 16
[2025-12-10 13:23:10] [INFO]   - Hide days set: 0
[2025-12-10 13:23:10] [INFO]   - Drinks modifiers: 0
[2025-12-10 13:23:10] [INFO] ============================================================
[2025-12-10 13:23:10] [INFO] Processing: Greber Pizza et Shawarma (V3: 736, V1: 974)
[2025-12-10 13:23:10] [INFO] ============================================================
[2025-12-10 13:23:10] [INFO] Navigating to menu: https://menuadmin.menu.ca/?p=restaurants&display=editRestaurant&restaurant=974&load=menu&showLang=en
[2025-12-10 13:23:14] [INFO] Found 0 combo dishes
[2025-12-10 13:23:14] [INFO] No combo dishes found for restaurant 736
[2025-12-10 13:23:14] [INFO] Results for Greber Pizza et Shawarma:
[2025-12-10 13:23:14] [INFO]   - Dishes processed: 0
[2025-12-10 13:23:14] [INFO]   - Combo links created: 0
[2025-12-10 13:23:14] [INFO]   - Hide days set: 0
[2025-12-10 13:23:14] [INFO]   - Drinks modifiers: 0
[2025-12-10 13:23:14] [INFO] ============================================================
[2025-12-10 13:23:14] [INFO] Processing: Sala Thai (V3: 745, V1: 983)
[2025-12-10 13:23:14] [INFO] ============================================================
[2025-12-10 13:23:14] [INFO] Navigating to menu: https://menuadmin.menu.ca/?p=restaurants&display=editRestaurant&restaurant=983&load=menu&showLang=en
[2025-12-10 13:23:19] [INFO] Found 0 combo dishes
[2025-12-10 13:23:19] [INFO] No combo dishes found for restaurant 745
[2025-12-10 13:23:19] [INFO] Results for Sala Thai:
[2025-12-10 13:23:19] [INFO]   - Dishes processed: 0
[2025-12-10 13:23:19] [INFO]   - Combo links created: 0
[2025-12-10 13:23:19] [INFO]   - Hide days set: 0
[2025-12-10 13:23:19] [INFO]   - Drinks modifiers: 0
[2025-12-10 13:23:19] [INFO] ============================================================
[2025-12-10 13:23:19] [INFO] Processing: Milano (V3: 749, V1: 987)
[2025-12-10 13:23:19] [INFO] ============================================================
[2025-12-10 13:23:19] [INFO] Navigating to menu: https://menuadmin.menu.ca/?p=restaurants&display=editRestaurant&restaurant=987&load=menu&showLang=en
[2025-12-10 13:23:23] [INFO] Found 10 combo dishes
[2025-12-10 13:23:23] [INFO] Processing combo dish: The Perfect Combo Deal with PopCurds (combo_id=113175)
[2025-12-10 13:23:23] [INFO] Navigating to combo dish: https://menuadmin.menu.ca/?p=restaurants&display=editRestaurant&restaurant=987&load=editCombo&showLang=en&combo=113175
[2025-12-10 13:23:28] [INFO] Processing combo dish: 1 Topping (combo_id=107893)
[2025-12-10 13:23:28] [INFO] Navigating to combo dish: https://menuadmin.menu.ca/?p=restaurants&display=editRestaurant&restaurant=987&load=editCombo&showLang=en&combo=107893
[2025-12-10 13:23:34] [INFO] Processing combo dish: 2 Toppings (combo_id=107894)
[2025-12-10 13:23:34] [INFO] Navigating to combo dish: https://menuadmin.menu.ca/?p=restaurants&display=editRestaurant&restaurant=987&load=editCombo&showLang=en&combo=107894
[2025-12-10 13:23:39] [INFO] Processing combo dish: 3 Toppings (combo_id=107895)
[2025-12-10 13:23:39] [INFO] Navigating to combo dish: https://menuadmin.menu.ca/?p=restaurants&display=editRestaurant&restaurant=987&load=editCombo&showLang=en&combo=107895
[2025-12-10 13:23:45] [INFO] Processing combo dish: The Perfect Combo Deal with PopCurds (combo_id=107889)
[2025-12-10 13:23:45] [INFO] Navigating to combo dish: https://menuadmin.menu.ca/?p=restaurants&display=editRestaurant&restaurant=987&load=editCombo&showLang=en&combo=107889
[2025-12-10 13:23:50] [INFO] Processing combo dish: Large Pizza Deal (combo_id=107890)
[2025-12-10 13:23:50] [INFO] Navigating to combo dish: https://menuadmin.menu.ca/?p=restaurants&display=editRestaurant&restaurant=987&load=editCombo&showLang=en&combo=107890
[2025-12-10 13:23:56] [INFO] Processing combo dish: Medium Pizza Deal (combo_id=107891)
[2025-12-10 13:23:56] [INFO] Navigating to combo dish: https://menuadmin.menu.ca/?p=restaurants&display=editRestaurant&restaurant=987&load=editCombo&showLang=en&combo=107891
[2025-12-10 13:24:01] [INFO] Processing combo dish: 1 Topping Pizza Deal (V) (combo_id=107896)
[2025-12-10 13:24:01] [INFO] Navigating to combo dish: https://menuadmin.menu.ca/?p=restaurants&display=editRestaurant&restaurant=987&load=editCombo&showLang=en&combo=107896
[2025-12-10 13:24:06] [INFO] Processing combo dish: 2 Toppings Pizza Deal (V) (combo_id=107897)
[2025-12-10 13:24:06] [INFO] Navigating to combo dish: https://menuadmin.menu.ca/?p=restaurants&display=editRestaurant&restaurant=987&load=editCombo&showLang=en&combo=107897
[2025-12-10 13:24:12] [INFO] Processing combo dish: 3 Toppings Pizza Deal (V) (combo_id=107898)
[2025-12-10 13:24:12] [INFO] Navigating to combo dish: https://menuadmin.menu.ca/?p=restaurants&display=editRestaurant&restaurant=987&load=editCombo&showLang=en&combo=107898
[2025-12-10 13:24:17] [INFO] Results for Milano:
[2025-12-10 13:24:17] [INFO]   - Dishes processed: 10
[2025-12-10 13:24:17] [INFO]   - Combo links created: 37
[2025-12-10 13:24:17] [INFO]   - Hide days set: 0
[2025-12-10 13:24:17] [INFO]   - Drinks modifiers: 70
[2025-12-10 13:24:17] [INFO] ============================================================
[2025-12-10 13:24:17] [INFO] Processing: Milano (V3: 751, V1: 989)
[2025-12-10 13:24:17] [INFO] ============================================================
[2025-12-10 13:24:17] [INFO] Navigating to menu: https://menuadmin.menu.ca/?p=restaurants&display=editRestaurant&restaurant=989&load=menu&showLang=en
[2025-12-10 13:24:21] [INFO] Found 17 combo dishes
[2025-12-10 13:24:21] [INFO] Processing combo dish: Special 222 HIDE (combo_id=111526)
[2025-12-10 13:24:21] [INFO] Navigating to combo dish: https://menuadmin.menu.ca/?p=restaurants&display=editRestaurant&restaurant=989&load=editCombo&showLang=en&combo=111526
[2025-12-10 13:24:27] [INFO] Processing combo dish: February Special HIDE (combo_id=112459)
[2025-12-10 13:24:27] [INFO] Navigating to combo dish: https://menuadmin.menu.ca/?p=restaurants&display=editRestaurant&restaurant=989&load=editCombo&showLang=en&combo=112459
[2025-12-10 13:24:34] [INFO] Processing combo dish: The Perfect Combo Deal with PopCurds (combo_id=113178)
[2025-12-10 13:24:34] [INFO] Navigating to combo dish: https://menuadmin.menu.ca/?p=restaurants&display=editRestaurant&restaurant=989&load=editCombo&showLang=en&combo=113178
[2025-12-10 13:24:39] [INFO] Processing combo dish: Family Special with Large Fries and 2L Drink HIDE (combo_id=110045)
[2025-12-10 13:24:39] [INFO] Navigating to combo dish: https://menuadmin.menu.ca/?p=restaurants&display=editRestaurant&restaurant=989&load=editCombo&showLang=en&combo=110045
[2025-12-10 13:24:45] [INFO] Processing combo dish: 2 Pizza Deal 1 Topping (combo_id=108492)
[2025-12-10 13:24:45] [INFO] Navigating to combo dish: https://menuadmin.menu.ca/?p=restaurants&display=editRestaurant&restaurant=989&load=editCombo&showLang=en&combo=108492
[2025-12-10 13:24:50] [INFO] Processing combo dish: 2 Pizza Deal 2 Toppings (combo_id=108493)
[2025-12-10 13:24:50] [INFO] Navigating to combo dish: https://menuadmin.menu.ca/?p=restaurants&display=editRestaurant&restaurant=989&load=editCombo&showLang=en&combo=108493
[2025-12-10 13:24:56] [INFO] Processing combo dish: 2 Pizza Deal 3 Toppings (combo_id=108494)
[2025-12-10 13:24:56] [INFO] Navigating to combo dish: https://menuadmin.menu.ca/?p=restaurants&display=editRestaurant&restaurant=989&load=editCombo&showLang=en&combo=108494
[2025-12-10 13:25:01] [INFO] Processing combo dish: Pizza and Poutine Special (combo_id=110046)
[2025-12-10 13:25:01] [INFO] Navigating to combo dish: https://menuadmin.menu.ca/?p=restaurants&display=editRestaurant&restaurant=989&load=editCombo&showLang=en&combo=110046
[2025-12-10 13:25:06] [INFO] Processing combo dish: The Perfect Combo Deal with PopCurds (combo_id=108495)
[2025-12-10 13:25:06] [INFO] Navigating to combo dish: https://menuadmin.menu.ca/?p=restaurants&display=editRestaurant&restaurant=989&load=editCombo&showLang=en&combo=108495
[2025-12-10 13:25:12] [INFO] Processing combo dish: Medium Pizza & Wings Deal (combo_id=108497)
[2025-12-10 13:25:12] [INFO] Navigating to combo dish: https://menuadmin.menu.ca/?p=restaurants&display=editRestaurant&restaurant=989&load=editCombo&showLang=en&combo=108497
[2025-12-10 13:25:17] [INFO] Processing combo dish: Large Pizza & Wings Deal (combo_id=108496)
[2025-12-10 13:25:17] [INFO] Navigating to combo dish: https://menuadmin.menu.ca/?p=restaurants&display=editRestaurant&restaurant=989&load=editCombo&showLang=en&combo=108496
[2025-12-10 13:25:25] [INFO] Processing combo dish: Small Pizza & Poutine HIDE (combo_id=108671)
[2025-12-10 13:25:25] [INFO] Navigating to combo dish: https://menuadmin.menu.ca/?p=restaurants&display=editRestaurant&restaurant=989&load=editCombo&showLang=en&combo=108671
[2025-12-10 13:25:27] [INFO] Processing combo dish: VEGAN Pizza and Poutine Special (V) HIDE (combo_id=110078)
[2025-12-10 13:25:27] [INFO] Navigating to combo dish: https://menuadmin.menu.ca/?p=restaurants&display=editRestaurant&restaurant=989&load=editCombo&showLang=en&combo=110078
[2025-12-10 13:25:32] [INFO] Processing combo dish: VEGAN 3 Toppings Pizza (V) HIDE (combo_id=108639)
[2025-12-10 13:25:32] [INFO] Navigating to combo dish: https://menuadmin.menu.ca/?p=restaurants&display=editRestaurant&restaurant=989&load=editCombo&showLang=en&combo=108639
[2025-12-10 13:25:37] [INFO] Processing combo dish: VEGAN 2 Pizza Deal 1 Topping & Two 591ml Drinks (V) (combo_id=108600)
[2025-12-10 13:25:37] [INFO] Navigating to combo dish: https://menuadmin.menu.ca/?p=restaurants&display=editRestaurant&restaurant=989&load=editCombo&showLang=en&combo=108600
[2025-12-10 13:25:43] [INFO] Processing combo dish: VEGAN 2 Pizza Deal 2 Toppings & Two 591ml Drinks (V) (combo_id=108601)
[2025-12-10 13:25:43] [INFO] Navigating to combo dish: https://menuadmin.menu.ca/?p=restaurants&display=editRestaurant&restaurant=989&load=editCombo&showLang=en&combo=108601
[2025-12-10 13:25:48] [INFO] Processing combo dish: VEGAN 2 Pizza Deal 3 Toppings & Two 591ml Drinks (V) (combo_id=108602)
[2025-12-10 13:25:48] [INFO] Navigating to combo dish: https://menuadmin.menu.ca/?p=restaurants&display=editRestaurant&restaurant=989&load=editCombo&showLang=en&combo=108602
[2025-12-10 13:25:53] [INFO] Results for Milano:
[2025-12-10 13:25:53] [INFO]   - Dishes processed: 17
[2025-12-10 13:25:53] [INFO]   - Combo links created: 56
[2025-12-10 13:25:53] [INFO]   - Hide days set: 0
[2025-12-10 13:25:53] [INFO]   - Drinks modifiers: 112
[2025-12-10 13:25:53] [INFO] ============================================================
[2025-12-10 13:25:53] [INFO] Processing: Little Gyros Greek Grill (V3: 756, V1: 998)
[2025-12-10 13:25:53] [INFO] ============================================================
[2025-12-10 13:25:53] [INFO] Navigating to menu: https://menuadmin.menu.ca/?p=restaurants&display=editRestaurant&restaurant=998&load=menu&showLang=en
[2025-12-10 13:25:58] [INFO] Found 2 combo dishes
[2025-12-10 13:25:58] [INFO] Processing combo dish: Pita Combo for 2 (combo_id=110961)
[2025-12-10 13:25:58] [INFO] Navigating to combo dish: https://menuadmin.menu.ca/?p=restaurants&display=editRestaurant&restaurant=998&load=editCombo&showLang=en&combo=110961
[2025-12-10 13:26:03] [INFO] Processing combo dish: Pita Combo for 4 (combo_id=110962)
[2025-12-10 13:26:03] [INFO] Navigating to combo dish: https://menuadmin.menu.ca/?p=restaurants&display=editRestaurant&restaurant=998&load=editCombo&showLang=en&combo=110962
[2025-12-10 13:26:08] [INFO] Results for Little Gyros Greek Grill:
[2025-12-10 13:26:08] [INFO]   - Dishes processed: 2
[2025-12-10 13:26:08] [INFO]   - Combo links created: 2
[2025-12-10 13:26:08] [INFO]   - Hide days set: 0
[2025-12-10 13:26:08] [INFO]   - Drinks modifiers: 14
[2025-12-10 13:26:08] [INFO] ============================================================
[2025-12-10 13:26:08] [INFO] Processing: Colonnade Pizza (V3: 783, V1: 1025)
[2025-12-10 13:26:08] [INFO] ============================================================
[2025-12-10 13:26:08] [INFO] Navigating to menu: https://menuadmin.menu.ca/?p=restaurants&display=editRestaurant&restaurant=1025&load=menu&showLang=en
[2025-12-10 13:26:12] [INFO] Found 1 combo dishes
[2025-12-10 13:26:12] [INFO] Processing combo dish: 1 Topping (combo_id=114632)
[2025-12-10 13:26:12] [INFO] Navigating to combo dish: https://menuadmin.menu.ca/?p=restaurants&display=editRestaurant&restaurant=1025&load=editCombo&showLang=en&combo=114632
[2025-12-10 13:26:14] [INFO] Results for Colonnade Pizza:
[2025-12-10 13:26:14] [INFO]   - Dishes processed: 1
[2025-12-10 13:26:14] [INFO]   - Combo links created: 3
[2025-12-10 13:26:14] [INFO]   - Hide days set: 0
[2025-12-10 13:26:14] [INFO]   - Drinks modifiers: 0
[2025-12-10 13:26:14] [INFO] ============================================================
[2025-12-10 13:26:14] [INFO] Processing: Colonnade Pizza (V3: 784, V1: 1027)
[2025-12-10 13:26:14] [INFO] ============================================================
[2025-12-10 13:26:14] [INFO] Navigating to menu: https://menuadmin.menu.ca/?p=restaurants&display=editRestaurant&restaurant=1027&load=menu&showLang=en
[2025-12-10 13:26:18] [INFO] Found 1 combo dishes
[2025-12-10 13:26:18] [INFO] Processing combo dish: 1 Topping (combo_id=114802)
[2025-12-10 13:26:18] [INFO] Navigating to combo dish: https://menuadmin.menu.ca/?p=restaurants&display=editRestaurant&restaurant=1027&load=editCombo&showLang=en&combo=114802
[2025-12-10 13:26:21] [INFO] Results for Colonnade Pizza:
[2025-12-10 13:26:21] [INFO]   - Dishes processed: 1
[2025-12-10 13:26:21] [INFO]   - Combo links created: 3
[2025-12-10 13:26:21] [INFO]   - Hide days set: 0
[2025-12-10 13:26:21] [INFO]   - Drinks modifiers: 0
[2025-12-10 13:26:21] [INFO] ============================================================
[2025-12-10 13:26:21] [INFO] Processing: Colonnade Pizza (V3: 785, V1: 1028)
[2025-12-10 13:26:21] [INFO] ============================================================
[2025-12-10 13:26:21] [INFO] Navigating to menu: https://menuadmin.menu.ca/?p=restaurants&display=editRestaurant&restaurant=1028&load=menu&showLang=en
[2025-12-10 13:26:25] [INFO] Found 1 combo dishes
[2025-12-10 13:26:25] [INFO] Processing combo dish: 1 Topping (combo_id=114887)
[2025-12-10 13:26:25] [INFO] Navigating to combo dish: https://menuadmin.menu.ca/?p=restaurants&display=editRestaurant&restaurant=1028&load=editCombo&showLang=en&combo=114887
[2025-12-10 13:26:28] [INFO] Results for Colonnade Pizza:
[2025-12-10 13:26:28] [INFO]   - Dishes processed: 1
[2025-12-10 13:26:28] [INFO]   - Combo links created: 3
[2025-12-10 13:26:28] [INFO]   - Hide days set: 0
[2025-12-10 13:26:28] [INFO]   - Drinks modifiers: 0
[2025-12-10 13:26:28] [INFO] ============================================================
[2025-12-10 13:26:28] [INFO] Processing: Poutinerie Quï¿½becurds Hull (V3: 789, V1: 1032)
[2025-12-10 13:26:28] [INFO] ============================================================
[2025-12-10 13:26:28] [INFO] Navigating to menu: https://menuadmin.menu.ca/?p=restaurants&display=editRestaurant&restaurant=1032&load=menu&showLang=en
[2025-12-10 13:26:32] [INFO] Found 18 combo dishes
[2025-12-10 13:26:32] [INFO] Processing combo dish: 2 Small Poutines with Drinks (combo_id=122605)
[2025-12-10 13:26:32] [INFO] Navigating to combo dish: https://menuadmin.menu.ca/?p=restaurants&display=editRestaurant&restaurant=1032&load=editCombo&showLang=en&combo=122605
[2025-12-10 13:26:41] [INFO] Processing combo dish: Special SOLO with Donuts (combo_id=122606)
[2025-12-10 13:26:41] [INFO] Navigating to combo dish: https://menuadmin.menu.ca/?p=restaurants&display=editRestaurant&restaurant=1032&load=editCombo&showLang=en&combo=122606
[2025-12-10 13:26:49] [INFO] Processing combo dish: Special SOLO with Churros (combo_id=122607)
[2025-12-10 13:26:49] [INFO] Navigating to combo dish: https://menuadmin.menu.ca/?p=restaurants&display=editRestaurant&restaurant=1032&load=editCombo&showLang=en&combo=122607
[2025-12-10 13:26:56] [INFO] Processing combo dish: Create Your Own Poutine HIDE (combo_id=115569)
[2025-12-10 13:26:56] [INFO] Navigating to combo dish: https://menuadmin.menu.ca/?p=restaurants&display=editRestaurant&restaurant=1032&load=editCombo&showLang=en&combo=115569
[2025-12-10 13:26:59] [INFO] Processing combo dish: Classic Poutine (combo_id=115570)
[2025-12-10 13:26:59] [INFO] Navigating to combo dish: https://menuadmin.menu.ca/?p=restaurants&display=editRestaurant&restaurant=1032&load=editCombo&showLang=en&combo=115570
[2025-12-10 13:27:02] [INFO] Processing combo dish: Buffalo Poutine (combo_id=115571)
[2025-12-10 13:27:02] [INFO] Navigating to combo dish: https://menuadmin.menu.ca/?p=restaurants&display=editRestaurant&restaurant=1032&load=editCombo&showLang=en&combo=115571
[2025-12-10 13:27:04] [INFO] Processing combo dish: Thai Chicken Poutine (combo_id=115572)
[2025-12-10 13:27:04] [INFO] Navigating to combo dish: https://menuadmin.menu.ca/?p=restaurants&display=editRestaurant&restaurant=1032&load=editCombo&showLang=en&combo=115572
[2025-12-10 13:27:07] [INFO] Processing combo dish: The Gatinoise (combo_id=115573)
[2025-12-10 13:27:07] [INFO] Navigating to combo dish: https://menuadmin.menu.ca/?p=restaurants&display=editRestaurant&restaurant=1032&load=editCombo&showLang=en&combo=115573
[2025-12-10 13:27:10] [INFO] Processing combo dish: Meat Lovers Poutine (combo_id=115574)
[2025-12-10 13:27:10] [INFO] Navigating to combo dish: https://menuadmin.menu.ca/?p=restaurants&display=editRestaurant&restaurant=1032&load=editCombo&showLang=en&combo=115574
[2025-12-10 13:27:13] [INFO] Processing combo dish: Philly Cheese Steak Poutine (combo_id=115575)
[2025-12-10 13:27:13] [INFO] Navigating to combo dish: https://menuadmin.menu.ca/?p=restaurants&display=editRestaurant&restaurant=1032&load=editCombo&showLang=en&combo=115575
[2025-12-10 13:27:16] [INFO] Processing combo dish: Pop Curds Poutine (combo_id=115576)
[2025-12-10 13:27:16] [INFO] Navigating to combo dish: https://menuadmin.menu.ca/?p=restaurants&display=editRestaurant&restaurant=1032&load=editCombo&showLang=en&combo=115576
[2025-12-10 13:27:18] [INFO] Processing combo dish: Poutine with Crispy Chicken (combo_id=115577)
[2025-12-10 13:27:18] [INFO] Navigating to combo dish: https://menuadmin.menu.ca/?p=restaurants&display=editRestaurant&restaurant=1032&load=editCombo&showLang=en&combo=115577
[2025-12-10 13:27:21] [INFO] Processing combo dish: Bacon Poutine (combo_id=115578)
[2025-12-10 13:27:21] [INFO] Navigating to combo dish: https://menuadmin.menu.ca/?p=restaurants&display=editRestaurant&restaurant=1032&load=editCombo&showLang=en&combo=115578
[2025-12-10 13:27:24] [INFO] Processing combo dish: The Poutine Club (combo_id=115579)
[2025-12-10 13:27:24] [INFO] Navigating to combo dish: https://menuadmin.menu.ca/?p=restaurants&display=editRestaurant&restaurant=1032&load=editCombo&showLang=en&combo=115579
[2025-12-10 13:27:27] [INFO] Processing combo dish: Vegetarian Poutine (combo_id=115580)
[2025-12-10 13:27:27] [INFO] Navigating to combo dish: https://menuadmin.menu.ca/?p=restaurants&display=editRestaurant&restaurant=1032&load=editCombo&showLang=en&combo=115580
[2025-12-10 13:27:30] [INFO] Processing combo dish: Smoked Meat Poutine (combo_id=115581)
[2025-12-10 13:27:30] [INFO] Navigating to combo dish: https://menuadmin.menu.ca/?p=restaurants&display=editRestaurant&restaurant=1032&load=editCombo&showLang=en&combo=115581
[2025-12-10 13:27:32] [INFO] Processing combo dish: Spicy Poutine (combo_id=115582)
[2025-12-10 13:27:32] [INFO] Navigating to combo dish: https://menuadmin.menu.ca/?p=restaurants&display=editRestaurant&restaurant=1032&load=editCombo&showLang=en&combo=115582
[2025-12-10 13:27:35] [INFO] Processing combo dish: Donair Poutine (combo_id=115583)
[2025-12-10 13:27:35] [INFO] Navigating to combo dish: https://menuadmin.menu.ca/?p=restaurants&display=editRestaurant&restaurant=1032&load=editCombo&showLang=en&combo=115583
[2025-12-10 13:27:38] [INFO] Results for Poutinerie Quï¿½becurds Hull:
[2025-12-10 13:27:38] [INFO]   - Dishes processed: 18
[2025-12-10 13:27:38] [INFO]   - Combo links created: 81
[2025-12-10 13:27:38] [INFO]   - Hide days set: 0
[2025-12-10 13:27:38] [INFO]   - Drinks modifiers: 36
[2025-12-10 13:27:38] [INFO] ============================================================
[2025-12-10 13:27:38] [INFO] Processing: Nachos Loco Hull (V3: 790, V1: 1033)
[2025-12-10 13:27:38] [INFO] ============================================================
[2025-12-10 13:27:38] [INFO] Navigating to menu: https://menuadmin.menu.ca/?p=restaurants&display=editRestaurant&restaurant=1033&load=menu&showLang=en
[2025-12-10 13:27:42] [INFO] Found 3 combo dishes
[2025-12-10 13:27:42] [INFO] Processing combo dish: Small Nachos with Donuts and Drink (combo_id=122591)
[2025-12-10 13:27:42] [INFO] Navigating to combo dish: https://menuadmin.menu.ca/?p=restaurants&display=editRestaurant&restaurant=1033&load=editCombo&showLang=en&combo=122591
[2025-12-10 13:27:49] [INFO] Processing combo dish: Small Nachos with Churros and Drinks (combo_id=122592)
[2025-12-10 13:27:49] [INFO] Navigating to combo dish: https://menuadmin.menu.ca/?p=restaurants&display=editRestaurant&restaurant=1033&load=editCombo&showLang=en&combo=122592
[2025-12-10 13:27:56] [INFO] Processing combo dish: Two Small Nachos with Drinks (combo_id=122593)
[2025-12-10 13:27:56] [INFO] Navigating to combo dish: https://menuadmin.menu.ca/?p=restaurants&display=editRestaurant&restaurant=1033&load=editCombo&showLang=en&combo=122593
[2025-12-10 13:28:02] [INFO] Results for Nachos Loco Hull:
[2025-12-10 13:28:02] [INFO]   - Dishes processed: 3
[2025-12-10 13:28:02] [INFO]   - Combo links created: 3
[2025-12-10 13:28:02] [INFO]   - Hide days set: 0
[2025-12-10 13:28:02] [INFO]   - Drinks modifiers: 36
[2025-12-10 13:28:02] [INFO] ============================================================
[2025-12-10 13:28:02] [INFO] Processing: Dumpling Bowl (V3: 792, V1: 1035)
[2025-12-10 13:28:02] [INFO] ============================================================
[2025-12-10 13:28:02] [INFO] Navigating to menu: https://menuadmin.menu.ca/?p=restaurants&display=editRestaurant&restaurant=1035&load=menu&showLang=en
[2025-12-10 13:28:08] [INFO] Found 0 combo dishes
[2025-12-10 13:28:08] [INFO] No combo dishes found for restaurant 792
[2025-12-10 13:28:08] [INFO] Results for Dumpling Bowl:
[2025-12-10 13:28:08] [INFO]   - Dishes processed: 0
[2025-12-10 13:28:08] [INFO]   - Combo links created: 0
[2025-12-10 13:28:08] [INFO]   - Hide days set: 0
[2025-12-10 13:28:08] [INFO]   - Drinks modifiers: 0
[2025-12-10 13:28:08] [INFO] ============================================================
[2025-12-10 13:28:08] [INFO] Processing: Papa Pizza Chem. de Masson (V3: 795, V1: 1039)
[2025-12-10 13:28:08] [INFO] ============================================================
[2025-12-10 13:28:08] [INFO] Navigating to menu: https://menuadmin.menu.ca/?p=restaurants&display=editRestaurant&restaurant=1039&load=menu&showLang=en
[2025-12-10 13:28:12] [INFO] Found 0 combo dishes
[2025-12-10 13:28:12] [INFO] No combo dishes found for restaurant 795
[2025-12-10 13:28:12] [INFO] Results for Papa Pizza Chem. de Masson:
[2025-12-10 13:28:12] [INFO]   - Dishes processed: 0
[2025-12-10 13:28:12] [INFO]   - Combo links created: 0
[2025-12-10 13:28:12] [INFO]   - Hide days set: 0
[2025-12-10 13:28:12] [INFO]   - Drinks modifiers: 0
[2025-12-10 13:28:12] [INFO] ============================================================
[2025-12-10 13:28:12] [INFO] Processing: Papa Burger (V3: 797, V1: 1041)
[2025-12-10 13:28:12] [INFO] ============================================================
[2025-12-10 13:28:12] [INFO] Navigating to menu: https://menuadmin.menu.ca/?p=restaurants&display=editRestaurant&restaurant=1041&load=menu&showLang=en
[2025-12-10 13:28:16] [INFO] Found 0 combo dishes
[2025-12-10 13:28:16] [INFO] No combo dishes found for restaurant 797
[2025-12-10 13:28:16] [INFO] Results for Papa Burger:
[2025-12-10 13:28:16] [INFO]   - Dishes processed: 0
[2025-12-10 13:28:16] [INFO]   - Combo links created: 0
[2025-12-10 13:28:16] [INFO]   - Hide days set: 0
[2025-12-10 13:28:16] [INFO]   - Drinks modifiers: 0
[2025-12-10 13:28:16] [INFO] ============================================================
[2025-12-10 13:28:16] [INFO] Processing: Kabylie Pizza (V3: 798, V1: 1042)
[2025-12-10 13:28:16] [INFO] ============================================================
[2025-12-10 13:28:16] [INFO] Navigating to menu: https://menuadmin.menu.ca/?p=restaurants&display=editRestaurant&restaurant=1042&load=menu&showLang=en
[2025-12-10 13:28:20] [INFO] Found 0 combo dishes
[2025-12-10 13:28:20] [INFO] No combo dishes found for restaurant 798
[2025-12-10 13:28:20] [INFO] Results for Kabylie Pizza:
[2025-12-10 13:28:20] [INFO]   - Dishes processed: 0
[2025-12-10 13:28:20] [INFO]   - Combo links created: 0
[2025-12-10 13:28:20] [INFO]   - Hide days set: 0
[2025-12-10 13:28:20] [INFO]   - Drinks modifiers: 0
[2025-12-10 13:28:20] [INFO] ============================================================
[2025-12-10 13:28:20] [INFO] Processing: Nachos Loco Gatineau (V3: 801, V1: 1045)
[2025-12-10 13:28:20] [INFO] ============================================================
[2025-12-10 13:28:20] [INFO] Navigating to menu: https://menuadmin.menu.ca/?p=restaurants&display=editRestaurant&restaurant=1045&load=menu&showLang=en
[2025-12-10 13:28:25] [INFO] Found 3 combo dishes
[2025-12-10 13:28:25] [INFO] Processing combo dish: Small Nachos with Donuts and Drink (combo_id=122583)
[2025-12-10 13:28:25] [INFO] Navigating to combo dish: https://menuadmin.menu.ca/?p=restaurants&display=editRestaurant&restaurant=1045&load=editCombo&showLang=en&combo=122583
[2025-12-10 13:28:31] [INFO] Processing combo dish: Small Nachos with Churros and Drinks (combo_id=122584)
[2025-12-10 13:28:31] [INFO] Navigating to combo dish: https://menuadmin.menu.ca/?p=restaurants&display=editRestaurant&restaurant=1045&load=editCombo&showLang=en&combo=122584
[2025-12-10 13:28:38] [INFO] Processing combo dish: Two Small Nachos with Drinks (combo_id=122585)
[2025-12-10 13:28:38] [INFO] Navigating to combo dish: https://menuadmin.menu.ca/?p=restaurants&display=editRestaurant&restaurant=1045&load=editCombo&showLang=en&combo=122585
[2025-12-10 13:28:45] [INFO] Results for Nachos Loco Gatineau:
[2025-12-10 13:28:45] [INFO]   - Dishes processed: 3
[2025-12-10 13:28:45] [INFO]   - Combo links created: 3
[2025-12-10 13:28:45] [INFO]   - Hide days set: 0
[2025-12-10 13:28:45] [INFO]   - Drinks modifiers: 36
[2025-12-10 13:28:45] [INFO] ============================================================
[2025-12-10 13:28:45] [INFO] Processing: Crispy's Bank Street (V3: 806, V1: 1050)
[2025-12-10 13:28:45] [INFO] ============================================================
[2025-12-10 13:28:45] [INFO] Navigating to menu: https://menuadmin.menu.ca/?p=restaurants&display=editRestaurant&restaurant=1050&load=menu&showLang=en
[2025-12-10 13:28:49] [INFO] Found 0 combo dishes
[2025-12-10 13:28:49] [INFO] No combo dishes found for restaurant 806
[2025-12-10 13:28:49] [INFO] Results for Crispy's Bank Street:
[2025-12-10 13:28:49] [INFO]   - Dishes processed: 0
[2025-12-10 13:28:49] [INFO]   - Combo links created: 0
[2025-12-10 13:28:49] [INFO]   - Hide days set: 0
[2025-12-10 13:28:49] [INFO]   - Drinks modifiers: 0
[2025-12-10 13:28:49] [INFO] ============================================================
[2025-12-10 13:28:49] [INFO] Processing: Oh My Grill (V3: 807, V1: 1051)
[2025-12-10 13:28:49] [INFO] ============================================================
[2025-12-10 13:28:49] [INFO] Navigating to menu: https://menuadmin.menu.ca/?p=restaurants&display=editRestaurant&restaurant=1051&load=menu&showLang=en
[2025-12-10 13:28:53] [INFO] Found 0 combo dishes
[2025-12-10 13:28:53] [INFO] No combo dishes found for restaurant 807
[2025-12-10 13:28:53] [INFO] Results for Oh My Grill:
[2025-12-10 13:28:53] [INFO]   - Dishes processed: 0
[2025-12-10 13:28:53] [INFO]   - Combo links created: 0
[2025-12-10 13:28:53] [INFO]   - Hide days set: 0
[2025-12-10 13:28:53] [INFO]   - Drinks modifiers: 0
[2025-12-10 13:28:53] [INFO] ============================================================
[2025-12-10 13:28:53] [INFO] Processing: Papa Grecque Cantley (V3: 810, V1: 1054)
[2025-12-10 13:28:53] [INFO] ============================================================
[2025-12-10 13:28:53] [INFO] Navigating to menu: https://menuadmin.menu.ca/?p=restaurants&display=editRestaurant&restaurant=1054&load=menu&showLang=en
[2025-12-10 13:28:57] [INFO] Found 0 combo dishes
[2025-12-10 13:28:57] [INFO] No combo dishes found for restaurant 810
[2025-12-10 13:28:57] [INFO] Results for Papa Grecque Cantley:
[2025-12-10 13:28:57] [INFO]   - Dishes processed: 0
[2025-12-10 13:28:57] [INFO]   - Combo links created: 0
[2025-12-10 13:28:57] [INFO]   - Hide days set: 0
[2025-12-10 13:28:57] [INFO]   - Drinks modifiers: 0
[2025-12-10 13:28:57] [INFO] ============================================================
[2025-12-10 13:28:57] [INFO] Processing: Golden Center Pizza (V3: 815, V1: 1059)
[2025-12-10 13:28:57] [INFO] ============================================================
[2025-12-10 13:28:57] [INFO] Navigating to menu: https://menuadmin.menu.ca/?p=restaurants&display=editRestaurant&restaurant=1059&load=menu&showLang=en
[2025-12-10 13:29:01] [INFO] Found 4 combo dishes
[2025-12-10 13:29:01] [INFO] Processing combo dish: Large Pizza & Wings (combo_id=119522)
[2025-12-10 13:29:01] [INFO] Navigating to combo dish: https://menuadmin.menu.ca/?p=restaurants&display=editRestaurant&restaurant=1059&load=editCombo&showLang=en&combo=119522
[2025-12-10 13:29:07] [INFO] Processing combo dish: Medium Pizza & Wings (combo_id=119523)
[2025-12-10 13:29:07] [INFO] Navigating to combo dish: https://menuadmin.menu.ca/?p=restaurants&display=editRestaurant&restaurant=1059&load=editCombo&showLang=en&combo=119523
[2025-12-10 13:29:12] [INFO] Processing combo dish: One Topping Pizza (combo_id=119468)
[2025-12-10 13:29:12] [INFO] Navigating to combo dish: https://menuadmin.menu.ca/?p=restaurants&display=editRestaurant&restaurant=1059&load=editCombo&showLang=en&combo=119468
[2025-12-10 13:29:14] [INFO] Processing combo dish: Twin Pizzas (combo_id=119524)
[2025-12-10 13:29:14] [INFO] Navigating to combo dish: https://menuadmin.menu.ca/?p=restaurants&display=editRestaurant&restaurant=1059&load=editCombo&showLang=en&combo=119524
[2025-12-10 13:29:17] [INFO] Results for Golden Center Pizza:
[2025-12-10 13:29:17] [INFO]   - Dishes processed: 4
[2025-12-10 13:29:17] [INFO]   - Combo links created: 15
[2025-12-10 13:29:17] [INFO]   - Hide days set: 0
[2025-12-10 13:29:17] [INFO]   - Drinks modifiers: 12
[2025-12-10 13:29:17] [INFO] ============================================================
[2025-12-10 13:29:17] [INFO] Processing: Dï¿½panneur Gï¿½nï¿½reux (V3: 816, V1: 1060)
[2025-12-10 13:29:17] [INFO] ============================================================
[2025-12-10 13:29:17] [INFO] Navigating to menu: https://menuadmin.menu.ca/?p=restaurants&display=editRestaurant&restaurant=1060&load=menu&showLang=en
[2025-12-10 13:29:21] [INFO] Found 0 combo dishes
[2025-12-10 13:29:21] [INFO] No combo dishes found for restaurant 816
[2025-12-10 13:29:21] [INFO] Results for Dï¿½panneur Gï¿½nï¿½reux:
[2025-12-10 13:29:21] [INFO]   - Dishes processed: 0
[2025-12-10 13:29:21] [INFO]   - Combo links created: 0
[2025-12-10 13:29:21] [INFO]   - Hide days set: 0
[2025-12-10 13:29:21] [INFO]   - Drinks modifiers: 0
[2025-12-10 13:29:21] [INFO] ============================================================
[2025-12-10 13:29:21] [INFO] Processing: Milano (V3: 818, V1: 1062)
[2025-12-10 13:29:21] [INFO] ============================================================
[2025-12-10 13:29:21] [INFO] Navigating to menu: https://menuadmin.menu.ca/?p=restaurants&display=editRestaurant&restaurant=1062&load=menu&showLang=en
[2025-12-10 13:29:25] [INFO] Found 6 combo dishes
[2025-12-10 13:29:25] [INFO] Processing combo dish: Perfect Combo Deal 1 lb wings 1/2lb PopCurds (combo_id=120522)
[2025-12-10 13:29:25] [INFO] Navigating to combo dish: https://menuadmin.menu.ca/?p=restaurants&display=editRestaurant&restaurant=1062&load=editCombo&showLang=en&combo=120522
[2025-12-10 13:29:32] [INFO] Processing combo dish: Large Pizza & Wings Combo (combo_id=120523)
[2025-12-10 13:29:32] [INFO] Navigating to combo dish: https://menuadmin.menu.ca/?p=restaurants&display=editRestaurant&restaurant=1062&load=editCombo&showLang=en&combo=120523
[2025-12-10 13:29:39] [INFO] Processing combo dish: Medium Pizza & Wings Combo (combo_id=120524)
[2025-12-10 13:29:39] [INFO] Navigating to combo dish: https://menuadmin.menu.ca/?p=restaurants&display=editRestaurant&restaurant=1062&load=editCombo&showLang=en&combo=120524
[2025-12-10 13:29:45] [INFO] Processing combo dish: Twins 1 Topping (combo_id=120518)
[2025-12-10 13:29:45] [INFO] Navigating to combo dish: https://menuadmin.menu.ca/?p=restaurants&display=editRestaurant&restaurant=1062&load=editCombo&showLang=en&combo=120518
[2025-12-10 13:29:48] [INFO] Processing combo dish: Twins 2 Toppings (combo_id=120519)
[2025-12-10 13:29:48] [INFO] Navigating to combo dish: https://menuadmin.menu.ca/?p=restaurants&display=editRestaurant&restaurant=1062&load=editCombo&showLang=en&combo=120519
[2025-12-10 13:29:51] [INFO] Processing combo dish: Twins 3 Toppings (combo_id=120520)
[2025-12-10 13:29:51] [INFO] Navigating to combo dish: https://menuadmin.menu.ca/?p=restaurants&display=editRestaurant&restaurant=1062&load=editCombo&showLang=en&combo=120520
[2025-12-10 13:29:54] [INFO] Results for Milano:
[2025-12-10 13:29:54] [INFO]   - Dishes processed: 6
[2025-12-10 13:29:54] [INFO]   - Combo links created: 24
[2025-12-10 13:29:54] [INFO]   - Hide days set: 0
[2025-12-10 13:29:54] [INFO]   - Drinks modifiers: 30
[2025-12-10 13:29:54] [INFO] ============================================================
[2025-12-10 13:29:54] [INFO] Processing: Milano (V3: 819, V1: 1063)
[2025-12-10 13:29:54] [INFO] ============================================================
[2025-12-10 13:29:54] [INFO] Navigating to menu: https://menuadmin.menu.ca/?p=restaurants&display=editRestaurant&restaurant=1063&load=menu&showLang=en
[2025-12-10 13:29:58] [INFO] Found 11 combo dishes
[2025-12-10 13:29:58] [INFO] Processing combo dish: March Special 1 Topping Pizzas (combo_id=123246)
[2025-12-10 13:29:58] [INFO] Navigating to combo dish: https://menuadmin.menu.ca/?p=restaurants&display=editRestaurant&restaurant=1063&load=editCombo&showLang=en&combo=123246
[2025-12-10 13:30:02] [INFO] Processing combo dish: March Special 2 Toppings Pizzas (combo_id=123247)
[2025-12-10 13:30:02] [INFO] Navigating to combo dish: https://menuadmin.menu.ca/?p=restaurants&display=editRestaurant&restaurant=1063&load=editCombo&showLang=en&combo=123247
[2025-12-10 13:30:06] [INFO] Processing combo dish: March Special 3 Toppings Pizzas (combo_id=123248)
[2025-12-10 13:30:06] [INFO] Navigating to combo dish: https://menuadmin.menu.ca/?p=restaurants&display=editRestaurant&restaurant=1063&load=editCombo&showLang=en&combo=123248
[2025-12-10 13:30:10] [INFO] Processing combo dish: Twins 1 Topping (combo_id=120913)
[2025-12-10 13:30:10] [INFO] Navigating to combo dish: https://menuadmin.menu.ca/?p=restaurants&display=editRestaurant&restaurant=1063&load=editCombo&showLang=en&combo=120913
[2025-12-10 13:30:17] [INFO] Processing combo dish: Twins 2 Toppings (combo_id=120914)
[2025-12-10 13:30:17] [INFO] Navigating to combo dish: https://menuadmin.menu.ca/?p=restaurants&display=editRestaurant&restaurant=1063&load=editCombo&showLang=en&combo=120914
[2025-12-10 13:30:24] [INFO] Processing combo dish: Twins 3 Toppings (combo_id=120915)
[2025-12-10 13:30:24] [INFO] Navigating to combo dish: https://menuadmin.menu.ca/?p=restaurants&display=editRestaurant&restaurant=1063&load=editCombo&showLang=en&combo=120915
[2025-12-10 13:30:31] [INFO] Processing combo dish: Large Pizza Deal (combo_id=120916)
[2025-12-10 13:30:31] [INFO] Navigating to combo dish: https://menuadmin.menu.ca/?p=restaurants&display=editRestaurant&restaurant=1063&load=editCombo&showLang=en&combo=120916
[2025-12-10 13:30:38] [INFO] Processing combo dish: Medium Pizza Deal (combo_id=120917)
[2025-12-10 13:30:38] [INFO] Navigating to combo dish: https://menuadmin.menu.ca/?p=restaurants&display=editRestaurant&restaurant=1063&load=editCombo&showLang=en&combo=120917
[2025-12-10 13:30:45] [INFO] Processing combo dish: The Perfect Combo Deal with PopCurds (combo_id=120918)
[2025-12-10 13:30:45] [INFO] Navigating to combo dish: https://menuadmin.menu.ca/?p=restaurants&display=editRestaurant&restaurant=1063&load=editCombo&showLang=en&combo=120918
[2025-12-10 13:30:52] [INFO] Processing combo dish: One Topping Pizza (combo_id=120880)
[2025-12-10 13:30:52] [INFO] Navigating to combo dish: https://menuadmin.menu.ca/?p=restaurants&display=editRestaurant&restaurant=1063&load=editCombo&showLang=en&combo=120880
[2025-12-10 13:30:55] [INFO] Processing combo dish: Two Toppings Pizza (combo_id=120881)
[2025-12-10 13:30:55] [INFO] Navigating to combo dish: https://menuadmin.menu.ca/?p=restaurants&display=editRestaurant&restaurant=1063&load=editCombo&showLang=en&combo=120881
[2025-12-10 13:30:57] [INFO] Results for Milano:
[2025-12-10 13:30:57] [INFO]   - Dishes processed: 11
[2025-12-10 13:30:57] [INFO]   - Combo links created: 42
[2025-12-10 13:30:57] [INFO]   - Hide days set: 21
[2025-12-10 13:30:57] [INFO]   - Drinks modifiers: 66
[2025-12-10 13:30:57] [INFO] ============================================================
[2025-12-10 13:30:57] [INFO] Processing: Vieux Hull Pizza (V3: 820, V1: 1064)
[2025-12-10 13:30:57] [INFO] ============================================================
[2025-12-10 13:30:57] [INFO] Navigating to menu: https://menuadmin.menu.ca/?p=restaurants&display=editRestaurant&restaurant=1064&load=menu&showLang=en
[2025-12-10 13:31:01] [INFO] Found 0 combo dishes
[2025-12-10 13:31:01] [INFO] No combo dishes found for restaurant 820
[2025-12-10 13:31:01] [INFO] Results for Vieux Hull Pizza:
[2025-12-10 13:31:01] [INFO]   - Dishes processed: 0
[2025-12-10 13:31:01] [INFO]   - Combo links created: 0
[2025-12-10 13:31:01] [INFO]   - Hide days set: 0
[2025-12-10 13:31:01] [INFO]   - Drinks modifiers: 0
[2025-12-10 13:31:01] [INFO] ============================================================
[2025-12-10 13:31:01] [INFO] Processing: Milano (V3: 821, V1: 1065)
[2025-12-10 13:31:01] [INFO] ============================================================
[2025-12-10 13:31:01] [INFO] Navigating to menu: https://menuadmin.menu.ca/?p=restaurants&display=editRestaurant&restaurant=1065&load=menu&showLang=en
[2025-12-10 13:31:05] [INFO] Found 5 combo dishes
[2025-12-10 13:31:05] [INFO] Processing combo dish: Special No1: 1 medium pizza 3 toppings, 1Lb wings, 1 garlic dip, 2 cans of pop (combo_id=121293)
[2025-12-10 13:31:05] [INFO] Navigating to combo dish: https://menuadmin.menu.ca/?p=restaurants&display=editRestaurant&restaurant=1065&load=editCombo&showLang=en&combo=121293
[2025-12-10 13:31:12] [INFO] Processing combo dish: Special No2: 1 large pizza 3 toppings, 1 1/2 Lb wings, 2 garlic dips, 3 cans of pop (combo_id=121294)
[2025-12-10 13:31:12] [INFO] Navigating to combo dish: https://menuadmin.menu.ca/?p=restaurants&display=editRestaurant&restaurant=1065&load=editCombo&showLang=en&combo=121294
[2025-12-10 13:31:18] [INFO] Processing combo dish: Special No3: 1 x-large 3 toppings pizza, 2Lbs wings, 3 garlic dips, 4 cans of pop (combo_id=121295)
[2025-12-10 13:31:18] [INFO] Navigating to combo dish: https://menuadmin.menu.ca/?p=restaurants&display=editRestaurant&restaurant=1065&load=editCombo&showLang=en&combo=121295
[2025-12-10 13:31:25] [INFO] Processing combo dish: Party Pack: 1 x-large 3 toppings pizza, 3Lbs wings, 3 garlic dips, 1 large french fries, garlic cheese bread, 6 cans of pop (combo_id=121297)
[2025-12-10 13:31:25] [INFO] Navigating to combo dish: https://menuadmin.menu.ca/?p=restaurants&display=editRestaurant&restaurant=1065&load=editCombo&showLang=en&combo=121297
[2025-12-10 13:31:31] [INFO] Processing combo dish: One Topping Pizza (combo_id=121216)
[2025-12-10 13:31:31] [INFO] Navigating to combo dish: https://menuadmin.menu.ca/?p=restaurants&display=editRestaurant&restaurant=1065&load=editCombo&showLang=en&combo=121216
[2025-12-10 13:31:34] [INFO] Results for Milano:
[2025-12-10 13:31:34] [INFO]   - Dishes processed: 5
[2025-12-10 13:31:34] [INFO]   - Combo links created: 19
[2025-12-10 13:31:34] [INFO]   - Hide days set: 0
[2025-12-10 13:31:34] [INFO]   - Drinks modifiers: 36
[2025-12-10 13:31:34] [INFO] ============================================================
[2025-12-10 13:31:34] [INFO] Processing: Papa Burger Maloney (V3: 822, V1: 1066)
[2025-12-10 13:31:34] [INFO] ============================================================
[2025-12-10 13:31:34] [INFO] Navigating to menu: https://menuadmin.menu.ca/?p=restaurants&display=editRestaurant&restaurant=1066&load=menu&showLang=en
[2025-12-10 13:31:38] [INFO] Found 0 combo dishes
[2025-12-10 13:31:38] [INFO] No combo dishes found for restaurant 822
[2025-12-10 13:31:38] [INFO] Results for Papa Burger Maloney:
[2025-12-10 13:31:38] [INFO]   - Dishes processed: 0
[2025-12-10 13:31:38] [INFO]   - Combo links created: 0
[2025-12-10 13:31:38] [INFO]   - Hide days set: 0
[2025-12-10 13:31:38] [INFO]   - Drinks modifiers: 0
[2025-12-10 13:31:38] [INFO] ============================================================
[2025-12-10 13:31:38] [INFO] Processing: Prima Pizza (V3: 824, V1: 1069)
[2025-12-10 13:31:38] [INFO] ============================================================
[2025-12-10 13:31:38] [INFO] Navigating to menu: https://menuadmin.menu.ca/?p=restaurants&display=editRestaurant&restaurant=1069&load=menu&showLang=en
[2025-12-10 13:31:42] [INFO] Found 7 combo dishes
[2025-12-10 13:31:42] [INFO] Processing combo dish: Small Pizza 3 Toppings (combo_id=123395)
[2025-12-10 13:31:42] [INFO] Navigating to combo dish: https://menuadmin.menu.ca/?p=restaurants&display=editRestaurant&restaurant=1069&load=editCombo&showLang=en&combo=123395
[2025-12-10 13:31:45] [INFO] Processing combo dish: Mega Meal (combo_id=123397)
[2025-12-10 13:31:45] [INFO] Navigating to combo dish: https://menuadmin.menu.ca/?p=restaurants&display=editRestaurant&restaurant=1069&load=editCombo&showLang=en&combo=123397
[2025-12-10 13:31:48] [INFO] Processing combo dish: Tiny Bites (combo_id=123398)
[2025-12-10 13:31:48] [INFO] Navigating to combo dish: https://menuadmin.menu.ca/?p=restaurants&display=editRestaurant&restaurant=1069&load=editCombo&showLang=en&combo=123398
[2025-12-10 13:31:57] [INFO] Processing combo dish: Pizza and Wing Combo Deal (combo_id=123399)
[2025-12-10 13:31:57] [INFO] Navigating to combo dish: https://menuadmin.menu.ca/?p=restaurants&display=editRestaurant&restaurant=1069&load=editCombo&showLang=en&combo=123399
[2025-12-10 13:32:05] [INFO] Processing combo dish: One Topping HIDE (combo_id=121556)
[2025-12-10 13:32:05] [INFO] Navigating to combo dish: https://menuadmin.menu.ca/?p=restaurants&display=editRestaurant&restaurant=1069&load=editCombo&showLang=en&combo=121556
[2025-12-10 13:32:08] [INFO] Processing combo dish: Two Toppings HIDE (combo_id=121557)
[2025-12-10 13:32:08] [INFO] Navigating to combo dish: https://menuadmin.menu.ca/?p=restaurants&display=editRestaurant&restaurant=1069&load=editCombo&showLang=en&combo=121557
[2025-12-10 13:32:10] [INFO] Processing combo dish: Three Toppings Pizza HIDE (combo_id=121558)
[2025-12-10 13:32:10] [INFO] Navigating to combo dish: https://menuadmin.menu.ca/?p=restaurants&display=editRestaurant&restaurant=1069&load=editCombo&showLang=en&combo=121558
[2025-12-10 13:32:13] [INFO] Results for Prima Pizza:
[2025-12-10 13:32:13] [INFO]   - Dishes processed: 7
[2025-12-10 13:32:13] [INFO]   - Combo links created: 25
[2025-12-10 13:32:13] [INFO]   - Hide days set: 0
[2025-12-10 13:32:13] [INFO]   - Drinks modifiers: 30
[2025-12-10 13:32:13] [INFO] ============================================================
[2025-12-10 13:32:13] [INFO] Processing: La Nawab V2 (V3: 825, V1: 1070)
[2025-12-10 13:32:13] [INFO] ============================================================
[2025-12-10 13:32:13] [INFO] Navigating to menu: https://menuadmin.menu.ca/?p=restaurants&display=editRestaurant&restaurant=1070&load=menu&showLang=en
[2025-12-10 13:32:17] [INFO] Found 0 combo dishes
[2025-12-10 13:32:17] [INFO] No combo dishes found for restaurant 825
[2025-12-10 13:32:17] [INFO] Results for La Nawab V2:
[2025-12-10 13:32:17] [INFO]   - Dishes processed: 0
[2025-12-10 13:32:17] [INFO]   - Combo links created: 0
[2025-12-10 13:32:17] [INFO]   - Hide days set: 0
[2025-12-10 13:32:17] [INFO]   - Drinks modifiers: 0
[2025-12-10 13:32:17] [INFO] ============================================================
[2025-12-10 13:32:17] [INFO] Processing: Pizzalicious (V3: 829, V1: 1074)
[2025-12-10 13:32:17] [INFO] ============================================================
[2025-12-10 13:32:17] [INFO] Navigating to menu: https://menuadmin.menu.ca/?p=restaurants&display=editRestaurant&restaurant=1074&load=menu&showLang=en
[2025-12-10 13:32:21] [INFO] Found 1 combo dishes
[2025-12-10 13:32:21] [INFO] Processing combo dish: Calzone (combo_id=122180)
[2025-12-10 13:32:21] [INFO] Navigating to combo dish: https://menuadmin.menu.ca/?p=restaurants&display=editRestaurant&restaurant=1074&load=editCombo&showLang=en&combo=122180
[2025-12-10 13:32:23] [INFO] Results for Pizzalicious:
[2025-12-10 13:32:23] [INFO]   - Dishes processed: 1
[2025-12-10 13:32:23] [INFO]   - Combo links created: 2
[2025-12-10 13:32:23] [INFO]   - Hide days set: 0
[2025-12-10 13:32:23] [INFO]   - Drinks modifiers: 0
[2025-12-10 13:32:23] [INFO] ============================================================
[2025-12-10 13:32:23] [INFO] Processing: All Out Burger (V3: 833, V1: 1080)
[2025-12-10 13:32:23] [INFO] ============================================================
[2025-12-10 13:32:23] [INFO] Navigating to menu: https://menuadmin.menu.ca/?p=restaurants&display=editRestaurant&restaurant=1080&load=menu&showLang=en
[2025-12-10 13:32:28] [INFO] Found 1 combo dishes
[2025-12-10 13:32:28] [INFO] Processing combo dish: Any 3 Burgers Special HIDE (combo_id=123194)
[2025-12-10 13:32:28] [INFO] Navigating to combo dish: https://menuadmin.menu.ca/?p=restaurants&display=editRestaurant&restaurant=1080&load=editCombo&showLang=en&combo=123194
[2025-12-10 13:32:30] [INFO] Results for All Out Burger:
[2025-12-10 13:32:30] [INFO]   - Dishes processed: 1
[2025-12-10 13:32:30] [INFO]   - Combo links created: 1
[2025-12-10 13:32:30] [INFO]   - Hide days set: 0
[2025-12-10 13:32:30] [INFO]   - Drinks modifiers: 0
[2025-12-10 13:32:30] [INFO] ============================================================
[2025-12-10 13:32:30] [INFO] Processing: Milano (V3: 835, V1: 1082)
[2025-12-10 13:32:30] [INFO] ============================================================
[2025-12-10 13:32:30] [INFO] Navigating to menu: https://menuadmin.menu.ca/?p=restaurants&display=editRestaurant&restaurant=1082&load=menu&showLang=en
[2025-12-10 13:32:34] [INFO] Found 14 combo dishes
[2025-12-10 13:32:34] [INFO] Processing combo dish: TWO Plain Pizzas Special HIDE (combo_id=123307)
[2025-12-10 13:32:34] [INFO] Navigating to combo dish: https://menuadmin.menu.ca/?p=restaurants&display=editRestaurant&restaurant=1082&load=editCombo&showLang=en&combo=123307
[2025-12-10 13:32:36] [INFO] Processing combo dish: TWO Tropical Hawaiian Pizza Special HIDE (combo_id=123308)
[2025-12-10 13:32:36] [INFO] Navigating to combo dish: https://menuadmin.menu.ca/?p=restaurants&display=editRestaurant&restaurant=1082&load=editCombo&showLang=en&combo=123308
[2025-12-10 13:32:39] [INFO] Processing combo dish: TWO Canadian Pizza Special HIDE (combo_id=123309)
[2025-12-10 13:32:39] [INFO] Navigating to combo dish: https://menuadmin.menu.ca/?p=restaurants&display=editRestaurant&restaurant=1082&load=editCombo&showLang=en&combo=123309
[2025-12-10 13:32:41] [INFO] Processing combo dish: TWO BBQ Chicken Pizza Special HIDE (combo_id=123310)
[2025-12-10 13:32:41] [INFO] Navigating to combo dish: https://menuadmin.menu.ca/?p=restaurants&display=editRestaurant&restaurant=1082&load=editCombo&showLang=en&combo=123310
[2025-12-10 13:32:43] [INFO] Processing combo dish: TWO Chicken Ranch Pizza Special HIDE (combo_id=123311)
[2025-12-10 13:32:43] [INFO] Navigating to combo dish: https://menuadmin.menu.ca/?p=restaurants&display=editRestaurant&restaurant=1082&load=editCombo&showLang=en&combo=123311
[2025-12-10 13:32:46] [INFO] Processing combo dish: TWO Meat Lovers Pizza Special HIDE (combo_id=123312)
[2025-12-10 13:32:46] [INFO] Navigating to combo dish: https://menuadmin.menu.ca/?p=restaurants&display=editRestaurant&restaurant=1082&load=editCombo&showLang=en&combo=123312
[2025-12-10 13:32:48] [INFO] Processing combo dish: Large Pizza Deal HIDE (combo_id=123158)
[2025-12-10 13:32:48] [INFO] Navigating to combo dish: https://menuadmin.menu.ca/?p=restaurants&display=editRestaurant&restaurant=1082&load=editCombo&showLang=en&combo=123158
[2025-12-10 13:32:51] [INFO] Processing combo dish: Medium Pizza Deal HIDE (combo_id=123159)
[2025-12-10 13:32:51] [INFO] Navigating to combo dish: https://menuadmin.menu.ca/?p=restaurants&display=editRestaurant&restaurant=1082&load=editCombo&showLang=en&combo=123159
[2025-12-10 13:32:54] [INFO] Processing combo dish: The Perfect Combo Deal with PopCurds HIDE (combo_id=123160)
[2025-12-10 13:32:54] [INFO] Navigating to combo dish: https://menuadmin.menu.ca/?p=restaurants&display=editRestaurant&restaurant=1082&load=editCombo&showLang=en&combo=123160
[2025-12-10 13:32:56] [INFO] Processing combo dish: 2 Pizza Deal 1 Topping & Two 591ml Drinks HIDE (combo_id=123155)
[2025-12-10 13:32:56] [INFO] Navigating to combo dish: https://menuadmin.menu.ca/?p=restaurants&display=editRestaurant&restaurant=1082&load=editCombo&showLang=en&combo=123155
[2025-12-10 13:33:03] [INFO] Processing combo dish: 2 Pizza Deal 2 Toppings & Two 591ml Drinks HIDE (combo_id=123156)
[2025-12-10 13:33:03] [INFO] Navigating to combo dish: https://menuadmin.menu.ca/?p=restaurants&display=editRestaurant&restaurant=1082&load=editCombo&showLang=en&combo=123156
[2025-12-10 13:33:10] [INFO] Processing combo dish: 2 Pizza Deal 3 Toppings & Two 591ml Drinks HIDE (combo_id=123157)
[2025-12-10 13:33:10] [INFO] Navigating to combo dish: https://menuadmin.menu.ca/?p=restaurants&display=editRestaurant&restaurant=1082&load=editCombo&showLang=en&combo=123157
[2025-12-10 13:33:16] [INFO] Processing combo dish: One Topping Pizza (combo_id=123126)
[2025-12-10 13:33:16] [INFO] Navigating to combo dish: https://menuadmin.menu.ca/?p=restaurants&display=editRestaurant&restaurant=1082&load=editCombo&showLang=en&combo=123126
[2025-12-10 13:33:19] [INFO] Processing combo dish: Two Toppings Pizza (combo_id=123127)
[2025-12-10 13:33:19] [INFO] Navigating to combo dish: https://menuadmin.menu.ca/?p=restaurants&display=editRestaurant&restaurant=1082&load=editCombo&showLang=en&combo=123127
[2025-12-10 13:33:21] [INFO] Results for Milano:
[2025-12-10 13:33:21] [INFO]   - Dishes processed: 14
[2025-12-10 13:33:21] [INFO]   - Combo links created: 42
[2025-12-10 13:33:21] [INFO]   - Hide days set: 0
[2025-12-10 13:33:21] [INFO]   - Drinks modifiers: 30
[2025-12-10 13:33:21] [INFO] ============================================================
[2025-12-10 13:33:21] [INFO] Processing: Souvlaki Souvlaki (V3: 836, V1: 1083)
[2025-12-10 13:33:21] [INFO] ============================================================
[2025-12-10 13:33:21] [INFO] Navigating to menu: https://menuadmin.menu.ca/?p=restaurants&display=editRestaurant&restaurant=1083&load=menu&showLang=en
[2025-12-10 13:33:26] [INFO] Found 0 combo dishes
[2025-12-10 13:33:26] [INFO] No combo dishes found for restaurant 836
[2025-12-10 13:33:26] [INFO] Results for Souvlaki Souvlaki:
[2025-12-10 13:33:26] [INFO]   - Dishes processed: 0
[2025-12-10 13:33:26] [INFO]   - Combo links created: 0
[2025-12-10 13:33:26] [INFO]   - Hide days set: 0
[2025-12-10 13:33:26] [INFO]   - Drinks modifiers: 0
[2025-12-10 13:33:26] [INFO] ============================================================
[2025-12-10 13:33:26] [INFO] Processing: Milano (V3: 837, V1: 1084)
[2025-12-10 13:33:26] [INFO] ============================================================
[2025-12-10 13:33:26] [INFO] Navigating to menu: https://menuadmin.menu.ca/?p=restaurants&display=editRestaurant&restaurant=1084&load=menu&showLang=en
[2025-12-10 13:33:30] [INFO] Found 8 combo dishes
[2025-12-10 13:33:30] [INFO] Processing combo dish: Large Pizza Deal (combo_id=123513)
[2025-12-10 13:33:30] [INFO] Navigating to combo dish: https://menuadmin.menu.ca/?p=restaurants&display=editRestaurant&restaurant=1084&load=editCombo&showLang=en&combo=123513
[2025-12-10 13:33:36] [INFO] Processing combo dish: Medium Pizza Deal (combo_id=123514)
[2025-12-10 13:33:36] [INFO] Navigating to combo dish: https://menuadmin.menu.ca/?p=restaurants&display=editRestaurant&restaurant=1084&load=editCombo&showLang=en&combo=123514
[2025-12-10 13:33:42] [INFO] Processing combo dish: The Perfect Combo Deal with Wings (combo_id=123515)
[2025-12-10 13:33:42] [INFO] Navigating to combo dish: https://menuadmin.menu.ca/?p=restaurants&display=editRestaurant&restaurant=1084&load=editCombo&showLang=en&combo=123515
[2025-12-10 13:33:48] [INFO] Processing combo dish: 1 Topping Pizza Deal (combo_id=123510)
[2025-12-10 13:33:48] [INFO] Navigating to combo dish: https://menuadmin.menu.ca/?p=restaurants&display=editRestaurant&restaurant=1084&load=editCombo&showLang=en&combo=123510
[2025-12-10 13:33:54] [INFO] Processing combo dish: 2 Toppings Pizza Deal (combo_id=123511)
[2025-12-10 13:33:54] [INFO] Navigating to combo dish: https://menuadmin.menu.ca/?p=restaurants&display=editRestaurant&restaurant=1084&load=editCombo&showLang=en&combo=123511
[2025-12-10 13:33:59] [INFO] Processing combo dish: 3 Toppings Pizza Deal (combo_id=123512)
[2025-12-10 13:33:59] [INFO] Navigating to combo dish: https://menuadmin.menu.ca/?p=restaurants&display=editRestaurant&restaurant=1084&load=editCombo&showLang=en&combo=123512
[2025-12-10 13:34:05] [INFO] Processing combo dish: One Topping Pizza (combo_id=123485)
[2025-12-10 13:34:05] [INFO] Navigating to combo dish: https://menuadmin.menu.ca/?p=restaurants&display=editRestaurant&restaurant=1084&load=editCombo&showLang=en&combo=123485
[2025-12-10 13:34:08] [INFO] Processing combo dish: Two Toppings Pizza (combo_id=123486)
[2025-12-10 13:34:08] [INFO] Navigating to combo dish: https://menuadmin.menu.ca/?p=restaurants&display=editRestaurant&restaurant=1084&load=editCombo&showLang=en&combo=123486
[2025-12-10 13:34:10] [INFO] Results for Milano:
[2025-12-10 13:34:10] [INFO]   - Dishes processed: 8
[2025-12-10 13:34:10] [INFO]   - Combo links created: 30
[2025-12-10 13:34:10] [INFO]   - Hide days set: 0
[2025-12-10 13:34:10] [INFO]   - Drinks modifiers: 48
[2025-12-10 13:34:10] [INFO] ============================================================
[2025-12-10 13:34:10] [INFO] Processing: Milano (V3: 840, V1: 1087)
[2025-12-10 13:34:10] [INFO] ============================================================
[2025-12-10 13:34:10] [INFO] Navigating to menu: https://menuadmin.menu.ca/?p=restaurants&display=editRestaurant&restaurant=1087&load=menu&showLang=en
[2025-12-10 13:34:15] [INFO] Found 6 combo dishes
[2025-12-10 13:34:15] [INFO] Processing combo dish: 1 Topping 2 Pizza Deal (combo_id=123880)
[2025-12-10 13:34:15] [INFO] Navigating to combo dish: https://menuadmin.menu.ca/?p=restaurants&display=editRestaurant&restaurant=1087&load=editCombo&showLang=en&combo=123880
[2025-12-10 13:34:18] [INFO] Processing combo dish: 2 Toppings 2 Pizza Deal (combo_id=123881)
[2025-12-10 13:34:18] [INFO] Navigating to combo dish: https://menuadmin.menu.ca/?p=restaurants&display=editRestaurant&restaurant=1087&load=editCombo&showLang=en&combo=123881
[2025-12-10 13:34:22] [INFO] Processing combo dish: 3 Toppings 2 Pizza Deal (combo_id=123882)
[2025-12-10 13:34:22] [INFO] Navigating to combo dish: https://menuadmin.menu.ca/?p=restaurants&display=editRestaurant&restaurant=1087&load=editCombo&showLang=en&combo=123882
[2025-12-10 13:34:26] [INFO] Processing combo dish: 2 Pizza Deal 1 Topping (V) (combo_id=123883)
[2025-12-10 13:34:26] [INFO] Navigating to combo dish: https://menuadmin.menu.ca/?p=restaurants&display=editRestaurant&restaurant=1087&load=editCombo&showLang=en&combo=123883
[2025-12-10 13:34:28] [INFO] Processing combo dish: 2 Pizza Deal 2 Toppings (V) (combo_id=123884)
[2025-12-10 13:34:28] [INFO] Navigating to combo dish: https://menuadmin.menu.ca/?p=restaurants&display=editRestaurant&restaurant=1087&load=editCombo&showLang=en&combo=123884
[2025-12-10 13:34:31] [INFO] Processing combo dish: 2 Pizza Deal 3 Toppings (V) (combo_id=123885)
[2025-12-10 13:34:31] [INFO] Navigating to combo dish: https://menuadmin.menu.ca/?p=restaurants&display=editRestaurant&restaurant=1087&load=editCombo&showLang=en&combo=123885
[2025-12-10 13:34:34] [INFO] Results for Milano:
[2025-12-10 13:34:34] [INFO]   - Dishes processed: 6
[2025-12-10 13:34:34] [INFO]   - Combo links created: 36
[2025-12-10 13:34:34] [INFO]   - Hide days set: 0
[2025-12-10 13:34:34] [INFO]   - Drinks modifiers: 0
[2025-12-10 13:34:34] [INFO] ============================================================
[2025-12-10 13:34:34] [INFO] Processing: All Out Burger (V3: 841, V1: 1088)
[2025-12-10 13:34:34] [INFO] ============================================================
[2025-12-10 13:34:34] [INFO] Navigating to menu: https://menuadmin.menu.ca/?p=restaurants&display=editRestaurant&restaurant=1088&load=menu&showLang=en
[2025-12-10 13:34:38] [INFO] Found 1 combo dishes
[2025-12-10 13:34:38] [INFO] Processing combo dish: Any 3 Burgers Special HIDE (combo_id=123978)
[2025-12-10 13:34:38] [INFO] Navigating to combo dish: https://menuadmin.menu.ca/?p=restaurants&display=editRestaurant&restaurant=1088&load=editCombo&showLang=en&combo=123978
[2025-12-10 13:34:40] [INFO] Results for All Out Burger:
[2025-12-10 13:34:40] [INFO]   - Dishes processed: 1
[2025-12-10 13:34:40] [INFO]   - Combo links created: 1
[2025-12-10 13:34:40] [INFO]   - Hide days set: 0
[2025-12-10 13:34:40] [INFO]   - Drinks modifiers: 0
[2025-12-10 13:34:40] [INFO] ============================================================
[2025-12-10 13:34:40] [INFO] Processing: Milano (V3: 842, V1: 1089)
[2025-12-10 13:34:40] [INFO] ============================================================
[2025-12-10 13:34:40] [INFO] Navigating to menu: https://menuadmin.menu.ca/?p=restaurants&display=editRestaurant&restaurant=1089&load=menu&showLang=en
[2025-12-10 13:34:44] [INFO] Found 8 combo dishes
[2025-12-10 13:34:44] [INFO] Processing combo dish: Twins Pizzas 1 Topping (combo_id=124215)
[2025-12-10 13:34:44] [INFO] Navigating to combo dish: https://menuadmin.menu.ca/?p=restaurants&display=editRestaurant&restaurant=1089&load=editCombo&showLang=en&combo=124215
[2025-12-10 13:34:51] [INFO] Processing combo dish: Twins Pizzas 2 Toppings (combo_id=124216)
[2025-12-10 13:34:51] [INFO] Navigating to combo dish: https://menuadmin.menu.ca/?p=restaurants&display=editRestaurant&restaurant=1089&load=editCombo&showLang=en&combo=124216
[2025-12-10 13:34:58] [INFO] Processing combo dish: Twins Pizzas 3 Toppings (combo_id=124217)
[2025-12-10 13:34:58] [INFO] Navigating to combo dish: https://menuadmin.menu.ca/?p=restaurants&display=editRestaurant&restaurant=1089&load=editCombo&showLang=en&combo=124217
[2025-12-10 13:35:05] [INFO] Processing combo dish: Large Pizza Deal (combo_id=124218)
[2025-12-10 13:35:05] [INFO] Navigating to combo dish: https://menuadmin.menu.ca/?p=restaurants&display=editRestaurant&restaurant=1089&load=editCombo&showLang=en&combo=124218
[2025-12-10 13:35:07] [INFO] Processing combo dish: Medium Pizza Deal (combo_id=124219)
[2025-12-10 13:35:07] [INFO] Navigating to combo dish: https://menuadmin.menu.ca/?p=restaurants&display=editRestaurant&restaurant=1089&load=editCombo&showLang=en&combo=124219
[2025-12-10 13:35:10] [INFO] Processing combo dish: The Perfect Combo Deal (combo_id=124220)
[2025-12-10 13:35:10] [INFO] Navigating to combo dish: https://menuadmin.menu.ca/?p=restaurants&display=editRestaurant&restaurant=1089&load=editCombo&showLang=en&combo=124220
[2025-12-10 13:35:17] [INFO] Processing combo dish: 1 Topping Pizza (combo_id=124196)
[2025-12-10 13:35:17] [INFO] Navigating to combo dish: https://menuadmin.menu.ca/?p=restaurants&display=editRestaurant&restaurant=1089&load=editCombo&showLang=en&combo=124196
[2025-12-10 13:35:24] [INFO] Processing combo dish: 2 Toppings Pizza (combo_id=124197)
[2025-12-10 13:35:24] [INFO] Navigating to combo dish: https://menuadmin.menu.ca/?p=restaurants&display=editRestaurant&restaurant=1089&load=editCombo&showLang=en&combo=124197
[2025-12-10 13:35:30] [INFO] Results for Milano:
[2025-12-10 13:35:30] [INFO]   - Dishes processed: 8
[2025-12-10 13:35:30] [INFO]   - Combo links created: 30
[2025-12-10 13:35:30] [INFO]   - Hide days set: 0
[2025-12-10 13:35:30] [INFO]   - Drinks modifiers: 66
[2025-12-10 13:35:30] [INFO] ============================================================
[2025-12-10 13:35:30] [INFO] Processing: Mykonos Greek Grill (V3: 845, V1: 1092)
[2025-12-10 13:35:30] [INFO] ============================================================
[2025-12-10 13:35:30] [INFO] Navigating to menu: https://menuadmin.menu.ca/?p=restaurants&display=editRestaurant&restaurant=1092&load=menu&showLang=en
[2025-12-10 13:35:34] [INFO] Found 0 combo dishes
[2025-12-10 13:35:34] [INFO] No combo dishes found for restaurant 845
[2025-12-10 13:35:34] [INFO] Results for Mykonos Greek Grill:
[2025-12-10 13:35:34] [INFO]   - Dishes processed: 0
[2025-12-10 13:35:34] [INFO]   - Combo links created: 0
[2025-12-10 13:35:34] [INFO]   - Hide days set: 0
[2025-12-10 13:35:34] [INFO]   - Drinks modifiers: 0
[2025-12-10 13:35:34] [INFO] ============================================================
[2025-12-10 13:35:34] [INFO] Processing: Mykonos Greek Grill (V3: 846, V1: 1093)
[2025-12-10 13:35:34] [INFO] ============================================================
[2025-12-10 13:35:34] [INFO] Navigating to menu: https://menuadmin.menu.ca/?p=restaurants&display=editRestaurant&restaurant=1093&load=menu&showLang=en
[2025-12-10 13:35:38] [INFO] Found 0 combo dishes
[2025-12-10 13:35:38] [INFO] No combo dishes found for restaurant 846
[2025-12-10 13:35:38] [INFO] Results for Mykonos Greek Grill:
[2025-12-10 13:35:38] [INFO]   - Dishes processed: 0
[2025-12-10 13:35:38] [INFO]   - Combo links created: 0
[2025-12-10 13:35:38] [INFO]   - Hide days set: 0
[2025-12-10 13:35:38] [INFO]   - Drinks modifiers: 0
[2025-12-10 13:35:38] [INFO] ============================================================
[2025-12-10 13:35:38] [INFO] Processing: Sushiyana (V3: 847, V1: 1094)
[2025-12-10 13:35:38] [INFO] ============================================================
[2025-12-10 13:35:38] [INFO] Navigating to menu: https://menuadmin.menu.ca/?p=restaurants&display=editRestaurant&restaurant=1094&load=menu&showLang=en
[2025-12-10 13:35:43] [INFO] Found 0 combo dishes
[2025-12-10 13:35:43] [INFO] No combo dishes found for restaurant 847
[2025-12-10 13:35:43] [INFO] Results for Sushiyana:
[2025-12-10 13:35:43] [INFO]   - Dishes processed: 0
[2025-12-10 13:35:43] [INFO]   - Combo links created: 0
[2025-12-10 13:35:43] [INFO]   - Hide days set: 0
[2025-12-10 13:35:43] [INFO]   - Drinks modifiers: 0
[2025-12-10 13:35:43] [INFO] ============================================================
[2025-12-10 13:35:43] [INFO] Processing: Ting's Kitchen (V3: 941, V1: 694)
[2025-12-10 13:35:43] [INFO] ============================================================
[2025-12-10 13:35:43] [INFO] Navigating to menu: https://menuadmin.menu.ca/?p=restaurants&display=editRestaurant&restaurant=694&load=menu&showLang=en
[2025-12-10 13:35:47] [INFO] Found 0 combo dishes
[2025-12-10 13:35:47] [INFO] No combo dishes found for restaurant 941
[2025-12-10 13:35:47] [INFO] Results for Ting's Kitchen:
[2025-12-10 13:35:47] [INFO]   - Dishes processed: 0
[2025-12-10 13:35:47] [INFO]   - Combo links created: 0
[2025-12-10 13:35:47] [INFO]   - Hide days set: 0
[2025-12-10 13:35:47] [INFO]   - Drinks modifiers: 0
[2025-12-10 13:35:47] [INFO] ============================================================
[2025-12-10 13:35:47] [INFO] Processing: Charm Thai Cuisine (V3: 943, V1: 323)
[2025-12-10 13:35:47] [INFO] ============================================================
[2025-12-10 13:35:47] [INFO] Navigating to menu: https://menuadmin.menu.ca/?p=restaurants&display=editRestaurant&restaurant=323&load=menu&showLang=en
[2025-12-10 13:35:51] [INFO] Found 0 combo dishes
[2025-12-10 13:35:51] [INFO] No combo dishes found for restaurant 943
[2025-12-10 13:35:51] [INFO] Results for Charm Thai Cuisine:
[2025-12-10 13:35:51] [INFO]   - Dishes processed: 0
[2025-12-10 13:35:51] [INFO]   - Combo links created: 0
[2025-12-10 13:35:51] [INFO]   - Hide days set: 0
[2025-12-10 13:35:51] [INFO]   - Drinks modifiers: 0
[2025-12-10 13:35:51] [INFO] ============================================================
[2025-12-10 13:35:51] [INFO] Processing: La Famiglia on the Danforth (V3: 984, V1: 364)
[2025-12-10 13:35:51] [INFO] ============================================================
[2025-12-10 13:35:51] [INFO] Navigating to menu: https://menuadmin.menu.ca/?p=restaurants&display=editRestaurant&restaurant=364&load=menu&showLang=en
[2025-12-10 13:35:55] [INFO] Found 4 combo dishes
[2025-12-10 13:35:55] [INFO] Processing combo dish: Clam Casina (combo_id=30524)
[2025-12-10 13:35:55] [INFO] Navigating to combo dish: https://menuadmin.menu.ca/?p=restaurants&display=editRestaurant&restaurant=364&load=editCombo&showLang=en&combo=30524
[2025-12-10 13:35:58] [INFO] Processing combo dish: Hawaiian (combo_id=30703)
[2025-12-10 13:35:58] [INFO] Navigating to combo dish: https://menuadmin.menu.ca/?p=restaurants&display=editRestaurant&restaurant=364&load=editCombo&showLang=en&combo=30703
[2025-12-10 13:36:00] [INFO] Processing combo dish: Half a Sub and Salad HIDE (combo_id=30707)
[2025-12-10 13:36:00] [INFO] Navigating to combo dish: https://menuadmin.menu.ca/?p=restaurants&display=editRestaurant&restaurant=364&load=editCombo&showLang=en&combo=30707
[2025-12-10 13:36:02] [INFO] Processing combo dish: Half a Sub and Fries HIDE (combo_id=30708)
[2025-12-10 13:36:02] [INFO] Navigating to combo dish: https://menuadmin.menu.ca/?p=restaurants&display=editRestaurant&restaurant=364&load=editCombo&showLang=en&combo=30708
[2025-12-10 13:36:05] [INFO] Results for La Famiglia on the Danforth:
[2025-12-10 13:36:05] [INFO]   - Dishes processed: 4
[2025-12-10 13:36:05] [INFO]   - Combo links created: 8
[2025-12-10 13:36:05] [INFO]   - Hide days set: 0
[2025-12-10 13:36:05] [INFO]   - Drinks modifiers: 0
[2025-12-10 13:36:05] [INFO] ============================================================
[2025-12-10 13:36:05] [INFO] Processing: Yorgo's - Nepean (V3: 985, V1: 547)
[2025-12-10 13:36:05] [INFO] ============================================================
[2025-12-10 13:36:05] [INFO] Navigating to menu: https://menuadmin.menu.ca/?p=restaurants&display=editRestaurant&restaurant=547&load=menu&showLang=en
[2025-12-10 13:36:09] [INFO] Found 9 combo dishes
[2025-12-10 13:36:09] [INFO] Processing combo dish: 1 Topping (combo_id=52711)
[2025-12-10 13:36:09] [INFO] Navigating to combo dish: https://menuadmin.menu.ca/?p=restaurants&display=editRestaurant&restaurant=547&load=editCombo&showLang=en&combo=52711
[2025-12-10 13:36:11] [INFO] Processing combo dish: 2 Toppings (combo_id=52712)
[2025-12-10 13:36:11] [INFO] Navigating to combo dish: https://menuadmin.menu.ca/?p=restaurants&display=editRestaurant&restaurant=547&load=editCombo&showLang=en&combo=52712
[2025-12-10 13:36:14] [INFO] Processing combo dish: 1 Topping (combo_id=52720)
[2025-12-10 13:36:14] [INFO] Navigating to combo dish: https://menuadmin.menu.ca/?p=restaurants&display=editRestaurant&restaurant=547&load=editCombo&showLang=en&combo=52720
[2025-12-10 13:36:17] [INFO] Processing combo dish: 2 Toppings (combo_id=52721)
[2025-12-10 13:36:17] [INFO] Navigating to combo dish: https://menuadmin.menu.ca/?p=restaurants&display=editRestaurant&restaurant=547&load=editCombo&showLang=en&combo=52721
[2025-12-10 13:36:19] [INFO] Processing combo dish: 3 Toppings (combo_id=52722)
[2025-12-10 13:36:19] [INFO] Navigating to combo dish: https://menuadmin.menu.ca/?p=restaurants&display=editRestaurant&restaurant=547&load=editCombo&showLang=en&combo=52722
[2025-12-10 13:36:22] [INFO] Processing combo dish: Large Pizza and Wings (combo_id=52730)
[2025-12-10 13:36:22] [INFO] Navigating to combo dish: https://menuadmin.menu.ca/?p=restaurants&display=editRestaurant&restaurant=547&load=editCombo&showLang=en&combo=52730
[2025-12-10 13:36:29] [INFO] Processing combo dish: Medium Pizza and Wings (combo_id=52731)
[2025-12-10 13:36:29] [INFO] Navigating to combo dish: https://menuadmin.menu.ca/?p=restaurants&display=editRestaurant&restaurant=547&load=editCombo&showLang=en&combo=52731
[2025-12-10 13:36:36] [INFO] Processing combo dish: 2 Large Pizza and Wings (combo_id=52738)
[2025-12-10 13:36:36] [INFO] Navigating to combo dish: https://menuadmin.menu.ca/?p=restaurants&display=editRestaurant&restaurant=547&load=editCombo&showLang=en&combo=52738
[2025-12-10 13:36:43] [INFO] Processing combo dish: 2 Medium Pizza and Wings (combo_id=52740)
[2025-12-10 13:36:43] [INFO] Navigating to combo dish: https://menuadmin.menu.ca/?p=restaurants&display=editRestaurant&restaurant=547&load=editCombo&showLang=en&combo=52740
[2025-12-10 13:36:50] [INFO] Results for Yorgo's - Nepean:
[2025-12-10 13:36:50] [INFO]   - Dishes processed: 9
[2025-12-10 13:36:50] [INFO]   - Combo links created: 36
[2025-12-10 13:36:50] [INFO]   - Hide days set: 0
[2025-12-10 13:36:50] [INFO]   - Drinks modifiers: 44
[2025-12-10 13:36:50] [INFO] ============================================================
[2025-12-10 13:36:50] [INFO] Processing: Econo Pizza (V3: 1009, V1: 1095)
[2025-12-10 13:36:50] [INFO] ============================================================
[2025-12-10 13:36:50] [INFO] Navigating to menu: https://menuadmin.menu.ca/?p=restaurants&display=editRestaurant&restaurant=1095&load=menu&showLang=en
[2025-12-10 13:36:55] [INFO] Found 5 combo dishes
[2025-12-10 13:36:55] [INFO] Processing combo dish:  (combo_id=124967)
[2025-12-10 13:36:55] [INFO] Navigating to combo dish: https://menuadmin.menu.ca/?p=restaurants&display=editRestaurant&restaurant=1095&load=editCombo&showLang=en&combo=124967
[2025-12-10 13:36:56] [WARNING] Dish not found in database: 
[2025-12-10 13:36:56] [INFO] Processing combo dish:  (combo_id=124968)
[2025-12-10 13:36:56] [INFO] Navigating to combo dish: https://menuadmin.menu.ca/?p=restaurants&display=editRestaurant&restaurant=1095&load=editCombo&showLang=en&combo=124968
[2025-12-10 13:36:58] [WARNING] Dish not found in database: 
[2025-12-10 13:36:58] [INFO] Processing combo dish:  (combo_id=124995)
[2025-12-10 13:36:58] [INFO] Navigating to combo dish: https://menuadmin.menu.ca/?p=restaurants&display=editRestaurant&restaurant=1095&load=editCombo&showLang=en&combo=124995
[2025-12-10 13:36:59] [WARNING] Dish not found in database: 
[2025-12-10 13:36:59] [INFO] Processing combo dish:  (combo_id=125004)
[2025-12-10 13:36:59] [INFO] Navigating to combo dish: https://menuadmin.menu.ca/?p=restaurants&display=editRestaurant&restaurant=1095&load=editCombo&showLang=en&combo=125004
[2025-12-10 13:37:01] [WARNING] Dish not found in database: 
[2025-12-10 13:37:01] [INFO] Processing combo dish:  (combo_id=125006)
[2025-12-10 13:37:01] [INFO] Navigating to combo dish: https://menuadmin.menu.ca/?p=restaurants&display=editRestaurant&restaurant=1095&load=editCombo&showLang=en&combo=125006
[2025-12-10 13:37:02] [WARNING] Dish not found in database: 
[2025-12-10 13:37:02] [INFO] Results for Econo Pizza:
[2025-12-10 13:37:02] [INFO]   - Dishes processed: 0
[2025-12-10 13:37:02] [INFO]   - Combo links created: 0
[2025-12-10 13:37:02] [INFO]   - Hide days set: 0
[2025-12-10 13:37:02] [INFO]   - Drinks modifiers: 0
[2025-12-10 13:37:02] [INFO] ============================================================
[2025-12-10 13:37:02] [INFO] Processing: Lemongrass Thai Cuisine (V3: 1010, V1: 219)
[2025-12-10 13:37:02] [INFO] ============================================================
[2025-12-10 13:37:02] [INFO] Navigating to menu: https://menuadmin.menu.ca/?p=restaurants&display=editRestaurant&restaurant=219&load=menu&showLang=en
[2025-12-10 13:37:06] [INFO] Found 0 combo dishes
[2025-12-10 13:37:06] [INFO] No combo dishes found for restaurant 1010
[2025-12-10 13:37:06] [INFO] Results for Lemongrass Thai Cuisine:
[2025-12-10 13:37:06] [INFO]   - Dishes processed: 0
[2025-12-10 13:37:06] [INFO]   - Combo links created: 0
[2025-12-10 13:37:06] [INFO]   - Hide days set: 0
[2025-12-10 13:37:06] [INFO]   - Drinks modifiers: 0
[2025-12-10 13:37:06] [INFO] ============================================================
[2025-12-10 13:37:06] [INFO] Processing: Mozza Pizza Gatineau (V3: 1011, V1: 132)
[2025-12-10 13:37:06] [INFO] ============================================================
[2025-12-10 13:37:06] [INFO] Navigating to menu: https://menuadmin.menu.ca/?p=restaurants&display=editRestaurant&restaurant=132&load=menu&showLang=en
[2025-12-10 13:37:10] [INFO] Found 0 combo dishes
[2025-12-10 13:37:10] [INFO] No combo dishes found for restaurant 1011
[2025-12-10 13:37:10] [INFO] Results for Mozza Pizza Gatineau:
[2025-12-10 13:37:10] [INFO]   - Dishes processed: 0
[2025-12-10 13:37:10] [INFO]   - Combo links created: 0
[2025-12-10 13:37:10] [INFO]   - Hide days set: 0
[2025-12-10 13:37:10] [INFO]   - Drinks modifiers: 0
[2025-12-10 13:37:10] [INFO] ============================================================
[2025-12-10 13:37:10] [INFO] Processing: Papa Pizza Des Flandres (V3: 1012, V1: 231)
[2025-12-10 13:37:10] [INFO] ============================================================
[2025-12-10 13:37:10] [INFO] Navigating to menu: https://menuadmin.menu.ca/?p=restaurants&display=editRestaurant&restaurant=231&load=menu&showLang=en
[2025-12-10 13:37:14] [INFO] Found 0 combo dishes
[2025-12-10 13:37:14] [INFO] No combo dishes found for restaurant 1012
[2025-12-10 13:37:14] [INFO] Results for Papa Pizza Des Flandres:
[2025-12-10 13:37:14] [INFO]   - Dishes processed: 0
[2025-12-10 13:37:14] [INFO]   - Combo links created: 0
[2025-12-10 13:37:14] [INFO]   - Hide days set: 0
[2025-12-10 13:37:14] [INFO]   - Drinks modifiers: 0
[2025-12-10 13:37:14] [INFO] ============================================================
[2025-12-10 13:37:14] [INFO] Processing: Papa Pizza Maloney (V3: 1013, V1: 346)
[2025-12-10 13:37:14] [INFO] ============================================================
[2025-12-10 13:37:14] [INFO] Navigating to menu: https://menuadmin.menu.ca/?p=restaurants&display=editRestaurant&restaurant=346&load=menu&showLang=en
[2025-12-10 13:37:18] [INFO] Found 0 combo dishes
[2025-12-10 13:37:18] [INFO] No combo dishes found for restaurant 1013
[2025-12-10 13:37:18] [INFO] Results for Papa Pizza Maloney:
[2025-12-10 13:37:18] [INFO]   - Dishes processed: 0
[2025-12-10 13:37:18] [INFO]   - Combo links created: 0
[2025-12-10 13:37:18] [INFO]   - Hide days set: 0
[2025-12-10 13:37:18] [INFO]   - Drinks modifiers: 0
[2025-12-10 13:37:18] [INFO] ============================================================
[2025-12-10 13:37:18] [INFO] Processing: Papa Pizza Val-Des-Monts (V3: 1014, V1: 703)
[2025-12-10 13:37:18] [INFO] ============================================================
[2025-12-10 13:37:18] [INFO] Navigating to menu: https://menuadmin.menu.ca/?p=restaurants&display=editRestaurant&restaurant=703&load=menu&showLang=en
[2025-12-10 13:37:22] [INFO] Found 0 combo dishes
[2025-12-10 13:37:22] [INFO] No combo dishes found for restaurant 1014
[2025-12-10 13:37:22] [INFO] Results for Papa Pizza Val-Des-Monts:
[2025-12-10 13:37:22] [INFO]   - Dishes processed: 0
[2025-12-10 13:37:22] [INFO]   - Combo links created: 0
[2025-12-10 13:37:22] [INFO]   - Hide days set: 0
[2025-12-10 13:37:22] [INFO]   - Drinks modifiers: 0
[2025-12-10 13:37:22] [INFO] ============================================================
[2025-12-10 13:37:22] [INFO] Processing: Poutinerie Québecurds Gatineau (V3: 1015, V1: 1046)
[2025-12-10 13:37:22] [INFO] ============================================================
[2025-12-10 13:37:22] [INFO] Navigating to menu: https://menuadmin.menu.ca/?p=restaurants&display=editRestaurant&restaurant=1046&load=menu&showLang=en
[2025-12-10 13:37:26] [INFO] Found 18 combo dishes
[2025-12-10 13:37:26] [INFO] Processing combo dish: 2 Small Poutines with Drinks (combo_id=122598)
[2025-12-10 13:37:26] [INFO] Navigating to combo dish: https://menuadmin.menu.ca/?p=restaurants&display=editRestaurant&restaurant=1046&load=editCombo&showLang=en&combo=122598
[2025-12-10 13:37:35] [INFO] Processing combo dish: Special SOLO with Donuts (combo_id=122599)
[2025-12-10 13:37:35] [INFO] Navigating to combo dish: https://menuadmin.menu.ca/?p=restaurants&display=editRestaurant&restaurant=1046&load=editCombo&showLang=en&combo=122599
[2025-12-10 13:37:43] [INFO] Processing combo dish: Special SOLO with Churros (combo_id=122600)
[2025-12-10 13:37:43] [INFO] Navigating to combo dish: https://menuadmin.menu.ca/?p=restaurants&display=editRestaurant&restaurant=1046&load=editCombo&showLang=en&combo=122600
[2025-12-10 13:37:51] [INFO] Processing combo dish: Create Your Own Poutine HIDE (combo_id=116698)
[2025-12-10 13:37:51] [INFO] Navigating to combo dish: https://menuadmin.menu.ca/?p=restaurants&display=editRestaurant&restaurant=1046&load=editCombo&showLang=en&combo=116698
[2025-12-10 13:37:53] [INFO] Processing combo dish: Classic Poutine (combo_id=116699)
[2025-12-10 13:37:53] [INFO] Navigating to combo dish: https://menuadmin.menu.ca/?p=restaurants&display=editRestaurant&restaurant=1046&load=editCombo&showLang=en&combo=116699
[2025-12-10 13:37:56] [INFO] Processing combo dish: Buffalo Poutine (combo_id=116700)
[2025-12-10 13:37:56] [INFO] Navigating to combo dish: https://menuadmin.menu.ca/?p=restaurants&display=editRestaurant&restaurant=1046&load=editCombo&showLang=en&combo=116700
[2025-12-10 13:37:59] [INFO] Processing combo dish: Thai Chicken Poutine (combo_id=116701)
[2025-12-10 13:37:59] [INFO] Navigating to combo dish: https://menuadmin.menu.ca/?p=restaurants&display=editRestaurant&restaurant=1046&load=editCombo&showLang=en&combo=116701
[2025-12-10 13:38:02] [INFO] Processing combo dish: The Gatinoise (combo_id=116702)
[2025-12-10 13:38:02] [INFO] Navigating to combo dish: https://menuadmin.menu.ca/?p=restaurants&display=editRestaurant&restaurant=1046&load=editCombo&showLang=en&combo=116702
[2025-12-10 13:38:04] [INFO] Processing combo dish: Meat Lovers Poutine (combo_id=116703)
[2025-12-10 13:38:04] [INFO] Navigating to combo dish: https://menuadmin.menu.ca/?p=restaurants&display=editRestaurant&restaurant=1046&load=editCombo&showLang=en&combo=116703
[2025-12-10 13:38:07] [INFO] Processing combo dish: Philly Cheese Steak Poutine (combo_id=116704)
[2025-12-10 13:38:07] [INFO] Navigating to combo dish: https://menuadmin.menu.ca/?p=restaurants&display=editRestaurant&restaurant=1046&load=editCombo&showLang=en&combo=116704
[2025-12-10 13:38:10] [INFO] Processing combo dish: Pop Curds Poutine (combo_id=116705)
[2025-12-10 13:38:10] [INFO] Navigating to combo dish: https://menuadmin.menu.ca/?p=restaurants&display=editRestaurant&restaurant=1046&load=editCombo&showLang=en&combo=116705
[2025-12-10 13:38:13] [INFO] Processing combo dish: Poutine with Crispy Chicken (combo_id=116706)
[2025-12-10 13:38:13] [INFO] Navigating to combo dish: https://menuadmin.menu.ca/?p=restaurants&display=editRestaurant&restaurant=1046&load=editCombo&showLang=en&combo=116706
[2025-12-10 13:38:15] [INFO] Processing combo dish: Bacon Poutine (combo_id=116707)
[2025-12-10 13:38:15] [INFO] Navigating to combo dish: https://menuadmin.menu.ca/?p=restaurants&display=editRestaurant&restaurant=1046&load=editCombo&showLang=en&combo=116707
[2025-12-10 13:38:18] [INFO] Processing combo dish: The Poutine Club (combo_id=116708)
[2025-12-10 13:38:18] [INFO] Navigating to combo dish: https://menuadmin.menu.ca/?p=restaurants&display=editRestaurant&restaurant=1046&load=editCombo&showLang=en&combo=116708
[2025-12-10 13:38:21] [INFO] Processing combo dish: Vegetarian Poutine (combo_id=116709)
[2025-12-10 13:38:21] [INFO] Navigating to combo dish: https://menuadmin.menu.ca/?p=restaurants&display=editRestaurant&restaurant=1046&load=editCombo&showLang=en&combo=116709
[2025-12-10 13:38:24] [INFO] Processing combo dish: Smoked Meat Poutine (combo_id=116710)
[2025-12-10 13:38:24] [INFO] Navigating to combo dish: https://menuadmin.menu.ca/?p=restaurants&display=editRestaurant&restaurant=1046&load=editCombo&showLang=en&combo=116710
[2025-12-10 13:38:26] [INFO] Processing combo dish: Spicy Poutine (combo_id=116711)
[2025-12-10 13:38:26] [INFO] Navigating to combo dish: https://menuadmin.menu.ca/?p=restaurants&display=editRestaurant&restaurant=1046&load=editCombo&showLang=en&combo=116711
[2025-12-10 13:38:29] [INFO] Processing combo dish: Donair Poutine (combo_id=116712)
[2025-12-10 13:38:29] [INFO] Navigating to combo dish: https://menuadmin.menu.ca/?p=restaurants&display=editRestaurant&restaurant=1046&load=editCombo&showLang=en&combo=116712
[2025-12-10 13:38:32] [INFO] Results for Poutinerie Québecurds Gatineau:
[2025-12-10 13:38:32] [INFO]   - Dishes processed: 18
[2025-12-10 13:38:32] [INFO]   - Combo links created: 81
[2025-12-10 13:38:32] [INFO]   - Hide days set: 0
[2025-12-10 13:38:32] [INFO]   - Drinks modifiers: 36
[2025-12-10 13:38:32] [INFO] ============================================================
[2025-12-10 13:38:32] [INFO] Processing: Roulas Grecque et Pizza (V3: 1016, V1: 173)
[2025-12-10 13:38:32] [INFO] ============================================================
[2025-12-10 13:38:32] [INFO] Navigating to menu: https://menuadmin.menu.ca/?p=restaurants&display=editRestaurant&restaurant=173&load=menu&showLang=en
[2025-12-10 13:38:36] [INFO] Found 0 combo dishes
[2025-12-10 13:38:36] [INFO] No combo dishes found for restaurant 1016
[2025-12-10 13:38:36] [INFO] Results for Roulas Grecque et Pizza:
[2025-12-10 13:38:36] [INFO]   - Dishes processed: 0
[2025-12-10 13:38:36] [INFO]   - Combo links created: 0
[2025-12-10 13:38:36] [INFO]   - Hide days set: 0
[2025-12-10 13:38:36] [INFO]   - Drinks modifiers: 0
[2025-12-10 13:38:36] [INFO] ============================================================
[2025-12-10 13:38:36] [INFO] Processing: Sushi Express Chambly (V3: 1017, V1: 511)
[2025-12-10 13:38:36] [INFO] ============================================================
[2025-12-10 13:38:36] [INFO] Navigating to menu: https://menuadmin.menu.ca/?p=restaurants&display=editRestaurant&restaurant=511&load=menu&showLang=en
[2025-12-10 13:38:40] [INFO] Found 0 combo dishes
[2025-12-10 13:38:40] [INFO] No combo dishes found for restaurant 1017
[2025-12-10 13:38:40] [INFO] Results for Sushi Express Chambly:
[2025-12-10 13:38:40] [INFO]   - Dishes processed: 0
[2025-12-10 13:38:40] [INFO]   - Combo links created: 0
[2025-12-10 13:38:40] [INFO]   - Hide days set: 0
[2025-12-10 13:38:40] [INFO]   - Drinks modifiers: 0
[2025-12-10 13:38:40] [INFO] Stopping Combo Scraper...
[2025-12-10 13:38:40] [INFO] Database connection closed
[2025-12-10 13:38:40] [INFO] All connections closed
[2025-12-10 13:38:40] [INFO] Summary CSV written to: C:\Users\santi\Software Development Projects\Worklocal\Migration-Strategy\Scrapers\Menu Scrapers\logs\combo_phase2_summary_20251210_133840.csv
[2025-12-10 13:38:40] [INFO] ============================================================
[2025-12-10 13:38:40] [INFO] PHASE 2 COMPLETE
[2025-12-10 13:38:40] [INFO] ============================================================
[2025-12-10 13:38:40] [INFO] Restaurants processed: 162
[2025-12-10 13:38:40] [INFO]   - Success: 88
[2025-12-10 13:38:40] [INFO]   - No combos: 74
[2025-12-10 13:38:40] [INFO]   - Errors: 0
[2025-12-10 13:38:40] [INFO]   - Skipped: 0
[2025-12-10 13:38:40] [INFO] 
[2025-12-10 13:38:40] [INFO] Total dishes processed: 994
[2025-12-10 13:38:40] [INFO] Total combo links created: 3539
[2025-12-10 13:38:40] [INFO] Total hide days set: 491
[2025-12-10 13:38:40] [INFO] Total drinks modifiers: 4688
