2025-12-11 17:02:00,229 [INFO] __main__: Logging to: C:\Users\santi\Software Development Projects\Worklocal\Migration-Strategy\Scrapers\Menu Scrapers\logs\phase2_scraper_20251211_170200.log
2025-12-11 17:02:00,229 [INFO] __main__: Excluding V3 IDs: [636]
2025-12-11 17:02:00,230 [INFO] __main__: Processing 5 restaurants
2025-12-11 17:02:01,069 [INFO] phase2_database: Database connection established
2025-12-11 17:02:01,069 [INFO] phase2_scraper: Scraper started
2025-12-11 17:02:01,069 [INFO] phase2_scraper: Logging in to https://menuadmin.menu.ca/...
2025-12-11 17:02:03,276 [INFO] phase2_scraper: Found login form with name='username'
2025-12-11 17:02:05,477 [INFO] phase2_scraper: Login successful
2025-12-11 17:02:05,477 [INFO] __main__: ======================================================================
2025-12-11 17:02:05,477 [INFO] __main__: SCRAPING: Milano - 2 Pembroke (V3: 265, V1: 411)
2025-12-11 17:02:05,478 [INFO] __main__: ======================================================================
2025-12-11 17:02:05,478 [INFO] phase2_scraper: === PHASE 1: Combo Groups ===
2025-12-11 17:02:05,478 [INFO] phase2_scraper: Navigating to combo groups: https://menuadmin.menu.ca/?p=restaurants&display=editRestaurant&restaurant=411&load=comboGroups&showLang=en
2025-12-11 17:02:06,622 [INFO] phase2_scraper: Found 34 combo groups
2025-12-11 17:02:06,622 [INFO] phase2_scraper: Processing combo group: one topping pizza (source_id=2384)
2025-12-11 17:02:08,795 [INFO] phase2_scraper: Inserted combo group: one topping pizza (ID: 2292)
2025-12-11 17:02:24,763 [INFO] phase2_scraper: Processing combo group: premium pizza toppings (source_id=2391)
2025-12-11 17:02:26,899 [INFO] phase2_scraper: Inserted combo group: premium pizza toppings (ID: 2293)
2025-12-11 17:02:30,055 [INFO] phase2_scraper: Processing combo group: two topping pizza (source_id=2392)
2025-12-11 17:02:32,190 [INFO] phase2_scraper: Inserted combo group: two topping pizza (ID: 2294)
2025-12-11 17:02:48,029 [INFO] phase2_scraper: Processing combo group: 3 toppings (source_id=2405)
2025-12-11 17:02:50,145 [INFO] phase2_scraper: Inserted combo group: 3 toppings (ID: 2295)
2025-12-11 17:03:05,192 [INFO] phase2_scraper: Processing combo group: 2 pizza deal 1 topping (source_id=2406)
2025-12-11 17:03:07,319 [INFO] phase2_scraper: Inserted combo group: 2 pizza deal 1 topping (ID: 2296)
2025-12-11 17:03:19,854 [INFO] phase2_scraper: Processing combo group: 1st pizza premium toppings (source_id=2407)
2025-12-11 17:03:21,985 [INFO] phase2_scraper: Inserted combo group: 1st pizza premium toppings (ID: 2297)
2025-12-11 17:03:24,927 [INFO] phase2_scraper: Processing combo group: 2nd pizza premium toppings (source_id=2408)
2025-12-11 17:03:27,052 [INFO] phase2_scraper: Inserted combo group: 2nd pizza premium toppings (ID: 2298)
2025-12-11 17:03:30,070 [INFO] phase2_scraper: Processing combo group: Dips (source_id=2409)
2025-12-11 17:03:32,172 [INFO] phase2_scraper: Inserted combo group: Dips (ID: 2299)
2025-12-11 17:03:34,634 [INFO] phase2_scraper: Processing combo group: 2 pizza deal 2 toppings (source_id=2415)
2025-12-11 17:03:36,774 [INFO] phase2_scraper: Inserted combo group: 2 pizza deal 2 toppings (ID: 2300)
2025-12-11 17:03:49,483 [INFO] phase2_scraper: Processing combo group: 2 pizza deal 3 toppings (source_id=2429)
2025-12-11 17:03:51,598 [INFO] phase2_scraper: Inserted combo group: 2 pizza deal 3 toppings (ID: 2301)
2025-12-11 17:04:03,782 [INFO] phase2_scraper: Processing combo group: Large pizza 3 toppings (source_id=2685)
2025-12-11 17:04:05,886 [INFO] phase2_scraper: Inserted combo group: Large pizza 3 toppings (ID: 2302)
2025-12-11 17:04:11,324 [INFO] phase2_scraper: Processing combo group: Medium pizza 3 toppings (source_id=2686)
2025-12-11 17:04:13,498 [INFO] phase2_scraper: Inserted combo group: Medium pizza 3 toppings (ID: 2303)
2025-12-11 17:04:19,968 [INFO] phase2_scraper: Processing combo group: Premium Toppings Large (source_id=2687)
2025-12-11 17:04:22,083 [INFO] phase2_scraper: Inserted combo group: Premium Toppings Large (ID: 2304)
2025-12-11 17:04:23,472 [INFO] phase2_scraper: Processing combo group: Premium Toppings Medium (source_id=2688)
2025-12-11 17:04:25,586 [INFO] phase2_scraper: Inserted combo group: Premium Toppings Medium (ID: 2305)
2025-12-11 17:04:26,954 [INFO] phase2_scraper: Processing combo group: Wings sauces (source_id=2689)
2025-12-11 17:04:29,098 [INFO] phase2_scraper: Inserted combo group: Wings sauces (ID: 2306)
2025-12-11 17:04:32,277 [INFO] phase2_scraper: Processing combo group: Half Priced Extra Cheese (source_id=5449)
2025-12-11 17:04:34,393 [INFO] phase2_scraper: Inserted combo group: Half Priced Extra Cheese (ID: 2307)
2025-12-11 17:04:35,674 [INFO] phase2_scraper: Processing combo group: Half Priced Extra Cheese --- 1st pizza (source_id=5450)
2025-12-11 17:04:37,788 [INFO] phase2_scraper: Inserted combo group: Half Priced Extra Cheese --- 1st pizza (ID: 2308)
2025-12-11 17:04:38,802 [INFO] phase2_scraper: Processing combo group: Half Priced Extra Cheese --- 2nd pizza (source_id=5451)
2025-12-11 17:04:40,908 [INFO] phase2_scraper: Inserted combo group: Half Priced Extra Cheese --- 2nd pizza (ID: 2309)
2025-12-11 17:04:41,943 [INFO] phase2_scraper: Processing combo group: 2 Medium 3 Toppings (source_id=5638)
2025-12-11 17:04:44,088 [INFO] phase2_scraper: Inserted combo group: 2 Medium 3 Toppings (ID: 2310)
2025-12-11 17:04:50,615 [INFO] phase2_scraper: Processing combo group: Premium Toppings Medium----1st pizza (source_id=5639)
2025-12-11 17:04:52,789 [INFO] phase2_scraper: Inserted combo group: Premium Toppings Medium----1st pizza (ID: 2311)
2025-12-11 17:04:54,179 [INFO] phase2_scraper: Processing combo group: Premium Toppings Medium ----2nd pizza (source_id=5640)
2025-12-11 17:04:56,309 [INFO] phase2_scraper: Inserted combo group: Premium Toppings Medium ----2nd pizza (ID: 2312)
2025-12-11 17:04:57,695 [INFO] phase2_scraper: Processing combo group: 2 Large 3 Toppings (source_id=5641)
2025-12-11 17:04:59,819 [INFO] phase2_scraper: Inserted combo group: 2 Large 3 Toppings (ID: 2313)
2025-12-11 17:05:05,966 [INFO] phase2_scraper: Processing combo group: Premium Toppings Large ---1st pizza (source_id=5642)
2025-12-11 17:05:08,085 [INFO] phase2_scraper: Inserted combo group: Premium Toppings Large ---1st pizza (ID: 2314)
2025-12-11 17:05:09,481 [INFO] phase2_scraper: Processing combo group: Premium Toppings Large ---2nd pizza (source_id=5643)
2025-12-11 17:05:11,631 [INFO] phase2_scraper: Inserted combo group: Premium Toppings Large ---2nd pizza (ID: 2315)
2025-12-11 17:05:13,000 [INFO] phase2_scraper: Processing combo group: The Perfect Combo Deal crust and toppings (source_id=5822)
2025-12-11 17:05:15,256 [INFO] phase2_scraper: Inserted combo group: The Perfect Combo Deal crust and toppings (ID: 2316)
2025-12-11 17:05:27,259 [INFO] phase2_scraper: Processing combo group: Premium Toppings (S,M,L) (source_id=5823)
2025-12-11 17:05:29,376 [INFO] phase2_scraper: Inserted combo group: Premium Toppings (S,M,L) (ID: 2317)
2025-12-11 17:05:31,804 [INFO] phase2_scraper: Processing combo group: Vegan Nondairy Cheese Substitute 1st Pizza (source_id=7092)
2025-12-11 17:05:33,927 [INFO] phase2_scraper: Inserted combo group: Vegan Nondairy Cheese Substitute 1st Pizza (ID: 2318)
2025-12-11 17:05:34,617 [INFO] phase2_scraper: Processing combo group: Vegan Nondairy Cheese Substitute 2nd Pizza (source_id=7093)
2025-12-11 17:05:36,725 [INFO] phase2_scraper: Inserted combo group: Vegan Nondairy Cheese Substitute 2nd Pizza (ID: 2319)
2025-12-11 17:05:37,417 [INFO] phase2_scraper: Processing combo group: 2 Pizza Deal 1 Topping (VEGAN) (source_id=7210)
2025-12-11 17:05:39,509 [INFO] phase2_scraper: Inserted combo group: 2 Pizza Deal 1 Topping (VEGAN) (ID: 2320)
2025-12-11 17:05:52,654 [INFO] phase2_scraper: Processing combo group: 2 Pizza Deal 2 Toppings (VEGAN) (source_id=7211)
2025-12-11 17:05:54,778 [INFO] phase2_scraper: Inserted combo group: 2 Pizza Deal 2 Toppings (VEGAN) (ID: 2321)
2025-12-11 17:06:07,998 [INFO] phase2_scraper: Processing combo group: 2 Pizza Deal 3 Toppings (VEGAN) (source_id=7212)
2025-12-11 17:06:10,250 [INFO] phase2_scraper: Inserted combo group: 2 Pizza Deal 3 Toppings (VEGAN) (ID: 2322)
2025-12-11 17:06:23,879 [INFO] phase2_scraper: Processing combo group: 2 Pizza Deal Premium Toppings-----1st Pizza (VEGAN) (source_id=7213)
2025-12-11 17:06:26,506 [INFO] phase2_scraper: Inserted combo group: 2 Pizza Deal Premium Toppings-----1st Pizza (VEGAN) (ID: 2323)
2025-12-11 17:06:29,804 [INFO] phase2_scraper: Processing combo group: 2 Pizza Deal Premium Toppings-----2nd Pizza (VEGAN) (source_id=7214)
2025-12-11 17:06:31,949 [INFO] phase2_scraper: Inserted combo group: 2 Pizza Deal Premium Toppings-----2nd Pizza (VEGAN) (ID: 2324)
2025-12-11 17:06:34,692 [INFO] phase2_scraper: Processing combo group: Dips for VEGAN (source_id=7215)
2025-12-11 17:06:36,835 [INFO] phase2_scraper: Inserted combo group: Dips for VEGAN (ID: 2325)
2025-12-11 17:06:40,069 [INFO] phase2_scraper: Phase 1 complete: {'combo_groups': 34, 'sections': 49, 'modifier_groups': 49, 'modifiers': 298, 'prices': 748}
2025-12-11 17:06:40,070 [INFO] phase2_scraper: === PHASE 2: Menu Structure ===
2025-12-11 17:06:40,070 [INFO] phase2_scraper: Navigating to menu: https://menuadmin.menu.ca/?p=restaurants&display=editRestaurant&restaurant=411&load=menu&showLang=en
2025-12-11 17:06:44,040 [INFO] phase2_scraper: Found 20 courses
2025-12-11 17:06:44,346 [INFO] phase2_scraper: Inserted course: UNLISTED DISHES (ID: 6449)
2025-12-11 17:06:44,823 [INFO] phase2_scraper: Inserted course: Shepherds Of Good Hope (ID: 6450)
2025-12-11 17:06:45,189 [INFO] phase2_scraper: Inserted course: Bruyère DONATION (ID: 6451)
2025-12-11 17:06:45,550 [INFO] phase2_scraper: Inserted course: Super Bowl Special (ID: 6452)
2025-12-11 17:06:46,088 [INFO] phase2_scraper: Inserted course: Features Of The Month (ID: 6453)
2025-12-11 17:06:46,961 [INFO] phase2_scraper: Inserted course: Two Pizza Deal (ID: 6454)
2025-12-11 17:06:47,653 [INFO] phase2_scraper: Inserted course: Daily Specials (ID: 6455)
2025-12-11 17:06:48,713 [INFO] phase2_scraper: Inserted course: Appetizers (ID: 6456)
2025-12-11 17:06:51,136 [INFO] phase2_scraper: Inserted course: Chicken (ID: 6457)
2025-12-11 17:06:51,979 [INFO] phase2_scraper: Inserted course: Southern Fried Chicken (ID: 6458)
2025-12-11 17:06:52,844 [INFO] phase2_scraper: Inserted course: Salads (ID: 6459)
2025-12-11 17:06:53,856 [INFO] phase2_scraper: Inserted course: Wraps (ID: 6460)
2025-12-11 17:06:55,051 [INFO] phase2_scraper: Inserted course: Hot Subs (ID: 6461)
2025-12-11 17:06:56,288 [INFO] phase2_scraper: Inserted course: Cold Subs (ID: 6462)
2025-12-11 17:06:57,290 [INFO] phase2_scraper: Inserted course: Donairs (ID: 6463)
2025-12-11 17:06:57,979 [INFO] phase2_scraper: Inserted course: Traditional Pizza (ID: 6464)
2025-12-11 17:07:04,170 [INFO] phase2_scraper: Inserted course: Platters (ID: 6465)
2025-12-11 17:07:06,492 [INFO] phase2_scraper: Inserted course: Burgers and Fries (ID: 6466)
2025-12-11 17:07:08,779 [INFO] phase2_scraper: Inserted course: VEGAN VEGAN VEGAN (ID: 6467)
2025-12-11 17:07:11,881 [INFO] phase2_scraper: Inserted course: Drinks (ID: 6468)
2025-12-11 17:07:14,001 [INFO] phase2_scraper: Phase 2 complete: {'courses': 20, 'dishes': 150, 'combo_dishes': 14, 'normal_dishes': 136}
2025-12-11 17:07:14,001 [INFO] phase2_scraper: === PHASE 3: Dish Details ===
2025-12-11 17:07:17,972 [INFO] phase2_scraper: Found 150 dishes to process
2025-12-11 17:07:18,079 [INFO] phase2_scraper: Processing dish: Deep Fried Breaded St.Albert Cheese Curds (ID: 174033, combo=False)
2025-12-11 17:07:19,335 [INFO] phase2_scraper:   #groups has sections: ['br_id', 'ci_id', 'dr_id', 'sa_id', 'sd_id', 'e_id', 'cm_id']
2025-12-11 17:07:19,335 [INFO] phase2_scraper:     Section br_id: 3 radios, 0 checked
2025-12-11 17:07:19,336 [INFO] phase2_scraper:     Section ci_id: 11 radios, 0 checked
2025-12-11 17:07:19,337 [INFO] phase2_scraper:     Section dr_id: 2 radios, 0 checked
2025-12-11 17:07:19,337 [INFO] phase2_scraper:     Section sa_id: 4 radios, 0 checked
2025-12-11 17:07:19,338 [INFO] phase2_scraper:     Section sd_id: 1 radios, 0 checked
2025-12-11 17:07:19,338 [INFO] phase2_scraper:     Section e_id: 9 radios, 0 checked
2025-12-11 17:07:19,944 [INFO] phase2_scraper: Processing dish: Here Comes the Sun Pizza HIDE (ID: 174034, combo=False)
2025-12-11 17:07:21,499 [INFO] phase2_scraper:   #groups has sections: ['br_id', 'ci_id', 'dr_id', 'sa_id', 'sd_id', 'e_id', 'cm_id']
2025-12-11 17:07:21,499 [INFO] phase2_scraper:     Section br_id: 3 radios, 1 checked
2025-12-11 17:07:22,975 [INFO] phase2_scraper:     Section ci_id: 11 radios, 1 checked
2025-12-11 17:07:39,527 [INFO] phase2_scraper:     Section dr_id: 2 radios, 1 checked
2025-12-11 17:07:40,056 [INFO] phase2_scraper:     Section sa_id: 4 radios, 1 checked
2025-12-11 17:07:42,411 [INFO] phase2_scraper:     Section sd_id: 1 radios, 0 checked
2025-12-11 17:07:42,412 [INFO] phase2_scraper:     Section e_id: 9 radios, 1 checked
2025-12-11 17:07:43,497 [INFO] phase2_scraper:   Found 5 modifier groups, 28 modifiers for dish 174034
2025-12-11 17:07:45,445 [INFO] phase2_scraper: Processing dish: Donation (ID: 174035, combo=False)
2025-12-11 17:07:46,833 [INFO] phase2_scraper:   #groups has sections: ['br_id', 'ci_id', 'dr_id', 'sa_id', 'sd_id', 'e_id', 'cm_id']
2025-12-11 17:07:46,834 [INFO] phase2_scraper:     Section br_id: 3 radios, 0 checked
2025-12-11 17:07:46,834 [INFO] phase2_scraper:     Section ci_id: 11 radios, 0 checked
2025-12-11 17:07:46,835 [INFO] phase2_scraper:     Section dr_id: 2 radios, 0 checked
2025-12-11 17:07:46,835 [INFO] phase2_scraper:     Section sa_id: 4 radios, 0 checked
2025-12-11 17:07:46,835 [INFO] phase2_scraper:     Section sd_id: 1 radios, 0 checked
2025-12-11 17:07:46,836 [INFO] phase2_scraper:     Section e_id: 9 radios, 0 checked
2025-12-11 17:07:47,449 [INFO] phase2_scraper: Processing dish: Combo No.1 HIDED (ID: 174036, combo=True)
2025-12-11 17:07:51,564 [INFO] phase2_scraper: Processing dish: Combo No.2 HIDED (ID: 174037, combo=True)
2025-12-11 17:07:55,683 [INFO] phase2_scraper: Processing dish: The Perfect Combo Deal with PopCurds (ID: 174038, combo=True)
2025-12-11 17:07:58,639 [INFO] phase2_scraper: Processing dish: The Windsor Pizza HIDE (ID: 174039, combo=False)
2025-12-11 17:08:00,246 [INFO] phase2_scraper:   #groups has sections: ['br_id', 'ci_id', 'dr_id', 'sa_id', 'sd_id', 'e_id', 'cm_id']
2025-12-11 17:08:00,247 [INFO] phase2_scraper:     Section br_id: 3 radios, 1 checked
2025-12-11 17:08:01,664 [INFO] phase2_scraper:     Section ci_id: 11 radios, 1 checked
2025-12-11 17:08:17,416 [INFO] phase2_scraper:     Section dr_id: 2 radios, 1 checked
2025-12-11 17:08:18,069 [INFO] phase2_scraper:     Section sa_id: 4 radios, 1 checked
2025-12-11 17:08:20,308 [INFO] phase2_scraper:     Section sd_id: 1 radios, 0 checked
2025-12-11 17:08:20,308 [INFO] phase2_scraper:     Section e_id: 9 radios, 1 checked
2025-12-11 17:08:21,342 [INFO] phase2_scraper:   Found 5 modifier groups, 28 modifiers for dish 174039
2025-12-11 17:08:21,950 [INFO] phase2_scraper: Processing dish: Shrimp In A Basket HIDE (ID: 174040, combo=False)
2025-12-11 17:08:22,974 [INFO] phase2_scraper:   #groups has sections: ['br_id', 'ci_id', 'dr_id', 'sa_id', 'sd_id', 'e_id', 'cm_id']
2025-12-11 17:08:22,974 [INFO] phase2_scraper:     Section br_id: 3 radios, 0 checked
2025-12-11 17:08:22,975 [INFO] phase2_scraper:     Section ci_id: 11 radios, 0 checked
2025-12-11 17:08:22,975 [INFO] phase2_scraper:     Section dr_id: 2 radios, 0 checked
2025-12-11 17:08:22,976 [INFO] phase2_scraper:     Section sa_id: 4 radios, 0 checked
2025-12-11 17:08:22,977 [INFO] phase2_scraper:     Section sd_id: 1 radios, 0 checked
2025-12-11 17:08:22,977 [INFO] phase2_scraper:     Section e_id: 9 radios, 0 checked
2025-12-11 17:08:23,579 [INFO] phase2_scraper: Processing dish: Deep Fried Breaded St.Albert Cheese Curds HIDE (ID: 174041, combo=False)
2025-12-11 17:08:24,803 [INFO] phase2_scraper:   #groups has sections: ['br_id', 'ci_id', 'dr_id', 'sa_id', 'sd_id', 'e_id', 'cm_id']
2025-12-11 17:08:24,803 [INFO] phase2_scraper:     Section br_id: 3 radios, 0 checked
2025-12-11 17:08:24,804 [INFO] phase2_scraper:     Section ci_id: 11 radios, 0 checked
2025-12-11 17:08:24,805 [INFO] phase2_scraper:     Section dr_id: 2 radios, 0 checked
2025-12-11 17:08:24,805 [INFO] phase2_scraper:     Section sa_id: 4 radios, 0 checked
2025-12-11 17:08:24,805 [INFO] phase2_scraper:     Section sd_id: 1 radios, 0 checked
2025-12-11 17:08:24,806 [INFO] phase2_scraper:     Section e_id: 9 radios, 0 checked
2025-12-11 17:08:25,408 [INFO] phase2_scraper: Processing dish: 2 Pizza Deal 1 Topping (ID: 174042, combo=True)
2025-12-11 17:08:29,637 [INFO] phase2_scraper: Processing dish: 2 Pizza Deal 2 Toppings (ID: 174043, combo=True)
2025-12-11 17:08:33,656 [INFO] phase2_scraper: Processing dish: 2 Pizza Deal 3 Toppings (ID: 174044, combo=True)
2025-12-11 17:08:37,582 [INFO] phase2_scraper: Processing dish: The Perfect Combo Deal with PopCurds (ID: 174045, combo=True)
2025-12-11 17:08:40,520 [INFO] phase2_scraper: Processing dish: Large Pizza Everyday Special (ID: 174046, combo=True)
2025-12-11 17:08:43,345 [INFO] phase2_scraper: Processing dish: Medium Pizza Everyday Special (ID: 174047, combo=True)
2025-12-11 17:08:45,937 [INFO] phase2_scraper: Processing dish: 3 Pounds of Wings (ID: 174048, combo=False)
2025-12-11 17:08:47,203 [INFO] phase2_scraper:   #groups has sections: ['br_id', 'ci_id', 'dr_id', 'sa_id', 'sd_id', 'e_id', 'cm_id']
2025-12-11 17:08:47,204 [INFO] phase2_scraper:     Section br_id: 3 radios, 0 checked
2025-12-11 17:08:47,204 [INFO] phase2_scraper:     Section ci_id: 11 radios, 0 checked
2025-12-11 17:08:47,205 [INFO] phase2_scraper:     Section dr_id: 2 radios, 0 checked
2025-12-11 17:08:47,205 [INFO] phase2_scraper:     Section sa_id: 4 radios, 1 checked
2025-12-11 17:08:50,342 [INFO] phase2_scraper:     Section sd_id: 1 radios, 0 checked
2025-12-11 17:08:50,342 [INFO] phase2_scraper:     Section e_id: 9 radios, 0 checked
2025-12-11 17:08:50,343 [INFO] phase2_scraper:   Found 1 modifier groups, 8 modifiers for dish 174048
2025-12-11 17:08:50,948 [INFO] phase2_scraper: Processing dish: Donair Special (ID: 174049, combo=False)
2025-12-11 17:08:51,973 [INFO] phase2_scraper:   #groups has sections: ['br_id', 'ci_id', 'dr_id', 'sa_id', 'sd_id', 'e_id', 'cm_id']
2025-12-11 17:08:51,974 [INFO] phase2_scraper:     Section br_id: 3 radios, 0 checked
2025-12-11 17:08:51,975 [INFO] phase2_scraper:     Section ci_id: 11 radios, 0 checked
2025-12-11 17:08:51,975 [INFO] phase2_scraper:     Section dr_id: 2 radios, 0 checked
2025-12-11 17:08:51,976 [INFO] phase2_scraper:     Section sa_id: 4 radios, 0 checked
2025-12-11 17:08:51,976 [INFO] phase2_scraper:     Section sd_id: 1 radios, 0 checked
2025-12-11 17:08:51,977 [INFO] phase2_scraper:     Section e_id: 9 radios, 1 checked
2025-12-11 17:08:53,662 [INFO] phase2_scraper:   Found 1 modifier groups, 3 modifiers for dish 174049
2025-12-11 17:08:54,264 [INFO] phase2_scraper: Processing dish: NEW Game Night Appe-Teaser HIDE (ID: 174050, combo=False)
2025-12-11 17:08:55,277 [INFO] phase2_scraper:   #groups has sections: ['br_id', 'ci_id', 'dr_id', 'sa_id', 'sd_id', 'e_id', 'cm_id']
2025-12-11 17:08:55,277 [INFO] phase2_scraper:     Section br_id: 3 radios, 0 checked
2025-12-11 17:08:55,278 [INFO] phase2_scraper:     Section ci_id: 11 radios, 0 checked
2025-12-11 17:08:55,279 [INFO] phase2_scraper:     Section dr_id: 2 radios, 0 checked
2025-12-11 17:08:55,280 [INFO] phase2_scraper:     Section sa_id: 4 radios, 1 checked
2025-12-11 17:08:57,668 [INFO] phase2_scraper:     Section sd_id: 1 radios, 0 checked
2025-12-11 17:08:57,668 [INFO] phase2_scraper:     Section e_id: 9 radios, 0 checked
2025-12-11 17:08:57,669 [INFO] phase2_scraper:   Found 1 modifier groups, 6 modifiers for dish 174050
2025-12-11 17:08:58,270 [INFO] phase2_scraper: Processing dish: Shrimp In A Basket  HIDE (ID: 174051, combo=False)
2025-12-11 17:08:59,280 [INFO] phase2_scraper:   #groups has sections: ['br_id', 'ci_id', 'dr_id', 'sa_id', 'sd_id', 'e_id', 'cm_id']
2025-12-11 17:08:59,280 [INFO] phase2_scraper:     Section br_id: 3 radios, 0 checked
2025-12-11 17:08:59,281 [INFO] phase2_scraper:     Section ci_id: 11 radios, 0 checked
2025-12-11 17:08:59,281 [INFO] phase2_scraper:     Section dr_id: 2 radios, 0 checked
2025-12-11 17:08:59,282 [INFO] phase2_scraper:     Section sa_id: 4 radios, 0 checked
2025-12-11 17:08:59,282 [INFO] phase2_scraper:     Section sd_id: 1 radios, 0 checked
2025-12-11 17:08:59,282 [INFO] phase2_scraper:     Section e_id: 9 radios, 0 checked
2025-12-11 17:08:59,893 [INFO] phase2_scraper: Processing dish: Deep Fried Breaded St.Albert Cheese Curds (ID: 174052, combo=False)
2025-12-11 17:09:01,085 [INFO] phase2_scraper:   #groups has sections: ['br_id', 'ci_id', 'dr_id', 'sa_id', 'sd_id', 'e_id', 'cm_id']
2025-12-11 17:09:01,086 [INFO] phase2_scraper:     Section br_id: 3 radios, 0 checked
2025-12-11 17:09:01,087 [INFO] phase2_scraper:     Section ci_id: 11 radios, 0 checked
2025-12-11 17:09:01,087 [INFO] phase2_scraper:     Section dr_id: 2 radios, 0 checked
2025-12-11 17:09:01,088 [INFO] phase2_scraper:     Section sa_id: 4 radios, 0 checked
2025-12-11 17:09:01,088 [INFO] phase2_scraper:     Section sd_id: 1 radios, 0 checked
2025-12-11 17:09:01,089 [INFO] phase2_scraper:     Section e_id: 9 radios, 0 checked
2025-12-11 17:09:01,688 [INFO] phase2_scraper: Processing dish: Jalapeno Slammer  HIDE (ID: 174053, combo=False)
2025-12-11 17:09:02,709 [INFO] phase2_scraper:   #groups has sections: ['br_id', 'ci_id', 'dr_id', 'sa_id', 'sd_id', 'e_id', 'cm_id']
2025-12-11 17:09:02,710 [INFO] phase2_scraper:     Section br_id: 3 radios, 0 checked
2025-12-11 17:09:02,710 [INFO] phase2_scraper:     Section ci_id: 11 radios, 0 checked
2025-12-11 17:09:02,710 [INFO] phase2_scraper:     Section dr_id: 2 radios, 0 checked
2025-12-11 17:09:02,711 [INFO] phase2_scraper:     Section sa_id: 4 radios, 0 checked
2025-12-11 17:09:02,711 [INFO] phase2_scraper:     Section sd_id: 1 radios, 0 checked
2025-12-11 17:09:02,712 [INFO] phase2_scraper:     Section e_id: 9 radios, 0 checked
2025-12-11 17:09:03,312 [INFO] phase2_scraper: Processing dish: Mozzarella Sticks (8 sticks)  HIDE (ID: 174054, combo=False)
2025-12-11 17:09:04,316 [INFO] phase2_scraper:   #groups has sections: ['br_id', 'ci_id', 'dr_id', 'sa_id', 'sd_id', 'e_id', 'cm_id']
2025-12-11 17:09:04,317 [INFO] phase2_scraper:     Section br_id: 3 radios, 0 checked
2025-12-11 17:09:04,318 [INFO] phase2_scraper:     Section ci_id: 11 radios, 0 checked
2025-12-11 17:09:04,318 [INFO] phase2_scraper:     Section dr_id: 2 radios, 0 checked
2025-12-11 17:09:04,319 [INFO] phase2_scraper:     Section sa_id: 4 radios, 0 checked
2025-12-11 17:09:04,319 [INFO] phase2_scraper:     Section sd_id: 1 radios, 0 checked
2025-12-11 17:09:04,320 [INFO] phase2_scraper:     Section e_id: 9 radios, 0 checked
2025-12-11 17:09:04,919 [INFO] phase2_scraper: Processing dish: Mushroom Caps (1lb) (ID: 174055, combo=False)
2025-12-11 17:09:05,925 [INFO] phase2_scraper:   #groups has sections: ['br_id', 'ci_id', 'dr_id', 'sa_id', 'sd_id', 'e_id', 'cm_id']
2025-12-11 17:09:05,926 [INFO] phase2_scraper:     Section br_id: 3 radios, 0 checked
2025-12-11 17:09:05,927 [INFO] phase2_scraper:     Section ci_id: 11 radios, 0 checked
2025-12-11 17:09:05,928 [INFO] phase2_scraper:     Section dr_id: 2 radios, 0 checked
2025-12-11 17:09:05,928 [INFO] phase2_scraper:     Section sa_id: 4 radios, 0 checked
2025-12-11 17:09:05,929 [INFO] phase2_scraper:     Section sd_id: 1 radios, 0 checked
2025-12-11 17:09:05,929 [INFO] phase2_scraper:     Section e_id: 9 radios, 0 checked
2025-12-11 17:09:06,539 [INFO] phase2_scraper: Processing dish: Zucchini Sticks (1lb) (ID: 174056, combo=False)
2025-12-11 17:09:07,575 [INFO] phase2_scraper:   #groups has sections: ['br_id', 'ci_id', 'dr_id', 'sa_id', 'sd_id', 'e_id', 'cm_id']
2025-12-11 17:09:07,576 [INFO] phase2_scraper:     Section br_id: 3 radios, 0 checked
2025-12-11 17:09:07,577 [INFO] phase2_scraper:     Section ci_id: 11 radios, 0 checked
2025-12-11 17:09:07,577 [INFO] phase2_scraper:     Section dr_id: 2 radios, 0 checked
2025-12-11 17:09:07,578 [INFO] phase2_scraper:     Section sa_id: 4 radios, 0 checked
2025-12-11 17:09:07,578 [INFO] phase2_scraper:     Section sd_id: 1 radios, 0 checked
2025-12-11 17:09:07,579 [INFO] phase2_scraper:     Section e_id: 9 radios, 0 checked
2025-12-11 17:09:08,181 [INFO] phase2_scraper: Processing dish: Deep Fried Dill Pickles (ID: 174057, combo=False)
2025-12-11 17:09:09,364 [INFO] phase2_scraper:   #groups has sections: ['br_id', 'ci_id', 'dr_id', 'sa_id', 'sd_id', 'e_id', 'cm_id']
2025-12-11 17:09:09,365 [INFO] phase2_scraper:     Section br_id: 3 radios, 0 checked
2025-12-11 17:09:09,366 [INFO] phase2_scraper:     Section ci_id: 11 radios, 0 checked
2025-12-11 17:09:09,366 [INFO] phase2_scraper:     Section dr_id: 2 radios, 0 checked
2025-12-11 17:09:09,367 [INFO] phase2_scraper:     Section sa_id: 4 radios, 0 checked
2025-12-11 17:09:09,367 [INFO] phase2_scraper:     Section sd_id: 1 radios, 0 checked
2025-12-11 17:09:09,367 [INFO] phase2_scraper:     Section e_id: 9 radios, 0 checked
2025-12-11 17:09:09,965 [INFO] phase2_scraper: Processing dish: Nachos HIDE (ID: 174058, combo=False)
2025-12-11 17:09:10,976 [INFO] phase2_scraper:   #groups has sections: ['br_id', 'ci_id', 'dr_id', 'sa_id', 'sd_id', 'e_id', 'cm_id']
2025-12-11 17:09:10,977 [INFO] phase2_scraper:     Section br_id: 3 radios, 0 checked
2025-12-11 17:09:10,977 [INFO] phase2_scraper:     Section ci_id: 11 radios, 0 checked
2025-12-11 17:09:10,978 [INFO] phase2_scraper:     Section dr_id: 2 radios, 0 checked
2025-12-11 17:09:10,978 [INFO] phase2_scraper:     Section sa_id: 4 radios, 0 checked
2025-12-11 17:09:10,978 [INFO] phase2_scraper:     Section sd_id: 1 radios, 0 checked
2025-12-11 17:09:10,979 [INFO] phase2_scraper:     Section e_id: 9 radios, 0 checked
2025-12-11 17:09:11,578 [INFO] phase2_scraper: Processing dish: Super Nachos HIDE (ID: 174059, combo=False)
2025-12-11 17:09:12,580 [INFO] phase2_scraper:   #groups has sections: ['br_id', 'ci_id', 'dr_id', 'sa_id', 'sd_id', 'e_id', 'cm_id']
2025-12-11 17:09:12,581 [INFO] phase2_scraper:     Section br_id: 3 radios, 0 checked
2025-12-11 17:09:12,582 [INFO] phase2_scraper:     Section ci_id: 11 radios, 0 checked
2025-12-11 17:09:12,582 [INFO] phase2_scraper:     Section dr_id: 2 radios, 0 checked
2025-12-11 17:09:12,582 [INFO] phase2_scraper:     Section sa_id: 4 radios, 0 checked
2025-12-11 17:09:12,583 [INFO] phase2_scraper:     Section sd_id: 1 radios, 0 checked
2025-12-11 17:09:12,583 [INFO] phase2_scraper:     Section e_id: 9 radios, 0 checked
2025-12-11 17:09:13,202 [INFO] phase2_scraper: Processing dish: Chicken Nachos HIDE (ID: 174060, combo=False)
2025-12-11 17:09:14,218 [INFO] phase2_scraper:   #groups has sections: ['br_id', 'ci_id', 'dr_id', 'sa_id', 'sd_id', 'e_id', 'cm_id']
2025-12-11 17:09:14,219 [INFO] phase2_scraper:     Section br_id: 3 radios, 0 checked
2025-12-11 17:09:14,219 [INFO] phase2_scraper:     Section ci_id: 11 radios, 0 checked
2025-12-11 17:09:14,220 [INFO] phase2_scraper:     Section dr_id: 2 radios, 0 checked
2025-12-11 17:09:14,220 [INFO] phase2_scraper:     Section sa_id: 4 radios, 0 checked
2025-12-11 17:09:14,220 [INFO] phase2_scraper:     Section sd_id: 1 radios, 0 checked
2025-12-11 17:09:14,221 [INFO] phase2_scraper:     Section e_id: 9 radios, 0 checked
2025-12-11 17:09:14,833 [INFO] phase2_scraper: Processing dish: Garlic Bread (ID: 174061, combo=False)
2025-12-11 17:09:16,185 [INFO] phase2_scraper:   #groups has sections: ['br_id', 'ci_id', 'dr_id', 'sa_id', 'sd_id', 'e_id', 'cm_id']
2025-12-11 17:09:16,186 [INFO] phase2_scraper:     Section br_id: 3 radios, 0 checked
2025-12-11 17:09:16,186 [INFO] phase2_scraper:     Section ci_id: 11 radios, 0 checked
2025-12-11 17:09:16,186 [INFO] phase2_scraper:     Section dr_id: 2 radios, 0 checked
2025-12-11 17:09:16,187 [INFO] phase2_scraper:     Section sa_id: 4 radios, 0 checked
2025-12-11 17:09:16,187 [INFO] phase2_scraper:     Section sd_id: 1 radios, 0 checked
2025-12-11 17:09:16,188 [INFO] phase2_scraper:     Section e_id: 9 radios, 0 checked
2025-12-11 17:09:16,790 [INFO] phase2_scraper: Processing dish: Dipping Sauces (ID: 174062, combo=False)
2025-12-11 17:09:18,320 [INFO] phase2_scraper:   #groups has sections: ['br_id', 'ci_id', 'dr_id', 'sa_id', 'sd_id', 'e_id', 'cm_id']
2025-12-11 17:09:18,320 [INFO] phase2_scraper:     Section br_id: 3 radios, 0 checked
2025-12-11 17:09:18,321 [INFO] phase2_scraper:     Section ci_id: 11 radios, 0 checked
2025-12-11 17:09:18,322 [INFO] phase2_scraper:     Section dr_id: 2 radios, 0 checked
2025-12-11 17:09:18,322 [INFO] phase2_scraper:     Section sa_id: 4 radios, 0 checked
2025-12-11 17:09:18,323 [INFO] phase2_scraper:     Section sd_id: 1 radios, 0 checked
2025-12-11 17:09:18,323 [INFO] phase2_scraper:     Section e_id: 9 radios, 0 checked
2025-12-11 17:09:18,931 [INFO] phase2_scraper: Processing dish: Chicken Fingers (5pcs) (ID: 174063, combo=False)
2025-12-11 17:09:19,938 [INFO] phase2_scraper:   #groups has sections: ['br_id', 'ci_id', 'dr_id', 'sa_id', 'sd_id', 'e_id', 'cm_id']
2025-12-11 17:09:19,939 [INFO] phase2_scraper:     Section br_id: 3 radios, 0 checked
2025-12-11 17:09:19,939 [INFO] phase2_scraper:     Section ci_id: 11 radios, 0 checked
2025-12-11 17:09:19,940 [INFO] phase2_scraper:     Section dr_id: 2 radios, 0 checked
2025-12-11 17:09:19,941 [INFO] phase2_scraper:     Section sa_id: 4 radios, 1 checked
2025-12-11 17:09:22,249 [INFO] phase2_scraper:     Section sd_id: 1 radios, 0 checked
2025-12-11 17:09:22,250 [INFO] phase2_scraper:     Section e_id: 9 radios, 0 checked
2025-12-11 17:09:22,250 [INFO] phase2_scraper:   Found 1 modifier groups, 6 modifiers for dish 174063
2025-12-11 17:09:22,864 [INFO] phase2_scraper: Processing dish: Chicken Burger HIDE (ID: 174064, combo=False)
2025-12-11 17:09:23,865 [INFO] phase2_scraper:   #groups has sections: ['br_id', 'ci_id', 'dr_id', 'sa_id', 'sd_id', 'e_id', 'cm_id']
2025-12-11 17:09:23,866 [INFO] phase2_scraper:     Section br_id: 3 radios, 0 checked
2025-12-11 17:09:23,866 [INFO] phase2_scraper:     Section ci_id: 11 radios, 1 checked
2025-12-11 17:09:27,112 [INFO] phase2_scraper:     Section dr_id: 2 radios, 0 checked
2025-12-11 17:09:27,113 [INFO] phase2_scraper:     Section sa_id: 4 radios, 0 checked
2025-12-11 17:09:27,114 [INFO] phase2_scraper:     Section sd_id: 1 radios, 0 checked
2025-12-11 17:09:27,114 [INFO] phase2_scraper:     Section e_id: 9 radios, 1 checked
2025-12-11 17:09:27,963 [INFO] phase2_scraper:   Found 2 modifier groups, 11 modifiers for dish 174064
2025-12-11 17:09:28,564 [INFO] phase2_scraper: Processing dish: Chicken Wings (ID: 174065, combo=False)
2025-12-11 17:09:29,954 [INFO] phase2_scraper:   #groups has sections: ['br_id', 'ci_id', 'dr_id', 'sa_id', 'sd_id', 'e_id', 'cm_id']
2025-12-11 17:09:29,955 [INFO] phase2_scraper:     Section br_id: 3 radios, 0 checked
2025-12-11 17:09:29,956 [INFO] phase2_scraper:     Section ci_id: 11 radios, 0 checked
2025-12-11 17:09:29,957 [INFO] phase2_scraper:     Section dr_id: 2 radios, 0 checked
2025-12-11 17:09:29,957 [INFO] phase2_scraper:     Section sa_id: 4 radios, 1 checked
2025-12-11 17:09:32,855 [INFO] phase2_scraper:     Section sd_id: 1 radios, 0 checked
2025-12-11 17:09:32,856 [INFO] phase2_scraper:     Section e_id: 9 radios, 0 checked
2025-12-11 17:09:32,856 [INFO] phase2_scraper:   Found 1 modifier groups, 8 modifiers for dish 174065
2025-12-11 17:09:33,455 [INFO] phase2_scraper: Processing dish: Boneless Chicken Wings (ID: 174066, combo=False)
2025-12-11 17:09:34,818 [INFO] phase2_scraper:   #groups has sections: ['br_id', 'ci_id', 'dr_id', 'sa_id', 'sd_id', 'e_id', 'cm_id']
2025-12-11 17:09:34,819 [INFO] phase2_scraper:     Section br_id: 3 radios, 0 checked
2025-12-11 17:09:34,820 [INFO] phase2_scraper:     Section ci_id: 11 radios, 0 checked
2025-12-11 17:09:34,820 [INFO] phase2_scraper:     Section dr_id: 2 radios, 0 checked
2025-12-11 17:09:34,820 [INFO] phase2_scraper:     Section sa_id: 4 radios, 1 checked
2025-12-11 17:09:37,677 [INFO] phase2_scraper:     Section sd_id: 1 radios, 0 checked
2025-12-11 17:09:37,678 [INFO] phase2_scraper:     Section e_id: 9 radios, 0 checked
2025-12-11 17:09:37,679 [INFO] phase2_scraper:   Found 1 modifier groups, 8 modifiers for dish 174066
2025-12-11 17:09:38,285 [INFO] phase2_scraper: Processing dish: 3 Pieces  HIDE (ID: 174067, combo=False)
2025-12-11 17:09:39,273 [INFO] phase2_scraper:   #groups has sections: ['br_id', 'ci_id', 'dr_id', 'sa_id', 'sd_id', 'e_id', 'cm_id']
2025-12-11 17:09:39,273 [INFO] phase2_scraper:     Section br_id: 3 radios, 0 checked
2025-12-11 17:09:39,274 [INFO] phase2_scraper:     Section ci_id: 11 radios, 0 checked
2025-12-11 17:09:39,274 [INFO] phase2_scraper:     Section dr_id: 2 radios, 0 checked
2025-12-11 17:09:39,274 [INFO] phase2_scraper:     Section sa_id: 4 radios, 1 checked
2025-12-11 17:09:41,601 [INFO] phase2_scraper:     Section sd_id: 1 radios, 0 checked
2025-12-11 17:09:41,602 [INFO] phase2_scraper:     Section e_id: 9 radios, 0 checked
2025-12-11 17:09:41,602 [INFO] phase2_scraper:   Found 1 modifier groups, 6 modifiers for dish 174067
2025-12-11 17:09:42,222 [INFO] phase2_scraper: Processing dish: 6 Pieces  HIDE (ID: 174068, combo=False)
2025-12-11 17:09:43,286 [INFO] phase2_scraper:   #groups has sections: ['br_id', 'ci_id', 'dr_id', 'sa_id', 'sd_id', 'e_id', 'cm_id']
2025-12-11 17:09:43,287 [INFO] phase2_scraper:     Section br_id: 3 radios, 0 checked
2025-12-11 17:09:43,287 [INFO] phase2_scraper:     Section ci_id: 11 radios, 0 checked
2025-12-11 17:09:43,288 [INFO] phase2_scraper:     Section dr_id: 2 radios, 0 checked
2025-12-11 17:09:43,288 [INFO] phase2_scraper:     Section sa_id: 4 radios, 1 checked
2025-12-11 17:09:46,356 [INFO] phase2_scraper:     Section sd_id: 1 radios, 0 checked
2025-12-11 17:09:46,357 [INFO] phase2_scraper:     Section e_id: 9 radios, 0 checked
2025-12-11 17:09:46,358 [INFO] phase2_scraper:   Found 1 modifier groups, 6 modifiers for dish 174068
2025-12-11 17:09:47,036 [INFO] phase2_scraper: Processing dish: 9 Pieces  HIDE (ID: 174069, combo=False)
2025-12-11 17:09:48,329 [INFO] phase2_scraper:   #groups has sections: ['br_id', 'ci_id', 'dr_id', 'sa_id', 'sd_id', 'e_id', 'cm_id']
2025-12-11 17:09:48,330 [INFO] phase2_scraper:     Section br_id: 3 radios, 0 checked
2025-12-11 17:09:48,330 [INFO] phase2_scraper:     Section ci_id: 11 radios, 0 checked
2025-12-11 17:09:48,331 [INFO] phase2_scraper:     Section dr_id: 2 radios, 0 checked
2025-12-11 17:09:48,332 [INFO] phase2_scraper:     Section sa_id: 4 radios, 1 checked
2025-12-11 17:09:50,856 [INFO] phase2_scraper:     Section sd_id: 1 radios, 0 checked
2025-12-11 17:09:50,857 [INFO] phase2_scraper:     Section e_id: 9 radios, 0 checked
2025-12-11 17:09:50,858 [INFO] phase2_scraper:   Found 1 modifier groups, 6 modifiers for dish 174069
2025-12-11 17:09:51,463 [INFO] phase2_scraper: Processing dish: 3 Pieces ONLY  HIDE (ID: 174070, combo=False)
2025-12-11 17:09:52,489 [INFO] phase2_scraper:   #groups has sections: ['br_id', 'ci_id', 'dr_id', 'sa_id', 'sd_id', 'e_id', 'cm_id']
2025-12-11 17:09:52,489 [INFO] phase2_scraper:     Section br_id: 3 radios, 0 checked
2025-12-11 17:09:52,490 [INFO] phase2_scraper:     Section ci_id: 11 radios, 0 checked
2025-12-11 17:09:52,491 [INFO] phase2_scraper:     Section dr_id: 2 radios, 0 checked
2025-12-11 17:09:52,491 [INFO] phase2_scraper:     Section sa_id: 4 radios, 1 checked
2025-12-11 17:09:54,738 [INFO] phase2_scraper:     Section sd_id: 1 radios, 0 checked
2025-12-11 17:09:54,738 [INFO] phase2_scraper:     Section e_id: 9 radios, 0 checked
2025-12-11 17:09:54,739 [INFO] phase2_scraper:   Found 1 modifier groups, 6 modifiers for dish 174070
2025-12-11 17:09:55,370 [INFO] phase2_scraper: Processing dish: Garden Salad (ID: 174071, combo=False)
2025-12-11 17:09:56,545 [INFO] phase2_scraper:   #groups has sections: ['br_id', 'ci_id', 'dr_id', 'sa_id', 'sd_id', 'e_id', 'cm_id']
2025-12-11 17:09:56,546 [INFO] phase2_scraper:     Section br_id: 3 radios, 0 checked
2025-12-11 17:09:56,547 [INFO] phase2_scraper:     Section ci_id: 11 radios, 0 checked
2025-12-11 17:09:56,548 [INFO] phase2_scraper:     Section dr_id: 2 radios, 1 checked
2025-12-11 17:09:58,479 [INFO] phase2_scraper:     Section sa_id: 4 radios, 0 checked
2025-12-11 17:09:58,480 [INFO] phase2_scraper:     Section sd_id: 1 radios, 0 checked
2025-12-11 17:09:58,480 [INFO] phase2_scraper:     Section e_id: 9 radios, 0 checked
2025-12-11 17:09:58,481 [INFO] phase2_scraper:   Found 1 modifier groups, 5 modifiers for dish 174071
2025-12-11 17:09:59,082 [INFO] phase2_scraper: Processing dish: Super Salad (ID: 174072, combo=False)
2025-12-11 17:10:00,259 [INFO] phase2_scraper:   #groups has sections: ['br_id', 'ci_id', 'dr_id', 'sa_id', 'sd_id', 'e_id', 'cm_id']
2025-12-11 17:10:00,260 [INFO] phase2_scraper:     Section br_id: 3 radios, 0 checked
2025-12-11 17:10:00,260 [INFO] phase2_scraper:     Section ci_id: 11 radios, 0 checked
2025-12-11 17:10:00,260 [INFO] phase2_scraper:     Section dr_id: 2 radios, 1 checked
2025-12-11 17:10:02,137 [INFO] phase2_scraper:     Section sa_id: 4 radios, 0 checked
2025-12-11 17:10:02,138 [INFO] phase2_scraper:     Section sd_id: 1 radios, 0 checked
2025-12-11 17:10:02,138 [INFO] phase2_scraper:     Section e_id: 9 radios, 0 checked
2025-12-11 17:10:02,139 [INFO] phase2_scraper:   Found 1 modifier groups, 5 modifiers for dish 174072
2025-12-11 17:10:02,739 [INFO] phase2_scraper: Processing dish: Greek Salad (ID: 174073, combo=False)
2025-12-11 17:10:03,972 [INFO] phase2_scraper:   #groups has sections: ['br_id', 'ci_id', 'dr_id', 'sa_id', 'sd_id', 'e_id', 'cm_id']
2025-12-11 17:10:03,972 [INFO] phase2_scraper:     Section br_id: 3 radios, 0 checked
2025-12-11 17:10:03,973 [INFO] phase2_scraper:     Section ci_id: 11 radios, 0 checked
2025-12-11 17:10:03,974 [INFO] phase2_scraper:     Section dr_id: 2 radios, 1 checked
2025-12-11 17:10:05,871 [INFO] phase2_scraper:     Section sa_id: 4 radios, 0 checked
2025-12-11 17:10:05,871 [INFO] phase2_scraper:     Section sd_id: 1 radios, 0 checked
2025-12-11 17:10:05,872 [INFO] phase2_scraper:     Section e_id: 9 radios, 0 checked
2025-12-11 17:10:05,872 [INFO] phase2_scraper:   Found 1 modifier groups, 5 modifiers for dish 174073
2025-12-11 17:10:06,475 [INFO] phase2_scraper: Processing dish: Caesar Salad (ID: 174074, combo=False)
2025-12-11 17:10:07,677 [INFO] phase2_scraper:   #groups has sections: ['br_id', 'ci_id', 'dr_id', 'sa_id', 'sd_id', 'e_id', 'cm_id']
2025-12-11 17:10:07,678 [INFO] phase2_scraper:     Section br_id: 3 radios, 0 checked
2025-12-11 17:10:07,679 [INFO] phase2_scraper:     Section ci_id: 11 radios, 0 checked
2025-12-11 17:10:07,679 [INFO] phase2_scraper:     Section dr_id: 2 radios, 1 checked
2025-12-11 17:10:09,618 [INFO] phase2_scraper:     Section sa_id: 4 radios, 0 checked
2025-12-11 17:10:09,619 [INFO] phase2_scraper:     Section sd_id: 1 radios, 0 checked
2025-12-11 17:10:09,619 [INFO] phase2_scraper:     Section e_id: 9 radios, 0 checked
2025-12-11 17:10:09,620 [INFO] phase2_scraper:   Found 1 modifier groups, 5 modifiers for dish 174074
2025-12-11 17:10:10,219 [INFO] phase2_scraper: Processing dish: Chicken Caesar Salad (ID: 174075, combo=False)
2025-12-11 17:10:11,406 [INFO] phase2_scraper:   #groups has sections: ['br_id', 'ci_id', 'dr_id', 'sa_id', 'sd_id', 'e_id', 'cm_id']
2025-12-11 17:10:11,407 [INFO] phase2_scraper:     Section br_id: 3 radios, 0 checked
2025-12-11 17:10:11,408 [INFO] phase2_scraper:     Section ci_id: 11 radios, 0 checked
2025-12-11 17:10:11,408 [INFO] phase2_scraper:     Section dr_id: 2 radios, 1 checked
2025-12-11 17:10:13,355 [INFO] phase2_scraper:     Section sa_id: 4 radios, 0 checked
2025-12-11 17:10:13,355 [INFO] phase2_scraper:     Section sd_id: 1 radios, 0 checked
2025-12-11 17:10:13,356 [INFO] phase2_scraper:     Section e_id: 9 radios, 0 checked
2025-12-11 17:10:13,356 [INFO] phase2_scraper:   Found 1 modifier groups, 5 modifiers for dish 174075
2025-12-11 17:10:13,969 [INFO] phase2_scraper: Processing dish: Chicken Caesar (ID: 174076, combo=False)
2025-12-11 17:10:15,018 [INFO] phase2_scraper:   #groups has sections: ['br_id', 'ci_id', 'dr_id', 'sa_id', 'sd_id', 'e_id', 'cm_id']
2025-12-11 17:10:15,019 [INFO] phase2_scraper:     Section br_id: 3 radios, 0 checked
2025-12-11 17:10:15,019 [INFO] phase2_scraper:     Section ci_id: 11 radios, 0 checked
2025-12-11 17:10:15,019 [INFO] phase2_scraper:     Section dr_id: 2 radios, 0 checked
2025-12-11 17:10:15,020 [INFO] phase2_scraper:     Section sa_id: 4 radios, 0 checked
2025-12-11 17:10:15,020 [INFO] phase2_scraper:     Section sd_id: 1 radios, 0 checked
2025-12-11 17:10:15,021 [INFO] phase2_scraper:     Section e_id: 9 radios, 0 checked
2025-12-11 17:10:15,636 [INFO] phase2_scraper: Processing dish: Chicken Ranch (ID: 174077, combo=False)
2025-12-11 17:10:16,683 [INFO] phase2_scraper:   #groups has sections: ['br_id', 'ci_id', 'dr_id', 'sa_id', 'sd_id', 'e_id', 'cm_id']
2025-12-11 17:10:16,684 [INFO] phase2_scraper:     Section br_id: 3 radios, 0 checked
2025-12-11 17:10:16,685 [INFO] phase2_scraper:     Section ci_id: 11 radios, 0 checked
2025-12-11 17:10:16,685 [INFO] phase2_scraper:     Section dr_id: 2 radios, 0 checked
2025-12-11 17:10:16,686 [INFO] phase2_scraper:     Section sa_id: 4 radios, 0 checked
2025-12-11 17:10:16,686 [INFO] phase2_scraper:     Section sd_id: 1 radios, 0 checked
2025-12-11 17:10:16,686 [INFO] phase2_scraper:     Section e_id: 9 radios, 0 checked
2025-12-11 17:10:17,305 [INFO] phase2_scraper: Processing dish: BBQ Chicken Ranch (ID: 174078, combo=False)
2025-12-11 17:10:18,342 [INFO] phase2_scraper:   #groups has sections: ['br_id', 'ci_id', 'dr_id', 'sa_id', 'sd_id', 'e_id', 'cm_id']
2025-12-11 17:10:18,342 [INFO] phase2_scraper:     Section br_id: 3 radios, 0 checked
2025-12-11 17:10:18,343 [INFO] phase2_scraper:     Section ci_id: 11 radios, 0 checked
2025-12-11 17:10:18,343 [INFO] phase2_scraper:     Section dr_id: 2 radios, 0 checked
2025-12-11 17:10:18,344 [INFO] phase2_scraper:     Section sa_id: 4 radios, 0 checked
2025-12-11 17:10:18,344 [INFO] phase2_scraper:     Section sd_id: 1 radios, 0 checked
2025-12-11 17:10:18,345 [INFO] phase2_scraper:     Section e_id: 9 radios, 0 checked
2025-12-11 17:10:18,960 [INFO] phase2_scraper: Processing dish: Turkey Bacon Ranch (ID: 174079, combo=False)
2025-12-11 17:10:20,000 [INFO] phase2_scraper:   #groups has sections: ['br_id', 'ci_id', 'dr_id', 'sa_id', 'sd_id', 'e_id', 'cm_id']
2025-12-11 17:10:20,001 [INFO] phase2_scraper:     Section br_id: 3 radios, 0 checked
2025-12-11 17:10:20,001 [INFO] phase2_scraper:     Section ci_id: 11 radios, 0 checked
2025-12-11 17:10:20,002 [INFO] phase2_scraper:     Section dr_id: 2 radios, 0 checked
2025-12-11 17:10:20,003 [INFO] phase2_scraper:     Section sa_id: 4 radios, 0 checked
2025-12-11 17:10:20,003 [INFO] phase2_scraper:     Section sd_id: 1 radios, 0 checked
2025-12-11 17:10:20,004 [INFO] phase2_scraper:     Section e_id: 9 radios, 0 checked
2025-12-11 17:10:20,607 [INFO] phase2_scraper: Processing dish: Assorted Meats (ID: 174080, combo=False)
2025-12-11 17:10:21,627 [INFO] phase2_scraper:   #groups has sections: ['br_id', 'ci_id', 'dr_id', 'sa_id', 'sd_id', 'e_id', 'cm_id']
2025-12-11 17:10:21,628 [INFO] phase2_scraper:     Section br_id: 3 radios, 0 checked
2025-12-11 17:10:21,629 [INFO] phase2_scraper:     Section ci_id: 11 radios, 0 checked
2025-12-11 17:10:21,629 [INFO] phase2_scraper:     Section dr_id: 2 radios, 0 checked
2025-12-11 17:10:21,630 [INFO] phase2_scraper:     Section sa_id: 4 radios, 0 checked
2025-12-11 17:10:21,631 [INFO] phase2_scraper:     Section sd_id: 1 radios, 0 checked
2025-12-11 17:10:21,632 [INFO] phase2_scraper:     Section e_id: 9 radios, 0 checked
2025-12-11 17:10:22,244 [INFO] phase2_scraper: Processing dish: Ham & Turkey (ID: 174081, combo=False)
2025-12-11 17:10:23,346 [INFO] phase2_scraper:   #groups has sections: ['br_id', 'ci_id', 'dr_id', 'sa_id', 'sd_id', 'e_id', 'cm_id']
2025-12-11 17:10:23,347 [INFO] phase2_scraper:     Section br_id: 3 radios, 0 checked
2025-12-11 17:10:23,348 [INFO] phase2_scraper:     Section ci_id: 11 radios, 0 checked
2025-12-11 17:10:23,348 [INFO] phase2_scraper:     Section dr_id: 2 radios, 0 checked
2025-12-11 17:10:23,349 [INFO] phase2_scraper:     Section sa_id: 4 radios, 0 checked
2025-12-11 17:10:23,349 [INFO] phase2_scraper:     Section sd_id: 1 radios, 0 checked
2025-12-11 17:10:23,349 [INFO] phase2_scraper:     Section e_id: 9 radios, 0 checked
2025-12-11 17:10:23,946 [INFO] phase2_scraper: Processing dish: Milano Sub (ID: 174082, combo=False)
2025-12-11 17:10:24,988 [INFO] phase2_scraper:   #groups has sections: ['br_id', 'ci_id', 'dr_id', 'sa_id', 'sd_id', 'e_id', 'cm_id']
2025-12-11 17:10:24,989 [INFO] phase2_scraper:     Section br_id: 3 radios, 0 checked
2025-12-11 17:10:24,989 [INFO] phase2_scraper:     Section ci_id: 11 radios, 0 checked
2025-12-11 17:10:24,990 [INFO] phase2_scraper:     Section dr_id: 2 radios, 0 checked
2025-12-11 17:10:24,991 [INFO] phase2_scraper:     Section sa_id: 4 radios, 1 checked
2025-12-11 17:10:26,602 [INFO] phase2_scraper:     Section sd_id: 1 radios, 0 checked
2025-12-11 17:10:26,602 [INFO] phase2_scraper:     Section e_id: 9 radios, 1 checked
2025-12-11 17:10:27,116 [INFO] phase2_scraper:   Found 2 modifier groups, 5 modifiers for dish 174082
2025-12-11 17:10:27,817 [INFO] phase2_scraper: Processing dish: Steak (ID: 174083, combo=False)
2025-12-11 17:10:28,894 [INFO] phase2_scraper:   #groups has sections: ['br_id', 'ci_id', 'dr_id', 'sa_id', 'sd_id', 'e_id', 'cm_id']
2025-12-11 17:10:28,894 [INFO] phase2_scraper:     Section br_id: 3 radios, 0 checked
2025-12-11 17:10:28,895 [INFO] phase2_scraper:     Section ci_id: 11 radios, 0 checked
2025-12-11 17:10:28,896 [INFO] phase2_scraper:     Section dr_id: 2 radios, 0 checked
2025-12-11 17:10:28,896 [INFO] phase2_scraper:     Section sa_id: 4 radios, 1 checked
2025-12-11 17:10:31,642 [INFO] phase2_scraper:     Section sd_id: 1 radios, 0 checked
2025-12-11 17:10:31,643 [INFO] phase2_scraper:     Section e_id: 9 radios, 1 checked
2025-12-11 17:10:32,202 [INFO] phase2_scraper:   Found 2 modifier groups, 5 modifiers for dish 174083
2025-12-11 17:10:32,804 [INFO] phase2_scraper: Processing dish: Pizza Sub (ID: 174084, combo=False)
2025-12-11 17:10:33,822 [INFO] phase2_scraper:   #groups has sections: ['br_id', 'ci_id', 'dr_id', 'sa_id', 'sd_id', 'e_id', 'cm_id']
2025-12-11 17:10:33,823 [INFO] phase2_scraper:     Section br_id: 3 radios, 0 checked
2025-12-11 17:10:33,823 [INFO] phase2_scraper:     Section ci_id: 11 radios, 0 checked
2025-12-11 17:10:33,824 [INFO] phase2_scraper:     Section dr_id: 2 radios, 0 checked
2025-12-11 17:10:33,824 [INFO] phase2_scraper:     Section sa_id: 4 radios, 1 checked
2025-12-11 17:10:35,465 [INFO] phase2_scraper:     Section sd_id: 1 radios, 0 checked
2025-12-11 17:10:35,466 [INFO] phase2_scraper:     Section e_id: 9 radios, 1 checked
2025-12-11 17:10:35,982 [INFO] phase2_scraper:   Found 2 modifier groups, 5 modifiers for dish 174084
2025-12-11 17:10:36,593 [INFO] phase2_scraper: Processing dish: Club Sub (ID: 174085, combo=False)
2025-12-11 17:10:37,654 [INFO] phase2_scraper:   #groups has sections: ['br_id', 'ci_id', 'dr_id', 'sa_id', 'sd_id', 'e_id', 'cm_id']
2025-12-11 17:10:37,655 [INFO] phase2_scraper:     Section br_id: 3 radios, 0 checked
2025-12-11 17:10:37,655 [INFO] phase2_scraper:     Section ci_id: 11 radios, 0 checked
2025-12-11 17:10:37,655 [INFO] phase2_scraper:     Section dr_id: 2 radios, 0 checked
2025-12-11 17:10:37,656 [INFO] phase2_scraper:     Section sa_id: 4 radios, 1 checked
2025-12-11 17:10:39,192 [INFO] phase2_scraper:     Section sd_id: 1 radios, 0 checked
2025-12-11 17:10:39,193 [INFO] phase2_scraper:     Section e_id: 9 radios, 1 checked
2025-12-11 17:10:39,714 [INFO] phase2_scraper:   Found 2 modifier groups, 5 modifiers for dish 174085
2025-12-11 17:10:40,312 [INFO] phase2_scraper: Processing dish: Meat Ball Sub HIDE (ID: 174086, combo=False)
2025-12-11 17:10:41,312 [INFO] phase2_scraper:   #groups has sections: ['br_id', 'ci_id', 'dr_id', 'sa_id', 'sd_id', 'e_id', 'cm_id']
2025-12-11 17:10:41,312 [INFO] phase2_scraper:     Section br_id: 3 radios, 0 checked
2025-12-11 17:10:41,313 [INFO] phase2_scraper:     Section ci_id: 11 radios, 0 checked
2025-12-11 17:10:41,313 [INFO] phase2_scraper:     Section dr_id: 2 radios, 0 checked
2025-12-11 17:10:41,314 [INFO] phase2_scraper:     Section sa_id: 4 radios, 1 checked
2025-12-11 17:10:42,884 [INFO] phase2_scraper:     Section sd_id: 1 radios, 0 checked
2025-12-11 17:10:42,884 [INFO] phase2_scraper:     Section e_id: 9 radios, 1 checked
2025-12-11 17:10:43,401 [INFO] phase2_scraper:   Found 2 modifier groups, 5 modifiers for dish 174086
2025-12-11 17:10:44,028 [INFO] phase2_scraper: Processing dish: Chicken Caesar Sub HIDE (ID: 174087, combo=False)
2025-12-11 17:10:45,056 [INFO] phase2_scraper:   #groups has sections: ['br_id', 'ci_id', 'dr_id', 'sa_id', 'sd_id', 'e_id', 'cm_id']
2025-12-11 17:10:45,056 [INFO] phase2_scraper:     Section br_id: 3 radios, 0 checked
2025-12-11 17:10:45,057 [INFO] phase2_scraper:     Section ci_id: 11 radios, 0 checked
2025-12-11 17:10:45,058 [INFO] phase2_scraper:     Section dr_id: 2 radios, 0 checked
2025-12-11 17:10:45,058 [INFO] phase2_scraper:     Section sa_id: 4 radios, 1 checked
2025-12-11 17:10:46,628 [INFO] phase2_scraper:     Section sd_id: 1 radios, 0 checked
2025-12-11 17:10:46,628 [INFO] phase2_scraper:     Section e_id: 9 radios, 1 checked
2025-12-11 17:10:47,161 [INFO] phase2_scraper:   Found 2 modifier groups, 5 modifiers for dish 174087
2025-12-11 17:10:47,768 [INFO] phase2_scraper: Processing dish: Assorted Sub (ID: 174088, combo=False)
2025-12-11 17:10:48,846 [INFO] phase2_scraper:   #groups has sections: ['br_id', 'ci_id', 'dr_id', 'sa_id', 'sd_id', 'e_id', 'cm_id']
2025-12-11 17:10:48,847 [INFO] phase2_scraper:     Section br_id: 3 radios, 0 checked
2025-12-11 17:10:48,847 [INFO] phase2_scraper:     Section ci_id: 11 radios, 0 checked
2025-12-11 17:10:48,848 [INFO] phase2_scraper:     Section dr_id: 2 radios, 0 checked
2025-12-11 17:10:48,848 [INFO] phase2_scraper:     Section sa_id: 4 radios, 1 checked
2025-12-11 17:10:50,469 [INFO] phase2_scraper:     Section sd_id: 1 radios, 0 checked
2025-12-11 17:10:50,470 [INFO] phase2_scraper:     Section e_id: 9 radios, 1 checked
2025-12-11 17:10:51,025 [INFO] phase2_scraper:   Found 2 modifier groups, 5 modifiers for dish 174088
2025-12-11 17:10:51,629 [INFO] phase2_scraper: Processing dish: Salami Sub (ID: 174089, combo=False)
2025-12-11 17:10:52,652 [INFO] phase2_scraper:   #groups has sections: ['br_id', 'ci_id', 'dr_id', 'sa_id', 'sd_id', 'e_id', 'cm_id']
2025-12-11 17:10:52,652 [INFO] phase2_scraper:     Section br_id: 3 radios, 0 checked
2025-12-11 17:10:52,653 [INFO] phase2_scraper:     Section ci_id: 11 radios, 0 checked
2025-12-11 17:10:52,653 [INFO] phase2_scraper:     Section dr_id: 2 radios, 0 checked
2025-12-11 17:10:52,654 [INFO] phase2_scraper:     Section sa_id: 4 radios, 1 checked
2025-12-11 17:10:54,212 [INFO] phase2_scraper:     Section sd_id: 1 radios, 0 checked
2025-12-11 17:10:54,212 [INFO] phase2_scraper:     Section e_id: 9 radios, 1 checked
2025-12-11 17:10:54,736 [INFO] phase2_scraper:   Found 2 modifier groups, 5 modifiers for dish 174089
2025-12-11 17:10:55,333 [INFO] phase2_scraper: Processing dish: Ham (ID: 174090, combo=False)
2025-12-11 17:10:56,365 [INFO] phase2_scraper:   #groups has sections: ['br_id', 'ci_id', 'dr_id', 'sa_id', 'sd_id', 'e_id', 'cm_id']
2025-12-11 17:10:56,365 [INFO] phase2_scraper:     Section br_id: 3 radios, 0 checked
2025-12-11 17:10:56,366 [INFO] phase2_scraper:     Section ci_id: 11 radios, 0 checked
2025-12-11 17:10:56,366 [INFO] phase2_scraper:     Section dr_id: 2 radios, 0 checked
2025-12-11 17:10:56,367 [INFO] phase2_scraper:     Section sa_id: 4 radios, 1 checked
2025-12-11 17:10:57,889 [INFO] phase2_scraper:     Section sd_id: 1 radios, 0 checked
2025-12-11 17:10:57,890 [INFO] phase2_scraper:     Section e_id: 9 radios, 1 checked
2025-12-11 17:10:58,392 [INFO] phase2_scraper:   Found 2 modifier groups, 5 modifiers for dish 174090
2025-12-11 17:10:59,009 [INFO] phase2_scraper: Processing dish: Turkey (ID: 174091, combo=False)
2025-12-11 17:11:00,051 [INFO] phase2_scraper:   #groups has sections: ['br_id', 'ci_id', 'dr_id', 'sa_id', 'sd_id', 'e_id', 'cm_id']
2025-12-11 17:11:00,052 [INFO] phase2_scraper:     Section br_id: 3 radios, 0 checked
2025-12-11 17:11:00,053 [INFO] phase2_scraper:     Section ci_id: 11 radios, 0 checked
2025-12-11 17:11:00,053 [INFO] phase2_scraper:     Section dr_id: 2 radios, 0 checked
2025-12-11 17:11:00,054 [INFO] phase2_scraper:     Section sa_id: 4 radios, 1 checked
2025-12-11 17:11:01,663 [INFO] phase2_scraper:     Section sd_id: 1 radios, 0 checked
2025-12-11 17:11:01,665 [INFO] phase2_scraper:     Section e_id: 9 radios, 1 checked
2025-12-11 17:11:02,191 [INFO] phase2_scraper:   Found 2 modifier groups, 5 modifiers for dish 174091
2025-12-11 17:11:02,800 [INFO] phase2_scraper: Processing dish: Vegetarian Sub (ID: 174092, combo=False)
2025-12-11 17:11:03,820 [INFO] phase2_scraper:   #groups has sections: ['br_id', 'ci_id', 'dr_id', 'sa_id', 'sd_id', 'e_id', 'cm_id']
2025-12-11 17:11:03,821 [INFO] phase2_scraper:     Section br_id: 3 radios, 0 checked
2025-12-11 17:11:03,821 [INFO] phase2_scraper:     Section ci_id: 11 radios, 0 checked
2025-12-11 17:11:03,822 [INFO] phase2_scraper:     Section dr_id: 2 radios, 0 checked
2025-12-11 17:11:03,822 [INFO] phase2_scraper:     Section sa_id: 4 radios, 1 checked
2025-12-11 17:11:05,362 [INFO] phase2_scraper:     Section sd_id: 1 radios, 0 checked
2025-12-11 17:11:05,363 [INFO] phase2_scraper:     Section e_id: 9 radios, 1 checked
2025-12-11 17:11:05,903 [INFO] phase2_scraper:   Found 2 modifier groups, 5 modifiers for dish 174092
2025-12-11 17:11:06,513 [INFO] phase2_scraper: Processing dish: Donair (ID: 174093, combo=False)
2025-12-11 17:11:07,545 [INFO] phase2_scraper:   #groups has sections: ['br_id', 'ci_id', 'dr_id', 'sa_id', 'sd_id', 'e_id', 'cm_id']
2025-12-11 17:11:07,546 [INFO] phase2_scraper:     Section br_id: 3 radios, 0 checked
2025-12-11 17:11:07,546 [INFO] phase2_scraper:     Section ci_id: 11 radios, 1 checked
2025-12-11 17:11:09,552 [INFO] phase2_scraper:     Section dr_id: 2 radios, 0 checked
2025-12-11 17:11:09,553 [INFO] phase2_scraper:     Section sa_id: 4 radios, 1 checked
2025-12-11 17:11:10,761 [INFO] phase2_scraper:     Section sd_id: 1 radios, 0 checked
2025-12-11 17:11:10,762 [INFO] phase2_scraper:     Section e_id: 9 radios, 0 checked
2025-12-11 17:11:10,763 [INFO] phase2_scraper:   Found 2 modifier groups, 8 modifiers for dish 174093
2025-12-11 17:11:11,374 [INFO] phase2_scraper: Processing dish: Donair with Cheese (ID: 174094, combo=False)
2025-12-11 17:11:12,396 [INFO] phase2_scraper:   #groups has sections: ['br_id', 'ci_id', 'dr_id', 'sa_id', 'sd_id', 'e_id', 'cm_id']
2025-12-11 17:11:12,397 [INFO] phase2_scraper:     Section br_id: 3 radios, 0 checked
2025-12-11 17:11:12,397 [INFO] phase2_scraper:     Section ci_id: 11 radios, 1 checked
2025-12-11 17:11:14,587 [INFO] phase2_scraper:     Section dr_id: 2 radios, 0 checked
2025-12-11 17:11:14,588 [INFO] phase2_scraper:     Section sa_id: 4 radios, 1 checked
2025-12-11 17:11:15,783 [INFO] phase2_scraper:     Section sd_id: 1 radios, 0 checked
2025-12-11 17:11:15,783 [INFO] phase2_scraper:     Section e_id: 9 radios, 0 checked
2025-12-11 17:11:15,784 [INFO] phase2_scraper:   Found 2 modifier groups, 8 modifiers for dish 174094
2025-12-11 17:11:16,380 [INFO] phase2_scraper: Processing dish: Donair Platter with Fries & Gravy (ID: 174095, combo=False)
2025-12-11 17:11:17,379 [INFO] phase2_scraper:   #groups has sections: ['br_id', 'ci_id', 'dr_id', 'sa_id', 'sd_id', 'e_id', 'cm_id']
2025-12-11 17:11:17,380 [INFO] phase2_scraper:     Section br_id: 3 radios, 0 checked
2025-12-11 17:11:17,381 [INFO] phase2_scraper:     Section ci_id: 11 radios, 1 checked
2025-12-11 17:11:19,291 [INFO] phase2_scraper:     Section dr_id: 2 radios, 0 checked
2025-12-11 17:11:19,292 [INFO] phase2_scraper:     Section sa_id: 4 radios, 1 checked
2025-12-11 17:11:20,530 [INFO] phase2_scraper:     Section sd_id: 1 radios, 0 checked
2025-12-11 17:11:20,531 [INFO] phase2_scraper:     Section e_id: 9 radios, 0 checked
2025-12-11 17:11:20,532 [INFO] phase2_scraper:   Found 2 modifier groups, 8 modifiers for dish 174095
2025-12-11 17:11:21,142 [INFO] phase2_scraper: Processing dish: Plain (ID: 174096, combo=False)
2025-12-11 17:11:23,278 [INFO] phase2_scraper:   #groups has sections: ['br_id', 'ci_id', 'dr_id', 'sa_id', 'sd_id', 'e_id', 'cm_id']
2025-12-11 17:11:23,279 [INFO] phase2_scraper:     Section br_id: 3 radios, 1 checked
2025-12-11 17:11:24,650 [INFO] phase2_scraper:     Section ci_id: 11 radios, 1 checked
2025-12-11 17:11:40,207 [INFO] phase2_scraper:     Section dr_id: 2 radios, 1 checked
2025-12-11 17:11:40,727 [INFO] phase2_scraper:     Section sa_id: 4 radios, 1 checked
2025-12-11 17:11:42,938 [INFO] phase2_scraper:     Section sd_id: 1 radios, 0 checked
2025-12-11 17:11:42,938 [INFO] phase2_scraper:     Section e_id: 9 radios, 1 checked
2025-12-11 17:11:43,971 [INFO] phase2_scraper:   Found 5 modifier groups, 28 modifiers for dish 174096
2025-12-11 17:11:44,575 [INFO] phase2_scraper: Processing dish: Pepperoni Pizza (ID: 174097, combo=False)
2025-12-11 17:11:46,088 [INFO] phase2_scraper:   #groups has sections: ['br_id', 'ci_id', 'dr_id', 'sa_id', 'sd_id', 'e_id', 'cm_id']
2025-12-11 17:11:46,088 [INFO] phase2_scraper:     Section br_id: 3 radios, 1 checked
2025-12-11 17:11:47,435 [INFO] phase2_scraper:     Section ci_id: 11 radios, 1 checked
2025-12-11 17:12:02,884 [INFO] phase2_scraper:     Section dr_id: 2 radios, 1 checked
2025-12-11 17:12:03,402 [INFO] phase2_scraper:     Section sa_id: 4 radios, 1 checked
2025-12-11 17:12:05,630 [INFO] phase2_scraper:     Section sd_id: 1 radios, 0 checked
2025-12-11 17:12:05,630 [INFO] phase2_scraper:     Section e_id: 9 radios, 1 checked
2025-12-11 17:12:06,671 [INFO] phase2_scraper:   Found 5 modifier groups, 28 modifiers for dish 174097
2025-12-11 17:12:07,271 [INFO] phase2_scraper: Processing dish: Pepperoni and Double Cheese Pizza (ID: 174098, combo=False)
2025-12-11 17:12:08,802 [INFO] phase2_scraper:   #groups has sections: ['br_id', 'ci_id', 'dr_id', 'sa_id', 'sd_id', 'e_id', 'cm_id']
2025-12-11 17:12:08,803 [INFO] phase2_scraper:     Section br_id: 3 radios, 1 checked
2025-12-11 17:12:10,177 [INFO] phase2_scraper:     Section ci_id: 11 radios, 1 checked
2025-12-11 17:12:25,826 [INFO] phase2_scraper:     Section dr_id: 2 radios, 1 checked
2025-12-11 17:12:26,337 [INFO] phase2_scraper:     Section sa_id: 4 radios, 1 checked
2025-12-11 17:12:28,550 [INFO] phase2_scraper:     Section sd_id: 1 radios, 0 checked
2025-12-11 17:12:28,551 [INFO] phase2_scraper:     Section e_id: 9 radios, 1 checked
2025-12-11 17:12:29,574 [INFO] phase2_scraper:   Found 5 modifier groups, 28 modifiers for dish 174098
2025-12-11 17:12:30,186 [INFO] phase2_scraper: Processing dish: Pepperoni & Bacon Pizza (ID: 174099, combo=False)
2025-12-11 17:12:31,710 [INFO] phase2_scraper:   #groups has sections: ['br_id', 'ci_id', 'dr_id', 'sa_id', 'sd_id', 'e_id', 'cm_id']
2025-12-11 17:12:31,711 [INFO] phase2_scraper:     Section br_id: 3 radios, 1 checked
2025-12-11 17:12:33,098 [INFO] phase2_scraper:     Section ci_id: 11 radios, 1 checked
2025-12-11 17:12:48,662 [INFO] phase2_scraper:     Section dr_id: 2 radios, 1 checked
2025-12-11 17:12:49,175 [INFO] phase2_scraper:     Section sa_id: 4 radios, 1 checked
2025-12-11 17:12:51,375 [INFO] phase2_scraper:     Section sd_id: 1 radios, 0 checked
2025-12-11 17:12:51,376 [INFO] phase2_scraper:     Section e_id: 9 radios, 1 checked
2025-12-11 17:12:52,416 [INFO] phase2_scraper:   Found 5 modifier groups, 28 modifiers for dish 174099
2025-12-11 17:12:53,025 [INFO] phase2_scraper: Processing dish: Pepperoni Bacon and Double Cheese Pizza (ID: 174100, combo=False)
2025-12-11 17:12:54,506 [INFO] phase2_scraper:   #groups has sections: ['br_id', 'ci_id', 'dr_id', 'sa_id', 'sd_id', 'e_id', 'cm_id']
2025-12-11 17:12:54,506 [INFO] phase2_scraper:     Section br_id: 3 radios, 1 checked
2025-12-11 17:12:55,919 [INFO] phase2_scraper:     Section ci_id: 11 radios, 1 checked
2025-12-11 17:13:11,530 [INFO] phase2_scraper:     Section dr_id: 2 radios, 1 checked
2025-12-11 17:13:12,092 [INFO] phase2_scraper:     Section sa_id: 4 radios, 1 checked
2025-12-11 17:13:14,319 [INFO] phase2_scraper:     Section sd_id: 1 radios, 0 checked
2025-12-11 17:13:14,320 [INFO] phase2_scraper:     Section e_id: 9 radios, 1 checked
2025-12-11 17:13:15,376 [INFO] phase2_scraper:   Found 5 modifier groups, 28 modifiers for dish 174100
2025-12-11 17:13:15,987 [INFO] phase2_scraper: Processing dish: One Topping (ID: 174101, combo=True)
2025-12-11 17:13:19,250 [INFO] phase2_scraper: Processing dish: Two Toppings (ID: 174102, combo=True)
2025-12-11 17:13:22,365 [INFO] phase2_scraper: Processing dish: Combination (ID: 174103, combo=False)
2025-12-11 17:13:23,893 [INFO] phase2_scraper:   #groups has sections: ['br_id', 'ci_id', 'dr_id', 'sa_id', 'sd_id', 'e_id', 'cm_id']
2025-12-11 17:13:23,894 [INFO] phase2_scraper:     Section br_id: 3 radios, 1 checked
2025-12-11 17:13:25,240 [INFO] phase2_scraper:     Section ci_id: 11 radios, 1 checked
2025-12-11 17:13:40,833 [INFO] phase2_scraper:     Section dr_id: 2 radios, 1 checked
2025-12-11 17:13:41,388 [INFO] phase2_scraper:     Section sa_id: 4 radios, 1 checked
2025-12-11 17:13:43,606 [INFO] phase2_scraper:     Section sd_id: 1 radios, 0 checked
2025-12-11 17:13:43,607 [INFO] phase2_scraper:     Section e_id: 9 radios, 1 checked
2025-12-11 17:13:44,624 [INFO] phase2_scraper:   Found 5 modifier groups, 28 modifiers for dish 174103
2025-12-11 17:13:45,234 [INFO] phase2_scraper: Processing dish: Vegetarian (ID: 174104, combo=False)
2025-12-11 17:13:46,755 [INFO] phase2_scraper:   #groups has sections: ['br_id', 'ci_id', 'dr_id', 'sa_id', 'sd_id', 'e_id', 'cm_id']
2025-12-11 17:13:46,756 [INFO] phase2_scraper:     Section br_id: 3 radios, 1 checked
2025-12-11 17:13:48,123 [INFO] phase2_scraper:     Section ci_id: 11 radios, 1 checked
2025-12-11 17:14:04,068 [INFO] phase2_scraper:     Section dr_id: 2 radios, 1 checked
2025-12-11 17:14:04,612 [INFO] phase2_scraper:     Section sa_id: 4 radios, 1 checked
2025-12-11 17:14:06,873 [INFO] phase2_scraper:     Section sd_id: 1 radios, 0 checked
2025-12-11 17:14:06,874 [INFO] phase2_scraper:     Section e_id: 9 radios, 1 checked
2025-12-11 17:14:07,947 [INFO] phase2_scraper:   Found 5 modifier groups, 28 modifiers for dish 174104
2025-12-11 17:14:08,548 [INFO] phase2_scraper: Processing dish: Hawaiian (ID: 174105, combo=False)
2025-12-11 17:14:10,105 [INFO] phase2_scraper:   #groups has sections: ['br_id', 'ci_id', 'dr_id', 'sa_id', 'sd_id', 'e_id', 'cm_id']
2025-12-11 17:14:10,106 [INFO] phase2_scraper:     Section br_id: 3 radios, 1 checked
2025-12-11 17:14:11,537 [INFO] phase2_scraper:     Section ci_id: 11 radios, 1 checked
2025-12-11 17:14:27,592 [INFO] phase2_scraper:     Section dr_id: 2 radios, 1 checked
2025-12-11 17:14:28,107 [INFO] phase2_scraper:     Section sa_id: 4 radios, 1 checked
2025-12-11 17:14:30,333 [INFO] phase2_scraper:     Section sd_id: 1 radios, 0 checked
2025-12-11 17:14:30,334 [INFO] phase2_scraper:     Section e_id: 9 radios, 1 checked
2025-12-11 17:14:31,335 [INFO] phase2_scraper:   Found 5 modifier groups, 28 modifiers for dish 174105
2025-12-11 17:14:31,946 [INFO] phase2_scraper: Processing dish: Canadian (ID: 174106, combo=False)
2025-12-11 17:14:33,585 [INFO] phase2_scraper:   #groups has sections: ['br_id', 'ci_id', 'dr_id', 'sa_id', 'sd_id', 'e_id', 'cm_id']
2025-12-11 17:14:33,586 [INFO] phase2_scraper:     Section br_id: 3 radios, 1 checked
2025-12-11 17:14:34,986 [INFO] phase2_scraper:     Section ci_id: 11 radios, 1 checked
2025-12-11 17:14:50,499 [INFO] phase2_scraper:     Section dr_id: 2 radios, 1 checked
2025-12-11 17:14:51,003 [INFO] phase2_scraper:     Section sa_id: 4 radios, 1 checked
2025-12-11 17:14:53,231 [INFO] phase2_scraper:     Section sd_id: 1 radios, 0 checked
2025-12-11 17:14:53,232 [INFO] phase2_scraper:     Section e_id: 9 radios, 1 checked
2025-12-11 17:14:54,255 [INFO] phase2_scraper:   Found 5 modifier groups, 28 modifiers for dish 174106
2025-12-11 17:14:54,859 [INFO] phase2_scraper: Processing dish: Philly Cheese Steak (ID: 174107, combo=False)
2025-12-11 17:14:56,396 [INFO] phase2_scraper:   #groups has sections: ['br_id', 'ci_id', 'dr_id', 'sa_id', 'sd_id', 'e_id', 'cm_id']
2025-12-11 17:14:56,397 [INFO] phase2_scraper:     Section br_id: 3 radios, 1 checked
2025-12-11 17:14:57,791 [INFO] phase2_scraper:     Section ci_id: 11 radios, 1 checked
2025-12-11 17:15:13,510 [INFO] phase2_scraper:     Section dr_id: 2 radios, 1 checked
2025-12-11 17:15:14,004 [INFO] phase2_scraper:     Section sa_id: 4 radios, 1 checked
2025-12-11 17:15:16,263 [INFO] phase2_scraper:     Section sd_id: 1 radios, 0 checked
2025-12-11 17:15:16,264 [INFO] phase2_scraper:     Section e_id: 9 radios, 1 checked
2025-12-11 17:15:17,277 [INFO] phase2_scraper:   Found 5 modifier groups, 28 modifiers for dish 174107
2025-12-11 17:15:17,887 [INFO] phase2_scraper: Processing dish: BBQ Chicken (ID: 174108, combo=False)
2025-12-11 17:15:19,397 [INFO] phase2_scraper:   #groups has sections: ['br_id', 'ci_id', 'dr_id', 'sa_id', 'sd_id', 'e_id', 'cm_id']
2025-12-11 17:15:19,398 [INFO] phase2_scraper:     Section br_id: 3 radios, 1 checked
2025-12-11 17:15:20,776 [INFO] phase2_scraper:     Section ci_id: 11 radios, 1 checked
2025-12-11 17:15:38,839 [INFO] phase2_scraper:     Section dr_id: 2 radios, 1 checked
2025-12-11 17:15:39,353 [INFO] phase2_scraper:     Section sa_id: 4 radios, 1 checked
2025-12-11 17:15:41,688 [INFO] phase2_scraper:     Section sd_id: 1 radios, 0 checked
2025-12-11 17:15:41,688 [INFO] phase2_scraper:     Section e_id: 9 radios, 1 checked
2025-12-11 17:15:42,793 [INFO] phase2_scraper:   Found 5 modifier groups, 28 modifiers for dish 174108
2025-12-11 17:15:43,398 [INFO] phase2_scraper: Processing dish: Hawaiian Plus (ID: 174109, combo=False)
2025-12-11 17:15:44,990 [INFO] phase2_scraper:   #groups has sections: ['br_id', 'ci_id', 'dr_id', 'sa_id', 'sd_id', 'e_id', 'cm_id']
2025-12-11 17:15:44,991 [INFO] phase2_scraper:     Section br_id: 3 radios, 1 checked
2025-12-11 17:15:46,417 [INFO] phase2_scraper:     Section ci_id: 11 radios, 1 checked
2025-12-11 17:16:01,918 [INFO] phase2_scraper:     Section dr_id: 2 radios, 1 checked
2025-12-11 17:16:02,422 [INFO] phase2_scraper:     Section sa_id: 4 radios, 1 checked
2025-12-11 17:16:04,653 [INFO] phase2_scraper:     Section sd_id: 1 radios, 0 checked
2025-12-11 17:16:04,654 [INFO] phase2_scraper:     Section e_id: 9 radios, 1 checked
2025-12-11 17:16:05,740 [INFO] phase2_scraper:   Found 5 modifier groups, 28 modifiers for dish 174109
2025-12-11 17:16:06,346 [INFO] phase2_scraper: Processing dish: Muskrat Special (ID: 174110, combo=False)
2025-12-11 17:16:07,898 [INFO] phase2_scraper:   #groups has sections: ['br_id', 'ci_id', 'dr_id', 'sa_id', 'sd_id', 'e_id', 'cm_id']
2025-12-11 17:16:07,899 [INFO] phase2_scraper:     Section br_id: 3 radios, 1 checked
2025-12-11 17:16:09,281 [INFO] phase2_scraper:     Section ci_id: 11 radios, 1 checked
2025-12-11 17:16:26,602 [INFO] phase2_scraper:     Section dr_id: 2 radios, 1 checked
2025-12-11 17:16:27,140 [INFO] phase2_scraper:     Section sa_id: 4 radios, 1 checked
2025-12-11 17:16:29,523 [INFO] phase2_scraper:     Section sd_id: 1 radios, 0 checked
2025-12-11 17:16:29,524 [INFO] phase2_scraper:     Section e_id: 9 radios, 1 checked
2025-12-11 17:16:30,610 [INFO] phase2_scraper:   Found 5 modifier groups, 28 modifiers for dish 174110
2025-12-11 17:16:31,209 [INFO] phase2_scraper: Processing dish: Meat Lovers (ID: 174111, combo=False)
2025-12-11 17:16:32,800 [INFO] phase2_scraper:   #groups has sections: ['br_id', 'ci_id', 'dr_id', 'sa_id', 'sd_id', 'e_id', 'cm_id']
2025-12-11 17:16:32,801 [INFO] phase2_scraper:     Section br_id: 3 radios, 1 checked
2025-12-11 17:16:34,202 [INFO] phase2_scraper:     Section ci_id: 11 radios, 1 checked
2025-12-11 17:16:50,880 [INFO] phase2_scraper:     Section dr_id: 2 radios, 1 checked
2025-12-11 17:16:51,418 [INFO] phase2_scraper:     Section sa_id: 4 radios, 1 checked
2025-12-11 17:16:53,669 [INFO] phase2_scraper:     Section sd_id: 1 radios, 0 checked
2025-12-11 17:16:53,670 [INFO] phase2_scraper:     Section e_id: 9 radios, 1 checked
2025-12-11 17:16:54,702 [INFO] phase2_scraper:   Found 5 modifier groups, 28 modifiers for dish 174111
2025-12-11 17:16:55,307 [INFO] phase2_scraper: Processing dish: Milano Special (ID: 174112, combo=False)
2025-12-11 17:16:56,848 [INFO] phase2_scraper:   #groups has sections: ['br_id', 'ci_id', 'dr_id', 'sa_id', 'sd_id', 'e_id', 'cm_id']
2025-12-11 17:16:56,849 [INFO] phase2_scraper:     Section br_id: 3 radios, 1 checked
2025-12-11 17:16:58,226 [INFO] phase2_scraper:     Section ci_id: 11 radios, 1 checked
2025-12-11 17:17:13,834 [INFO] phase2_scraper:     Section dr_id: 2 radios, 1 checked
2025-12-11 17:17:14,352 [INFO] phase2_scraper:     Section sa_id: 4 radios, 1 checked
2025-12-11 17:17:16,618 [INFO] phase2_scraper:     Section sd_id: 1 radios, 0 checked
2025-12-11 17:17:16,619 [INFO] phase2_scraper:     Section e_id: 9 radios, 1 checked
2025-12-11 17:17:17,681 [INFO] phase2_scraper:   Found 5 modifier groups, 28 modifiers for dish 174112
2025-12-11 17:17:18,290 [INFO] phase2_scraper: Processing dish: Milano Favourite (ID: 174113, combo=False)
2025-12-11 17:17:19,864 [INFO] phase2_scraper:   #groups has sections: ['br_id', 'ci_id', 'dr_id', 'sa_id', 'sd_id', 'e_id', 'cm_id']
2025-12-11 17:17:19,865 [INFO] phase2_scraper:     Section br_id: 3 radios, 1 checked
2025-12-11 17:17:21,343 [INFO] phase2_scraper:     Section ci_id: 11 radios, 1 checked
2025-12-11 17:17:37,883 [INFO] phase2_scraper:     Section dr_id: 2 radios, 1 checked
2025-12-11 17:17:38,383 [INFO] phase2_scraper:     Section sa_id: 4 radios, 1 checked
2025-12-11 17:17:40,667 [INFO] phase2_scraper:     Section sd_id: 1 radios, 0 checked
2025-12-11 17:17:40,668 [INFO] phase2_scraper:     Section e_id: 9 radios, 1 checked
2025-12-11 17:17:41,732 [INFO] phase2_scraper:   Found 5 modifier groups, 28 modifiers for dish 174113
2025-12-11 17:17:42,335 [INFO] phase2_scraper: Processing dish: Mediterranean (ID: 174114, combo=False)
2025-12-11 17:17:43,853 [INFO] phase2_scraper:   #groups has sections: ['br_id', 'ci_id', 'dr_id', 'sa_id', 'sd_id', 'e_id', 'cm_id']
2025-12-11 17:17:43,854 [INFO] phase2_scraper:     Section br_id: 3 radios, 1 checked
2025-12-11 17:17:45,215 [INFO] phase2_scraper:     Section ci_id: 11 radios, 1 checked
2025-12-11 17:18:01,282 [INFO] phase2_scraper:     Section dr_id: 2 radios, 1 checked
2025-12-11 17:18:01,811 [INFO] phase2_scraper:     Section sa_id: 4 radios, 1 checked
2025-12-11 17:18:04,321 [INFO] phase2_scraper:     Section sd_id: 1 radios, 0 checked
2025-12-11 17:18:04,322 [INFO] phase2_scraper:     Section e_id: 9 radios, 1 checked
2025-12-11 17:18:05,382 [INFO] phase2_scraper:   Found 5 modifier groups, 28 modifiers for dish 174114
2025-12-11 17:18:06,022 [INFO] phase2_scraper: Processing dish: Chilli Thai (ID: 174115, combo=False)
2025-12-11 17:18:07,744 [INFO] phase2_scraper:   #groups has sections: ['br_id', 'ci_id', 'dr_id', 'sa_id', 'sd_id', 'e_id', 'cm_id']
2025-12-11 17:18:07,745 [INFO] phase2_scraper:     Section br_id: 3 radios, 1 checked
2025-12-11 17:18:09,118 [INFO] phase2_scraper:     Section ci_id: 11 radios, 1 checked
2025-12-11 17:18:24,722 [INFO] phase2_scraper:     Section dr_id: 2 radios, 1 checked
2025-12-11 17:18:25,240 [INFO] phase2_scraper:     Section sa_id: 4 radios, 1 checked
2025-12-11 17:18:27,494 [INFO] phase2_scraper:     Section sd_id: 1 radios, 0 checked
2025-12-11 17:18:27,496 [INFO] phase2_scraper:     Section e_id: 9 radios, 1 checked
2025-12-11 17:18:28,519 [INFO] phase2_scraper:   Found 5 modifier groups, 28 modifiers for dish 174115
2025-12-11 17:18:29,130 [INFO] phase2_scraper: Processing dish: Donair Pizza (ID: 174116, combo=False)
2025-12-11 17:18:30,665 [INFO] phase2_scraper:   #groups has sections: ['br_id', 'ci_id', 'dr_id', 'sa_id', 'sd_id', 'e_id', 'cm_id']
2025-12-11 17:18:30,665 [INFO] phase2_scraper:     Section br_id: 3 radios, 1 checked
2025-12-11 17:18:32,039 [INFO] phase2_scraper:     Section ci_id: 11 radios, 1 checked
2025-12-11 17:18:47,736 [INFO] phase2_scraper:     Section dr_id: 2 radios, 1 checked
2025-12-11 17:18:48,268 [INFO] phase2_scraper:     Section sa_id: 4 radios, 1 checked
2025-12-11 17:18:50,500 [INFO] phase2_scraper:     Section sd_id: 1 radios, 0 checked
2025-12-11 17:18:50,501 [INFO] phase2_scraper:     Section e_id: 9 radios, 1 checked
2025-12-11 17:18:51,558 [INFO] phase2_scraper:   Found 5 modifier groups, 28 modifiers for dish 174116
2025-12-11 17:18:52,155 [INFO] phase2_scraper: Processing dish: Oh Sweet Vegan HIDE (ID: 174117, combo=False)
2025-12-11 17:18:53,693 [INFO] phase2_scraper:   #groups has sections: ['br_id', 'ci_id', 'dr_id', 'sa_id', 'sd_id', 'e_id', 'cm_id']
2025-12-11 17:18:53,694 [INFO] phase2_scraper:     Section br_id: 3 radios, 1 checked
2025-12-11 17:18:55,073 [INFO] phase2_scraper:     Section ci_id: 11 radios, 1 checked
2025-12-11 17:19:10,972 [INFO] phase2_scraper:     Section dr_id: 2 radios, 0 checked
2025-12-11 17:19:10,973 [INFO] phase2_scraper:     Section sa_id: 4 radios, 1 checked
2025-12-11 17:19:13,229 [INFO] phase2_scraper:     Section sd_id: 1 radios, 0 checked
2025-12-11 17:19:13,230 [INFO] phase2_scraper:     Section e_id: 9 radios, 0 checked
2025-12-11 17:19:13,231 [INFO] phase2_scraper:   Found 3 modifier groups, 26 modifiers for dish 174117
2025-12-11 17:19:13,843 [INFO] phase2_scraper: Processing dish: Vegan’s Delight Pizza HIDE (ID: 174118, combo=False)
2025-12-11 17:19:15,512 [INFO] phase2_scraper:   #groups has sections: ['br_id', 'ci_id', 'dr_id', 'sa_id', 'sd_id', 'e_id', 'cm_id']
2025-12-11 17:19:15,513 [INFO] phase2_scraper:     Section br_id: 3 radios, 1 checked
2025-12-11 17:19:16,921 [INFO] phase2_scraper:     Section ci_id: 11 radios, 1 checked
2025-12-11 17:19:32,555 [INFO] phase2_scraper:     Section dr_id: 2 radios, 0 checked
2025-12-11 17:19:32,556 [INFO] phase2_scraper:     Section sa_id: 4 radios, 1 checked
2025-12-11 17:19:34,802 [INFO] phase2_scraper:     Section sd_id: 1 radios, 0 checked
2025-12-11 17:19:34,803 [INFO] phase2_scraper:     Section e_id: 9 radios, 1 checked
2025-12-11 17:19:35,847 [INFO] phase2_scraper:   Found 4 modifier groups, 27 modifiers for dish 174118
2025-12-11 17:19:36,448 [INFO] phase2_scraper: Processing dish: Deli Pizza HIDE (ID: 174119, combo=False)
2025-12-11 17:19:37,983 [INFO] phase2_scraper:   #groups has sections: ['br_id', 'ci_id', 'dr_id', 'sa_id', 'sd_id', 'e_id', 'cm_id']
2025-12-11 17:19:37,983 [INFO] phase2_scraper:     Section br_id: 3 radios, 1 checked
2025-12-11 17:19:39,323 [INFO] phase2_scraper:     Section ci_id: 11 radios, 1 checked
2025-12-11 17:19:54,991 [INFO] phase2_scraper:     Section dr_id: 2 radios, 1 checked
2025-12-11 17:19:55,508 [INFO] phase2_scraper:     Section sa_id: 4 radios, 1 checked
2025-12-11 17:19:57,710 [INFO] phase2_scraper:     Section sd_id: 1 radios, 0 checked
2025-12-11 17:19:57,711 [INFO] phase2_scraper:     Section e_id: 9 radios, 1 checked
2025-12-11 17:19:58,728 [INFO] phase2_scraper:   Found 5 modifier groups, 28 modifiers for dish 174119
2025-12-11 17:19:59,328 [INFO] phase2_scraper: Processing dish: Mexican Pizza HIDE (ID: 174120, combo=False)
2025-12-11 17:20:00,848 [INFO] phase2_scraper:   #groups has sections: ['br_id', 'ci_id', 'dr_id', 'sa_id', 'sd_id', 'e_id', 'cm_id']
2025-12-11 17:20:00,850 [INFO] phase2_scraper:     Section br_id: 3 radios, 1 checked
2025-12-11 17:20:02,210 [INFO] phase2_scraper:     Section ci_id: 11 radios, 1 checked
2025-12-11 17:20:17,809 [INFO] phase2_scraper:     Section dr_id: 2 radios, 1 checked
2025-12-11 17:20:18,355 [INFO] phase2_scraper:     Section sa_id: 4 radios, 1 checked
2025-12-11 17:20:20,568 [INFO] phase2_scraper:     Section sd_id: 1 radios, 0 checked
2025-12-11 17:20:20,569 [INFO] phase2_scraper:     Section e_id: 9 radios, 1 checked
2025-12-11 17:20:21,599 [INFO] phase2_scraper:   Found 5 modifier groups, 28 modifiers for dish 174120
2025-12-11 17:20:22,199 [INFO] phase2_scraper: Processing dish: Pizza Burger HIDE (ID: 174121, combo=False)
2025-12-11 17:20:23,892 [INFO] phase2_scraper:   #groups has sections: ['br_id', 'ci_id', 'dr_id', 'sa_id', 'sd_id', 'e_id', 'cm_id']
2025-12-11 17:20:23,893 [INFO] phase2_scraper:     Section br_id: 3 radios, 1 checked
2025-12-11 17:20:25,275 [INFO] phase2_scraper:     Section ci_id: 11 radios, 1 checked
2025-12-11 17:20:41,948 [INFO] phase2_scraper:     Section dr_id: 2 radios, 1 checked
2025-12-11 17:20:42,452 [INFO] phase2_scraper:     Section sa_id: 4 radios, 1 checked
2025-12-11 17:20:44,702 [INFO] phase2_scraper:     Section sd_id: 1 radios, 0 checked
2025-12-11 17:20:44,703 [INFO] phase2_scraper:     Section e_id: 9 radios, 1 checked
2025-12-11 17:20:45,743 [INFO] phase2_scraper:   Found 5 modifier groups, 28 modifiers for dish 174121
2025-12-11 17:20:46,344 [INFO] phase2_scraper: Processing dish: Texas Style HIDE (ID: 174122, combo=False)
2025-12-11 17:20:47,877 [INFO] phase2_scraper:   #groups has sections: ['br_id', 'ci_id', 'dr_id', 'sa_id', 'sd_id', 'e_id', 'cm_id']
2025-12-11 17:20:47,877 [INFO] phase2_scraper:     Section br_id: 3 radios, 1 checked
2025-12-11 17:20:49,316 [INFO] phase2_scraper:     Section ci_id: 11 radios, 1 checked
2025-12-11 17:21:04,951 [INFO] phase2_scraper:     Section dr_id: 2 radios, 1 checked
2025-12-11 17:21:05,458 [INFO] phase2_scraper:     Section sa_id: 4 radios, 1 checked
2025-12-11 17:21:07,644 [INFO] phase2_scraper:     Section sd_id: 1 radios, 0 checked
2025-12-11 17:21:07,644 [INFO] phase2_scraper:     Section e_id: 9 radios, 1 checked
2025-12-11 17:21:08,740 [INFO] phase2_scraper:   Found 5 modifier groups, 28 modifiers for dish 174122
2025-12-11 17:21:09,350 [INFO] phase2_scraper: Processing dish: The Italian Job HIDE (ID: 174123, combo=False)
2025-12-11 17:21:10,942 [INFO] phase2_scraper:   #groups has sections: ['br_id', 'ci_id', 'dr_id', 'sa_id', 'sd_id', 'e_id', 'cm_id']
2025-12-11 17:21:10,942 [INFO] phase2_scraper:     Section br_id: 3 radios, 1 checked
2025-12-11 17:21:12,356 [INFO] phase2_scraper:     Section ci_id: 11 radios, 1 checked
2025-12-11 17:21:29,236 [INFO] phase2_scraper:     Section dr_id: 2 radios, 1 checked
2025-12-11 17:21:29,776 [INFO] phase2_scraper:     Section sa_id: 4 radios, 1 checked
2025-12-11 17:21:31,952 [INFO] phase2_scraper:     Section sd_id: 1 radios, 0 checked
2025-12-11 17:21:31,952 [INFO] phase2_scraper:     Section e_id: 9 radios, 1 checked
2025-12-11 17:21:33,020 [INFO] phase2_scraper:   Found 5 modifier groups, 28 modifiers for dish 174123
2025-12-11 17:21:33,617 [INFO] phase2_scraper: Processing dish: The Poutine Zaa HIDED (ID: 174124, combo=False)
2025-12-11 17:21:35,307 [INFO] phase2_scraper:   #groups has sections: ['br_id', 'ci_id', 'dr_id', 'sa_id', 'sd_id', 'e_id', 'cm_id']
2025-12-11 17:21:35,308 [INFO] phase2_scraper:     Section br_id: 3 radios, 1 checked
2025-12-11 17:21:36,657 [INFO] phase2_scraper:     Section ci_id: 11 radios, 1 checked
2025-12-11 17:21:52,206 [INFO] phase2_scraper:     Section dr_id: 2 radios, 0 checked
2025-12-11 17:21:52,207 [INFO] phase2_scraper:     Section sa_id: 4 radios, 1 checked
2025-12-11 17:21:54,416 [INFO] phase2_scraper:     Section sd_id: 1 radios, 0 checked
2025-12-11 17:21:54,416 [INFO] phase2_scraper:     Section e_id: 9 radios, 1 checked
2025-12-11 17:21:54,923 [INFO] phase2_scraper:   Found 4 modifier groups, 27 modifiers for dish 174124
2025-12-11 17:21:55,531 [INFO] phase2_scraper: Processing dish: Smart's Sweet Salty & Spicy Pizza HIDED (ID: 174125, combo=False)
2025-12-11 17:21:56,707 [INFO] phase2_scraper:   #groups has sections: ['br_id', 'ci_id', 'dr_id', 'sa_id', 'sd_id', 'e_id', 'cm_id']
2025-12-11 17:21:56,708 [INFO] phase2_scraper:     Section br_id: 3 radios, 1 checked
2025-12-11 17:21:58,395 [INFO] phase2_scraper:     Section ci_id: 11 radios, 1 checked
2025-12-11 17:22:13,955 [INFO] phase2_scraper:     Section dr_id: 2 radios, 0 checked
2025-12-11 17:22:13,956 [INFO] phase2_scraper:     Section sa_id: 4 radios, 1 checked
2025-12-11 17:22:16,199 [INFO] phase2_scraper:     Section sd_id: 1 radios, 0 checked
2025-12-11 17:22:16,200 [INFO] phase2_scraper:     Section e_id: 9 radios, 0 checked
2025-12-11 17:22:16,201 [INFO] phase2_scraper:   Found 3 modifier groups, 28 modifiers for dish 174125
2025-12-11 17:22:16,807 [INFO] phase2_scraper: Processing dish: Fantino Mondello Spinach & Squash Pizza HIDED (ID: 174126, combo=False)
2025-12-11 17:22:18,354 [INFO] phase2_scraper:   #groups has sections: ['br_id', 'ci_id', 'dr_id', 'sa_id', 'sd_id', 'e_id', 'cm_id']
2025-12-11 17:22:18,355 [INFO] phase2_scraper:     Section br_id: 3 radios, 1 checked
2025-12-11 17:22:19,803 [INFO] phase2_scraper:     Section ci_id: 11 radios, 1 checked
2025-12-11 17:22:35,559 [INFO] phase2_scraper:     Section dr_id: 2 radios, 0 checked
2025-12-11 17:22:35,560 [INFO] phase2_scraper:     Section sa_id: 4 radios, 1 checked
2025-12-11 17:22:37,803 [INFO] phase2_scraper:     Section sd_id: 1 radios, 0 checked
2025-12-11 17:22:37,804 [INFO] phase2_scraper:     Section e_id: 9 radios, 0 checked
2025-12-11 17:22:37,804 [INFO] phase2_scraper:   Found 3 modifier groups, 26 modifiers for dish 174126
2025-12-11 17:22:38,407 [INFO] phase2_scraper: Processing dish: Surf & Turf Pizza HIDED (ID: 174127, combo=False)
2025-12-11 17:22:39,967 [INFO] phase2_scraper:   #groups has sections: ['br_id', 'ci_id', 'dr_id', 'sa_id', 'sd_id', 'e_id', 'cm_id']
2025-12-11 17:22:39,968 [INFO] phase2_scraper:     Section br_id: 3 radios, 1 checked
2025-12-11 17:22:41,358 [INFO] phase2_scraper:     Section ci_id: 11 radios, 1 checked
2025-12-11 17:22:56,356 [INFO] phase2_scraper:     Section dr_id: 2 radios, 0 checked
2025-12-11 17:22:56,356 [INFO] phase2_scraper:     Section sa_id: 4 radios, 1 checked
2025-12-11 17:22:58,574 [INFO] phase2_scraper:     Section sd_id: 1 radios, 0 checked
2025-12-11 17:22:58,574 [INFO] phase2_scraper:     Section e_id: 9 radios, 0 checked
2025-12-11 17:22:58,575 [INFO] phase2_scraper:   Found 3 modifier groups, 25 modifiers for dish 174127
2025-12-11 17:22:59,177 [INFO] phase2_scraper: Processing dish: Johnny MO-zzarella Pizza HIDED (ID: 174128, combo=False)
2025-12-11 17:23:00,735 [INFO] phase2_scraper:   #groups has sections: ['br_id', 'ci_id', 'dr_id', 'sa_id', 'sd_id', 'e_id', 'cm_id']
2025-12-11 17:23:00,735 [INFO] phase2_scraper:     Section br_id: 3 radios, 1 checked
2025-12-11 17:23:02,104 [INFO] phase2_scraper:     Section ci_id: 11 radios, 1 checked
2025-12-11 17:23:17,712 [INFO] phase2_scraper:     Section dr_id: 2 radios, 0 checked
2025-12-11 17:23:17,713 [INFO] phase2_scraper:     Section sa_id: 4 radios, 1 checked
2025-12-11 17:23:19,959 [INFO] phase2_scraper:     Section sd_id: 1 radios, 0 checked
2025-12-11 17:23:19,960 [INFO] phase2_scraper:     Section e_id: 9 radios, 0 checked
2025-12-11 17:23:19,961 [INFO] phase2_scraper:   Found 3 modifier groups, 26 modifiers for dish 174128
2025-12-11 17:23:20,562 [INFO] phase2_scraper: Processing dish: The Windsor Pizza HIDE (ID: 174129, combo=False)
2025-12-11 17:23:22,070 [INFO] phase2_scraper:   #groups has sections: ['br_id', 'ci_id', 'dr_id', 'sa_id', 'sd_id', 'e_id', 'cm_id']
2025-12-11 17:23:22,071 [INFO] phase2_scraper:     Section br_id: 3 radios, 1 checked
2025-12-11 17:23:23,437 [INFO] phase2_scraper:     Section ci_id: 11 radios, 1 checked
2025-12-11 17:23:40,305 [INFO] phase2_scraper:     Section dr_id: 2 radios, 1 checked
2025-12-11 17:23:40,852 [INFO] phase2_scraper:     Section sa_id: 4 radios, 1 checked
2025-12-11 17:23:43,226 [INFO] phase2_scraper:     Section sd_id: 1 radios, 0 checked
2025-12-11 17:23:43,227 [INFO] phase2_scraper:     Section e_id: 9 radios, 1 checked
2025-12-11 17:23:44,352 [INFO] phase2_scraper:   Found 5 modifier groups, 28 modifiers for dish 174129
2025-12-11 17:23:44,962 [INFO] phase2_scraper: Processing dish: Spicy Sweet Polynesian HIDE (ID: 174130, combo=False)
2025-12-11 17:23:46,717 [INFO] phase2_scraper:   #groups has sections: ['br_id', 'ci_id', 'dr_id', 'sa_id', 'sd_id', 'e_id', 'cm_id']
2025-12-11 17:23:46,718 [INFO] phase2_scraper:     Section br_id: 3 radios, 1 checked
2025-12-11 17:23:48,309 [INFO] phase2_scraper:     Section ci_id: 11 radios, 1 checked
2025-12-11 17:24:05,272 [INFO] phase2_scraper:     Section dr_id: 2 radios, 1 checked
2025-12-11 17:24:05,786 [INFO] phase2_scraper:     Section sa_id: 4 radios, 1 checked
2025-12-11 17:24:08,141 [INFO] phase2_scraper:     Section sd_id: 1 radios, 0 checked
2025-12-11 17:24:08,142 [INFO] phase2_scraper:     Section e_id: 9 radios, 1 checked
2025-12-11 17:24:09,140 [INFO] phase2_scraper:   Found 5 modifier groups, 28 modifiers for dish 174130
2025-12-11 17:24:09,755 [INFO] phase2_scraper: Processing dish: Hamburger Platter HIDE (ID: 174131, combo=False)
2025-12-11 17:24:10,761 [INFO] phase2_scraper:   #groups has sections: ['br_id', 'ci_id', 'dr_id', 'sa_id', 'sd_id', 'e_id', 'cm_id']
2025-12-11 17:24:10,762 [INFO] phase2_scraper:     Section br_id: 3 radios, 0 checked
2025-12-11 17:24:10,763 [INFO] phase2_scraper:     Section ci_id: 11 radios, 1 checked
2025-12-11 17:24:14,005 [INFO] phase2_scraper:     Section dr_id: 2 radios, 0 checked
2025-12-11 17:24:14,006 [INFO] phase2_scraper:     Section sa_id: 4 radios, 0 checked
2025-12-11 17:24:14,006 [INFO] phase2_scraper:     Section sd_id: 1 radios, 1 checked
2025-12-11 17:24:14,512 [INFO] phase2_scraper:     Section e_id: 9 radios, 1 checked
2025-12-11 17:24:15,377 [INFO] phase2_scraper:   Found 3 modifier groups, 12 modifiers for dish 174131
2025-12-11 17:24:15,980 [INFO] phase2_scraper: Processing dish: Cheeseburger Platter HIDE (ID: 174132, combo=False)
2025-12-11 17:24:16,975 [INFO] phase2_scraper:   #groups has sections: ['br_id', 'ci_id', 'dr_id', 'sa_id', 'sd_id', 'e_id', 'cm_id']
2025-12-11 17:24:16,976 [INFO] phase2_scraper:     Section br_id: 3 radios, 0 checked
2025-12-11 17:24:16,976 [INFO] phase2_scraper:     Section ci_id: 11 radios, 1 checked
2025-12-11 17:24:20,228 [INFO] phase2_scraper:     Section dr_id: 2 radios, 0 checked
2025-12-11 17:24:20,229 [INFO] phase2_scraper:     Section sa_id: 4 radios, 0 checked
2025-12-11 17:24:20,229 [INFO] phase2_scraper:     Section sd_id: 1 radios, 1 checked
2025-12-11 17:24:20,753 [INFO] phase2_scraper:     Section e_id: 9 radios, 1 checked
2025-12-11 17:24:21,640 [INFO] phase2_scraper:   Found 3 modifier groups, 12 modifiers for dish 174132
2025-12-11 17:24:22,240 [INFO] phase2_scraper: Processing dish: Bacon Cheeseburger Platter HIDE (ID: 174133, combo=False)
2025-12-11 17:24:23,242 [INFO] phase2_scraper:   #groups has sections: ['br_id', 'ci_id', 'dr_id', 'sa_id', 'sd_id', 'e_id', 'cm_id']
2025-12-11 17:24:23,243 [INFO] phase2_scraper:     Section br_id: 3 radios, 0 checked
2025-12-11 17:24:23,244 [INFO] phase2_scraper:     Section ci_id: 11 radios, 1 checked
2025-12-11 17:24:26,542 [INFO] phase2_scraper:     Section dr_id: 2 radios, 0 checked
2025-12-11 17:24:26,543 [INFO] phase2_scraper:     Section sa_id: 4 radios, 0 checked
2025-12-11 17:24:26,543 [INFO] phase2_scraper:     Section sd_id: 1 radios, 1 checked
2025-12-11 17:24:27,069 [INFO] phase2_scraper:     Section e_id: 9 radios, 1 checked
2025-12-11 17:24:27,935 [INFO] phase2_scraper:   Found 3 modifier groups, 12 modifiers for dish 174133
2025-12-11 17:24:28,541 [INFO] phase2_scraper: Processing dish: Fish & Chips (2 pcs) HIDE (ID: 174134, combo=False)
2025-12-11 17:24:29,543 [INFO] phase2_scraper:   #groups has sections: ['br_id', 'ci_id', 'dr_id', 'sa_id', 'sd_id', 'e_id', 'cm_id']
2025-12-11 17:24:29,544 [INFO] phase2_scraper:     Section br_id: 3 radios, 0 checked
2025-12-11 17:24:29,545 [INFO] phase2_scraper:     Section ci_id: 11 radios, 0 checked
2025-12-11 17:24:29,545 [INFO] phase2_scraper:     Section dr_id: 2 radios, 0 checked
2025-12-11 17:24:29,546 [INFO] phase2_scraper:     Section sa_id: 4 radios, 0 checked
2025-12-11 17:24:29,546 [INFO] phase2_scraper:     Section sd_id: 1 radios, 0 checked
2025-12-11 17:24:29,546 [INFO] phase2_scraper:     Section e_id: 9 radios, 0 checked
2025-12-11 17:24:30,148 [INFO] phase2_scraper: Processing dish: Shrimp In A Basket Platter HIDE (ID: 174135, combo=False)
2025-12-11 17:24:31,146 [INFO] phase2_scraper:   #groups has sections: ['br_id', 'ci_id', 'dr_id', 'sa_id', 'sd_id', 'e_id', 'cm_id']
2025-12-11 17:24:31,147 [INFO] phase2_scraper:     Section br_id: 3 radios, 0 checked
2025-12-11 17:24:31,147 [INFO] phase2_scraper:     Section ci_id: 11 radios, 0 checked
2025-12-11 17:24:31,148 [INFO] phase2_scraper:     Section dr_id: 2 radios, 0 checked
2025-12-11 17:24:31,148 [INFO] phase2_scraper:     Section sa_id: 4 radios, 0 checked
2025-12-11 17:24:31,148 [INFO] phase2_scraper:     Section sd_id: 1 radios, 1 checked
2025-12-11 17:24:31,643 [INFO] phase2_scraper:     Section e_id: 9 radios, 0 checked
2025-12-11 17:24:31,644 [INFO] phase2_scraper:   Found 1 modifier groups, 1 modifiers for dish 174135
2025-12-11 17:24:32,253 [INFO] phase2_scraper: Processing dish: Smoked Meat on Rye HIDE (ID: 174136, combo=False)
2025-12-11 17:24:33,265 [INFO] phase2_scraper:   #groups has sections: ['br_id', 'ci_id', 'dr_id', 'sa_id', 'sd_id', 'e_id', 'cm_id']
2025-12-11 17:24:33,266 [INFO] phase2_scraper:     Section br_id: 3 radios, 0 checked
2025-12-11 17:24:33,266 [INFO] phase2_scraper:     Section ci_id: 11 radios, 0 checked
2025-12-11 17:24:33,267 [INFO] phase2_scraper:     Section dr_id: 2 radios, 0 checked
2025-12-11 17:24:33,267 [INFO] phase2_scraper:     Section sa_id: 4 radios, 0 checked
2025-12-11 17:24:33,267 [INFO] phase2_scraper:     Section sd_id: 1 radios, 0 checked
2025-12-11 17:24:33,268 [INFO] phase2_scraper:     Section e_id: 9 radios, 0 checked
2025-12-11 17:24:33,869 [INFO] phase2_scraper: Processing dish: Club Sandwich Only (ID: 174137, combo=False)
2025-12-11 17:24:35,050 [INFO] phase2_scraper:   #groups has sections: ['br_id', 'ci_id', 'dr_id', 'sa_id', 'sd_id', 'e_id', 'cm_id']
2025-12-11 17:24:35,051 [INFO] phase2_scraper:     Section br_id: 3 radios, 0 checked
2025-12-11 17:24:35,051 [INFO] phase2_scraper:     Section ci_id: 11 radios, 0 checked
2025-12-11 17:24:35,052 [INFO] phase2_scraper:     Section dr_id: 2 radios, 0 checked
2025-12-11 17:24:35,052 [INFO] phase2_scraper:     Section sa_id: 4 radios, 0 checked
2025-12-11 17:24:35,053 [INFO] phase2_scraper:     Section sd_id: 1 radios, 0 checked
2025-12-11 17:24:35,053 [INFO] phase2_scraper:     Section e_id: 9 radios, 0 checked
2025-12-11 17:24:35,654 [INFO] phase2_scraper: Processing dish: Club Sandwich with Fries (ID: 174138, combo=False)
2025-12-11 17:24:36,809 [INFO] phase2_scraper:   #groups has sections: ['br_id', 'ci_id', 'dr_id', 'sa_id', 'sd_id', 'e_id', 'cm_id']
2025-12-11 17:24:36,810 [INFO] phase2_scraper:     Section br_id: 3 radios, 0 checked
2025-12-11 17:24:36,811 [INFO] phase2_scraper:     Section ci_id: 11 radios, 0 checked
2025-12-11 17:24:36,811 [INFO] phase2_scraper:     Section dr_id: 2 radios, 0 checked
2025-12-11 17:24:36,812 [INFO] phase2_scraper:     Section sa_id: 4 radios, 0 checked
2025-12-11 17:24:36,812 [INFO] phase2_scraper:     Section sd_id: 1 radios, 0 checked
2025-12-11 17:24:36,812 [INFO] phase2_scraper:     Section e_id: 9 radios, 0 checked
2025-12-11 17:24:37,414 [INFO] phase2_scraper: Processing dish: Crust and Bean Chicken Sandwich HIDE (ID: 174139, combo=False)
2025-12-11 17:24:38,408 [INFO] phase2_scraper:   #groups has sections: ['br_id', 'ci_id', 'dr_id', 'sa_id', 'sd_id', 'e_id', 'cm_id']
2025-12-11 17:24:38,409 [INFO] phase2_scraper:     Section br_id: 3 radios, 0 checked
2025-12-11 17:24:38,410 [INFO] phase2_scraper:     Section ci_id: 11 radios, 0 checked
2025-12-11 17:24:38,410 [INFO] phase2_scraper:     Section dr_id: 2 radios, 0 checked
2025-12-11 17:24:38,411 [INFO] phase2_scraper:     Section sa_id: 4 radios, 0 checked
2025-12-11 17:24:38,411 [INFO] phase2_scraper:     Section sd_id: 1 radios, 0 checked
2025-12-11 17:24:38,411 [INFO] phase2_scraper:     Section e_id: 9 radios, 0 checked
2025-12-11 17:24:39,013 [INFO] phase2_scraper: Processing dish: Combo Platter (ID: 174140, combo=False)
2025-12-11 17:24:40,017 [INFO] phase2_scraper:   #groups has sections: ['br_id', 'ci_id', 'dr_id', 'sa_id', 'sd_id', 'e_id', 'cm_id']
2025-12-11 17:24:40,018 [INFO] phase2_scraper:     Section br_id: 3 radios, 0 checked
2025-12-11 17:24:40,019 [INFO] phase2_scraper:     Section ci_id: 11 radios, 0 checked
2025-12-11 17:24:40,019 [INFO] phase2_scraper:     Section dr_id: 2 radios, 0 checked
2025-12-11 17:24:40,020 [INFO] phase2_scraper:     Section sa_id: 4 radios, 0 checked
2025-12-11 17:24:40,020 [INFO] phase2_scraper:     Section sd_id: 1 radios, 1 checked
2025-12-11 17:24:40,534 [INFO] phase2_scraper:     Section e_id: 9 radios, 0 checked
2025-12-11 17:24:40,535 [INFO] phase2_scraper:   Found 1 modifier groups, 1 modifiers for dish 174140
2025-12-11 17:24:41,148 [INFO] phase2_scraper: Processing dish: Hot Turkey Sandwich HIDE (ID: 174141, combo=False)
2025-12-11 17:24:42,120 [INFO] phase2_scraper:   #groups has sections: ['br_id', 'ci_id', 'dr_id', 'sa_id', 'sd_id', 'e_id', 'cm_id']
2025-12-11 17:24:42,121 [INFO] phase2_scraper:     Section br_id: 3 radios, 0 checked
2025-12-11 17:24:42,121 [INFO] phase2_scraper:     Section ci_id: 11 radios, 0 checked
2025-12-11 17:24:42,122 [INFO] phase2_scraper:     Section dr_id: 2 radios, 0 checked
2025-12-11 17:24:42,122 [INFO] phase2_scraper:     Section sa_id: 4 radios, 0 checked
2025-12-11 17:24:42,123 [INFO] phase2_scraper:     Section sd_id: 1 radios, 1 checked
2025-12-11 17:24:42,643 [INFO] phase2_scraper:     Section e_id: 9 radios, 0 checked
2025-12-11 17:24:42,644 [INFO] phase2_scraper:   Found 1 modifier groups, 1 modifiers for dish 174141
2025-12-11 17:24:43,247 [INFO] phase2_scraper: Processing dish: Hot Hamburger Sandwich HIDE (ID: 174142, combo=False)
2025-12-11 17:24:44,256 [INFO] phase2_scraper:   #groups has sections: ['br_id', 'ci_id', 'dr_id', 'sa_id', 'sd_id', 'e_id', 'cm_id']
2025-12-11 17:24:44,257 [INFO] phase2_scraper:     Section br_id: 3 radios, 0 checked
2025-12-11 17:24:44,257 [INFO] phase2_scraper:     Section ci_id: 11 radios, 0 checked
2025-12-11 17:24:44,258 [INFO] phase2_scraper:     Section dr_id: 2 radios, 0 checked
2025-12-11 17:24:44,258 [INFO] phase2_scraper:     Section sa_id: 4 radios, 0 checked
2025-12-11 17:24:44,259 [INFO] phase2_scraper:     Section sd_id: 1 radios, 1 checked
2025-12-11 17:24:44,780 [INFO] phase2_scraper:     Section e_id: 9 radios, 0 checked
2025-12-11 17:24:44,781 [INFO] phase2_scraper:   Found 1 modifier groups, 1 modifiers for dish 174142
2025-12-11 17:24:45,391 [INFO] phase2_scraper: Processing dish: Hamburger 5.33 oz HIDE (ID: 174143, combo=False)
2025-12-11 17:24:46,369 [INFO] phase2_scraper:   #groups has sections: ['br_id', 'ci_id', 'dr_id', 'sa_id', 'sd_id', 'e_id', 'cm_id']
2025-12-11 17:24:46,370 [INFO] phase2_scraper:     Section br_id: 3 radios, 0 checked
2025-12-11 17:24:46,370 [INFO] phase2_scraper:     Section ci_id: 11 radios, 1 checked
2025-12-11 17:24:49,674 [INFO] phase2_scraper:     Section dr_id: 2 radios, 0 checked
2025-12-11 17:24:49,675 [INFO] phase2_scraper:     Section sa_id: 4 radios, 0 checked
2025-12-11 17:24:49,676 [INFO] phase2_scraper:     Section sd_id: 1 radios, 0 checked
2025-12-11 17:24:49,676 [INFO] phase2_scraper:     Section e_id: 9 radios, 1 checked
2025-12-11 17:24:50,575 [INFO] phase2_scraper:   Found 2 modifier groups, 11 modifiers for dish 174143
2025-12-11 17:24:51,183 [INFO] phase2_scraper: Processing dish: Cheeseburger HIDE (ID: 174144, combo=False)
2025-12-11 17:24:52,180 [INFO] phase2_scraper:   #groups has sections: ['br_id', 'ci_id', 'dr_id', 'sa_id', 'sd_id', 'e_id', 'cm_id']
2025-12-11 17:24:52,181 [INFO] phase2_scraper:     Section br_id: 3 radios, 0 checked
2025-12-11 17:24:52,181 [INFO] phase2_scraper:     Section ci_id: 11 radios, 1 checked
2025-12-11 17:24:55,425 [INFO] phase2_scraper:     Section dr_id: 2 radios, 0 checked
2025-12-11 17:24:55,426 [INFO] phase2_scraper:     Section sa_id: 4 radios, 0 checked
2025-12-11 17:24:55,426 [INFO] phase2_scraper:     Section sd_id: 1 radios, 0 checked
2025-12-11 17:24:55,426 [INFO] phase2_scraper:     Section e_id: 9 radios, 1 checked
2025-12-11 17:24:56,341 [INFO] phase2_scraper:   Found 2 modifier groups, 11 modifiers for dish 174144
2025-12-11 17:24:56,953 [INFO] phase2_scraper: Processing dish: Bacon Cheeseburger HIDE (ID: 174145, combo=False)
2025-12-11 17:24:57,941 [INFO] phase2_scraper:   #groups has sections: ['br_id', 'ci_id', 'dr_id', 'sa_id', 'sd_id', 'e_id', 'cm_id']
2025-12-11 17:24:57,941 [INFO] phase2_scraper:     Section br_id: 3 radios, 0 checked
2025-12-11 17:24:57,942 [INFO] phase2_scraper:     Section ci_id: 11 radios, 1 checked
2025-12-11 17:25:01,270 [INFO] phase2_scraper:     Section dr_id: 2 radios, 0 checked
2025-12-11 17:25:01,271 [INFO] phase2_scraper:     Section sa_id: 4 radios, 0 checked
2025-12-11 17:25:01,272 [INFO] phase2_scraper:     Section sd_id: 1 radios, 0 checked
2025-12-11 17:25:01,272 [INFO] phase2_scraper:     Section e_id: 9 radios, 1 checked
2025-12-11 17:25:02,117 [INFO] phase2_scraper:   Found 2 modifier groups, 11 modifiers for dish 174145
2025-12-11 17:25:02,724 [INFO] phase2_scraper: Processing dish: Hot Dog HIDE (ID: 174146, combo=False)
2025-12-11 17:25:03,748 [INFO] phase2_scraper:   #groups has sections: ['br_id', 'ci_id', 'dr_id', 'sa_id', 'sd_id', 'e_id', 'cm_id']
2025-12-11 17:25:03,749 [INFO] phase2_scraper:     Section br_id: 3 radios, 0 checked
2025-12-11 17:25:03,749 [INFO] phase2_scraper:     Section ci_id: 11 radios, 1 checked
2025-12-11 17:25:05,682 [INFO] phase2_scraper:     Section dr_id: 2 radios, 0 checked
2025-12-11 17:25:05,683 [INFO] phase2_scraper:     Section sa_id: 4 radios, 0 checked
2025-12-11 17:25:05,683 [INFO] phase2_scraper:     Section sd_id: 1 radios, 0 checked
2025-12-11 17:25:05,684 [INFO] phase2_scraper:     Section e_id: 9 radios, 0 checked
2025-12-11 17:25:05,684 [INFO] phase2_scraper:   Found 1 modifier groups, 5 modifiers for dish 174146
2025-12-11 17:25:06,292 [INFO] phase2_scraper: Processing dish: French Fries (ID: 174147, combo=False)
2025-12-11 17:25:07,470 [INFO] phase2_scraper:   #groups has sections: ['br_id', 'ci_id', 'dr_id', 'sa_id', 'sd_id', 'e_id', 'cm_id']
2025-12-11 17:25:07,471 [INFO] phase2_scraper:     Section br_id: 3 radios, 0 checked
2025-12-11 17:25:07,472 [INFO] phase2_scraper:     Section ci_id: 11 radios, 0 checked
2025-12-11 17:25:07,472 [INFO] phase2_scraper:     Section dr_id: 2 radios, 0 checked
2025-12-11 17:25:07,472 [INFO] phase2_scraper:     Section sa_id: 4 radios, 0 checked
2025-12-11 17:25:07,473 [INFO] phase2_scraper:     Section sd_id: 1 radios, 0 checked
2025-12-11 17:25:07,473 [INFO] phase2_scraper:     Section e_id: 9 radios, 1 checked
2025-12-11 17:25:07,976 [INFO] phase2_scraper:   Found 1 modifier groups, 1 modifiers for dish 174147
2025-12-11 17:25:08,582 [INFO] phase2_scraper: Processing dish: Poutine (ID: 174148, combo=False)
2025-12-11 17:25:09,764 [INFO] phase2_scraper:   #groups has sections: ['br_id', 'ci_id', 'dr_id', 'sa_id', 'sd_id', 'e_id', 'cm_id']
2025-12-11 17:25:09,765 [INFO] phase2_scraper:     Section br_id: 3 radios, 0 checked
2025-12-11 17:25:09,765 [INFO] phase2_scraper:     Section ci_id: 11 radios, 1 checked
2025-12-11 17:25:19,416 [INFO] phase2_scraper:     Section dr_id: 2 radios, 0 checked
2025-12-11 17:25:19,417 [INFO] phase2_scraper:     Section sa_id: 4 radios, 0 checked
2025-12-11 17:25:19,417 [INFO] phase2_scraper:     Section sd_id: 1 radios, 0 checked
2025-12-11 17:25:19,418 [INFO] phase2_scraper:     Section e_id: 9 radios, 1 checked
2025-12-11 17:25:20,099 [INFO] phase2_scraper:   Found 2 modifier groups, 19 modifiers for dish 174148
2025-12-11 17:25:20,711 [INFO] phase2_scraper: Processing dish: Bacon Poutine (ID: 174149, combo=False)
2025-12-11 17:25:21,878 [INFO] phase2_scraper:   #groups has sections: ['br_id', 'ci_id', 'dr_id', 'sa_id', 'sd_id', 'e_id', 'cm_id']
2025-12-11 17:25:21,878 [INFO] phase2_scraper:     Section br_id: 3 radios, 0 checked
2025-12-11 17:25:21,879 [INFO] phase2_scraper:     Section ci_id: 11 radios, 1 checked
2025-12-11 17:25:31,273 [INFO] phase2_scraper:     Section dr_id: 2 radios, 0 checked
2025-12-11 17:25:31,274 [INFO] phase2_scraper:     Section sa_id: 4 radios, 0 checked
2025-12-11 17:25:31,275 [INFO] phase2_scraper:     Section sd_id: 1 radios, 0 checked
2025-12-11 17:25:31,275 [INFO] phase2_scraper:     Section e_id: 9 radios, 1 checked
2025-12-11 17:25:31,974 [INFO] phase2_scraper:   Found 2 modifier groups, 19 modifiers for dish 174149
2025-12-11 17:25:32,575 [INFO] phase2_scraper: Processing dish: Onion Rings (ID: 174150, combo=False)
2025-12-11 17:25:33,747 [INFO] phase2_scraper:   #groups has sections: ['br_id', 'ci_id', 'dr_id', 'sa_id', 'sd_id', 'e_id', 'cm_id']
2025-12-11 17:25:33,748 [INFO] phase2_scraper:     Section br_id: 3 radios, 0 checked
2025-12-11 17:25:33,749 [INFO] phase2_scraper:     Section ci_id: 11 radios, 0 checked
2025-12-11 17:25:33,749 [INFO] phase2_scraper:     Section dr_id: 2 radios, 0 checked
2025-12-11 17:25:33,750 [INFO] phase2_scraper:     Section sa_id: 4 radios, 0 checked
2025-12-11 17:25:33,750 [INFO] phase2_scraper:     Section sd_id: 1 radios, 0 checked
2025-12-11 17:25:33,750 [INFO] phase2_scraper:     Section e_id: 9 radios, 0 checked
2025-12-11 17:25:34,349 [INFO] phase2_scraper: Processing dish: Gravy HIDE (ID: 174151, combo=False)
2025-12-11 17:25:35,342 [INFO] phase2_scraper:   #groups has sections: ['br_id', 'ci_id', 'dr_id', 'sa_id', 'sd_id', 'e_id', 'cm_id']
2025-12-11 17:25:35,343 [INFO] phase2_scraper:     Section br_id: 3 radios, 0 checked
2025-12-11 17:25:35,343 [INFO] phase2_scraper:     Section ci_id: 11 radios, 0 checked
2025-12-11 17:25:35,344 [INFO] phase2_scraper:     Section dr_id: 2 radios, 0 checked
2025-12-11 17:25:35,345 [INFO] phase2_scraper:     Section sa_id: 4 radios, 0 checked
2025-12-11 17:25:35,345 [INFO] phase2_scraper:     Section sd_id: 1 radios, 0 checked
2025-12-11 17:25:35,346 [INFO] phase2_scraper:     Section e_id: 9 radios, 0 checked
2025-12-11 17:25:35,948 [INFO] phase2_scraper: Processing dish: PopCurds Poutine HIDE (ID: 174152, combo=False)
2025-12-11 17:25:37,132 [INFO] phase2_scraper:   #groups has sections: ['br_id', 'ci_id', 'dr_id', 'sa_id', 'sd_id', 'e_id', 'cm_id']
2025-12-11 17:25:37,133 [INFO] phase2_scraper:     Section br_id: 3 radios, 0 checked
2025-12-11 17:25:37,133 [INFO] phase2_scraper:     Section ci_id: 11 radios, 1 checked
2025-12-11 17:25:46,686 [INFO] phase2_scraper:     Section dr_id: 2 radios, 0 checked
2025-12-11 17:25:46,687 [INFO] phase2_scraper:     Section sa_id: 4 radios, 0 checked
2025-12-11 17:25:46,687 [INFO] phase2_scraper:     Section sd_id: 1 radios, 0 checked
2025-12-11 17:25:46,688 [INFO] phase2_scraper:     Section e_id: 9 radios, 1 checked
2025-12-11 17:25:47,373 [INFO] phase2_scraper:   Found 2 modifier groups, 19 modifiers for dish 174152
2025-12-11 17:25:47,983 [INFO] phase2_scraper: Processing dish: Pom Pom Poutine HIDE (ID: 174153, combo=False)
2025-12-11 17:25:49,237 [INFO] phase2_scraper:   #groups has sections: ['br_id', 'ci_id', 'dr_id', 'sa_id', 'sd_id', 'e_id', 'cm_id']
2025-12-11 17:25:49,237 [INFO] phase2_scraper:     Section br_id: 3 radios, 0 checked
2025-12-11 17:25:49,238 [INFO] phase2_scraper:     Section ci_id: 11 radios, 1 checked
2025-12-11 17:25:58,651 [INFO] phase2_scraper:     Section dr_id: 2 radios, 0 checked
2025-12-11 17:25:58,652 [INFO] phase2_scraper:     Section sa_id: 4 radios, 0 checked
2025-12-11 17:25:58,652 [INFO] phase2_scraper:     Section sd_id: 1 radios, 0 checked
2025-12-11 17:25:58,653 [INFO] phase2_scraper:     Section e_id: 9 radios, 1 checked
2025-12-11 17:25:59,316 [INFO] phase2_scraper:   Found 2 modifier groups, 19 modifiers for dish 174153
2025-12-11 17:25:59,941 [INFO] phase2_scraper: Processing dish: Pogo HIDE (ID: 174154, combo=False)
2025-12-11 17:26:00,939 [INFO] phase2_scraper:   #groups has sections: ['br_id', 'ci_id', 'dr_id', 'sa_id', 'sd_id', 'e_id', 'cm_id']
2025-12-11 17:26:00,939 [INFO] phase2_scraper:     Section br_id: 3 radios, 0 checked
2025-12-11 17:26:00,940 [INFO] phase2_scraper:     Section ci_id: 11 radios, 0 checked
2025-12-11 17:26:00,941 [INFO] phase2_scraper:     Section dr_id: 2 radios, 0 checked
2025-12-11 17:26:00,941 [INFO] phase2_scraper:     Section sa_id: 4 radios, 0 checked
2025-12-11 17:26:00,941 [INFO] phase2_scraper:     Section sd_id: 1 radios, 0 checked
2025-12-11 17:26:00,942 [INFO] phase2_scraper:     Section e_id: 9 radios, 0 checked
2025-12-11 17:26:01,537 [INFO] phase2_scraper: Processing dish: Vegan Plain Cheese (V) HIDE (ID: 174155, combo=False)
2025-12-11 17:26:03,053 [INFO] phase2_scraper:   #groups has sections: ['br_id', 'ci_id', 'dr_id', 'sa_id', 'sd_id', 'e_id', 'cm_id']
2025-12-11 17:26:03,053 [INFO] phase2_scraper:     Section br_id: 3 radios, 1 checked
2025-12-11 17:26:04,439 [INFO] phase2_scraper:     Section ci_id: 11 radios, 1 checked
2025-12-11 17:26:21,877 [INFO] phase2_scraper:     Section dr_id: 2 radios, 0 checked
2025-12-11 17:26:21,878 [INFO] phase2_scraper:     Section sa_id: 4 radios, 1 checked
2025-12-11 17:26:24,321 [INFO] phase2_scraper:     Section sd_id: 1 radios, 0 checked
2025-12-11 17:26:24,322 [INFO] phase2_scraper:     Section e_id: 9 radios, 1 checked
2025-12-11 17:26:25,443 [INFO] phase2_scraper:   Found 4 modifier groups, 27 modifiers for dish 174155
2025-12-11 17:26:26,066 [INFO] phase2_scraper: Processing dish: Garden Vegan Pizza (V) HIDE (ID: 174156, combo=False)
2025-12-11 17:26:27,799 [INFO] phase2_scraper:   #groups has sections: ['br_id', 'ci_id', 'dr_id', 'sa_id', 'sd_id', 'e_id', 'cm_id']
2025-12-11 17:26:27,800 [INFO] phase2_scraper:     Section br_id: 3 radios, 1 checked
2025-12-11 17:26:29,579 [INFO] phase2_scraper:     Section ci_id: 11 radios, 1 checked
2025-12-11 17:26:47,273 [INFO] phase2_scraper:     Section dr_id: 2 radios, 0 checked
2025-12-11 17:26:47,274 [INFO] phase2_scraper:     Section sa_id: 4 radios, 1 checked
2025-12-11 17:26:49,503 [INFO] phase2_scraper:     Section sd_id: 1 radios, 0 checked
2025-12-11 17:26:49,504 [INFO] phase2_scraper:     Section e_id: 9 radios, 1 checked
2025-12-11 17:26:50,527 [INFO] phase2_scraper:   Found 4 modifier groups, 27 modifiers for dish 174156
2025-12-11 17:26:51,132 [INFO] phase2_scraper: Processing dish: Vegan’s Delight Pizza (V) HIDE (ID: 174157, combo=False)
2025-12-11 17:26:52,666 [INFO] phase2_scraper:   #groups has sections: ['br_id', 'ci_id', 'dr_id', 'sa_id', 'sd_id', 'e_id', 'cm_id']
2025-12-11 17:26:52,667 [INFO] phase2_scraper:     Section br_id: 3 radios, 1 checked
2025-12-11 17:26:54,067 [INFO] phase2_scraper:     Section ci_id: 11 radios, 1 checked
2025-12-11 17:27:09,852 [INFO] phase2_scraper:     Section dr_id: 2 radios, 0 checked
2025-12-11 17:27:09,853 [INFO] phase2_scraper:     Section sa_id: 4 radios, 1 checked
2025-12-11 17:27:12,132 [INFO] phase2_scraper:     Section sd_id: 1 radios, 0 checked
2025-12-11 17:27:12,133 [INFO] phase2_scraper:     Section e_id: 9 radios, 1 checked
2025-12-11 17:27:13,147 [INFO] phase2_scraper:   Found 4 modifier groups, 27 modifiers for dish 174157
2025-12-11 17:27:13,757 [INFO] phase2_scraper: Processing dish: Oh Sweet Vegan (V) HIDE (ID: 174158, combo=False)
2025-12-11 17:27:15,312 [INFO] phase2_scraper:   #groups has sections: ['br_id', 'ci_id', 'dr_id', 'sa_id', 'sd_id', 'e_id', 'cm_id']
2025-12-11 17:27:15,313 [INFO] phase2_scraper:     Section br_id: 3 radios, 1 checked
2025-12-11 17:27:16,699 [INFO] phase2_scraper:     Section ci_id: 11 radios, 1 checked
2025-12-11 17:27:32,592 [INFO] phase2_scraper:     Section dr_id: 2 radios, 0 checked
2025-12-11 17:27:32,593 [INFO] phase2_scraper:     Section sa_id: 4 radios, 1 checked
2025-12-11 17:27:34,827 [INFO] phase2_scraper:     Section sd_id: 1 radios, 0 checked
2025-12-11 17:27:34,828 [INFO] phase2_scraper:     Section e_id: 9 radios, 1 checked
2025-12-11 17:27:35,847 [INFO] phase2_scraper:   Found 4 modifier groups, 27 modifiers for dish 174158
2025-12-11 17:27:36,452 [INFO] phase2_scraper: Processing dish: 2 Pizza Deal 1 Topping (V) HIDE (ID: 174159, combo=True)
2025-12-11 17:27:39,418 [INFO] phase2_scraper: Processing dish: 2 Pizza Deal 2 Toppings (V) HIDE (ID: 174160, combo=True)
2025-12-11 17:27:42,320 [INFO] phase2_scraper: Processing dish: 2 Pizza Deal 3 Toppings (V) HIDE (ID: 174161, combo=True)
2025-12-11 17:27:45,240 [INFO] phase2_scraper: Processing dish: Vegan Wrap Sure (V) HIDE (ID: 174162, combo=False)
2025-12-11 17:27:46,467 [INFO] phase2_scraper:   #groups has sections: ['br_id', 'ci_id', 'dr_id', 'sa_id', 'sd_id', 'e_id', 'cm_id']
2025-12-11 17:27:46,468 [INFO] phase2_scraper:     Section br_id: 3 radios, 0 checked
2025-12-11 17:27:46,468 [INFO] phase2_scraper:     Section ci_id: 11 radios, 0 checked
2025-12-11 17:27:46,469 [INFO] phase2_scraper:     Section dr_id: 2 radios, 0 checked
2025-12-11 17:27:46,469 [INFO] phase2_scraper:     Section sa_id: 4 radios, 0 checked
2025-12-11 17:27:46,469 [INFO] phase2_scraper:     Section sd_id: 1 radios, 0 checked
2025-12-11 17:27:46,470 [INFO] phase2_scraper:     Section e_id: 9 radios, 1 checked
2025-12-11 17:27:48,020 [INFO] phase2_scraper:   Found 1 modifier groups, 4 modifiers for dish 174162
2025-12-11 17:27:48,620 [INFO] phase2_scraper: Processing dish: Burger (V) HIDE (ID: 174163, combo=False)
2025-12-11 17:27:49,614 [INFO] phase2_scraper:   #groups has sections: ['br_id', 'ci_id', 'dr_id', 'sa_id', 'sd_id', 'e_id', 'cm_id']
2025-12-11 17:27:49,615 [INFO] phase2_scraper:     Section br_id: 3 radios, 0 checked
2025-12-11 17:27:49,616 [INFO] phase2_scraper:     Section ci_id: 11 radios, 1 checked
2025-12-11 17:27:50,509 [INFO] phase2_scraper:     Section dr_id: 2 radios, 0 checked
2025-12-11 17:27:50,510 [INFO] phase2_scraper:     Section sa_id: 4 radios, 0 checked
2025-12-11 17:27:50,511 [INFO] phase2_scraper:     Section sd_id: 1 radios, 0 checked
2025-12-11 17:27:50,511 [INFO] phase2_scraper:     Section e_id: 9 radios, 0 checked
2025-12-11 17:27:50,512 [INFO] phase2_scraper:   Found 1 modifier groups, 2 modifiers for dish 174163
2025-12-11 17:27:51,113 [INFO] phase2_scraper: Processing dish: Nondairy Cheese Burger (V) HIDE (ID: 174164, combo=False)
2025-12-11 17:27:52,128 [INFO] phase2_scraper:   #groups has sections: ['br_id', 'ci_id', 'dr_id', 'sa_id', 'sd_id', 'e_id', 'cm_id']
2025-12-11 17:27:52,129 [INFO] phase2_scraper:     Section br_id: 3 radios, 0 checked
2025-12-11 17:27:52,130 [INFO] phase2_scraper:     Section ci_id: 11 radios, 1 checked
2025-12-11 17:27:53,004 [INFO] phase2_scraper:     Section dr_id: 2 radios, 0 checked
2025-12-11 17:27:53,005 [INFO] phase2_scraper:     Section sa_id: 4 radios, 0 checked
2025-12-11 17:27:53,005 [INFO] phase2_scraper:     Section sd_id: 1 radios, 0 checked
2025-12-11 17:27:53,006 [INFO] phase2_scraper:     Section e_id: 9 radios, 0 checked
2025-12-11 17:27:53,006 [INFO] phase2_scraper:   Found 1 modifier groups, 2 modifiers for dish 174164
2025-12-11 17:27:53,610 [INFO] phase2_scraper: Processing dish: Burger Platter (V) HIDE (ID: 174165, combo=False)
2025-12-11 17:27:54,610 [INFO] phase2_scraper:   #groups has sections: ['br_id', 'ci_id', 'dr_id', 'sa_id', 'sd_id', 'e_id', 'cm_id']
2025-12-11 17:27:54,611 [INFO] phase2_scraper:     Section br_id: 3 radios, 0 checked
2025-12-11 17:27:54,612 [INFO] phase2_scraper:     Section ci_id: 11 radios, 1 checked
2025-12-11 17:27:55,502 [INFO] phase2_scraper:     Section dr_id: 2 radios, 0 checked
2025-12-11 17:27:55,503 [INFO] phase2_scraper:     Section sa_id: 4 radios, 0 checked
2025-12-11 17:27:55,503 [INFO] phase2_scraper:     Section sd_id: 1 radios, 0 checked
2025-12-11 17:27:55,504 [INFO] phase2_scraper:     Section e_id: 9 radios, 0 checked
2025-12-11 17:27:55,504 [INFO] phase2_scraper:   Found 1 modifier groups, 2 modifiers for dish 174165
2025-12-11 17:27:56,122 [INFO] phase2_scraper: Processing dish: Nondairy Cheese Burger Platter (V) HIDE (ID: 174166, combo=False)
2025-12-11 17:27:57,146 [INFO] phase2_scraper:   #groups has sections: ['br_id', 'ci_id', 'dr_id', 'sa_id', 'sd_id', 'e_id', 'cm_id']
2025-12-11 17:27:57,146 [INFO] phase2_scraper:     Section br_id: 3 radios, 0 checked
2025-12-11 17:27:57,147 [INFO] phase2_scraper:     Section ci_id: 11 radios, 1 checked
2025-12-11 17:27:58,047 [INFO] phase2_scraper:     Section dr_id: 2 radios, 0 checked
2025-12-11 17:27:58,048 [INFO] phase2_scraper:     Section sa_id: 4 radios, 0 checked
2025-12-11 17:27:58,049 [INFO] phase2_scraper:     Section sd_id: 1 radios, 0 checked
2025-12-11 17:27:58,049 [INFO] phase2_scraper:     Section e_id: 9 radios, 0 checked
2025-12-11 17:27:58,050 [INFO] phase2_scraper:   Found 1 modifier groups, 2 modifiers for dish 174166
2025-12-11 17:27:58,650 [INFO] phase2_scraper: Processing dish: Classic Poutine (V) HIDE (ID: 174167, combo=False)
2025-12-11 17:27:59,833 [INFO] phase2_scraper:   #groups has sections: ['br_id', 'ci_id', 'dr_id', 'sa_id', 'sd_id', 'e_id', 'cm_id']
2025-12-11 17:27:59,834 [INFO] phase2_scraper:     Section br_id: 3 radios, 0 checked
2025-12-11 17:27:59,835 [INFO] phase2_scraper:     Section ci_id: 11 radios, 1 checked
2025-12-11 17:28:11,370 [INFO] phase2_scraper:     Section dr_id: 2 radios, 0 checked
2025-12-11 17:28:11,371 [INFO] phase2_scraper:     Section sa_id: 4 radios, 0 checked
2025-12-11 17:28:11,371 [INFO] phase2_scraper:     Section sd_id: 1 radios, 0 checked
2025-12-11 17:28:11,372 [INFO] phase2_scraper:     Section e_id: 9 radios, 1 checked
2025-12-11 17:28:12,034 [INFO] phase2_scraper:   Found 2 modifier groups, 19 modifiers for dish 174167
2025-12-11 17:28:12,642 [INFO] phase2_scraper: Processing dish: Vegantine Poutine (V) HIDE (ID: 174168, combo=False)
2025-12-11 17:28:13,830 [INFO] phase2_scraper:   #groups has sections: ['br_id', 'ci_id', 'dr_id', 'sa_id', 'sd_id', 'e_id', 'cm_id']
2025-12-11 17:28:13,830 [INFO] phase2_scraper:     Section br_id: 3 radios, 0 checked
2025-12-11 17:28:13,831 [INFO] phase2_scraper:     Section ci_id: 11 radios, 1 checked
2025-12-11 17:28:25,841 [INFO] phase2_scraper:     Section dr_id: 2 radios, 0 checked
2025-12-11 17:28:25,842 [INFO] phase2_scraper:     Section sa_id: 4 radios, 0 checked
2025-12-11 17:28:25,842 [INFO] phase2_scraper:     Section sd_id: 1 radios, 0 checked
2025-12-11 17:28:25,843 [INFO] phase2_scraper:     Section e_id: 9 radios, 1 checked
2025-12-11 17:28:26,536 [INFO] phase2_scraper:   Found 2 modifier groups, 19 modifiers for dish 174168
2025-12-11 17:28:27,131 [INFO] phase2_scraper: Processing dish: Ultimate Vegan Poutine (V) HIDE (ID: 174169, combo=False)
2025-12-11 17:28:28,313 [INFO] phase2_scraper:   #groups has sections: ['br_id', 'ci_id', 'dr_id', 'sa_id', 'sd_id', 'e_id', 'cm_id']
2025-12-11 17:28:28,314 [INFO] phase2_scraper:     Section br_id: 3 radios, 0 checked
2025-12-11 17:28:28,314 [INFO] phase2_scraper:     Section ci_id: 11 radios, 1 checked
2025-12-11 17:28:40,051 [INFO] phase2_scraper:     Section dr_id: 2 radios, 0 checked
2025-12-11 17:28:40,052 [INFO] phase2_scraper:     Section sa_id: 4 radios, 0 checked
2025-12-11 17:28:40,052 [INFO] phase2_scraper:     Section sd_id: 1 radios, 0 checked
2025-12-11 17:28:40,053 [INFO] phase2_scraper:     Section e_id: 9 radios, 1 checked
2025-12-11 17:28:40,751 [INFO] phase2_scraper:   Found 2 modifier groups, 19 modifiers for dish 174169
2025-12-11 17:28:41,353 [INFO] phase2_scraper: Processing dish: NachYo Typico Vegan Nachos HIDE (ID: 174170, combo=False)
2025-12-11 17:28:42,514 [INFO] phase2_scraper:   #groups has sections: ['br_id', 'ci_id', 'dr_id', 'sa_id', 'sd_id', 'e_id', 'cm_id']
2025-12-11 17:28:42,515 [INFO] phase2_scraper:     Section br_id: 3 radios, 0 checked
2025-12-11 17:28:42,516 [INFO] phase2_scraper:     Section ci_id: 11 radios, 0 checked
2025-12-11 17:28:42,516 [INFO] phase2_scraper:     Section dr_id: 2 radios, 0 checked
2025-12-11 17:28:42,517 [INFO] phase2_scraper:     Section sa_id: 4 radios, 0 checked
2025-12-11 17:28:42,517 [INFO] phase2_scraper:     Section sd_id: 1 radios, 0 checked
2025-12-11 17:28:42,518 [INFO] phase2_scraper:     Section e_id: 9 radios, 1 checked
2025-12-11 17:28:43,375 [INFO] phase2_scraper:   Found 1 modifier groups, 2 modifiers for dish 174170
2025-12-11 17:28:43,977 [INFO] phase2_scraper: Processing dish: Pepsi (ID: 174171, combo=False)
2025-12-11 17:28:45,750 [INFO] phase2_scraper:   #groups has sections: ['br_id', 'ci_id', 'dr_id', 'sa_id', 'sd_id', 'e_id', 'cm_id']
2025-12-11 17:28:45,750 [INFO] phase2_scraper:     Section br_id: 3 radios, 0 checked
2025-12-11 17:28:45,751 [INFO] phase2_scraper:     Section ci_id: 11 radios, 0 checked
2025-12-11 17:28:45,751 [INFO] phase2_scraper:     Section dr_id: 2 radios, 0 checked
2025-12-11 17:28:45,752 [INFO] phase2_scraper:     Section sa_id: 4 radios, 0 checked
2025-12-11 17:28:45,752 [INFO] phase2_scraper:     Section sd_id: 1 radios, 0 checked
2025-12-11 17:28:45,752 [INFO] phase2_scraper:     Section e_id: 9 radios, 0 checked
2025-12-11 17:28:46,361 [INFO] phase2_scraper: Processing dish: Diet Pepsi (ID: 174172, combo=False)
2025-12-11 17:28:48,149 [INFO] phase2_scraper:   #groups has sections: ['br_id', 'ci_id', 'dr_id', 'sa_id', 'sd_id', 'e_id', 'cm_id']
2025-12-11 17:28:48,150 [INFO] phase2_scraper:     Section br_id: 3 radios, 0 checked
2025-12-11 17:28:48,151 [INFO] phase2_scraper:     Section ci_id: 11 radios, 0 checked
2025-12-11 17:28:48,151 [INFO] phase2_scraper:     Section dr_id: 2 radios, 0 checked
2025-12-11 17:28:48,151 [INFO] phase2_scraper:     Section sa_id: 4 radios, 0 checked
2025-12-11 17:28:48,152 [INFO] phase2_scraper:     Section sd_id: 1 radios, 0 checked
2025-12-11 17:28:48,152 [INFO] phase2_scraper:     Section e_id: 9 radios, 0 checked
2025-12-11 17:28:48,762 [INFO] phase2_scraper: Processing dish: 7 Up (ID: 174173, combo=False)
2025-12-11 17:28:50,075 [INFO] phase2_scraper:   #groups has sections: ['br_id', 'ci_id', 'dr_id', 'sa_id', 'sd_id', 'e_id', 'cm_id']
2025-12-11 17:28:50,076 [INFO] phase2_scraper:     Section br_id: 3 radios, 0 checked
2025-12-11 17:28:50,076 [INFO] phase2_scraper:     Section ci_id: 11 radios, 0 checked
2025-12-11 17:28:50,077 [INFO] phase2_scraper:     Section dr_id: 2 radios, 0 checked
2025-12-11 17:28:50,078 [INFO] phase2_scraper:     Section sa_id: 4 radios, 0 checked
2025-12-11 17:28:50,078 [INFO] phase2_scraper:     Section sd_id: 1 radios, 0 checked
2025-12-11 17:28:50,078 [INFO] phase2_scraper:     Section e_id: 9 radios, 0 checked
2025-12-11 17:28:50,702 [INFO] phase2_scraper: Processing dish: Diet 7 Up (ID: 174174, combo=False)
2025-12-11 17:28:52,580 [INFO] phase2_scraper:   #groups has sections: ['br_id', 'ci_id', 'dr_id', 'sa_id', 'sd_id', 'e_id', 'cm_id']
2025-12-11 17:28:52,581 [INFO] phase2_scraper:     Section br_id: 3 radios, 0 checked
2025-12-11 17:28:52,581 [INFO] phase2_scraper:     Section ci_id: 11 radios, 0 checked
2025-12-11 17:28:52,582 [INFO] phase2_scraper:     Section dr_id: 2 radios, 0 checked
2025-12-11 17:28:52,582 [INFO] phase2_scraper:     Section sa_id: 4 radios, 0 checked
2025-12-11 17:28:52,583 [INFO] phase2_scraper:     Section sd_id: 1 radios, 0 checked
2025-12-11 17:28:52,583 [INFO] phase2_scraper:     Section e_id: 9 radios, 0 checked
2025-12-11 17:28:53,183 [INFO] phase2_scraper: Processing dish: Mountain Dew (ID: 174175, combo=False)
2025-12-11 17:28:54,632 [INFO] phase2_scraper:   #groups has sections: ['br_id', 'ci_id', 'dr_id', 'sa_id', 'sd_id', 'e_id', 'cm_id']
2025-12-11 17:28:54,632 [INFO] phase2_scraper:     Section br_id: 3 radios, 0 checked
2025-12-11 17:28:54,633 [INFO] phase2_scraper:     Section ci_id: 11 radios, 0 checked
2025-12-11 17:28:54,634 [INFO] phase2_scraper:     Section dr_id: 2 radios, 0 checked
2025-12-11 17:28:54,634 [INFO] phase2_scraper:     Section sa_id: 4 radios, 0 checked
2025-12-11 17:28:54,634 [INFO] phase2_scraper:     Section sd_id: 1 radios, 0 checked
2025-12-11 17:28:54,635 [INFO] phase2_scraper:     Section e_id: 9 radios, 0 checked
2025-12-11 17:28:55,243 [INFO] phase2_scraper: Processing dish: Dr. Pepper HIDE (ID: 174176, combo=False)
2025-12-11 17:28:56,448 [INFO] phase2_scraper:   #groups has sections: ['br_id', 'ci_id', 'dr_id', 'sa_id', 'sd_id', 'e_id', 'cm_id']
2025-12-11 17:28:56,449 [INFO] phase2_scraper:     Section br_id: 3 radios, 0 checked
2025-12-11 17:28:56,449 [INFO] phase2_scraper:     Section ci_id: 11 radios, 0 checked
2025-12-11 17:28:56,450 [INFO] phase2_scraper:     Section dr_id: 2 radios, 0 checked
2025-12-11 17:28:56,450 [INFO] phase2_scraper:     Section sa_id: 4 radios, 0 checked
2025-12-11 17:28:56,451 [INFO] phase2_scraper:     Section sd_id: 1 radios, 0 checked
2025-12-11 17:28:56,451 [INFO] phase2_scraper:     Section e_id: 9 radios, 0 checked
2025-12-11 17:28:57,051 [INFO] phase2_scraper: Processing dish: Mug Root Beer HIDE (ID: 174177, combo=False)
2025-12-11 17:28:58,240 [INFO] phase2_scraper:   #groups has sections: ['br_id', 'ci_id', 'dr_id', 'sa_id', 'sd_id', 'e_id', 'cm_id']
2025-12-11 17:28:58,241 [INFO] phase2_scraper:     Section br_id: 3 radios, 0 checked
2025-12-11 17:28:58,241 [INFO] phase2_scraper:     Section ci_id: 11 radios, 0 checked
2025-12-11 17:28:58,242 [INFO] phase2_scraper:     Section dr_id: 2 radios, 0 checked
2025-12-11 17:28:58,242 [INFO] phase2_scraper:     Section sa_id: 4 radios, 0 checked
2025-12-11 17:28:58,243 [INFO] phase2_scraper:     Section sd_id: 1 radios, 0 checked
2025-12-11 17:28:58,243 [INFO] phase2_scraper:     Section e_id: 9 radios, 0 checked
2025-12-11 17:28:58,839 [INFO] phase2_scraper: Processing dish: Ginger Ale (ID: 174178, combo=False)
2025-12-11 17:29:00,018 [INFO] phase2_scraper:   #groups has sections: ['br_id', 'ci_id', 'dr_id', 'sa_id', 'sd_id', 'e_id', 'cm_id']
2025-12-11 17:29:00,019 [INFO] phase2_scraper:     Section br_id: 3 radios, 0 checked
2025-12-11 17:29:00,019 [INFO] phase2_scraper:     Section ci_id: 11 radios, 0 checked
2025-12-11 17:29:00,020 [INFO] phase2_scraper:     Section dr_id: 2 radios, 0 checked
2025-12-11 17:29:00,021 [INFO] phase2_scraper:     Section sa_id: 4 radios, 0 checked
2025-12-11 17:29:00,021 [INFO] phase2_scraper:     Section sd_id: 1 radios, 0 checked
2025-12-11 17:29:00,022 [INFO] phase2_scraper:     Section e_id: 9 radios, 0 checked
2025-12-11 17:29:00,643 [INFO] phase2_scraper: Processing dish: Iced Tea HIDE (ID: 174179, combo=False)
2025-12-11 17:29:01,832 [INFO] phase2_scraper:   #groups has sections: ['br_id', 'ci_id', 'dr_id', 'sa_id', 'sd_id', 'e_id', 'cm_id']
2025-12-11 17:29:01,833 [INFO] phase2_scraper:     Section br_id: 3 radios, 0 checked
2025-12-11 17:29:01,833 [INFO] phase2_scraper:     Section ci_id: 11 radios, 0 checked
2025-12-11 17:29:01,834 [INFO] phase2_scraper:     Section dr_id: 2 radios, 0 checked
2025-12-11 17:29:01,834 [INFO] phase2_scraper:     Section sa_id: 4 radios, 0 checked
2025-12-11 17:29:01,835 [INFO] phase2_scraper:     Section sd_id: 1 radios, 0 checked
2025-12-11 17:29:01,835 [INFO] phase2_scraper:     Section e_id: 9 radios, 0 checked
2025-12-11 17:29:02,466 [INFO] phase2_scraper: Processing dish: Orange Crush (ID: 174180, combo=False)
2025-12-11 17:29:03,823 [INFO] phase2_scraper:   #groups has sections: ['br_id', 'ci_id', 'dr_id', 'sa_id', 'sd_id', 'e_id', 'cm_id']
2025-12-11 17:29:03,824 [INFO] phase2_scraper:     Section br_id: 3 radios, 0 checked
2025-12-11 17:29:03,825 [INFO] phase2_scraper:     Section ci_id: 11 radios, 0 checked
2025-12-11 17:29:03,826 [INFO] phase2_scraper:     Section dr_id: 2 radios, 0 checked
2025-12-11 17:29:03,826 [INFO] phase2_scraper:     Section sa_id: 4 radios, 0 checked
2025-12-11 17:29:03,826 [INFO] phase2_scraper:     Section sd_id: 1 radios, 0 checked
2025-12-11 17:29:03,827 [INFO] phase2_scraper:     Section e_id: 9 radios, 0 checked
2025-12-11 17:29:04,444 [INFO] phase2_scraper: Processing dish: Grape Crush (ID: 174181, combo=False)
2025-12-11 17:29:05,636 [INFO] phase2_scraper:   #groups has sections: ['br_id', 'ci_id', 'dr_id', 'sa_id', 'sd_id', 'e_id', 'cm_id']
2025-12-11 17:29:05,637 [INFO] phase2_scraper:     Section br_id: 3 radios, 0 checked
2025-12-11 17:29:05,637 [INFO] phase2_scraper:     Section ci_id: 11 radios, 0 checked
2025-12-11 17:29:05,638 [INFO] phase2_scraper:     Section dr_id: 2 radios, 0 checked
2025-12-11 17:29:05,638 [INFO] phase2_scraper:     Section sa_id: 4 radios, 0 checked
2025-12-11 17:29:05,639 [INFO] phase2_scraper:     Section sd_id: 1 radios, 0 checked
2025-12-11 17:29:05,639 [INFO] phase2_scraper:     Section e_id: 9 radios, 0 checked
2025-12-11 17:29:06,246 [INFO] phase2_scraper: Processing dish: Water Aquafina (ID: 174182, combo=False)
2025-12-11 17:29:07,249 [INFO] phase2_scraper:   #groups has sections: ['br_id', 'ci_id', 'dr_id', 'sa_id', 'sd_id', 'e_id', 'cm_id']
2025-12-11 17:29:07,250 [INFO] phase2_scraper:     Section br_id: 3 radios, 0 checked
2025-12-11 17:29:07,251 [INFO] phase2_scraper:     Section ci_id: 11 radios, 0 checked
2025-12-11 17:29:07,252 [INFO] phase2_scraper:     Section dr_id: 2 radios, 0 checked
2025-12-11 17:29:07,252 [INFO] phase2_scraper:     Section sa_id: 4 radios, 0 checked
2025-12-11 17:29:07,253 [INFO] phase2_scraper:     Section sd_id: 1 radios, 0 checked
2025-12-11 17:29:07,253 [INFO] phase2_scraper:     Section e_id: 9 radios, 0 checked
2025-12-11 17:29:07,755 [INFO] phase2_scraper: Phase 3 complete: {'dishes_processed': 150, 'dish_prices': 339, 'combo_links': 70, 'hide_days': 19, 'modifier_groups': 265, 'modifiers': 1481, 'modifier_prices': 3966, 'drinks_modifiers': 0}
2025-12-11 17:29:07,755 [INFO] __main__: Completed: Milano - 2 Pembroke
2025-12-11 17:29:07,756 [INFO] __main__:   Phase 1 - Combo Groups: 34
2025-12-11 17:29:07,756 [INFO] __main__:   Phase 2 - Courses: 20, Dishes: 150
2025-12-11 17:29:07,756 [INFO] __main__:   Phase 3 - Prices: 339, Modifiers: 1481
2025-12-11 17:29:07,756 [INFO] __main__: ======================================================================
2025-12-11 17:29:07,756 [INFO] __main__: SCRAPING: Aroy Thai (V3: 607, V1: 830)
2025-12-11 17:29:07,756 [INFO] __main__: ======================================================================
2025-12-11 17:29:07,756 [INFO] phase2_scraper: === PHASE 1: Combo Groups ===
2025-12-11 17:29:07,757 [INFO] phase2_scraper: Navigating to combo groups: https://menuadmin.menu.ca/?p=restaurants&display=editRestaurant&restaurant=830&load=comboGroups&showLang=en
2025-12-11 17:29:08,572 [INFO] phase2_scraper: Found 6 combo groups
2025-12-11 17:29:08,573 [INFO] phase2_scraper: Processing combo group: D1. Dinner for 2 without Shrimp (from #8 to #19) (source_id=6305)
2025-12-11 17:29:10,640 [INFO] phase2_scraper: Inserted combo group: D1. Dinner for 2 without Shrimp (from #8 to #19) (ID: 2406)
2025-12-11 17:29:10,643 [INFO] phase2_scraper: Processing combo group: D1. Dinner for 2 ONLY Shrimp (from #8 to #19) (source_id=6306)
2025-12-11 17:29:12,684 [INFO] phase2_scraper: Inserted combo group: D1. Dinner for 2 ONLY Shrimp (from #8 to #19) (ID: 2407)
2025-12-11 17:29:12,687 [INFO] phase2_scraper: Processing combo group: D2. Dinner for 4 without Shrimp (from #8 to #19) (source_id=6307)
2025-12-11 17:29:14,795 [INFO] phase2_scraper: Inserted combo group: D2. Dinner for 4 without Shrimp (from #8 to #19) (ID: 2408)
2025-12-11 17:29:14,798 [INFO] phase2_scraper: Processing combo group: D2. Dinner for 4 ONLY Shrimp (from #8 to #19) (source_id=6308)
2025-12-11 17:29:16,832 [INFO] phase2_scraper: Inserted combo group: D2. Dinner for 4 ONLY Shrimp (from #8 to #19) (ID: 2409)
2025-12-11 17:29:16,836 [INFO] phase2_scraper: Processing combo group: D1.  Rolls Selection (source_id=6309)
2025-12-11 17:29:18,896 [INFO] phase2_scraper: Inserted combo group: D1.  Rolls Selection (ID: 2410)
2025-12-11 17:29:19,978 [INFO] phase2_scraper: Processing combo group: D2.  Rolls Selection (source_id=6310)
2025-12-11 17:29:22,028 [INFO] phase2_scraper: Inserted combo group: D2.  Rolls Selection (ID: 2411)
2025-12-11 17:29:23,064 [INFO] phase2_scraper: Phase 1 complete: {'combo_groups': 6, 'sections': 2, 'modifier_groups': 2, 'modifiers': 4, 'prices': 4}
2025-12-11 17:29:23,064 [INFO] phase2_scraper: === PHASE 2: Menu Structure ===
2025-12-11 17:29:23,064 [INFO] phase2_scraper: Navigating to menu: https://menuadmin.menu.ca/?p=restaurants&display=editRestaurant&restaurant=830&load=menu&showLang=en
2025-12-11 17:29:26,803 [INFO] phase2_scraper: Found 9 courses
2025-12-11 17:29:27,000 [INFO] phase2_scraper: Inserted course: Lunch Specials (ID: 6506)
2025-12-11 17:29:28,299 [INFO] phase2_scraper: Inserted course: Tip for the Kitchen (ID: 6507)
2025-12-11 17:29:28,668 [INFO] phase2_scraper: Inserted course: Combo (ID: 6508)
2025-12-11 17:29:29,252 [INFO] phase2_scraper: Inserted course: Appetizers (ID: 6509)
2025-12-11 17:29:30,197 [INFO] phase2_scraper: Inserted course: Soup (ID: 6510)
2025-12-11 17:29:31,100 [INFO] phase2_scraper: Inserted course: Stir Fried (ID: 6511)
2025-12-11 17:29:32,729 [INFO] phase2_scraper: Inserted course: Curries (ID: 6512)
2025-12-11 17:29:33,811 [INFO] phase2_scraper: Inserted course: Noodles and Rice (ID: 6513)
2025-12-11 17:29:35,031 [INFO] phase2_scraper: Inserted course: Drinks (ID: 6514)
2025-12-11 17:29:35,557 [INFO] phase2_scraper: Phase 2 complete: {'courses': 9, 'dishes': 39, 'combo_dishes': 0, 'normal_dishes': 39}
2025-12-11 17:29:35,557 [INFO] phase2_scraper: === PHASE 3: Dish Details ===
2025-12-11 17:29:40,169 [INFO] phase2_scraper: Found 39 dishes to process
2025-12-11 17:29:40,270 [INFO] phase2_scraper: Processing dish: L1. Pad Thai (ID: 174557, combo=False)
2025-12-11 17:29:41,597 [INFO] phase2_scraper:   #groups has sections: ['br_id', 'ci_id', 'dr_id', 'sa_id', 'sd_id', 'e_id', 'cm_id']
2025-12-11 17:29:41,598 [INFO] phase2_scraper:     Section ci_id: 2 radios, 0 checked
2025-12-11 17:29:42,197 [INFO] phase2_scraper: Processing dish: L2. Pad See Ew (ID: 174558, combo=False)
2025-12-11 17:29:44,198 [INFO] phase2_scraper:   #groups has sections: ['br_id', 'ci_id', 'dr_id', 'sa_id', 'sd_id', 'e_id', 'cm_id']
2025-12-11 17:29:44,198 [INFO] phase2_scraper:     Section ci_id: 2 radios, 0 checked
2025-12-11 17:29:44,802 [INFO] phase2_scraper: Processing dish: L3. Pad Bai Grapow (ID: 174559, combo=False)
2025-12-11 17:29:46,288 [INFO] phase2_scraper:   #groups has sections: ['br_id', 'ci_id', 'dr_id', 'sa_id', 'sd_id', 'e_id', 'cm_id']
2025-12-11 17:29:46,288 [INFO] phase2_scraper:     Section ci_id: 2 radios, 0 checked
2025-12-11 17:29:46,893 [INFO] phase2_scraper: Processing dish: L4. Pad Pak Ruam Mit (ID: 174560, combo=False)
2025-12-11 17:29:48,399 [INFO] phase2_scraper:   #groups has sections: ['br_id', 'ci_id', 'dr_id', 'sa_id', 'sd_id', 'e_id', 'cm_id']
2025-12-11 17:29:48,400 [INFO] phase2_scraper:     Section ci_id: 2 radios, 0 checked
2025-12-11 17:29:48,999 [INFO] phase2_scraper: Processing dish: L5. Pad Khing (ID: 174561, combo=False)
2025-12-11 17:29:50,477 [INFO] phase2_scraper:   #groups has sections: ['br_id', 'ci_id', 'dr_id', 'sa_id', 'sd_id', 'e_id', 'cm_id']
2025-12-11 17:29:50,478 [INFO] phase2_scraper:     Section ci_id: 2 radios, 0 checked
2025-12-11 17:29:51,100 [INFO] phase2_scraper: Processing dish: L6. Gaeng Khiao Wan (ID: 174562, combo=False)
2025-12-11 17:29:52,588 [INFO] phase2_scraper:   #groups has sections: ['br_id', 'ci_id', 'dr_id', 'sa_id', 'sd_id', 'e_id', 'cm_id']
2025-12-11 17:29:52,588 [INFO] phase2_scraper:     Section ci_id: 2 radios, 0 checked
2025-12-11 17:29:53,202 [INFO] phase2_scraper: Processing dish: Tip for the chef (ID: 174563, combo=False)
2025-12-11 17:29:54,473 [INFO] phase2_scraper:   #groups has sections: ['br_id', 'ci_id', 'dr_id', 'sa_id', 'sd_id', 'e_id', 'cm_id']
2025-12-11 17:29:54,474 [INFO] phase2_scraper:     Section ci_id: 2 radios, 0 checked
2025-12-11 17:29:55,076 [INFO] phase2_scraper: Processing dish: C1. Combo 1 (ID: 174564, combo=False)
2025-12-11 17:29:56,037 [INFO] phase2_scraper:   #groups has sections: ['br_id', 'ci_id', 'dr_id', 'sa_id', 'sd_id', 'e_id', 'cm_id']
2025-12-11 17:29:56,038 [INFO] phase2_scraper:     Section ci_id: 2 radios, 0 checked
2025-12-11 17:29:56,643 [INFO] phase2_scraper: Processing dish: C2. Combo 2 (ID: 174565, combo=False)
2025-12-11 17:29:58,130 [INFO] phase2_scraper:   #groups has sections: ['br_id', 'ci_id', 'dr_id', 'sa_id', 'sd_id', 'e_id', 'cm_id']
2025-12-11 17:29:58,130 [INFO] phase2_scraper:     Section ci_id: 2 radios, 0 checked
2025-12-11 17:29:58,728 [INFO] phase2_scraper: Processing dish: A1. Por Pia Pak (4 pcs) (ID: 174566, combo=False)
2025-12-11 17:29:59,726 [INFO] phase2_scraper:   #groups has sections: ['br_id', 'ci_id', 'dr_id', 'sa_id', 'sd_id', 'e_id', 'cm_id']
2025-12-11 17:29:59,726 [INFO] phase2_scraper:     Section ci_id: 2 radios, 0 checked
2025-12-11 17:30:00,336 [INFO] phase2_scraper: Processing dish: A2. Por Pia Goong (4 pcs) (ID: 174567, combo=False)
2025-12-11 17:30:01,293 [INFO] phase2_scraper:   #groups has sections: ['br_id', 'ci_id', 'dr_id', 'sa_id', 'sd_id', 'e_id', 'cm_id']
2025-12-11 17:30:01,293 [INFO] phase2_scraper:     Section ci_id: 2 radios, 0 checked
2025-12-11 17:30:01,921 [INFO] phase2_scraper: Processing dish: A3. Por Pia Sot (2 pcs) (ID: 174568, combo=False)
2025-12-11 17:30:02,943 [INFO] phase2_scraper:   #groups has sections: ['br_id', 'ci_id', 'dr_id', 'sa_id', 'sd_id', 'e_id', 'cm_id']
2025-12-11 17:30:02,943 [INFO] phase2_scraper:     Section ci_id: 2 radios, 0 checked
2025-12-11 17:30:03,539 [INFO] phase2_scraper: Processing dish: A4. Yum Ma Muang (ID: 174569, combo=False)
2025-12-11 17:30:04,510 [INFO] phase2_scraper:   #groups has sections: ['br_id', 'ci_id', 'dr_id', 'sa_id', 'sd_id', 'e_id', 'cm_id']
2025-12-11 17:30:04,510 [INFO] phase2_scraper:     Section ci_id: 2 radios, 0 checked
2025-12-11 17:30:05,110 [INFO] phase2_scraper: Processing dish: S1. Tom Yum Gai (ID: 174570, combo=False)
2025-12-11 17:30:06,112 [INFO] phase2_scraper:   #groups has sections: ['br_id', 'ci_id', 'dr_id', 'sa_id', 'sd_id', 'e_id', 'cm_id']
2025-12-11 17:30:06,112 [INFO] phase2_scraper:     Section ci_id: 2 radios, 0 checked
2025-12-11 17:30:06,731 [INFO] phase2_scraper: Processing dish: S2. Tom Yum Goong (ID: 174571, combo=False)
2025-12-11 17:30:07,685 [INFO] phase2_scraper:   #groups has sections: ['br_id', 'ci_id', 'dr_id', 'sa_id', 'sd_id', 'e_id', 'cm_id']
2025-12-11 17:30:07,685 [INFO] phase2_scraper:     Section ci_id: 2 radios, 0 checked
2025-12-11 17:30:08,286 [INFO] phase2_scraper: Processing dish: S3. Tom Kha Gai (ID: 174572, combo=False)
2025-12-11 17:30:09,266 [INFO] phase2_scraper:   #groups has sections: ['br_id', 'ci_id', 'dr_id', 'sa_id', 'sd_id', 'e_id', 'cm_id']
2025-12-11 17:30:09,266 [INFO] phase2_scraper:     Section ci_id: 2 radios, 0 checked
2025-12-11 17:30:09,866 [INFO] phase2_scraper: Processing dish: S4. Tom Kha Goong (ID: 174573, combo=False)
2025-12-11 17:30:10,844 [INFO] phase2_scraper:   #groups has sections: ['br_id', 'ci_id', 'dr_id', 'sa_id', 'sd_id', 'e_id', 'cm_id']
2025-12-11 17:30:10,844 [INFO] phase2_scraper:     Section ci_id: 2 radios, 0 checked
2025-12-11 17:30:11,449 [INFO] phase2_scraper: Processing dish: P1. Pad Bai Grapow (ID: 174574, combo=False)
2025-12-11 17:30:12,927 [INFO] phase2_scraper:   #groups has sections: ['br_id', 'ci_id', 'dr_id', 'sa_id', 'sd_id', 'e_id', 'cm_id']
2025-12-11 17:30:12,928 [INFO] phase2_scraper:     Section ci_id: 2 radios, 0 checked
2025-12-11 17:30:13,529 [INFO] phase2_scraper: Processing dish: P2. Pad Med Ma'Muang (ID: 174575, combo=False)
2025-12-11 17:30:15,043 [INFO] phase2_scraper:   #groups has sections: ['br_id', 'ci_id', 'dr_id', 'sa_id', 'sd_id', 'e_id', 'cm_id']
2025-12-11 17:30:15,043 [INFO] phase2_scraper:     Section ci_id: 2 radios, 0 checked
2025-12-11 17:30:15,645 [INFO] phase2_scraper: Processing dish: P3. Pad Khing (ID: 174576, combo=False)
2025-12-11 17:30:17,166 [INFO] phase2_scraper:   #groups has sections: ['br_id', 'ci_id', 'dr_id', 'sa_id', 'sd_id', 'e_id', 'cm_id']
2025-12-11 17:30:17,167 [INFO] phase2_scraper:     Section ci_id: 2 radios, 0 checked
2025-12-11 17:30:17,778 [INFO] phase2_scraper: Processing dish: P4. Pad Kra Tiam Prick Thai (ID: 174577, combo=False)
2025-12-11 17:30:19,366 [INFO] phase2_scraper:   #groups has sections: ['br_id', 'ci_id', 'dr_id', 'sa_id', 'sd_id', 'e_id', 'cm_id']
2025-12-11 17:30:19,367 [INFO] phase2_scraper:     Section ci_id: 2 radios, 0 checked
2025-12-11 17:30:19,967 [INFO] phase2_scraper: Processing dish: P5. Pad Pak Ruam Mit (ID: 174578, combo=False)
2025-12-11 17:30:21,445 [INFO] phase2_scraper:   #groups has sections: ['br_id', 'ci_id', 'dr_id', 'sa_id', 'sd_id', 'e_id', 'cm_id']
2025-12-11 17:30:21,446 [INFO] phase2_scraper:     Section ci_id: 2 radios, 0 checked
2025-12-11 17:30:22,050 [INFO] phase2_scraper: Processing dish: P6. Pad Ma-Kua Yaow (ID: 174579, combo=False)
2025-12-11 17:30:23,542 [INFO] phase2_scraper:   #groups has sections: ['br_id', 'ci_id', 'dr_id', 'sa_id', 'sd_id', 'e_id', 'cm_id']
2025-12-11 17:30:23,542 [INFO] phase2_scraper:     Section ci_id: 2 radios, 0 checked
2025-12-11 17:30:24,139 [INFO] phase2_scraper: Processing dish: P7. Pad Nam Man Hoy (ID: 174580, combo=False)
2025-12-11 17:30:25,627 [INFO] phase2_scraper:   #groups has sections: ['br_id', 'ci_id', 'dr_id', 'sa_id', 'sd_id', 'e_id', 'cm_id']
2025-12-11 17:30:25,627 [INFO] phase2_scraper:     Section ci_id: 2 radios, 0 checked
2025-12-11 17:30:26,227 [INFO] phase2_scraper: Processing dish: Rice (ID: 174581, combo=False)
2025-12-11 17:30:27,214 [INFO] phase2_scraper:   #groups has sections: ['br_id', 'ci_id', 'dr_id', 'sa_id', 'sd_id', 'e_id', 'cm_id']
2025-12-11 17:30:27,214 [INFO] phase2_scraper:     Section ci_id: 2 radios, 0 checked
2025-12-11 17:30:27,817 [INFO] phase2_scraper: Processing dish: G1. Gaeng Khiao Wan (ID: 174582, combo=False)
2025-12-11 17:30:29,334 [INFO] phase2_scraper:   #groups has sections: ['br_id', 'ci_id', 'dr_id', 'sa_id', 'sd_id', 'e_id', 'cm_id']
2025-12-11 17:30:29,335 [INFO] phase2_scraper:     Section ci_id: 2 radios, 0 checked
2025-12-11 17:30:29,934 [INFO] phase2_scraper: Processing dish: G2. Gaeng Garee Gai (ID: 174583, combo=False)
2025-12-11 17:30:31,435 [INFO] phase2_scraper:   #groups has sections: ['br_id', 'ci_id', 'dr_id', 'sa_id', 'sd_id', 'e_id', 'cm_id']
2025-12-11 17:30:31,436 [INFO] phase2_scraper:     Section ci_id: 2 radios, 0 checked
2025-12-11 17:30:32,042 [INFO] phase2_scraper: Processing dish: G3. Gaeng Dang (ID: 174584, combo=False)
2025-12-11 17:30:33,530 [INFO] phase2_scraper:   #groups has sections: ['br_id', 'ci_id', 'dr_id', 'sa_id', 'sd_id', 'e_id', 'cm_id']
2025-12-11 17:30:33,531 [INFO] phase2_scraper:     Section ci_id: 2 radios, 0 checked
2025-12-11 17:30:34,132 [INFO] phase2_scraper: Processing dish: G4. Gaeng Panang (ID: 174585, combo=False)
2025-12-11 17:30:35,640 [INFO] phase2_scraper:   #groups has sections: ['br_id', 'ci_id', 'dr_id', 'sa_id', 'sd_id', 'e_id', 'cm_id']
2025-12-11 17:30:35,641 [INFO] phase2_scraper:     Section ci_id: 2 radios, 0 checked
2025-12-11 17:30:36,241 [INFO] phase2_scraper: Processing dish: Rice (ID: 174586, combo=False)
2025-12-11 17:30:37,249 [INFO] phase2_scraper:   #groups has sections: ['br_id', 'ci_id', 'dr_id', 'sa_id', 'sd_id', 'e_id', 'cm_id']
2025-12-11 17:30:37,250 [INFO] phase2_scraper:     Section ci_id: 2 radios, 0 checked
2025-12-11 17:30:37,846 [INFO] phase2_scraper: Processing dish: N1.  Pad Thai (ID: 174587, combo=False)
2025-12-11 17:30:39,465 [INFO] phase2_scraper:   #groups has sections: ['br_id', 'ci_id', 'dr_id', 'sa_id', 'sd_id', 'e_id', 'cm_id']
2025-12-11 17:30:39,465 [INFO] phase2_scraper:     Section ci_id: 2 radios, 0 checked
2025-12-11 17:30:40,152 [INFO] phase2_scraper: Processing dish: N2. Pad Kee Maow (ID: 174588, combo=False)
2025-12-11 17:30:41,694 [INFO] phase2_scraper:   #groups has sections: ['br_id', 'ci_id', 'dr_id', 'sa_id', 'sd_id', 'e_id', 'cm_id']
2025-12-11 17:30:41,694 [INFO] phase2_scraper:     Section ci_id: 2 radios, 0 checked
2025-12-11 17:30:42,297 [INFO] phase2_scraper: Processing dish: N3. Pad See Ew (ID: 174589, combo=False)
2025-12-11 17:30:43,771 [INFO] phase2_scraper:   #groups has sections: ['br_id', 'ci_id', 'dr_id', 'sa_id', 'sd_id', 'e_id', 'cm_id']
2025-12-11 17:30:43,771 [INFO] phase2_scraper:     Section ci_id: 2 radios, 0 checked
2025-12-11 17:30:44,375 [INFO] phase2_scraper: Processing dish: N4. Khao Pad Supparod (ID: 174590, combo=False)
2025-12-11 17:30:45,846 [INFO] phase2_scraper:   #groups has sections: ['br_id', 'ci_id', 'dr_id', 'sa_id', 'sd_id', 'e_id', 'cm_id']
2025-12-11 17:30:45,846 [INFO] phase2_scraper:     Section ci_id: 2 radios, 0 checked
2025-12-11 17:30:46,463 [INFO] phase2_scraper: Processing dish: N5. Khao Pad Thai Style (ID: 174591, combo=False)
2025-12-11 17:30:47,933 [INFO] phase2_scraper:   #groups has sections: ['br_id', 'ci_id', 'dr_id', 'sa_id', 'sd_id', 'e_id', 'cm_id']
2025-12-11 17:30:47,933 [INFO] phase2_scraper:     Section ci_id: 2 radios, 0 checked
2025-12-11 17:30:48,535 [INFO] phase2_scraper: Processing dish: Rice (ID: 174592, combo=False)
2025-12-11 17:30:49,516 [INFO] phase2_scraper:   #groups has sections: ['br_id', 'ci_id', 'dr_id', 'sa_id', 'sd_id', 'e_id', 'cm_id']
2025-12-11 17:30:49,517 [INFO] phase2_scraper:     Section ci_id: 2 radios, 0 checked
2025-12-11 17:30:50,116 [INFO] phase2_scraper: Processing dish: Coconut Juice HIDE (ID: 174593, combo=False)
2025-12-11 17:30:51,092 [INFO] phase2_scraper:   #groups has sections: ['br_id', 'ci_id', 'dr_id', 'sa_id', 'sd_id', 'e_id', 'cm_id']
2025-12-11 17:30:51,093 [INFO] phase2_scraper:     Section ci_id: 2 radios, 0 checked
2025-12-11 17:30:51,704 [INFO] phase2_scraper: Processing dish: Mango Juice HIDE (ID: 174594, combo=False)
2025-12-11 17:30:52,689 [INFO] phase2_scraper:   #groups has sections: ['br_id', 'ci_id', 'dr_id', 'sa_id', 'sd_id', 'e_id', 'cm_id']
2025-12-11 17:30:52,690 [INFO] phase2_scraper:     Section ci_id: 2 radios, 0 checked
2025-12-11 17:30:53,290 [INFO] phase2_scraper: Processing dish: Thai Milk Tea HIDE (ID: 174595, combo=False)
2025-12-11 17:30:54,263 [INFO] phase2_scraper:   #groups has sections: ['br_id', 'ci_id', 'dr_id', 'sa_id', 'sd_id', 'e_id', 'cm_id']
2025-12-11 17:30:54,264 [INFO] phase2_scraper:     Section ci_id: 2 radios, 0 checked
2025-12-11 17:30:54,765 [INFO] phase2_scraper: Phase 3 complete: {'dishes_processed': 39, 'dish_prices': 104, 'combo_links': 0, 'hide_days': 0, 'modifier_groups': 0, 'modifiers': 0, 'modifier_prices': 0, 'drinks_modifiers': 0}
2025-12-11 17:30:54,766 [INFO] __main__: Completed: Aroy Thai
2025-12-11 17:30:54,766 [INFO] __main__:   Phase 1 - Combo Groups: 6
2025-12-11 17:30:54,766 [INFO] __main__:   Phase 2 - Courses: 9, Dishes: 39
2025-12-11 17:30:54,767 [INFO] __main__:   Phase 3 - Prices: 104, Modifiers: 0
2025-12-11 17:30:54,767 [INFO] __main__: ======================================================================
2025-12-11 17:30:54,767 [INFO] __main__: SCRAPING: All Out Burger Bank St. (V3: 924, V1: 1013)
2025-12-11 17:30:54,767 [INFO] __main__: ======================================================================
2025-12-11 17:30:54,767 [INFO] phase2_scraper: === PHASE 1: Combo Groups ===
2025-12-11 17:30:54,767 [INFO] phase2_scraper: Navigating to combo groups: https://menuadmin.menu.ca/?p=restaurants&display=editRestaurant&restaurant=1013&load=comboGroups&showLang=en
2025-12-11 17:30:56,185 [INFO] phase2_scraper: Found 1 combo groups
2025-12-11 17:30:56,185 [INFO] phase2_scraper: Processing combo group: Any 3 Burgers Special (source_id=9240)
2025-12-11 17:30:58,223 [INFO] phase2_scraper: Inserted combo group: Any 3 Burgers Special (ID: 2412)
2025-12-11 17:30:59,928 [INFO] phase2_scraper: Phase 1 complete: {'combo_groups': 1, 'sections': 1, 'modifier_groups': 1, 'modifiers': 4, 'prices': 4}
2025-12-11 17:30:59,928 [INFO] phase2_scraper: === PHASE 2: Menu Structure ===
2025-12-11 17:30:59,928 [INFO] phase2_scraper: Navigating to menu: https://menuadmin.menu.ca/?p=restaurants&display=editRestaurant&restaurant=1013&load=menu&showLang=en
2025-12-11 17:31:04,195 [INFO] phase2_scraper: Found 14 courses
2025-12-11 17:31:04,378 [INFO] phase2_scraper: Inserted course: Specials (ID: 6515)
2025-12-11 17:31:05,298 [INFO] phase2_scraper: Inserted course: Appetizers (ID: 6516)
2025-12-11 17:31:07,776 [INFO] phase2_scraper: Inserted course: Our New Creations SOLO (ID: 6517)
2025-12-11 17:31:08,829 [INFO] phase2_scraper: Inserted course: Our New Creations COMBO (ID: 6518)
2025-12-11 17:31:09,880 [INFO] phase2_scraper: Inserted course: Burgers SOLO (ID: 6519)
2025-12-11 17:31:13,307 [INFO] phase2_scraper: Inserted course: Burger COMBOS (ID: 6520)
2025-12-11 17:31:16,662 [INFO] phase2_scraper: Inserted course: Hot Dogs (ID: 6521)
2025-12-11 17:31:17,363 [INFO] phase2_scraper: Inserted course: Salads (ID: 6522)
2025-12-11 17:31:17,900 [INFO] phase2_scraper: Inserted course: Chicken (ID: 6523)
2025-12-11 17:31:19,493 [INFO] phase2_scraper: Inserted course: Poutine (ID: 6524)
2025-12-11 17:31:20,699 [INFO] phase2_scraper: Inserted course: Kids Menu (ID: 6525)
2025-12-11 17:31:21,212 [INFO] phase2_scraper: Inserted course: Mini Donuts Hot and Fresh Made (ID: 6526)
2025-12-11 17:31:22,096 [INFO] phase2_scraper: Inserted course: Cake by Slice (ID: 6527)
2025-12-11 17:31:24,031 [INFO] phase2_scraper: Inserted course: Drinks (ID: 6528)
2025-12-11 17:31:26,316 [INFO] phase2_scraper: Phase 2 complete: {'courses': 14, 'dishes': 111, 'combo_dishes': 1, 'normal_dishes': 110}
2025-12-11 17:31:26,316 [INFO] phase2_scraper: === PHASE 3: Dish Details ===
2025-12-11 17:31:30,472 [INFO] phase2_scraper: Found 111 dishes to process
2025-12-11 17:31:30,582 [INFO] phase2_scraper: Processing dish: 2 Cheeseburgers with Fries and Drinks HIDE (ID: 174596, combo=False)
2025-12-11 17:31:31,571 [INFO] phase2_scraper:   #groups has sections: ['br_id', 'ci_id', 'dr_id', 'sa_id', 'sd_id', 'e_id', 'cm_id']
2025-12-11 17:31:31,571 [INFO] phase2_scraper:     Section br_id: 1 radios, 0 checked
2025-12-11 17:31:31,571 [INFO] phase2_scraper:     Section ci_id: 2 radios, 0 checked
2025-12-11 17:31:31,572 [INFO] phase2_scraper:     Section sa_id: 4 radios, 0 checked
2025-12-11 17:31:31,572 [INFO] phase2_scraper:     Section sd_id: 1 radios, 0 checked
2025-12-11 17:31:31,572 [INFO] phase2_scraper:     Section e_id: 2 radios, 0 checked
2025-12-11 17:31:32,171 [INFO] phase2_scraper: Processing dish: Any 3 Burgers Special HIDE (ID: 174597, combo=True)
2025-12-11 17:31:34,117 [INFO] phase2_scraper: Processing dish: Ramadan Special HIDE (ID: 174598, combo=False)
2025-12-11 17:31:35,118 [INFO] phase2_scraper:   #groups has sections: ['br_id', 'ci_id', 'dr_id', 'sa_id', 'sd_id', 'e_id', 'cm_id']
2025-12-11 17:31:35,119 [INFO] phase2_scraper:     Section br_id: 1 radios, 0 checked
2025-12-11 17:31:35,119 [INFO] phase2_scraper:     Section ci_id: 2 radios, 1 checked
2025-12-11 17:31:36,666 [INFO] phase2_scraper:     Section sa_id: 4 radios, 0 checked
2025-12-11 17:31:36,666 [INFO] phase2_scraper:     Section sd_id: 1 radios, 0 checked
2025-12-11 17:31:36,667 [INFO] phase2_scraper:     Section e_id: 2 radios, 0 checked
2025-12-11 17:31:36,667 [INFO] phase2_scraper:   Found 1 modifier groups, 4 modifiers for dish 174598
2025-12-11 17:31:37,270 [INFO] phase2_scraper: Processing dish: Buy One Get One Free- Atletico Burger HIDE (ID: 174599, combo=False)
2025-12-11 17:31:38,236 [INFO] phase2_scraper:   #groups has sections: ['br_id', 'ci_id', 'dr_id', 'sa_id', 'sd_id', 'e_id', 'cm_id']
2025-12-11 17:31:38,236 [INFO] phase2_scraper:     Section br_id: 1 radios, 0 checked
2025-12-11 17:31:38,236 [INFO] phase2_scraper:     Section ci_id: 2 radios, 0 checked
2025-12-11 17:31:38,237 [INFO] phase2_scraper:     Section sa_id: 4 radios, 0 checked
2025-12-11 17:31:38,237 [INFO] phase2_scraper:     Section sd_id: 1 radios, 0 checked
2025-12-11 17:31:38,238 [INFO] phase2_scraper:     Section e_id: 2 radios, 0 checked
2025-12-11 17:31:38,842 [INFO] phase2_scraper: Processing dish: Popcurds (ID: 174600, combo=False)
2025-12-11 17:31:39,851 [INFO] phase2_scraper:   #groups has sections: ['br_id', 'ci_id', 'dr_id', 'sa_id', 'sd_id', 'e_id', 'cm_id']
2025-12-11 17:31:39,852 [INFO] phase2_scraper:     Section br_id: 1 radios, 0 checked
2025-12-11 17:31:39,852 [INFO] phase2_scraper:     Section ci_id: 2 radios, 0 checked
2025-12-11 17:31:39,852 [INFO] phase2_scraper:     Section sa_id: 4 radios, 0 checked
2025-12-11 17:31:39,852 [INFO] phase2_scraper:     Section sd_id: 1 radios, 0 checked
2025-12-11 17:31:39,853 [INFO] phase2_scraper:     Section e_id: 2 radios, 0 checked
2025-12-11 17:31:40,459 [INFO] phase2_scraper: Processing dish: Breaded Pickles (ID: 174601, combo=False)
2025-12-11 17:31:41,444 [INFO] phase2_scraper:   #groups has sections: ['br_id', 'ci_id', 'dr_id', 'sa_id', 'sd_id', 'e_id', 'cm_id']
2025-12-11 17:31:41,444 [INFO] phase2_scraper:     Section br_id: 1 radios, 0 checked
2025-12-11 17:31:41,445 [INFO] phase2_scraper:     Section ci_id: 2 radios, 0 checked
2025-12-11 17:31:41,445 [INFO] phase2_scraper:     Section sa_id: 4 radios, 0 checked
2025-12-11 17:31:41,445 [INFO] phase2_scraper:     Section sd_id: 1 radios, 0 checked
2025-12-11 17:31:41,445 [INFO] phase2_scraper:     Section e_id: 2 radios, 0 checked
2025-12-11 17:31:42,060 [INFO] phase2_scraper: Processing dish: Jalapeno Poppers (6pcs) (ID: 174602, combo=False)
2025-12-11 17:31:43,096 [INFO] phase2_scraper:   #groups has sections: ['br_id', 'ci_id', 'dr_id', 'sa_id', 'sd_id', 'e_id', 'cm_id']
2025-12-11 17:31:43,096 [INFO] phase2_scraper:     Section br_id: 1 radios, 0 checked
2025-12-11 17:31:43,096 [INFO] phase2_scraper:     Section ci_id: 2 radios, 0 checked
2025-12-11 17:31:43,097 [INFO] phase2_scraper:     Section sa_id: 4 radios, 0 checked
2025-12-11 17:31:43,097 [INFO] phase2_scraper:     Section sd_id: 1 radios, 0 checked
2025-12-11 17:31:43,097 [INFO] phase2_scraper:     Section e_id: 2 radios, 0 checked
2025-12-11 17:31:43,699 [INFO] phase2_scraper: Processing dish: Fried Zucchini Sticks (ID: 174603, combo=False)
2025-12-11 17:31:44,716 [INFO] phase2_scraper:   #groups has sections: ['br_id', 'ci_id', 'dr_id', 'sa_id', 'sd_id', 'e_id', 'cm_id']
2025-12-11 17:31:44,716 [INFO] phase2_scraper:     Section br_id: 1 radios, 0 checked
2025-12-11 17:31:44,716 [INFO] phase2_scraper:     Section ci_id: 2 radios, 0 checked
2025-12-11 17:31:44,717 [INFO] phase2_scraper:     Section sa_id: 4 radios, 0 checked
2025-12-11 17:31:44,717 [INFO] phase2_scraper:     Section sd_id: 1 radios, 0 checked
2025-12-11 17:31:44,718 [INFO] phase2_scraper:     Section e_id: 2 radios, 0 checked
2025-12-11 17:31:45,352 [INFO] phase2_scraper: Processing dish: Halloumi Fries (ID: 174604, combo=False)
2025-12-11 17:31:46,320 [INFO] phase2_scraper:   #groups has sections: ['br_id', 'ci_id', 'dr_id', 'sa_id', 'sd_id', 'e_id', 'cm_id']
2025-12-11 17:31:46,321 [INFO] phase2_scraper:     Section br_id: 1 radios, 0 checked
2025-12-11 17:31:46,321 [INFO] phase2_scraper:     Section ci_id: 2 radios, 0 checked
2025-12-11 17:31:46,322 [INFO] phase2_scraper:     Section sa_id: 4 radios, 0 checked
2025-12-11 17:31:46,322 [INFO] phase2_scraper:     Section sd_id: 1 radios, 0 checked
2025-12-11 17:31:46,322 [INFO] phase2_scraper:     Section e_id: 2 radios, 0 checked
2025-12-11 17:31:46,931 [INFO] phase2_scraper: Processing dish: Mac & Cheese Bites (ID: 174605, combo=False)
2025-12-11 17:31:47,935 [INFO] phase2_scraper:   #groups has sections: ['br_id', 'ci_id', 'dr_id', 'sa_id', 'sd_id', 'e_id', 'cm_id']
2025-12-11 17:31:47,935 [INFO] phase2_scraper:     Section br_id: 1 radios, 0 checked
2025-12-11 17:31:47,936 [INFO] phase2_scraper:     Section ci_id: 2 radios, 0 checked
2025-12-11 17:31:47,936 [INFO] phase2_scraper:     Section sa_id: 4 radios, 0 checked
2025-12-11 17:31:47,936 [INFO] phase2_scraper:     Section sd_id: 1 radios, 0 checked
2025-12-11 17:31:47,937 [INFO] phase2_scraper:     Section e_id: 2 radios, 0 checked
2025-12-11 17:31:48,550 [INFO] phase2_scraper: Processing dish: Fresh Cut Fries (ID: 174606, combo=False)
2025-12-11 17:31:49,697 [INFO] phase2_scraper:   #groups has sections: ['br_id', 'ci_id', 'dr_id', 'sa_id', 'sd_id', 'e_id', 'cm_id']
2025-12-11 17:31:49,698 [INFO] phase2_scraper:     Section br_id: 1 radios, 0 checked
2025-12-11 17:31:49,698 [INFO] phase2_scraper:     Section ci_id: 2 radios, 0 checked
2025-12-11 17:31:49,698 [INFO] phase2_scraper:     Section sa_id: 4 radios, 0 checked
2025-12-11 17:31:49,699 [INFO] phase2_scraper:     Section sd_id: 1 radios, 0 checked
2025-12-11 17:31:49,699 [INFO] phase2_scraper:     Section e_id: 2 radios, 0 checked
2025-12-11 17:31:50,298 [INFO] phase2_scraper: Processing dish: Onion Rings (ID: 174607, combo=False)
2025-12-11 17:31:51,477 [INFO] phase2_scraper:   #groups has sections: ['br_id', 'ci_id', 'dr_id', 'sa_id', 'sd_id', 'e_id', 'cm_id']
2025-12-11 17:31:51,477 [INFO] phase2_scraper:     Section br_id: 1 radios, 0 checked
2025-12-11 17:31:51,478 [INFO] phase2_scraper:     Section ci_id: 2 radios, 0 checked
2025-12-11 17:31:51,479 [INFO] phase2_scraper:     Section sa_id: 4 radios, 0 checked
2025-12-11 17:31:51,479 [INFO] phase2_scraper:     Section sd_id: 1 radios, 0 checked
2025-12-11 17:31:51,479 [INFO] phase2_scraper:     Section e_id: 2 radios, 0 checked
2025-12-11 17:31:52,087 [INFO] phase2_scraper: Processing dish: Kettle Chips (ID: 174608, combo=False)
2025-12-11 17:31:53,264 [INFO] phase2_scraper:   #groups has sections: ['br_id', 'ci_id', 'dr_id', 'sa_id', 'sd_id', 'e_id', 'cm_id']
2025-12-11 17:31:53,264 [INFO] phase2_scraper:     Section br_id: 1 radios, 0 checked
2025-12-11 17:31:53,265 [INFO] phase2_scraper:     Section ci_id: 2 radios, 0 checked
2025-12-11 17:31:53,266 [INFO] phase2_scraper:     Section sa_id: 4 radios, 0 checked
2025-12-11 17:31:53,266 [INFO] phase2_scraper:     Section sd_id: 1 radios, 0 checked
2025-12-11 17:31:53,266 [INFO] phase2_scraper:     Section e_id: 2 radios, 0 checked
2025-12-11 17:31:53,893 [INFO] phase2_scraper: Processing dish: Sweet Potatoes (ID: 174609, combo=False)
2025-12-11 17:31:55,051 [INFO] phase2_scraper:   #groups has sections: ['br_id', 'ci_id', 'dr_id', 'sa_id', 'sd_id', 'e_id', 'cm_id']
2025-12-11 17:31:55,051 [INFO] phase2_scraper:     Section br_id: 1 radios, 0 checked
2025-12-11 17:31:55,052 [INFO] phase2_scraper:     Section ci_id: 2 radios, 0 checked
2025-12-11 17:31:55,052 [INFO] phase2_scraper:     Section sa_id: 4 radios, 0 checked
2025-12-11 17:31:55,053 [INFO] phase2_scraper:     Section sd_id: 1 radios, 0 checked
2025-12-11 17:31:55,053 [INFO] phase2_scraper:     Section e_id: 2 radios, 0 checked
2025-12-11 17:31:55,655 [INFO] phase2_scraper: Processing dish: Nachos HIDE (ID: 174610, combo=False)
2025-12-11 17:31:56,650 [INFO] phase2_scraper:   #groups has sections: ['br_id', 'ci_id', 'dr_id', 'sa_id', 'sd_id', 'e_id', 'cm_id']
2025-12-11 17:31:56,650 [INFO] phase2_scraper:     Section br_id: 1 radios, 0 checked
2025-12-11 17:31:56,650 [INFO] phase2_scraper:     Section ci_id: 2 radios, 0 checked
2025-12-11 17:31:56,651 [INFO] phase2_scraper:     Section sa_id: 4 radios, 0 checked
2025-12-11 17:31:56,651 [INFO] phase2_scraper:     Section sd_id: 1 radios, 0 checked
2025-12-11 17:31:56,651 [INFO] phase2_scraper:     Section e_id: 2 radios, 0 checked
2025-12-11 17:31:57,253 [INFO] phase2_scraper: Processing dish: Pop-Off Popcurds HIDE (ID: 174611, combo=False)
2025-12-11 17:31:58,231 [INFO] phase2_scraper:   #groups has sections: ['br_id', 'ci_id', 'dr_id', 'sa_id', 'sd_id', 'e_id', 'cm_id']
2025-12-11 17:31:58,232 [INFO] phase2_scraper:     Section br_id: 1 radios, 0 checked
2025-12-11 17:31:58,232 [INFO] phase2_scraper:     Section ci_id: 2 radios, 0 checked
2025-12-11 17:31:58,232 [INFO] phase2_scraper:     Section sa_id: 4 radios, 0 checked
2025-12-11 17:31:58,233 [INFO] phase2_scraper:     Section sd_id: 1 radios, 0 checked
2025-12-11 17:31:58,233 [INFO] phase2_scraper:     Section e_id: 2 radios, 0 checked
2025-12-11 17:31:58,835 [INFO] phase2_scraper: Processing dish: Mac & Cheese HIDE (ID: 174612, combo=False)
2025-12-11 17:31:59,818 [INFO] phase2_scraper:   #groups has sections: ['br_id', 'ci_id', 'dr_id', 'sa_id', 'sd_id', 'e_id', 'cm_id']
2025-12-11 17:31:59,818 [INFO] phase2_scraper:     Section br_id: 1 radios, 0 checked
2025-12-11 17:31:59,819 [INFO] phase2_scraper:     Section ci_id: 2 radios, 0 checked
2025-12-11 17:31:59,820 [INFO] phase2_scraper:     Section sa_id: 4 radios, 0 checked
2025-12-11 17:31:59,820 [INFO] phase2_scraper:     Section sd_id: 1 radios, 0 checked
2025-12-11 17:31:59,820 [INFO] phase2_scraper:     Section e_id: 2 radios, 1 checked
2025-12-11 17:32:01,913 [INFO] phase2_scraper:   Found 1 modifier groups, 4 modifiers for dish 174612
2025-12-11 17:32:02,512 [INFO] phase2_scraper: Processing dish: Smash Burger (ID: 174613, combo=False)
2025-12-11 17:32:03,540 [INFO] phase2_scraper:   #groups has sections: ['br_id', 'ci_id', 'dr_id', 'sa_id', 'sd_id', 'e_id', 'cm_id']
2025-12-11 17:32:03,541 [INFO] phase2_scraper:     Section br_id: 1 radios, 0 checked
2025-12-11 17:32:03,541 [INFO] phase2_scraper:     Section ci_id: 2 radios, 0 checked
2025-12-11 17:32:03,542 [INFO] phase2_scraper:     Section sa_id: 4 radios, 0 checked
2025-12-11 17:32:03,542 [INFO] phase2_scraper:     Section sd_id: 1 radios, 0 checked
2025-12-11 17:32:03,542 [INFO] phase2_scraper:     Section e_id: 2 radios, 0 checked
2025-12-11 17:32:04,156 [INFO] phase2_scraper: Processing dish: Philly Steak Sandwich (ID: 174614, combo=False)
2025-12-11 17:32:05,134 [INFO] phase2_scraper:   #groups has sections: ['br_id', 'ci_id', 'dr_id', 'sa_id', 'sd_id', 'e_id', 'cm_id']
2025-12-11 17:32:05,135 [INFO] phase2_scraper:     Section br_id: 1 radios, 0 checked
2025-12-11 17:32:05,135 [INFO] phase2_scraper:     Section ci_id: 2 radios, 0 checked
2025-12-11 17:32:05,136 [INFO] phase2_scraper:     Section sa_id: 4 radios, 0 checked
2025-12-11 17:32:05,136 [INFO] phase2_scraper:     Section sd_id: 1 radios, 0 checked
2025-12-11 17:32:05,136 [INFO] phase2_scraper:     Section e_id: 2 radios, 0 checked
2025-12-11 17:32:05,738 [INFO] phase2_scraper: Processing dish: Chicken Parm Burger HIDE (ID: 174615, combo=False)
2025-12-11 17:32:06,706 [INFO] phase2_scraper:   #groups has sections: ['br_id', 'ci_id', 'dr_id', 'sa_id', 'sd_id', 'e_id', 'cm_id']
2025-12-11 17:32:06,707 [INFO] phase2_scraper:     Section br_id: 1 radios, 0 checked
2025-12-11 17:32:06,707 [INFO] phase2_scraper:     Section ci_id: 2 radios, 0 checked
2025-12-11 17:32:06,708 [INFO] phase2_scraper:     Section sa_id: 4 radios, 0 checked
2025-12-11 17:32:06,708 [INFO] phase2_scraper:     Section sd_id: 1 radios, 0 checked
2025-12-11 17:32:06,708 [INFO] phase2_scraper:     Section e_id: 2 radios, 0 checked
2025-12-11 17:32:07,316 [INFO] phase2_scraper: Processing dish: Bank Street Burger HIDE (ID: 174616, combo=False)
2025-12-11 17:32:08,304 [INFO] phase2_scraper:   #groups has sections: ['br_id', 'ci_id', 'dr_id', 'sa_id', 'sd_id', 'e_id', 'cm_id']
2025-12-11 17:32:08,305 [INFO] phase2_scraper:     Section br_id: 1 radios, 0 checked
2025-12-11 17:32:08,305 [INFO] phase2_scraper:     Section ci_id: 2 radios, 0 checked
2025-12-11 17:32:08,305 [INFO] phase2_scraper:     Section sa_id: 4 radios, 0 checked
2025-12-11 17:32:08,306 [INFO] phase2_scraper:     Section sd_id: 1 radios, 0 checked
2025-12-11 17:32:08,306 [INFO] phase2_scraper:     Section e_id: 2 radios, 0 checked
2025-12-11 17:32:08,905 [INFO] phase2_scraper: Processing dish: Atletico Burger (ID: 174617, combo=False)
2025-12-11 17:32:09,895 [INFO] phase2_scraper:   #groups has sections: ['br_id', 'ci_id', 'dr_id', 'sa_id', 'sd_id', 'e_id', 'cm_id']
2025-12-11 17:32:09,895 [INFO] phase2_scraper:     Section br_id: 1 radios, 0 checked
2025-12-11 17:32:09,896 [INFO] phase2_scraper:     Section ci_id: 2 radios, 0 checked
2025-12-11 17:32:09,896 [INFO] phase2_scraper:     Section sa_id: 4 radios, 0 checked
2025-12-11 17:32:09,896 [INFO] phase2_scraper:     Section sd_id: 1 radios, 0 checked
2025-12-11 17:32:09,897 [INFO] phase2_scraper:     Section e_id: 2 radios, 0 checked
2025-12-11 17:32:10,497 [INFO] phase2_scraper: Processing dish: Smash Burger COMBO (ID: 174618, combo=False)
2025-12-11 17:32:11,505 [INFO] phase2_scraper:   #groups has sections: ['br_id', 'ci_id', 'dr_id', 'sa_id', 'sd_id', 'e_id', 'cm_id']
2025-12-11 17:32:11,506 [INFO] phase2_scraper:     Section br_id: 1 radios, 0 checked
2025-12-11 17:32:11,506 [INFO] phase2_scraper:     Section ci_id: 2 radios, 0 checked
2025-12-11 17:32:11,506 [INFO] phase2_scraper:     Section sa_id: 4 radios, 0 checked
2025-12-11 17:32:11,507 [INFO] phase2_scraper:     Section sd_id: 1 radios, 1 checked
2025-12-11 17:32:13,158 [INFO] phase2_scraper:     Section e_id: 2 radios, 0 checked
2025-12-11 17:32:13,158 [INFO] phase2_scraper:   Found 1 modifier groups, 4 modifiers for dish 174618
2025-12-11 17:32:13,783 [INFO] phase2_scraper: Processing dish: Philly Steak Sandwich COMBO (ID: 174619, combo=False)
2025-12-11 17:32:14,786 [INFO] phase2_scraper:   #groups has sections: ['br_id', 'ci_id', 'dr_id', 'sa_id', 'sd_id', 'e_id', 'cm_id']
2025-12-11 17:32:14,787 [INFO] phase2_scraper:     Section br_id: 1 radios, 0 checked
2025-12-11 17:32:14,787 [INFO] phase2_scraper:     Section ci_id: 2 radios, 0 checked
2025-12-11 17:32:14,787 [INFO] phase2_scraper:     Section sa_id: 4 radios, 0 checked
2025-12-11 17:32:14,788 [INFO] phase2_scraper:     Section sd_id: 1 radios, 1 checked
2025-12-11 17:32:16,436 [INFO] phase2_scraper:     Section e_id: 2 radios, 0 checked
2025-12-11 17:32:16,436 [INFO] phase2_scraper:   Found 1 modifier groups, 4 modifiers for dish 174619
2025-12-11 17:32:17,044 [INFO] phase2_scraper: Processing dish: Chicken Parm Burger COMBO HIDE (ID: 174620, combo=False)
2025-12-11 17:32:18,027 [INFO] phase2_scraper:   #groups has sections: ['br_id', 'ci_id', 'dr_id', 'sa_id', 'sd_id', 'e_id', 'cm_id']
2025-12-11 17:32:18,027 [INFO] phase2_scraper:     Section br_id: 1 radios, 0 checked
2025-12-11 17:32:18,028 [INFO] phase2_scraper:     Section ci_id: 2 radios, 0 checked
2025-12-11 17:32:18,028 [INFO] phase2_scraper:     Section sa_id: 4 radios, 0 checked
2025-12-11 17:32:18,028 [INFO] phase2_scraper:     Section sd_id: 1 radios, 1 checked
2025-12-11 17:32:19,660 [INFO] phase2_scraper:     Section e_id: 2 radios, 0 checked
2025-12-11 17:32:19,661 [INFO] phase2_scraper:   Found 1 modifier groups, 4 modifiers for dish 174620
2025-12-11 17:32:20,264 [INFO] phase2_scraper: Processing dish: Bank Street Burger COMBO HIDE (ID: 174621, combo=False)
2025-12-11 17:32:21,296 [INFO] phase2_scraper:   #groups has sections: ['br_id', 'ci_id', 'dr_id', 'sa_id', 'sd_id', 'e_id', 'cm_id']
2025-12-11 17:32:21,297 [INFO] phase2_scraper:     Section br_id: 1 radios, 0 checked
2025-12-11 17:32:21,297 [INFO] phase2_scraper:     Section ci_id: 2 radios, 0 checked
2025-12-11 17:32:21,298 [INFO] phase2_scraper:     Section sa_id: 4 radios, 0 checked
2025-12-11 17:32:21,298 [INFO] phase2_scraper:     Section sd_id: 1 radios, 1 checked
2025-12-11 17:32:22,810 [INFO] phase2_scraper:     Section e_id: 2 radios, 0 checked
2025-12-11 17:32:22,811 [INFO] phase2_scraper:   Found 1 modifier groups, 4 modifiers for dish 174621
2025-12-11 17:32:23,418 [INFO] phase2_scraper: Processing dish: Atletico Burger COMBO (ID: 174622, combo=False)
2025-12-11 17:32:24,382 [INFO] phase2_scraper:   #groups has sections: ['br_id', 'ci_id', 'dr_id', 'sa_id', 'sd_id', 'e_id', 'cm_id']
2025-12-11 17:32:24,382 [INFO] phase2_scraper:     Section br_id: 1 radios, 0 checked
2025-12-11 17:32:24,383 [INFO] phase2_scraper:     Section ci_id: 2 radios, 0 checked
2025-12-11 17:32:24,383 [INFO] phase2_scraper:     Section sa_id: 4 radios, 0 checked
2025-12-11 17:32:24,383 [INFO] phase2_scraper:     Section sd_id: 1 radios, 1 checked
2025-12-11 17:32:25,949 [INFO] phase2_scraper:     Section e_id: 2 radios, 0 checked
2025-12-11 17:32:25,949 [INFO] phase2_scraper:   Found 1 modifier groups, 4 modifiers for dish 174622
2025-12-11 17:32:26,550 [INFO] phase2_scraper: Processing dish: Original Burger (ID: 174623, combo=False)
2025-12-11 17:32:27,552 [INFO] phase2_scraper:   #groups has sections: ['br_id', 'ci_id', 'dr_id', 'sa_id', 'sd_id', 'e_id', 'cm_id']
2025-12-11 17:32:27,552 [INFO] phase2_scraper:     Section br_id: 1 radios, 1 checked
2025-12-11 17:32:28,429 [INFO] phase2_scraper:     Section ci_id: 2 radios, 0 checked
2025-12-11 17:32:28,430 [INFO] phase2_scraper:     Section sa_id: 4 radios, 0 checked
2025-12-11 17:32:28,430 [INFO] phase2_scraper:     Section sd_id: 1 radios, 0 checked
2025-12-11 17:32:28,430 [INFO] phase2_scraper:     Section e_id: 2 radios, 1 checked
2025-12-11 17:32:29,970 [INFO] phase2_scraper:   Found 2 modifier groups, 6 modifiers for dish 174623
2025-12-11 17:32:30,568 [INFO] phase2_scraper: Processing dish: Cheese Burger (ID: 174624, combo=False)
2025-12-11 17:32:31,534 [INFO] phase2_scraper:   #groups has sections: ['br_id', 'ci_id', 'dr_id', 'sa_id', 'sd_id', 'e_id', 'cm_id']
2025-12-11 17:32:31,535 [INFO] phase2_scraper:     Section br_id: 1 radios, 1 checked
2025-12-11 17:32:32,386 [INFO] phase2_scraper:     Section ci_id: 2 radios, 0 checked
2025-12-11 17:32:32,387 [INFO] phase2_scraper:     Section sa_id: 4 radios, 0 checked
2025-12-11 17:32:32,387 [INFO] phase2_scraper:     Section sd_id: 1 radios, 0 checked
2025-12-11 17:32:32,388 [INFO] phase2_scraper:     Section e_id: 2 radios, 1 checked
2025-12-11 17:32:33,958 [INFO] phase2_scraper:   Found 2 modifier groups, 6 modifiers for dish 174624
2025-12-11 17:32:34,559 [INFO] phase2_scraper: Processing dish: Bacon Burger (ID: 174625, combo=False)
2025-12-11 17:32:35,533 [INFO] phase2_scraper:   #groups has sections: ['br_id', 'ci_id', 'dr_id', 'sa_id', 'sd_id', 'e_id', 'cm_id']
2025-12-11 17:32:35,534 [INFO] phase2_scraper:     Section br_id: 1 radios, 1 checked
2025-12-11 17:32:36,379 [INFO] phase2_scraper:     Section ci_id: 2 radios, 0 checked
2025-12-11 17:32:36,379 [INFO] phase2_scraper:     Section sa_id: 4 radios, 0 checked
2025-12-11 17:32:36,379 [INFO] phase2_scraper:     Section sd_id: 1 radios, 0 checked
2025-12-11 17:32:36,380 [INFO] phase2_scraper:     Section e_id: 2 radios, 1 checked
2025-12-11 17:32:37,942 [INFO] phase2_scraper:   Found 2 modifier groups, 6 modifiers for dish 174625
2025-12-11 17:32:38,558 [INFO] phase2_scraper: Processing dish: Fried Mozzarella Burger (ID: 174626, combo=False)
2025-12-11 17:32:39,547 [INFO] phase2_scraper:   #groups has sections: ['br_id', 'ci_id', 'dr_id', 'sa_id', 'sd_id', 'e_id', 'cm_id']
2025-12-11 17:32:39,547 [INFO] phase2_scraper:     Section br_id: 1 radios, 1 checked
2025-12-11 17:32:40,414 [INFO] phase2_scraper:     Section ci_id: 2 radios, 0 checked
2025-12-11 17:32:40,415 [INFO] phase2_scraper:     Section sa_id: 4 radios, 0 checked
2025-12-11 17:32:40,415 [INFO] phase2_scraper:     Section sd_id: 1 radios, 0 checked
2025-12-11 17:32:40,415 [INFO] phase2_scraper:     Section e_id: 2 radios, 1 checked
2025-12-11 17:32:41,972 [INFO] phase2_scraper:   Found 2 modifier groups, 6 modifiers for dish 174626
2025-12-11 17:32:42,574 [INFO] phase2_scraper: Processing dish: Heat Burger (ID: 174627, combo=False)
2025-12-11 17:32:43,618 [INFO] phase2_scraper:   #groups has sections: ['br_id', 'ci_id', 'dr_id', 'sa_id', 'sd_id', 'e_id', 'cm_id']
2025-12-11 17:32:43,619 [INFO] phase2_scraper:     Section br_id: 1 radios, 1 checked
2025-12-11 17:32:44,512 [INFO] phase2_scraper:     Section ci_id: 2 radios, 0 checked
2025-12-11 17:32:44,513 [INFO] phase2_scraper:     Section sa_id: 4 radios, 0 checked
2025-12-11 17:32:44,513 [INFO] phase2_scraper:     Section sd_id: 1 radios, 0 checked
2025-12-11 17:32:44,514 [INFO] phase2_scraper:     Section e_id: 2 radios, 1 checked
2025-12-11 17:32:46,125 [INFO] phase2_scraper:   Found 2 modifier groups, 6 modifiers for dish 174627
2025-12-11 17:32:46,726 [INFO] phase2_scraper: Processing dish: ALL OUT Burger (ID: 174628, combo=False)
2025-12-11 17:32:47,719 [INFO] phase2_scraper:   #groups has sections: ['br_id', 'ci_id', 'dr_id', 'sa_id', 'sd_id', 'e_id', 'cm_id']
2025-12-11 17:32:47,720 [INFO] phase2_scraper:     Section br_id: 1 radios, 1 checked
2025-12-11 17:32:48,582 [INFO] phase2_scraper:     Section ci_id: 2 radios, 0 checked
2025-12-11 17:32:48,583 [INFO] phase2_scraper:     Section sa_id: 4 radios, 0 checked
2025-12-11 17:32:48,583 [INFO] phase2_scraper:     Section sd_id: 1 radios, 0 checked
2025-12-11 17:32:48,584 [INFO] phase2_scraper:     Section e_id: 2 radios, 1 checked
2025-12-11 17:32:50,196 [INFO] phase2_scraper:   Found 2 modifier groups, 6 modifiers for dish 174628
2025-12-11 17:32:50,798 [INFO] phase2_scraper: Processing dish: Veggie Burger (ID: 174629, combo=False)
2025-12-11 17:32:51,802 [INFO] phase2_scraper:   #groups has sections: ['br_id', 'ci_id', 'dr_id', 'sa_id', 'sd_id', 'e_id', 'cm_id']
2025-12-11 17:32:51,803 [INFO] phase2_scraper:     Section br_id: 1 radios, 1 checked
2025-12-11 17:32:52,663 [INFO] phase2_scraper:     Section ci_id: 2 radios, 0 checked
2025-12-11 17:32:52,664 [INFO] phase2_scraper:     Section sa_id: 4 radios, 0 checked
2025-12-11 17:32:52,664 [INFO] phase2_scraper:     Section sd_id: 1 radios, 0 checked
2025-12-11 17:32:52,664 [INFO] phase2_scraper:     Section e_id: 2 radios, 1 checked
2025-12-11 17:32:54,239 [INFO] phase2_scraper:   Found 2 modifier groups, 6 modifiers for dish 174629
2025-12-11 17:32:54,840 [INFO] phase2_scraper: Processing dish: Grilled Chicken Burger (ID: 174630, combo=False)
2025-12-11 17:32:55,821 [INFO] phase2_scraper:   #groups has sections: ['br_id', 'ci_id', 'dr_id', 'sa_id', 'sd_id', 'e_id', 'cm_id']
2025-12-11 17:32:55,821 [INFO] phase2_scraper:     Section br_id: 1 radios, 1 checked
2025-12-11 17:32:56,664 [INFO] phase2_scraper:     Section ci_id: 2 radios, 0 checked
2025-12-11 17:32:56,665 [INFO] phase2_scraper:     Section sa_id: 4 radios, 0 checked
2025-12-11 17:32:56,665 [INFO] phase2_scraper:     Section sd_id: 1 radios, 0 checked
2025-12-11 17:32:56,666 [INFO] phase2_scraper:     Section e_id: 2 radios, 1 checked
2025-12-11 17:32:58,201 [INFO] phase2_scraper:   Found 2 modifier groups, 6 modifiers for dish 174630
2025-12-11 17:32:58,802 [INFO] phase2_scraper: Processing dish: Fry N Slaw Burger (ID: 174631, combo=False)
2025-12-11 17:32:59,793 [INFO] phase2_scraper:   #groups has sections: ['br_id', 'ci_id', 'dr_id', 'sa_id', 'sd_id', 'e_id', 'cm_id']
2025-12-11 17:32:59,794 [INFO] phase2_scraper:     Section br_id: 1 radios, 1 checked
2025-12-11 17:33:00,670 [INFO] phase2_scraper:     Section ci_id: 2 radios, 0 checked
2025-12-11 17:33:00,671 [INFO] phase2_scraper:     Section sa_id: 4 radios, 0 checked
2025-12-11 17:33:00,671 [INFO] phase2_scraper:     Section sd_id: 1 radios, 0 checked
2025-12-11 17:33:00,671 [INFO] phase2_scraper:     Section e_id: 2 radios, 1 checked
2025-12-11 17:33:02,193 [INFO] phase2_scraper:   Found 2 modifier groups, 6 modifiers for dish 174631
2025-12-11 17:33:02,797 [INFO] phase2_scraper: Processing dish: Halloumi Burger (ID: 174632, combo=False)
2025-12-11 17:33:03,785 [INFO] phase2_scraper:   #groups has sections: ['br_id', 'ci_id', 'dr_id', 'sa_id', 'sd_id', 'e_id', 'cm_id']
2025-12-11 17:33:03,786 [INFO] phase2_scraper:     Section br_id: 1 radios, 1 checked
2025-12-11 17:33:04,633 [INFO] phase2_scraper:     Section ci_id: 2 radios, 0 checked
2025-12-11 17:33:04,634 [INFO] phase2_scraper:     Section sa_id: 4 radios, 0 checked
2025-12-11 17:33:04,634 [INFO] phase2_scraper:     Section sd_id: 1 radios, 0 checked
2025-12-11 17:33:04,634 [INFO] phase2_scraper:     Section e_id: 2 radios, 1 checked
2025-12-11 17:33:06,200 [INFO] phase2_scraper:   Found 2 modifier groups, 6 modifiers for dish 174632
2025-12-11 17:33:06,805 [INFO] phase2_scraper: Processing dish: Texas Beast Burger (ID: 174633, combo=False)
2025-12-11 17:33:07,797 [INFO] phase2_scraper:   #groups has sections: ['br_id', 'ci_id', 'dr_id', 'sa_id', 'sd_id', 'e_id', 'cm_id']
2025-12-11 17:33:07,798 [INFO] phase2_scraper:     Section br_id: 1 radios, 1 checked
2025-12-11 17:33:08,658 [INFO] phase2_scraper:     Section ci_id: 2 radios, 0 checked
2025-12-11 17:33:08,658 [INFO] phase2_scraper:     Section sa_id: 4 radios, 0 checked
2025-12-11 17:33:08,659 [INFO] phase2_scraper:     Section sd_id: 1 radios, 0 checked
2025-12-11 17:33:08,659 [INFO] phase2_scraper:     Section e_id: 2 radios, 1 checked
2025-12-11 17:33:10,215 [INFO] phase2_scraper:   Found 2 modifier groups, 6 modifiers for dish 174633
2025-12-11 17:33:10,820 [INFO] phase2_scraper: Processing dish: Crispy Chicken Burger (ID: 174634, combo=False)
2025-12-11 17:33:11,801 [INFO] phase2_scraper:   #groups has sections: ['br_id', 'ci_id', 'dr_id', 'sa_id', 'sd_id', 'e_id', 'cm_id']
2025-12-11 17:33:11,801 [INFO] phase2_scraper:     Section br_id: 1 radios, 1 checked
2025-12-11 17:33:12,685 [INFO] phase2_scraper:     Section ci_id: 2 radios, 0 checked
2025-12-11 17:33:12,685 [INFO] phase2_scraper:     Section sa_id: 4 radios, 0 checked
2025-12-11 17:33:12,686 [INFO] phase2_scraper:     Section sd_id: 1 radios, 0 checked
2025-12-11 17:33:12,686 [INFO] phase2_scraper:     Section e_id: 2 radios, 1 checked
2025-12-11 17:33:14,235 [INFO] phase2_scraper:   Found 2 modifier groups, 6 modifiers for dish 174634
2025-12-11 17:33:14,841 [INFO] phase2_scraper: Processing dish: Spicy Chicken Burger (ID: 174635, combo=False)
2025-12-11 17:33:15,839 [INFO] phase2_scraper:   #groups has sections: ['br_id', 'ci_id', 'dr_id', 'sa_id', 'sd_id', 'e_id', 'cm_id']
2025-12-11 17:33:15,839 [INFO] phase2_scraper:     Section br_id: 1 radios, 1 checked
2025-12-11 17:33:16,720 [INFO] phase2_scraper:     Section ci_id: 2 radios, 0 checked
2025-12-11 17:33:16,722 [INFO] phase2_scraper:     Section sa_id: 4 radios, 0 checked
2025-12-11 17:33:16,722 [INFO] phase2_scraper:     Section sd_id: 1 radios, 0 checked
2025-12-11 17:33:16,722 [INFO] phase2_scraper:     Section e_id: 2 radios, 1 checked
2025-12-11 17:33:18,322 [INFO] phase2_scraper:   Found 2 modifier groups, 6 modifiers for dish 174635
2025-12-11 17:33:18,920 [INFO] phase2_scraper: Processing dish: Classic Crispy Chicken Burger (ID: 174636, combo=False)
2025-12-11 17:33:19,910 [INFO] phase2_scraper:   #groups has sections: ['br_id', 'ci_id', 'dr_id', 'sa_id', 'sd_id', 'e_id', 'cm_id']
2025-12-11 17:33:19,911 [INFO] phase2_scraper:     Section br_id: 1 radios, 1 checked
2025-12-11 17:33:20,756 [INFO] phase2_scraper:     Section ci_id: 2 radios, 0 checked
2025-12-11 17:33:20,757 [INFO] phase2_scraper:     Section sa_id: 4 radios, 0 checked
2025-12-11 17:33:20,757 [INFO] phase2_scraper:     Section sd_id: 1 radios, 0 checked
2025-12-11 17:33:20,757 [INFO] phase2_scraper:     Section e_id: 2 radios, 1 checked
2025-12-11 17:33:22,304 [INFO] phase2_scraper:   Found 2 modifier groups, 6 modifiers for dish 174636
2025-12-11 17:33:22,904 [INFO] phase2_scraper: Processing dish: Deluxe Crispy Chicken Burger (ID: 174637, combo=False)
2025-12-11 17:33:23,900 [INFO] phase2_scraper:   #groups has sections: ['br_id', 'ci_id', 'dr_id', 'sa_id', 'sd_id', 'e_id', 'cm_id']
2025-12-11 17:33:23,901 [INFO] phase2_scraper:     Section br_id: 1 radios, 1 checked
2025-12-11 17:33:24,769 [INFO] phase2_scraper:     Section ci_id: 2 radios, 0 checked
2025-12-11 17:33:24,770 [INFO] phase2_scraper:     Section sa_id: 4 radios, 0 checked
2025-12-11 17:33:24,770 [INFO] phase2_scraper:     Section sd_id: 1 radios, 0 checked
2025-12-11 17:33:24,770 [INFO] phase2_scraper:     Section e_id: 2 radios, 1 checked
2025-12-11 17:33:26,323 [INFO] phase2_scraper:   Found 2 modifier groups, 6 modifiers for dish 174637
2025-12-11 17:33:26,940 [INFO] phase2_scraper: Processing dish: Sweet Chili Crispy Burger (ID: 174638, combo=False)
2025-12-11 17:33:27,924 [INFO] phase2_scraper:   #groups has sections: ['br_id', 'ci_id', 'dr_id', 'sa_id', 'sd_id', 'e_id', 'cm_id']
2025-12-11 17:33:27,924 [INFO] phase2_scraper:     Section br_id: 1 radios, 1 checked
2025-12-11 17:33:28,780 [INFO] phase2_scraper:     Section ci_id: 2 radios, 0 checked
2025-12-11 17:33:28,780 [INFO] phase2_scraper:     Section sa_id: 4 radios, 0 checked
2025-12-11 17:33:28,781 [INFO] phase2_scraper:     Section sd_id: 1 radios, 0 checked
2025-12-11 17:33:28,781 [INFO] phase2_scraper:     Section e_id: 2 radios, 1 checked
2025-12-11 17:33:30,336 [INFO] phase2_scraper:   Found 2 modifier groups, 6 modifiers for dish 174638
2025-12-11 17:33:30,944 [INFO] phase2_scraper: Processing dish: Grilled Cheese Sandwich HIDE (ID: 174639, combo=False)
2025-12-11 17:33:31,916 [INFO] phase2_scraper:   #groups has sections: ['br_id', 'ci_id', 'dr_id', 'sa_id', 'sd_id', 'e_id', 'cm_id']
2025-12-11 17:33:31,917 [INFO] phase2_scraper:     Section br_id: 1 radios, 0 checked
2025-12-11 17:33:31,917 [INFO] phase2_scraper:     Section ci_id: 2 radios, 0 checked
2025-12-11 17:33:31,918 [INFO] phase2_scraper:     Section sa_id: 4 radios, 0 checked
2025-12-11 17:33:31,918 [INFO] phase2_scraper:     Section sd_id: 1 radios, 0 checked
2025-12-11 17:33:31,918 [INFO] phase2_scraper:     Section e_id: 2 radios, 0 checked
2025-12-11 17:33:32,527 [INFO] phase2_scraper: Processing dish: Mac & Cheese Burger HIDE (ID: 174640, combo=False)
2025-12-11 17:33:33,517 [INFO] phase2_scraper:   #groups has sections: ['br_id', 'ci_id', 'dr_id', 'sa_id', 'sd_id', 'e_id', 'cm_id']
2025-12-11 17:33:33,518 [INFO] phase2_scraper:     Section br_id: 1 radios, 0 checked
2025-12-11 17:33:33,518 [INFO] phase2_scraper:     Section ci_id: 2 radios, 0 checked
2025-12-11 17:33:33,519 [INFO] phase2_scraper:     Section sa_id: 4 radios, 0 checked
2025-12-11 17:33:33,519 [INFO] phase2_scraper:     Section sd_id: 1 radios, 0 checked
2025-12-11 17:33:33,520 [INFO] phase2_scraper:     Section e_id: 2 radios, 1 checked
2025-12-11 17:33:35,128 [INFO] phase2_scraper:   Found 1 modifier groups, 4 modifiers for dish 174640
2025-12-11 17:33:35,736 [INFO] phase2_scraper: Processing dish: Original Burger COMBO (ID: 174641, combo=False)
2025-12-11 17:33:36,708 [INFO] phase2_scraper:   #groups has sections: ['br_id', 'ci_id', 'dr_id', 'sa_id', 'sd_id', 'e_id', 'cm_id']
2025-12-11 17:33:36,709 [INFO] phase2_scraper:     Section br_id: 1 radios, 1 checked
2025-12-11 17:33:37,579 [INFO] phase2_scraper:     Section ci_id: 2 radios, 0 checked
2025-12-11 17:33:37,579 [INFO] phase2_scraper:     Section sa_id: 4 radios, 0 checked
2025-12-11 17:33:37,580 [INFO] phase2_scraper:     Section sd_id: 1 radios, 1 checked
2025-12-11 17:33:39,131 [INFO] phase2_scraper:     Section e_id: 2 radios, 1 checked
2025-12-11 17:33:40,712 [INFO] phase2_scraper:   Found 3 modifier groups, 10 modifiers for dish 174641
2025-12-11 17:33:41,325 [INFO] phase2_scraper: Processing dish: Cheese Burger COMBO (ID: 174642, combo=False)
2025-12-11 17:33:42,315 [INFO] phase2_scraper:   #groups has sections: ['br_id', 'ci_id', 'dr_id', 'sa_id', 'sd_id', 'e_id', 'cm_id']
2025-12-11 17:33:42,315 [INFO] phase2_scraper:     Section br_id: 1 radios, 1 checked
2025-12-11 17:33:43,165 [INFO] phase2_scraper:     Section ci_id: 2 radios, 0 checked
2025-12-11 17:33:43,166 [INFO] phase2_scraper:     Section sa_id: 4 radios, 0 checked
2025-12-11 17:33:43,166 [INFO] phase2_scraper:     Section sd_id: 1 radios, 1 checked
2025-12-11 17:33:44,692 [INFO] phase2_scraper:     Section e_id: 2 radios, 1 checked
2025-12-11 17:33:46,230 [INFO] phase2_scraper:   Found 3 modifier groups, 10 modifiers for dish 174642
2025-12-11 17:33:46,829 [INFO] phase2_scraper: Processing dish: Bacon Burger COMBO (ID: 174643, combo=False)
2025-12-11 17:33:47,795 [INFO] phase2_scraper:   #groups has sections: ['br_id', 'ci_id', 'dr_id', 'sa_id', 'sd_id', 'e_id', 'cm_id']
2025-12-11 17:33:47,795 [INFO] phase2_scraper:     Section br_id: 1 radios, 1 checked
2025-12-11 17:33:48,660 [INFO] phase2_scraper:     Section ci_id: 2 radios, 0 checked
2025-12-11 17:33:48,660 [INFO] phase2_scraper:     Section sa_id: 4 radios, 0 checked
2025-12-11 17:33:48,661 [INFO] phase2_scraper:     Section sd_id: 1 radios, 1 checked
2025-12-11 17:33:50,243 [INFO] phase2_scraper:     Section e_id: 2 radios, 1 checked
2025-12-11 17:33:51,809 [INFO] phase2_scraper:   Found 3 modifier groups, 10 modifiers for dish 174643
2025-12-11 17:33:52,410 [INFO] phase2_scraper: Processing dish: Fried Mozzarella Burger COMBO (ID: 174644, combo=False)
2025-12-11 17:33:53,384 [INFO] phase2_scraper:   #groups has sections: ['br_id', 'ci_id', 'dr_id', 'sa_id', 'sd_id', 'e_id', 'cm_id']
2025-12-11 17:33:53,384 [INFO] phase2_scraper:     Section br_id: 1 radios, 1 checked
2025-12-11 17:33:54,236 [INFO] phase2_scraper:     Section ci_id: 2 radios, 0 checked
2025-12-11 17:33:54,237 [INFO] phase2_scraper:     Section sa_id: 4 radios, 0 checked
2025-12-11 17:33:54,237 [INFO] phase2_scraper:     Section sd_id: 1 radios, 1 checked
2025-12-11 17:33:55,767 [INFO] phase2_scraper:     Section e_id: 2 radios, 1 checked
2025-12-11 17:33:57,307 [INFO] phase2_scraper:   Found 3 modifier groups, 10 modifiers for dish 174644
2025-12-11 17:33:57,902 [INFO] phase2_scraper: Processing dish: Heat Burger COMBO (ID: 174645, combo=False)
2025-12-11 17:33:58,900 [INFO] phase2_scraper:   #groups has sections: ['br_id', 'ci_id', 'dr_id', 'sa_id', 'sd_id', 'e_id', 'cm_id']
2025-12-11 17:33:58,900 [INFO] phase2_scraper:     Section br_id: 1 radios, 1 checked
2025-12-11 17:33:59,783 [INFO] phase2_scraper:     Section ci_id: 2 radios, 0 checked
2025-12-11 17:33:59,784 [INFO] phase2_scraper:     Section sa_id: 4 radios, 0 checked
2025-12-11 17:33:59,784 [INFO] phase2_scraper:     Section sd_id: 1 radios, 1 checked
2025-12-11 17:34:01,365 [INFO] phase2_scraper:     Section e_id: 2 radios, 1 checked
2025-12-11 17:34:02,905 [INFO] phase2_scraper:   Found 3 modifier groups, 10 modifiers for dish 174645
2025-12-11 17:34:03,512 [INFO] phase2_scraper: Processing dish: ALL OUT Burger COMBO (ID: 174646, combo=False)
2025-12-11 17:34:04,632 [INFO] phase2_scraper:   #groups has sections: ['br_id', 'ci_id', 'dr_id', 'sa_id', 'sd_id', 'e_id', 'cm_id']
2025-12-11 17:34:04,632 [INFO] phase2_scraper:     Section br_id: 1 radios, 1 checked
2025-12-11 17:34:05,477 [INFO] phase2_scraper:     Section ci_id: 2 radios, 0 checked
2025-12-11 17:34:05,478 [INFO] phase2_scraper:     Section sa_id: 4 radios, 0 checked
2025-12-11 17:34:05,478 [INFO] phase2_scraper:     Section sd_id: 1 radios, 1 checked
2025-12-11 17:34:07,047 [INFO] phase2_scraper:     Section e_id: 2 radios, 1 checked
2025-12-11 17:34:08,583 [INFO] phase2_scraper:   Found 3 modifier groups, 10 modifiers for dish 174646
2025-12-11 17:34:09,188 [INFO] phase2_scraper: Processing dish: Veggie Burger COMBO (ID: 174647, combo=False)
2025-12-11 17:34:10,185 [INFO] phase2_scraper:   #groups has sections: ['br_id', 'ci_id', 'dr_id', 'sa_id', 'sd_id', 'e_id', 'cm_id']
2025-12-11 17:34:10,186 [INFO] phase2_scraper:     Section br_id: 1 radios, 1 checked
2025-12-11 17:34:11,051 [INFO] phase2_scraper:     Section ci_id: 2 radios, 0 checked
2025-12-11 17:34:11,051 [INFO] phase2_scraper:     Section sa_id: 4 radios, 0 checked
2025-12-11 17:34:11,051 [INFO] phase2_scraper:     Section sd_id: 1 radios, 1 checked
2025-12-11 17:34:12,565 [INFO] phase2_scraper:     Section e_id: 2 radios, 1 checked
2025-12-11 17:34:14,133 [INFO] phase2_scraper:   Found 3 modifier groups, 10 modifiers for dish 174647
2025-12-11 17:34:14,735 [INFO] phase2_scraper: Processing dish: Grilled Chicken Burger COMBO (ID: 174648, combo=False)
2025-12-11 17:34:15,716 [INFO] phase2_scraper:   #groups has sections: ['br_id', 'ci_id', 'dr_id', 'sa_id', 'sd_id', 'e_id', 'cm_id']
2025-12-11 17:34:15,717 [INFO] phase2_scraper:     Section br_id: 1 radios, 1 checked
2025-12-11 17:34:16,604 [INFO] phase2_scraper:     Section ci_id: 2 radios, 0 checked
2025-12-11 17:34:16,605 [INFO] phase2_scraper:     Section sa_id: 4 radios, 0 checked
2025-12-11 17:34:16,606 [INFO] phase2_scraper:     Section sd_id: 1 radios, 1 checked
2025-12-11 17:34:18,145 [INFO] phase2_scraper:     Section e_id: 2 radios, 1 checked
2025-12-11 17:34:19,739 [INFO] phase2_scraper:   Found 3 modifier groups, 10 modifiers for dish 174648
2025-12-11 17:34:20,347 [INFO] phase2_scraper: Processing dish: Fry N Slaw Burger COMBO (ID: 174649, combo=False)
2025-12-11 17:34:21,344 [INFO] phase2_scraper:   #groups has sections: ['br_id', 'ci_id', 'dr_id', 'sa_id', 'sd_id', 'e_id', 'cm_id']
2025-12-11 17:34:21,345 [INFO] phase2_scraper:     Section br_id: 1 radios, 1 checked
2025-12-11 17:34:22,224 [INFO] phase2_scraper:     Section ci_id: 2 radios, 0 checked
2025-12-11 17:34:22,224 [INFO] phase2_scraper:     Section sa_id: 4 radios, 0 checked
2025-12-11 17:34:22,224 [INFO] phase2_scraper:     Section sd_id: 1 radios, 1 checked
2025-12-11 17:34:23,829 [INFO] phase2_scraper:     Section e_id: 2 radios, 1 checked
2025-12-11 17:34:25,440 [INFO] phase2_scraper:   Found 3 modifier groups, 10 modifiers for dish 174649
2025-12-11 17:34:26,043 [INFO] phase2_scraper: Processing dish: Halloumi Burger COMBO (ID: 174650, combo=False)
2025-12-11 17:34:27,046 [INFO] phase2_scraper:   #groups has sections: ['br_id', 'ci_id', 'dr_id', 'sa_id', 'sd_id', 'e_id', 'cm_id']
2025-12-11 17:34:27,046 [INFO] phase2_scraper:     Section br_id: 1 radios, 1 checked
2025-12-11 17:34:27,984 [INFO] phase2_scraper:     Section ci_id: 2 radios, 0 checked
2025-12-11 17:34:27,985 [INFO] phase2_scraper:     Section sa_id: 4 radios, 0 checked
2025-12-11 17:34:27,986 [INFO] phase2_scraper:     Section sd_id: 1 radios, 1 checked
2025-12-11 17:34:29,501 [INFO] phase2_scraper:     Section e_id: 2 radios, 1 checked
2025-12-11 17:34:31,100 [INFO] phase2_scraper:   Found 3 modifier groups, 10 modifiers for dish 174650
2025-12-11 17:34:31,698 [INFO] phase2_scraper: Processing dish: Texas Beast Burger COMBO (ID: 174651, combo=False)
2025-12-11 17:34:32,703 [INFO] phase2_scraper:   #groups has sections: ['br_id', 'ci_id', 'dr_id', 'sa_id', 'sd_id', 'e_id', 'cm_id']
2025-12-11 17:34:32,704 [INFO] phase2_scraper:     Section br_id: 1 radios, 1 checked
2025-12-11 17:34:33,592 [INFO] phase2_scraper:     Section ci_id: 2 radios, 0 checked
2025-12-11 17:34:33,593 [INFO] phase2_scraper:     Section sa_id: 4 radios, 0 checked
2025-12-11 17:34:33,593 [INFO] phase2_scraper:     Section sd_id: 1 radios, 1 checked
2025-12-11 17:34:35,160 [INFO] phase2_scraper:     Section e_id: 2 radios, 1 checked
2025-12-11 17:34:36,702 [INFO] phase2_scraper:   Found 3 modifier groups, 10 modifiers for dish 174651
2025-12-11 17:34:37,309 [INFO] phase2_scraper: Processing dish: Crispy Chicken Burger COMBO (ID: 174652, combo=False)
2025-12-11 17:34:38,276 [INFO] phase2_scraper:   #groups has sections: ['br_id', 'ci_id', 'dr_id', 'sa_id', 'sd_id', 'e_id', 'cm_id']
2025-12-11 17:34:38,277 [INFO] phase2_scraper:     Section br_id: 1 radios, 1 checked
2025-12-11 17:34:39,115 [INFO] phase2_scraper:     Section ci_id: 2 radios, 0 checked
2025-12-11 17:34:39,116 [INFO] phase2_scraper:     Section sa_id: 4 radios, 0 checked
2025-12-11 17:34:39,116 [INFO] phase2_scraper:     Section sd_id: 1 radios, 1 checked
2025-12-11 17:34:40,653 [INFO] phase2_scraper:     Section e_id: 2 radios, 1 checked
2025-12-11 17:34:42,217 [INFO] phase2_scraper:   Found 3 modifier groups, 10 modifiers for dish 174652
2025-12-11 17:34:42,823 [INFO] phase2_scraper: Processing dish: Spicy Chicken Burger COMBO (ID: 174653, combo=False)
2025-12-11 17:34:43,814 [INFO] phase2_scraper:   #groups has sections: ['br_id', 'ci_id', 'dr_id', 'sa_id', 'sd_id', 'e_id', 'cm_id']
2025-12-11 17:34:43,815 [INFO] phase2_scraper:     Section br_id: 1 radios, 1 checked
2025-12-11 17:34:44,654 [INFO] phase2_scraper:     Section ci_id: 2 radios, 0 checked
2025-12-11 17:34:44,654 [INFO] phase2_scraper:     Section sa_id: 4 radios, 0 checked
2025-12-11 17:34:44,655 [INFO] phase2_scraper:     Section sd_id: 1 radios, 1 checked
2025-12-11 17:34:46,281 [INFO] phase2_scraper:     Section e_id: 2 radios, 1 checked
2025-12-11 17:34:47,832 [INFO] phase2_scraper:   Found 3 modifier groups, 10 modifiers for dish 174653
2025-12-11 17:34:48,435 [INFO] phase2_scraper: Processing dish: Classic Crispy Chicken Burger COMBO (ID: 174654, combo=False)
2025-12-11 17:34:49,418 [INFO] phase2_scraper:   #groups has sections: ['br_id', 'ci_id', 'dr_id', 'sa_id', 'sd_id', 'e_id', 'cm_id']
2025-12-11 17:34:49,418 [INFO] phase2_scraper:     Section br_id: 1 radios, 1 checked
2025-12-11 17:34:50,294 [INFO] phase2_scraper:     Section ci_id: 2 radios, 0 checked
2025-12-11 17:34:50,295 [INFO] phase2_scraper:     Section sa_id: 4 radios, 0 checked
2025-12-11 17:34:50,295 [INFO] phase2_scraper:     Section sd_id: 1 radios, 1 checked
2025-12-11 17:34:51,837 [INFO] phase2_scraper:     Section e_id: 2 radios, 1 checked
2025-12-11 17:34:53,367 [INFO] phase2_scraper:   Found 3 modifier groups, 10 modifiers for dish 174654
2025-12-11 17:34:53,973 [INFO] phase2_scraper: Processing dish: Deluxe Crispy Chicken Burger COMBO (ID: 174655, combo=False)
2025-12-11 17:34:54,958 [INFO] phase2_scraper:   #groups has sections: ['br_id', 'ci_id', 'dr_id', 'sa_id', 'sd_id', 'e_id', 'cm_id']
2025-12-11 17:34:54,958 [INFO] phase2_scraper:     Section br_id: 1 radios, 1 checked
2025-12-11 17:34:55,808 [INFO] phase2_scraper:     Section ci_id: 2 radios, 0 checked
2025-12-11 17:34:55,808 [INFO] phase2_scraper:     Section sa_id: 4 radios, 0 checked
2025-12-11 17:34:55,809 [INFO] phase2_scraper:     Section sd_id: 1 radios, 1 checked
2025-12-11 17:34:57,379 [INFO] phase2_scraper:     Section e_id: 2 radios, 1 checked
2025-12-11 17:34:58,924 [INFO] phase2_scraper:   Found 3 modifier groups, 10 modifiers for dish 174655
2025-12-11 17:34:59,525 [INFO] phase2_scraper: Processing dish: Sweet Chili Crispy Burger COMBO (ID: 174656, combo=False)
2025-12-11 17:35:00,485 [INFO] phase2_scraper:   #groups has sections: ['br_id', 'ci_id', 'dr_id', 'sa_id', 'sd_id', 'e_id', 'cm_id']
2025-12-11 17:35:00,486 [INFO] phase2_scraper:     Section br_id: 1 radios, 1 checked
2025-12-11 17:35:01,339 [INFO] phase2_scraper:     Section ci_id: 2 radios, 0 checked
2025-12-11 17:35:01,340 [INFO] phase2_scraper:     Section sa_id: 4 radios, 0 checked
2025-12-11 17:35:01,340 [INFO] phase2_scraper:     Section sd_id: 1 radios, 1 checked
2025-12-11 17:35:02,889 [INFO] phase2_scraper:     Section e_id: 2 radios, 1 checked
2025-12-11 17:35:04,457 [INFO] phase2_scraper:   Found 3 modifier groups, 10 modifiers for dish 174656
2025-12-11 17:35:05,054 [INFO] phase2_scraper: Processing dish: Grilled Cheese Sandwich COMBO HIDE (ID: 174657, combo=False)
2025-12-11 17:35:06,048 [INFO] phase2_scraper:   #groups has sections: ['br_id', 'ci_id', 'dr_id', 'sa_id', 'sd_id', 'e_id', 'cm_id']
2025-12-11 17:35:06,049 [INFO] phase2_scraper:     Section br_id: 1 radios, 0 checked
2025-12-11 17:35:06,049 [INFO] phase2_scraper:     Section ci_id: 2 radios, 0 checked
2025-12-11 17:35:06,049 [INFO] phase2_scraper:     Section sa_id: 4 radios, 0 checked
2025-12-11 17:35:06,050 [INFO] phase2_scraper:     Section sd_id: 1 radios, 1 checked
2025-12-11 17:35:07,587 [INFO] phase2_scraper:     Section e_id: 2 radios, 0 checked
2025-12-11 17:35:07,587 [INFO] phase2_scraper:   Found 1 modifier groups, 4 modifiers for dish 174657
2025-12-11 17:35:08,182 [INFO] phase2_scraper: Processing dish: Mac & Cheese Burger COMBO HIDE (ID: 174658, combo=False)
2025-12-11 17:35:09,160 [INFO] phase2_scraper:   #groups has sections: ['br_id', 'ci_id', 'dr_id', 'sa_id', 'sd_id', 'e_id', 'cm_id']
2025-12-11 17:35:09,161 [INFO] phase2_scraper:     Section br_id: 1 radios, 0 checked
2025-12-11 17:35:09,161 [INFO] phase2_scraper:     Section ci_id: 2 radios, 0 checked
2025-12-11 17:35:09,161 [INFO] phase2_scraper:     Section sa_id: 4 radios, 0 checked
2025-12-11 17:35:09,161 [INFO] phase2_scraper:     Section sd_id: 1 radios, 1 checked
2025-12-11 17:35:10,715 [INFO] phase2_scraper:     Section e_id: 2 radios, 1 checked
2025-12-11 17:35:12,242 [INFO] phase2_scraper:   Found 2 modifier groups, 8 modifiers for dish 174658
2025-12-11 17:35:12,844 [INFO] phase2_scraper: Processing dish: Jumbo Hot Dog (ID: 174659, combo=False)
2025-12-11 17:35:13,820 [INFO] phase2_scraper:   #groups has sections: ['br_id', 'ci_id', 'dr_id', 'sa_id', 'sd_id', 'e_id', 'cm_id']
2025-12-11 17:35:13,821 [INFO] phase2_scraper:     Section br_id: 1 radios, 0 checked
2025-12-11 17:35:13,821 [INFO] phase2_scraper:     Section ci_id: 2 radios, 0 checked
2025-12-11 17:35:13,822 [INFO] phase2_scraper:     Section sa_id: 4 radios, 0 checked
2025-12-11 17:35:13,822 [INFO] phase2_scraper:     Section sd_id: 1 radios, 0 checked
2025-12-11 17:35:13,822 [INFO] phase2_scraper:     Section e_id: 2 radios, 0 checked
2025-12-11 17:35:14,425 [INFO] phase2_scraper: Processing dish: Cheese Dog (ID: 174660, combo=False)
2025-12-11 17:35:15,450 [INFO] phase2_scraper:   #groups has sections: ['br_id', 'ci_id', 'dr_id', 'sa_id', 'sd_id', 'e_id', 'cm_id']
2025-12-11 17:35:15,451 [INFO] phase2_scraper:     Section br_id: 1 radios, 0 checked
2025-12-11 17:35:15,451 [INFO] phase2_scraper:     Section ci_id: 2 radios, 0 checked
2025-12-11 17:35:15,451 [INFO] phase2_scraper:     Section sa_id: 4 radios, 0 checked
2025-12-11 17:35:15,452 [INFO] phase2_scraper:     Section sd_id: 1 radios, 0 checked
2025-12-11 17:35:15,452 [INFO] phase2_scraper:     Section e_id: 2 radios, 0 checked
2025-12-11 17:35:16,051 [INFO] phase2_scraper: Processing dish: New York Style Hot Dog (ID: 174661, combo=False)
2025-12-11 17:35:17,047 [INFO] phase2_scraper:   #groups has sections: ['br_id', 'ci_id', 'dr_id', 'sa_id', 'sd_id', 'e_id', 'cm_id']
2025-12-11 17:35:17,047 [INFO] phase2_scraper:     Section br_id: 1 radios, 0 checked
2025-12-11 17:35:17,048 [INFO] phase2_scraper:     Section ci_id: 2 radios, 0 checked
2025-12-11 17:35:17,048 [INFO] phase2_scraper:     Section sa_id: 4 radios, 0 checked
2025-12-11 17:35:17,049 [INFO] phase2_scraper:     Section sd_id: 1 radios, 0 checked
2025-12-11 17:35:17,049 [INFO] phase2_scraper:     Section e_id: 2 radios, 0 checked
2025-12-11 17:35:17,644 [INFO] phase2_scraper: Processing dish: House Salad (ID: 174662, combo=False)
2025-12-11 17:35:18,648 [INFO] phase2_scraper:   #groups has sections: ['br_id', 'ci_id', 'dr_id', 'sa_id', 'sd_id', 'e_id', 'cm_id']
2025-12-11 17:35:18,649 [INFO] phase2_scraper:     Section br_id: 1 radios, 0 checked
2025-12-11 17:35:18,649 [INFO] phase2_scraper:     Section ci_id: 2 radios, 0 checked
2025-12-11 17:35:18,650 [INFO] phase2_scraper:     Section sa_id: 4 radios, 0 checked
2025-12-11 17:35:18,650 [INFO] phase2_scraper:     Section sd_id: 1 radios, 0 checked
2025-12-11 17:35:18,650 [INFO] phase2_scraper:     Section e_id: 2 radios, 0 checked
2025-12-11 17:35:19,262 [INFO] phase2_scraper: Processing dish: Caesar Salad (ID: 174663, combo=False)
2025-12-11 17:35:20,239 [INFO] phase2_scraper:   #groups has sections: ['br_id', 'ci_id', 'dr_id', 'sa_id', 'sd_id', 'e_id', 'cm_id']
2025-12-11 17:35:20,240 [INFO] phase2_scraper:     Section br_id: 1 radios, 0 checked
2025-12-11 17:35:20,240 [INFO] phase2_scraper:     Section ci_id: 2 radios, 0 checked
2025-12-11 17:35:20,240 [INFO] phase2_scraper:     Section sa_id: 4 radios, 0 checked
2025-12-11 17:35:20,241 [INFO] phase2_scraper:     Section sd_id: 1 radios, 0 checked
2025-12-11 17:35:20,241 [INFO] phase2_scraper:     Section e_id: 2 radios, 1 checked
2025-12-11 17:35:20,744 [INFO] phase2_scraper:   Found 1 modifier groups, 1 modifiers for dish 174663
2025-12-11 17:35:21,349 [INFO] phase2_scraper: Processing dish: Chicken Strips (4 pcs) (ID: 174664, combo=False)
2025-12-11 17:35:22,316 [INFO] phase2_scraper:   #groups has sections: ['br_id', 'ci_id', 'dr_id', 'sa_id', 'sd_id', 'e_id', 'cm_id']
2025-12-11 17:35:22,316 [INFO] phase2_scraper:     Section br_id: 1 radios, 0 checked
2025-12-11 17:35:22,317 [INFO] phase2_scraper:     Section ci_id: 2 radios, 0 checked
2025-12-11 17:35:22,317 [INFO] phase2_scraper:     Section sa_id: 4 radios, 0 checked
2025-12-11 17:35:22,317 [INFO] phase2_scraper:     Section sd_id: 1 radios, 0 checked
2025-12-11 17:35:22,317 [INFO] phase2_scraper:     Section e_id: 2 radios, 0 checked
2025-12-11 17:35:22,912 [INFO] phase2_scraper: Processing dish: Chicken Strips COMBO (4 pcs) (ID: 174665, combo=False)
2025-12-11 17:35:23,907 [INFO] phase2_scraper:   #groups has sections: ['br_id', 'ci_id', 'dr_id', 'sa_id', 'sd_id', 'e_id', 'cm_id']
2025-12-11 17:35:23,907 [INFO] phase2_scraper:     Section br_id: 1 radios, 0 checked
2025-12-11 17:35:23,908 [INFO] phase2_scraper:     Section ci_id: 2 radios, 0 checked
2025-12-11 17:35:23,908 [INFO] phase2_scraper:     Section sa_id: 4 radios, 0 checked
2025-12-11 17:35:23,908 [INFO] phase2_scraper:     Section sd_id: 1 radios, 1 checked
2025-12-11 17:35:25,449 [INFO] phase2_scraper:     Section e_id: 2 radios, 0 checked
2025-12-11 17:35:25,450 [INFO] phase2_scraper:   Found 1 modifier groups, 4 modifiers for dish 174665
2025-12-11 17:35:26,059 [INFO] phase2_scraper: Processing dish: Spicy Chicken Strips (4 pcs) (ID: 174666, combo=False)
2025-12-11 17:35:27,093 [INFO] phase2_scraper:   #groups has sections: ['br_id', 'ci_id', 'dr_id', 'sa_id', 'sd_id', 'e_id', 'cm_id']
2025-12-11 17:35:27,094 [INFO] phase2_scraper:     Section br_id: 1 radios, 0 checked
2025-12-11 17:35:27,094 [INFO] phase2_scraper:     Section ci_id: 2 radios, 0 checked
2025-12-11 17:35:27,095 [INFO] phase2_scraper:     Section sa_id: 4 radios, 0 checked
2025-12-11 17:35:27,095 [INFO] phase2_scraper:     Section sd_id: 1 radios, 0 checked
2025-12-11 17:35:27,096 [INFO] phase2_scraper:     Section e_id: 2 radios, 0 checked
2025-12-11 17:35:27,699 [INFO] phase2_scraper: Processing dish: Spicy Chicken Strips COMBO (4 pcs) (ID: 174667, combo=False)
2025-12-11 17:35:28,674 [INFO] phase2_scraper:   #groups has sections: ['br_id', 'ci_id', 'dr_id', 'sa_id', 'sd_id', 'e_id', 'cm_id']
2025-12-11 17:35:28,675 [INFO] phase2_scraper:     Section br_id: 1 radios, 0 checked
2025-12-11 17:35:28,675 [INFO] phase2_scraper:     Section ci_id: 2 radios, 0 checked
2025-12-11 17:35:28,676 [INFO] phase2_scraper:     Section sa_id: 4 radios, 0 checked
2025-12-11 17:35:28,676 [INFO] phase2_scraper:     Section sd_id: 1 radios, 1 checked
2025-12-11 17:35:30,190 [INFO] phase2_scraper:     Section e_id: 2 radios, 0 checked
2025-12-11 17:35:30,190 [INFO] phase2_scraper:   Found 1 modifier groups, 4 modifiers for dish 174667
2025-12-11 17:35:30,787 [INFO] phase2_scraper: Processing dish: Chicken Wings (1lb) (ID: 174668, combo=False)
2025-12-11 17:35:31,780 [INFO] phase2_scraper:   #groups has sections: ['br_id', 'ci_id', 'dr_id', 'sa_id', 'sd_id', 'e_id', 'cm_id']
2025-12-11 17:35:31,781 [INFO] phase2_scraper:     Section br_id: 1 radios, 0 checked
2025-12-11 17:35:31,781 [INFO] phase2_scraper:     Section ci_id: 2 radios, 0 checked
2025-12-11 17:35:31,782 [INFO] phase2_scraper:     Section sa_id: 4 radios, 1 checked
2025-12-11 17:35:33,670 [INFO] phase2_scraper:     Section sd_id: 1 radios, 0 checked
2025-12-11 17:35:33,671 [INFO] phase2_scraper:     Section e_id: 2 radios, 0 checked
2025-12-11 17:35:33,671 [INFO] phase2_scraper:   Found 1 modifier groups, 5 modifiers for dish 174668
2025-12-11 17:35:34,277 [INFO] phase2_scraper: Processing dish: Chicken Wings COMBO (1lb) (ID: 174669, combo=False)
2025-12-11 17:35:35,252 [INFO] phase2_scraper:   #groups has sections: ['br_id', 'ci_id', 'dr_id', 'sa_id', 'sd_id', 'e_id', 'cm_id']
2025-12-11 17:35:35,252 [INFO] phase2_scraper:     Section br_id: 1 radios, 0 checked
2025-12-11 17:35:35,252 [INFO] phase2_scraper:     Section ci_id: 2 radios, 0 checked
2025-12-11 17:35:35,253 [INFO] phase2_scraper:     Section sa_id: 4 radios, 1 checked
2025-12-11 17:35:37,119 [INFO] phase2_scraper:     Section sd_id: 1 radios, 1 checked
2025-12-11 17:35:38,661 [INFO] phase2_scraper:     Section e_id: 2 radios, 0 checked
2025-12-11 17:35:38,662 [INFO] phase2_scraper:   Found 2 modifier groups, 9 modifiers for dish 174669
2025-12-11 17:35:39,262 [INFO] phase2_scraper: Processing dish: Boneless Wings (1lb) (ID: 174670, combo=False)
2025-12-11 17:35:40,246 [INFO] phase2_scraper:   #groups has sections: ['br_id', 'ci_id', 'dr_id', 'sa_id', 'sd_id', 'e_id', 'cm_id']
2025-12-11 17:35:40,247 [INFO] phase2_scraper:     Section br_id: 1 radios, 0 checked
2025-12-11 17:35:40,247 [INFO] phase2_scraper:     Section ci_id: 2 radios, 0 checked
2025-12-11 17:35:40,248 [INFO] phase2_scraper:     Section sa_id: 4 radios, 1 checked
2025-12-11 17:35:42,115 [INFO] phase2_scraper:     Section sd_id: 1 radios, 0 checked
2025-12-11 17:35:42,115 [INFO] phase2_scraper:     Section e_id: 2 radios, 0 checked
2025-12-11 17:35:42,116 [INFO] phase2_scraper:   Found 1 modifier groups, 5 modifiers for dish 174670
2025-12-11 17:35:42,717 [INFO] phase2_scraper: Processing dish: Boneless Wings COMBO (1lb) (ID: 174671, combo=False)
2025-12-11 17:35:43,714 [INFO] phase2_scraper:   #groups has sections: ['br_id', 'ci_id', 'dr_id', 'sa_id', 'sd_id', 'e_id', 'cm_id']
2025-12-11 17:35:43,715 [INFO] phase2_scraper:     Section br_id: 1 radios, 0 checked
2025-12-11 17:35:43,715 [INFO] phase2_scraper:     Section ci_id: 2 radios, 0 checked
2025-12-11 17:35:43,716 [INFO] phase2_scraper:     Section sa_id: 4 radios, 1 checked
2025-12-11 17:35:45,735 [INFO] phase2_scraper:     Section sd_id: 1 radios, 1 checked
2025-12-11 17:35:47,294 [INFO] phase2_scraper:     Section e_id: 2 radios, 0 checked
2025-12-11 17:35:47,295 [INFO] phase2_scraper:   Found 2 modifier groups, 9 modifiers for dish 174671
2025-12-11 17:35:47,894 [INFO] phase2_scraper: Processing dish: ALL OUT Poutine (ID: 174672, combo=False)
2025-12-11 17:35:49,031 [INFO] phase2_scraper:   #groups has sections: ['br_id', 'ci_id', 'dr_id', 'sa_id', 'sd_id', 'e_id', 'cm_id']
2025-12-11 17:35:49,031 [INFO] phase2_scraper:     Section br_id: 1 radios, 0 checked
2025-12-11 17:35:49,032 [INFO] phase2_scraper:     Section ci_id: 2 radios, 0 checked
2025-12-11 17:35:49,032 [INFO] phase2_scraper:     Section sa_id: 4 radios, 0 checked
2025-12-11 17:35:49,032 [INFO] phase2_scraper:     Section sd_id: 1 radios, 0 checked
2025-12-11 17:35:49,033 [INFO] phase2_scraper:     Section e_id: 2 radios, 0 checked
2025-12-11 17:35:49,638 [INFO] phase2_scraper: Processing dish: Crispy Chicken Poutine (ID: 174673, combo=False)
2025-12-11 17:35:50,785 [INFO] phase2_scraper:   #groups has sections: ['br_id', 'ci_id', 'dr_id', 'sa_id', 'sd_id', 'e_id', 'cm_id']
2025-12-11 17:35:50,785 [INFO] phase2_scraper:     Section br_id: 1 radios, 0 checked
2025-12-11 17:35:50,786 [INFO] phase2_scraper:     Section ci_id: 2 radios, 0 checked
2025-12-11 17:35:50,786 [INFO] phase2_scraper:     Section sa_id: 4 radios, 0 checked
2025-12-11 17:35:50,787 [INFO] phase2_scraper:     Section sd_id: 1 radios, 0 checked
2025-12-11 17:35:50,787 [INFO] phase2_scraper:     Section e_id: 2 radios, 0 checked
2025-12-11 17:35:51,397 [INFO] phase2_scraper: Processing dish: Classic Poutine (ID: 174674, combo=False)
2025-12-11 17:35:52,552 [INFO] phase2_scraper:   #groups has sections: ['br_id', 'ci_id', 'dr_id', 'sa_id', 'sd_id', 'e_id', 'cm_id']
2025-12-11 17:35:52,553 [INFO] phase2_scraper:     Section br_id: 1 radios, 0 checked
2025-12-11 17:35:52,553 [INFO] phase2_scraper:     Section ci_id: 2 radios, 0 checked
2025-12-11 17:35:52,553 [INFO] phase2_scraper:     Section sa_id: 4 radios, 0 checked
2025-12-11 17:35:52,554 [INFO] phase2_scraper:     Section sd_id: 1 radios, 0 checked
2025-12-11 17:35:52,554 [INFO] phase2_scraper:     Section e_id: 2 radios, 0 checked
2025-12-11 17:35:53,158 [INFO] phase2_scraper: Processing dish: Popcurd Poutine (ID: 174675, combo=False)
2025-12-11 17:35:54,297 [INFO] phase2_scraper:   #groups has sections: ['br_id', 'ci_id', 'dr_id', 'sa_id', 'sd_id', 'e_id', 'cm_id']
2025-12-11 17:35:54,298 [INFO] phase2_scraper:     Section br_id: 1 radios, 0 checked
2025-12-11 17:35:54,299 [INFO] phase2_scraper:     Section ci_id: 2 radios, 0 checked
2025-12-11 17:35:54,299 [INFO] phase2_scraper:     Section sa_id: 4 radios, 0 checked
2025-12-11 17:35:54,299 [INFO] phase2_scraper:     Section sd_id: 1 radios, 0 checked
2025-12-11 17:35:54,300 [INFO] phase2_scraper:     Section e_id: 2 radios, 0 checked
2025-12-11 17:35:54,900 [INFO] phase2_scraper: Processing dish: Meat Lovers Poutine (ID: 174676, combo=False)
2025-12-11 17:35:56,050 [INFO] phase2_scraper:   #groups has sections: ['br_id', 'ci_id', 'dr_id', 'sa_id', 'sd_id', 'e_id', 'cm_id']
2025-12-11 17:35:56,051 [INFO] phase2_scraper:     Section br_id: 1 radios, 0 checked
2025-12-11 17:35:56,051 [INFO] phase2_scraper:     Section ci_id: 2 radios, 0 checked
2025-12-11 17:35:56,052 [INFO] phase2_scraper:     Section sa_id: 4 radios, 0 checked
2025-12-11 17:35:56,052 [INFO] phase2_scraper:     Section sd_id: 1 radios, 0 checked
2025-12-11 17:35:56,052 [INFO] phase2_scraper:     Section e_id: 2 radios, 0 checked
2025-12-11 17:35:56,663 [INFO] phase2_scraper: Processing dish: Cheese Fries (ID: 174677, combo=False)
2025-12-11 17:35:57,819 [INFO] phase2_scraper:   #groups has sections: ['br_id', 'ci_id', 'dr_id', 'sa_id', 'sd_id', 'e_id', 'cm_id']
2025-12-11 17:35:57,819 [INFO] phase2_scraper:     Section br_id: 1 radios, 0 checked
2025-12-11 17:35:57,819 [INFO] phase2_scraper:     Section ci_id: 2 radios, 0 checked
2025-12-11 17:35:57,820 [INFO] phase2_scraper:     Section sa_id: 4 radios, 0 checked
2025-12-11 17:35:57,820 [INFO] phase2_scraper:     Section sd_id: 1 radios, 0 checked
2025-12-11 17:35:57,820 [INFO] phase2_scraper:     Section e_id: 2 radios, 0 checked
2025-12-11 17:35:58,421 [INFO] phase2_scraper: Processing dish: Mini Burger Meal (ID: 174678, combo=False)
2025-12-11 17:35:59,393 [INFO] phase2_scraper:   #groups has sections: ['br_id', 'ci_id', 'dr_id', 'sa_id', 'sd_id', 'e_id', 'cm_id']
2025-12-11 17:35:59,393 [INFO] phase2_scraper:     Section br_id: 1 radios, 0 checked
2025-12-11 17:35:59,394 [INFO] phase2_scraper:     Section ci_id: 2 radios, 0 checked
2025-12-11 17:35:59,395 [INFO] phase2_scraper:     Section sa_id: 4 radios, 0 checked
2025-12-11 17:35:59,395 [INFO] phase2_scraper:     Section sd_id: 1 radios, 0 checked
2025-12-11 17:35:59,395 [INFO] phase2_scraper:     Section e_id: 2 radios, 0 checked
2025-12-11 17:35:59,995 [INFO] phase2_scraper: Processing dish: Chicken Strips (2 pcs) (ID: 174679, combo=False)
2025-12-11 17:36:00,986 [INFO] phase2_scraper:   #groups has sections: ['br_id', 'ci_id', 'dr_id', 'sa_id', 'sd_id', 'e_id', 'cm_id']
2025-12-11 17:36:00,987 [INFO] phase2_scraper:     Section br_id: 1 radios, 0 checked
2025-12-11 17:36:00,987 [INFO] phase2_scraper:     Section ci_id: 2 radios, 0 checked
2025-12-11 17:36:00,988 [INFO] phase2_scraper:     Section sa_id: 4 radios, 0 checked
2025-12-11 17:36:00,988 [INFO] phase2_scraper:     Section sd_id: 1 radios, 0 checked
2025-12-11 17:36:00,988 [INFO] phase2_scraper:     Section e_id: 2 radios, 0 checked
2025-12-11 17:36:01,587 [INFO] phase2_scraper: Processing dish: 6 Hot Fresh Mini Donuts (ID: 174680, combo=False)
2025-12-11 17:36:02,900 [INFO] phase2_scraper:   #groups has sections: ['br_id', 'ci_id', 'dr_id', 'sa_id', 'sd_id', 'e_id', 'cm_id']
2025-12-11 17:36:02,900 [INFO] phase2_scraper:     Section br_id: 1 radios, 0 checked
2025-12-11 17:36:02,901 [INFO] phase2_scraper:     Section ci_id: 2 radios, 0 checked
2025-12-11 17:36:02,901 [INFO] phase2_scraper:     Section sa_id: 4 radios, 0 checked
2025-12-11 17:36:02,902 [INFO] phase2_scraper:     Section sd_id: 1 radios, 0 checked
2025-12-11 17:36:02,902 [INFO] phase2_scraper:     Section e_id: 2 radios, 0 checked
2025-12-11 17:36:03,505 [INFO] phase2_scraper: Processing dish: 12 Hot Fresh Mini Donuts (ID: 174681, combo=False)
2025-12-11 17:36:04,827 [INFO] phase2_scraper:   #groups has sections: ['br_id', 'ci_id', 'dr_id', 'sa_id', 'sd_id', 'e_id', 'cm_id']
2025-12-11 17:36:04,827 [INFO] phase2_scraper:     Section br_id: 1 radios, 0 checked
2025-12-11 17:36:04,828 [INFO] phase2_scraper:     Section ci_id: 2 radios, 0 checked
2025-12-11 17:36:04,828 [INFO] phase2_scraper:     Section sa_id: 4 radios, 0 checked
2025-12-11 17:36:04,828 [INFO] phase2_scraper:     Section sd_id: 1 radios, 0 checked
2025-12-11 17:36:04,829 [INFO] phase2_scraper:     Section e_id: 2 radios, 0 checked
2025-12-11 17:36:05,435 [INFO] phase2_scraper: Processing dish: 24 Hot Fresh Mini Donuts (ID: 174682, combo=False)
2025-12-11 17:36:06,779 [INFO] phase2_scraper:   #groups has sections: ['br_id', 'ci_id', 'dr_id', 'sa_id', 'sd_id', 'e_id', 'cm_id']
2025-12-11 17:36:06,779 [INFO] phase2_scraper:     Section br_id: 1 radios, 0 checked
2025-12-11 17:36:06,780 [INFO] phase2_scraper:     Section ci_id: 2 radios, 0 checked
2025-12-11 17:36:06,780 [INFO] phase2_scraper:     Section sa_id: 4 radios, 0 checked
2025-12-11 17:36:06,780 [INFO] phase2_scraper:     Section sd_id: 1 radios, 0 checked
2025-12-11 17:36:06,780 [INFO] phase2_scraper:     Section e_id: 2 radios, 0 checked
2025-12-11 17:36:07,384 [INFO] phase2_scraper: Processing dish: Angry Churros (ID: 174683, combo=False)
2025-12-11 17:36:08,691 [INFO] phase2_scraper:   #groups has sections: ['br_id', 'ci_id', 'dr_id', 'sa_id', 'sd_id', 'e_id', 'cm_id']
2025-12-11 17:36:08,692 [INFO] phase2_scraper:     Section br_id: 1 radios, 0 checked
2025-12-11 17:36:08,692 [INFO] phase2_scraper:     Section ci_id: 2 radios, 0 checked
2025-12-11 17:36:08,692 [INFO] phase2_scraper:     Section sa_id: 4 radios, 0 checked
2025-12-11 17:36:08,692 [INFO] phase2_scraper:     Section sd_id: 1 radios, 0 checked
2025-12-11 17:36:08,693 [INFO] phase2_scraper:     Section e_id: 2 radios, 0 checked
2025-12-11 17:36:09,294 [INFO] phase2_scraper: Processing dish: Ruby Tuesday (ID: 174684, combo=False)
2025-12-11 17:36:10,270 [INFO] phase2_scraper:   #groups has sections: ['br_id', 'ci_id', 'dr_id', 'sa_id', 'sd_id', 'e_id', 'cm_id']
2025-12-11 17:36:10,271 [INFO] phase2_scraper:     Section br_id: 1 radios, 0 checked
2025-12-11 17:36:10,271 [INFO] phase2_scraper:     Section ci_id: 2 radios, 0 checked
2025-12-11 17:36:10,272 [INFO] phase2_scraper:     Section sa_id: 4 radios, 0 checked
2025-12-11 17:36:10,272 [INFO] phase2_scraper:     Section sd_id: 1 radios, 0 checked
2025-12-11 17:36:10,272 [INFO] phase2_scraper:     Section e_id: 2 radios, 0 checked
2025-12-11 17:36:10,877 [INFO] phase2_scraper: Processing dish: Nutella Cheesecake (ID: 174685, combo=False)
2025-12-11 17:36:11,851 [INFO] phase2_scraper:   #groups has sections: ['br_id', 'ci_id', 'dr_id', 'sa_id', 'sd_id', 'e_id', 'cm_id']
2025-12-11 17:36:11,852 [INFO] phase2_scraper:     Section br_id: 1 radios, 0 checked
2025-12-11 17:36:11,852 [INFO] phase2_scraper:     Section ci_id: 2 radios, 0 checked
2025-12-11 17:36:11,853 [INFO] phase2_scraper:     Section sa_id: 4 radios, 0 checked
2025-12-11 17:36:11,853 [INFO] phase2_scraper:     Section sd_id: 1 radios, 0 checked
2025-12-11 17:36:11,854 [INFO] phase2_scraper:     Section e_id: 2 radios, 0 checked
2025-12-11 17:36:12,458 [INFO] phase2_scraper: Processing dish: Rustic Pecan (ID: 174686, combo=False)
2025-12-11 17:36:13,431 [INFO] phase2_scraper:   #groups has sections: ['br_id', 'ci_id', 'dr_id', 'sa_id', 'sd_id', 'e_id', 'cm_id']
2025-12-11 17:36:13,432 [INFO] phase2_scraper:     Section br_id: 1 radios, 0 checked
2025-12-11 17:36:13,432 [INFO] phase2_scraper:     Section ci_id: 2 radios, 0 checked
2025-12-11 17:36:13,433 [INFO] phase2_scraper:     Section sa_id: 4 radios, 0 checked
2025-12-11 17:36:13,433 [INFO] phase2_scraper:     Section sd_id: 1 radios, 0 checked
2025-12-11 17:36:13,433 [INFO] phase2_scraper:     Section e_id: 2 radios, 0 checked
2025-12-11 17:36:14,033 [INFO] phase2_scraper: Processing dish: Dutch Apple Pie (ID: 174687, combo=False)
2025-12-11 17:36:15,023 [INFO] phase2_scraper:   #groups has sections: ['br_id', 'ci_id', 'dr_id', 'sa_id', 'sd_id', 'e_id', 'cm_id']
2025-12-11 17:36:15,023 [INFO] phase2_scraper:     Section br_id: 1 radios, 0 checked
2025-12-11 17:36:15,024 [INFO] phase2_scraper:     Section ci_id: 2 radios, 0 checked
2025-12-11 17:36:15,024 [INFO] phase2_scraper:     Section sa_id: 4 radios, 0 checked
2025-12-11 17:36:15,024 [INFO] phase2_scraper:     Section sd_id: 1 radios, 0 checked
2025-12-11 17:36:15,025 [INFO] phase2_scraper:     Section e_id: 2 radios, 0 checked
2025-12-11 17:36:15,631 [INFO] phase2_scraper: Processing dish: Keylime Pie (ID: 174688, combo=False)
2025-12-11 17:36:16,600 [INFO] phase2_scraper:   #groups has sections: ['br_id', 'ci_id', 'dr_id', 'sa_id', 'sd_id', 'e_id', 'cm_id']
2025-12-11 17:36:16,601 [INFO] phase2_scraper:     Section br_id: 1 radios, 0 checked
2025-12-11 17:36:16,601 [INFO] phase2_scraper:     Section ci_id: 2 radios, 0 checked
2025-12-11 17:36:16,602 [INFO] phase2_scraper:     Section sa_id: 4 radios, 0 checked
2025-12-11 17:36:16,602 [INFO] phase2_scraper:     Section sd_id: 1 radios, 0 checked
2025-12-11 17:36:16,602 [INFO] phase2_scraper:     Section e_id: 2 radios, 0 checked
2025-12-11 17:36:17,204 [INFO] phase2_scraper: Processing dish: Raspberry Cheesecake (ID: 174689, combo=False)
2025-12-11 17:36:18,189 [INFO] phase2_scraper:   #groups has sections: ['br_id', 'ci_id', 'dr_id', 'sa_id', 'sd_id', 'e_id', 'cm_id']
2025-12-11 17:36:18,190 [INFO] phase2_scraper:     Section br_id: 1 radios, 0 checked
2025-12-11 17:36:18,191 [INFO] phase2_scraper:     Section ci_id: 2 radios, 0 checked
2025-12-11 17:36:18,191 [INFO] phase2_scraper:     Section sa_id: 4 radios, 0 checked
2025-12-11 17:36:18,192 [INFO] phase2_scraper:     Section sd_id: 1 radios, 0 checked
2025-12-11 17:36:18,192 [INFO] phase2_scraper:     Section e_id: 2 radios, 0 checked
2025-12-11 17:36:18,800 [INFO] phase2_scraper: Processing dish: Oreo Cake (ID: 174690, combo=False)
2025-12-11 17:36:19,773 [INFO] phase2_scraper:   #groups has sections: ['br_id', 'ci_id', 'dr_id', 'sa_id', 'sd_id', 'e_id', 'cm_id']
2025-12-11 17:36:19,773 [INFO] phase2_scraper:     Section br_id: 1 radios, 0 checked
2025-12-11 17:36:19,774 [INFO] phase2_scraper:     Section ci_id: 2 radios, 0 checked
2025-12-11 17:36:19,774 [INFO] phase2_scraper:     Section sa_id: 4 radios, 0 checked
2025-12-11 17:36:19,775 [INFO] phase2_scraper:     Section sd_id: 1 radios, 0 checked
2025-12-11 17:36:19,775 [INFO] phase2_scraper:     Section e_id: 2 radios, 0 checked
2025-12-11 17:36:20,376 [INFO] phase2_scraper: Processing dish: Carrot Cake (ID: 174691, combo=False)
2025-12-11 17:36:21,377 [INFO] phase2_scraper:   #groups has sections: ['br_id', 'ci_id', 'dr_id', 'sa_id', 'sd_id', 'e_id', 'cm_id']
2025-12-11 17:36:21,377 [INFO] phase2_scraper:     Section br_id: 1 radios, 0 checked
2025-12-11 17:36:21,378 [INFO] phase2_scraper:     Section ci_id: 2 radios, 0 checked
2025-12-11 17:36:21,379 [INFO] phase2_scraper:     Section sa_id: 4 radios, 0 checked
2025-12-11 17:36:21,379 [INFO] phase2_scraper:     Section sd_id: 1 radios, 0 checked
2025-12-11 17:36:21,379 [INFO] phase2_scraper:     Section e_id: 2 radios, 0 checked
2025-12-11 17:36:21,981 [INFO] phase2_scraper: Processing dish: Chocolate Bomb (ID: 174692, combo=False)
2025-12-11 17:36:22,969 [INFO] phase2_scraper:   #groups has sections: ['br_id', 'ci_id', 'dr_id', 'sa_id', 'sd_id', 'e_id', 'cm_id']
2025-12-11 17:36:22,970 [INFO] phase2_scraper:     Section br_id: 1 radios, 0 checked
2025-12-11 17:36:22,970 [INFO] phase2_scraper:     Section ci_id: 2 radios, 0 checked
2025-12-11 17:36:22,970 [INFO] phase2_scraper:     Section sa_id: 4 radios, 0 checked
2025-12-11 17:36:22,971 [INFO] phase2_scraper:     Section sd_id: 1 radios, 0 checked
2025-12-11 17:36:22,971 [INFO] phase2_scraper:     Section e_id: 2 radios, 0 checked
2025-12-11 17:36:23,574 [INFO] phase2_scraper: Processing dish: Red Velvet Cake (ID: 174693, combo=False)
2025-12-11 17:36:24,553 [INFO] phase2_scraper:   #groups has sections: ['br_id', 'ci_id', 'dr_id', 'sa_id', 'sd_id', 'e_id', 'cm_id']
2025-12-11 17:36:24,554 [INFO] phase2_scraper:     Section br_id: 1 radios, 0 checked
2025-12-11 17:36:24,554 [INFO] phase2_scraper:     Section ci_id: 2 radios, 0 checked
2025-12-11 17:36:24,555 [INFO] phase2_scraper:     Section sa_id: 4 radios, 0 checked
2025-12-11 17:36:24,555 [INFO] phase2_scraper:     Section sd_id: 1 radios, 0 checked
2025-12-11 17:36:24,555 [INFO] phase2_scraper:     Section e_id: 2 radios, 0 checked
2025-12-11 17:36:25,154 [INFO] phase2_scraper: Processing dish: Basil Seed Drinks (290ml) HIDE (ID: 174694, combo=False)
2025-12-11 17:36:26,670 [INFO] phase2_scraper:   #groups has sections: ['br_id', 'ci_id', 'dr_id', 'sa_id', 'sd_id', 'e_id', 'cm_id']
2025-12-11 17:36:26,670 [INFO] phase2_scraper:     Section br_id: 1 radios, 0 checked
2025-12-11 17:36:26,670 [INFO] phase2_scraper:     Section ci_id: 2 radios, 0 checked
2025-12-11 17:36:26,671 [INFO] phase2_scraper:     Section sa_id: 4 radios, 0 checked
2025-12-11 17:36:26,671 [INFO] phase2_scraper:     Section sd_id: 1 radios, 0 checked
2025-12-11 17:36:26,671 [INFO] phase2_scraper:     Section e_id: 2 radios, 0 checked
2025-12-11 17:36:27,272 [INFO] phase2_scraper: Processing dish: Pepsi (ID: 174695, combo=False)
2025-12-11 17:36:28,268 [INFO] phase2_scraper:   #groups has sections: ['br_id', 'ci_id', 'dr_id', 'sa_id', 'sd_id', 'e_id', 'cm_id']
2025-12-11 17:36:28,268 [INFO] phase2_scraper:     Section br_id: 1 radios, 0 checked
2025-12-11 17:36:28,269 [INFO] phase2_scraper:     Section ci_id: 2 radios, 0 checked
2025-12-11 17:36:28,269 [INFO] phase2_scraper:     Section sa_id: 4 radios, 0 checked
2025-12-11 17:36:28,269 [INFO] phase2_scraper:     Section sd_id: 1 radios, 0 checked
2025-12-11 17:36:28,270 [INFO] phase2_scraper:     Section e_id: 2 radios, 0 checked
2025-12-11 17:36:28,866 [INFO] phase2_scraper: Processing dish: Diet Pepsi (ID: 174696, combo=False)
2025-12-11 17:36:29,853 [INFO] phase2_scraper:   #groups has sections: ['br_id', 'ci_id', 'dr_id', 'sa_id', 'sd_id', 'e_id', 'cm_id']
2025-12-11 17:36:29,854 [INFO] phase2_scraper:     Section br_id: 1 radios, 0 checked
2025-12-11 17:36:29,854 [INFO] phase2_scraper:     Section ci_id: 2 radios, 0 checked
2025-12-11 17:36:29,855 [INFO] phase2_scraper:     Section sa_id: 4 radios, 0 checked
2025-12-11 17:36:29,855 [INFO] phase2_scraper:     Section sd_id: 1 radios, 0 checked
2025-12-11 17:36:29,855 [INFO] phase2_scraper:     Section e_id: 2 radios, 0 checked
2025-12-11 17:36:30,465 [INFO] phase2_scraper: Processing dish: Ice Tea (ID: 174697, combo=False)
2025-12-11 17:36:31,425 [INFO] phase2_scraper:   #groups has sections: ['br_id', 'ci_id', 'dr_id', 'sa_id', 'sd_id', 'e_id', 'cm_id']
2025-12-11 17:36:31,426 [INFO] phase2_scraper:     Section br_id: 1 radios, 0 checked
2025-12-11 17:36:31,426 [INFO] phase2_scraper:     Section ci_id: 2 radios, 0 checked
2025-12-11 17:36:31,427 [INFO] phase2_scraper:     Section sa_id: 4 radios, 0 checked
2025-12-11 17:36:31,427 [INFO] phase2_scraper:     Section sd_id: 1 radios, 0 checked
2025-12-11 17:36:31,427 [INFO] phase2_scraper:     Section e_id: 2 radios, 0 checked
2025-12-11 17:36:32,029 [INFO] phase2_scraper: Processing dish: 7Up (ID: 174698, combo=False)
2025-12-11 17:36:33,016 [INFO] phase2_scraper:   #groups has sections: ['br_id', 'ci_id', 'dr_id', 'sa_id', 'sd_id', 'e_id', 'cm_id']
2025-12-11 17:36:33,016 [INFO] phase2_scraper:     Section br_id: 1 radios, 0 checked
2025-12-11 17:36:33,017 [INFO] phase2_scraper:     Section ci_id: 2 radios, 0 checked
2025-12-11 17:36:33,017 [INFO] phase2_scraper:     Section sa_id: 4 radios, 0 checked
2025-12-11 17:36:33,018 [INFO] phase2_scraper:     Section sd_id: 1 radios, 0 checked
2025-12-11 17:36:33,018 [INFO] phase2_scraper:     Section e_id: 2 radios, 0 checked
2025-12-11 17:36:33,621 [INFO] phase2_scraper: Processing dish: Cream Soda (ID: 174699, combo=False)
2025-12-11 17:36:34,606 [INFO] phase2_scraper:   #groups has sections: ['br_id', 'ci_id', 'dr_id', 'sa_id', 'sd_id', 'e_id', 'cm_id']
2025-12-11 17:36:34,607 [INFO] phase2_scraper:     Section br_id: 1 radios, 0 checked
2025-12-11 17:36:34,607 [INFO] phase2_scraper:     Section ci_id: 2 radios, 0 checked
2025-12-11 17:36:34,608 [INFO] phase2_scraper:     Section sa_id: 4 radios, 0 checked
2025-12-11 17:36:34,608 [INFO] phase2_scraper:     Section sd_id: 1 radios, 0 checked
2025-12-11 17:36:34,608 [INFO] phase2_scraper:     Section e_id: 2 radios, 0 checked
2025-12-11 17:36:35,210 [INFO] phase2_scraper: Processing dish: Grape Crush (ID: 174700, combo=False)
2025-12-11 17:36:36,185 [INFO] phase2_scraper:   #groups has sections: ['br_id', 'ci_id', 'dr_id', 'sa_id', 'sd_id', 'e_id', 'cm_id']
2025-12-11 17:36:36,185 [INFO] phase2_scraper:     Section br_id: 1 radios, 0 checked
2025-12-11 17:36:36,186 [INFO] phase2_scraper:     Section ci_id: 2 radios, 0 checked
2025-12-11 17:36:36,186 [INFO] phase2_scraper:     Section sa_id: 4 radios, 0 checked
2025-12-11 17:36:36,186 [INFO] phase2_scraper:     Section sd_id: 1 radios, 0 checked
2025-12-11 17:36:36,186 [INFO] phase2_scraper:     Section e_id: 2 radios, 0 checked
2025-12-11 17:36:36,791 [INFO] phase2_scraper: Processing dish: Ginger Ale (ID: 174701, combo=False)
2025-12-11 17:36:37,762 [INFO] phase2_scraper:   #groups has sections: ['br_id', 'ci_id', 'dr_id', 'sa_id', 'sd_id', 'e_id', 'cm_id']
2025-12-11 17:36:37,763 [INFO] phase2_scraper:     Section br_id: 1 radios, 0 checked
2025-12-11 17:36:37,763 [INFO] phase2_scraper:     Section ci_id: 2 radios, 0 checked
2025-12-11 17:36:37,763 [INFO] phase2_scraper:     Section sa_id: 4 radios, 0 checked
2025-12-11 17:36:37,764 [INFO] phase2_scraper:     Section sd_id: 1 radios, 0 checked
2025-12-11 17:36:37,764 [INFO] phase2_scraper:     Section e_id: 2 radios, 0 checked
2025-12-11 17:36:38,364 [INFO] phase2_scraper: Processing dish: Mugs Root Beer (ID: 174702, combo=False)
2025-12-11 17:36:39,337 [INFO] phase2_scraper:   #groups has sections: ['br_id', 'ci_id', 'dr_id', 'sa_id', 'sd_id', 'e_id', 'cm_id']
2025-12-11 17:36:39,338 [INFO] phase2_scraper:     Section br_id: 1 radios, 0 checked
2025-12-11 17:36:39,338 [INFO] phase2_scraper:     Section ci_id: 2 radios, 0 checked
2025-12-11 17:36:39,338 [INFO] phase2_scraper:     Section sa_id: 4 radios, 0 checked
2025-12-11 17:36:39,338 [INFO] phase2_scraper:     Section sd_id: 1 radios, 0 checked
2025-12-11 17:36:39,339 [INFO] phase2_scraper:     Section e_id: 2 radios, 0 checked
2025-12-11 17:36:39,946 [INFO] phase2_scraper: Processing dish: Orange Crush (ID: 174703, combo=False)
2025-12-11 17:36:40,947 [INFO] phase2_scraper:   #groups has sections: ['br_id', 'ci_id', 'dr_id', 'sa_id', 'sd_id', 'e_id', 'cm_id']
2025-12-11 17:36:40,948 [INFO] phase2_scraper:     Section br_id: 1 radios, 0 checked
2025-12-11 17:36:40,948 [INFO] phase2_scraper:     Section ci_id: 2 radios, 0 checked
2025-12-11 17:36:40,948 [INFO] phase2_scraper:     Section sa_id: 4 radios, 0 checked
2025-12-11 17:36:40,949 [INFO] phase2_scraper:     Section sd_id: 1 radios, 0 checked
2025-12-11 17:36:40,949 [INFO] phase2_scraper:     Section e_id: 2 radios, 0 checked
2025-12-11 17:36:41,809 [INFO] phase2_scraper: Processing dish: Dole Apple Juice (ID: 174704, combo=False)
2025-12-11 17:36:42,821 [INFO] phase2_scraper:   #groups has sections: ['br_id', 'ci_id', 'dr_id', 'sa_id', 'sd_id', 'e_id', 'cm_id']
2025-12-11 17:36:42,822 [INFO] phase2_scraper:     Section br_id: 1 radios, 0 checked
2025-12-11 17:36:42,822 [INFO] phase2_scraper:     Section ci_id: 2 radios, 0 checked
2025-12-11 17:36:42,822 [INFO] phase2_scraper:     Section sa_id: 4 radios, 0 checked
2025-12-11 17:36:42,823 [INFO] phase2_scraper:     Section sd_id: 1 radios, 0 checked
2025-12-11 17:36:42,823 [INFO] phase2_scraper:     Section e_id: 2 radios, 0 checked
2025-12-11 17:36:43,424 [INFO] phase2_scraper: Processing dish: Dole Orange Juice (ID: 174705, combo=False)
2025-12-11 17:36:44,400 [INFO] phase2_scraper:   #groups has sections: ['br_id', 'ci_id', 'dr_id', 'sa_id', 'sd_id', 'e_id', 'cm_id']
2025-12-11 17:36:44,401 [INFO] phase2_scraper:     Section br_id: 1 radios, 0 checked
2025-12-11 17:36:44,401 [INFO] phase2_scraper:     Section ci_id: 2 radios, 0 checked
2025-12-11 17:36:44,401 [INFO] phase2_scraper:     Section sa_id: 4 radios, 0 checked
2025-12-11 17:36:44,402 [INFO] phase2_scraper:     Section sd_id: 1 radios, 0 checked
2025-12-11 17:36:44,402 [INFO] phase2_scraper:     Section e_id: 2 radios, 0 checked
2025-12-11 17:36:45,008 [INFO] phase2_scraper: Processing dish: Aquafina Water (ID: 174706, combo=False)
2025-12-11 17:36:45,976 [INFO] phase2_scraper:   #groups has sections: ['br_id', 'ci_id', 'dr_id', 'sa_id', 'sd_id', 'e_id', 'cm_id']
2025-12-11 17:36:45,977 [INFO] phase2_scraper:     Section br_id: 1 radios, 0 checked
2025-12-11 17:36:45,977 [INFO] phase2_scraper:     Section ci_id: 2 radios, 0 checked
2025-12-11 17:36:45,977 [INFO] phase2_scraper:     Section sa_id: 4 radios, 0 checked
2025-12-11 17:36:45,978 [INFO] phase2_scraper:     Section sd_id: 1 radios, 0 checked
2025-12-11 17:36:45,978 [INFO] phase2_scraper:     Section e_id: 2 radios, 0 checked
2025-12-11 17:36:46,479 [INFO] phase2_scraper: Phase 3 complete: {'dishes_processed': 111, 'dish_prices': 132, 'combo_links': 1, 'hide_days': 0, 'modifier_groups': 100, 'modifiers': 337, 'modifier_prices': 340, 'drinks_modifiers': 0}
2025-12-11 17:36:46,479 [INFO] __main__: Completed: All Out Burger Bank St.
2025-12-11 17:36:46,480 [INFO] __main__:   Phase 1 - Combo Groups: 1
2025-12-11 17:36:46,480 [INFO] __main__:   Phase 2 - Courses: 14, Dishes: 111
2025-12-11 17:36:46,480 [INFO] __main__:   Phase 3 - Prices: 132, Modifiers: 337
2025-12-11 17:36:46,480 [INFO] __main__: ======================================================================
2025-12-11 17:36:46,481 [INFO] __main__: SCRAPING: All Out Burger Gladstone (V3: 948, V1: 1038)
2025-12-11 17:36:46,481 [INFO] __main__: ======================================================================
2025-12-11 17:36:46,481 [INFO] phase2_scraper: === PHASE 1: Combo Groups ===
2025-12-11 17:36:46,481 [INFO] phase2_scraper: Navigating to combo groups: https://menuadmin.menu.ca/?p=restaurants&display=editRestaurant&restaurant=1038&load=comboGroups&showLang=en
2025-12-11 17:36:47,294 [INFO] phase2_scraper: Found 1 combo groups
2025-12-11 17:36:47,294 [INFO] phase2_scraper: Processing combo group: Any 3 Burgers Special (source_id=9237)
2025-12-11 17:36:49,356 [INFO] phase2_scraper: Inserted combo group: Any 3 Burgers Special (ID: 2413)
2025-12-11 17:36:51,077 [INFO] phase2_scraper: Phase 1 complete: {'combo_groups': 1, 'sections': 1, 'modifier_groups': 1, 'modifiers': 4, 'prices': 4}
2025-12-11 17:36:51,077 [INFO] phase2_scraper: === PHASE 2: Menu Structure ===
2025-12-11 17:36:51,077 [INFO] phase2_scraper: Navigating to menu: https://menuadmin.menu.ca/?p=restaurants&display=editRestaurant&restaurant=1038&load=menu&showLang=en
2025-12-11 17:36:55,195 [INFO] phase2_scraper: Found 14 courses
2025-12-11 17:36:55,374 [INFO] phase2_scraper: Inserted course: Specials (ID: 6529)
2025-12-11 17:36:56,294 [INFO] phase2_scraper: Inserted course: Appetizers (ID: 6530)
2025-12-11 17:36:58,801 [INFO] phase2_scraper: Inserted course: Our New Creations SOLO (ID: 6531)
2025-12-11 17:36:59,861 [INFO] phase2_scraper: Inserted course: Our New Creations COMBO (ID: 6532)
2025-12-11 17:37:00,954 [INFO] phase2_scraper: Inserted course: Burgers SOLO (ID: 6533)
2025-12-11 17:37:04,272 [INFO] phase2_scraper: Inserted course: Burger COMBOS (ID: 6534)
2025-12-11 17:37:07,665 [INFO] phase2_scraper: Inserted course: Hot Dogs (ID: 6535)
2025-12-11 17:37:08,397 [INFO] phase2_scraper: Inserted course: Salads (ID: 6536)
2025-12-11 17:37:08,929 [INFO] phase2_scraper: Inserted course: Chicken (ID: 6537)
2025-12-11 17:37:10,483 [INFO] phase2_scraper: Inserted course: Poutine (ID: 6538)
2025-12-11 17:37:11,716 [INFO] phase2_scraper: Inserted course: Kids Menu (ID: 6539)
2025-12-11 17:37:12,248 [INFO] phase2_scraper: Inserted course: Cake by Slice (ID: 6540)
2025-12-11 17:37:14,196 [INFO] phase2_scraper: Inserted course: Mini Donuts Hot and Fresh Made (ID: 6541)
2025-12-11 17:37:15,095 [INFO] phase2_scraper: Inserted course: Drinks (ID: 6542)
2025-12-11 17:37:17,425 [INFO] phase2_scraper: Phase 2 complete: {'courses': 14, 'dishes': 111, 'combo_dishes': 1, 'normal_dishes': 110}
2025-12-11 17:37:17,425 [INFO] phase2_scraper: === PHASE 3: Dish Details ===
2025-12-11 17:37:21,508 [INFO] phase2_scraper: Found 111 dishes to process
2025-12-11 17:37:21,606 [INFO] phase2_scraper: Processing dish: 2 Cheeseburgers with Fries and Drinks HIDE (ID: 174707, combo=False)
2025-12-11 17:37:22,628 [INFO] phase2_scraper:   #groups has sections: ['br_id', 'ci_id', 'dr_id', 'sa_id', 'sd_id', 'e_id', 'cm_id']
2025-12-11 17:37:22,629 [INFO] phase2_scraper:     Section br_id: 1 radios, 0 checked
2025-12-11 17:37:22,629 [INFO] phase2_scraper:     Section ci_id: 2 radios, 0 checked
2025-12-11 17:37:22,630 [INFO] phase2_scraper:     Section sa_id: 4 radios, 0 checked
2025-12-11 17:37:22,630 [INFO] phase2_scraper:     Section sd_id: 1 radios, 0 checked
2025-12-11 17:37:22,631 [INFO] phase2_scraper:     Section e_id: 2 radios, 0 checked
2025-12-11 17:37:23,236 [INFO] phase2_scraper: Processing dish: Any 3 Burgers Special HIDE (ID: 174708, combo=True)
2025-12-11 17:37:25,103 [INFO] phase2_scraper: Processing dish: Ramadan Special HIDE (ID: 174709, combo=False)
2025-12-11 17:37:26,064 [INFO] phase2_scraper:   #groups has sections: ['br_id', 'ci_id', 'dr_id', 'sa_id', 'sd_id', 'e_id', 'cm_id']
2025-12-11 17:37:26,064 [INFO] phase2_scraper:     Section br_id: 1 radios, 0 checked
2025-12-11 17:37:26,065 [INFO] phase2_scraper:     Section ci_id: 2 radios, 1 checked
2025-12-11 17:37:27,629 [INFO] phase2_scraper:     Section sa_id: 4 radios, 0 checked
2025-12-11 17:37:27,629 [INFO] phase2_scraper:     Section sd_id: 1 radios, 0 checked
2025-12-11 17:37:27,630 [INFO] phase2_scraper:     Section e_id: 2 radios, 0 checked
2025-12-11 17:37:27,630 [INFO] phase2_scraper:   Found 1 modifier groups, 4 modifiers for dish 174709
2025-12-11 17:37:28,253 [INFO] phase2_scraper: Processing dish: Buy One Get One Free- Atletico Burger HIDE (ID: 174710, combo=False)
2025-12-11 17:37:29,243 [INFO] phase2_scraper:   #groups has sections: ['br_id', 'ci_id', 'dr_id', 'sa_id', 'sd_id', 'e_id', 'cm_id']
2025-12-11 17:37:29,244 [INFO] phase2_scraper:     Section br_id: 1 radios, 0 checked
2025-12-11 17:37:29,244 [INFO] phase2_scraper:     Section ci_id: 2 radios, 0 checked
2025-12-11 17:37:29,244 [INFO] phase2_scraper:     Section sa_id: 4 radios, 0 checked
2025-12-11 17:37:29,245 [INFO] phase2_scraper:     Section sd_id: 1 radios, 0 checked
2025-12-11 17:37:29,245 [INFO] phase2_scraper:     Section e_id: 2 radios, 0 checked
2025-12-11 17:37:29,853 [INFO] phase2_scraper: Processing dish: Popcurds (ID: 174711, combo=False)
2025-12-11 17:37:30,810 [INFO] phase2_scraper:   #groups has sections: ['br_id', 'ci_id', 'dr_id', 'sa_id', 'sd_id', 'e_id', 'cm_id']
2025-12-11 17:37:30,811 [INFO] phase2_scraper:     Section br_id: 1 radios, 0 checked
2025-12-11 17:37:30,811 [INFO] phase2_scraper:     Section ci_id: 2 radios, 0 checked
2025-12-11 17:37:30,812 [INFO] phase2_scraper:     Section sa_id: 4 radios, 0 checked
2025-12-11 17:37:30,812 [INFO] phase2_scraper:     Section sd_id: 1 radios, 0 checked
2025-12-11 17:37:30,812 [INFO] phase2_scraper:     Section e_id: 2 radios, 0 checked
2025-12-11 17:37:31,414 [INFO] phase2_scraper: Processing dish: Breaded Pickles (ID: 174712, combo=False)
2025-12-11 17:37:32,397 [INFO] phase2_scraper:   #groups has sections: ['br_id', 'ci_id', 'dr_id', 'sa_id', 'sd_id', 'e_id', 'cm_id']
2025-12-11 17:37:32,397 [INFO] phase2_scraper:     Section br_id: 1 radios, 0 checked
2025-12-11 17:37:32,398 [INFO] phase2_scraper:     Section ci_id: 2 radios, 0 checked
2025-12-11 17:37:32,398 [INFO] phase2_scraper:     Section sa_id: 4 radios, 0 checked
2025-12-11 17:37:32,398 [INFO] phase2_scraper:     Section sd_id: 1 radios, 0 checked
2025-12-11 17:37:32,399 [INFO] phase2_scraper:     Section e_id: 2 radios, 0 checked
2025-12-11 17:37:33,002 [INFO] phase2_scraper: Processing dish: Jalapeno Poppers (6pcs) (ID: 174713, combo=False)
2025-12-11 17:37:33,999 [INFO] phase2_scraper:   #groups has sections: ['br_id', 'ci_id', 'dr_id', 'sa_id', 'sd_id', 'e_id', 'cm_id']
2025-12-11 17:37:33,999 [INFO] phase2_scraper:     Section br_id: 1 radios, 0 checked
2025-12-11 17:37:34,000 [INFO] phase2_scraper:     Section ci_id: 2 radios, 0 checked
2025-12-11 17:37:34,000 [INFO] phase2_scraper:     Section sa_id: 4 radios, 0 checked
2025-12-11 17:37:34,000 [INFO] phase2_scraper:     Section sd_id: 1 radios, 0 checked
2025-12-11 17:37:34,001 [INFO] phase2_scraper:     Section e_id: 2 radios, 0 checked
2025-12-11 17:37:34,597 [INFO] phase2_scraper: Processing dish: Fried Zucchini Sticks (ID: 174714, combo=False)
2025-12-11 17:37:35,616 [INFO] phase2_scraper:   #groups has sections: ['br_id', 'ci_id', 'dr_id', 'sa_id', 'sd_id', 'e_id', 'cm_id']
2025-12-11 17:37:35,616 [INFO] phase2_scraper:     Section br_id: 1 radios, 0 checked
2025-12-11 17:37:35,617 [INFO] phase2_scraper:     Section ci_id: 2 radios, 0 checked
2025-12-11 17:37:35,617 [INFO] phase2_scraper:     Section sa_id: 4 radios, 0 checked
2025-12-11 17:37:35,618 [INFO] phase2_scraper:     Section sd_id: 1 radios, 0 checked
2025-12-11 17:37:35,618 [INFO] phase2_scraper:     Section e_id: 2 radios, 0 checked
2025-12-11 17:37:36,222 [INFO] phase2_scraper: Processing dish: Halloumi Fries (ID: 174715, combo=False)
2025-12-11 17:37:37,181 [INFO] phase2_scraper:   #groups has sections: ['br_id', 'ci_id', 'dr_id', 'sa_id', 'sd_id', 'e_id', 'cm_id']
2025-12-11 17:37:37,181 [INFO] phase2_scraper:     Section br_id: 1 radios, 0 checked
2025-12-11 17:37:37,181 [INFO] phase2_scraper:     Section ci_id: 2 radios, 0 checked
2025-12-11 17:37:37,182 [INFO] phase2_scraper:     Section sa_id: 4 radios, 0 checked
2025-12-11 17:37:37,182 [INFO] phase2_scraper:     Section sd_id: 1 radios, 0 checked
2025-12-11 17:37:37,183 [INFO] phase2_scraper:     Section e_id: 2 radios, 0 checked
2025-12-11 17:37:37,785 [INFO] phase2_scraper: Processing dish: Mac & Cheese Bites (ID: 174716, combo=False)
2025-12-11 17:37:38,757 [INFO] phase2_scraper:   #groups has sections: ['br_id', 'ci_id', 'dr_id', 'sa_id', 'sd_id', 'e_id', 'cm_id']
2025-12-11 17:37:38,757 [INFO] phase2_scraper:     Section br_id: 1 radios, 0 checked
2025-12-11 17:37:38,757 [INFO] phase2_scraper:     Section ci_id: 2 radios, 0 checked
2025-12-11 17:37:38,758 [INFO] phase2_scraper:     Section sa_id: 4 radios, 0 checked
2025-12-11 17:37:38,758 [INFO] phase2_scraper:     Section sd_id: 1 radios, 0 checked
2025-12-11 17:37:38,758 [INFO] phase2_scraper:     Section e_id: 2 radios, 0 checked
2025-12-11 17:37:39,359 [INFO] phase2_scraper: Processing dish: Fresh Cut Fries (ID: 174717, combo=False)
2025-12-11 17:37:40,511 [INFO] phase2_scraper:   #groups has sections: ['br_id', 'ci_id', 'dr_id', 'sa_id', 'sd_id', 'e_id', 'cm_id']
2025-12-11 17:37:40,511 [INFO] phase2_scraper:     Section br_id: 1 radios, 0 checked
2025-12-11 17:37:40,511 [INFO] phase2_scraper:     Section ci_id: 2 radios, 0 checked
2025-12-11 17:37:40,512 [INFO] phase2_scraper:     Section sa_id: 4 radios, 0 checked
2025-12-11 17:37:40,512 [INFO] phase2_scraper:     Section sd_id: 1 radios, 0 checked
2025-12-11 17:37:40,512 [INFO] phase2_scraper:     Section e_id: 2 radios, 0 checked
2025-12-11 17:37:41,114 [INFO] phase2_scraper: Processing dish: Onion Rings (ID: 174718, combo=False)
2025-12-11 17:37:42,799 [INFO] phase2_scraper:   #groups has sections: ['br_id', 'ci_id', 'dr_id', 'sa_id', 'sd_id', 'e_id', 'cm_id']
2025-12-11 17:37:42,800 [INFO] phase2_scraper:     Section br_id: 1 radios, 0 checked
2025-12-11 17:37:42,800 [INFO] phase2_scraper:     Section ci_id: 2 radios, 0 checked
2025-12-11 17:37:42,801 [INFO] phase2_scraper:     Section sa_id: 4 radios, 0 checked
2025-12-11 17:37:42,801 [INFO] phase2_scraper:     Section sd_id: 1 radios, 0 checked
2025-12-11 17:37:42,801 [INFO] phase2_scraper:     Section e_id: 2 radios, 0 checked
2025-12-11 17:37:43,402 [INFO] phase2_scraper: Processing dish: Kettle Chips (ID: 174719, combo=False)
2025-12-11 17:37:44,553 [INFO] phase2_scraper:   #groups has sections: ['br_id', 'ci_id', 'dr_id', 'sa_id', 'sd_id', 'e_id', 'cm_id']
2025-12-11 17:37:44,553 [INFO] phase2_scraper:     Section br_id: 1 radios, 0 checked
2025-12-11 17:37:44,554 [INFO] phase2_scraper:     Section ci_id: 2 radios, 0 checked
2025-12-11 17:37:44,555 [INFO] phase2_scraper:     Section sa_id: 4 radios, 0 checked
2025-12-11 17:37:44,555 [INFO] phase2_scraper:     Section sd_id: 1 radios, 0 checked
2025-12-11 17:37:44,555 [INFO] phase2_scraper:     Section e_id: 2 radios, 0 checked
2025-12-11 17:37:45,155 [INFO] phase2_scraper: Processing dish: Sweet Potato Fries (ID: 174720, combo=False)
2025-12-11 17:37:46,330 [INFO] phase2_scraper:   #groups has sections: ['br_id', 'ci_id', 'dr_id', 'sa_id', 'sd_id', 'e_id', 'cm_id']
2025-12-11 17:37:46,330 [INFO] phase2_scraper:     Section br_id: 1 radios, 0 checked
2025-12-11 17:37:46,331 [INFO] phase2_scraper:     Section ci_id: 2 radios, 0 checked
2025-12-11 17:37:46,331 [INFO] phase2_scraper:     Section sa_id: 4 radios, 0 checked
2025-12-11 17:37:46,332 [INFO] phase2_scraper:     Section sd_id: 1 radios, 0 checked
2025-12-11 17:37:46,332 [INFO] phase2_scraper:     Section e_id: 2 radios, 0 checked
2025-12-11 17:37:46,930 [INFO] phase2_scraper: Processing dish: Pop-Off Popcurds HIDE (ID: 174721, combo=False)
2025-12-11 17:37:47,944 [INFO] phase2_scraper:   #groups has sections: ['br_id', 'ci_id', 'dr_id', 'sa_id', 'sd_id', 'e_id', 'cm_id']
2025-12-11 17:37:47,944 [INFO] phase2_scraper:     Section br_id: 1 radios, 0 checked
2025-12-11 17:37:47,945 [INFO] phase2_scraper:     Section ci_id: 2 radios, 0 checked
2025-12-11 17:37:47,945 [INFO] phase2_scraper:     Section sa_id: 4 radios, 0 checked
2025-12-11 17:37:47,945 [INFO] phase2_scraper:     Section sd_id: 1 radios, 0 checked
2025-12-11 17:37:47,946 [INFO] phase2_scraper:     Section e_id: 2 radios, 0 checked
2025-12-11 17:37:48,546 [INFO] phase2_scraper: Processing dish: Nachos HIDE (ID: 174722, combo=False)
2025-12-11 17:37:49,528 [INFO] phase2_scraper:   #groups has sections: ['br_id', 'ci_id', 'dr_id', 'sa_id', 'sd_id', 'e_id', 'cm_id']
2025-12-11 17:37:49,528 [INFO] phase2_scraper:     Section br_id: 1 radios, 0 checked
2025-12-11 17:37:49,529 [INFO] phase2_scraper:     Section ci_id: 2 radios, 0 checked
2025-12-11 17:37:49,529 [INFO] phase2_scraper:     Section sa_id: 4 radios, 0 checked
2025-12-11 17:37:49,530 [INFO] phase2_scraper:     Section sd_id: 1 radios, 0 checked
2025-12-11 17:37:49,530 [INFO] phase2_scraper:     Section e_id: 2 radios, 0 checked
2025-12-11 17:37:50,129 [INFO] phase2_scraper: Processing dish: Mac & Cheese HIDE (ID: 174723, combo=False)
2025-12-11 17:37:51,115 [INFO] phase2_scraper:   #groups has sections: ['br_id', 'ci_id', 'dr_id', 'sa_id', 'sd_id', 'e_id', 'cm_id']
2025-12-11 17:37:51,116 [INFO] phase2_scraper:     Section br_id: 1 radios, 0 checked
2025-12-11 17:37:51,116 [INFO] phase2_scraper:     Section ci_id: 2 radios, 0 checked
2025-12-11 17:37:51,116 [INFO] phase2_scraper:     Section sa_id: 4 radios, 0 checked
2025-12-11 17:37:51,117 [INFO] phase2_scraper:     Section sd_id: 1 radios, 0 checked
2025-12-11 17:37:51,117 [INFO] phase2_scraper:     Section e_id: 2 radios, 1 checked
2025-12-11 17:37:53,204 [INFO] phase2_scraper:   Found 1 modifier groups, 4 modifiers for dish 174723
2025-12-11 17:37:53,806 [INFO] phase2_scraper: Processing dish: Smash Burger (ID: 174724, combo=False)
2025-12-11 17:37:54,772 [INFO] phase2_scraper:   #groups has sections: ['br_id', 'ci_id', 'dr_id', 'sa_id', 'sd_id', 'e_id', 'cm_id']
2025-12-11 17:37:54,773 [INFO] phase2_scraper:     Section br_id: 1 radios, 0 checked
2025-12-11 17:37:54,773 [INFO] phase2_scraper:     Section ci_id: 2 radios, 0 checked
2025-12-11 17:37:54,773 [INFO] phase2_scraper:     Section sa_id: 4 radios, 0 checked
2025-12-11 17:37:54,774 [INFO] phase2_scraper:     Section sd_id: 1 radios, 0 checked
2025-12-11 17:37:54,774 [INFO] phase2_scraper:     Section e_id: 2 radios, 0 checked
2025-12-11 17:37:55,374 [INFO] phase2_scraper: Processing dish: Philly Steak Sandwich (ID: 174725, combo=False)
2025-12-11 17:37:56,333 [INFO] phase2_scraper:   #groups has sections: ['br_id', 'ci_id', 'dr_id', 'sa_id', 'sd_id', 'e_id', 'cm_id']
2025-12-11 17:37:56,333 [INFO] phase2_scraper:     Section br_id: 1 radios, 0 checked
2025-12-11 17:37:56,333 [INFO] phase2_scraper:     Section ci_id: 2 radios, 0 checked
2025-12-11 17:37:56,334 [INFO] phase2_scraper:     Section sa_id: 4 radios, 0 checked
2025-12-11 17:37:56,334 [INFO] phase2_scraper:     Section sd_id: 1 radios, 0 checked
2025-12-11 17:37:56,334 [INFO] phase2_scraper:     Section e_id: 2 radios, 0 checked
2025-12-11 17:37:56,936 [INFO] phase2_scraper: Processing dish: Chicken Parm Burger HIDE (ID: 174726, combo=False)
2025-12-11 17:37:57,955 [INFO] phase2_scraper:   #groups has sections: ['br_id', 'ci_id', 'dr_id', 'sa_id', 'sd_id', 'e_id', 'cm_id']
2025-12-11 17:37:57,956 [INFO] phase2_scraper:     Section br_id: 1 radios, 0 checked
2025-12-11 17:37:57,956 [INFO] phase2_scraper:     Section ci_id: 2 radios, 0 checked
2025-12-11 17:37:57,956 [INFO] phase2_scraper:     Section sa_id: 4 radios, 0 checked
2025-12-11 17:37:57,957 [INFO] phase2_scraper:     Section sd_id: 1 radios, 0 checked
2025-12-11 17:37:57,957 [INFO] phase2_scraper:     Section e_id: 2 radios, 0 checked
2025-12-11 17:37:58,558 [INFO] phase2_scraper: Processing dish: Bank Street Burger HIDE (ID: 174727, combo=False)
2025-12-11 17:37:59,526 [INFO] phase2_scraper:   #groups has sections: ['br_id', 'ci_id', 'dr_id', 'sa_id', 'sd_id', 'e_id', 'cm_id']
2025-12-11 17:37:59,527 [INFO] phase2_scraper:     Section br_id: 1 radios, 0 checked
2025-12-11 17:37:59,527 [INFO] phase2_scraper:     Section ci_id: 2 radios, 0 checked
2025-12-11 17:37:59,528 [INFO] phase2_scraper:     Section sa_id: 4 radios, 0 checked
2025-12-11 17:37:59,528 [INFO] phase2_scraper:     Section sd_id: 1 radios, 0 checked
2025-12-11 17:37:59,528 [INFO] phase2_scraper:     Section e_id: 2 radios, 0 checked
2025-12-11 17:38:00,134 [INFO] phase2_scraper: Processing dish: Atletico Burger (ID: 174728, combo=False)
2025-12-11 17:38:01,113 [INFO] phase2_scraper:   #groups has sections: ['br_id', 'ci_id', 'dr_id', 'sa_id', 'sd_id', 'e_id', 'cm_id']
2025-12-11 17:38:01,113 [INFO] phase2_scraper:     Section br_id: 1 radios, 0 checked
2025-12-11 17:38:01,114 [INFO] phase2_scraper:     Section ci_id: 2 radios, 0 checked
2025-12-11 17:38:01,114 [INFO] phase2_scraper:     Section sa_id: 4 radios, 0 checked
2025-12-11 17:38:01,114 [INFO] phase2_scraper:     Section sd_id: 1 radios, 0 checked
2025-12-11 17:38:01,114 [INFO] phase2_scraper:     Section e_id: 2 radios, 0 checked
2025-12-11 17:38:01,713 [INFO] phase2_scraper: Processing dish: Smash Burger COMBO (ID: 174729, combo=False)
2025-12-11 17:38:03,163 [INFO] phase2_scraper:   #groups has sections: ['br_id', 'ci_id', 'dr_id', 'sa_id', 'sd_id', 'e_id', 'cm_id']
2025-12-11 17:38:03,163 [INFO] phase2_scraper:     Section br_id: 1 radios, 0 checked
2025-12-11 17:38:03,163 [INFO] phase2_scraper:     Section ci_id: 2 radios, 0 checked
2025-12-11 17:38:03,164 [INFO] phase2_scraper:     Section sa_id: 4 radios, 0 checked
2025-12-11 17:38:03,164 [INFO] phase2_scraper:     Section sd_id: 1 radios, 1 checked
2025-12-11 17:38:04,705 [INFO] phase2_scraper:     Section e_id: 2 radios, 0 checked
2025-12-11 17:38:04,706 [INFO] phase2_scraper:   Found 1 modifier groups, 4 modifiers for dish 174729
2025-12-11 17:38:05,307 [INFO] phase2_scraper: Processing dish: Philly Steak Sandwich COMBO (ID: 174730, combo=False)
2025-12-11 17:38:06,308 [INFO] phase2_scraper:   #groups has sections: ['br_id', 'ci_id', 'dr_id', 'sa_id', 'sd_id', 'e_id', 'cm_id']
2025-12-11 17:38:06,309 [INFO] phase2_scraper:     Section br_id: 1 radios, 0 checked
2025-12-11 17:38:06,309 [INFO] phase2_scraper:     Section ci_id: 2 radios, 0 checked
2025-12-11 17:38:06,309 [INFO] phase2_scraper:     Section sa_id: 4 radios, 0 checked
2025-12-11 17:38:06,309 [INFO] phase2_scraper:     Section sd_id: 1 radios, 1 checked
2025-12-11 17:38:07,841 [INFO] phase2_scraper:     Section e_id: 2 radios, 0 checked
2025-12-11 17:38:07,842 [INFO] phase2_scraper:   Found 1 modifier groups, 4 modifiers for dish 174730
2025-12-11 17:38:08,442 [INFO] phase2_scraper: Processing dish: Chicken Parm Burger COMBO HIDE (ID: 174731, combo=False)
2025-12-11 17:38:09,408 [INFO] phase2_scraper:   #groups has sections: ['br_id', 'ci_id', 'dr_id', 'sa_id', 'sd_id', 'e_id', 'cm_id']
2025-12-11 17:38:09,409 [INFO] phase2_scraper:     Section br_id: 1 radios, 0 checked
2025-12-11 17:38:09,410 [INFO] phase2_scraper:     Section ci_id: 2 radios, 0 checked
2025-12-11 17:38:09,410 [INFO] phase2_scraper:     Section sa_id: 4 radios, 0 checked
2025-12-11 17:38:09,410 [INFO] phase2_scraper:     Section sd_id: 1 radios, 1 checked
2025-12-11 17:38:10,893 [INFO] phase2_scraper:     Section e_id: 2 radios, 0 checked
2025-12-11 17:38:10,894 [INFO] phase2_scraper:   Found 1 modifier groups, 4 modifiers for dish 174731
2025-12-11 17:38:11,490 [INFO] phase2_scraper: Processing dish: Bank Street Burger COMBO HIDE (ID: 174732, combo=False)
2025-12-11 17:38:12,456 [INFO] phase2_scraper:   #groups has sections: ['br_id', 'ci_id', 'dr_id', 'sa_id', 'sd_id', 'e_id', 'cm_id']
2025-12-11 17:38:12,457 [INFO] phase2_scraper:     Section br_id: 1 radios, 0 checked
2025-12-11 17:38:12,458 [INFO] phase2_scraper:     Section ci_id: 2 radios, 0 checked
2025-12-11 17:38:12,458 [INFO] phase2_scraper:     Section sa_id: 4 radios, 0 checked
2025-12-11 17:38:12,458 [INFO] phase2_scraper:     Section sd_id: 1 radios, 1 checked
2025-12-11 17:38:13,979 [INFO] phase2_scraper:     Section e_id: 2 radios, 0 checked
2025-12-11 17:38:13,979 [INFO] phase2_scraper:   Found 1 modifier groups, 4 modifiers for dish 174732
2025-12-11 17:38:14,580 [INFO] phase2_scraper: Processing dish: Atletico Burger COMBO (ID: 174733, combo=False)
2025-12-11 17:38:15,543 [INFO] phase2_scraper:   #groups has sections: ['br_id', 'ci_id', 'dr_id', 'sa_id', 'sd_id', 'e_id', 'cm_id']
2025-12-11 17:38:15,544 [INFO] phase2_scraper:     Section br_id: 1 radios, 0 checked
2025-12-11 17:38:15,544 [INFO] phase2_scraper:     Section ci_id: 2 radios, 0 checked
2025-12-11 17:38:15,545 [INFO] phase2_scraper:     Section sa_id: 4 radios, 0 checked
2025-12-11 17:38:15,545 [INFO] phase2_scraper:     Section sd_id: 1 radios, 1 checked
2025-12-11 17:38:17,149 [INFO] phase2_scraper:     Section e_id: 2 radios, 0 checked
2025-12-11 17:38:17,150 [INFO] phase2_scraper:   Found 1 modifier groups, 4 modifiers for dish 174733
2025-12-11 17:38:17,756 [INFO] phase2_scraper: Processing dish: Original Burger (ID: 174734, combo=False)
2025-12-11 17:38:18,856 [INFO] phase2_scraper:   #groups has sections: ['br_id', 'ci_id', 'dr_id', 'sa_id', 'sd_id', 'e_id', 'cm_id']
2025-12-11 17:38:18,857 [INFO] phase2_scraper:     Section br_id: 1 radios, 1 checked
2025-12-11 17:38:19,740 [INFO] phase2_scraper:     Section ci_id: 2 radios, 0 checked
2025-12-11 17:38:19,740 [INFO] phase2_scraper:     Section sa_id: 4 radios, 0 checked
2025-12-11 17:38:19,741 [INFO] phase2_scraper:     Section sd_id: 1 radios, 0 checked
2025-12-11 17:38:19,741 [INFO] phase2_scraper:     Section e_id: 2 radios, 1 checked
2025-12-11 17:38:21,277 [INFO] phase2_scraper:   Found 2 modifier groups, 6 modifiers for dish 174734
2025-12-11 17:38:21,881 [INFO] phase2_scraper: Processing dish: Cheese Burger (ID: 174735, combo=False)
2025-12-11 17:38:22,874 [INFO] phase2_scraper:   #groups has sections: ['br_id', 'ci_id', 'dr_id', 'sa_id', 'sd_id', 'e_id', 'cm_id']
2025-12-11 17:38:22,875 [INFO] phase2_scraper:     Section br_id: 1 radios, 1 checked
2025-12-11 17:38:23,746 [INFO] phase2_scraper:     Section ci_id: 2 radios, 0 checked
2025-12-11 17:38:23,747 [INFO] phase2_scraper:     Section sa_id: 4 radios, 0 checked
2025-12-11 17:38:23,747 [INFO] phase2_scraper:     Section sd_id: 1 radios, 0 checked
2025-12-11 17:38:23,748 [INFO] phase2_scraper:     Section e_id: 2 radios, 1 checked
2025-12-11 17:38:25,344 [INFO] phase2_scraper:   Found 2 modifier groups, 6 modifiers for dish 174735
2025-12-11 17:38:25,949 [INFO] phase2_scraper: Processing dish: Bacon Burger (ID: 174736, combo=False)
2025-12-11 17:38:26,971 [INFO] phase2_scraper:   #groups has sections: ['br_id', 'ci_id', 'dr_id', 'sa_id', 'sd_id', 'e_id', 'cm_id']
2025-12-11 17:38:26,971 [INFO] phase2_scraper:     Section br_id: 1 radios, 1 checked
2025-12-11 17:38:27,854 [INFO] phase2_scraper:     Section ci_id: 2 radios, 0 checked
2025-12-11 17:38:27,855 [INFO] phase2_scraper:     Section sa_id: 4 radios, 0 checked
2025-12-11 17:38:27,855 [INFO] phase2_scraper:     Section sd_id: 1 radios, 0 checked
2025-12-11 17:38:27,855 [INFO] phase2_scraper:     Section e_id: 2 radios, 1 checked
2025-12-11 17:38:29,382 [INFO] phase2_scraper:   Found 2 modifier groups, 6 modifiers for dish 174736
2025-12-11 17:38:29,985 [INFO] phase2_scraper: Processing dish: Fried Mozzarella Burger (ID: 174737, combo=False)
2025-12-11 17:38:30,967 [INFO] phase2_scraper:   #groups has sections: ['br_id', 'ci_id', 'dr_id', 'sa_id', 'sd_id', 'e_id', 'cm_id']
2025-12-11 17:38:30,968 [INFO] phase2_scraper:     Section br_id: 1 radios, 1 checked
2025-12-11 17:38:31,817 [INFO] phase2_scraper:     Section ci_id: 2 radios, 0 checked
2025-12-11 17:38:31,818 [INFO] phase2_scraper:     Section sa_id: 4 radios, 0 checked
2025-12-11 17:38:31,818 [INFO] phase2_scraper:     Section sd_id: 1 radios, 0 checked
2025-12-11 17:38:31,819 [INFO] phase2_scraper:     Section e_id: 2 radios, 1 checked
2025-12-11 17:38:33,372 [INFO] phase2_scraper:   Found 2 modifier groups, 6 modifiers for dish 174737
2025-12-11 17:38:33,979 [INFO] phase2_scraper: Processing dish: Heat Burger (ID: 174738, combo=False)
2025-12-11 17:38:34,956 [INFO] phase2_scraper:   #groups has sections: ['br_id', 'ci_id', 'dr_id', 'sa_id', 'sd_id', 'e_id', 'cm_id']
2025-12-11 17:38:34,957 [INFO] phase2_scraper:     Section br_id: 1 radios, 1 checked
2025-12-11 17:38:35,816 [INFO] phase2_scraper:     Section ci_id: 2 radios, 0 checked
2025-12-11 17:38:35,816 [INFO] phase2_scraper:     Section sa_id: 4 radios, 0 checked
2025-12-11 17:38:35,817 [INFO] phase2_scraper:     Section sd_id: 1 radios, 0 checked
2025-12-11 17:38:35,817 [INFO] phase2_scraper:     Section e_id: 2 radios, 1 checked
2025-12-11 17:38:37,352 [INFO] phase2_scraper:   Found 2 modifier groups, 6 modifiers for dish 174738
2025-12-11 17:38:37,952 [INFO] phase2_scraper: Processing dish: ALL OUT Burger (ID: 174739, combo=False)
2025-12-11 17:38:38,954 [INFO] phase2_scraper:   #groups has sections: ['br_id', 'ci_id', 'dr_id', 'sa_id', 'sd_id', 'e_id', 'cm_id']
2025-12-11 17:38:38,955 [INFO] phase2_scraper:     Section br_id: 1 radios, 1 checked
2025-12-11 17:38:39,811 [INFO] phase2_scraper:     Section ci_id: 2 radios, 0 checked
2025-12-11 17:38:39,812 [INFO] phase2_scraper:     Section sa_id: 4 radios, 0 checked
2025-12-11 17:38:39,812 [INFO] phase2_scraper:     Section sd_id: 1 radios, 0 checked
2025-12-11 17:38:39,812 [INFO] phase2_scraper:     Section e_id: 2 radios, 1 checked
2025-12-11 17:38:41,351 [INFO] phase2_scraper:   Found 2 modifier groups, 6 modifiers for dish 174739
2025-12-11 17:38:41,955 [INFO] phase2_scraper: Processing dish: Veggie Burger (ID: 174740, combo=False)
2025-12-11 17:38:42,930 [INFO] phase2_scraper:   #groups has sections: ['br_id', 'ci_id', 'dr_id', 'sa_id', 'sd_id', 'e_id', 'cm_id']
2025-12-11 17:38:42,930 [INFO] phase2_scraper:     Section br_id: 1 radios, 1 checked
2025-12-11 17:38:43,783 [INFO] phase2_scraper:     Section ci_id: 2 radios, 0 checked
2025-12-11 17:38:43,784 [INFO] phase2_scraper:     Section sa_id: 4 radios, 0 checked
2025-12-11 17:38:43,784 [INFO] phase2_scraper:     Section sd_id: 1 radios, 0 checked
2025-12-11 17:38:43,785 [INFO] phase2_scraper:     Section e_id: 2 radios, 1 checked
2025-12-11 17:38:45,346 [INFO] phase2_scraper:   Found 2 modifier groups, 6 modifiers for dish 174740
2025-12-11 17:38:45,954 [INFO] phase2_scraper: Processing dish: Grilled Chicken Burger (ID: 174741, combo=False)
2025-12-11 17:38:46,941 [INFO] phase2_scraper:   #groups has sections: ['br_id', 'ci_id', 'dr_id', 'sa_id', 'sd_id', 'e_id', 'cm_id']
2025-12-11 17:38:46,941 [INFO] phase2_scraper:     Section br_id: 1 radios, 1 checked
2025-12-11 17:38:47,778 [INFO] phase2_scraper:     Section ci_id: 2 radios, 0 checked
2025-12-11 17:38:47,780 [INFO] phase2_scraper:     Section sa_id: 4 radios, 0 checked
2025-12-11 17:38:47,780 [INFO] phase2_scraper:     Section sd_id: 1 radios, 0 checked
2025-12-11 17:38:47,780 [INFO] phase2_scraper:     Section e_id: 2 radios, 1 checked
2025-12-11 17:38:49,312 [INFO] phase2_scraper:   Found 2 modifier groups, 6 modifiers for dish 174741
2025-12-11 17:38:49,918 [INFO] phase2_scraper: Processing dish: Fry N Slaw Burger (ID: 174742, combo=False)
2025-12-11 17:38:50,891 [INFO] phase2_scraper:   #groups has sections: ['br_id', 'ci_id', 'dr_id', 'sa_id', 'sd_id', 'e_id', 'cm_id']
2025-12-11 17:38:50,892 [INFO] phase2_scraper:     Section br_id: 1 radios, 1 checked
2025-12-11 17:38:51,736 [INFO] phase2_scraper:     Section ci_id: 2 radios, 0 checked
2025-12-11 17:38:51,737 [INFO] phase2_scraper:     Section sa_id: 4 radios, 0 checked
2025-12-11 17:38:51,738 [INFO] phase2_scraper:     Section sd_id: 1 radios, 0 checked
2025-12-11 17:38:51,738 [INFO] phase2_scraper:     Section e_id: 2 radios, 1 checked
2025-12-11 17:38:53,271 [INFO] phase2_scraper:   Found 2 modifier groups, 6 modifiers for dish 174742
2025-12-11 17:38:53,871 [INFO] phase2_scraper: Processing dish: Halloumi Burger (ID: 174743, combo=False)
2025-12-11 17:38:54,864 [INFO] phase2_scraper:   #groups has sections: ['br_id', 'ci_id', 'dr_id', 'sa_id', 'sd_id', 'e_id', 'cm_id']
2025-12-11 17:38:54,864 [INFO] phase2_scraper:     Section br_id: 1 radios, 1 checked
2025-12-11 17:38:55,712 [INFO] phase2_scraper:     Section ci_id: 2 radios, 0 checked
2025-12-11 17:38:55,713 [INFO] phase2_scraper:     Section sa_id: 4 radios, 0 checked
2025-12-11 17:38:55,713 [INFO] phase2_scraper:     Section sd_id: 1 radios, 0 checked
2025-12-11 17:38:55,713 [INFO] phase2_scraper:     Section e_id: 2 radios, 1 checked
2025-12-11 17:38:57,214 [INFO] phase2_scraper:   Found 2 modifier groups, 6 modifiers for dish 174743
2025-12-11 17:38:57,813 [INFO] phase2_scraper: Processing dish: Texas Beast Burger (ID: 174744, combo=False)
2025-12-11 17:38:58,788 [INFO] phase2_scraper:   #groups has sections: ['br_id', 'ci_id', 'dr_id', 'sa_id', 'sd_id', 'e_id', 'cm_id']
2025-12-11 17:38:58,789 [INFO] phase2_scraper:     Section br_id: 1 radios, 1 checked
2025-12-11 17:38:59,642 [INFO] phase2_scraper:     Section ci_id: 2 radios, 0 checked
2025-12-11 17:38:59,643 [INFO] phase2_scraper:     Section sa_id: 4 radios, 0 checked
2025-12-11 17:38:59,643 [INFO] phase2_scraper:     Section sd_id: 1 radios, 0 checked
2025-12-11 17:38:59,644 [INFO] phase2_scraper:     Section e_id: 2 radios, 1 checked
2025-12-11 17:39:01,198 [INFO] phase2_scraper:   Found 2 modifier groups, 6 modifiers for dish 174744
2025-12-11 17:39:01,799 [INFO] phase2_scraper: Processing dish: Crispy Chicken Burger (ID: 174745, combo=False)
2025-12-11 17:39:02,794 [INFO] phase2_scraper:   #groups has sections: ['br_id', 'ci_id', 'dr_id', 'sa_id', 'sd_id', 'e_id', 'cm_id']
2025-12-11 17:39:02,794 [INFO] phase2_scraper:     Section br_id: 1 radios, 1 checked
2025-12-11 17:39:03,630 [INFO] phase2_scraper:     Section ci_id: 2 radios, 0 checked
2025-12-11 17:39:03,631 [INFO] phase2_scraper:     Section sa_id: 4 radios, 0 checked
2025-12-11 17:39:03,632 [INFO] phase2_scraper:     Section sd_id: 1 radios, 0 checked
2025-12-11 17:39:03,632 [INFO] phase2_scraper:     Section e_id: 2 radios, 1 checked
2025-12-11 17:39:05,184 [INFO] phase2_scraper:   Found 2 modifier groups, 6 modifiers for dish 174745
2025-12-11 17:39:05,786 [INFO] phase2_scraper: Processing dish: Spicy Chicken Burger (ID: 174746, combo=False)
2025-12-11 17:39:06,782 [INFO] phase2_scraper:   #groups has sections: ['br_id', 'ci_id', 'dr_id', 'sa_id', 'sd_id', 'e_id', 'cm_id']
2025-12-11 17:39:06,782 [INFO] phase2_scraper:     Section br_id: 1 radios, 1 checked
2025-12-11 17:39:07,681 [INFO] phase2_scraper:     Section ci_id: 2 radios, 0 checked
2025-12-11 17:39:07,682 [INFO] phase2_scraper:     Section sa_id: 4 radios, 0 checked
2025-12-11 17:39:07,682 [INFO] phase2_scraper:     Section sd_id: 1 radios, 0 checked
2025-12-11 17:39:07,683 [INFO] phase2_scraper:     Section e_id: 2 radios, 1 checked
2025-12-11 17:39:09,510 [INFO] phase2_scraper:   Found 2 modifier groups, 6 modifiers for dish 174746
2025-12-11 17:39:10,111 [INFO] phase2_scraper: Processing dish: Classic Crispy Chicken Burger (ID: 174747, combo=False)
2025-12-11 17:39:11,092 [INFO] phase2_scraper:   #groups has sections: ['br_id', 'ci_id', 'dr_id', 'sa_id', 'sd_id', 'e_id', 'cm_id']
2025-12-11 17:39:11,092 [INFO] phase2_scraper:     Section br_id: 1 radios, 1 checked
2025-12-11 17:39:11,947 [INFO] phase2_scraper:     Section ci_id: 2 radios, 0 checked
2025-12-11 17:39:11,947 [INFO] phase2_scraper:     Section sa_id: 4 radios, 0 checked
2025-12-11 17:39:11,948 [INFO] phase2_scraper:     Section sd_id: 1 radios, 0 checked
2025-12-11 17:39:11,948 [INFO] phase2_scraper:     Section e_id: 2 radios, 1 checked
2025-12-11 17:39:13,506 [INFO] phase2_scraper:   Found 2 modifier groups, 6 modifiers for dish 174747
2025-12-11 17:39:14,107 [INFO] phase2_scraper: Processing dish: Deluxe Crispy Chicken Burger (ID: 174748, combo=False)
2025-12-11 17:39:15,103 [INFO] phase2_scraper:   #groups has sections: ['br_id', 'ci_id', 'dr_id', 'sa_id', 'sd_id', 'e_id', 'cm_id']
2025-12-11 17:39:15,104 [INFO] phase2_scraper:     Section br_id: 1 radios, 1 checked
2025-12-11 17:39:15,994 [INFO] phase2_scraper:     Section ci_id: 2 radios, 0 checked
2025-12-11 17:39:15,995 [INFO] phase2_scraper:     Section sa_id: 4 radios, 0 checked
2025-12-11 17:39:15,995 [INFO] phase2_scraper:     Section sd_id: 1 radios, 0 checked
2025-12-11 17:39:15,996 [INFO] phase2_scraper:     Section e_id: 2 radios, 1 checked
2025-12-11 17:39:17,513 [INFO] phase2_scraper:   Found 2 modifier groups, 6 modifiers for dish 174748
2025-12-11 17:39:18,118 [INFO] phase2_scraper: Processing dish: Sweet Chili Crispy Burger (ID: 174749, combo=False)
2025-12-11 17:39:19,210 [INFO] phase2_scraper:   #groups has sections: ['br_id', 'ci_id', 'dr_id', 'sa_id', 'sd_id', 'e_id', 'cm_id']
2025-12-11 17:39:19,211 [INFO] phase2_scraper:     Section br_id: 1 radios, 1 checked
2025-12-11 17:39:20,075 [INFO] phase2_scraper:     Section ci_id: 2 radios, 0 checked
2025-12-11 17:39:20,076 [INFO] phase2_scraper:     Section sa_id: 4 radios, 0 checked
2025-12-11 17:39:20,076 [INFO] phase2_scraper:     Section sd_id: 1 radios, 0 checked
2025-12-11 17:39:20,076 [INFO] phase2_scraper:     Section e_id: 2 radios, 1 checked
2025-12-11 17:39:21,647 [INFO] phase2_scraper:   Found 2 modifier groups, 6 modifiers for dish 174749
2025-12-11 17:39:22,254 [INFO] phase2_scraper: Processing dish: Grilled Cheese Sandwich HIDE (ID: 174750, combo=False)
2025-12-11 17:39:23,231 [INFO] phase2_scraper:   #groups has sections: ['br_id', 'ci_id', 'dr_id', 'sa_id', 'sd_id', 'e_id', 'cm_id']
2025-12-11 17:39:23,232 [INFO] phase2_scraper:     Section br_id: 1 radios, 0 checked
2025-12-11 17:39:23,232 [INFO] phase2_scraper:     Section ci_id: 2 radios, 0 checked
2025-12-11 17:39:23,233 [INFO] phase2_scraper:     Section sa_id: 4 radios, 0 checked
2025-12-11 17:39:23,233 [INFO] phase2_scraper:     Section sd_id: 1 radios, 0 checked
2025-12-11 17:39:23,233 [INFO] phase2_scraper:     Section e_id: 2 radios, 0 checked
2025-12-11 17:39:23,854 [INFO] phase2_scraper: Processing dish: Mac & Cheese Burger HIDE (ID: 174751, combo=False)
2025-12-11 17:39:24,838 [INFO] phase2_scraper:   #groups has sections: ['br_id', 'ci_id', 'dr_id', 'sa_id', 'sd_id', 'e_id', 'cm_id']
2025-12-11 17:39:24,839 [INFO] phase2_scraper:     Section br_id: 1 radios, 0 checked
2025-12-11 17:39:24,840 [INFO] phase2_scraper:     Section ci_id: 2 radios, 0 checked
2025-12-11 17:39:24,840 [INFO] phase2_scraper:     Section sa_id: 4 radios, 0 checked
2025-12-11 17:39:24,840 [INFO] phase2_scraper:     Section sd_id: 1 radios, 0 checked
2025-12-11 17:39:24,841 [INFO] phase2_scraper:     Section e_id: 2 radios, 1 checked
2025-12-11 17:39:26,376 [INFO] phase2_scraper:   Found 1 modifier groups, 4 modifiers for dish 174751
2025-12-11 17:39:26,981 [INFO] phase2_scraper: Processing dish: Original Burger COMBO (ID: 174752, combo=False)
2025-12-11 17:39:27,944 [INFO] phase2_scraper:   #groups has sections: ['br_id', 'ci_id', 'dr_id', 'sa_id', 'sd_id', 'e_id', 'cm_id']
2025-12-11 17:39:27,945 [INFO] phase2_scraper:     Section br_id: 1 radios, 1 checked
2025-12-11 17:39:28,827 [INFO] phase2_scraper:     Section ci_id: 2 radios, 0 checked
2025-12-11 17:39:28,828 [INFO] phase2_scraper:     Section sa_id: 4 radios, 0 checked
2025-12-11 17:39:28,828 [INFO] phase2_scraper:     Section sd_id: 1 radios, 1 checked
2025-12-11 17:39:30,414 [INFO] phase2_scraper:     Section e_id: 2 radios, 1 checked
2025-12-11 17:39:32,000 [INFO] phase2_scraper:   Found 3 modifier groups, 10 modifiers for dish 174752
2025-12-11 17:39:32,614 [INFO] phase2_scraper: Processing dish: Cheese Burger COMBO (ID: 174753, combo=False)
2025-12-11 17:39:33,578 [INFO] phase2_scraper:   #groups has sections: ['br_id', 'ci_id', 'dr_id', 'sa_id', 'sd_id', 'e_id', 'cm_id']
2025-12-11 17:39:33,578 [INFO] phase2_scraper:     Section br_id: 1 radios, 1 checked
2025-12-11 17:39:34,440 [INFO] phase2_scraper:     Section ci_id: 2 radios, 0 checked
2025-12-11 17:39:34,440 [INFO] phase2_scraper:     Section sa_id: 4 radios, 0 checked
2025-12-11 17:39:34,441 [INFO] phase2_scraper:     Section sd_id: 1 radios, 1 checked
2025-12-11 17:39:35,957 [INFO] phase2_scraper:     Section e_id: 2 radios, 1 checked
2025-12-11 17:39:37,496 [INFO] phase2_scraper:   Found 3 modifier groups, 10 modifiers for dish 174753
2025-12-11 17:39:38,100 [INFO] phase2_scraper: Processing dish: Bacon Burger COMBO (ID: 174754, combo=False)
2025-12-11 17:39:39,089 [INFO] phase2_scraper:   #groups has sections: ['br_id', 'ci_id', 'dr_id', 'sa_id', 'sd_id', 'e_id', 'cm_id']
2025-12-11 17:39:39,089 [INFO] phase2_scraper:     Section br_id: 1 radios, 1 checked
2025-12-11 17:39:39,949 [INFO] phase2_scraper:     Section ci_id: 2 radios, 0 checked
2025-12-11 17:39:39,949 [INFO] phase2_scraper:     Section sa_id: 4 radios, 0 checked
2025-12-11 17:39:39,950 [INFO] phase2_scraper:     Section sd_id: 1 radios, 1 checked
2025-12-11 17:39:41,516 [INFO] phase2_scraper:     Section e_id: 2 radios, 1 checked
2025-12-11 17:39:43,064 [INFO] phase2_scraper:   Found 3 modifier groups, 10 modifiers for dish 174754
2025-12-11 17:39:43,663 [INFO] phase2_scraper: Processing dish: Fried Mozzarella Burger COMBO (ID: 174755, combo=False)
2025-12-11 17:39:44,694 [INFO] phase2_scraper:   #groups has sections: ['br_id', 'ci_id', 'dr_id', 'sa_id', 'sd_id', 'e_id', 'cm_id']
2025-12-11 17:39:44,694 [INFO] phase2_scraper:     Section br_id: 1 radios, 1 checked
2025-12-11 17:39:45,558 [INFO] phase2_scraper:     Section ci_id: 2 radios, 0 checked
2025-12-11 17:39:45,559 [INFO] phase2_scraper:     Section sa_id: 4 radios, 0 checked
2025-12-11 17:39:45,559 [INFO] phase2_scraper:     Section sd_id: 1 radios, 1 checked
2025-12-11 17:39:47,093 [INFO] phase2_scraper:     Section e_id: 2 radios, 1 checked
2025-12-11 17:39:48,616 [INFO] phase2_scraper:   Found 3 modifier groups, 10 modifiers for dish 174755
2025-12-11 17:39:49,213 [INFO] phase2_scraper: Processing dish: Heat Burger COMBO (ID: 174756, combo=False)
2025-12-11 17:39:50,209 [INFO] phase2_scraper:   #groups has sections: ['br_id', 'ci_id', 'dr_id', 'sa_id', 'sd_id', 'e_id', 'cm_id']
2025-12-11 17:39:50,209 [INFO] phase2_scraper:     Section br_id: 1 radios, 1 checked
2025-12-11 17:39:51,043 [INFO] phase2_scraper:     Section ci_id: 2 radios, 0 checked
2025-12-11 17:39:51,044 [INFO] phase2_scraper:     Section sa_id: 4 radios, 0 checked
2025-12-11 17:39:51,044 [INFO] phase2_scraper:     Section sd_id: 1 radios, 1 checked
2025-12-11 17:39:52,577 [INFO] phase2_scraper:     Section e_id: 2 radios, 1 checked
2025-12-11 17:39:54,116 [INFO] phase2_scraper:   Found 3 modifier groups, 10 modifiers for dish 174756
2025-12-11 17:39:54,725 [INFO] phase2_scraper: Processing dish: ALL OUT Burger COMBO (ID: 174757, combo=False)
2025-12-11 17:39:55,689 [INFO] phase2_scraper:   #groups has sections: ['br_id', 'ci_id', 'dr_id', 'sa_id', 'sd_id', 'e_id', 'cm_id']
2025-12-11 17:39:55,690 [INFO] phase2_scraper:     Section br_id: 1 radios, 1 checked
2025-12-11 17:39:56,599 [INFO] phase2_scraper:     Section ci_id: 2 radios, 0 checked
2025-12-11 17:39:56,599 [INFO] phase2_scraper:     Section sa_id: 4 radios, 0 checked
2025-12-11 17:39:56,599 [INFO] phase2_scraper:     Section sd_id: 1 radios, 1 checked
2025-12-11 17:39:58,159 [INFO] phase2_scraper:     Section e_id: 2 radios, 1 checked
2025-12-11 17:39:59,718 [INFO] phase2_scraper:   Found 3 modifier groups, 10 modifiers for dish 174757
2025-12-11 17:40:00,321 [INFO] phase2_scraper: Processing dish: Veggie Burger COMBO (ID: 174758, combo=False)
2025-12-11 17:40:01,292 [INFO] phase2_scraper:   #groups has sections: ['br_id', 'ci_id', 'dr_id', 'sa_id', 'sd_id', 'e_id', 'cm_id']
2025-12-11 17:40:01,292 [INFO] phase2_scraper:     Section br_id: 1 radios, 1 checked
2025-12-11 17:40:02,136 [INFO] phase2_scraper:     Section ci_id: 2 radios, 0 checked
2025-12-11 17:40:02,137 [INFO] phase2_scraper:     Section sa_id: 4 radios, 0 checked
2025-12-11 17:40:02,137 [INFO] phase2_scraper:     Section sd_id: 1 radios, 1 checked
2025-12-11 17:40:03,645 [INFO] phase2_scraper:     Section e_id: 2 radios, 1 checked
2025-12-11 17:40:05,181 [INFO] phase2_scraper:   Found 3 modifier groups, 10 modifiers for dish 174758
2025-12-11 17:40:05,783 [INFO] phase2_scraper: Processing dish: Grilled Chicken Burger COMBO (ID: 174759, combo=False)
2025-12-11 17:40:06,743 [INFO] phase2_scraper:   #groups has sections: ['br_id', 'ci_id', 'dr_id', 'sa_id', 'sd_id', 'e_id', 'cm_id']
2025-12-11 17:40:06,744 [INFO] phase2_scraper:     Section br_id: 1 radios, 1 checked
2025-12-11 17:40:07,596 [INFO] phase2_scraper:     Section ci_id: 2 radios, 0 checked
2025-12-11 17:40:07,597 [INFO] phase2_scraper:     Section sa_id: 4 radios, 0 checked
2025-12-11 17:40:07,597 [INFO] phase2_scraper:     Section sd_id: 1 radios, 1 checked
2025-12-11 17:40:09,110 [INFO] phase2_scraper:     Section e_id: 2 radios, 1 checked
2025-12-11 17:40:10,646 [INFO] phase2_scraper:   Found 3 modifier groups, 10 modifiers for dish 174759
2025-12-11 17:40:11,260 [INFO] phase2_scraper: Processing dish: Fry N Slaw Burger COMBO (ID: 174760, combo=False)
2025-12-11 17:40:12,229 [INFO] phase2_scraper:   #groups has sections: ['br_id', 'ci_id', 'dr_id', 'sa_id', 'sd_id', 'e_id', 'cm_id']
2025-12-11 17:40:12,230 [INFO] phase2_scraper:     Section br_id: 1 radios, 1 checked
2025-12-11 17:40:13,076 [INFO] phase2_scraper:     Section ci_id: 2 radios, 0 checked
2025-12-11 17:40:13,076 [INFO] phase2_scraper:     Section sa_id: 4 radios, 0 checked
2025-12-11 17:40:13,077 [INFO] phase2_scraper:     Section sd_id: 1 radios, 1 checked
2025-12-11 17:40:14,603 [INFO] phase2_scraper:     Section e_id: 2 radios, 1 checked
2025-12-11 17:40:16,203 [INFO] phase2_scraper:   Found 3 modifier groups, 10 modifiers for dish 174760
2025-12-11 17:40:16,808 [INFO] phase2_scraper: Processing dish: Halloumi Burger COMBO (ID: 174761, combo=False)
2025-12-11 17:40:17,776 [INFO] phase2_scraper:   #groups has sections: ['br_id', 'ci_id', 'dr_id', 'sa_id', 'sd_id', 'e_id', 'cm_id']
2025-12-11 17:40:17,777 [INFO] phase2_scraper:     Section br_id: 1 radios, 1 checked
2025-12-11 17:40:18,631 [INFO] phase2_scraper:     Section ci_id: 2 radios, 0 checked
2025-12-11 17:40:18,632 [INFO] phase2_scraper:     Section sa_id: 4 radios, 0 checked
2025-12-11 17:40:18,632 [INFO] phase2_scraper:     Section sd_id: 1 radios, 1 checked
2025-12-11 17:40:20,177 [INFO] phase2_scraper:     Section e_id: 2 radios, 1 checked
2025-12-11 17:40:21,738 [INFO] phase2_scraper:   Found 3 modifier groups, 10 modifiers for dish 174761
2025-12-11 17:40:22,338 [INFO] phase2_scraper: Processing dish: Texas Beast Burger COMBO (ID: 174762, combo=False)
2025-12-11 17:40:23,358 [INFO] phase2_scraper:   #groups has sections: ['br_id', 'ci_id', 'dr_id', 'sa_id', 'sd_id', 'e_id', 'cm_id']
2025-12-11 17:40:23,358 [INFO] phase2_scraper:     Section br_id: 1 radios, 1 checked
2025-12-11 17:40:24,221 [INFO] phase2_scraper:     Section ci_id: 2 radios, 0 checked
2025-12-11 17:40:24,221 [INFO] phase2_scraper:     Section sa_id: 4 radios, 0 checked
2025-12-11 17:40:24,222 [INFO] phase2_scraper:     Section sd_id: 1 radios, 1 checked
2025-12-11 17:40:25,766 [INFO] phase2_scraper:     Section e_id: 2 radios, 1 checked
2025-12-11 17:40:27,314 [INFO] phase2_scraper:   Found 3 modifier groups, 10 modifiers for dish 174762
2025-12-11 17:40:27,918 [INFO] phase2_scraper: Processing dish: Crispy Chicken Burger COMBO (ID: 174763, combo=False)
2025-12-11 17:40:28,914 [INFO] phase2_scraper:   #groups has sections: ['br_id', 'ci_id', 'dr_id', 'sa_id', 'sd_id', 'e_id', 'cm_id']
2025-12-11 17:40:28,915 [INFO] phase2_scraper:     Section br_id: 1 radios, 1 checked
2025-12-11 17:40:29,763 [INFO] phase2_scraper:     Section ci_id: 2 radios, 0 checked
2025-12-11 17:40:29,763 [INFO] phase2_scraper:     Section sa_id: 4 radios, 0 checked
2025-12-11 17:40:29,763 [INFO] phase2_scraper:     Section sd_id: 1 radios, 1 checked
2025-12-11 17:40:31,295 [INFO] phase2_scraper:     Section e_id: 2 radios, 1 checked
2025-12-11 17:40:32,848 [INFO] phase2_scraper:   Found 3 modifier groups, 10 modifiers for dish 174763
2025-12-11 17:40:33,459 [INFO] phase2_scraper: Processing dish: Spicy Chicken Burger COMBO (ID: 174764, combo=False)
2025-12-11 17:40:34,462 [INFO] phase2_scraper:   #groups has sections: ['br_id', 'ci_id', 'dr_id', 'sa_id', 'sd_id', 'e_id', 'cm_id']
2025-12-11 17:40:34,462 [INFO] phase2_scraper:     Section br_id: 1 radios, 1 checked
2025-12-11 17:40:35,340 [INFO] phase2_scraper:     Section ci_id: 2 radios, 0 checked
2025-12-11 17:40:35,341 [INFO] phase2_scraper:     Section sa_id: 4 radios, 0 checked
2025-12-11 17:40:35,341 [INFO] phase2_scraper:     Section sd_id: 1 radios, 1 checked
2025-12-11 17:40:36,872 [INFO] phase2_scraper:     Section e_id: 2 radios, 1 checked
2025-12-11 17:40:38,409 [INFO] phase2_scraper:   Found 3 modifier groups, 10 modifiers for dish 174764
2025-12-11 17:40:39,019 [INFO] phase2_scraper: Processing dish: Classic Crispy Chicken Burger COMBO (ID: 174765, combo=False)
2025-12-11 17:40:40,029 [INFO] phase2_scraper:   #groups has sections: ['br_id', 'ci_id', 'dr_id', 'sa_id', 'sd_id', 'e_id', 'cm_id']
2025-12-11 17:40:40,029 [INFO] phase2_scraper:     Section br_id: 1 radios, 1 checked
2025-12-11 17:40:41,243 [INFO] phase2_scraper:     Section ci_id: 2 radios, 0 checked
2025-12-11 17:40:41,244 [INFO] phase2_scraper:     Section sa_id: 4 radios, 0 checked
2025-12-11 17:40:41,245 [INFO] phase2_scraper:     Section sd_id: 1 radios, 1 checked
2025-12-11 17:40:44,080 [INFO] phase2_scraper:     Section e_id: 2 radios, 1 checked
2025-12-11 17:40:46,114 [INFO] phase2_scraper:   Found 3 modifier groups, 10 modifiers for dish 174765
2025-12-11 17:40:46,711 [INFO] phase2_scraper: Processing dish: Deluxe Crispy Chicken Burger COMBO (ID: 174766, combo=False)
2025-12-11 17:40:47,695 [INFO] phase2_scraper:   #groups has sections: ['br_id', 'ci_id', 'dr_id', 'sa_id', 'sd_id', 'e_id', 'cm_id']
2025-12-11 17:40:47,696 [INFO] phase2_scraper:     Section br_id: 1 radios, 1 checked
2025-12-11 17:40:48,551 [INFO] phase2_scraper:     Section ci_id: 2 radios, 0 checked
2025-12-11 17:40:48,552 [INFO] phase2_scraper:     Section sa_id: 4 radios, 0 checked
2025-12-11 17:40:48,553 [INFO] phase2_scraper:     Section sd_id: 1 radios, 1 checked
2025-12-11 17:40:50,098 [INFO] phase2_scraper:     Section e_id: 2 radios, 1 checked
2025-12-11 17:40:51,616 [INFO] phase2_scraper:   Found 3 modifier groups, 10 modifiers for dish 174766
2025-12-11 17:40:52,216 [INFO] phase2_scraper: Processing dish: Sweet Chili Crispy Burger COMBO (ID: 174767, combo=False)
2025-12-11 17:40:53,209 [INFO] phase2_scraper:   #groups has sections: ['br_id', 'ci_id', 'dr_id', 'sa_id', 'sd_id', 'e_id', 'cm_id']
2025-12-11 17:40:53,210 [INFO] phase2_scraper:     Section br_id: 1 radios, 1 checked
2025-12-11 17:40:54,091 [INFO] phase2_scraper:     Section ci_id: 2 radios, 0 checked
2025-12-11 17:40:54,092 [INFO] phase2_scraper:     Section sa_id: 4 radios, 0 checked
2025-12-11 17:40:54,092 [INFO] phase2_scraper:     Section sd_id: 1 radios, 1 checked
2025-12-11 17:40:55,678 [INFO] phase2_scraper:     Section e_id: 2 radios, 1 checked
2025-12-11 17:40:57,228 [INFO] phase2_scraper:   Found 3 modifier groups, 10 modifiers for dish 174767
2025-12-11 17:40:57,828 [INFO] phase2_scraper: Processing dish: Grilled Cheese Sandwich COMBO HIDE (ID: 174768, combo=False)
2025-12-11 17:40:59,306 [INFO] phase2_scraper:   #groups has sections: ['br_id', 'ci_id', 'dr_id', 'sa_id', 'sd_id', 'e_id', 'cm_id']
2025-12-11 17:40:59,307 [INFO] phase2_scraper:     Section br_id: 1 radios, 0 checked
2025-12-11 17:40:59,307 [INFO] phase2_scraper:     Section ci_id: 2 radios, 0 checked
2025-12-11 17:40:59,307 [INFO] phase2_scraper:     Section sa_id: 4 radios, 0 checked
2025-12-11 17:40:59,307 [INFO] phase2_scraper:     Section sd_id: 1 radios, 1 checked
2025-12-11 17:41:00,845 [INFO] phase2_scraper:     Section e_id: 2 radios, 0 checked
2025-12-11 17:41:00,846 [INFO] phase2_scraper:   Found 1 modifier groups, 4 modifiers for dish 174768
2025-12-11 17:41:01,445 [INFO] phase2_scraper: Processing dish: Mac & Cheese Burger COMBO HIDE (ID: 174769, combo=False)
2025-12-11 17:41:02,447 [INFO] phase2_scraper:   #groups has sections: ['br_id', 'ci_id', 'dr_id', 'sa_id', 'sd_id', 'e_id', 'cm_id']
2025-12-11 17:41:02,447 [INFO] phase2_scraper:     Section br_id: 1 radios, 0 checked
2025-12-11 17:41:02,447 [INFO] phase2_scraper:     Section ci_id: 2 radios, 0 checked
2025-12-11 17:41:02,448 [INFO] phase2_scraper:     Section sa_id: 4 radios, 0 checked
2025-12-11 17:41:02,448 [INFO] phase2_scraper:     Section sd_id: 1 radios, 1 checked
2025-12-11 17:41:04,009 [INFO] phase2_scraper:     Section e_id: 2 radios, 1 checked
2025-12-11 17:41:05,528 [INFO] phase2_scraper:   Found 2 modifier groups, 8 modifiers for dish 174769
2025-12-11 17:41:06,129 [INFO] phase2_scraper: Processing dish: Jumbo Hot Dog (ID: 174770, combo=False)
2025-12-11 17:41:07,108 [INFO] phase2_scraper:   #groups has sections: ['br_id', 'ci_id', 'dr_id', 'sa_id', 'sd_id', 'e_id', 'cm_id']
2025-12-11 17:41:07,109 [INFO] phase2_scraper:     Section br_id: 1 radios, 0 checked
2025-12-11 17:41:07,110 [INFO] phase2_scraper:     Section ci_id: 2 radios, 0 checked
2025-12-11 17:41:07,111 [INFO] phase2_scraper:     Section sa_id: 4 radios, 0 checked
2025-12-11 17:41:07,111 [INFO] phase2_scraper:     Section sd_id: 1 radios, 0 checked
2025-12-11 17:41:07,111 [INFO] phase2_scraper:     Section e_id: 2 radios, 0 checked
2025-12-11 17:41:07,729 [INFO] phase2_scraper: Processing dish: Cheese Dog (ID: 174771, combo=False)
2025-12-11 17:41:08,717 [INFO] phase2_scraper:   #groups has sections: ['br_id', 'ci_id', 'dr_id', 'sa_id', 'sd_id', 'e_id', 'cm_id']
2025-12-11 17:41:08,717 [INFO] phase2_scraper:     Section br_id: 1 radios, 0 checked
2025-12-11 17:41:08,718 [INFO] phase2_scraper:     Section ci_id: 2 radios, 0 checked
2025-12-11 17:41:08,718 [INFO] phase2_scraper:     Section sa_id: 4 radios, 0 checked
2025-12-11 17:41:08,718 [INFO] phase2_scraper:     Section sd_id: 1 radios, 0 checked
2025-12-11 17:41:08,718 [INFO] phase2_scraper:     Section e_id: 2 radios, 0 checked
2025-12-11 17:41:09,336 [INFO] phase2_scraper: Processing dish: New York Style Hot Dog (ID: 174772, combo=False)
2025-12-11 17:41:10,325 [INFO] phase2_scraper:   #groups has sections: ['br_id', 'ci_id', 'dr_id', 'sa_id', 'sd_id', 'e_id', 'cm_id']
2025-12-11 17:41:10,325 [INFO] phase2_scraper:     Section br_id: 1 radios, 0 checked
2025-12-11 17:41:10,326 [INFO] phase2_scraper:     Section ci_id: 2 radios, 0 checked
2025-12-11 17:41:10,326 [INFO] phase2_scraper:     Section sa_id: 4 radios, 0 checked
2025-12-11 17:41:10,326 [INFO] phase2_scraper:     Section sd_id: 1 radios, 0 checked
2025-12-11 17:41:10,327 [INFO] phase2_scraper:     Section e_id: 2 radios, 0 checked
2025-12-11 17:41:10,928 [INFO] phase2_scraper: Processing dish: House Salad (ID: 174773, combo=False)
2025-12-11 17:41:11,920 [INFO] phase2_scraper:   #groups has sections: ['br_id', 'ci_id', 'dr_id', 'sa_id', 'sd_id', 'e_id', 'cm_id']
2025-12-11 17:41:11,921 [INFO] phase2_scraper:     Section br_id: 1 radios, 0 checked
2025-12-11 17:41:11,922 [INFO] phase2_scraper:     Section ci_id: 2 radios, 0 checked
2025-12-11 17:41:11,922 [INFO] phase2_scraper:     Section sa_id: 4 radios, 0 checked
2025-12-11 17:41:11,922 [INFO] phase2_scraper:     Section sd_id: 1 radios, 0 checked
2025-12-11 17:41:11,922 [INFO] phase2_scraper:     Section e_id: 2 radios, 0 checked
2025-12-11 17:41:12,529 [INFO] phase2_scraper: Processing dish: Caesar Salad (ID: 174774, combo=False)
2025-12-11 17:41:13,525 [INFO] phase2_scraper:   #groups has sections: ['br_id', 'ci_id', 'dr_id', 'sa_id', 'sd_id', 'e_id', 'cm_id']
2025-12-11 17:41:13,526 [INFO] phase2_scraper:     Section br_id: 1 radios, 0 checked
2025-12-11 17:41:13,526 [INFO] phase2_scraper:     Section ci_id: 2 radios, 0 checked
2025-12-11 17:41:13,527 [INFO] phase2_scraper:     Section sa_id: 4 radios, 0 checked
2025-12-11 17:41:13,527 [INFO] phase2_scraper:     Section sd_id: 1 radios, 0 checked
2025-12-11 17:41:13,527 [INFO] phase2_scraper:     Section e_id: 2 radios, 1 checked
2025-12-11 17:41:14,029 [INFO] phase2_scraper:   Found 1 modifier groups, 1 modifiers for dish 174774
2025-12-11 17:41:14,640 [INFO] phase2_scraper: Processing dish: Chicken Strips (4 pcs) (ID: 174775, combo=False)
2025-12-11 17:41:16,088 [INFO] phase2_scraper:   #groups has sections: ['br_id', 'ci_id', 'dr_id', 'sa_id', 'sd_id', 'e_id', 'cm_id']
2025-12-11 17:41:16,089 [INFO] phase2_scraper:     Section br_id: 1 radios, 0 checked
2025-12-11 17:41:16,089 [INFO] phase2_scraper:     Section ci_id: 2 radios, 0 checked
2025-12-11 17:41:16,090 [INFO] phase2_scraper:     Section sa_id: 4 radios, 0 checked
2025-12-11 17:41:16,090 [INFO] phase2_scraper:     Section sd_id: 1 radios, 0 checked
2025-12-11 17:41:16,090 [INFO] phase2_scraper:     Section e_id: 2 radios, 0 checked
2025-12-11 17:41:16,687 [INFO] phase2_scraper: Processing dish: Chicken Strips COMBO (4 pcs) (ID: 174776, combo=False)
2025-12-11 17:41:17,669 [INFO] phase2_scraper:   #groups has sections: ['br_id', 'ci_id', 'dr_id', 'sa_id', 'sd_id', 'e_id', 'cm_id']
2025-12-11 17:41:17,670 [INFO] phase2_scraper:     Section br_id: 1 radios, 0 checked
2025-12-11 17:41:17,670 [INFO] phase2_scraper:     Section ci_id: 2 radios, 0 checked
2025-12-11 17:41:17,671 [INFO] phase2_scraper:     Section sa_id: 4 radios, 0 checked
2025-12-11 17:41:17,671 [INFO] phase2_scraper:     Section sd_id: 1 radios, 1 checked
2025-12-11 17:41:19,247 [INFO] phase2_scraper:     Section e_id: 2 radios, 0 checked
2025-12-11 17:41:19,248 [INFO] phase2_scraper:   Found 1 modifier groups, 4 modifiers for dish 174776
2025-12-11 17:41:19,861 [INFO] phase2_scraper: Processing dish: Spicy Chicken Strips (4 pcs) (ID: 174777, combo=False)
2025-12-11 17:41:20,842 [INFO] phase2_scraper:   #groups has sections: ['br_id', 'ci_id', 'dr_id', 'sa_id', 'sd_id', 'e_id', 'cm_id']
2025-12-11 17:41:20,842 [INFO] phase2_scraper:     Section br_id: 1 radios, 0 checked
2025-12-11 17:41:20,843 [INFO] phase2_scraper:     Section ci_id: 2 radios, 0 checked
2025-12-11 17:41:20,843 [INFO] phase2_scraper:     Section sa_id: 4 radios, 0 checked
2025-12-11 17:41:20,843 [INFO] phase2_scraper:     Section sd_id: 1 radios, 0 checked
2025-12-11 17:41:20,844 [INFO] phase2_scraper:     Section e_id: 2 radios, 0 checked
2025-12-11 17:41:21,450 [INFO] phase2_scraper: Processing dish: Spicy Chicken Strips COMBO (4 pcs) (ID: 174778, combo=False)
2025-12-11 17:41:22,454 [INFO] phase2_scraper:   #groups has sections: ['br_id', 'ci_id', 'dr_id', 'sa_id', 'sd_id', 'e_id', 'cm_id']
2025-12-11 17:41:22,454 [INFO] phase2_scraper:     Section br_id: 1 radios, 0 checked
2025-12-11 17:41:22,455 [INFO] phase2_scraper:     Section ci_id: 2 radios, 0 checked
2025-12-11 17:41:22,455 [INFO] phase2_scraper:     Section sa_id: 4 radios, 0 checked
2025-12-11 17:41:22,455 [INFO] phase2_scraper:     Section sd_id: 1 radios, 1 checked
2025-12-11 17:41:24,010 [INFO] phase2_scraper:     Section e_id: 2 radios, 0 checked
2025-12-11 17:41:24,011 [INFO] phase2_scraper:   Found 1 modifier groups, 4 modifiers for dish 174778
2025-12-11 17:41:24,609 [INFO] phase2_scraper: Processing dish: Chicken Wings (1lb) (ID: 174779, combo=False)
2025-12-11 17:41:25,708 [INFO] phase2_scraper:   #groups has sections: ['br_id', 'ci_id', 'dr_id', 'sa_id', 'sd_id', 'e_id', 'cm_id']
2025-12-11 17:41:25,709 [INFO] phase2_scraper:     Section br_id: 1 radios, 0 checked
2025-12-11 17:41:25,709 [INFO] phase2_scraper:     Section ci_id: 2 radios, 0 checked
2025-12-11 17:41:25,710 [INFO] phase2_scraper:     Section sa_id: 4 radios, 1 checked
2025-12-11 17:41:27,567 [INFO] phase2_scraper:     Section sd_id: 1 radios, 0 checked
2025-12-11 17:41:27,568 [INFO] phase2_scraper:     Section e_id: 2 radios, 0 checked
2025-12-11 17:41:27,568 [INFO] phase2_scraper:   Found 1 modifier groups, 5 modifiers for dish 174779
2025-12-11 17:41:28,175 [INFO] phase2_scraper: Processing dish: Chicken Wings COMBO (1lb) (ID: 174780, combo=False)
2025-12-11 17:41:29,171 [INFO] phase2_scraper:   #groups has sections: ['br_id', 'ci_id', 'dr_id', 'sa_id', 'sd_id', 'e_id', 'cm_id']
2025-12-11 17:41:29,171 [INFO] phase2_scraper:     Section br_id: 1 radios, 0 checked
2025-12-11 17:41:29,172 [INFO] phase2_scraper:     Section ci_id: 2 radios, 0 checked
2025-12-11 17:41:29,172 [INFO] phase2_scraper:     Section sa_id: 4 radios, 1 checked
2025-12-11 17:41:31,108 [INFO] phase2_scraper:     Section sd_id: 1 radios, 1 checked
2025-12-11 17:41:32,642 [INFO] phase2_scraper:     Section e_id: 2 radios, 0 checked
2025-12-11 17:41:32,642 [INFO] phase2_scraper:   Found 2 modifier groups, 9 modifiers for dish 174780
2025-12-11 17:41:33,242 [INFO] phase2_scraper: Processing dish: Boneless Wings (1lb) (ID: 174781, combo=False)
2025-12-11 17:41:34,227 [INFO] phase2_scraper:   #groups has sections: ['br_id', 'ci_id', 'dr_id', 'sa_id', 'sd_id', 'e_id', 'cm_id']
2025-12-11 17:41:34,227 [INFO] phase2_scraper:     Section br_id: 1 radios, 0 checked
2025-12-11 17:41:34,228 [INFO] phase2_scraper:     Section ci_id: 2 radios, 0 checked
2025-12-11 17:41:34,228 [INFO] phase2_scraper:     Section sa_id: 4 radios, 1 checked
2025-12-11 17:41:36,097 [INFO] phase2_scraper:     Section sd_id: 1 radios, 0 checked
2025-12-11 17:41:36,097 [INFO] phase2_scraper:     Section e_id: 2 radios, 0 checked
2025-12-11 17:41:36,098 [INFO] phase2_scraper:   Found 1 modifier groups, 5 modifiers for dish 174781
2025-12-11 17:41:36,699 [INFO] phase2_scraper: Processing dish: Boneless Wings COMBO (1lb) (ID: 174782, combo=False)
2025-12-11 17:41:37,692 [INFO] phase2_scraper:   #groups has sections: ['br_id', 'ci_id', 'dr_id', 'sa_id', 'sd_id', 'e_id', 'cm_id']
2025-12-11 17:41:37,693 [INFO] phase2_scraper:     Section br_id: 1 radios, 0 checked
2025-12-11 17:41:37,693 [INFO] phase2_scraper:     Section ci_id: 2 radios, 0 checked
2025-12-11 17:41:37,693 [INFO] phase2_scraper:     Section sa_id: 4 radios, 1 checked
2025-12-11 17:41:39,600 [INFO] phase2_scraper:     Section sd_id: 1 radios, 1 checked
2025-12-11 17:41:41,167 [INFO] phase2_scraper:     Section e_id: 2 radios, 0 checked
2025-12-11 17:41:41,168 [INFO] phase2_scraper:   Found 2 modifier groups, 9 modifiers for dish 174782
2025-12-11 17:41:41,773 [INFO] phase2_scraper: Processing dish: ALL OUT Poutine (ID: 174783, combo=False)
2025-12-11 17:41:42,922 [INFO] phase2_scraper:   #groups has sections: ['br_id', 'ci_id', 'dr_id', 'sa_id', 'sd_id', 'e_id', 'cm_id']
2025-12-11 17:41:42,922 [INFO] phase2_scraper:     Section br_id: 1 radios, 0 checked
2025-12-11 17:41:42,922 [INFO] phase2_scraper:     Section ci_id: 2 radios, 0 checked
2025-12-11 17:41:42,923 [INFO] phase2_scraper:     Section sa_id: 4 radios, 0 checked
2025-12-11 17:41:42,923 [INFO] phase2_scraper:     Section sd_id: 1 radios, 0 checked
2025-12-11 17:41:42,923 [INFO] phase2_scraper:     Section e_id: 2 radios, 0 checked
2025-12-11 17:41:43,521 [INFO] phase2_scraper: Processing dish: Crispy Chicken Poutine (ID: 174784, combo=False)
2025-12-11 17:41:44,699 [INFO] phase2_scraper:   #groups has sections: ['br_id', 'ci_id', 'dr_id', 'sa_id', 'sd_id', 'e_id', 'cm_id']
2025-12-11 17:41:44,700 [INFO] phase2_scraper:     Section br_id: 1 radios, 0 checked
2025-12-11 17:41:44,700 [INFO] phase2_scraper:     Section ci_id: 2 radios, 0 checked
2025-12-11 17:41:44,701 [INFO] phase2_scraper:     Section sa_id: 4 radios, 0 checked
2025-12-11 17:41:44,701 [INFO] phase2_scraper:     Section sd_id: 1 radios, 0 checked
2025-12-11 17:41:44,702 [INFO] phase2_scraper:     Section e_id: 2 radios, 0 checked
2025-12-11 17:41:45,301 [INFO] phase2_scraper: Processing dish: Classic Poutine (ID: 174785, combo=False)
2025-12-11 17:41:46,438 [INFO] phase2_scraper:   #groups has sections: ['br_id', 'ci_id', 'dr_id', 'sa_id', 'sd_id', 'e_id', 'cm_id']
2025-12-11 17:41:46,439 [INFO] phase2_scraper:     Section br_id: 1 radios, 0 checked
2025-12-11 17:41:46,439 [INFO] phase2_scraper:     Section ci_id: 2 radios, 0 checked
2025-12-11 17:41:46,440 [INFO] phase2_scraper:     Section sa_id: 4 radios, 0 checked
2025-12-11 17:41:46,440 [INFO] phase2_scraper:     Section sd_id: 1 radios, 0 checked
2025-12-11 17:41:46,440 [INFO] phase2_scraper:     Section e_id: 2 radios, 0 checked
2025-12-11 17:41:47,037 [INFO] phase2_scraper: Processing dish: Popcurd Poutine (ID: 174786, combo=False)
2025-12-11 17:41:48,173 [INFO] phase2_scraper:   #groups has sections: ['br_id', 'ci_id', 'dr_id', 'sa_id', 'sd_id', 'e_id', 'cm_id']
2025-12-11 17:41:48,174 [INFO] phase2_scraper:     Section br_id: 1 radios, 0 checked
2025-12-11 17:41:48,174 [INFO] phase2_scraper:     Section ci_id: 2 radios, 0 checked
2025-12-11 17:41:48,174 [INFO] phase2_scraper:     Section sa_id: 4 radios, 0 checked
2025-12-11 17:41:48,175 [INFO] phase2_scraper:     Section sd_id: 1 radios, 0 checked
2025-12-11 17:41:48,175 [INFO] phase2_scraper:     Section e_id: 2 radios, 0 checked
2025-12-11 17:41:48,774 [INFO] phase2_scraper: Processing dish: Meat Lovers Poutine (ID: 174787, combo=False)
2025-12-11 17:41:49,934 [INFO] phase2_scraper:   #groups has sections: ['br_id', 'ci_id', 'dr_id', 'sa_id', 'sd_id', 'e_id', 'cm_id']
2025-12-11 17:41:49,934 [INFO] phase2_scraper:     Section br_id: 1 radios, 0 checked
2025-12-11 17:41:49,934 [INFO] phase2_scraper:     Section ci_id: 2 radios, 0 checked
2025-12-11 17:41:49,935 [INFO] phase2_scraper:     Section sa_id: 4 radios, 0 checked
2025-12-11 17:41:49,935 [INFO] phase2_scraper:     Section sd_id: 1 radios, 0 checked
2025-12-11 17:41:49,935 [INFO] phase2_scraper:     Section e_id: 2 radios, 0 checked
2025-12-11 17:41:50,541 [INFO] phase2_scraper: Processing dish: Cheese Fries Poutione (ID: 174788, combo=False)
2025-12-11 17:41:51,689 [INFO] phase2_scraper:   #groups has sections: ['br_id', 'ci_id', 'dr_id', 'sa_id', 'sd_id', 'e_id', 'cm_id']
2025-12-11 17:41:51,690 [INFO] phase2_scraper:     Section br_id: 1 radios, 0 checked
2025-12-11 17:41:51,690 [INFO] phase2_scraper:     Section ci_id: 2 radios, 0 checked
2025-12-11 17:41:51,691 [INFO] phase2_scraper:     Section sa_id: 4 radios, 0 checked
2025-12-11 17:41:51,691 [INFO] phase2_scraper:     Section sd_id: 1 radios, 0 checked
2025-12-11 17:41:51,691 [INFO] phase2_scraper:     Section e_id: 2 radios, 0 checked
2025-12-11 17:41:52,292 [INFO] phase2_scraper: Processing dish: Mini Burger Meal (ID: 174789, combo=False)
2025-12-11 17:41:53,265 [INFO] phase2_scraper:   #groups has sections: ['br_id', 'ci_id', 'dr_id', 'sa_id', 'sd_id', 'e_id', 'cm_id']
2025-12-11 17:41:53,266 [INFO] phase2_scraper:     Section br_id: 1 radios, 0 checked
2025-12-11 17:41:53,267 [INFO] phase2_scraper:     Section ci_id: 2 radios, 0 checked
2025-12-11 17:41:53,267 [INFO] phase2_scraper:     Section sa_id: 4 radios, 0 checked
2025-12-11 17:41:53,267 [INFO] phase2_scraper:     Section sd_id: 1 radios, 0 checked
2025-12-11 17:41:53,267 [INFO] phase2_scraper:     Section e_id: 2 radios, 0 checked
2025-12-11 17:41:53,869 [INFO] phase2_scraper: Processing dish: Chicken Strips (2 pcs) (ID: 174790, combo=False)
2025-12-11 17:41:54,846 [INFO] phase2_scraper:   #groups has sections: ['br_id', 'ci_id', 'dr_id', 'sa_id', 'sd_id', 'e_id', 'cm_id']
2025-12-11 17:41:54,847 [INFO] phase2_scraper:     Section br_id: 1 radios, 0 checked
2025-12-11 17:41:54,847 [INFO] phase2_scraper:     Section ci_id: 2 radios, 0 checked
2025-12-11 17:41:54,847 [INFO] phase2_scraper:     Section sa_id: 4 radios, 0 checked
2025-12-11 17:41:54,848 [INFO] phase2_scraper:     Section sd_id: 1 radios, 0 checked
2025-12-11 17:41:54,848 [INFO] phase2_scraper:     Section e_id: 2 radios, 0 checked
2025-12-11 17:41:55,451 [INFO] phase2_scraper: Processing dish: Ruby Tuesday (ID: 174791, combo=False)
2025-12-11 17:41:56,451 [INFO] phase2_scraper:   #groups has sections: ['br_id', 'ci_id', 'dr_id', 'sa_id', 'sd_id', 'e_id', 'cm_id']
2025-12-11 17:41:56,451 [INFO] phase2_scraper:     Section br_id: 1 radios, 0 checked
2025-12-11 17:41:56,452 [INFO] phase2_scraper:     Section ci_id: 2 radios, 0 checked
2025-12-11 17:41:56,452 [INFO] phase2_scraper:     Section sa_id: 4 radios, 0 checked
2025-12-11 17:41:56,452 [INFO] phase2_scraper:     Section sd_id: 1 radios, 0 checked
2025-12-11 17:41:56,453 [INFO] phase2_scraper:     Section e_id: 2 radios, 0 checked
2025-12-11 17:45:30,685 [INFO] phase2_scraper: Processing dish: Nutella Cheesecake (ID: 174792, combo=False)
2025-12-11 17:45:39,155 [INFO] phase2_scraper:   #groups has sections: ['br_id', 'ci_id', 'dr_id', 'sa_id', 'sd_id', 'e_id', 'cm_id']
2025-12-11 17:45:39,156 [INFO] phase2_scraper:     Section br_id: 1 radios, 0 checked
2025-12-11 17:45:39,156 [INFO] phase2_scraper:     Section ci_id: 2 radios, 0 checked
2025-12-11 17:45:39,157 [INFO] phase2_scraper:     Section sa_id: 4 radios, 0 checked
2025-12-11 17:45:39,157 [INFO] phase2_scraper:     Section sd_id: 1 radios, 0 checked
2025-12-11 17:45:39,157 [INFO] phase2_scraper:     Section e_id: 2 radios, 0 checked
2025-12-11 17:45:39,764 [INFO] phase2_scraper: Processing dish: Rustic Pecan (ID: 174793, combo=False)
2025-12-11 17:45:40,655 [INFO] phase2_scraper:   #groups has sections: ['br_id', 'ci_id', 'dr_id', 'sa_id', 'sd_id', 'e_id', 'cm_id']
2025-12-11 17:45:40,655 [INFO] phase2_scraper:     Section br_id: 1 radios, 0 checked
2025-12-11 17:45:40,655 [INFO] phase2_scraper:     Section ci_id: 2 radios, 0 checked
2025-12-11 17:45:40,656 [INFO] phase2_scraper:     Section sa_id: 4 radios, 0 checked
2025-12-11 17:45:40,656 [INFO] phase2_scraper:     Section sd_id: 1 radios, 0 checked
2025-12-11 17:45:40,656 [INFO] phase2_scraper:     Section e_id: 2 radios, 0 checked
2025-12-11 17:45:41,256 [INFO] phase2_scraper: Processing dish: Dutch Apple Pie (ID: 174794, combo=False)
2025-12-11 17:45:42,247 [INFO] phase2_scraper:   #groups has sections: ['br_id', 'ci_id', 'dr_id', 'sa_id', 'sd_id', 'e_id', 'cm_id']
2025-12-11 17:45:42,247 [INFO] phase2_scraper:     Section br_id: 1 radios, 0 checked
2025-12-11 17:45:42,248 [INFO] phase2_scraper:     Section ci_id: 2 radios, 0 checked
2025-12-11 17:45:42,248 [INFO] phase2_scraper:     Section sa_id: 4 radios, 0 checked
2025-12-11 17:45:42,249 [INFO] phase2_scraper:     Section sd_id: 1 radios, 0 checked
2025-12-11 17:45:42,249 [INFO] phase2_scraper:     Section e_id: 2 radios, 0 checked
2025-12-11 17:45:42,858 [INFO] phase2_scraper: Processing dish: Keylime Pie (ID: 174795, combo=False)
2025-12-11 17:45:43,836 [INFO] phase2_scraper:   #groups has sections: ['br_id', 'ci_id', 'dr_id', 'sa_id', 'sd_id', 'e_id', 'cm_id']
2025-12-11 17:45:43,837 [INFO] phase2_scraper:     Section br_id: 1 radios, 0 checked
2025-12-11 17:45:43,837 [INFO] phase2_scraper:     Section ci_id: 2 radios, 0 checked
2025-12-11 17:45:43,838 [INFO] phase2_scraper:     Section sa_id: 4 radios, 0 checked
2025-12-11 17:45:43,838 [INFO] phase2_scraper:     Section sd_id: 1 radios, 0 checked
2025-12-11 17:45:43,838 [INFO] phase2_scraper:     Section e_id: 2 radios, 0 checked
2025-12-11 17:45:44,443 [INFO] phase2_scraper: Processing dish: Raspberry Cheesecake (ID: 174796, combo=False)
2025-12-11 17:45:45,408 [INFO] phase2_scraper:   #groups has sections: ['br_id', 'ci_id', 'dr_id', 'sa_id', 'sd_id', 'e_id', 'cm_id']
2025-12-11 17:45:45,409 [INFO] phase2_scraper:     Section br_id: 1 radios, 0 checked
2025-12-11 17:45:45,409 [INFO] phase2_scraper:     Section ci_id: 2 radios, 0 checked
2025-12-11 17:45:45,410 [INFO] phase2_scraper:     Section sa_id: 4 radios, 0 checked
2025-12-11 17:45:45,410 [INFO] phase2_scraper:     Section sd_id: 1 radios, 0 checked
2025-12-11 17:45:45,410 [INFO] phase2_scraper:     Section e_id: 2 radios, 0 checked
2025-12-11 17:45:46,023 [INFO] phase2_scraper: Processing dish: Oreo Cake (ID: 174797, combo=False)
2025-12-11 17:45:47,013 [INFO] phase2_scraper:   #groups has sections: ['br_id', 'ci_id', 'dr_id', 'sa_id', 'sd_id', 'e_id', 'cm_id']
2025-12-11 17:45:47,013 [INFO] phase2_scraper:     Section br_id: 1 radios, 0 checked
2025-12-11 17:45:47,014 [INFO] phase2_scraper:     Section ci_id: 2 radios, 0 checked
2025-12-11 17:45:47,014 [INFO] phase2_scraper:     Section sa_id: 4 radios, 0 checked
2025-12-11 17:45:47,014 [INFO] phase2_scraper:     Section sd_id: 1 radios, 0 checked
2025-12-11 17:45:47,015 [INFO] phase2_scraper:     Section e_id: 2 radios, 0 checked
2025-12-11 17:45:47,617 [INFO] phase2_scraper: Processing dish: Carrot Cake (ID: 174798, combo=False)
2025-12-11 17:45:48,588 [INFO] phase2_scraper:   #groups has sections: ['br_id', 'ci_id', 'dr_id', 'sa_id', 'sd_id', 'e_id', 'cm_id']
2025-12-11 17:45:48,589 [INFO] phase2_scraper:     Section br_id: 1 radios, 0 checked
2025-12-11 17:45:48,589 [INFO] phase2_scraper:     Section ci_id: 2 radios, 0 checked
2025-12-11 17:45:48,590 [INFO] phase2_scraper:     Section sa_id: 4 radios, 0 checked
2025-12-11 17:45:48,590 [INFO] phase2_scraper:     Section sd_id: 1 radios, 0 checked
2025-12-11 17:45:48,590 [INFO] phase2_scraper:     Section e_id: 2 radios, 0 checked
2025-12-11 17:45:49,198 [INFO] phase2_scraper: Processing dish: Chocolate Bomb (ID: 174799, combo=False)
2025-12-11 17:45:50,180 [INFO] phase2_scraper:   #groups has sections: ['br_id', 'ci_id', 'dr_id', 'sa_id', 'sd_id', 'e_id', 'cm_id']
2025-12-11 17:45:50,181 [INFO] phase2_scraper:     Section br_id: 1 radios, 0 checked
2025-12-11 17:45:50,181 [INFO] phase2_scraper:     Section ci_id: 2 radios, 0 checked
2025-12-11 17:45:50,182 [INFO] phase2_scraper:     Section sa_id: 4 radios, 0 checked
2025-12-11 17:45:50,182 [INFO] phase2_scraper:     Section sd_id: 1 radios, 0 checked
2025-12-11 17:45:50,182 [INFO] phase2_scraper:     Section e_id: 2 radios, 0 checked
2025-12-11 17:45:50,779 [INFO] phase2_scraper: Processing dish: Red Velvet Cake (ID: 174800, combo=False)
2025-12-11 17:45:51,779 [INFO] phase2_scraper:   #groups has sections: ['br_id', 'ci_id', 'dr_id', 'sa_id', 'sd_id', 'e_id', 'cm_id']
2025-12-11 17:45:51,779 [INFO] phase2_scraper:     Section br_id: 1 radios, 0 checked
2025-12-11 17:45:51,780 [INFO] phase2_scraper:     Section ci_id: 2 radios, 0 checked
2025-12-11 17:45:51,780 [INFO] phase2_scraper:     Section sa_id: 4 radios, 0 checked
2025-12-11 17:45:51,780 [INFO] phase2_scraper:     Section sd_id: 1 radios, 0 checked
2025-12-11 17:45:51,781 [INFO] phase2_scraper:     Section e_id: 2 radios, 0 checked
2025-12-11 17:45:52,385 [INFO] phase2_scraper: Processing dish: 6 Hot Fresh Mini Donuts (ID: 174801, combo=False)
2025-12-11 17:45:53,700 [INFO] phase2_scraper:   #groups has sections: ['br_id', 'ci_id', 'dr_id', 'sa_id', 'sd_id', 'e_id', 'cm_id']
2025-12-11 17:45:53,701 [INFO] phase2_scraper:     Section br_id: 1 radios, 0 checked
2025-12-11 17:45:53,701 [INFO] phase2_scraper:     Section ci_id: 2 radios, 0 checked
2025-12-11 17:45:53,701 [INFO] phase2_scraper:     Section sa_id: 4 radios, 0 checked
2025-12-11 17:45:53,702 [INFO] phase2_scraper:     Section sd_id: 1 radios, 0 checked
2025-12-11 17:45:53,702 [INFO] phase2_scraper:     Section e_id: 2 radios, 0 checked
2025-12-11 17:45:54,308 [INFO] phase2_scraper: Processing dish: 12 Hot Fresh Mini Donuts (ID: 174802, combo=False)
2025-12-11 17:45:55,627 [INFO] phase2_scraper:   #groups has sections: ['br_id', 'ci_id', 'dr_id', 'sa_id', 'sd_id', 'e_id', 'cm_id']
2025-12-11 17:45:55,628 [INFO] phase2_scraper:     Section br_id: 1 radios, 0 checked
2025-12-11 17:45:55,628 [INFO] phase2_scraper:     Section ci_id: 2 radios, 0 checked
2025-12-11 17:45:55,629 [INFO] phase2_scraper:     Section sa_id: 4 radios, 0 checked
2025-12-11 17:45:55,629 [INFO] phase2_scraper:     Section sd_id: 1 radios, 0 checked
2025-12-11 17:45:55,629 [INFO] phase2_scraper:     Section e_id: 2 radios, 0 checked
2025-12-11 17:45:56,234 [INFO] phase2_scraper: Processing dish: 24 Hot Fresh Mini Donuts (ID: 174803, combo=False)
2025-12-11 17:45:57,566 [INFO] phase2_scraper:   #groups has sections: ['br_id', 'ci_id', 'dr_id', 'sa_id', 'sd_id', 'e_id', 'cm_id']
2025-12-11 17:45:57,566 [INFO] phase2_scraper:     Section br_id: 1 radios, 0 checked
2025-12-11 17:45:57,567 [INFO] phase2_scraper:     Section ci_id: 2 radios, 0 checked
2025-12-11 17:45:57,567 [INFO] phase2_scraper:     Section sa_id: 4 radios, 0 checked
2025-12-11 17:45:57,567 [INFO] phase2_scraper:     Section sd_id: 1 radios, 0 checked
2025-12-11 17:45:57,568 [INFO] phase2_scraper:     Section e_id: 2 radios, 0 checked
2025-12-11 17:45:58,175 [INFO] phase2_scraper: Processing dish: Angry Churros (ID: 174804, combo=False)
2025-12-11 17:45:59,501 [INFO] phase2_scraper:   #groups has sections: ['br_id', 'ci_id', 'dr_id', 'sa_id', 'sd_id', 'e_id', 'cm_id']
2025-12-11 17:45:59,502 [INFO] phase2_scraper:     Section br_id: 1 radios, 0 checked
2025-12-11 17:45:59,502 [INFO] phase2_scraper:     Section ci_id: 2 radios, 0 checked
2025-12-11 17:45:59,502 [INFO] phase2_scraper:     Section sa_id: 4 radios, 0 checked
2025-12-11 17:45:59,502 [INFO] phase2_scraper:     Section sd_id: 1 radios, 0 checked
2025-12-11 17:45:59,503 [INFO] phase2_scraper:     Section e_id: 2 radios, 0 checked
2025-12-11 17:46:00,112 [INFO] phase2_scraper: Processing dish: Basil Seed Drinks (290ml ) HIDE (ID: 174805, combo=False)
2025-12-11 17:46:01,605 [INFO] phase2_scraper:   #groups has sections: ['br_id', 'ci_id', 'dr_id', 'sa_id', 'sd_id', 'e_id', 'cm_id']
2025-12-11 17:46:01,606 [INFO] phase2_scraper:     Section br_id: 1 radios, 0 checked
2025-12-11 17:46:01,606 [INFO] phase2_scraper:     Section ci_id: 2 radios, 0 checked
2025-12-11 17:46:01,606 [INFO] phase2_scraper:     Section sa_id: 4 radios, 0 checked
2025-12-11 17:46:01,607 [INFO] phase2_scraper:     Section sd_id: 1 radios, 0 checked
2025-12-11 17:46:01,607 [INFO] phase2_scraper:     Section e_id: 2 radios, 0 checked
2025-12-11 17:46:02,212 [INFO] phase2_scraper: Processing dish: Pepsi (ID: 174806, combo=False)
2025-12-11 17:46:03,183 [INFO] phase2_scraper:   #groups has sections: ['br_id', 'ci_id', 'dr_id', 'sa_id', 'sd_id', 'e_id', 'cm_id']
2025-12-11 17:46:03,183 [INFO] phase2_scraper:     Section br_id: 1 radios, 0 checked
2025-12-11 17:46:03,183 [INFO] phase2_scraper:     Section ci_id: 2 radios, 0 checked
2025-12-11 17:46:03,184 [INFO] phase2_scraper:     Section sa_id: 4 radios, 0 checked
2025-12-11 17:46:03,184 [INFO] phase2_scraper:     Section sd_id: 1 radios, 0 checked
2025-12-11 17:46:03,184 [INFO] phase2_scraper:     Section e_id: 2 radios, 0 checked
2025-12-11 17:46:03,783 [INFO] phase2_scraper: Processing dish: Diet Pepsi (ID: 174807, combo=False)
2025-12-11 17:46:04,766 [INFO] phase2_scraper:   #groups has sections: ['br_id', 'ci_id', 'dr_id', 'sa_id', 'sd_id', 'e_id', 'cm_id']
2025-12-11 17:46:04,767 [INFO] phase2_scraper:     Section br_id: 1 radios, 0 checked
2025-12-11 17:46:04,767 [INFO] phase2_scraper:     Section ci_id: 2 radios, 0 checked
2025-12-11 17:46:04,767 [INFO] phase2_scraper:     Section sa_id: 4 radios, 0 checked
2025-12-11 17:46:04,768 [INFO] phase2_scraper:     Section sd_id: 1 radios, 0 checked
2025-12-11 17:46:04,768 [INFO] phase2_scraper:     Section e_id: 2 radios, 0 checked
2025-12-11 17:46:05,364 [INFO] phase2_scraper: Processing dish: Ice Tea (ID: 174808, combo=False)
2025-12-11 17:46:06,735 [INFO] phase2_scraper:   #groups has sections: ['br_id', 'ci_id', 'dr_id', 'sa_id', 'sd_id', 'e_id', 'cm_id']
2025-12-11 17:46:06,736 [INFO] phase2_scraper:     Section br_id: 1 radios, 0 checked
2025-12-11 17:46:06,736 [INFO] phase2_scraper:     Section ci_id: 2 radios, 0 checked
2025-12-11 17:46:06,736 [INFO] phase2_scraper:     Section sa_id: 4 radios, 0 checked
2025-12-11 17:46:06,736 [INFO] phase2_scraper:     Section sd_id: 1 radios, 0 checked
2025-12-11 17:46:06,737 [INFO] phase2_scraper:     Section e_id: 2 radios, 0 checked
2025-12-11 17:46:07,514 [INFO] phase2_scraper: Processing dish: 7 Up (ID: 174809, combo=False)
2025-12-11 17:46:08,817 [INFO] phase2_scraper:   #groups has sections: ['br_id', 'ci_id', 'dr_id', 'sa_id', 'sd_id', 'e_id', 'cm_id']
2025-12-11 17:46:08,817 [INFO] phase2_scraper:     Section br_id: 1 radios, 0 checked
2025-12-11 17:46:08,818 [INFO] phase2_scraper:     Section ci_id: 2 radios, 0 checked
2025-12-11 17:46:08,818 [INFO] phase2_scraper:     Section sa_id: 4 radios, 0 checked
2025-12-11 17:46:08,818 [INFO] phase2_scraper:     Section sd_id: 1 radios, 0 checked
2025-12-11 17:46:08,819 [INFO] phase2_scraper:     Section e_id: 2 radios, 0 checked
2025-12-11 17:46:09,433 [INFO] phase2_scraper: Processing dish: Ginger Ale (ID: 174810, combo=False)
2025-12-11 17:46:10,440 [INFO] phase2_scraper:   #groups has sections: ['br_id', 'ci_id', 'dr_id', 'sa_id', 'sd_id', 'e_id', 'cm_id']
2025-12-11 17:46:10,441 [INFO] phase2_scraper:     Section br_id: 1 radios, 0 checked
2025-12-11 17:46:10,441 [INFO] phase2_scraper:     Section ci_id: 2 radios, 0 checked
2025-12-11 17:46:10,442 [INFO] phase2_scraper:     Section sa_id: 4 radios, 0 checked
2025-12-11 17:46:10,442 [INFO] phase2_scraper:     Section sd_id: 1 radios, 0 checked
2025-12-11 17:46:10,442 [INFO] phase2_scraper:     Section e_id: 2 radios, 0 checked
2025-12-11 17:46:11,042 [INFO] phase2_scraper: Processing dish: Orange Crush (ID: 174811, combo=False)
2025-12-11 17:46:12,026 [INFO] phase2_scraper:   #groups has sections: ['br_id', 'ci_id', 'dr_id', 'sa_id', 'sd_id', 'e_id', 'cm_id']
2025-12-11 17:46:12,027 [INFO] phase2_scraper:     Section br_id: 1 radios, 0 checked
2025-12-11 17:46:12,027 [INFO] phase2_scraper:     Section ci_id: 2 radios, 0 checked
2025-12-11 17:46:12,028 [INFO] phase2_scraper:     Section sa_id: 4 radios, 0 checked
2025-12-11 17:46:12,028 [INFO] phase2_scraper:     Section sd_id: 1 radios, 0 checked
2025-12-11 17:46:12,028 [INFO] phase2_scraper:     Section e_id: 2 radios, 0 checked
2025-12-11 17:46:12,632 [INFO] phase2_scraper: Processing dish: Grape Crush (ID: 174812, combo=False)
2025-12-11 17:46:13,620 [INFO] phase2_scraper:   #groups has sections: ['br_id', 'ci_id', 'dr_id', 'sa_id', 'sd_id', 'e_id', 'cm_id']
2025-12-11 17:46:13,621 [INFO] phase2_scraper:     Section br_id: 1 radios, 0 checked
2025-12-11 17:46:13,621 [INFO] phase2_scraper:     Section ci_id: 2 radios, 0 checked
2025-12-11 17:46:13,622 [INFO] phase2_scraper:     Section sa_id: 4 radios, 0 checked
2025-12-11 17:46:13,622 [INFO] phase2_scraper:     Section sd_id: 1 radios, 0 checked
2025-12-11 17:46:13,622 [INFO] phase2_scraper:     Section e_id: 2 radios, 0 checked
2025-12-11 17:46:14,224 [INFO] phase2_scraper: Processing dish: Cream Soda (ID: 174813, combo=False)
2025-12-11 17:46:15,237 [INFO] phase2_scraper:   #groups has sections: ['br_id', 'ci_id', 'dr_id', 'sa_id', 'sd_id', 'e_id', 'cm_id']
2025-12-11 17:46:15,238 [INFO] phase2_scraper:     Section br_id: 1 radios, 0 checked
2025-12-11 17:46:15,238 [INFO] phase2_scraper:     Section ci_id: 2 radios, 0 checked
2025-12-11 17:46:15,238 [INFO] phase2_scraper:     Section sa_id: 4 radios, 0 checked
2025-12-11 17:46:15,239 [INFO] phase2_scraper:     Section sd_id: 1 radios, 0 checked
2025-12-11 17:46:15,239 [INFO] phase2_scraper:     Section e_id: 2 radios, 0 checked
2025-12-11 17:46:15,839 [INFO] phase2_scraper: Processing dish: Mugs Root Beer (ID: 174814, combo=False)
2025-12-11 17:46:16,856 [INFO] phase2_scraper:   #groups has sections: ['br_id', 'ci_id', 'dr_id', 'sa_id', 'sd_id', 'e_id', 'cm_id']
2025-12-11 17:46:16,857 [INFO] phase2_scraper:     Section br_id: 1 radios, 0 checked
2025-12-11 17:46:16,857 [INFO] phase2_scraper:     Section ci_id: 2 radios, 0 checked
2025-12-11 17:46:16,858 [INFO] phase2_scraper:     Section sa_id: 4 radios, 0 checked
2025-12-11 17:46:16,858 [INFO] phase2_scraper:     Section sd_id: 1 radios, 0 checked
2025-12-11 17:46:16,859 [INFO] phase2_scraper:     Section e_id: 2 radios, 0 checked
2025-12-11 17:46:17,464 [INFO] phase2_scraper: Processing dish: Apple Juice (ID: 174815, combo=False)
2025-12-11 17:46:18,459 [INFO] phase2_scraper:   #groups has sections: ['br_id', 'ci_id', 'dr_id', 'sa_id', 'sd_id', 'e_id', 'cm_id']
2025-12-11 17:46:18,459 [INFO] phase2_scraper:     Section br_id: 1 radios, 0 checked
2025-12-11 17:46:18,459 [INFO] phase2_scraper:     Section ci_id: 2 radios, 0 checked
2025-12-11 17:46:18,460 [INFO] phase2_scraper:     Section sa_id: 4 radios, 0 checked
2025-12-11 17:46:18,460 [INFO] phase2_scraper:     Section sd_id: 1 radios, 0 checked
2025-12-11 17:46:18,460 [INFO] phase2_scraper:     Section e_id: 2 radios, 0 checked
2025-12-11 17:46:19,059 [INFO] phase2_scraper: Processing dish: Orange Juice (ID: 174816, combo=False)
2025-12-11 17:46:20,048 [INFO] phase2_scraper:   #groups has sections: ['br_id', 'ci_id', 'dr_id', 'sa_id', 'sd_id', 'e_id', 'cm_id']
2025-12-11 17:46:20,049 [INFO] phase2_scraper:     Section br_id: 1 radios, 0 checked
2025-12-11 17:46:20,049 [INFO] phase2_scraper:     Section ci_id: 2 radios, 0 checked
2025-12-11 17:46:20,050 [INFO] phase2_scraper:     Section sa_id: 4 radios, 0 checked
2025-12-11 17:46:20,050 [INFO] phase2_scraper:     Section sd_id: 1 radios, 0 checked
2025-12-11 17:46:20,051 [INFO] phase2_scraper:     Section e_id: 2 radios, 0 checked
2025-12-11 17:46:20,655 [INFO] phase2_scraper: Processing dish: Aquafina Water (ID: 174817, combo=False)
2025-12-11 17:46:21,632 [INFO] phase2_scraper:   #groups has sections: ['br_id', 'ci_id', 'dr_id', 'sa_id', 'sd_id', 'e_id', 'cm_id']
2025-12-11 17:46:21,632 [INFO] phase2_scraper:     Section br_id: 1 radios, 0 checked
2025-12-11 17:46:21,633 [INFO] phase2_scraper:     Section ci_id: 2 radios, 0 checked
2025-12-11 17:46:21,633 [INFO] phase2_scraper:     Section sa_id: 4 radios, 0 checked
2025-12-11 17:46:21,634 [INFO] phase2_scraper:     Section sd_id: 1 radios, 0 checked
2025-12-11 17:46:21,634 [INFO] phase2_scraper:     Section e_id: 2 radios, 0 checked
2025-12-11 17:46:22,135 [INFO] phase2_scraper: Phase 3 complete: {'dishes_processed': 111, 'dish_prices': 132, 'combo_links': 1, 'hide_days': 0, 'modifier_groups': 100, 'modifiers': 337, 'modifier_prices': 340, 'drinks_modifiers': 0}
2025-12-11 17:46:22,136 [INFO] __main__: Completed: All Out Burger Gladstone
2025-12-11 17:46:22,136 [INFO] __main__:   Phase 1 - Combo Groups: 1
2025-12-11 17:46:22,136 [INFO] __main__:   Phase 2 - Courses: 14, Dishes: 111
2025-12-11 17:46:22,137 [INFO] __main__:   Phase 3 - Prices: 132, Modifiers: 337
2025-12-11 17:46:22,137 [INFO] __main__: ======================================================================
2025-12-11 17:46:22,137 [INFO] __main__: SCRAPING: All Out Burger Montreal Rd (V3: 949, V1: 1071)
2025-12-11 17:46:22,137 [INFO] __main__: ======================================================================
2025-12-11 17:46:22,137 [INFO] phase2_scraper: === PHASE 1: Combo Groups ===
2025-12-11 17:46:22,138 [INFO] phase2_scraper: Navigating to combo groups: https://menuadmin.menu.ca/?p=restaurants&display=editRestaurant&restaurant=1071&load=comboGroups&showLang=en
2025-12-11 17:46:22,962 [INFO] phase2_scraper: Found 1 combo groups
2025-12-11 17:46:22,963 [INFO] phase2_scraper: Processing combo group: Any 3 Burgers Special (source_id=9238)
2025-12-11 17:46:25,088 [INFO] phase2_scraper: Inserted combo group: Any 3 Burgers Special (ID: 2414)
2025-12-11 17:46:26,886 [INFO] phase2_scraper: Phase 1 complete: {'combo_groups': 1, 'sections': 1, 'modifier_groups': 1, 'modifiers': 4, 'prices': 4}
2025-12-11 17:46:26,887 [INFO] phase2_scraper: === PHASE 2: Menu Structure ===
2025-12-11 17:46:26,887 [INFO] phase2_scraper: Navigating to menu: https://menuadmin.menu.ca/?p=restaurants&display=editRestaurant&restaurant=1071&load=menu&showLang=en
2025-12-11 17:46:30,748 [INFO] phase2_scraper: Found 14 courses
2025-12-11 17:46:30,941 [INFO] phase2_scraper: Inserted course: Specials (ID: 6543)
2025-12-11 17:46:31,892 [INFO] phase2_scraper: Inserted course: Appetizers (ID: 6544)
2025-12-11 17:46:34,399 [INFO] phase2_scraper: Inserted course: Our New Creations SOLO (ID: 6545)
2025-12-11 17:46:35,480 [INFO] phase2_scraper: Inserted course: Our New Creations COMBO (ID: 6546)
2025-12-11 17:46:36,561 [INFO] phase2_scraper: Inserted course: Burgers SOLO (ID: 6547)
2025-12-11 17:46:39,932 [INFO] phase2_scraper: Inserted course: Burger COMBOS (ID: 6548)
2025-12-11 17:46:43,324 [INFO] phase2_scraper: Inserted course: Hot Dogs (ID: 6549)
2025-12-11 17:46:44,023 [INFO] phase2_scraper: Inserted course: Salads (ID: 6550)
2025-12-11 17:46:44,545 [INFO] phase2_scraper: Inserted course: Chicken (ID: 6551)
2025-12-11 17:46:46,181 [INFO] phase2_scraper: Inserted course: Poutine (ID: 6552)
2025-12-11 17:46:47,395 [INFO] phase2_scraper: Inserted course: Kids Menu (ID: 6553)
2025-12-11 17:46:47,927 [INFO] phase2_scraper: Inserted course: Mini Donuts Hot and Fresh Made (ID: 6554)
2025-12-11 17:46:48,802 [INFO] phase2_scraper: Inserted course: Cake by Slice (ID: 6555)
2025-12-11 17:46:50,821 [INFO] phase2_scraper: Inserted course: Drinks (ID: 6556)
2025-12-11 17:46:53,170 [INFO] phase2_scraper: Phase 2 complete: {'courses': 14, 'dishes': 111, 'combo_dishes': 1, 'normal_dishes': 110}
2025-12-11 17:46:53,171 [INFO] phase2_scraper: === PHASE 3: Dish Details ===
2025-12-11 17:46:57,117 [INFO] phase2_scraper: Found 111 dishes to process
2025-12-11 17:46:57,214 [INFO] phase2_scraper: Processing dish: 2 Cheeseburgers with Fries and Drinks HIDE (ID: 174818, combo=False)
2025-12-11 17:46:58,175 [INFO] phase2_scraper:   #groups has sections: ['br_id', 'ci_id', 'dr_id', 'sa_id', 'sd_id', 'e_id', 'cm_id']
2025-12-11 17:46:58,176 [INFO] phase2_scraper:     Section br_id: 1 radios, 0 checked
2025-12-11 17:46:58,176 [INFO] phase2_scraper:     Section ci_id: 1 radios, 0 checked
2025-12-11 17:46:58,176 [INFO] phase2_scraper:     Section sa_id: 1 radios, 0 checked
2025-12-11 17:46:58,177 [INFO] phase2_scraper:     Section sd_id: 1 radios, 0 checked
2025-12-11 17:46:58,177 [INFO] phase2_scraper:     Section e_id: 2 radios, 0 checked
2025-12-11 17:46:58,782 [INFO] phase2_scraper: Processing dish: Any 3 Burgers Special HIDE (ID: 174819, combo=True)
2025-12-11 17:47:00,620 [INFO] phase2_scraper: Processing dish: Ramadan Special HIDE (ID: 174820, combo=False)
2025-12-11 17:47:01,614 [INFO] phase2_scraper:   #groups has sections: ['br_id', 'ci_id', 'dr_id', 'sa_id', 'sd_id', 'e_id', 'cm_id']
2025-12-11 17:47:01,614 [INFO] phase2_scraper:     Section br_id: 1 radios, 0 checked
2025-12-11 17:47:01,614 [INFO] phase2_scraper:     Section ci_id: 1 radios, 1 checked
2025-12-11 17:47:03,213 [INFO] phase2_scraper:     Section sa_id: 1 radios, 0 checked
2025-12-11 17:47:03,214 [INFO] phase2_scraper:     Section sd_id: 1 radios, 0 checked
2025-12-11 17:47:03,215 [INFO] phase2_scraper:     Section e_id: 2 radios, 0 checked
2025-12-11 17:47:03,215 [INFO] phase2_scraper:   Found 1 modifier groups, 4 modifiers for dish 174820
2025-12-11 17:47:03,813 [INFO] phase2_scraper: Processing dish: Buy One Get One Free- Atletico Burger HIDE (ID: 174821, combo=False)
2025-12-11 17:47:04,794 [INFO] phase2_scraper:   #groups has sections: ['br_id', 'ci_id', 'dr_id', 'sa_id', 'sd_id', 'e_id', 'cm_id']
2025-12-11 17:47:04,795 [INFO] phase2_scraper:     Section br_id: 1 radios, 0 checked
2025-12-11 17:47:04,795 [INFO] phase2_scraper:     Section ci_id: 1 radios, 0 checked
2025-12-11 17:47:04,796 [INFO] phase2_scraper:     Section sa_id: 1 radios, 0 checked
2025-12-11 17:47:04,796 [INFO] phase2_scraper:     Section sd_id: 1 radios, 0 checked
2025-12-11 17:47:04,796 [INFO] phase2_scraper:     Section e_id: 2 radios, 0 checked
2025-12-11 17:47:05,391 [INFO] phase2_scraper: Processing dish: Popcurds (ID: 174822, combo=False)
2025-12-11 17:47:06,350 [INFO] phase2_scraper:   #groups has sections: ['br_id', 'ci_id', 'dr_id', 'sa_id', 'sd_id', 'e_id', 'cm_id']
2025-12-11 17:47:06,350 [INFO] phase2_scraper:     Section br_id: 1 radios, 0 checked
2025-12-11 17:47:06,351 [INFO] phase2_scraper:     Section ci_id: 1 radios, 0 checked
2025-12-11 17:47:06,351 [INFO] phase2_scraper:     Section sa_id: 1 radios, 0 checked
2025-12-11 17:47:06,351 [INFO] phase2_scraper:     Section sd_id: 1 radios, 0 checked
2025-12-11 17:47:06,352 [INFO] phase2_scraper:     Section e_id: 2 radios, 0 checked
2025-12-11 17:47:06,949 [INFO] phase2_scraper: Processing dish: Breaded Pickles (ID: 174823, combo=False)
2025-12-11 17:47:07,917 [INFO] phase2_scraper:   #groups has sections: ['br_id', 'ci_id', 'dr_id', 'sa_id', 'sd_id', 'e_id', 'cm_id']
2025-12-11 17:47:07,917 [INFO] phase2_scraper:     Section br_id: 1 radios, 0 checked
2025-12-11 17:47:07,918 [INFO] phase2_scraper:     Section ci_id: 1 radios, 0 checked
2025-12-11 17:47:07,918 [INFO] phase2_scraper:     Section sa_id: 1 radios, 0 checked
2025-12-11 17:47:07,918 [INFO] phase2_scraper:     Section sd_id: 1 radios, 0 checked
2025-12-11 17:47:07,919 [INFO] phase2_scraper:     Section e_id: 2 radios, 0 checked
2025-12-11 17:47:08,529 [INFO] phase2_scraper: Processing dish: Jalapeno Poppers (6pcs) (ID: 174824, combo=False)
2025-12-11 17:47:09,512 [INFO] phase2_scraper:   #groups has sections: ['br_id', 'ci_id', 'dr_id', 'sa_id', 'sd_id', 'e_id', 'cm_id']
2025-12-11 17:47:09,513 [INFO] phase2_scraper:     Section br_id: 1 radios, 0 checked
2025-12-11 17:47:09,513 [INFO] phase2_scraper:     Section ci_id: 1 radios, 0 checked
2025-12-11 17:47:09,514 [INFO] phase2_scraper:     Section sa_id: 1 radios, 0 checked
2025-12-11 17:47:09,514 [INFO] phase2_scraper:     Section sd_id: 1 radios, 0 checked
2025-12-11 17:47:09,514 [INFO] phase2_scraper:     Section e_id: 2 radios, 0 checked
2025-12-11 17:47:10,120 [INFO] phase2_scraper: Processing dish: Fried Zucchini Sticks (ID: 174825, combo=False)
2025-12-11 17:47:11,103 [INFO] phase2_scraper:   #groups has sections: ['br_id', 'ci_id', 'dr_id', 'sa_id', 'sd_id', 'e_id', 'cm_id']
2025-12-11 17:47:11,103 [INFO] phase2_scraper:     Section br_id: 1 radios, 0 checked
2025-12-11 17:47:11,103 [INFO] phase2_scraper:     Section ci_id: 1 radios, 0 checked
2025-12-11 17:47:11,104 [INFO] phase2_scraper:     Section sa_id: 1 radios, 0 checked
2025-12-11 17:47:11,104 [INFO] phase2_scraper:     Section sd_id: 1 radios, 0 checked
2025-12-11 17:47:11,105 [INFO] phase2_scraper:     Section e_id: 2 radios, 0 checked
2025-12-11 17:47:11,707 [INFO] phase2_scraper: Processing dish: Halloumi Fries (ID: 174826, combo=False)
2025-12-11 17:47:12,688 [INFO] phase2_scraper:   #groups has sections: ['br_id', 'ci_id', 'dr_id', 'sa_id', 'sd_id', 'e_id', 'cm_id']
2025-12-11 17:47:12,689 [INFO] phase2_scraper:     Section br_id: 1 radios, 0 checked
2025-12-11 17:47:12,689 [INFO] phase2_scraper:     Section ci_id: 1 radios, 0 checked
2025-12-11 17:47:12,690 [INFO] phase2_scraper:     Section sa_id: 1 radios, 0 checked
2025-12-11 17:47:12,690 [INFO] phase2_scraper:     Section sd_id: 1 radios, 0 checked
2025-12-11 17:47:12,690 [INFO] phase2_scraper:     Section e_id: 2 radios, 0 checked
2025-12-11 17:47:13,297 [INFO] phase2_scraper: Processing dish: Mac & Cheese Bites (ID: 174827, combo=False)
2025-12-11 17:47:14,272 [INFO] phase2_scraper:   #groups has sections: ['br_id', 'ci_id', 'dr_id', 'sa_id', 'sd_id', 'e_id', 'cm_id']
2025-12-11 17:47:14,272 [INFO] phase2_scraper:     Section br_id: 1 radios, 0 checked
2025-12-11 17:47:14,272 [INFO] phase2_scraper:     Section ci_id: 1 radios, 0 checked
2025-12-11 17:47:14,273 [INFO] phase2_scraper:     Section sa_id: 1 radios, 0 checked
2025-12-11 17:47:14,273 [INFO] phase2_scraper:     Section sd_id: 1 radios, 0 checked
2025-12-11 17:47:14,273 [INFO] phase2_scraper:     Section e_id: 2 radios, 0 checked
2025-12-11 17:47:14,884 [INFO] phase2_scraper: Processing dish: Fresh Cut Fries (ID: 174828, combo=False)
2025-12-11 17:47:16,029 [INFO] phase2_scraper:   #groups has sections: ['br_id', 'ci_id', 'dr_id', 'sa_id', 'sd_id', 'e_id', 'cm_id']
2025-12-11 17:47:16,030 [INFO] phase2_scraper:     Section br_id: 1 radios, 0 checked
2025-12-11 17:47:16,030 [INFO] phase2_scraper:     Section ci_id: 1 radios, 0 checked
2025-12-11 17:47:16,030 [INFO] phase2_scraper:     Section sa_id: 1 radios, 0 checked
2025-12-11 17:47:16,031 [INFO] phase2_scraper:     Section sd_id: 1 radios, 0 checked
2025-12-11 17:47:16,031 [INFO] phase2_scraper:     Section e_id: 2 radios, 0 checked
2025-12-11 17:47:16,634 [INFO] phase2_scraper: Processing dish: Onion Rings (ID: 174829, combo=False)
2025-12-11 17:47:17,822 [INFO] phase2_scraper:   #groups has sections: ['br_id', 'ci_id', 'dr_id', 'sa_id', 'sd_id', 'e_id', 'cm_id']
2025-12-11 17:47:17,822 [INFO] phase2_scraper:     Section br_id: 1 radios, 0 checked
2025-12-11 17:47:17,822 [INFO] phase2_scraper:     Section ci_id: 1 radios, 0 checked
2025-12-11 17:47:17,822 [INFO] phase2_scraper:     Section sa_id: 1 radios, 0 checked
2025-12-11 17:47:17,823 [INFO] phase2_scraper:     Section sd_id: 1 radios, 0 checked
2025-12-11 17:47:17,823 [INFO] phase2_scraper:     Section e_id: 2 radios, 0 checked
2025-12-11 17:47:18,425 [INFO] phase2_scraper: Processing dish: Kettle Chips (ID: 174830, combo=False)
2025-12-11 17:47:19,579 [INFO] phase2_scraper:   #groups has sections: ['br_id', 'ci_id', 'dr_id', 'sa_id', 'sd_id', 'e_id', 'cm_id']
2025-12-11 17:47:19,580 [INFO] phase2_scraper:     Section br_id: 1 radios, 0 checked
2025-12-11 17:47:19,580 [INFO] phase2_scraper:     Section ci_id: 1 radios, 0 checked
2025-12-11 17:47:19,580 [INFO] phase2_scraper:     Section sa_id: 1 radios, 0 checked
2025-12-11 17:47:19,581 [INFO] phase2_scraper:     Section sd_id: 1 radios, 0 checked
2025-12-11 17:47:19,581 [INFO] phase2_scraper:     Section e_id: 2 radios, 0 checked
2025-12-11 17:47:20,179 [INFO] phase2_scraper: Processing dish: Sweet Potato Fries (ID: 174831, combo=False)
2025-12-11 17:47:21,345 [INFO] phase2_scraper:   #groups has sections: ['br_id', 'ci_id', 'dr_id', 'sa_id', 'sd_id', 'e_id', 'cm_id']
2025-12-11 17:47:21,346 [INFO] phase2_scraper:     Section br_id: 1 radios, 0 checked
2025-12-11 17:47:21,346 [INFO] phase2_scraper:     Section ci_id: 1 radios, 0 checked
2025-12-11 17:47:21,347 [INFO] phase2_scraper:     Section sa_id: 1 radios, 0 checked
2025-12-11 17:47:21,347 [INFO] phase2_scraper:     Section sd_id: 1 radios, 0 checked
2025-12-11 17:47:21,347 [INFO] phase2_scraper:     Section e_id: 2 radios, 0 checked
2025-12-11 17:47:21,946 [INFO] phase2_scraper: Processing dish: Nachos HIDE (ID: 174832, combo=False)
2025-12-11 17:47:22,908 [INFO] phase2_scraper:   #groups has sections: ['br_id', 'ci_id', 'dr_id', 'sa_id', 'sd_id', 'e_id', 'cm_id']
2025-12-11 17:47:22,908 [INFO] phase2_scraper:     Section br_id: 1 radios, 0 checked
2025-12-11 17:47:22,909 [INFO] phase2_scraper:     Section ci_id: 1 radios, 0 checked
2025-12-11 17:47:22,909 [INFO] phase2_scraper:     Section sa_id: 1 radios, 0 checked
2025-12-11 17:47:22,910 [INFO] phase2_scraper:     Section sd_id: 1 radios, 0 checked
2025-12-11 17:47:22,910 [INFO] phase2_scraper:     Section e_id: 2 radios, 0 checked
2025-12-11 17:47:23,528 [INFO] phase2_scraper: Processing dish: Pop-Off Popcurds HIDE (ID: 174833, combo=False)
2025-12-11 17:47:24,516 [INFO] phase2_scraper:   #groups has sections: ['br_id', 'ci_id', 'dr_id', 'sa_id', 'sd_id', 'e_id', 'cm_id']
2025-12-11 17:47:24,516 [INFO] phase2_scraper:     Section br_id: 1 radios, 0 checked
2025-12-11 17:47:24,516 [INFO] phase2_scraper:     Section ci_id: 1 radios, 0 checked
2025-12-11 17:47:24,517 [INFO] phase2_scraper:     Section sa_id: 1 radios, 0 checked
2025-12-11 17:47:24,517 [INFO] phase2_scraper:     Section sd_id: 1 radios, 0 checked
2025-12-11 17:47:24,517 [INFO] phase2_scraper:     Section e_id: 2 radios, 0 checked
2025-12-11 17:47:25,115 [INFO] phase2_scraper: Processing dish: Mac & Cheese HIDE (ID: 174834, combo=False)
2025-12-11 17:47:26,109 [INFO] phase2_scraper:   #groups has sections: ['br_id', 'ci_id', 'dr_id', 'sa_id', 'sd_id', 'e_id', 'cm_id']
2025-12-11 17:47:26,110 [INFO] phase2_scraper:     Section br_id: 1 radios, 0 checked
2025-12-11 17:47:26,110 [INFO] phase2_scraper:     Section ci_id: 1 radios, 0 checked
2025-12-11 17:47:26,110 [INFO] phase2_scraper:     Section sa_id: 1 radios, 0 checked
2025-12-11 17:47:26,111 [INFO] phase2_scraper:     Section sd_id: 1 radios, 0 checked
2025-12-11 17:47:26,111 [INFO] phase2_scraper:     Section e_id: 2 radios, 1 checked
2025-12-11 17:47:28,205 [INFO] phase2_scraper:   Found 1 modifier groups, 4 modifiers for dish 174834
2025-12-11 17:47:28,814 [INFO] phase2_scraper: Processing dish: Smash Burger (ID: 174835, combo=False)
2025-12-11 17:47:29,791 [INFO] phase2_scraper:   #groups has sections: ['br_id', 'ci_id', 'dr_id', 'sa_id', 'sd_id', 'e_id', 'cm_id']
2025-12-11 17:47:29,791 [INFO] phase2_scraper:     Section br_id: 1 radios, 0 checked
2025-12-11 17:47:29,791 [INFO] phase2_scraper:     Section ci_id: 1 radios, 0 checked
2025-12-11 17:47:29,792 [INFO] phase2_scraper:     Section sa_id: 1 radios, 0 checked
2025-12-11 17:47:29,792 [INFO] phase2_scraper:     Section sd_id: 1 radios, 0 checked
2025-12-11 17:47:29,792 [INFO] phase2_scraper:     Section e_id: 2 radios, 0 checked
2025-12-11 17:47:30,411 [INFO] phase2_scraper: Processing dish: Philly Steak Sandwich (ID: 174836, combo=False)
2025-12-11 17:47:31,425 [INFO] phase2_scraper:   #groups has sections: ['br_id', 'ci_id', 'dr_id', 'sa_id', 'sd_id', 'e_id', 'cm_id']
2025-12-11 17:47:31,426 [INFO] phase2_scraper:     Section br_id: 1 radios, 0 checked
2025-12-11 17:47:31,426 [INFO] phase2_scraper:     Section ci_id: 1 radios, 0 checked
2025-12-11 17:47:31,427 [INFO] phase2_scraper:     Section sa_id: 1 radios, 0 checked
2025-12-11 17:47:31,427 [INFO] phase2_scraper:     Section sd_id: 1 radios, 0 checked
2025-12-11 17:47:31,427 [INFO] phase2_scraper:     Section e_id: 2 radios, 0 checked
2025-12-11 17:47:32,046 [INFO] phase2_scraper: Processing dish: Chicken Parm Burger HIDE (ID: 174837, combo=False)
2025-12-11 17:47:33,028 [INFO] phase2_scraper:   #groups has sections: ['br_id', 'ci_id', 'dr_id', 'sa_id', 'sd_id', 'e_id', 'cm_id']
2025-12-11 17:47:33,029 [INFO] phase2_scraper:     Section br_id: 1 radios, 0 checked
2025-12-11 17:47:33,029 [INFO] phase2_scraper:     Section ci_id: 1 radios, 0 checked
2025-12-11 17:47:33,029 [INFO] phase2_scraper:     Section sa_id: 1 radios, 0 checked
2025-12-11 17:47:33,030 [INFO] phase2_scraper:     Section sd_id: 1 radios, 0 checked
2025-12-11 17:47:33,030 [INFO] phase2_scraper:     Section e_id: 2 radios, 0 checked
2025-12-11 17:47:33,634 [INFO] phase2_scraper: Processing dish: Bank Street Burger HIDE (ID: 174838, combo=False)
2025-12-11 17:47:34,641 [INFO] phase2_scraper:   #groups has sections: ['br_id', 'ci_id', 'dr_id', 'sa_id', 'sd_id', 'e_id', 'cm_id']
2025-12-11 17:47:34,642 [INFO] phase2_scraper:     Section br_id: 1 radios, 0 checked
2025-12-11 17:47:34,642 [INFO] phase2_scraper:     Section ci_id: 1 radios, 0 checked
2025-12-11 17:47:34,643 [INFO] phase2_scraper:     Section sa_id: 1 radios, 0 checked
2025-12-11 17:47:34,643 [INFO] phase2_scraper:     Section sd_id: 1 radios, 0 checked
2025-12-11 17:47:34,643 [INFO] phase2_scraper:     Section e_id: 2 radios, 0 checked
2025-12-11 17:47:35,242 [INFO] phase2_scraper: Processing dish: Atletico Burger (ID: 174839, combo=False)
2025-12-11 17:47:36,206 [INFO] phase2_scraper:   #groups has sections: ['br_id', 'ci_id', 'dr_id', 'sa_id', 'sd_id', 'e_id', 'cm_id']
2025-12-11 17:47:36,206 [INFO] phase2_scraper:     Section br_id: 1 radios, 0 checked
2025-12-11 17:47:36,207 [INFO] phase2_scraper:     Section ci_id: 1 radios, 0 checked
2025-12-11 17:47:36,207 [INFO] phase2_scraper:     Section sa_id: 1 radios, 0 checked
2025-12-11 17:47:36,207 [INFO] phase2_scraper:     Section sd_id: 1 radios, 0 checked
2025-12-11 17:47:36,207 [INFO] phase2_scraper:     Section e_id: 2 radios, 0 checked
2025-12-11 17:47:36,808 [INFO] phase2_scraper: Processing dish: Smash Burger COMBO (ID: 174840, combo=False)
2025-12-11 17:47:37,767 [INFO] phase2_scraper:   #groups has sections: ['br_id', 'ci_id', 'dr_id', 'sa_id', 'sd_id', 'e_id', 'cm_id']
2025-12-11 17:47:37,767 [INFO] phase2_scraper:     Section br_id: 1 radios, 0 checked
2025-12-11 17:47:37,768 [INFO] phase2_scraper:     Section ci_id: 1 radios, 0 checked
2025-12-11 17:47:37,768 [INFO] phase2_scraper:     Section sa_id: 1 radios, 0 checked
2025-12-11 17:47:37,768 [INFO] phase2_scraper:     Section sd_id: 1 radios, 1 checked
2025-12-11 17:47:39,337 [INFO] phase2_scraper:     Section e_id: 2 radios, 0 checked
2025-12-11 17:47:39,338 [INFO] phase2_scraper:   Found 1 modifier groups, 4 modifiers for dish 174840
2025-12-11 17:47:39,956 [INFO] phase2_scraper: Processing dish: Philly Steak Sandwich COMBO (ID: 174841, combo=False)
2025-12-11 17:47:40,931 [INFO] phase2_scraper:   #groups has sections: ['br_id', 'ci_id', 'dr_id', 'sa_id', 'sd_id', 'e_id', 'cm_id']
2025-12-11 17:47:40,931 [INFO] phase2_scraper:     Section br_id: 1 radios, 0 checked
2025-12-11 17:47:40,932 [INFO] phase2_scraper:     Section ci_id: 1 radios, 0 checked
2025-12-11 17:47:40,932 [INFO] phase2_scraper:     Section sa_id: 1 radios, 0 checked
2025-12-11 17:47:40,932 [INFO] phase2_scraper:     Section sd_id: 1 radios, 1 checked
2025-12-11 17:47:42,460 [INFO] phase2_scraper:     Section e_id: 2 radios, 0 checked
2025-12-11 17:47:42,460 [INFO] phase2_scraper:   Found 1 modifier groups, 4 modifiers for dish 174841
2025-12-11 17:47:43,071 [INFO] phase2_scraper: Processing dish: Chicken Parm Burger COMBO HIDE (ID: 174842, combo=False)
2025-12-11 17:47:44,049 [INFO] phase2_scraper:   #groups has sections: ['br_id', 'ci_id', 'dr_id', 'sa_id', 'sd_id', 'e_id', 'cm_id']
2025-12-11 17:47:44,049 [INFO] phase2_scraper:     Section br_id: 1 radios, 0 checked
2025-12-11 17:47:44,049 [INFO] phase2_scraper:     Section ci_id: 1 radios, 0 checked
2025-12-11 17:47:44,050 [INFO] phase2_scraper:     Section sa_id: 1 radios, 0 checked
2025-12-11 17:47:44,050 [INFO] phase2_scraper:     Section sd_id: 1 radios, 1 checked
2025-12-11 17:47:45,636 [INFO] phase2_scraper:     Section e_id: 2 radios, 0 checked
2025-12-11 17:47:45,637 [INFO] phase2_scraper:   Found 1 modifier groups, 4 modifiers for dish 174842
2025-12-11 17:47:46,240 [INFO] phase2_scraper: Processing dish: Bank Street Burger COMBO HIDE (ID: 174843, combo=False)
2025-12-11 17:47:47,217 [INFO] phase2_scraper:   #groups has sections: ['br_id', 'ci_id', 'dr_id', 'sa_id', 'sd_id', 'e_id', 'cm_id']
2025-12-11 17:47:47,217 [INFO] phase2_scraper:     Section br_id: 1 radios, 0 checked
2025-12-11 17:47:47,217 [INFO] phase2_scraper:     Section ci_id: 1 radios, 0 checked
2025-12-11 17:47:47,218 [INFO] phase2_scraper:     Section sa_id: 1 radios, 0 checked
2025-12-11 17:47:47,218 [INFO] phase2_scraper:     Section sd_id: 1 radios, 1 checked
2025-12-11 17:47:48,752 [INFO] phase2_scraper:     Section e_id: 2 radios, 0 checked
2025-12-11 17:47:48,752 [INFO] phase2_scraper:   Found 1 modifier groups, 4 modifiers for dish 174843
2025-12-11 17:47:49,351 [INFO] phase2_scraper: Processing dish: Atletico Burger COMBO (ID: 174844, combo=False)
2025-12-11 17:47:50,314 [INFO] phase2_scraper:   #groups has sections: ['br_id', 'ci_id', 'dr_id', 'sa_id', 'sd_id', 'e_id', 'cm_id']
2025-12-11 17:47:50,314 [INFO] phase2_scraper:     Section br_id: 1 radios, 0 checked
2025-12-11 17:47:50,315 [INFO] phase2_scraper:     Section ci_id: 1 radios, 0 checked
2025-12-11 17:47:50,315 [INFO] phase2_scraper:     Section sa_id: 1 radios, 0 checked
2025-12-11 17:47:50,315 [INFO] phase2_scraper:     Section sd_id: 1 radios, 1 checked
2025-12-11 17:47:51,978 [INFO] phase2_scraper:     Section e_id: 2 radios, 0 checked
2025-12-11 17:47:51,979 [INFO] phase2_scraper:   Found 1 modifier groups, 4 modifiers for dish 174844
2025-12-11 17:47:52,575 [INFO] phase2_scraper: Processing dish: Original Burger (ID: 174845, combo=False)
2025-12-11 17:47:53,559 [INFO] phase2_scraper:   #groups has sections: ['br_id', 'ci_id', 'dr_id', 'sa_id', 'sd_id', 'e_id', 'cm_id']
2025-12-11 17:47:53,560 [INFO] phase2_scraper:     Section br_id: 1 radios, 1 checked
2025-12-11 17:47:54,408 [INFO] phase2_scraper:     Section ci_id: 1 radios, 0 checked
2025-12-11 17:47:54,409 [INFO] phase2_scraper:     Section sa_id: 1 radios, 0 checked
2025-12-11 17:47:54,409 [INFO] phase2_scraper:     Section sd_id: 1 radios, 0 checked
2025-12-11 17:47:54,410 [INFO] phase2_scraper:     Section e_id: 2 radios, 1 checked
2025-12-11 17:47:55,944 [INFO] phase2_scraper:   Found 2 modifier groups, 6 modifiers for dish 174845
2025-12-11 17:47:56,553 [INFO] phase2_scraper: Processing dish: Cheese Burger (ID: 174846, combo=False)
2025-12-11 17:47:57,689 [INFO] phase2_scraper:   #groups has sections: ['br_id', 'ci_id', 'dr_id', 'sa_id', 'sd_id', 'e_id', 'cm_id']
2025-12-11 17:47:57,689 [INFO] phase2_scraper:     Section br_id: 1 radios, 1 checked
2025-12-11 17:47:58,539 [INFO] phase2_scraper:     Section ci_id: 1 radios, 0 checked
2025-12-11 17:47:58,540 [INFO] phase2_scraper:     Section sa_id: 1 radios, 0 checked
2025-12-11 17:47:58,540 [INFO] phase2_scraper:     Section sd_id: 1 radios, 0 checked
2025-12-11 17:47:58,540 [INFO] phase2_scraper:     Section e_id: 2 radios, 1 checked
2025-12-11 17:48:00,148 [INFO] phase2_scraper:   Found 2 modifier groups, 6 modifiers for dish 174846
2025-12-11 17:48:00,757 [INFO] phase2_scraper: Processing dish: Bacon Burger (ID: 174847, combo=False)
2025-12-11 17:48:01,756 [INFO] phase2_scraper:   #groups has sections: ['br_id', 'ci_id', 'dr_id', 'sa_id', 'sd_id', 'e_id', 'cm_id']
2025-12-11 17:48:01,757 [INFO] phase2_scraper:     Section br_id: 1 radios, 1 checked
2025-12-11 17:48:02,625 [INFO] phase2_scraper:     Section ci_id: 1 radios, 0 checked
2025-12-11 17:48:02,626 [INFO] phase2_scraper:     Section sa_id: 1 radios, 0 checked
2025-12-11 17:48:02,626 [INFO] phase2_scraper:     Section sd_id: 1 radios, 0 checked
2025-12-11 17:48:02,627 [INFO] phase2_scraper:     Section e_id: 2 radios, 1 checked
2025-12-11 17:48:04,190 [INFO] phase2_scraper:   Found 2 modifier groups, 6 modifiers for dish 174847
2025-12-11 17:48:04,795 [INFO] phase2_scraper: Processing dish: Fried Mozzarella Burger (ID: 174848, combo=False)
2025-12-11 17:48:05,761 [INFO] phase2_scraper:   #groups has sections: ['br_id', 'ci_id', 'dr_id', 'sa_id', 'sd_id', 'e_id', 'cm_id']
2025-12-11 17:48:05,762 [INFO] phase2_scraper:     Section br_id: 1 radios, 1 checked
2025-12-11 17:48:06,625 [INFO] phase2_scraper:     Section ci_id: 1 radios, 0 checked
2025-12-11 17:48:06,625 [INFO] phase2_scraper:     Section sa_id: 1 radios, 0 checked
2025-12-11 17:48:06,625 [INFO] phase2_scraper:     Section sd_id: 1 radios, 0 checked
2025-12-11 17:48:06,626 [INFO] phase2_scraper:     Section e_id: 2 radios, 1 checked
2025-12-11 17:48:08,173 [INFO] phase2_scraper:   Found 2 modifier groups, 6 modifiers for dish 174848
2025-12-11 17:48:08,779 [INFO] phase2_scraper: Processing dish: Heat Burger (ID: 174849, combo=False)
2025-12-11 17:48:09,754 [INFO] phase2_scraper:   #groups has sections: ['br_id', 'ci_id', 'dr_id', 'sa_id', 'sd_id', 'e_id', 'cm_id']
2025-12-11 17:48:09,754 [INFO] phase2_scraper:     Section br_id: 1 radios, 1 checked
2025-12-11 17:48:10,618 [INFO] phase2_scraper:     Section ci_id: 1 radios, 0 checked
2025-12-11 17:48:10,619 [INFO] phase2_scraper:     Section sa_id: 1 radios, 0 checked
2025-12-11 17:48:10,619 [INFO] phase2_scraper:     Section sd_id: 1 radios, 0 checked
2025-12-11 17:48:10,619 [INFO] phase2_scraper:     Section e_id: 2 radios, 1 checked
2025-12-11 17:48:12,155 [INFO] phase2_scraper:   Found 2 modifier groups, 6 modifiers for dish 174849
2025-12-11 17:48:12,763 [INFO] phase2_scraper: Processing dish: ALL OUT Burger (ID: 174850, combo=False)
2025-12-11 17:48:13,714 [INFO] phase2_scraper:   #groups has sections: ['br_id', 'ci_id', 'dr_id', 'sa_id', 'sd_id', 'e_id', 'cm_id']
2025-12-11 17:48:13,714 [INFO] phase2_scraper:     Section br_id: 1 radios, 1 checked
2025-12-11 17:48:14,570 [INFO] phase2_scraper:     Section ci_id: 1 radios, 0 checked
2025-12-11 17:48:14,571 [INFO] phase2_scraper:     Section sa_id: 1 radios, 0 checked
2025-12-11 17:48:14,571 [INFO] phase2_scraper:     Section sd_id: 1 radios, 0 checked
2025-12-11 17:48:14,571 [INFO] phase2_scraper:     Section e_id: 2 radios, 1 checked
2025-12-11 17:48:16,120 [INFO] phase2_scraper:   Found 2 modifier groups, 6 modifiers for dish 174850
2025-12-11 17:48:16,718 [INFO] phase2_scraper: Processing dish: Veggie Burger (ID: 174851, combo=False)
2025-12-11 17:48:17,687 [INFO] phase2_scraper:   #groups has sections: ['br_id', 'ci_id', 'dr_id', 'sa_id', 'sd_id', 'e_id', 'cm_id']
2025-12-11 17:48:17,687 [INFO] phase2_scraper:     Section br_id: 1 radios, 1 checked
2025-12-11 17:48:18,545 [INFO] phase2_scraper:     Section ci_id: 1 radios, 0 checked
2025-12-11 17:48:18,546 [INFO] phase2_scraper:     Section sa_id: 1 radios, 0 checked
2025-12-11 17:48:18,547 [INFO] phase2_scraper:     Section sd_id: 1 radios, 0 checked
2025-12-11 17:48:18,547 [INFO] phase2_scraper:     Section e_id: 2 radios, 1 checked
2025-12-11 17:48:20,129 [INFO] phase2_scraper:   Found 2 modifier groups, 6 modifiers for dish 174851
2025-12-11 17:48:20,725 [INFO] phase2_scraper: Processing dish: Grilled Chicken Burger (ID: 174852, combo=False)
2025-12-11 17:48:21,715 [INFO] phase2_scraper:   #groups has sections: ['br_id', 'ci_id', 'dr_id', 'sa_id', 'sd_id', 'e_id', 'cm_id']
2025-12-11 17:48:21,715 [INFO] phase2_scraper:     Section br_id: 1 radios, 1 checked
2025-12-11 17:48:22,569 [INFO] phase2_scraper:     Section ci_id: 1 radios, 0 checked
2025-12-11 17:48:22,570 [INFO] phase2_scraper:     Section sa_id: 1 radios, 0 checked
2025-12-11 17:48:22,570 [INFO] phase2_scraper:     Section sd_id: 1 radios, 0 checked
2025-12-11 17:48:22,570 [INFO] phase2_scraper:     Section e_id: 2 radios, 1 checked
2025-12-11 17:48:24,104 [INFO] phase2_scraper:   Found 2 modifier groups, 6 modifiers for dish 174852
2025-12-11 17:48:24,711 [INFO] phase2_scraper: Processing dish: Fry N Slaw Burger (ID: 174853, combo=False)
2025-12-11 17:48:25,688 [INFO] phase2_scraper:   #groups has sections: ['br_id', 'ci_id', 'dr_id', 'sa_id', 'sd_id', 'e_id', 'cm_id']
2025-12-11 17:48:25,689 [INFO] phase2_scraper:     Section br_id: 1 radios, 1 checked
2025-12-11 17:48:26,541 [INFO] phase2_scraper:     Section ci_id: 1 radios, 0 checked
2025-12-11 17:48:26,542 [INFO] phase2_scraper:     Section sa_id: 1 radios, 0 checked
2025-12-11 17:48:26,542 [INFO] phase2_scraper:     Section sd_id: 1 radios, 0 checked
2025-12-11 17:48:26,542 [INFO] phase2_scraper:     Section e_id: 2 radios, 1 checked
2025-12-11 17:48:28,105 [INFO] phase2_scraper:   Found 2 modifier groups, 6 modifiers for dish 174853
2025-12-11 17:48:28,714 [INFO] phase2_scraper: Processing dish: Halloumi Burger (ID: 174854, combo=False)
2025-12-11 17:48:29,728 [INFO] phase2_scraper:   #groups has sections: ['br_id', 'ci_id', 'dr_id', 'sa_id', 'sd_id', 'e_id', 'cm_id']
2025-12-11 17:48:29,728 [INFO] phase2_scraper:     Section br_id: 1 radios, 1 checked
2025-12-11 17:48:30,586 [INFO] phase2_scraper:     Section ci_id: 1 radios, 0 checked
2025-12-11 17:48:30,587 [INFO] phase2_scraper:     Section sa_id: 1 radios, 0 checked
2025-12-11 17:48:30,587 [INFO] phase2_scraper:     Section sd_id: 1 radios, 0 checked
2025-12-11 17:48:30,588 [INFO] phase2_scraper:     Section e_id: 2 radios, 1 checked
2025-12-11 17:48:32,143 [INFO] phase2_scraper:   Found 2 modifier groups, 6 modifiers for dish 174854
2025-12-11 17:48:32,744 [INFO] phase2_scraper: Processing dish: Texas Beast Burger (ID: 174855, combo=False)
2025-12-11 17:48:33,711 [INFO] phase2_scraper:   #groups has sections: ['br_id', 'ci_id', 'dr_id', 'sa_id', 'sd_id', 'e_id', 'cm_id']
2025-12-11 17:48:33,711 [INFO] phase2_scraper:     Section br_id: 1 radios, 1 checked
2025-12-11 17:48:34,574 [INFO] phase2_scraper:     Section ci_id: 1 radios, 0 checked
2025-12-11 17:48:34,575 [INFO] phase2_scraper:     Section sa_id: 1 radios, 0 checked
2025-12-11 17:48:34,575 [INFO] phase2_scraper:     Section sd_id: 1 radios, 0 checked
2025-12-11 17:48:34,576 [INFO] phase2_scraper:     Section e_id: 2 radios, 1 checked
2025-12-11 17:48:36,130 [INFO] phase2_scraper:   Found 2 modifier groups, 6 modifiers for dish 174855
2025-12-11 17:48:36,729 [INFO] phase2_scraper: Processing dish: Crispy Chicken Burger (ID: 174856, combo=False)
2025-12-11 17:48:38,150 [INFO] phase2_scraper:   #groups has sections: ['br_id', 'ci_id', 'dr_id', 'sa_id', 'sd_id', 'e_id', 'cm_id']
2025-12-11 17:48:38,151 [INFO] phase2_scraper:     Section br_id: 1 radios, 1 checked
2025-12-11 17:48:38,996 [INFO] phase2_scraper:     Section ci_id: 1 radios, 0 checked
2025-12-11 17:48:38,997 [INFO] phase2_scraper:     Section sa_id: 1 radios, 0 checked
2025-12-11 17:48:38,997 [INFO] phase2_scraper:     Section sd_id: 1 radios, 0 checked
2025-12-11 17:48:38,998 [INFO] phase2_scraper:     Section e_id: 2 radios, 1 checked
2025-12-11 17:48:40,540 [INFO] phase2_scraper:   Found 2 modifier groups, 6 modifiers for dish 174856
2025-12-11 17:48:41,141 [INFO] phase2_scraper: Processing dish: Spicy Chicken Burger (ID: 174857, combo=False)
2025-12-11 17:48:42,122 [INFO] phase2_scraper:   #groups has sections: ['br_id', 'ci_id', 'dr_id', 'sa_id', 'sd_id', 'e_id', 'cm_id']
2025-12-11 17:48:42,123 [INFO] phase2_scraper:     Section br_id: 1 radios, 1 checked
2025-12-11 17:48:42,995 [INFO] phase2_scraper:     Section ci_id: 1 radios, 0 checked
2025-12-11 17:48:42,996 [INFO] phase2_scraper:     Section sa_id: 1 radios, 0 checked
2025-12-11 17:48:42,996 [INFO] phase2_scraper:     Section sd_id: 1 radios, 0 checked
2025-12-11 17:48:42,996 [INFO] phase2_scraper:     Section e_id: 2 radios, 1 checked
2025-12-11 17:48:44,559 [INFO] phase2_scraper:   Found 2 modifier groups, 6 modifiers for dish 174857
2025-12-11 17:48:45,166 [INFO] phase2_scraper: Processing dish: Classic Crispy Chicken Burger (ID: 174858, combo=False)
2025-12-11 17:48:46,170 [INFO] phase2_scraper:   #groups has sections: ['br_id', 'ci_id', 'dr_id', 'sa_id', 'sd_id', 'e_id', 'cm_id']
2025-12-11 17:48:46,170 [INFO] phase2_scraper:     Section br_id: 1 radios, 1 checked
2025-12-11 17:48:47,119 [INFO] phase2_scraper:     Section ci_id: 1 radios, 0 checked
2025-12-11 17:48:47,120 [INFO] phase2_scraper:     Section sa_id: 1 radios, 0 checked
2025-12-11 17:48:47,120 [INFO] phase2_scraper:     Section sd_id: 1 radios, 0 checked
2025-12-11 17:48:47,120 [INFO] phase2_scraper:     Section e_id: 2 radios, 1 checked
2025-12-11 17:48:48,740 [INFO] phase2_scraper:   Found 2 modifier groups, 6 modifiers for dish 174858
2025-12-11 17:48:49,336 [INFO] phase2_scraper: Processing dish: Deluxe Crispy Chicken Burger (ID: 174859, combo=False)
2025-12-11 17:48:50,302 [INFO] phase2_scraper:   #groups has sections: ['br_id', 'ci_id', 'dr_id', 'sa_id', 'sd_id', 'e_id', 'cm_id']
2025-12-11 17:48:50,302 [INFO] phase2_scraper:     Section br_id: 1 radios, 1 checked
2025-12-11 17:48:51,231 [INFO] phase2_scraper:     Section ci_id: 1 radios, 0 checked
2025-12-11 17:48:51,232 [INFO] phase2_scraper:     Section sa_id: 1 radios, 0 checked
2025-12-11 17:48:51,232 [INFO] phase2_scraper:     Section sd_id: 1 radios, 0 checked
2025-12-11 17:48:51,233 [INFO] phase2_scraper:     Section e_id: 2 radios, 1 checked
2025-12-11 17:48:52,841 [INFO] phase2_scraper:   Found 2 modifier groups, 6 modifiers for dish 174859
2025-12-11 17:48:53,446 [INFO] phase2_scraper: Processing dish: Sweet Chili Crispy Burger (ID: 174860, combo=False)
2025-12-11 17:48:54,436 [INFO] phase2_scraper:   #groups has sections: ['br_id', 'ci_id', 'dr_id', 'sa_id', 'sd_id', 'e_id', 'cm_id']
2025-12-11 17:48:54,437 [INFO] phase2_scraper:     Section br_id: 1 radios, 1 checked
2025-12-11 17:48:55,307 [INFO] phase2_scraper:     Section ci_id: 1 radios, 0 checked
2025-12-11 17:48:55,308 [INFO] phase2_scraper:     Section sa_id: 1 radios, 0 checked
2025-12-11 17:48:55,308 [INFO] phase2_scraper:     Section sd_id: 1 radios, 0 checked
2025-12-11 17:48:55,308 [INFO] phase2_scraper:     Section e_id: 2 radios, 1 checked
2025-12-11 17:48:56,957 [INFO] phase2_scraper:   Found 2 modifier groups, 6 modifiers for dish 174860
2025-12-11 17:48:57,574 [INFO] phase2_scraper: Processing dish: Grilled Cheese Sandwich HIDE (ID: 174861, combo=False)
2025-12-11 17:48:58,570 [INFO] phase2_scraper:   #groups has sections: ['br_id', 'ci_id', 'dr_id', 'sa_id', 'sd_id', 'e_id', 'cm_id']
2025-12-11 17:48:58,571 [INFO] phase2_scraper:     Section br_id: 1 radios, 0 checked
2025-12-11 17:48:58,571 [INFO] phase2_scraper:     Section ci_id: 1 radios, 0 checked
2025-12-11 17:48:58,571 [INFO] phase2_scraper:     Section sa_id: 1 radios, 0 checked
2025-12-11 17:48:58,571 [INFO] phase2_scraper:     Section sd_id: 1 radios, 0 checked
2025-12-11 17:48:58,572 [INFO] phase2_scraper:     Section e_id: 2 radios, 0 checked
2025-12-11 17:48:59,179 [INFO] phase2_scraper: Processing dish: Mac & Cheese Burger HIDE (ID: 174862, combo=False)
2025-12-11 17:49:00,168 [INFO] phase2_scraper:   #groups has sections: ['br_id', 'ci_id', 'dr_id', 'sa_id', 'sd_id', 'e_id', 'cm_id']
2025-12-11 17:49:00,168 [INFO] phase2_scraper:     Section br_id: 1 radios, 0 checked
2025-12-11 17:49:00,168 [INFO] phase2_scraper:     Section ci_id: 1 radios, 0 checked
2025-12-11 17:49:00,169 [INFO] phase2_scraper:     Section sa_id: 1 radios, 0 checked
2025-12-11 17:49:00,169 [INFO] phase2_scraper:     Section sd_id: 1 radios, 0 checked
2025-12-11 17:49:00,169 [INFO] phase2_scraper:     Section e_id: 2 radios, 1 checked
2025-12-11 17:49:01,759 [INFO] phase2_scraper:   Found 1 modifier groups, 4 modifiers for dish 174862
2025-12-11 17:49:02,366 [INFO] phase2_scraper: Processing dish: Original Burger COMBO (ID: 174863, combo=False)
2025-12-11 17:49:03,341 [INFO] phase2_scraper:   #groups has sections: ['br_id', 'ci_id', 'dr_id', 'sa_id', 'sd_id', 'e_id', 'cm_id']
2025-12-11 17:49:03,342 [INFO] phase2_scraper:     Section br_id: 1 radios, 1 checked
2025-12-11 17:49:04,197 [INFO] phase2_scraper:     Section ci_id: 1 radios, 0 checked
2025-12-11 17:49:04,198 [INFO] phase2_scraper:     Section sa_id: 1 radios, 0 checked
2025-12-11 17:49:04,198 [INFO] phase2_scraper:     Section sd_id: 1 radios, 1 checked
2025-12-11 17:49:05,827 [INFO] phase2_scraper:     Section e_id: 2 radios, 1 checked
2025-12-11 17:49:07,385 [INFO] phase2_scraper:   Found 3 modifier groups, 10 modifiers for dish 174863
2025-12-11 17:49:07,991 [INFO] phase2_scraper: Processing dish: Cheese Burger COMBO (ID: 174864, combo=False)
2025-12-11 17:49:08,982 [INFO] phase2_scraper:   #groups has sections: ['br_id', 'ci_id', 'dr_id', 'sa_id', 'sd_id', 'e_id', 'cm_id']
2025-12-11 17:49:08,982 [INFO] phase2_scraper:     Section br_id: 1 radios, 1 checked
2025-12-11 17:49:09,855 [INFO] phase2_scraper:     Section ci_id: 1 radios, 0 checked
2025-12-11 17:49:09,855 [INFO] phase2_scraper:     Section sa_id: 1 radios, 0 checked
2025-12-11 17:49:09,856 [INFO] phase2_scraper:     Section sd_id: 1 radios, 1 checked
2025-12-11 17:49:11,445 [INFO] phase2_scraper:     Section e_id: 2 radios, 1 checked
2025-12-11 17:49:13,089 [INFO] phase2_scraper:   Found 3 modifier groups, 10 modifiers for dish 174864
2025-12-11 17:49:13,700 [INFO] phase2_scraper: Processing dish: Bacon Burger COMBO (ID: 174865, combo=False)
2025-12-11 17:49:14,691 [INFO] phase2_scraper:   #groups has sections: ['br_id', 'ci_id', 'dr_id', 'sa_id', 'sd_id', 'e_id', 'cm_id']
2025-12-11 17:49:14,692 [INFO] phase2_scraper:     Section br_id: 1 radios, 1 checked
2025-12-11 17:49:15,583 [INFO] phase2_scraper:     Section ci_id: 1 radios, 0 checked
2025-12-11 17:49:15,584 [INFO] phase2_scraper:     Section sa_id: 1 radios, 0 checked
2025-12-11 17:49:15,584 [INFO] phase2_scraper:     Section sd_id: 1 radios, 1 checked
2025-12-11 17:49:17,191 [INFO] phase2_scraper:     Section e_id: 2 radios, 1 checked
2025-12-11 17:49:18,791 [INFO] phase2_scraper:   Found 3 modifier groups, 10 modifiers for dish 174865
2025-12-11 17:49:19,402 [INFO] phase2_scraper: Processing dish: Fried Mozzarella Burger COMBO (ID: 174866, combo=False)
2025-12-11 17:49:20,398 [INFO] phase2_scraper:   #groups has sections: ['br_id', 'ci_id', 'dr_id', 'sa_id', 'sd_id', 'e_id', 'cm_id']
2025-12-11 17:49:20,398 [INFO] phase2_scraper:     Section br_id: 1 radios, 1 checked
2025-12-11 17:49:21,285 [INFO] phase2_scraper:     Section ci_id: 1 radios, 0 checked
2025-12-11 17:49:21,286 [INFO] phase2_scraper:     Section sa_id: 1 radios, 0 checked
2025-12-11 17:49:21,286 [INFO] phase2_scraper:     Section sd_id: 1 radios, 1 checked
2025-12-11 17:49:22,850 [INFO] phase2_scraper:     Section e_id: 2 radios, 1 checked
2025-12-11 17:49:24,375 [INFO] phase2_scraper:   Found 3 modifier groups, 10 modifiers for dish 174866
2025-12-11 17:49:24,975 [INFO] phase2_scraper: Processing dish: Heat Burger COMBO (ID: 174867, combo=False)
2025-12-11 17:49:25,944 [INFO] phase2_scraper:   #groups has sections: ['br_id', 'ci_id', 'dr_id', 'sa_id', 'sd_id', 'e_id', 'cm_id']
2025-12-11 17:49:25,945 [INFO] phase2_scraper:     Section br_id: 1 radios, 1 checked
2025-12-11 17:49:26,863 [INFO] phase2_scraper:     Section ci_id: 1 radios, 0 checked
2025-12-11 17:49:26,864 [INFO] phase2_scraper:     Section sa_id: 1 radios, 0 checked
2025-12-11 17:49:26,865 [INFO] phase2_scraper:     Section sd_id: 1 radios, 1 checked
2025-12-11 17:49:28,473 [INFO] phase2_scraper:     Section e_id: 2 radios, 1 checked
2025-12-11 17:49:30,082 [INFO] phase2_scraper:   Found 3 modifier groups, 10 modifiers for dish 174867
2025-12-11 17:49:30,687 [INFO] phase2_scraper: Processing dish: ALL OUT Burger COMBO (ID: 174868, combo=False)
2025-12-11 17:49:31,702 [INFO] phase2_scraper:   #groups has sections: ['br_id', 'ci_id', 'dr_id', 'sa_id', 'sd_id', 'e_id', 'cm_id']
2025-12-11 17:49:31,703 [INFO] phase2_scraper:     Section br_id: 1 radios, 1 checked
2025-12-11 17:49:32,638 [INFO] phase2_scraper:     Section ci_id: 1 radios, 0 checked
2025-12-11 17:49:32,638 [INFO] phase2_scraper:     Section sa_id: 1 radios, 0 checked
2025-12-11 17:49:32,638 [INFO] phase2_scraper:     Section sd_id: 1 radios, 1 checked
2025-12-11 17:49:34,240 [INFO] phase2_scraper:     Section e_id: 2 radios, 1 checked
2025-12-11 17:49:35,812 [INFO] phase2_scraper:   Found 3 modifier groups, 10 modifiers for dish 174868
2025-12-11 17:49:36,429 [INFO] phase2_scraper: Processing dish: Veggie Burger COMBO (ID: 174869, combo=False)
2025-12-11 17:49:37,386 [INFO] phase2_scraper:   #groups has sections: ['br_id', 'ci_id', 'dr_id', 'sa_id', 'sd_id', 'e_id', 'cm_id']
2025-12-11 17:49:37,387 [INFO] phase2_scraper:     Section br_id: 1 radios, 1 checked
2025-12-11 17:49:38,293 [INFO] phase2_scraper:     Section ci_id: 1 radios, 0 checked
2025-12-11 17:49:38,294 [INFO] phase2_scraper:     Section sa_id: 1 radios, 0 checked
2025-12-11 17:49:38,294 [INFO] phase2_scraper:     Section sd_id: 1 radios, 1 checked
2025-12-11 17:49:39,896 [INFO] phase2_scraper:     Section e_id: 2 radios, 1 checked
2025-12-11 17:49:41,493 [INFO] phase2_scraper:   Found 3 modifier groups, 10 modifiers for dish 174869
2025-12-11 17:49:42,109 [INFO] phase2_scraper: Processing dish: Grilled Chicken Burger COMBO (ID: 174870, combo=False)
2025-12-11 17:49:43,120 [INFO] phase2_scraper:   #groups has sections: ['br_id', 'ci_id', 'dr_id', 'sa_id', 'sd_id', 'e_id', 'cm_id']
2025-12-11 17:49:43,121 [INFO] phase2_scraper:     Section br_id: 1 radios, 1 checked
2025-12-11 17:49:43,996 [INFO] phase2_scraper:     Section ci_id: 1 radios, 0 checked
2025-12-11 17:49:43,997 [INFO] phase2_scraper:     Section sa_id: 1 radios, 0 checked
2025-12-11 17:49:43,997 [INFO] phase2_scraper:     Section sd_id: 1 radios, 1 checked
2025-12-11 17:49:45,597 [INFO] phase2_scraper:     Section e_id: 2 radios, 1 checked
2025-12-11 17:49:47,124 [INFO] phase2_scraper:   Found 3 modifier groups, 10 modifiers for dish 174870
2025-12-11 17:49:47,729 [INFO] phase2_scraper: Processing dish: Fry N Slaw Burger COMBO (ID: 174871, combo=False)
2025-12-11 17:49:48,685 [INFO] phase2_scraper:   #groups has sections: ['br_id', 'ci_id', 'dr_id', 'sa_id', 'sd_id', 'e_id', 'cm_id']
2025-12-11 17:49:48,685 [INFO] phase2_scraper:     Section br_id: 1 radios, 1 checked
2025-12-11 17:49:49,539 [INFO] phase2_scraper:     Section ci_id: 1 radios, 0 checked
2025-12-11 17:49:49,540 [INFO] phase2_scraper:     Section sa_id: 1 radios, 0 checked
2025-12-11 17:49:49,541 [INFO] phase2_scraper:     Section sd_id: 1 radios, 1 checked
2025-12-11 17:49:51,113 [INFO] phase2_scraper:     Section e_id: 2 radios, 1 checked
2025-12-11 17:49:52,692 [INFO] phase2_scraper:   Found 3 modifier groups, 10 modifiers for dish 174871
2025-12-11 17:49:53,289 [INFO] phase2_scraper: Processing dish: Halloumi Burger COMBO (ID: 174872, combo=False)
2025-12-11 17:49:54,258 [INFO] phase2_scraper:   #groups has sections: ['br_id', 'ci_id', 'dr_id', 'sa_id', 'sd_id', 'e_id', 'cm_id']
2025-12-11 17:49:54,259 [INFO] phase2_scraper:     Section br_id: 1 radios, 1 checked
2025-12-11 17:49:55,129 [INFO] phase2_scraper:     Section ci_id: 1 radios, 0 checked
2025-12-11 17:49:55,130 [INFO] phase2_scraper:     Section sa_id: 1 radios, 0 checked
2025-12-11 17:49:55,130 [INFO] phase2_scraper:     Section sd_id: 1 radios, 1 checked
2025-12-11 17:49:56,721 [INFO] phase2_scraper:     Section e_id: 2 radios, 1 checked
2025-12-11 17:49:58,275 [INFO] phase2_scraper:   Found 3 modifier groups, 10 modifiers for dish 174872
2025-12-11 17:49:58,893 [INFO] phase2_scraper: Processing dish: Texas Beast Burger COMBO (ID: 174873, combo=False)
2025-12-11 17:49:59,890 [INFO] phase2_scraper:   #groups has sections: ['br_id', 'ci_id', 'dr_id', 'sa_id', 'sd_id', 'e_id', 'cm_id']
2025-12-11 17:49:59,890 [INFO] phase2_scraper:     Section br_id: 1 radios, 1 checked
2025-12-11 17:50:00,775 [INFO] phase2_scraper:     Section ci_id: 1 radios, 0 checked
2025-12-11 17:50:00,776 [INFO] phase2_scraper:     Section sa_id: 1 radios, 0 checked
2025-12-11 17:50:00,776 [INFO] phase2_scraper:     Section sd_id: 1 radios, 1 checked
2025-12-11 17:50:02,305 [INFO] phase2_scraper:     Section e_id: 2 radios, 1 checked
2025-12-11 17:50:03,844 [INFO] phase2_scraper:   Found 3 modifier groups, 10 modifiers for dish 174873
2025-12-11 17:50:04,446 [INFO] phase2_scraper: Processing dish: Crispy Chicken Burger COMBO (ID: 174874, combo=False)
2025-12-11 17:50:05,424 [INFO] phase2_scraper:   #groups has sections: ['br_id', 'ci_id', 'dr_id', 'sa_id', 'sd_id', 'e_id', 'cm_id']
2025-12-11 17:50:05,424 [INFO] phase2_scraper:     Section br_id: 1 radios, 1 checked
2025-12-11 17:50:06,310 [INFO] phase2_scraper:     Section ci_id: 1 radios, 0 checked
2025-12-11 17:50:06,311 [INFO] phase2_scraper:     Section sa_id: 1 radios, 0 checked
2025-12-11 17:50:06,311 [INFO] phase2_scraper:     Section sd_id: 1 radios, 1 checked
2025-12-11 17:50:07,879 [INFO] phase2_scraper:     Section e_id: 2 radios, 1 checked
2025-12-11 17:50:09,420 [INFO] phase2_scraper:   Found 3 modifier groups, 10 modifiers for dish 174874
2025-12-11 17:50:10,024 [INFO] phase2_scraper: Processing dish: Spicy Chicken Burger COMBO (ID: 174875, combo=False)
2025-12-11 17:50:10,984 [INFO] phase2_scraper:   #groups has sections: ['br_id', 'ci_id', 'dr_id', 'sa_id', 'sd_id', 'e_id', 'cm_id']
2025-12-11 17:50:10,984 [INFO] phase2_scraper:     Section br_id: 1 radios, 1 checked
2025-12-11 17:50:11,935 [INFO] phase2_scraper:     Section ci_id: 1 radios, 0 checked
2025-12-11 17:50:11,935 [INFO] phase2_scraper:     Section sa_id: 1 radios, 0 checked
2025-12-11 17:50:11,936 [INFO] phase2_scraper:     Section sd_id: 1 radios, 1 checked
2025-12-11 17:50:13,539 [INFO] phase2_scraper:     Section e_id: 2 radios, 1 checked
2025-12-11 17:50:15,158 [INFO] phase2_scraper:   Found 3 modifier groups, 10 modifiers for dish 174875
2025-12-11 17:50:15,758 [INFO] phase2_scraper: Processing dish: Classic Crispy Chicken Burger COMBO (ID: 174876, combo=False)
2025-12-11 17:50:16,746 [INFO] phase2_scraper:   #groups has sections: ['br_id', 'ci_id', 'dr_id', 'sa_id', 'sd_id', 'e_id', 'cm_id']
2025-12-11 17:50:16,747 [INFO] phase2_scraper:     Section br_id: 1 radios, 1 checked
2025-12-11 17:50:17,690 [INFO] phase2_scraper:     Section ci_id: 1 radios, 0 checked
2025-12-11 17:50:17,691 [INFO] phase2_scraper:     Section sa_id: 1 radios, 0 checked
2025-12-11 17:50:17,691 [INFO] phase2_scraper:     Section sd_id: 1 radios, 1 checked
2025-12-11 17:50:19,310 [INFO] phase2_scraper:     Section e_id: 2 radios, 1 checked
2025-12-11 17:50:20,895 [INFO] phase2_scraper:   Found 3 modifier groups, 10 modifiers for dish 174876
2025-12-11 17:50:21,498 [INFO] phase2_scraper: Processing dish: Deluxe Crispy Chicken Burger COMBO (ID: 174877, combo=False)
2025-12-11 17:50:22,441 [INFO] phase2_scraper:   #groups has sections: ['br_id', 'ci_id', 'dr_id', 'sa_id', 'sd_id', 'e_id', 'cm_id']
2025-12-11 17:50:22,441 [INFO] phase2_scraper:     Section br_id: 1 radios, 1 checked
2025-12-11 17:50:23,300 [INFO] phase2_scraper:     Section ci_id: 1 radios, 0 checked
2025-12-11 17:50:23,301 [INFO] phase2_scraper:     Section sa_id: 1 radios, 0 checked
2025-12-11 17:50:23,301 [INFO] phase2_scraper:     Section sd_id: 1 radios, 1 checked
2025-12-11 17:50:24,861 [INFO] phase2_scraper:     Section e_id: 2 radios, 1 checked
2025-12-11 17:50:26,407 [INFO] phase2_scraper:   Found 3 modifier groups, 10 modifiers for dish 174877
2025-12-11 17:50:27,016 [INFO] phase2_scraper: Processing dish: Sweet Chili Crispy Burger COMBO (ID: 174878, combo=False)
2025-12-11 17:50:27,986 [INFO] phase2_scraper:   #groups has sections: ['br_id', 'ci_id', 'dr_id', 'sa_id', 'sd_id', 'e_id', 'cm_id']
2025-12-11 17:50:27,986 [INFO] phase2_scraper:     Section br_id: 1 radios, 1 checked
2025-12-11 17:50:28,831 [INFO] phase2_scraper:     Section ci_id: 1 radios, 0 checked
2025-12-11 17:50:28,832 [INFO] phase2_scraper:     Section sa_id: 1 radios, 0 checked
2025-12-11 17:50:28,833 [INFO] phase2_scraper:     Section sd_id: 1 radios, 1 checked
2025-12-11 17:50:30,406 [INFO] phase2_scraper:     Section e_id: 2 radios, 1 checked
2025-12-11 17:50:32,018 [INFO] phase2_scraper:   Found 3 modifier groups, 10 modifiers for dish 174878
2025-12-11 17:50:32,626 [INFO] phase2_scraper: Processing dish: Grilled Cheese Sandwich COMBO HIDE (ID: 174879, combo=False)
2025-12-11 17:50:33,610 [INFO] phase2_scraper:   #groups has sections: ['br_id', 'ci_id', 'dr_id', 'sa_id', 'sd_id', 'e_id', 'cm_id']
2025-12-11 17:50:33,611 [INFO] phase2_scraper:     Section br_id: 1 radios, 0 checked
2025-12-11 17:50:33,611 [INFO] phase2_scraper:     Section ci_id: 1 radios, 0 checked
2025-12-11 17:50:33,612 [INFO] phase2_scraper:     Section sa_id: 1 radios, 0 checked
2025-12-11 17:50:33,613 [INFO] phase2_scraper:     Section sd_id: 1 radios, 1 checked
2025-12-11 17:50:35,167 [INFO] phase2_scraper:     Section e_id: 2 radios, 0 checked
2025-12-11 17:50:35,167 [INFO] phase2_scraper:   Found 1 modifier groups, 4 modifiers for dish 174879
2025-12-11 17:50:35,772 [INFO] phase2_scraper: Processing dish: Mac & Cheese Burger COMBO HIDE (ID: 174880, combo=False)
2025-12-11 17:50:36,732 [INFO] phase2_scraper:   #groups has sections: ['br_id', 'ci_id', 'dr_id', 'sa_id', 'sd_id', 'e_id', 'cm_id']
2025-12-11 17:50:36,733 [INFO] phase2_scraper:     Section br_id: 1 radios, 0 checked
2025-12-11 17:50:36,733 [INFO] phase2_scraper:     Section ci_id: 1 radios, 0 checked
2025-12-11 17:50:36,733 [INFO] phase2_scraper:     Section sa_id: 1 radios, 0 checked
2025-12-11 17:50:36,734 [INFO] phase2_scraper:     Section sd_id: 1 radios, 1 checked
2025-12-11 17:50:38,324 [INFO] phase2_scraper:     Section e_id: 2 radios, 1 checked
2025-12-11 17:50:39,917 [INFO] phase2_scraper:   Found 2 modifier groups, 8 modifiers for dish 174880
2025-12-11 17:50:40,527 [INFO] phase2_scraper: Processing dish: Jumbo Hot Dog (ID: 174881, combo=False)
2025-12-11 17:50:41,486 [INFO] phase2_scraper:   #groups has sections: ['br_id', 'ci_id', 'dr_id', 'sa_id', 'sd_id', 'e_id', 'cm_id']
2025-12-11 17:50:41,486 [INFO] phase2_scraper:     Section br_id: 1 radios, 0 checked
2025-12-11 17:50:41,486 [INFO] phase2_scraper:     Section ci_id: 1 radios, 0 checked
2025-12-11 17:50:41,487 [INFO] phase2_scraper:     Section sa_id: 1 radios, 0 checked
2025-12-11 17:50:41,487 [INFO] phase2_scraper:     Section sd_id: 1 radios, 0 checked
2025-12-11 17:50:41,488 [INFO] phase2_scraper:     Section e_id: 2 radios, 0 checked
2025-12-11 17:50:42,090 [INFO] phase2_scraper: Processing dish: Cheese Dog (ID: 174882, combo=False)
2025-12-11 17:50:43,043 [INFO] phase2_scraper:   #groups has sections: ['br_id', 'ci_id', 'dr_id', 'sa_id', 'sd_id', 'e_id', 'cm_id']
2025-12-11 17:50:43,044 [INFO] phase2_scraper:     Section br_id: 1 radios, 0 checked
2025-12-11 17:50:43,044 [INFO] phase2_scraper:     Section ci_id: 1 radios, 0 checked
2025-12-11 17:50:43,044 [INFO] phase2_scraper:     Section sa_id: 1 radios, 0 checked
2025-12-11 17:50:43,045 [INFO] phase2_scraper:     Section sd_id: 1 radios, 0 checked
2025-12-11 17:50:43,045 [INFO] phase2_scraper:     Section e_id: 2 radios, 0 checked
2025-12-11 17:50:43,639 [INFO] phase2_scraper: Processing dish: New York Style Hot Dog (ID: 174883, combo=False)
2025-12-11 17:50:44,605 [INFO] phase2_scraper:   #groups has sections: ['br_id', 'ci_id', 'dr_id', 'sa_id', 'sd_id', 'e_id', 'cm_id']
2025-12-11 17:50:44,605 [INFO] phase2_scraper:     Section br_id: 1 radios, 0 checked
2025-12-11 17:50:44,606 [INFO] phase2_scraper:     Section ci_id: 1 radios, 0 checked
2025-12-11 17:50:44,606 [INFO] phase2_scraper:     Section sa_id: 1 radios, 0 checked
2025-12-11 17:50:44,607 [INFO] phase2_scraper:     Section sd_id: 1 radios, 0 checked
2025-12-11 17:50:44,607 [INFO] phase2_scraper:     Section e_id: 2 radios, 0 checked
2025-12-11 17:50:45,205 [INFO] phase2_scraper: Processing dish: House Salad (ID: 174884, combo=False)
2025-12-11 17:50:46,213 [INFO] phase2_scraper:   #groups has sections: ['br_id', 'ci_id', 'dr_id', 'sa_id', 'sd_id', 'e_id', 'cm_id']
2025-12-11 17:50:46,213 [INFO] phase2_scraper:     Section br_id: 1 radios, 0 checked
2025-12-11 17:50:46,214 [INFO] phase2_scraper:     Section ci_id: 1 radios, 0 checked
2025-12-11 17:50:46,214 [INFO] phase2_scraper:     Section sa_id: 1 radios, 0 checked
2025-12-11 17:50:46,214 [INFO] phase2_scraper:     Section sd_id: 1 radios, 0 checked
2025-12-11 17:50:46,215 [INFO] phase2_scraper:     Section e_id: 2 radios, 0 checked
2025-12-11 17:50:46,819 [INFO] phase2_scraper: Processing dish: Caesar Salad (ID: 174885, combo=False)
2025-12-11 17:50:47,772 [INFO] phase2_scraper:   #groups has sections: ['br_id', 'ci_id', 'dr_id', 'sa_id', 'sd_id', 'e_id', 'cm_id']
2025-12-11 17:50:47,773 [INFO] phase2_scraper:     Section br_id: 1 radios, 0 checked
2025-12-11 17:50:47,773 [INFO] phase2_scraper:     Section ci_id: 1 radios, 0 checked
2025-12-11 17:50:47,773 [INFO] phase2_scraper:     Section sa_id: 1 radios, 0 checked
2025-12-11 17:50:47,774 [INFO] phase2_scraper:     Section sd_id: 1 radios, 0 checked
2025-12-11 17:50:47,774 [INFO] phase2_scraper:     Section e_id: 2 radios, 1 checked
2025-12-11 17:50:48,319 [INFO] phase2_scraper:   Found 1 modifier groups, 1 modifiers for dish 174885
2025-12-11 17:50:48,940 [INFO] phase2_scraper: Processing dish: Chicken Strips (4 pcs) (ID: 174886, combo=False)
2025-12-11 17:50:49,934 [INFO] phase2_scraper:   #groups has sections: ['br_id', 'ci_id', 'dr_id', 'sa_id', 'sd_id', 'e_id', 'cm_id']
2025-12-11 17:50:49,934 [INFO] phase2_scraper:     Section br_id: 1 radios, 0 checked
2025-12-11 17:50:49,935 [INFO] phase2_scraper:     Section ci_id: 1 radios, 0 checked
2025-12-11 17:50:49,935 [INFO] phase2_scraper:     Section sa_id: 1 radios, 0 checked
2025-12-11 17:50:49,935 [INFO] phase2_scraper:     Section sd_id: 1 radios, 0 checked
2025-12-11 17:50:49,936 [INFO] phase2_scraper:     Section e_id: 2 radios, 0 checked
2025-12-11 17:50:50,534 [INFO] phase2_scraper: Processing dish: Chicken Strips COMBO (4 pcs) (ID: 174887, combo=False)
2025-12-11 17:50:51,509 [INFO] phase2_scraper:   #groups has sections: ['br_id', 'ci_id', 'dr_id', 'sa_id', 'sd_id', 'e_id', 'cm_id']
2025-12-11 17:50:51,510 [INFO] phase2_scraper:     Section br_id: 1 radios, 0 checked
2025-12-11 17:50:51,511 [INFO] phase2_scraper:     Section ci_id: 1 radios, 0 checked
2025-12-11 17:50:51,511 [INFO] phase2_scraper:     Section sa_id: 1 radios, 0 checked
2025-12-11 17:50:51,511 [INFO] phase2_scraper:     Section sd_id: 1 radios, 1 checked
2025-12-11 17:50:53,066 [INFO] phase2_scraper:     Section e_id: 2 radios, 0 checked
2025-12-11 17:50:53,066 [INFO] phase2_scraper:   Found 1 modifier groups, 4 modifiers for dish 174887
2025-12-11 17:50:53,688 [INFO] phase2_scraper: Processing dish: Spicy Chicken Strips (4 pcs) (ID: 174888, combo=False)
2025-12-11 17:50:54,683 [INFO] phase2_scraper:   #groups has sections: ['br_id', 'ci_id', 'dr_id', 'sa_id', 'sd_id', 'e_id', 'cm_id']
2025-12-11 17:50:54,684 [INFO] phase2_scraper:     Section br_id: 1 radios, 0 checked
2025-12-11 17:50:54,684 [INFO] phase2_scraper:     Section ci_id: 1 radios, 0 checked
2025-12-11 17:50:54,685 [INFO] phase2_scraper:     Section sa_id: 1 radios, 0 checked
2025-12-11 17:50:54,685 [INFO] phase2_scraper:     Section sd_id: 1 radios, 0 checked
2025-12-11 17:50:54,685 [INFO] phase2_scraper:     Section e_id: 2 radios, 0 checked
2025-12-11 17:50:55,289 [INFO] phase2_scraper: Processing dish: Spicy Chicken Strips COMBO (4 pcs) (ID: 174889, combo=False)
2025-12-11 17:50:56,289 [INFO] phase2_scraper:   #groups has sections: ['br_id', 'ci_id', 'dr_id', 'sa_id', 'sd_id', 'e_id', 'cm_id']
2025-12-11 17:50:56,290 [INFO] phase2_scraper:     Section br_id: 1 radios, 0 checked
2025-12-11 17:50:56,290 [INFO] phase2_scraper:     Section ci_id: 1 radios, 0 checked
2025-12-11 17:50:56,291 [INFO] phase2_scraper:     Section sa_id: 1 radios, 0 checked
2025-12-11 17:50:56,291 [INFO] phase2_scraper:     Section sd_id: 1 radios, 1 checked
2025-12-11 17:50:57,846 [INFO] phase2_scraper:     Section e_id: 2 radios, 0 checked
2025-12-11 17:50:57,847 [INFO] phase2_scraper:   Found 1 modifier groups, 4 modifiers for dish 174889
2025-12-11 17:50:58,446 [INFO] phase2_scraper: Processing dish: Chicken Wings (1lb) (ID: 174890, combo=False)
2025-12-11 17:50:59,418 [INFO] phase2_scraper:   #groups has sections: ['br_id', 'ci_id', 'dr_id', 'sa_id', 'sd_id', 'e_id', 'cm_id']
2025-12-11 17:50:59,419 [INFO] phase2_scraper:     Section br_id: 1 radios, 0 checked
2025-12-11 17:50:59,419 [INFO] phase2_scraper:     Section ci_id: 1 radios, 0 checked
2025-12-11 17:50:59,420 [INFO] phase2_scraper:     Section sa_id: 1 radios, 1 checked
2025-12-11 17:51:01,352 [INFO] phase2_scraper:     Section sd_id: 1 radios, 0 checked
2025-12-11 17:51:01,353 [INFO] phase2_scraper:     Section e_id: 2 radios, 0 checked
2025-12-11 17:51:01,353 [INFO] phase2_scraper:   Found 1 modifier groups, 5 modifiers for dish 174890
2025-12-11 17:51:01,961 [INFO] phase2_scraper: Processing dish: Chicken Wings COMBO (1lb) (ID: 174891, combo=False)
2025-12-11 17:51:03,056 [INFO] phase2_scraper:   #groups has sections: ['br_id', 'ci_id', 'dr_id', 'sa_id', 'sd_id', 'e_id', 'cm_id']
2025-12-11 17:51:03,056 [INFO] phase2_scraper:     Section br_id: 1 radios, 0 checked
2025-12-11 17:51:03,057 [INFO] phase2_scraper:     Section ci_id: 1 radios, 0 checked
2025-12-11 17:51:03,057 [INFO] phase2_scraper:     Section sa_id: 1 radios, 1 checked
2025-12-11 17:51:04,950 [INFO] phase2_scraper:     Section sd_id: 1 radios, 1 checked
2025-12-11 17:51:07,411 [INFO] phase2_scraper:     Section e_id: 2 radios, 0 checked
2025-12-11 17:51:07,412 [INFO] phase2_scraper:   Found 2 modifier groups, 9 modifiers for dish 174891
2025-12-11 17:51:08,163 [INFO] phase2_scraper: Processing dish: Boneless Wings (1lb) (ID: 174892, combo=False)
2025-12-11 17:51:09,425 [INFO] phase2_scraper:   #groups has sections: ['br_id', 'ci_id', 'dr_id', 'sa_id', 'sd_id', 'e_id', 'cm_id']
2025-12-11 17:51:09,425 [INFO] phase2_scraper:     Section br_id: 1 radios, 0 checked
2025-12-11 17:51:09,426 [INFO] phase2_scraper:     Section ci_id: 1 radios, 0 checked
2025-12-11 17:51:09,426 [INFO] phase2_scraper:     Section sa_id: 1 radios, 1 checked
2025-12-11 17:51:11,686 [INFO] phase2_scraper:     Section sd_id: 1 radios, 0 checked
2025-12-11 17:51:11,687 [INFO] phase2_scraper:     Section e_id: 2 radios, 0 checked
2025-12-11 17:51:11,687 [INFO] phase2_scraper:   Found 1 modifier groups, 5 modifiers for dish 174892
2025-12-11 17:51:12,281 [INFO] phase2_scraper: Processing dish: Boneless Wings COMBO (1lb) (ID: 174893, combo=False)
2025-12-11 17:51:13,276 [INFO] phase2_scraper:   #groups has sections: ['br_id', 'ci_id', 'dr_id', 'sa_id', 'sd_id', 'e_id', 'cm_id']
2025-12-11 17:51:13,277 [INFO] phase2_scraper:     Section br_id: 1 radios, 0 checked
2025-12-11 17:51:13,277 [INFO] phase2_scraper:     Section ci_id: 1 radios, 0 checked
2025-12-11 17:51:13,278 [INFO] phase2_scraper:     Section sa_id: 1 radios, 1 checked
2025-12-11 17:51:15,158 [INFO] phase2_scraper:     Section sd_id: 1 radios, 1 checked
2025-12-11 17:51:16,688 [INFO] phase2_scraper:     Section e_id: 2 radios, 0 checked
2025-12-11 17:51:16,688 [INFO] phase2_scraper:   Found 2 modifier groups, 9 modifiers for dish 174893
2025-12-11 17:51:17,289 [INFO] phase2_scraper: Processing dish: ALL OUT Poutine (ID: 174894, combo=False)
2025-12-11 17:51:18,411 [INFO] phase2_scraper:   #groups has sections: ['br_id', 'ci_id', 'dr_id', 'sa_id', 'sd_id', 'e_id', 'cm_id']
2025-12-11 17:51:18,412 [INFO] phase2_scraper:     Section br_id: 1 radios, 0 checked
2025-12-11 17:51:18,412 [INFO] phase2_scraper:     Section ci_id: 1 radios, 0 checked
2025-12-11 17:51:18,412 [INFO] phase2_scraper:     Section sa_id: 1 radios, 0 checked
2025-12-11 17:51:18,412 [INFO] phase2_scraper:     Section sd_id: 1 radios, 0 checked
2025-12-11 17:51:18,413 [INFO] phase2_scraper:     Section e_id: 2 radios, 0 checked
2025-12-11 17:51:19,022 [INFO] phase2_scraper: Processing dish: Crispy Chicken Poutine (ID: 174895, combo=False)
2025-12-11 17:51:20,161 [INFO] phase2_scraper:   #groups has sections: ['br_id', 'ci_id', 'dr_id', 'sa_id', 'sd_id', 'e_id', 'cm_id']
2025-12-11 17:51:20,161 [INFO] phase2_scraper:     Section br_id: 1 radios, 0 checked
2025-12-11 17:51:20,162 [INFO] phase2_scraper:     Section ci_id: 1 radios, 0 checked
2025-12-11 17:51:20,162 [INFO] phase2_scraper:     Section sa_id: 1 radios, 0 checked
2025-12-11 17:51:20,162 [INFO] phase2_scraper:     Section sd_id: 1 radios, 0 checked
2025-12-11 17:51:20,163 [INFO] phase2_scraper:     Section e_id: 2 radios, 0 checked
2025-12-11 17:51:20,765 [INFO] phase2_scraper: Processing dish: Classic Poutine (ID: 174896, combo=False)
2025-12-11 17:51:21,918 [INFO] phase2_scraper:   #groups has sections: ['br_id', 'ci_id', 'dr_id', 'sa_id', 'sd_id', 'e_id', 'cm_id']
2025-12-11 17:51:21,919 [INFO] phase2_scraper:     Section br_id: 1 radios, 0 checked
2025-12-11 17:51:21,919 [INFO] phase2_scraper:     Section ci_id: 1 radios, 0 checked
2025-12-11 17:51:21,920 [INFO] phase2_scraper:     Section sa_id: 1 radios, 0 checked
2025-12-11 17:51:21,920 [INFO] phase2_scraper:     Section sd_id: 1 radios, 0 checked
2025-12-11 17:51:21,920 [INFO] phase2_scraper:     Section e_id: 2 radios, 0 checked
2025-12-11 17:51:22,521 [INFO] phase2_scraper: Processing dish: Popcurd Poutine (ID: 174897, combo=False)
2025-12-11 17:51:23,670 [INFO] phase2_scraper:   #groups has sections: ['br_id', 'ci_id', 'dr_id', 'sa_id', 'sd_id', 'e_id', 'cm_id']
2025-12-11 17:51:23,671 [INFO] phase2_scraper:     Section br_id: 1 radios, 0 checked
2025-12-11 17:51:23,671 [INFO] phase2_scraper:     Section ci_id: 1 radios, 0 checked
2025-12-11 17:51:23,671 [INFO] phase2_scraper:     Section sa_id: 1 radios, 0 checked
2025-12-11 17:51:23,672 [INFO] phase2_scraper:     Section sd_id: 1 radios, 0 checked
2025-12-11 17:51:23,672 [INFO] phase2_scraper:     Section e_id: 2 radios, 0 checked
2025-12-11 17:51:24,282 [INFO] phase2_scraper: Processing dish: Meat Lovers Poutine (ID: 174898, combo=False)
2025-12-11 17:51:25,443 [INFO] phase2_scraper:   #groups has sections: ['br_id', 'ci_id', 'dr_id', 'sa_id', 'sd_id', 'e_id', 'cm_id']
2025-12-11 17:51:25,444 [INFO] phase2_scraper:     Section br_id: 1 radios, 0 checked
2025-12-11 17:51:25,444 [INFO] phase2_scraper:     Section ci_id: 1 radios, 0 checked
2025-12-11 17:51:25,444 [INFO] phase2_scraper:     Section sa_id: 1 radios, 0 checked
2025-12-11 17:51:25,444 [INFO] phase2_scraper:     Section sd_id: 1 radios, 0 checked
2025-12-11 17:51:25,445 [INFO] phase2_scraper:     Section e_id: 2 radios, 0 checked
2025-12-11 17:51:26,052 [INFO] phase2_scraper: Processing dish: Cheese Fries Poutione (ID: 174899, combo=False)
2025-12-11 17:51:27,171 [INFO] phase2_scraper:   #groups has sections: ['br_id', 'ci_id', 'dr_id', 'sa_id', 'sd_id', 'e_id', 'cm_id']
2025-12-11 17:51:27,171 [INFO] phase2_scraper:     Section br_id: 1 radios, 0 checked
2025-12-11 17:51:27,172 [INFO] phase2_scraper:     Section ci_id: 1 radios, 0 checked
2025-12-11 17:51:27,172 [INFO] phase2_scraper:     Section sa_id: 1 radios, 0 checked
2025-12-11 17:51:27,172 [INFO] phase2_scraper:     Section sd_id: 1 radios, 0 checked
2025-12-11 17:51:27,172 [INFO] phase2_scraper:     Section e_id: 2 radios, 0 checked
2025-12-11 17:51:27,775 [INFO] phase2_scraper: Processing dish: Mini Burger Meal (ID: 174900, combo=False)
2025-12-11 17:51:28,752 [INFO] phase2_scraper:   #groups has sections: ['br_id', 'ci_id', 'dr_id', 'sa_id', 'sd_id', 'e_id', 'cm_id']
2025-12-11 17:51:28,753 [INFO] phase2_scraper:     Section br_id: 1 radios, 0 checked
2025-12-11 17:51:28,753 [INFO] phase2_scraper:     Section ci_id: 1 radios, 0 checked
2025-12-11 17:51:28,754 [INFO] phase2_scraper:     Section sa_id: 1 radios, 0 checked
2025-12-11 17:51:28,754 [INFO] phase2_scraper:     Section sd_id: 1 radios, 0 checked
2025-12-11 17:51:28,754 [INFO] phase2_scraper:     Section e_id: 2 radios, 0 checked
2025-12-11 17:51:29,360 [INFO] phase2_scraper: Processing dish: Chicken Strips (2 pcs) (ID: 174901, combo=False)
2025-12-11 17:51:30,322 [INFO] phase2_scraper:   #groups has sections: ['br_id', 'ci_id', 'dr_id', 'sa_id', 'sd_id', 'e_id', 'cm_id']
2025-12-11 17:51:30,322 [INFO] phase2_scraper:     Section br_id: 1 radios, 0 checked
2025-12-11 17:51:30,322 [INFO] phase2_scraper:     Section ci_id: 1 radios, 0 checked
2025-12-11 17:51:30,323 [INFO] phase2_scraper:     Section sa_id: 1 radios, 0 checked
2025-12-11 17:51:30,323 [INFO] phase2_scraper:     Section sd_id: 1 radios, 0 checked
2025-12-11 17:51:30,323 [INFO] phase2_scraper:     Section e_id: 2 radios, 0 checked
2025-12-11 17:51:30,926 [INFO] phase2_scraper: Processing dish: 6 Hot Fresh Mini Donuts (ID: 174902, combo=False)
2025-12-11 17:51:32,236 [INFO] phase2_scraper:   #groups has sections: ['br_id', 'ci_id', 'dr_id', 'sa_id', 'sd_id', 'e_id', 'cm_id']
2025-12-11 17:51:32,237 [INFO] phase2_scraper:     Section br_id: 1 radios, 0 checked
2025-12-11 17:51:32,237 [INFO] phase2_scraper:     Section ci_id: 1 radios, 0 checked
2025-12-11 17:51:32,237 [INFO] phase2_scraper:     Section sa_id: 1 radios, 0 checked
2025-12-11 17:51:32,238 [INFO] phase2_scraper:     Section sd_id: 1 radios, 0 checked
2025-12-11 17:51:32,238 [INFO] phase2_scraper:     Section e_id: 2 radios, 0 checked
2025-12-11 17:51:32,846 [INFO] phase2_scraper: Processing dish: 12 Hot Fresh Mini Donuts (ID: 174903, combo=False)
2025-12-11 17:51:34,198 [INFO] phase2_scraper:   #groups has sections: ['br_id', 'ci_id', 'dr_id', 'sa_id', 'sd_id', 'e_id', 'cm_id']
2025-12-11 17:51:34,199 [INFO] phase2_scraper:     Section br_id: 1 radios, 0 checked
2025-12-11 17:51:34,199 [INFO] phase2_scraper:     Section ci_id: 1 radios, 0 checked
2025-12-11 17:51:34,200 [INFO] phase2_scraper:     Section sa_id: 1 radios, 0 checked
2025-12-11 17:51:34,200 [INFO] phase2_scraper:     Section sd_id: 1 radios, 0 checked
2025-12-11 17:51:34,200 [INFO] phase2_scraper:     Section e_id: 2 radios, 0 checked
2025-12-11 17:51:34,813 [INFO] phase2_scraper: Processing dish: 24 Hot Fresh Mini Donuts (ID: 174904, combo=False)
2025-12-11 17:51:36,135 [INFO] phase2_scraper:   #groups has sections: ['br_id', 'ci_id', 'dr_id', 'sa_id', 'sd_id', 'e_id', 'cm_id']
2025-12-11 17:51:36,136 [INFO] phase2_scraper:     Section br_id: 1 radios, 0 checked
2025-12-11 17:51:36,136 [INFO] phase2_scraper:     Section ci_id: 1 radios, 0 checked
2025-12-11 17:51:36,137 [INFO] phase2_scraper:     Section sa_id: 1 radios, 0 checked
2025-12-11 17:51:36,137 [INFO] phase2_scraper:     Section sd_id: 1 radios, 0 checked
2025-12-11 17:51:36,137 [INFO] phase2_scraper:     Section e_id: 2 radios, 0 checked
2025-12-11 17:51:36,743 [INFO] phase2_scraper: Processing dish: Angry Churros (ID: 174905, combo=False)
2025-12-11 17:51:38,094 [INFO] phase2_scraper:   #groups has sections: ['br_id', 'ci_id', 'dr_id', 'sa_id', 'sd_id', 'e_id', 'cm_id']
2025-12-11 17:51:38,094 [INFO] phase2_scraper:     Section br_id: 1 radios, 0 checked
2025-12-11 17:51:38,095 [INFO] phase2_scraper:     Section ci_id: 1 radios, 0 checked
2025-12-11 17:51:38,095 [INFO] phase2_scraper:     Section sa_id: 1 radios, 0 checked
2025-12-11 17:51:38,095 [INFO] phase2_scraper:     Section sd_id: 1 radios, 0 checked
2025-12-11 17:51:38,096 [INFO] phase2_scraper:     Section e_id: 2 radios, 0 checked
2025-12-11 17:51:38,709 [INFO] phase2_scraper: Processing dish: Ruby Tuesday (ID: 174906, combo=False)
2025-12-11 17:51:40,119 [INFO] phase2_scraper:   #groups has sections: ['br_id', 'ci_id', 'dr_id', 'sa_id', 'sd_id', 'e_id', 'cm_id']
2025-12-11 17:51:40,120 [INFO] phase2_scraper:     Section br_id: 1 radios, 0 checked
2025-12-11 17:51:40,120 [INFO] phase2_scraper:     Section ci_id: 1 radios, 0 checked
2025-12-11 17:51:40,121 [INFO] phase2_scraper:     Section sa_id: 1 radios, 0 checked
2025-12-11 17:51:40,121 [INFO] phase2_scraper:     Section sd_id: 1 radios, 0 checked
2025-12-11 17:51:40,121 [INFO] phase2_scraper:     Section e_id: 2 radios, 0 checked
2025-12-11 17:51:40,736 [INFO] phase2_scraper: Processing dish: Nutella Cheesecake (ID: 174907, combo=False)
2025-12-11 17:51:41,727 [INFO] phase2_scraper:   #groups has sections: ['br_id', 'ci_id', 'dr_id', 'sa_id', 'sd_id', 'e_id', 'cm_id']
2025-12-11 17:51:41,727 [INFO] phase2_scraper:     Section br_id: 1 radios, 0 checked
2025-12-11 17:51:41,728 [INFO] phase2_scraper:     Section ci_id: 1 radios, 0 checked
2025-12-11 17:51:41,728 [INFO] phase2_scraper:     Section sa_id: 1 radios, 0 checked
2025-12-11 17:51:41,729 [INFO] phase2_scraper:     Section sd_id: 1 radios, 0 checked
2025-12-11 17:51:41,729 [INFO] phase2_scraper:     Section e_id: 2 radios, 0 checked
2025-12-11 17:51:42,330 [INFO] phase2_scraper: Processing dish: Rustic Pecan (ID: 174908, combo=False)
2025-12-11 17:51:43,295 [INFO] phase2_scraper:   #groups has sections: ['br_id', 'ci_id', 'dr_id', 'sa_id', 'sd_id', 'e_id', 'cm_id']
2025-12-11 17:51:43,296 [INFO] phase2_scraper:     Section br_id: 1 radios, 0 checked
2025-12-11 17:51:43,296 [INFO] phase2_scraper:     Section ci_id: 1 radios, 0 checked
2025-12-11 17:51:43,297 [INFO] phase2_scraper:     Section sa_id: 1 radios, 0 checked
2025-12-11 17:51:43,297 [INFO] phase2_scraper:     Section sd_id: 1 radios, 0 checked
2025-12-11 17:51:43,298 [INFO] phase2_scraper:     Section e_id: 2 radios, 0 checked
2025-12-11 17:51:43,898 [INFO] phase2_scraper: Processing dish: Dutch Apple Pie (ID: 174909, combo=False)
2025-12-11 17:51:44,846 [INFO] phase2_scraper:   #groups has sections: ['br_id', 'ci_id', 'dr_id', 'sa_id', 'sd_id', 'e_id', 'cm_id']
2025-12-11 17:51:44,847 [INFO] phase2_scraper:     Section br_id: 1 radios, 0 checked
2025-12-11 17:51:44,847 [INFO] phase2_scraper:     Section ci_id: 1 radios, 0 checked
2025-12-11 17:51:44,847 [INFO] phase2_scraper:     Section sa_id: 1 radios, 0 checked
2025-12-11 17:51:44,848 [INFO] phase2_scraper:     Section sd_id: 1 radios, 0 checked
2025-12-11 17:51:44,848 [INFO] phase2_scraper:     Section e_id: 2 radios, 0 checked
2025-12-11 17:51:45,450 [INFO] phase2_scraper: Processing dish: Keylime Pie (ID: 174910, combo=False)
2025-12-11 17:51:46,417 [INFO] phase2_scraper:   #groups has sections: ['br_id', 'ci_id', 'dr_id', 'sa_id', 'sd_id', 'e_id', 'cm_id']
2025-12-11 17:51:46,418 [INFO] phase2_scraper:     Section br_id: 1 radios, 0 checked
2025-12-11 17:51:46,418 [INFO] phase2_scraper:     Section ci_id: 1 radios, 0 checked
2025-12-11 17:51:46,419 [INFO] phase2_scraper:     Section sa_id: 1 radios, 0 checked
2025-12-11 17:51:46,419 [INFO] phase2_scraper:     Section sd_id: 1 radios, 0 checked
2025-12-11 17:51:46,419 [INFO] phase2_scraper:     Section e_id: 2 radios, 0 checked
2025-12-11 17:51:47,036 [INFO] phase2_scraper: Processing dish: Raspberry Cheesecake (ID: 174911, combo=False)
2025-12-11 17:51:47,984 [INFO] phase2_scraper:   #groups has sections: ['br_id', 'ci_id', 'dr_id', 'sa_id', 'sd_id', 'e_id', 'cm_id']
2025-12-11 17:51:47,985 [INFO] phase2_scraper:     Section br_id: 1 radios, 0 checked
2025-12-11 17:51:47,985 [INFO] phase2_scraper:     Section ci_id: 1 radios, 0 checked
2025-12-11 17:51:47,986 [INFO] phase2_scraper:     Section sa_id: 1 radios, 0 checked
2025-12-11 17:51:47,986 [INFO] phase2_scraper:     Section sd_id: 1 radios, 0 checked
2025-12-11 17:51:47,986 [INFO] phase2_scraper:     Section e_id: 2 radios, 0 checked
2025-12-11 17:51:48,590 [INFO] phase2_scraper: Processing dish: Oreo Cake (ID: 174912, combo=False)
2025-12-11 17:51:49,553 [INFO] phase2_scraper:   #groups has sections: ['br_id', 'ci_id', 'dr_id', 'sa_id', 'sd_id', 'e_id', 'cm_id']
2025-12-11 17:51:49,553 [INFO] phase2_scraper:     Section br_id: 1 radios, 0 checked
2025-12-11 17:51:49,554 [INFO] phase2_scraper:     Section ci_id: 1 radios, 0 checked
2025-12-11 17:51:49,555 [INFO] phase2_scraper:     Section sa_id: 1 radios, 0 checked
2025-12-11 17:51:49,555 [INFO] phase2_scraper:     Section sd_id: 1 radios, 0 checked
2025-12-11 17:51:49,555 [INFO] phase2_scraper:     Section e_id: 2 radios, 0 checked
2025-12-11 17:51:50,154 [INFO] phase2_scraper: Processing dish: Carrot Cake (ID: 174913, combo=False)
2025-12-11 17:51:51,134 [INFO] phase2_scraper:   #groups has sections: ['br_id', 'ci_id', 'dr_id', 'sa_id', 'sd_id', 'e_id', 'cm_id']
2025-12-11 17:51:51,134 [INFO] phase2_scraper:     Section br_id: 1 radios, 0 checked
2025-12-11 17:51:51,134 [INFO] phase2_scraper:     Section ci_id: 1 radios, 0 checked
2025-12-11 17:51:51,135 [INFO] phase2_scraper:     Section sa_id: 1 radios, 0 checked
2025-12-11 17:51:51,135 [INFO] phase2_scraper:     Section sd_id: 1 radios, 0 checked
2025-12-11 17:51:51,135 [INFO] phase2_scraper:     Section e_id: 2 radios, 0 checked
2025-12-11 17:51:51,737 [INFO] phase2_scraper: Processing dish: Chocolate Bomb (ID: 174914, combo=False)
2025-12-11 17:51:52,709 [INFO] phase2_scraper:   #groups has sections: ['br_id', 'ci_id', 'dr_id', 'sa_id', 'sd_id', 'e_id', 'cm_id']
2025-12-11 17:51:52,710 [INFO] phase2_scraper:     Section br_id: 1 radios, 0 checked
2025-12-11 17:51:52,710 [INFO] phase2_scraper:     Section ci_id: 1 radios, 0 checked
2025-12-11 17:51:52,710 [INFO] phase2_scraper:     Section sa_id: 1 radios, 0 checked
2025-12-11 17:51:52,711 [INFO] phase2_scraper:     Section sd_id: 1 radios, 0 checked
2025-12-11 17:51:52,711 [INFO] phase2_scraper:     Section e_id: 2 radios, 0 checked
2025-12-11 17:51:53,310 [INFO] phase2_scraper: Processing dish: Red Velvet Cake (ID: 174915, combo=False)
2025-12-11 17:51:54,284 [INFO] phase2_scraper:   #groups has sections: ['br_id', 'ci_id', 'dr_id', 'sa_id', 'sd_id', 'e_id', 'cm_id']
2025-12-11 17:51:54,285 [INFO] phase2_scraper:     Section br_id: 1 radios, 0 checked
2025-12-11 17:51:54,285 [INFO] phase2_scraper:     Section ci_id: 1 radios, 0 checked
2025-12-11 17:51:54,286 [INFO] phase2_scraper:     Section sa_id: 1 radios, 0 checked
2025-12-11 17:51:54,286 [INFO] phase2_scraper:     Section sd_id: 1 radios, 0 checked
2025-12-11 17:51:54,286 [INFO] phase2_scraper:     Section e_id: 2 radios, 0 checked
2025-12-11 17:51:54,890 [INFO] phase2_scraper: Processing dish: Ginger Ale (ID: 174916, combo=False)
2025-12-11 17:51:55,864 [INFO] phase2_scraper:   #groups has sections: ['br_id', 'ci_id', 'dr_id', 'sa_id', 'sd_id', 'e_id', 'cm_id']
2025-12-11 17:51:55,864 [INFO] phase2_scraper:     Section br_id: 1 radios, 0 checked
2025-12-11 17:51:55,865 [INFO] phase2_scraper:     Section ci_id: 1 radios, 0 checked
2025-12-11 17:51:55,865 [INFO] phase2_scraper:     Section sa_id: 1 radios, 0 checked
2025-12-11 17:51:55,865 [INFO] phase2_scraper:     Section sd_id: 1 radios, 0 checked
2025-12-11 17:51:55,866 [INFO] phase2_scraper:     Section e_id: 2 radios, 0 checked
2025-12-11 17:51:56,470 [INFO] phase2_scraper: Processing dish: Ice Tea (ID: 174917, combo=False)
2025-12-11 17:51:57,418 [INFO] phase2_scraper:   #groups has sections: ['br_id', 'ci_id', 'dr_id', 'sa_id', 'sd_id', 'e_id', 'cm_id']
2025-12-11 17:51:57,418 [INFO] phase2_scraper:     Section br_id: 1 radios, 0 checked
2025-12-11 17:51:57,419 [INFO] phase2_scraper:     Section ci_id: 1 radios, 0 checked
2025-12-11 17:51:57,419 [INFO] phase2_scraper:     Section sa_id: 1 radios, 0 checked
2025-12-11 17:51:57,419 [INFO] phase2_scraper:     Section sd_id: 1 radios, 0 checked
2025-12-11 17:51:57,420 [INFO] phase2_scraper:     Section e_id: 2 radios, 0 checked
2025-12-11 17:51:58,018 [INFO] phase2_scraper: Processing dish: Pepsi (ID: 174918, combo=False)
2025-12-11 17:51:58,994 [INFO] phase2_scraper:   #groups has sections: ['br_id', 'ci_id', 'dr_id', 'sa_id', 'sd_id', 'e_id', 'cm_id']
2025-12-11 17:51:58,994 [INFO] phase2_scraper:     Section br_id: 1 radios, 0 checked
2025-12-11 17:51:58,995 [INFO] phase2_scraper:     Section ci_id: 1 radios, 0 checked
2025-12-11 17:51:58,995 [INFO] phase2_scraper:     Section sa_id: 1 radios, 0 checked
2025-12-11 17:51:58,995 [INFO] phase2_scraper:     Section sd_id: 1 radios, 0 checked
2025-12-11 17:51:58,995 [INFO] phase2_scraper:     Section e_id: 2 radios, 0 checked
2025-12-11 17:51:59,601 [INFO] phase2_scraper: Processing dish: Diet Pepsi (ID: 174919, combo=False)
2025-12-11 17:52:00,595 [INFO] phase2_scraper:   #groups has sections: ['br_id', 'ci_id', 'dr_id', 'sa_id', 'sd_id', 'e_id', 'cm_id']
2025-12-11 17:52:00,595 [INFO] phase2_scraper:     Section br_id: 1 radios, 0 checked
2025-12-11 17:52:00,595 [INFO] phase2_scraper:     Section ci_id: 1 radios, 0 checked
2025-12-11 17:52:00,595 [INFO] phase2_scraper:     Section sa_id: 1 radios, 0 checked
2025-12-11 17:52:00,596 [INFO] phase2_scraper:     Section sd_id: 1 radios, 0 checked
2025-12-11 17:52:00,596 [INFO] phase2_scraper:     Section e_id: 2 radios, 0 checked
2025-12-11 17:52:01,205 [INFO] phase2_scraper: Processing dish: 7 Up (ID: 174920, combo=False)
2025-12-11 17:52:02,175 [INFO] phase2_scraper:   #groups has sections: ['br_id', 'ci_id', 'dr_id', 'sa_id', 'sd_id', 'e_id', 'cm_id']
2025-12-11 17:52:02,175 [INFO] phase2_scraper:     Section br_id: 1 radios, 0 checked
2025-12-11 17:52:02,176 [INFO] phase2_scraper:     Section ci_id: 1 radios, 0 checked
2025-12-11 17:52:02,176 [INFO] phase2_scraper:     Section sa_id: 1 radios, 0 checked
2025-12-11 17:52:02,177 [INFO] phase2_scraper:     Section sd_id: 1 radios, 0 checked
2025-12-11 17:52:02,177 [INFO] phase2_scraper:     Section e_id: 2 radios, 0 checked
2025-12-11 17:52:02,784 [INFO] phase2_scraper: Processing dish: Orange Crush (ID: 174921, combo=False)
2025-12-11 17:52:03,775 [INFO] phase2_scraper:   #groups has sections: ['br_id', 'ci_id', 'dr_id', 'sa_id', 'sd_id', 'e_id', 'cm_id']
2025-12-11 17:52:03,776 [INFO] phase2_scraper:     Section br_id: 1 radios, 0 checked
2025-12-11 17:52:03,776 [INFO] phase2_scraper:     Section ci_id: 1 radios, 0 checked
2025-12-11 17:52:03,777 [INFO] phase2_scraper:     Section sa_id: 1 radios, 0 checked
2025-12-11 17:52:03,777 [INFO] phase2_scraper:     Section sd_id: 1 radios, 0 checked
2025-12-11 17:52:03,777 [INFO] phase2_scraper:     Section e_id: 2 radios, 0 checked
2025-12-11 17:52:04,381 [INFO] phase2_scraper: Processing dish: Grape Crush (ID: 174922, combo=False)
2025-12-11 17:52:05,354 [INFO] phase2_scraper:   #groups has sections: ['br_id', 'ci_id', 'dr_id', 'sa_id', 'sd_id', 'e_id', 'cm_id']
2025-12-11 17:52:05,354 [INFO] phase2_scraper:     Section br_id: 1 radios, 0 checked
2025-12-11 17:52:05,354 [INFO] phase2_scraper:     Section ci_id: 1 radios, 0 checked
2025-12-11 17:52:05,355 [INFO] phase2_scraper:     Section sa_id: 1 radios, 0 checked
2025-12-11 17:52:05,355 [INFO] phase2_scraper:     Section sd_id: 1 radios, 0 checked
2025-12-11 17:52:05,355 [INFO] phase2_scraper:     Section e_id: 2 radios, 0 checked
2025-12-11 17:52:05,961 [INFO] phase2_scraper: Processing dish: Cream Soda (ID: 174923, combo=False)
2025-12-11 17:52:06,950 [INFO] phase2_scraper:   #groups has sections: ['br_id', 'ci_id', 'dr_id', 'sa_id', 'sd_id', 'e_id', 'cm_id']
2025-12-11 17:52:06,951 [INFO] phase2_scraper:     Section br_id: 1 radios, 0 checked
2025-12-11 17:52:06,951 [INFO] phase2_scraper:     Section ci_id: 1 radios, 0 checked
2025-12-11 17:52:06,951 [INFO] phase2_scraper:     Section sa_id: 1 radios, 0 checked
2025-12-11 17:52:06,951 [INFO] phase2_scraper:     Section sd_id: 1 radios, 0 checked
2025-12-11 17:52:06,952 [INFO] phase2_scraper:     Section e_id: 2 radios, 0 checked
2025-12-11 17:52:07,550 [INFO] phase2_scraper: Processing dish: Mugs Root Beer (ID: 174924, combo=False)
2025-12-11 17:52:08,505 [INFO] phase2_scraper:   #groups has sections: ['br_id', 'ci_id', 'dr_id', 'sa_id', 'sd_id', 'e_id', 'cm_id']
2025-12-11 17:52:08,505 [INFO] phase2_scraper:     Section br_id: 1 radios, 0 checked
2025-12-11 17:52:08,506 [INFO] phase2_scraper:     Section ci_id: 1 radios, 0 checked
2025-12-11 17:52:08,506 [INFO] phase2_scraper:     Section sa_id: 1 radios, 0 checked
2025-12-11 17:52:08,506 [INFO] phase2_scraper:     Section sd_id: 1 radios, 0 checked
2025-12-11 17:52:08,507 [INFO] phase2_scraper:     Section e_id: 2 radios, 0 checked
2025-12-11 17:52:09,117 [INFO] phase2_scraper: Processing dish: Dole Orange Juice (ID: 174925, combo=False)
2025-12-11 17:52:10,086 [INFO] phase2_scraper:   #groups has sections: ['br_id', 'ci_id', 'dr_id', 'sa_id', 'sd_id', 'e_id', 'cm_id']
2025-12-11 17:52:10,087 [INFO] phase2_scraper:     Section br_id: 1 radios, 0 checked
2025-12-11 17:52:10,087 [INFO] phase2_scraper:     Section ci_id: 1 radios, 0 checked
2025-12-11 17:52:10,088 [INFO] phase2_scraper:     Section sa_id: 1 radios, 0 checked
2025-12-11 17:52:10,088 [INFO] phase2_scraper:     Section sd_id: 1 radios, 0 checked
2025-12-11 17:52:10,088 [INFO] phase2_scraper:     Section e_id: 2 radios, 0 checked
2025-12-11 17:52:10,695 [INFO] phase2_scraper: Processing dish: Dole Apple Juice (ID: 174926, combo=False)
2025-12-11 17:52:11,712 [INFO] phase2_scraper:   #groups has sections: ['br_id', 'ci_id', 'dr_id', 'sa_id', 'sd_id', 'e_id', 'cm_id']
2025-12-11 17:52:11,713 [INFO] phase2_scraper:     Section br_id: 1 radios, 0 checked
2025-12-11 17:52:11,713 [INFO] phase2_scraper:     Section ci_id: 1 radios, 0 checked
2025-12-11 17:52:11,714 [INFO] phase2_scraper:     Section sa_id: 1 radios, 0 checked
2025-12-11 17:52:11,714 [INFO] phase2_scraper:     Section sd_id: 1 radios, 0 checked
2025-12-11 17:52:11,714 [INFO] phase2_scraper:     Section e_id: 2 radios, 0 checked
2025-12-11 17:52:12,321 [INFO] phase2_scraper: Processing dish: Aquafina Water (ID: 174927, combo=False)
2025-12-11 17:52:13,315 [INFO] phase2_scraper:   #groups has sections: ['br_id', 'ci_id', 'dr_id', 'sa_id', 'sd_id', 'e_id', 'cm_id']
2025-12-11 17:52:13,315 [INFO] phase2_scraper:     Section br_id: 1 radios, 0 checked
2025-12-11 17:52:13,316 [INFO] phase2_scraper:     Section ci_id: 1 radios, 0 checked
2025-12-11 17:52:13,316 [INFO] phase2_scraper:     Section sa_id: 1 radios, 0 checked
2025-12-11 17:52:13,317 [INFO] phase2_scraper:     Section sd_id: 1 radios, 0 checked
2025-12-11 17:52:13,317 [INFO] phase2_scraper:     Section e_id: 2 radios, 0 checked
2025-12-11 17:52:13,926 [INFO] phase2_scraper: Processing dish: Basil Seed Drinks (290ml ) HIDE (ID: 174928, combo=False)
2025-12-11 17:52:15,465 [INFO] phase2_scraper:   #groups has sections: ['br_id', 'ci_id', 'dr_id', 'sa_id', 'sd_id', 'e_id', 'cm_id']
2025-12-11 17:52:15,466 [INFO] phase2_scraper:     Section br_id: 1 radios, 0 checked
2025-12-11 17:52:15,466 [INFO] phase2_scraper:     Section ci_id: 1 radios, 0 checked
2025-12-11 17:52:15,467 [INFO] phase2_scraper:     Section sa_id: 1 radios, 0 checked
2025-12-11 17:52:15,467 [INFO] phase2_scraper:     Section sd_id: 1 radios, 0 checked
2025-12-11 17:52:15,467 [INFO] phase2_scraper:     Section e_id: 2 radios, 0 checked
2025-12-11 17:52:15,968 [INFO] phase2_scraper: Phase 3 complete: {'dishes_processed': 111, 'dish_prices': 132, 'combo_links': 1, 'hide_days': 0, 'modifier_groups': 100, 'modifiers': 337, 'modifier_prices': 340, 'drinks_modifiers': 0}
2025-12-11 17:52:15,969 [INFO] __main__: Completed: All Out Burger Montreal Rd
2025-12-11 17:52:15,969 [INFO] __main__:   Phase 1 - Combo Groups: 1
2025-12-11 17:52:15,969 [INFO] __main__:   Phase 2 - Courses: 14, Dishes: 111
2025-12-11 17:52:15,969 [INFO] __main__:   Phase 3 - Prices: 132, Modifiers: 337
2025-12-11 17:52:16,102 [INFO] phase2_database: Database connection closed
2025-12-11 17:52:16,102 [INFO] phase2_scraper: Scraper stopped
2025-12-11 17:52:16,104 [INFO] __main__: Summary written to: C:\Users\santi\Software Development Projects\Worklocal\Migration-Strategy\Scrapers\Menu Scrapers\logs\phase2_summary_20251211_175216.csv
2025-12-11 17:52:16,104 [INFO] __main__: ======================================================================
2025-12-11 17:52:16,105 [INFO] __main__: SCRAPING COMPLETE
2025-12-11 17:52:16,105 [INFO] __main__: ======================================================================
2025-12-11 17:52:16,105 [INFO] __main__: Restaurants processed: 5
2025-12-11 17:52:16,105 [INFO] __main__:   - Success: 5
2025-12-11 17:52:16,106 [INFO] __main__:   - Errors: 0
2025-12-11 17:52:16,106 [INFO] __main__: 
2025-12-11 17:52:16,106 [INFO] __main__: TOTALS:
2025-12-11 17:52:16,107 [INFO] __main__:   - Combo Groups: 43
2025-12-11 17:52:16,107 [INFO] __main__:   - Courses: 71
2025-12-11 17:52:16,107 [INFO] __main__:   - Dishes: 522
2025-12-11 17:52:16,107 [INFO] __main__:   - Dish Prices: 839
2025-12-11 17:52:16,107 [INFO] __main__:   - Modifiers: 2492
