2025-12-11 15:26:52,750 [INFO] __main__: Logging to: C:\Users\santi\Software Development Projects\Worklocal\Migration-Strategy\Scrapers\Menu Scrapers\logs\phase2_scraper_20251211_152652.log
2025-12-11 15:26:53,665 [INFO] phase2_database: Database connection established
2025-12-11 15:26:53,665 [INFO] phase2_scraper: Scraper started
2025-12-11 15:26:53,666 [INFO] phase2_scraper: Logging in to https://menuadmin.menu.ca/...
2025-12-11 15:26:58,496 [INFO] phase2_scraper: Found login form with name='username'
2025-12-11 15:27:00,789 [INFO] phase2_scraper: Login successful
2025-12-11 15:27:00,792 [INFO] __main__: ======================================================================
2025-12-11 15:27:00,792 [INFO] __main__: SCRAPING: Joes Family Pizzeria (V3: 636, V1: 863)
2025-12-11 15:27:00,792 [INFO] __main__: ======================================================================
2025-12-11 15:27:00,793 [INFO] phase2_scraper: === PHASE 1: Combo Groups ===
2025-12-11 15:27:00,793 [INFO] phase2_scraper: Navigating to combo groups: https://menuadmin.menu.ca/?p=restaurants&display=editRestaurant&restaurant=863&load=comboGroups&showLang=en
2025-12-11 15:27:02,073 [INFO] phase2_scraper: Found 80 combo groups
2025-12-11 15:27:02,074 [INFO] phase2_scraper: Processing combo group: 1 Topping Pizza (source_id=6654)
2025-12-11 15:27:04,439 [INFO] phase2_scraper: Inserted combo group: 1 Topping Pizza (ID: 2326)
2025-12-11 15:27:48,906 [INFO] phase2_scraper: Processing combo group: Premium Toppings (source_id=6655)
2025-12-11 15:27:51,398 [INFO] phase2_scraper: Inserted combo group: Premium Toppings (ID: 2327)
2025-12-11 15:27:54,522 [INFO] phase2_scraper: Processing combo group: Dips (source_id=6656)
2025-12-11 15:27:56,792 [INFO] phase2_scraper: Inserted combo group: Dips (ID: 2328)
2025-12-11 15:28:03,434 [INFO] phase2_scraper: Processing combo group: Upgrade any Pizza to Pan Pizza (source_id=6657)
2025-12-11 15:28:05,957 [INFO] phase2_scraper: Inserted combo group: Upgrade any Pizza to Pan Pizza (ID: 2329)
2025-12-11 15:28:08,106 [INFO] phase2_scraper: Processing combo group: 2 Large 3 Toppings Pizza (source_id=6684)
2025-12-11 15:28:10,364 [INFO] phase2_scraper: Inserted combo group: 2 Large 3 Toppings Pizza (ID: 2330)
2025-12-11 15:28:23,010 [INFO] phase2_scraper: Processing combo group: Premium Toppings Large----1st pizza (source_id=6685)
2025-12-11 15:28:25,295 [INFO] phase2_scraper: Inserted combo group: Premium Toppings Large----1st pizza (ID: 2331)
2025-12-11 15:28:26,729 [INFO] phase2_scraper: Processing combo group: Premium Toppings Large -----2nd pizza (source_id=6686)
2025-12-11 15:28:29,030 [INFO] phase2_scraper: Inserted combo group: Premium Toppings Large -----2nd pizza (ID: 2332)
2025-12-11 15:28:30,536 [INFO] phase2_scraper: Processing combo group: 2 Toppings Pizza (source_id=6691)
2025-12-11 15:28:32,826 [INFO] phase2_scraper: Inserted combo group: 2 Toppings Pizza (ID: 2333)
2025-12-11 15:29:07,787 [INFO] phase2_scraper: Processing combo group: 1-2-3 Special - Crust and 2 meats selection -Step 1 (source_id=6978)
2025-12-11 15:29:10,125 [INFO] phase2_scraper: Inserted combo group: 1-2-3 Special - Crust and 2 meats selection -Step 1 (ID: 2334)
2025-12-11 15:29:28,629 [INFO] phase2_scraper: Processing combo group: 1-2-3 Special - 3 Vegetables- Step 2 (source_id=6979)
2025-12-11 15:29:30,927 [INFO] phase2_scraper: Inserted combo group: 1-2-3 Special - 3 Vegetables- Step 2 (ID: 2335)
2025-12-11 15:29:45,364 [INFO] phase2_scraper: Processing combo group: 1-2-3 Special- Add more toppings - Step 3 (source_id=6980)
2025-12-11 15:29:47,656 [INFO] phase2_scraper: Inserted combo group: 1-2-3 Special- Add more toppings - Step 3 (ID: 2336)
2025-12-11 15:29:57,081 [INFO] phase2_scraper: Processing combo group: 1 medium pizza 2 toppings (source_id=6982)
2025-12-11 15:29:59,356 [INFO] phase2_scraper: Inserted combo group: 1 medium pizza 2 toppings (ID: 2337)
2025-12-11 15:30:16,753 [INFO] phase2_scraper: Processing combo group: Premium Toppings Medium (source_id=6983)
2025-12-11 15:30:19,049 [INFO] phase2_scraper: Inserted combo group: Premium Toppings Medium (ID: 2338)
2025-12-11 15:30:20,578 [INFO] phase2_scraper: Processing combo group: 1 large pizza with 2 toppings (source_id=6984)
2025-12-11 15:30:22,827 [INFO] phase2_scraper: Inserted combo group: 1 large pizza with 2 toppings (ID: 2339)
2025-12-11 15:30:40,703 [INFO] phase2_scraper: Processing combo group: Premium Toppings Large (source_id=6985)
2025-12-11 15:30:42,987 [INFO] phase2_scraper: Inserted combo group: Premium Toppings Large (ID: 2340)
2025-12-11 15:30:44,631 [INFO] phase2_scraper: Processing combo group: Poutine Selection for Medium or Large Pizza & Poutine Deal (source_id=6986)
2025-12-11 15:30:46,954 [INFO] phase2_scraper: Inserted combo group: Poutine Selection for Medium or Large Pizza & Poutine Deal (ID: 2341)
2025-12-11 15:30:49,219 [INFO] phase2_scraper: Processing combo group: 1 Large Pizza 3 Toppings (source_id=6990)
2025-12-11 15:30:51,491 [INFO] phase2_scraper: Inserted combo group: 1 Large Pizza 3 Toppings (ID: 2342)
2025-12-11 15:31:09,213 [INFO] phase2_scraper: Processing combo group: 1 Appetizer (source_id=6991)
2025-12-11 15:31:11,455 [INFO] phase2_scraper: Inserted combo group: 1 Appetizer (ID: 2343)
2025-12-11 15:31:13,941 [INFO] phase2_scraper: Processing combo group: Mom's night off Side Dish (source_id=6992)
2025-12-11 15:31:16,175 [INFO] phase2_scraper: Inserted combo group: Mom's night off Side Dish (ID: 2344)
2025-12-11 15:31:19,742 [INFO] phase2_scraper: Processing combo group: 1st Dip Free (source_id=6993)
2025-12-11 15:31:22,007 [INFO] phase2_scraper: Inserted combo group: 1st Dip Free (ID: 2345)
2025-12-11 15:31:28,767 [INFO] phase2_scraper: Processing combo group: 2 Dips Free (source_id=6994)
2025-12-11 15:31:31,068 [INFO] phase2_scraper: Inserted combo group: 2 Dips Free (ID: 2346)
2025-12-11 15:31:37,683 [INFO] phase2_scraper: Processing combo group: Poutine for Subs & Wraps (source_id=7254)
2025-12-11 15:31:39,960 [INFO] phase2_scraper: Inserted combo group: Poutine for Subs & Wraps (ID: 2347)
2025-12-11 15:31:43,432 [INFO] phase2_scraper: Processing combo group: Extra Cheese & Meat for Subs (source_id=7255)
2025-12-11 15:31:45,696 [INFO] phase2_scraper: Inserted combo group: Extra Cheese & Meat for Subs (ID: 2348)
2025-12-11 15:31:57,348 [INFO] phase2_scraper: Processing combo group: Extras and Options for Chicken and Bacon Wrap (source_id=7256)
2025-12-11 15:31:59,578 [INFO] phase2_scraper: Inserted combo group: Extras and Options for Chicken and Bacon Wrap (ID: 2349)
2025-12-11 15:32:13,032 [INFO] phase2_scraper: Processing combo group: Extras & Options for Joes Donair Wrap (source_id=7257)
2025-12-11 15:32:15,290 [INFO] phase2_scraper: Inserted combo group: Extras & Options for Joes Donair Wrap (ID: 2350)
2025-12-11 15:32:27,948 [INFO] phase2_scraper: Processing combo group: 2 Pizzas 3 Toppings (source_id=7287)
2025-12-11 15:32:30,232 [INFO] phase2_scraper: Inserted combo group: 2 Pizzas 3 Toppings (ID: 2351)
2025-12-11 15:33:04,083 [INFO] phase2_scraper: Processing combo group: Premium Toppings SMLXL---1st pizza (source_id=7288)
2025-12-11 15:33:06,485 [INFO] phase2_scraper: Inserted combo group: Premium Toppings SMLXL---1st pizza (ID: 2352)
2025-12-11 15:33:09,540 [INFO] phase2_scraper: Processing combo group: Premium Toppings SMLXL----2nd Pizza (source_id=7289)
2025-12-11 15:33:11,850 [INFO] phase2_scraper: Inserted combo group: Premium Toppings SMLXL----2nd Pizza (ID: 2353)
2025-12-11 15:33:14,887 [INFO] phase2_scraper: Processing combo group: Three Toppings Pizza (source_id=7420)
2025-12-11 15:33:17,131 [INFO] phase2_scraper: Inserted combo group: Three Toppings Pizza (ID: 2354)
2025-12-11 15:34:00,555 [INFO] phase2_scraper: Processing combo group: Team Deal - 5 XL Pepperoni Pizza (source_id=7520)
2025-12-11 15:34:02,854 [INFO] phase2_scraper: Inserted combo group: Team Deal - 5 XL Pepperoni Pizza (ID: 2355)
2025-12-11 15:34:14,349 [INFO] phase2_scraper: Processing combo group: Team Specials - 5 XL Cheese Pizzas (source_id=7521)
2025-12-11 15:34:16,615 [INFO] phase2_scraper: Inserted combo group: Team Specials - 5 XL Cheese Pizzas (ID: 2356)
2025-12-11 15:34:29,206 [INFO] phase2_scraper: Processing combo group: Team Specials - 5 XL Pizzas with 3 Toppings (source_id=7522)
2025-12-11 15:34:31,570 [INFO] phase2_scraper: Inserted combo group: Team Specials - 5 XL Pizzas with 3 Toppings (ID: 2357)
2025-12-11 15:34:41,991 [INFO] phase2_scraper: Processing combo group: Premium Toppings X-Large---1st pizza (source_id=7523)
2025-12-11 15:34:44,285 [INFO] phase2_scraper: Inserted combo group: Premium Toppings X-Large---1st pizza (ID: 2358)
2025-12-11 15:34:45,739 [INFO] phase2_scraper: Processing combo group: Premium Toppings X-Large---2nd pizza (source_id=7524)
2025-12-11 15:34:48,021 [INFO] phase2_scraper: Inserted combo group: Premium Toppings X-Large---2nd pizza (ID: 2359)
2025-12-11 15:34:49,608 [INFO] phase2_scraper: Processing combo group: Premium Toppings X-Large----3rd pizza (source_id=7525)
2025-12-11 15:34:51,895 [INFO] phase2_scraper: Inserted combo group: Premium Toppings X-Large----3rd pizza (ID: 2360)
2025-12-11 15:34:53,418 [INFO] phase2_scraper: Processing combo group: Premium Toppings X-Large----4th pizza (source_id=7526)
2025-12-11 15:34:55,696 [INFO] phase2_scraper: Inserted combo group: Premium Toppings X-Large----4th pizza (ID: 2361)
2025-12-11 15:34:57,141 [INFO] phase2_scraper: Processing combo group: Premium Toppings X-Large---5th pizza (source_id=7527)
2025-12-11 15:34:59,394 [INFO] phase2_scraper: Inserted combo group: Premium Toppings X-Large---5th pizza (ID: 2362)
2025-12-11 15:35:00,920 [INFO] phase2_scraper: Processing combo group: 1 Medium Pizza 5 Toppings (source_id=7561)
2025-12-11 15:35:03,381 [INFO] phase2_scraper: Inserted combo group: 1 Medium Pizza 5 Toppings (ID: 2363)
2025-12-11 15:35:21,058 [INFO] phase2_scraper: Processing combo group: 1 Large Pizza 5 Toppings (source_id=7562)
2025-12-11 15:35:23,278 [INFO] phase2_scraper: Inserted combo group: 1 Large Pizza 5 Toppings (ID: 2364)
2025-12-11 15:35:49,430 [INFO] phase2_scraper: Processing combo group: Pizza Tail (dessert) (source_id=7563)
2025-12-11 15:35:51,716 [INFO] phase2_scraper: Inserted combo group: Pizza Tail (dessert) (ID: 2365)
2025-12-11 15:35:55,156 [INFO] phase2_scraper: Processing combo group: 1 Medium Pizza 3 Toppings (source_id=7564)
2025-12-11 15:35:57,437 [INFO] phase2_scraper: Inserted combo group: 1 Medium Pizza 3 Toppings (ID: 2366)
2025-12-11 15:36:11,985 [INFO] phase2_scraper: Processing combo group: 1 Medium Pizza (source_id=7806)
2025-12-11 15:36:14,422 [INFO] phase2_scraper: Inserted combo group: 1 Medium Pizza (ID: 2367)
2025-12-11 15:36:23,273 [INFO] phase2_scraper: Processing combo group: Large Salad Selection (source_id=7807)
2025-12-11 15:36:25,539 [INFO] phase2_scraper: Inserted combo group: Large Salad Selection (ID: 2368)
2025-12-11 15:36:29,077 [INFO] phase2_scraper: Processing combo group: Wings Sauces (source_id=7808)
2025-12-11 15:36:31,414 [INFO] phase2_scraper: Inserted combo group: Wings Sauces (ID: 2369)
2025-12-11 15:36:35,320 [INFO] phase2_scraper: Processing combo group: Keto Dessert (source_id=7809)
2025-12-11 15:36:37,595 [INFO] phase2_scraper: Inserted combo group: Keto Dessert (ID: 2370)
2025-12-11 15:36:39,016 [INFO] phase2_scraper: Processing combo group: Extras for Nacho (source_id=7810)
2025-12-11 15:36:41,239 [INFO] phase2_scraper: Inserted combo group: Extras for Nacho (ID: 2371)
2025-12-11 15:36:43,004 [INFO] phase2_scraper: Processing combo group: NACHO FRIES Step 1 ---Dirty or Regular (source_id=8070)
2025-12-11 15:36:45,246 [INFO] phase2_scraper: Inserted combo group: NACHO FRIES Step 1 ---Dirty or Regular (ID: 2372)
2025-12-11 15:36:46,327 [INFO] phase2_scraper: Processing combo group: NACHO FRIES Step 2-----Meat & Cheese (2 items free) (source_id=8071)
2025-12-11 15:36:48,579 [INFO] phase2_scraper: Inserted combo group: NACHO FRIES Step 2-----Meat & Cheese (2 items free) (ID: 2373)
2025-12-11 15:36:53,290 [INFO] phase2_scraper: Processing combo group: NACHO FRIES Step 3------Unlimited Vegetables (source_id=8072)
2025-12-11 15:36:55,654 [INFO] phase2_scraper: Inserted combo group: NACHO FRIES Step 3------Unlimited Vegetables (ID: 2374)
2025-12-11 15:37:01,221 [INFO] phase2_scraper: Processing combo group: NACHO FRIES Step 4-----Sauces (source_id=8073)
2025-12-11 15:37:03,528 [INFO] phase2_scraper: Inserted combo group: NACHO FRIES Step 4-----Sauces (ID: 2375)
2025-12-11 15:37:10,027 [INFO] phase2_scraper: Processing combo group: 1 Pizza Kit (source_id=8186)
2025-12-11 15:37:12,335 [INFO] phase2_scraper: Inserted combo group: 1 Pizza Kit (ID: 2376)
2025-12-11 15:37:25,714 [INFO] phase2_scraper: Processing combo group: POUTINES NEW FORMAT- Step 1 and 2 and 3 (source_id=8597)
2025-12-11 15:37:28,060 [INFO] phase2_scraper: Inserted combo group: POUTINES NEW FORMAT- Step 1 and 2 and 3 (ID: 2377)
2025-12-11 15:37:35,483 [INFO] phase2_scraper: Processing combo group: POUTINES NEW FORMAT- Step 4+5 and 6 (source_id=8598)
2025-12-11 15:37:37,870 [INFO] phase2_scraper: Inserted combo group: POUTINES NEW FORMAT- Step 4+5 and 6 (ID: 2378)
2025-12-11 15:38:06,447 [INFO] phase2_scraper: Processing combo group: NACHO FRIES Step 0 ---Fries Selection (source_id=8599)
2025-12-11 15:38:08,794 [INFO] phase2_scraper: Inserted combo group: NACHO FRIES Step 0 ---Fries Selection (ID: 2379)
2025-12-11 15:38:12,098 [INFO] phase2_scraper: Processing combo group: POUTINES NEW FORMAT- Step 4+5 and 6  SMALL (source_id=8635)
2025-12-11 15:38:14,553 [INFO] phase2_scraper: Inserted combo group: POUTINES NEW FORMAT- Step 4+5 and 6  SMALL (ID: 2380)
2025-12-11 15:38:35,994 [INFO] phase2_scraper: Processing combo group: POUTINES NEW FORMAT- Step 4+5 and 6 MEDIUM (source_id=8636)
2025-12-11 15:38:38,322 [INFO] phase2_scraper: Inserted combo group: POUTINES NEW FORMAT- Step 4+5 and 6 MEDIUM (ID: 2381)
2025-12-11 15:38:58,232 [INFO] phase2_scraper: Processing combo group: POUTINES NEW FORMAT- Step 4+5 and 6 LARGE (source_id=8637)
2025-12-11 15:39:00,541 [INFO] phase2_scraper: Inserted combo group: POUTINES NEW FORMAT- Step 4+5 and 6 LARGE (ID: 2382)
2025-12-11 15:39:19,347 [INFO] phase2_scraper: Processing combo group: POUTINES NEW FORMAT- Step 4+5 and 6 X-LARGE (source_id=8638)
2025-12-11 15:39:21,597 [INFO] phase2_scraper: Inserted combo group: POUTINES NEW FORMAT- Step 4+5 and 6 X-LARGE (ID: 2383)
2025-12-11 15:39:40,203 [INFO] phase2_scraper: Processing combo group: 1 Small pizza 3 Toppings (source_id=8643)
2025-12-11 15:39:42,495 [INFO] phase2_scraper: Inserted combo group: 1 Small pizza 3 Toppings (ID: 2384)
2025-12-11 15:40:00,195 [INFO] phase2_scraper: Processing combo group: Premium Toppings Small (source_id=8644)
2025-12-11 15:40:02,420 [INFO] phase2_scraper: Inserted combo group: Premium Toppings Small (ID: 2385)
2025-12-11 15:40:03,839 [INFO] phase2_scraper: Processing combo group: Fish & Chips Fries Selection (source_id=8729)
2025-12-11 15:40:06,128 [INFO] phase2_scraper: Inserted combo group: Fish & Chips Fries Selection (ID: 2386)
2025-12-11 15:40:08,608 [INFO] phase2_scraper: Processing combo group: Add Gravy & Small Salad (source_id=8730)
2025-12-11 15:40:10,834 [INFO] phase2_scraper: Inserted combo group: Add Gravy & Small Salad (ID: 2387)
2025-12-11 15:40:12,852 [INFO] phase2_scraper: Processing combo group: Medium Cheese Pizza FRIDAY SPECIAL FISH & CHIPS (source_id=8861)
2025-12-11 15:40:15,146 [INFO] phase2_scraper: Inserted combo group: Medium Cheese Pizza FRIDAY SPECIAL FISH & CHIPS (ID: 2388)
2025-12-11 15:40:15,899 [INFO] phase2_scraper: Processing combo group: Large Pizza 5 Toppings (source_id=9187)
2025-12-11 15:40:18,142 [INFO] phase2_scraper: Inserted combo group: Large Pizza 5 Toppings (ID: 2389)
2025-12-11 15:40:35,972 [INFO] phase2_scraper: Processing combo group: XL Cheese Pizza (source_id=9188)
2025-12-11 15:40:38,221 [INFO] phase2_scraper: Inserted combo group: XL Cheese Pizza (ID: 2390)
2025-12-11 15:41:03,937 [INFO] phase2_scraper: Processing combo group: XL Pizza 1 topping (source_id=9189)
2025-12-11 15:41:06,331 [INFO] phase2_scraper: Inserted combo group: XL Pizza 1 topping (ID: 2391)
2025-12-11 15:41:31,883 [INFO] phase2_scraper: Processing combo group: XL Pizza 2 toppings (source_id=9190)
2025-12-11 15:41:34,152 [INFO] phase2_scraper: Inserted combo group: XL Pizza 2 toppings (ID: 2392)
2025-12-11 15:41:59,628 [INFO] phase2_scraper: Processing combo group: XL Pizza 3 toppings (source_id=9191)
2025-12-11 15:42:01,881 [INFO] phase2_scraper: Inserted combo group: XL Pizza 3 toppings (ID: 2393)
2025-12-11 15:46:31,317 [INFO] phase2_scraper: Processing combo group: All Appetizers (No Price) (source_id=9192)
2025-12-11 15:46:41,116 [INFO] phase2_scraper: Inserted combo group: All Appetizers (No Price) (ID: 2394)
2025-12-11 15:46:43,529 [INFO] phase2_scraper: Processing combo group: 1 XLarge Pizza 2 Toppings (source_id=9193)
2025-12-11 15:46:45,786 [INFO] phase2_scraper: Inserted combo group: 1 XLarge Pizza 2 Toppings (ID: 2395)
2025-12-11 15:47:02,079 [INFO] phase2_scraper: Processing combo group: Sauce On or On Side (source_id=9216)
2025-12-11 15:47:04,329 [INFO] phase2_scraper: Inserted combo group: Sauce On or On Side (ID: 2396)
2025-12-11 15:47:05,384 [INFO] phase2_scraper: Processing combo group: Large Pizza 1 Topping (source_id=9261)
2025-12-11 15:47:07,734 [INFO] phase2_scraper: Inserted combo group: Large Pizza 1 Topping (ID: 2397)
2025-12-11 15:47:23,870 [INFO] phase2_scraper: Processing combo group: Half Priced Family FRIES (source_id=9262)
2025-12-11 15:47:26,157 [INFO] phase2_scraper: Inserted combo group: Half Priced Family FRIES (ID: 2398)
2025-12-11 15:47:29,619 [INFO] phase2_scraper: Processing combo group: Wings Customization (source_id=9305)
2025-12-11 15:47:31,884 [INFO] phase2_scraper: Inserted combo group: Wings Customization (ID: 2399)
2025-12-11 15:47:39,272 [INFO] phase2_scraper: Processing combo group: Monday To Thursday Pizza Course (source_id=9361)
2025-12-11 15:47:41,650 [INFO] phase2_scraper: Inserted combo group: Monday To Thursday Pizza Course (ID: 2400)
2025-12-11 15:48:27,098 [INFO] phase2_scraper: Processing combo group: Wings for Monday to Thursday (source_id=9362)
2025-12-11 15:48:29,399 [INFO] phase2_scraper: Inserted combo group: Wings for Monday to Thursday (ID: 2401)
2025-12-11 15:48:38,594 [INFO] phase2_scraper: Processing combo group: Premium Poutine  - Choice of Fries (source_id=62720)
2025-12-11 15:48:40,811 [INFO] phase2_scraper: Inserted combo group: Premium Poutine  - Choice of Fries (ID: 2402)
2025-12-11 15:48:43,454 [INFO] phase2_scraper: Processing combo group: Premium Poutinesc - Cheese Selection (source_id=62721)
2025-12-11 15:48:45,841 [INFO] phase2_scraper: Inserted combo group: Premium Poutinesc - Cheese Selection (ID: 2403)
2025-12-11 15:48:48,172 [INFO] phase2_scraper: Processing combo group: Ranch - Blue Cheese- Roasted Garlic Everything Sauce (source_id=62722)
2025-12-11 15:48:50,418 [INFO] phase2_scraper: Inserted combo group: Ranch - Blue Cheese- Roasted Garlic Everything Sauce (ID: 2404)
2025-12-11 15:48:51,824 [INFO] phase2_scraper: Processing combo group: Tossed Popcorn Chicken Sauces (source_id=62723)
2025-12-11 15:48:54,048 [INFO] phase2_scraper: Inserted combo group: Tossed Popcorn Chicken Sauces (ID: 2405)
2025-12-11 15:48:55,523 [INFO] phase2_scraper: Phase 1 complete: {'combo_groups': 80, 'sections': 204, 'modifier_groups': 204, 'modifiers': 1764, 'prices': 2583}
2025-12-11 15:48:55,523 [INFO] phase2_scraper: === PHASE 2: Menu Structure ===
2025-12-11 15:48:55,523 [INFO] phase2_scraper: Navigating to menu: https://menuadmin.menu.ca/?p=restaurants&display=editRestaurant&restaurant=863&load=menu&showLang=en
2025-12-11 15:48:59,397 [INFO] phase2_scraper: Found 37 courses
2025-12-11 15:48:59,737 [INFO] phase2_scraper: Inserted course: Spotlight Special (ID: 6469)
2025-12-11 15:49:00,498 [INFO] phase2_scraper: Inserted course: ONLINE EXCLUSIVE (ID: 6470)
2025-12-11 15:49:00,902 [INFO] phase2_scraper: Inserted course: Daily Deals Category (ID: 6471)
2025-12-11 15:49:01,832 [INFO] phase2_scraper: Inserted course: Mad Mondays Category (ID: 6472)
2025-12-11 15:49:02,749 [INFO] phase2_scraper: Inserted course: Thumping Thursdays Category (ID: 6473)
2025-12-11 15:49:03,111 [INFO] phase2_scraper: Inserted course: Super Sunday Category (ID: 6474)
2025-12-11 15:49:04,045 [INFO] phase2_scraper: Inserted course: Only for family day (ID: 6475)
2025-12-11 15:49:06,072 [INFO] phase2_scraper: Inserted course: Pizza Of The Month Category (ID: 6476)
2025-12-11 15:49:07,377 [INFO] phase2_scraper: Inserted course: Easter Weekend Specials Category (ID: 6477)
2025-12-11 15:49:07,734 [INFO] phase2_scraper: Inserted course: Pizza Kit Category (ID: 6478)
2025-12-11 15:49:08,675 [INFO] phase2_scraper: Inserted course: Clothing and JFP inc Merch Category (ID: 6479)
2025-12-11 15:49:10,799 [INFO] phase2_scraper: Inserted course: Unlisted Dishes (ID: 6480)
2025-12-11 15:49:17,441 [INFO] phase2_scraper: Inserted course: Easter Treats Category (ID: 6481)
2025-12-11 15:49:18,148 [INFO] phase2_scraper: Inserted course: KETO Items Category (ID: 6482)
2025-12-11 15:49:21,816 [INFO] phase2_scraper: Inserted course: Team / Group Specials Category (ID: 6483)
2025-12-11 15:49:22,528 [INFO] phase2_scraper: Inserted course: Feature Category (ID: 6484)
2025-12-11 15:49:23,717 [INFO] phase2_scraper: Inserted course: Nachos Category (ID: 6485)
2025-12-11 15:49:24,253 [INFO] phase2_scraper: Inserted course: Poutines / Fries Category (ID: 6486)
2025-12-11 15:49:25,667 [INFO] phase2_scraper: Inserted course: Gourmet Poutines Category (ID: 6487)
2025-12-11 15:49:27,333 [INFO] phase2_scraper: Inserted course: Fish and Chips Category (ID: 6488)
2025-12-11 15:49:28,247 [INFO] phase2_scraper: Inserted course: Appetizers Category (ID: 6489)
2025-12-11 15:49:34,823 [INFO] phase2_scraper: Inserted course: Dipping Sauces Category (ID: 6490)
2025-12-11 15:49:38,923 [INFO] phase2_scraper: Inserted course: Joe's Dirty Seasoning Category (ID: 6491)
2025-12-11 15:49:39,270 [INFO] phase2_scraper: Inserted course: Salads Category (ID: 6492)
2025-12-11 15:49:40,529 [INFO] phase2_scraper: Inserted course: Subs Category (ID: 6493)
2025-12-11 15:49:42,196 [INFO] phase2_scraper: Inserted course: Wraps Category (ID: 6494)
2025-12-11 15:49:43,474 [INFO] phase2_scraper: Inserted course: Wings Category (ID: 6495)
2025-12-11 15:49:45,501 [INFO] phase2_scraper: Inserted course: Southern Fried Chicken Category (ID: 6496)
2025-12-11 15:49:46,824 [INFO] phase2_scraper: Inserted course: Natacha’s Fried Chicken Category (ID: 6497)
2025-12-11 15:49:48,350 [INFO] phase2_scraper: Inserted course: PIZZASCategory (ID: 6498)
2025-12-11 15:49:51,977 [INFO] phase2_scraper: Inserted course: PIZZAS Category (ID: 6499)
2025-12-11 15:49:58,324 [INFO] phase2_scraper: Inserted course: PIZZA SPECIALS Category (ID: 6500)
2025-12-11 15:50:00,124 [INFO] phase2_scraper: Inserted course: Calzones Category (ID: 6501)
2025-12-11 15:50:00,670 [INFO] phase2_scraper: Inserted course: Pasta Category (ID: 6502)
2025-12-11 15:50:01,240 [INFO] phase2_scraper: Inserted course: Desserts Category (ID: 6503)
2025-12-11 15:50:09,243 [INFO] phase2_scraper: Inserted course: PIZZA TAIL Category (ID: 6504)
2025-12-11 15:50:09,628 [INFO] phase2_scraper: Inserted course: Drinks Category (ID: 6505)
2025-12-11 15:50:17,609 [INFO] phase2_scraper: Phase 2 complete: {'courses': 37, 'dishes': 374, 'combo_dishes': 73, 'normal_dishes': 301}
2025-12-11 15:50:17,609 [INFO] phase2_scraper: === PHASE 3: Dish Details ===
2025-12-11 15:50:21,771 [INFO] phase2_scraper: Found 374 dishes to process
2025-12-11 15:50:21,878 [INFO] phase2_scraper: Processing dish: Spotlight Special Large Pizza (ID: 174183, combo=True)
2025-12-11 15:50:24,354 [INFO] phase2_scraper: Processing dish: The People's Pie (ID: 174184, combo=False)
2025-12-11 15:50:25,404 [INFO] phase2_scraper:   #groups has sections: ['br_id', 'ci_id', 'dr_id', 'sa_id', 'sd_id', 'e_id', 'cm_id']
2025-12-11 15:50:25,406 [INFO] phase2_scraper:     Section br_id: 4 radios, 1 checked
2025-12-11 15:50:37,592 [INFO] phase2_scraper:     Section ci_id: 17 radios, 1 checked
2025-12-11 15:50:46,027 [INFO] phase2_scraper:     Section dr_id: 5 radios, 1 checked
2025-12-11 15:50:47,280 [INFO] phase2_scraper:     Section sa_id: 9 radios, 0 checked
2025-12-11 15:50:47,280 [INFO] phase2_scraper:     Section sd_id: 15 radios, 1 checked
2025-12-11 15:50:49,186 [INFO] phase2_scraper:     Section e_id: 17 radios, 1 checked
2025-12-11 15:50:49,714 [INFO] phase2_scraper:     Section cm_id: 3 radios, 1 checked
2025-12-11 15:50:50,572 [INFO] phase2_scraper:   Found 6 modifier groups, 54 modifiers for dish 174184
2025-12-11 15:50:51,189 [INFO] phase2_scraper: Processing dish: Moms Night Off (with Family fry and 10 pcs fried chicken) (ID: 174185, combo=True)
2025-12-11 15:50:54,551 [INFO] phase2_scraper: Processing dish: Friday & Saturday Pizza Special HIDE (ID: 174186, combo=True)
2025-12-11 15:50:57,474 [INFO] phase2_scraper: Processing dish: Nacho Tuesdays HIDE (ID: 174187, combo=False)
2025-12-11 15:50:58,566 [INFO] phase2_scraper:   #groups has sections: ['br_id', 'ci_id', 'dr_id', 'sa_id', 'sd_id', 'e_id', 'cm_id']
2025-12-11 15:50:58,567 [INFO] phase2_scraper:     Section br_id: 4 radios, 0 checked
2025-12-11 15:50:58,567 [INFO] phase2_scraper:     Section ci_id: 17 radios, 1 checked
2025-12-11 15:51:07,425 [INFO] phase2_scraper:     Section dr_id: 5 radios, 0 checked
2025-12-11 15:51:07,427 [INFO] phase2_scraper:     Section sa_id: 9 radios, 0 checked
2025-12-11 15:51:07,428 [INFO] phase2_scraper:     Section sd_id: 15 radios, 0 checked
2025-12-11 15:51:07,429 [INFO] phase2_scraper:     Section e_id: 17 radios, 1 checked
2025-12-11 15:51:09,388 [INFO] phase2_scraper:     Section cm_id: 3 radios, 0 checked
2025-12-11 15:51:09,388 [INFO] phase2_scraper:   Found 2 modifier groups, 28 modifiers for dish 174187
2025-12-11 15:51:11,177 [INFO] phase2_scraper: Processing dish: WILD Wednesdays HIDE (ID: 174188, combo=False)
2025-12-11 15:51:12,283 [INFO] phase2_scraper:   #groups has sections: ['br_id', 'ci_id', 'dr_id', 'sa_id', 'sd_id', 'e_id', 'cm_id']
2025-12-11 15:51:12,285 [INFO] phase2_scraper:     Section br_id: 4 radios, 1 checked
2025-12-11 15:51:23,915 [INFO] phase2_scraper:     Section ci_id: 17 radios, 1 checked
2025-12-11 15:51:33,041 [INFO] phase2_scraper:     Section dr_id: 5 radios, 1 checked
2025-12-11 15:51:34,306 [INFO] phase2_scraper:     Section sa_id: 9 radios, 0 checked
2025-12-11 15:51:34,307 [INFO] phase2_scraper:     Section sd_id: 15 radios, 1 checked
2025-12-11 15:51:36,284 [INFO] phase2_scraper:     Section e_id: 17 radios, 1 checked
2025-12-11 15:51:36,830 [INFO] phase2_scraper:     Section cm_id: 3 radios, 1 checked
2025-12-11 15:51:37,743 [INFO] phase2_scraper:   Found 6 modifier groups, 54 modifiers for dish 174188
2025-12-11 15:51:39,569 [INFO] phase2_scraper: Processing dish: Joes Perfect Party Pack with Large Pizza and 5 Random Chocolate Bars HIDE (ID: 174189, combo=True)
2025-12-11 15:51:42,045 [INFO] phase2_scraper: Processing dish: XL Cheese Pizza and 1 HALF PRICED Appetizer HIDE (ID: 174190, combo=True)
2025-12-11 15:51:45,634 [INFO] phase2_scraper: Processing dish: XL Pizza 1 Topping and 1 HALF PRICED Appetizer HIDE (ID: 174191, combo=True)
2025-12-11 15:51:49,111 [INFO] phase2_scraper: Processing dish: XL Pizza 2 Toppings and 1 HALF PRICED Appetizer HIDE (ID: 174192, combo=True)
2025-12-11 15:51:52,438 [INFO] phase2_scraper: Processing dish: XL Pizza 3 Toppings and 1 HALF PRICED Appetizer HIDE (ID: 174193, combo=True)
2025-12-11 15:51:55,777 [INFO] phase2_scraper: Processing dish: Thumping Thursdays Poutine HIDE (ID: 174194, combo=True)
2025-12-11 15:51:59,661 [INFO] phase2_scraper: Processing dish: XL Cheese Pizza and 10 HALF PRICED Wings HIDE (ID: 174195, combo=True)
2025-12-11 15:52:03,040 [INFO] phase2_scraper: Processing dish: XL Pizza 1 Topping and 10 HALF PRICED Wings HIDE (ID: 174196, combo=True)
2025-12-11 15:52:06,407 [INFO] phase2_scraper: Processing dish: XL Pizza 2 Toppings and 10 HALF PRICED Wings HIDE (ID: 174197, combo=True)
2025-12-11 15:52:09,744 [INFO] phase2_scraper: Processing dish: XL Pizza 3 Toppings and 10 HALF PRICED Wings HIDE (ID: 174198, combo=True)
2025-12-11 15:52:13,106 [INFO] phase2_scraper: Processing dish: Cool Ranch Dog (ID: 174199, combo=False)
2025-12-11 15:52:14,191 [INFO] phase2_scraper:   #groups has sections: ['br_id', 'ci_id', 'dr_id', 'sa_id', 'sd_id', 'e_id', 'cm_id']
2025-12-11 15:52:14,192 [INFO] phase2_scraper:     Section br_id: 4 radios, 0 checked
2025-12-11 15:52:14,193 [INFO] phase2_scraper:     Section ci_id: 17 radios, 0 checked
2025-12-11 15:52:14,194 [INFO] phase2_scraper:     Section dr_id: 5 radios, 0 checked
2025-12-11 15:52:14,194 [INFO] phase2_scraper:     Section sa_id: 9 radios, 1 checked
2025-12-11 15:52:21,273 [INFO] phase2_scraper:     Section sd_id: 15 radios, 0 checked
2025-12-11 15:52:21,275 [INFO] phase2_scraper:     Section e_id: 17 radios, 0 checked
2025-12-11 15:52:21,276 [INFO] phase2_scraper:     Section cm_id: 3 radios, 0 checked
2025-12-11 15:52:21,277 [INFO] phase2_scraper:   Found 1 modifier groups, 19 modifiers for dish 174199
2025-12-11 15:52:21,912 [INFO] phase2_scraper: Processing dish: Nuggies HIDE (ID: 174200, combo=False)
2025-12-11 15:52:23,077 [INFO] phase2_scraper:   #groups has sections: ['br_id', 'ci_id', 'dr_id', 'sa_id', 'sd_id', 'e_id', 'cm_id']
2025-12-11 15:52:23,078 [INFO] phase2_scraper:     Section br_id: 4 radios, 0 checked
2025-12-11 15:52:23,079 [INFO] phase2_scraper:     Section ci_id: 17 radios, 0 checked
2025-12-11 15:52:23,081 [INFO] phase2_scraper:     Section dr_id: 5 radios, 0 checked
2025-12-11 15:52:23,082 [INFO] phase2_scraper:     Section sa_id: 9 radios, 1 checked
2025-12-11 15:52:30,331 [INFO] phase2_scraper:     Section sd_id: 15 radios, 0 checked
2025-12-11 15:52:30,332 [INFO] phase2_scraper:     Section e_id: 17 radios, 0 checked
2025-12-11 15:52:30,333 [INFO] phase2_scraper:     Section cm_id: 3 radios, 0 checked
2025-12-11 15:52:30,334 [INFO] phase2_scraper:   Found 1 modifier groups, 19 modifiers for dish 174200
2025-12-11 15:52:30,939 [INFO] phase2_scraper: Processing dish: Fire Nuggies HIDE (ID: 174201, combo=False)
2025-12-11 15:52:32,031 [INFO] phase2_scraper:   #groups has sections: ['br_id', 'ci_id', 'dr_id', 'sa_id', 'sd_id', 'e_id', 'cm_id']
2025-12-11 15:52:32,033 [INFO] phase2_scraper:     Section br_id: 4 radios, 0 checked
2025-12-11 15:52:32,034 [INFO] phase2_scraper:     Section ci_id: 17 radios, 0 checked
2025-12-11 15:52:32,035 [INFO] phase2_scraper:     Section dr_id: 5 radios, 0 checked
2025-12-11 15:52:32,037 [INFO] phase2_scraper:     Section sa_id: 9 radios, 1 checked
2025-12-11 15:52:39,009 [INFO] phase2_scraper:     Section sd_id: 15 radios, 0 checked
2025-12-11 15:52:39,010 [INFO] phase2_scraper:     Section e_id: 17 radios, 0 checked
2025-12-11 15:52:39,011 [INFO] phase2_scraper:     Section cm_id: 3 radios, 0 checked
2025-12-11 15:52:39,012 [INFO] phase2_scraper:   Found 1 modifier groups, 19 modifiers for dish 174201
2025-12-11 15:52:39,619 [INFO] phase2_scraper: Processing dish: Roasted Garlic Wontons (ID: 174202, combo=False)
2025-12-11 15:52:40,820 [INFO] phase2_scraper:   #groups has sections: ['br_id', 'ci_id', 'dr_id', 'sa_id', 'sd_id', 'e_id', 'cm_id']
2025-12-11 15:52:40,821 [INFO] phase2_scraper:     Section br_id: 4 radios, 0 checked
2025-12-11 15:52:40,821 [INFO] phase2_scraper:     Section ci_id: 17 radios, 0 checked
2025-12-11 15:52:40,823 [INFO] phase2_scraper:     Section dr_id: 5 radios, 0 checked
2025-12-11 15:52:40,823 [INFO] phase2_scraper:     Section sa_id: 9 radios, 1 checked
2025-12-11 15:52:47,967 [INFO] phase2_scraper:     Section sd_id: 15 radios, 0 checked
2025-12-11 15:52:47,968 [INFO] phase2_scraper:     Section e_id: 17 radios, 0 checked
2025-12-11 15:52:47,968 [INFO] phase2_scraper:     Section cm_id: 3 radios, 0 checked
2025-12-11 15:52:47,969 [INFO] phase2_scraper:   Found 1 modifier groups, 19 modifiers for dish 174202
2025-12-11 15:52:48,578 [INFO] phase2_scraper: Processing dish: Buffalo Chicken Dippers (ID: 174203, combo=False)
2025-12-11 15:52:49,616 [INFO] phase2_scraper:   #groups has sections: ['br_id', 'ci_id', 'dr_id', 'sa_id', 'sd_id', 'e_id', 'cm_id']
2025-12-11 15:52:49,617 [INFO] phase2_scraper:     Section br_id: 4 radios, 0 checked
2025-12-11 15:52:49,617 [INFO] phase2_scraper:     Section ci_id: 17 radios, 0 checked
2025-12-11 15:52:49,618 [INFO] phase2_scraper:     Section dr_id: 5 radios, 0 checked
2025-12-11 15:52:49,619 [INFO] phase2_scraper:     Section sa_id: 9 radios, 1 checked
2025-12-11 15:52:56,872 [INFO] phase2_scraper:     Section sd_id: 15 radios, 0 checked
2025-12-11 15:52:56,873 [INFO] phase2_scraper:     Section e_id: 17 radios, 0 checked
2025-12-11 15:52:56,875 [INFO] phase2_scraper:     Section cm_id: 3 radios, 0 checked
2025-12-11 15:52:56,875 [INFO] phase2_scraper:   Found 1 modifier groups, 19 modifiers for dish 174203
2025-12-11 15:52:57,489 [INFO] phase2_scraper: Processing dish: Garlic Parmesan Bites (ID: 174204, combo=False)
2025-12-11 15:52:58,529 [INFO] phase2_scraper:   #groups has sections: ['br_id', 'ci_id', 'dr_id', 'sa_id', 'sd_id', 'e_id', 'cm_id']
2025-12-11 15:52:58,530 [INFO] phase2_scraper:     Section br_id: 4 radios, 0 checked
2025-12-11 15:52:58,531 [INFO] phase2_scraper:     Section ci_id: 17 radios, 0 checked
2025-12-11 15:52:58,531 [INFO] phase2_scraper:     Section dr_id: 5 radios, 0 checked
2025-12-11 15:52:58,532 [INFO] phase2_scraper:     Section sa_id: 9 radios, 1 checked
2025-12-11 15:53:05,718 [INFO] phase2_scraper:     Section sd_id: 15 radios, 0 checked
2025-12-11 15:53:05,719 [INFO] phase2_scraper:     Section e_id: 17 radios, 0 checked
2025-12-11 15:53:05,720 [INFO] phase2_scraper:     Section cm_id: 3 radios, 0 checked
2025-12-11 15:53:05,720 [INFO] phase2_scraper:   Found 1 modifier groups, 19 modifiers for dish 174204
2025-12-11 15:53:06,324 [INFO] phase2_scraper: Processing dish: 3 Cheese Garlic Fingers (ID: 174205, combo=False)
2025-12-11 15:53:07,361 [INFO] phase2_scraper:   #groups has sections: ['br_id', 'ci_id', 'dr_id', 'sa_id', 'sd_id', 'e_id', 'cm_id']
2025-12-11 15:53:07,362 [INFO] phase2_scraper:     Section br_id: 4 radios, 0 checked
2025-12-11 15:53:07,363 [INFO] phase2_scraper:     Section ci_id: 17 radios, 0 checked
2025-12-11 15:53:07,364 [INFO] phase2_scraper:     Section dr_id: 5 radios, 0 checked
2025-12-11 15:53:07,365 [INFO] phase2_scraper:     Section sa_id: 9 radios, 1 checked
2025-12-11 15:53:14,446 [INFO] phase2_scraper:     Section sd_id: 15 radios, 0 checked
2025-12-11 15:53:14,447 [INFO] phase2_scraper:     Section e_id: 17 radios, 1 checked
2025-12-11 15:53:15,751 [INFO] phase2_scraper:     Section cm_id: 3 radios, 0 checked
2025-12-11 15:53:15,751 [INFO] phase2_scraper:   Found 2 modifier groups, 22 modifiers for dish 174205
2025-12-11 15:53:16,368 [INFO] phase2_scraper: Processing dish: Fried Dill Pickle (ID: 174206, combo=False)
2025-12-11 15:53:17,424 [INFO] phase2_scraper:   #groups has sections: ['br_id', 'ci_id', 'dr_id', 'sa_id', 'sd_id', 'e_id', 'cm_id']
2025-12-11 15:53:17,425 [INFO] phase2_scraper:     Section br_id: 4 radios, 0 checked
2025-12-11 15:53:17,426 [INFO] phase2_scraper:     Section ci_id: 17 radios, 0 checked
2025-12-11 15:53:17,426 [INFO] phase2_scraper:     Section dr_id: 5 radios, 0 checked
2025-12-11 15:53:17,427 [INFO] phase2_scraper:     Section sa_id: 9 radios, 1 checked
2025-12-11 15:53:24,439 [INFO] phase2_scraper:     Section sd_id: 15 radios, 0 checked
2025-12-11 15:53:24,440 [INFO] phase2_scraper:     Section e_id: 17 radios, 0 checked
2025-12-11 15:53:24,441 [INFO] phase2_scraper:     Section cm_id: 3 radios, 0 checked
2025-12-11 15:53:24,441 [INFO] phase2_scraper:   Found 1 modifier groups, 19 modifiers for dish 174206
2025-12-11 15:53:25,046 [INFO] phase2_scraper: Processing dish: House Made Stuffed Garlic Bread Sticks (ID: 174207, combo=False)
2025-12-11 15:53:26,114 [INFO] phase2_scraper:   #groups has sections: ['br_id', 'ci_id', 'dr_id', 'sa_id', 'sd_id', 'e_id', 'cm_id']
2025-12-11 15:53:26,115 [INFO] phase2_scraper:     Section br_id: 4 radios, 0 checked
2025-12-11 15:53:26,117 [INFO] phase2_scraper:     Section ci_id: 17 radios, 0 checked
2025-12-11 15:53:26,118 [INFO] phase2_scraper:     Section dr_id: 5 radios, 0 checked
2025-12-11 15:53:26,120 [INFO] phase2_scraper:     Section sa_id: 9 radios, 1 checked
2025-12-11 15:53:33,153 [INFO] phase2_scraper:     Section sd_id: 15 radios, 0 checked
2025-12-11 15:53:33,154 [INFO] phase2_scraper:     Section e_id: 17 radios, 0 checked
2025-12-11 15:53:33,155 [INFO] phase2_scraper:     Section cm_id: 3 radios, 0 checked
2025-12-11 15:53:33,155 [INFO] phase2_scraper:   Found 1 modifier groups, 19 modifiers for dish 174207
2025-12-11 15:53:33,768 [INFO] phase2_scraper: Processing dish: Mozzarella Sticks (ID: 174208, combo=False)
2025-12-11 15:53:34,841 [INFO] phase2_scraper:   #groups has sections: ['br_id', 'ci_id', 'dr_id', 'sa_id', 'sd_id', 'e_id', 'cm_id']
2025-12-11 15:53:34,842 [INFO] phase2_scraper:     Section br_id: 4 radios, 0 checked
2025-12-11 15:53:34,843 [INFO] phase2_scraper:     Section ci_id: 17 radios, 0 checked
2025-12-11 15:53:34,844 [INFO] phase2_scraper:     Section dr_id: 5 radios, 0 checked
2025-12-11 15:53:34,844 [INFO] phase2_scraper:     Section sa_id: 9 radios, 1 checked
2025-12-11 15:53:41,901 [INFO] phase2_scraper:     Section sd_id: 15 radios, 0 checked
2025-12-11 15:53:41,902 [INFO] phase2_scraper:     Section e_id: 17 radios, 0 checked
2025-12-11 15:53:41,903 [INFO] phase2_scraper:     Section cm_id: 3 radios, 0 checked
2025-12-11 15:53:41,904 [INFO] phase2_scraper:   Found 1 modifier groups, 19 modifiers for dish 174208
2025-12-11 15:53:42,505 [INFO] phase2_scraper: Processing dish: Redeem your pizza of the month by clicking hereHIDE (ID: 174209, combo=False)
2025-12-11 15:53:43,707 [INFO] phase2_scraper:   #groups has sections: ['br_id', 'ci_id', 'dr_id', 'sa_id', 'sd_id', 'e_id', 'cm_id']
2025-12-11 15:53:43,708 [INFO] phase2_scraper:     Section br_id: 4 radios, 0 checked
2025-12-11 15:53:43,708 [INFO] phase2_scraper:     Section ci_id: 17 radios, 0 checked
2025-12-11 15:53:43,709 [INFO] phase2_scraper:     Section dr_id: 5 radios, 0 checked
2025-12-11 15:53:43,710 [INFO] phase2_scraper:     Section sa_id: 9 radios, 0 checked
2025-12-11 15:53:43,711 [INFO] phase2_scraper:     Section sd_id: 15 radios, 0 checked
2025-12-11 15:53:43,711 [INFO] phase2_scraper:     Section e_id: 17 radios, 0 checked
2025-12-11 15:53:43,712 [INFO] phase2_scraper:     Section cm_id: 3 radios, 0 checked
2025-12-11 15:53:44,332 [INFO] phase2_scraper: Processing dish: Small Pizza Of The Month HIDE (ID: 174210, combo=False)
2025-12-11 15:53:45,466 [INFO] phase2_scraper:   #groups has sections: ['br_id', 'ci_id', 'dr_id', 'sa_id', 'sd_id', 'e_id', 'cm_id']
2025-12-11 15:53:45,467 [INFO] phase2_scraper:     Section br_id: 4 radios, 0 checked
2025-12-11 15:53:45,468 [INFO] phase2_scraper:     Section ci_id: 17 radios, 0 checked
2025-12-11 15:53:45,469 [INFO] phase2_scraper:     Section dr_id: 5 radios, 0 checked
2025-12-11 15:53:45,470 [INFO] phase2_scraper:     Section sa_id: 9 radios, 0 checked
2025-12-11 15:53:45,471 [INFO] phase2_scraper:     Section sd_id: 15 radios, 0 checked
2025-12-11 15:53:45,471 [INFO] phase2_scraper:     Section e_id: 17 radios, 0 checked
2025-12-11 15:53:45,472 [INFO] phase2_scraper:     Section cm_id: 3 radios, 0 checked
2025-12-11 15:53:46,079 [INFO] phase2_scraper: Processing dish: Medium Pizza Of The Month HIDE (ID: 174211, combo=False)
2025-12-11 15:53:47,182 [INFO] phase2_scraper:   #groups has sections: ['br_id', 'ci_id', 'dr_id', 'sa_id', 'sd_id', 'e_id', 'cm_id']
2025-12-11 15:53:47,183 [INFO] phase2_scraper:     Section br_id: 4 radios, 0 checked
2025-12-11 15:53:47,184 [INFO] phase2_scraper:     Section ci_id: 17 radios, 0 checked
2025-12-11 15:53:47,185 [INFO] phase2_scraper:     Section dr_id: 5 radios, 0 checked
2025-12-11 15:53:47,186 [INFO] phase2_scraper:     Section sa_id: 9 radios, 0 checked
2025-12-11 15:53:47,186 [INFO] phase2_scraper:     Section sd_id: 15 radios, 0 checked
2025-12-11 15:53:47,187 [INFO] phase2_scraper:     Section e_id: 17 radios, 0 checked
2025-12-11 15:53:47,188 [INFO] phase2_scraper:     Section cm_id: 3 radios, 0 checked
2025-12-11 15:53:47,796 [INFO] phase2_scraper: Processing dish: Large Pizza Of The Month HIDE (ID: 174212, combo=False)
2025-12-11 15:53:48,829 [INFO] phase2_scraper:   #groups has sections: ['br_id', 'ci_id', 'dr_id', 'sa_id', 'sd_id', 'e_id', 'cm_id']
2025-12-11 15:53:48,830 [INFO] phase2_scraper:     Section br_id: 4 radios, 0 checked
2025-12-11 15:53:48,831 [INFO] phase2_scraper:     Section ci_id: 17 radios, 0 checked
2025-12-11 15:53:48,832 [INFO] phase2_scraper:     Section dr_id: 5 radios, 0 checked
2025-12-11 15:53:48,833 [INFO] phase2_scraper:     Section sa_id: 9 radios, 0 checked
2025-12-11 15:53:48,833 [INFO] phase2_scraper:     Section sd_id: 15 radios, 0 checked
2025-12-11 15:53:48,834 [INFO] phase2_scraper:     Section e_id: 17 radios, 0 checked
2025-12-11 15:53:48,835 [INFO] phase2_scraper:     Section cm_id: 3 radios, 0 checked
2025-12-11 15:53:49,437 [INFO] phase2_scraper: Processing dish: X-Large Pizza Of The Month HIDE (ID: 174213, combo=False)
2025-12-11 15:53:50,572 [INFO] phase2_scraper:   #groups has sections: ['br_id', 'ci_id', 'dr_id', 'sa_id', 'sd_id', 'e_id', 'cm_id']
2025-12-11 15:53:50,573 [INFO] phase2_scraper:     Section br_id: 4 radios, 0 checked
2025-12-11 15:53:50,574 [INFO] phase2_scraper:     Section ci_id: 17 radios, 0 checked
2025-12-11 15:53:50,575 [INFO] phase2_scraper:     Section dr_id: 5 radios, 0 checked
2025-12-11 15:53:50,576 [INFO] phase2_scraper:     Section sa_id: 9 radios, 0 checked
2025-12-11 15:53:50,576 [INFO] phase2_scraper:     Section sd_id: 15 radios, 0 checked
2025-12-11 15:53:50,577 [INFO] phase2_scraper:     Section e_id: 17 radios, 0 checked
2025-12-11 15:53:50,578 [INFO] phase2_scraper:     Section cm_id: 3 radios, 0 checked
2025-12-11 15:53:51,195 [INFO] phase2_scraper: Processing dish: Pizza Of The Month Membership HIDE (ID: 174214, combo=False)
2025-12-11 15:53:52,254 [INFO] phase2_scraper:   #groups has sections: ['br_id', 'ci_id', 'dr_id', 'sa_id', 'sd_id', 'e_id', 'cm_id']
2025-12-11 15:53:52,254 [INFO] phase2_scraper:     Section br_id: 4 radios, 0 checked
2025-12-11 15:53:52,255 [INFO] phase2_scraper:     Section ci_id: 17 radios, 0 checked
2025-12-11 15:53:52,256 [INFO] phase2_scraper:     Section dr_id: 5 radios, 0 checked
2025-12-11 15:53:52,257 [INFO] phase2_scraper:     Section sa_id: 9 radios, 0 checked
2025-12-11 15:53:52,258 [INFO] phase2_scraper:     Section sd_id: 15 radios, 0 checked
2025-12-11 15:53:52,258 [INFO] phase2_scraper:     Section e_id: 17 radios, 0 checked
2025-12-11 15:53:52,259 [INFO] phase2_scraper:     Section cm_id: 3 radios, 0 checked
2025-12-11 15:53:52,884 [INFO] phase2_scraper: Processing dish: Cheese Pizza (Limited Time Offer) HIDE (ID: 174215, combo=False)
2025-12-11 15:53:53,940 [INFO] phase2_scraper:   #groups has sections: ['br_id', 'ci_id', 'dr_id', 'sa_id', 'sd_id', 'e_id', 'cm_id']
2025-12-11 15:53:53,941 [INFO] phase2_scraper:     Section br_id: 4 radios, 0 checked
2025-12-11 15:53:53,942 [INFO] phase2_scraper:     Section ci_id: 17 radios, 1 checked
2025-12-11 15:54:03,037 [INFO] phase2_scraper:     Section dr_id: 5 radios, 0 checked
2025-12-11 15:54:03,038 [INFO] phase2_scraper:     Section sa_id: 9 radios, 0 checked
2025-12-11 15:54:03,039 [INFO] phase2_scraper:     Section sd_id: 15 radios, 0 checked
2025-12-11 15:54:03,040 [INFO] phase2_scraper:     Section e_id: 17 radios, 0 checked
2025-12-11 15:54:03,041 [INFO] phase2_scraper:     Section cm_id: 3 radios, 0 checked
2025-12-11 15:54:03,041 [INFO] phase2_scraper:   Found 1 modifier groups, 23 modifiers for dish 174215
2025-12-11 15:54:03,657 [INFO] phase2_scraper: Processing dish: One Pizza Kit (ID: 174216, combo=False)
2025-12-11 15:54:04,697 [INFO] phase2_scraper:   #groups has sections: ['br_id', 'ci_id', 'dr_id', 'sa_id', 'sd_id', 'e_id', 'cm_id']
2025-12-11 15:54:04,698 [INFO] phase2_scraper:     Section br_id: 4 radios, 0 checked
2025-12-11 15:54:04,699 [INFO] phase2_scraper:     Section ci_id: 17 radios, 0 checked
2025-12-11 15:54:04,700 [INFO] phase2_scraper:     Section dr_id: 5 radios, 0 checked
2025-12-11 15:54:04,700 [INFO] phase2_scraper:     Section sa_id: 9 radios, 0 checked
2025-12-11 15:54:04,701 [INFO] phase2_scraper:     Section sd_id: 15 radios, 0 checked
2025-12-11 15:54:04,702 [INFO] phase2_scraper:     Section e_id: 17 radios, 0 checked
2025-12-11 15:54:04,703 [INFO] phase2_scraper:     Section cm_id: 3 radios, 0 checked
2025-12-11 15:54:05,325 [INFO] phase2_scraper: Processing dish: One 12 inch Medium Dough Ball HIDE (ID: 174217, combo=True)
2025-12-11 15:54:07,516 [INFO] phase2_scraper: Processing dish: KETO Pizza Kit HIDE (ID: 174218, combo=False)
2025-12-11 15:54:08,561 [INFO] phase2_scraper:   #groups has sections: ['br_id', 'ci_id', 'dr_id', 'sa_id', 'sd_id', 'e_id', 'cm_id']
2025-12-11 15:54:08,562 [INFO] phase2_scraper:     Section br_id: 4 radios, 0 checked
2025-12-11 15:54:08,562 [INFO] phase2_scraper:     Section ci_id: 17 radios, 0 checked
2025-12-11 15:54:08,563 [INFO] phase2_scraper:     Section dr_id: 5 radios, 0 checked
2025-12-11 15:54:08,564 [INFO] phase2_scraper:     Section sa_id: 9 radios, 0 checked
2025-12-11 15:54:08,564 [INFO] phase2_scraper:     Section sd_id: 15 radios, 0 checked
2025-12-11 15:54:08,565 [INFO] phase2_scraper:     Section e_id: 17 radios, 0 checked
2025-12-11 15:54:08,566 [INFO] phase2_scraper:     Section cm_id: 3 radios, 0 checked
2025-12-11 15:54:09,166 [INFO] phase2_scraper: Processing dish: Two 12 inch Medium Dough Balls HIDE (ID: 174219, combo=False)
2025-12-11 15:54:10,218 [INFO] phase2_scraper:   #groups has sections: ['br_id', 'ci_id', 'dr_id', 'sa_id', 'sd_id', 'e_id', 'cm_id']
2025-12-11 15:54:10,219 [INFO] phase2_scraper:     Section br_id: 4 radios, 0 checked
2025-12-11 15:54:10,220 [INFO] phase2_scraper:     Section ci_id: 17 radios, 0 checked
2025-12-11 15:54:10,221 [INFO] phase2_scraper:     Section dr_id: 5 radios, 0 checked
2025-12-11 15:54:10,222 [INFO] phase2_scraper:     Section sa_id: 9 radios, 0 checked
2025-12-11 15:54:10,223 [INFO] phase2_scraper:     Section sd_id: 15 radios, 0 checked
2025-12-11 15:54:10,223 [INFO] phase2_scraper:     Section e_id: 17 radios, 0 checked
2025-12-11 15:54:10,224 [INFO] phase2_scraper:     Section cm_id: 3 radios, 0 checked
2025-12-11 15:54:10,829 [INFO] phase2_scraper: Processing dish: Women's 613 T-shirts HIDE (ID: 174220, combo=False)
2025-12-11 15:54:12,763 [INFO] phase2_scraper:   #groups has sections: ['br_id', 'ci_id', 'dr_id', 'sa_id', 'sd_id', 'e_id', 'cm_id']
2025-12-11 15:54:12,764 [INFO] phase2_scraper:     Section br_id: 4 radios, 0 checked
2025-12-11 15:54:12,764 [INFO] phase2_scraper:     Section ci_id: 17 radios, 0 checked
2025-12-11 15:54:12,766 [INFO] phase2_scraper:     Section dr_id: 5 radios, 0 checked
2025-12-11 15:54:12,767 [INFO] phase2_scraper:     Section sa_id: 9 radios, 0 checked
2025-12-11 15:54:12,767 [INFO] phase2_scraper:     Section sd_id: 15 radios, 0 checked
2025-12-11 15:54:12,768 [INFO] phase2_scraper:     Section e_id: 17 radios, 0 checked
2025-12-11 15:54:12,769 [INFO] phase2_scraper:     Section cm_id: 3 radios, 0 checked
2025-12-11 15:54:13,376 [INFO] phase2_scraper: Processing dish: Men's 613 T-shirts HIDE (ID: 174221, combo=False)
2025-12-11 15:54:14,786 [INFO] phase2_scraper:   #groups has sections: ['br_id', 'ci_id', 'dr_id', 'sa_id', 'sd_id', 'e_id', 'cm_id']
2025-12-11 15:54:14,786 [INFO] phase2_scraper:     Section br_id: 4 radios, 0 checked
2025-12-11 15:54:14,787 [INFO] phase2_scraper:     Section ci_id: 17 radios, 0 checked
2025-12-11 15:54:14,788 [INFO] phase2_scraper:     Section dr_id: 5 radios, 0 checked
2025-12-11 15:54:14,789 [INFO] phase2_scraper:     Section sa_id: 9 radios, 0 checked
2025-12-11 15:54:14,789 [INFO] phase2_scraper:     Section sd_id: 15 radios, 0 checked
2025-12-11 15:54:14,790 [INFO] phase2_scraper:     Section e_id: 17 radios, 0 checked
2025-12-11 15:54:14,791 [INFO] phase2_scraper:     Section cm_id: 3 radios, 0 checked
2025-12-11 15:54:15,414 [INFO] phase2_scraper: Processing dish: K8A Strong Hoodies (Unisex)  HIDE (ID: 174222, combo=False)
2025-12-11 15:54:16,834 [INFO] phase2_scraper:   #groups has sections: ['br_id', 'ci_id', 'dr_id', 'sa_id', 'sd_id', 'e_id', 'cm_id']
2025-12-11 15:54:16,835 [INFO] phase2_scraper:     Section br_id: 4 radios, 0 checked
2025-12-11 15:54:16,836 [INFO] phase2_scraper:     Section ci_id: 17 radios, 0 checked
2025-12-11 15:54:16,837 [INFO] phase2_scraper:     Section dr_id: 5 radios, 0 checked
2025-12-11 15:54:16,837 [INFO] phase2_scraper:     Section sa_id: 9 radios, 0 checked
2025-12-11 15:54:16,838 [INFO] phase2_scraper:     Section sd_id: 15 radios, 0 checked
2025-12-11 15:54:16,839 [INFO] phase2_scraper:     Section e_id: 17 radios, 0 checked
2025-12-11 15:54:16,840 [INFO] phase2_scraper:     Section cm_id: 3 radios, 0 checked
2025-12-11 15:54:17,446 [INFO] phase2_scraper: Processing dish: Men's K8A Strong T-shirts (Black) HIDE (ID: 174223, combo=False)
2025-12-11 15:54:18,674 [INFO] phase2_scraper:   #groups has sections: ['br_id', 'ci_id', 'dr_id', 'sa_id', 'sd_id', 'e_id', 'cm_id']
2025-12-11 15:54:18,675 [INFO] phase2_scraper:     Section br_id: 4 radios, 0 checked
2025-12-11 15:54:18,675 [INFO] phase2_scraper:     Section ci_id: 17 radios, 0 checked
2025-12-11 15:54:18,676 [INFO] phase2_scraper:     Section dr_id: 5 radios, 0 checked
2025-12-11 15:54:18,677 [INFO] phase2_scraper:     Section sa_id: 9 radios, 0 checked
2025-12-11 15:54:18,678 [INFO] phase2_scraper:     Section sd_id: 15 radios, 0 checked
2025-12-11 15:54:18,679 [INFO] phase2_scraper:     Section e_id: 17 radios, 0 checked
2025-12-11 15:54:18,680 [INFO] phase2_scraper:     Section cm_id: 3 radios, 0 checked
2025-12-11 15:54:19,289 [INFO] phase2_scraper: Processing dish: Women's K8A Strong T-shirts (Pink)  HIDE (ID: 174224, combo=False)
2025-12-11 15:54:20,695 [INFO] phase2_scraper:   #groups has sections: ['br_id', 'ci_id', 'dr_id', 'sa_id', 'sd_id', 'e_id', 'cm_id']
2025-12-11 15:54:20,696 [INFO] phase2_scraper:     Section br_id: 4 radios, 0 checked
2025-12-11 15:54:20,697 [INFO] phase2_scraper:     Section ci_id: 17 radios, 0 checked
2025-12-11 15:54:20,698 [INFO] phase2_scraper:     Section dr_id: 5 radios, 0 checked
2025-12-11 15:54:20,699 [INFO] phase2_scraper:     Section sa_id: 9 radios, 0 checked
2025-12-11 15:54:20,699 [INFO] phase2_scraper:     Section sd_id: 15 radios, 0 checked
2025-12-11 15:54:20,700 [INFO] phase2_scraper:     Section e_id: 17 radios, 0 checked
2025-12-11 15:54:20,701 [INFO] phase2_scraper:     Section cm_id: 3 radios, 0 checked
2025-12-11 15:54:21,310 [INFO] phase2_scraper: Processing dish: Women's K8A Strong T-shirts (Purple) HIDE (ID: 174225, combo=False)
2025-12-11 15:54:22,696 [INFO] phase2_scraper:   #groups has sections: ['br_id', 'ci_id', 'dr_id', 'sa_id', 'sd_id', 'e_id', 'cm_id']
2025-12-11 15:54:22,697 [INFO] phase2_scraper:     Section br_id: 4 radios, 0 checked
2025-12-11 15:54:22,698 [INFO] phase2_scraper:     Section ci_id: 17 radios, 0 checked
2025-12-11 15:54:22,699 [INFO] phase2_scraper:     Section dr_id: 5 radios, 0 checked
2025-12-11 15:54:22,699 [INFO] phase2_scraper:     Section sa_id: 9 radios, 0 checked
2025-12-11 15:54:22,700 [INFO] phase2_scraper:     Section sd_id: 15 radios, 0 checked
2025-12-11 15:54:22,701 [INFO] phase2_scraper:     Section e_id: 17 radios, 0 checked
2025-12-11 15:54:22,702 [INFO] phase2_scraper:     Section cm_id: 3 radios, 0 checked
2025-12-11 15:54:23,309 [INFO] phase2_scraper: Processing dish: Women's K8A Strong T-shirts (Black) HIDE (ID: 174226, combo=False)
2025-12-11 15:54:24,723 [INFO] phase2_scraper:   #groups has sections: ['br_id', 'ci_id', 'dr_id', 'sa_id', 'sd_id', 'e_id', 'cm_id']
2025-12-11 15:54:24,724 [INFO] phase2_scraper:     Section br_id: 4 radios, 0 checked
2025-12-11 15:54:24,725 [INFO] phase2_scraper:     Section ci_id: 17 radios, 0 checked
2025-12-11 15:54:24,725 [INFO] phase2_scraper:     Section dr_id: 5 radios, 0 checked
2025-12-11 15:54:24,726 [INFO] phase2_scraper:     Section sa_id: 9 radios, 0 checked
2025-12-11 15:54:24,727 [INFO] phase2_scraper:     Section sd_id: 15 radios, 0 checked
2025-12-11 15:54:24,728 [INFO] phase2_scraper:     Section e_id: 17 radios, 0 checked
2025-12-11 15:54:24,729 [INFO] phase2_scraper:     Section cm_id: 3 radios, 0 checked
2025-12-11 15:54:25,335 [INFO] phase2_scraper: Processing dish: K8A Strong Car Sticker HIDE (ID: 174227, combo=False)
2025-12-11 15:54:26,415 [INFO] phase2_scraper:   #groups has sections: ['br_id', 'ci_id', 'dr_id', 'sa_id', 'sd_id', 'e_id', 'cm_id']
2025-12-11 15:54:26,416 [INFO] phase2_scraper:     Section br_id: 4 radios, 0 checked
2025-12-11 15:54:26,417 [INFO] phase2_scraper:     Section ci_id: 17 radios, 0 checked
2025-12-11 15:54:26,417 [INFO] phase2_scraper:     Section dr_id: 5 radios, 0 checked
2025-12-11 15:54:26,418 [INFO] phase2_scraper:     Section sa_id: 9 radios, 0 checked
2025-12-11 15:54:26,419 [INFO] phase2_scraper:     Section sd_id: 15 radios, 0 checked
2025-12-11 15:54:26,420 [INFO] phase2_scraper:     Section e_id: 17 radios, 0 checked
2025-12-11 15:54:26,421 [INFO] phase2_scraper:     Section cm_id: 3 radios, 0 checked
2025-12-11 15:54:27,027 [INFO] phase2_scraper: Processing dish: K8A Strong Hats HIDE (ID: 174228, combo=False)
2025-12-11 15:54:28,580 [INFO] phase2_scraper:   #groups has sections: ['br_id', 'ci_id', 'dr_id', 'sa_id', 'sd_id', 'e_id', 'cm_id']
2025-12-11 15:54:28,581 [INFO] phase2_scraper:     Section br_id: 4 radios, 0 checked
2025-12-11 15:54:28,582 [INFO] phase2_scraper:     Section ci_id: 17 radios, 0 checked
2025-12-11 15:54:28,583 [INFO] phase2_scraper:     Section dr_id: 5 radios, 0 checked
2025-12-11 15:54:28,584 [INFO] phase2_scraper:     Section sa_id: 9 radios, 0 checked
2025-12-11 15:54:28,584 [INFO] phase2_scraper:     Section sd_id: 15 radios, 0 checked
2025-12-11 15:54:28,585 [INFO] phase2_scraper:     Section e_id: 17 radios, 0 checked
2025-12-11 15:54:28,586 [INFO] phase2_scraper:     Section cm_id: 3 radios, 0 checked
2025-12-11 15:54:29,188 [INFO] phase2_scraper: Processing dish: Random 1 Piece Bandana Mask HIDE (ID: 174229, combo=False)
2025-12-11 15:54:30,232 [INFO] phase2_scraper:   #groups has sections: ['br_id', 'ci_id', 'dr_id', 'sa_id', 'sd_id', 'e_id', 'cm_id']
2025-12-11 15:54:30,233 [INFO] phase2_scraper:     Section br_id: 4 radios, 0 checked
2025-12-11 15:54:30,233 [INFO] phase2_scraper:     Section ci_id: 17 radios, 0 checked
2025-12-11 15:54:30,234 [INFO] phase2_scraper:     Section dr_id: 5 radios, 0 checked
2025-12-11 15:54:30,235 [INFO] phase2_scraper:     Section sa_id: 9 radios, 0 checked
2025-12-11 15:54:30,236 [INFO] phase2_scraper:     Section sd_id: 15 radios, 0 checked
2025-12-11 15:54:30,237 [INFO] phase2_scraper:     Section e_id: 17 radios, 0 checked
2025-12-11 15:54:30,238 [INFO] phase2_scraper:     Section cm_id: 3 radios, 0 checked
2025-12-11 15:54:30,853 [INFO] phase2_scraper: Processing dish: DONATION (ID: 174230, combo=False)
2025-12-11 15:54:32,451 [INFO] phase2_scraper:   #groups has sections: ['br_id', 'ci_id', 'dr_id', 'sa_id', 'sd_id', 'e_id', 'cm_id']
2025-12-11 15:54:32,451 [INFO] phase2_scraper:     Section br_id: 4 radios, 0 checked
2025-12-11 15:54:32,452 [INFO] phase2_scraper:     Section ci_id: 17 radios, 0 checked
2025-12-11 15:54:32,453 [INFO] phase2_scraper:     Section dr_id: 5 radios, 0 checked
2025-12-11 15:54:32,454 [INFO] phase2_scraper:     Section sa_id: 9 radios, 0 checked
2025-12-11 15:54:32,455 [INFO] phase2_scraper:     Section sd_id: 15 radios, 0 checked
2025-12-11 15:54:32,456 [INFO] phase2_scraper:     Section e_id: 17 radios, 0 checked
2025-12-11 15:54:32,457 [INFO] phase2_scraper:     Section cm_id: 3 radios, 0 checked
2025-12-11 15:54:33,060 [INFO] phase2_scraper: Processing dish: Pumpkin Spiced Pizza Tail (limited time) HIDE (ID: 174231, combo=False)
2025-12-11 15:54:34,118 [INFO] phase2_scraper:   #groups has sections: ['br_id', 'ci_id', 'dr_id', 'sa_id', 'sd_id', 'e_id', 'cm_id']
2025-12-11 15:54:34,119 [INFO] phase2_scraper:     Section br_id: 4 radios, 0 checked
2025-12-11 15:54:34,120 [INFO] phase2_scraper:     Section ci_id: 17 radios, 0 checked
2025-12-11 15:54:34,121 [INFO] phase2_scraper:     Section dr_id: 5 radios, 0 checked
2025-12-11 15:54:34,121 [INFO] phase2_scraper:     Section sa_id: 9 radios, 0 checked
2025-12-11 15:54:34,122 [INFO] phase2_scraper:     Section sd_id: 15 radios, 0 checked
2025-12-11 15:54:34,123 [INFO] phase2_scraper:     Section e_id: 17 radios, 0 checked
2025-12-11 15:54:34,124 [INFO] phase2_scraper:     Section cm_id: 3 radios, 0 checked
2025-12-11 15:54:34,730 [INFO] phase2_scraper: Processing dish: Pumpkin Spiced Snowstorm HIDE (ID: 174232, combo=False)
2025-12-11 15:54:35,813 [INFO] phase2_scraper:   #groups has sections: ['br_id', 'ci_id', 'dr_id', 'sa_id', 'sd_id', 'e_id', 'cm_id']
2025-12-11 15:54:35,814 [INFO] phase2_scraper:     Section br_id: 4 radios, 0 checked
2025-12-11 15:54:35,815 [INFO] phase2_scraper:     Section ci_id: 17 radios, 0 checked
2025-12-11 15:54:35,815 [INFO] phase2_scraper:     Section dr_id: 5 radios, 0 checked
2025-12-11 15:54:35,816 [INFO] phase2_scraper:     Section sa_id: 9 radios, 0 checked
2025-12-11 15:54:35,817 [INFO] phase2_scraper:     Section sd_id: 15 radios, 0 checked
2025-12-11 15:54:35,818 [INFO] phase2_scraper:     Section e_id: 17 radios, 0 checked
2025-12-11 15:54:35,819 [INFO] phase2_scraper:     Section cm_id: 3 radios, 0 checked
2025-12-11 15:54:36,433 [INFO] phase2_scraper: Processing dish: Free 1/2 KG order of garlic Parmesan Bites (ID: 174233, combo=False)
2025-12-11 15:54:37,562 [INFO] phase2_scraper:   #groups has sections: ['br_id', 'ci_id', 'dr_id', 'sa_id', 'sd_id', 'e_id', 'cm_id']
2025-12-11 15:54:37,563 [INFO] phase2_scraper:     Section br_id: 4 radios, 0 checked
2025-12-11 15:54:37,564 [INFO] phase2_scraper:     Section ci_id: 17 radios, 0 checked
2025-12-11 15:54:37,565 [INFO] phase2_scraper:     Section dr_id: 5 radios, 0 checked
2025-12-11 15:54:37,566 [INFO] phase2_scraper:     Section sa_id: 9 radios, 0 checked
2025-12-11 15:54:37,567 [INFO] phase2_scraper:     Section sd_id: 15 radios, 0 checked
2025-12-11 15:54:37,568 [INFO] phase2_scraper:     Section e_id: 17 radios, 0 checked
2025-12-11 15:54:37,569 [INFO] phase2_scraper:     Section cm_id: 3 radios, 0 checked
2025-12-11 15:54:38,173 [INFO] phase2_scraper: Processing dish: Try our NEW Stuffed Garlic Bread Sticks for HALF PRICE ($7.49) (ID: 174234, combo=False)
2025-12-11 15:54:39,235 [INFO] phase2_scraper:   #groups has sections: ['br_id', 'ci_id', 'dr_id', 'sa_id', 'sd_id', 'e_id', 'cm_id']
2025-12-11 15:54:39,236 [INFO] phase2_scraper:     Section br_id: 4 radios, 0 checked
2025-12-11 15:54:39,237 [INFO] phase2_scraper:     Section ci_id: 17 radios, 0 checked
2025-12-11 15:54:39,238 [INFO] phase2_scraper:     Section dr_id: 5 radios, 0 checked
2025-12-11 15:54:39,239 [INFO] phase2_scraper:     Section sa_id: 9 radios, 0 checked
2025-12-11 15:54:39,239 [INFO] phase2_scraper:     Section sd_id: 15 radios, 0 checked
2025-12-11 15:54:39,240 [INFO] phase2_scraper:     Section e_id: 17 radios, 0 checked
2025-12-11 15:54:39,241 [INFO] phase2_scraper:     Section cm_id: 3 radios, 0 checked
2025-12-11 15:54:39,845 [INFO] phase2_scraper: Processing dish: Pumpkin Pie Pizza Tail HIDE (ID: 174235, combo=False)
2025-12-11 15:54:40,919 [INFO] phase2_scraper:   #groups has sections: ['br_id', 'ci_id', 'dr_id', 'sa_id', 'sd_id', 'e_id', 'cm_id']
2025-12-11 15:54:40,920 [INFO] phase2_scraper:     Section br_id: 4 radios, 0 checked
2025-12-11 15:54:40,921 [INFO] phase2_scraper:     Section ci_id: 17 radios, 0 checked
2025-12-11 15:54:40,922 [INFO] phase2_scraper:     Section dr_id: 5 radios, 0 checked
2025-12-11 15:54:40,923 [INFO] phase2_scraper:     Section sa_id: 9 radios, 1 checked
2025-12-11 15:54:42,172 [INFO] phase2_scraper:     Section sd_id: 15 radios, 0 checked
2025-12-11 15:54:42,173 [INFO] phase2_scraper:     Section e_id: 17 radios, 0 checked
2025-12-11 15:54:42,174 [INFO] phase2_scraper:     Section cm_id: 3 radios, 0 checked
2025-12-11 15:54:42,174 [INFO] phase2_scraper:   Found 1 modifier groups, 3 modifiers for dish 174235
2025-12-11 15:54:42,782 [INFO] phase2_scraper: Processing dish: Pumpkin Pie Snowstorm (ID: 174236, combo=False)
2025-12-11 15:54:44,077 [INFO] phase2_scraper:   #groups has sections: ['br_id', 'ci_id', 'dr_id', 'sa_id', 'sd_id', 'e_id', 'cm_id']
2025-12-11 15:54:44,078 [INFO] phase2_scraper:     Section br_id: 4 radios, 0 checked
2025-12-11 15:54:44,079 [INFO] phase2_scraper:     Section ci_id: 17 radios, 0 checked
2025-12-11 15:54:44,080 [INFO] phase2_scraper:     Section dr_id: 5 radios, 0 checked
2025-12-11 15:54:44,081 [INFO] phase2_scraper:     Section sa_id: 9 radios, 0 checked
2025-12-11 15:54:44,081 [INFO] phase2_scraper:     Section sd_id: 15 radios, 0 checked
2025-12-11 15:54:44,082 [INFO] phase2_scraper:     Section e_id: 17 radios, 0 checked
2025-12-11 15:54:44,083 [INFO] phase2_scraper:     Section cm_id: 3 radios, 0 checked
2025-12-11 15:54:44,686 [INFO] phase2_scraper: Processing dish: Joes Corn Chip Dogs- ON SALE (ID: 174237, combo=False)
2025-12-11 15:54:45,772 [INFO] phase2_scraper:   #groups has sections: ['br_id', 'ci_id', 'dr_id', 'sa_id', 'sd_id', 'e_id', 'cm_id']
2025-12-11 15:54:45,773 [INFO] phase2_scraper:     Section br_id: 4 radios, 0 checked
2025-12-11 15:54:45,774 [INFO] phase2_scraper:     Section ci_id: 17 radios, 0 checked
2025-12-11 15:54:45,775 [INFO] phase2_scraper:     Section dr_id: 5 radios, 0 checked
2025-12-11 15:54:45,776 [INFO] phase2_scraper:     Section sa_id: 9 radios, 0 checked
2025-12-11 15:54:45,776 [INFO] phase2_scraper:     Section sd_id: 15 radios, 0 checked
2025-12-11 15:54:45,777 [INFO] phase2_scraper:     Section e_id: 17 radios, 0 checked
2025-12-11 15:54:45,778 [INFO] phase2_scraper:     Section cm_id: 3 radios, 0 checked
2025-12-11 15:54:46,386 [INFO] phase2_scraper: Processing dish: Cool Ranch Dog (ID: 174238, combo=False)
2025-12-11 15:54:47,472 [INFO] phase2_scraper:   #groups has sections: ['br_id', 'ci_id', 'dr_id', 'sa_id', 'sd_id', 'e_id', 'cm_id']
2025-12-11 15:54:47,473 [INFO] phase2_scraper:     Section br_id: 4 radios, 0 checked
2025-12-11 15:54:47,475 [INFO] phase2_scraper:     Section ci_id: 17 radios, 0 checked
2025-12-11 15:54:47,476 [INFO] phase2_scraper:     Section dr_id: 5 radios, 0 checked
2025-12-11 15:54:47,478 [INFO] phase2_scraper:     Section sa_id: 9 radios, 0 checked
2025-12-11 15:54:47,479 [INFO] phase2_scraper:     Section sd_id: 15 radios, 0 checked
2025-12-11 15:54:47,480 [INFO] phase2_scraper:     Section e_id: 17 radios, 0 checked
2025-12-11 15:54:47,481 [INFO] phase2_scraper:     Section cm_id: 3 radios, 0 checked
2025-12-11 15:54:48,083 [INFO] phase2_scraper: Processing dish: Dirty Seasoning (ID: 174239, combo=False)
2025-12-11 15:54:49,152 [INFO] phase2_scraper:   #groups has sections: ['br_id', 'ci_id', 'dr_id', 'sa_id', 'sd_id', 'e_id', 'cm_id']
2025-12-11 15:54:49,154 [INFO] phase2_scraper:     Section br_id: 4 radios, 0 checked
2025-12-11 15:54:49,155 [INFO] phase2_scraper:     Section ci_id: 17 radios, 0 checked
2025-12-11 15:54:49,155 [INFO] phase2_scraper:     Section dr_id: 5 radios, 0 checked
2025-12-11 15:54:49,157 [INFO] phase2_scraper:     Section sa_id: 9 radios, 0 checked
2025-12-11 15:54:49,158 [INFO] phase2_scraper:     Section sd_id: 15 radios, 0 checked
2025-12-11 15:54:49,158 [INFO] phase2_scraper:     Section e_id: 17 radios, 0 checked
2025-12-11 15:54:49,159 [INFO] phase2_scraper:     Section cm_id: 3 radios, 0 checked
2025-12-11 15:54:49,776 [INFO] phase2_scraper: Processing dish: Ginger Snap Hot Sauce (ID: 174240, combo=False)
2025-12-11 15:54:50,831 [INFO] phase2_scraper:   #groups has sections: ['br_id', 'ci_id', 'dr_id', 'sa_id', 'sd_id', 'e_id', 'cm_id']
2025-12-11 15:54:50,832 [INFO] phase2_scraper:     Section br_id: 4 radios, 0 checked
2025-12-11 15:54:50,833 [INFO] phase2_scraper:     Section ci_id: 17 radios, 0 checked
2025-12-11 15:54:50,834 [INFO] phase2_scraper:     Section dr_id: 5 radios, 0 checked
2025-12-11 15:54:50,835 [INFO] phase2_scraper:     Section sa_id: 9 radios, 0 checked
2025-12-11 15:54:50,835 [INFO] phase2_scraper:     Section sd_id: 15 radios, 0 checked
2025-12-11 15:54:50,836 [INFO] phase2_scraper:     Section e_id: 17 radios, 0 checked
2025-12-11 15:54:50,837 [INFO] phase2_scraper:     Section cm_id: 3 radios, 0 checked
2025-12-11 15:54:51,445 [INFO] phase2_scraper: Processing dish: Garlic Bread with Cheese (ID: 174241, combo=False)
2025-12-11 15:54:52,509 [INFO] phase2_scraper:   #groups has sections: ['br_id', 'ci_id', 'dr_id', 'sa_id', 'sd_id', 'e_id', 'cm_id']
2025-12-11 15:54:52,509 [INFO] phase2_scraper:     Section br_id: 4 radios, 0 checked
2025-12-11 15:54:52,510 [INFO] phase2_scraper:     Section ci_id: 17 radios, 0 checked
2025-12-11 15:54:52,511 [INFO] phase2_scraper:     Section dr_id: 5 radios, 0 checked
2025-12-11 15:54:52,512 [INFO] phase2_scraper:     Section sa_id: 9 radios, 0 checked
2025-12-11 15:54:52,512 [INFO] phase2_scraper:     Section sd_id: 15 radios, 0 checked
2025-12-11 15:54:52,513 [INFO] phase2_scraper:     Section e_id: 17 radios, 0 checked
2025-12-11 15:54:52,514 [INFO] phase2_scraper:     Section cm_id: 3 radios, 0 checked
2025-12-11 15:54:53,126 [INFO] phase2_scraper: Processing dish: Garlic Parmesan Bites (1 pound) (ID: 174242, combo=False)
2025-12-11 15:54:54,206 [INFO] phase2_scraper:   #groups has sections: ['br_id', 'ci_id', 'dr_id', 'sa_id', 'sd_id', 'e_id', 'cm_id']
2025-12-11 15:54:54,207 [INFO] phase2_scraper:     Section br_id: 4 radios, 0 checked
2025-12-11 15:54:54,208 [INFO] phase2_scraper:     Section ci_id: 17 radios, 0 checked
2025-12-11 15:54:54,208 [INFO] phase2_scraper:     Section dr_id: 5 radios, 0 checked
2025-12-11 15:54:54,209 [INFO] phase2_scraper:     Section sa_id: 9 radios, 0 checked
2025-12-11 15:54:54,210 [INFO] phase2_scraper:     Section sd_id: 15 radios, 0 checked
2025-12-11 15:54:54,211 [INFO] phase2_scraper:     Section e_id: 17 radios, 0 checked
2025-12-11 15:54:54,211 [INFO] phase2_scraper:     Section cm_id: 3 radios, 0 checked
2025-12-11 15:54:54,822 [INFO] phase2_scraper: Processing dish: Shredded Cheese Poutine (ID: 174243, combo=False)
2025-12-11 15:54:55,903 [INFO] phase2_scraper:   #groups has sections: ['br_id', 'ci_id', 'dr_id', 'sa_id', 'sd_id', 'e_id', 'cm_id']
2025-12-11 15:54:55,904 [INFO] phase2_scraper:     Section br_id: 4 radios, 0 checked
2025-12-11 15:54:55,904 [INFO] phase2_scraper:     Section ci_id: 17 radios, 0 checked
2025-12-11 15:54:55,905 [INFO] phase2_scraper:     Section dr_id: 5 radios, 0 checked
2025-12-11 15:54:55,906 [INFO] phase2_scraper:     Section sa_id: 9 radios, 0 checked
2025-12-11 15:54:55,907 [INFO] phase2_scraper:     Section sd_id: 15 radios, 0 checked
2025-12-11 15:54:55,908 [INFO] phase2_scraper:     Section e_id: 17 radios, 0 checked
2025-12-11 15:54:55,909 [INFO] phase2_scraper:     Section cm_id: 3 radios, 0 checked
2025-12-11 15:54:56,528 [INFO] phase2_scraper: Processing dish: Curd Cheese Poutine (ID: 174244, combo=False)
2025-12-11 15:54:57,589 [INFO] phase2_scraper:   #groups has sections: ['br_id', 'ci_id', 'dr_id', 'sa_id', 'sd_id', 'e_id', 'cm_id']
2025-12-11 15:54:57,590 [INFO] phase2_scraper:     Section br_id: 4 radios, 0 checked
2025-12-11 15:54:57,590 [INFO] phase2_scraper:     Section ci_id: 17 radios, 0 checked
2025-12-11 15:54:57,591 [INFO] phase2_scraper:     Section dr_id: 5 radios, 0 checked
2025-12-11 15:54:57,592 [INFO] phase2_scraper:     Section sa_id: 9 radios, 0 checked
2025-12-11 15:54:57,593 [INFO] phase2_scraper:     Section sd_id: 15 radios, 0 checked
2025-12-11 15:54:57,594 [INFO] phase2_scraper:     Section e_id: 17 radios, 0 checked
2025-12-11 15:54:57,594 [INFO] phase2_scraper:     Section cm_id: 3 radios, 0 checked
2025-12-11 15:54:58,195 [INFO] phase2_scraper: Processing dish: Mixed Cheese Poutine (ID: 174245, combo=False)
2025-12-11 15:54:59,245 [INFO] phase2_scraper:   #groups has sections: ['br_id', 'ci_id', 'dr_id', 'sa_id', 'sd_id', 'e_id', 'cm_id']
2025-12-11 15:54:59,245 [INFO] phase2_scraper:     Section br_id: 4 radios, 0 checked
2025-12-11 15:54:59,246 [INFO] phase2_scraper:     Section ci_id: 17 radios, 0 checked
2025-12-11 15:54:59,247 [INFO] phase2_scraper:     Section dr_id: 5 radios, 0 checked
2025-12-11 15:54:59,248 [INFO] phase2_scraper:     Section sa_id: 9 radios, 0 checked
2025-12-11 15:54:59,249 [INFO] phase2_scraper:     Section sd_id: 15 radios, 0 checked
2025-12-11 15:54:59,250 [INFO] phase2_scraper:     Section e_id: 17 radios, 0 checked
2025-12-11 15:54:59,251 [INFO] phase2_scraper:     Section cm_id: 3 radios, 0 checked
2025-12-11 15:54:59,870 [INFO] phase2_scraper: Processing dish: Add Any 2 Appetizers for ONLY $17.99 (ID: 174246, combo=False)
2025-12-11 15:55:00,979 [INFO] phase2_scraper:   #groups has sections: ['br_id', 'ci_id', 'dr_id', 'sa_id', 'sd_id', 'e_id', 'cm_id']
2025-12-11 15:55:00,980 [INFO] phase2_scraper:     Section br_id: 4 radios, 0 checked
2025-12-11 15:55:00,981 [INFO] phase2_scraper:     Section ci_id: 17 radios, 0 checked
2025-12-11 15:55:00,982 [INFO] phase2_scraper:     Section dr_id: 5 radios, 0 checked
2025-12-11 15:55:00,984 [INFO] phase2_scraper:     Section sa_id: 9 radios, 1 checked
2025-12-11 15:55:08,137 [INFO] phase2_scraper:     Section sd_id: 15 radios, 1 checked
2025-12-11 15:55:11,564 [INFO] phase2_scraper:     Section e_id: 17 radios, 0 checked
2025-12-11 15:55:11,565 [INFO] phase2_scraper:     Section cm_id: 3 radios, 0 checked
2025-12-11 15:55:11,565 [INFO] phase2_scraper:   Found 2 modifier groups, 27 modifiers for dish 174246
2025-12-11 15:55:12,179 [INFO] phase2_scraper: Processing dish: Add a Medium House Cut Spiral Fry Poutine for ONLY $4.99 (ID: 174247, combo=False)
2025-12-11 15:55:13,333 [INFO] phase2_scraper:   #groups has sections: ['br_id', 'ci_id', 'dr_id', 'sa_id', 'sd_id', 'e_id', 'cm_id']
2025-12-11 15:55:13,334 [INFO] phase2_scraper:     Section br_id: 4 radios, 0 checked
2025-12-11 15:55:13,335 [INFO] phase2_scraper:     Section ci_id: 17 radios, 0 checked
2025-12-11 15:55:13,336 [INFO] phase2_scraper:     Section dr_id: 5 radios, 0 checked
2025-12-11 15:55:13,337 [INFO] phase2_scraper:     Section sa_id: 9 radios, 0 checked
2025-12-11 15:55:13,338 [INFO] phase2_scraper:     Section sd_id: 15 radios, 0 checked
2025-12-11 15:55:13,339 [INFO] phase2_scraper:     Section e_id: 17 radios, 0 checked
2025-12-11 15:55:13,340 [INFO] phase2_scraper:     Section cm_id: 3 radios, 0 checked
2025-12-11 15:55:14,006 [INFO] phase2_scraper: Processing dish: Add 4 Southern Fried Chicken Drumsticks for ONLY $4.99 (ID: 174248, combo=False)
2025-12-11 15:55:15,136 [INFO] phase2_scraper:   #groups has sections: ['br_id', 'ci_id', 'dr_id', 'sa_id', 'sd_id', 'e_id', 'cm_id']
2025-12-11 15:55:15,137 [INFO] phase2_scraper:     Section br_id: 4 radios, 0 checked
2025-12-11 15:55:15,138 [INFO] phase2_scraper:     Section ci_id: 17 radios, 0 checked
2025-12-11 15:55:15,138 [INFO] phase2_scraper:     Section dr_id: 5 radios, 0 checked
2025-12-11 15:55:15,139 [INFO] phase2_scraper:     Section sa_id: 9 radios, 0 checked
2025-12-11 15:55:15,140 [INFO] phase2_scraper:     Section sd_id: 15 radios, 0 checked
2025-12-11 15:55:15,140 [INFO] phase2_scraper:     Section e_id: 17 radios, 0 checked
2025-12-11 15:55:15,141 [INFO] phase2_scraper:     Section cm_id: 3 radios, 0 checked
2025-12-11 15:55:15,746 [INFO] phase2_scraper: Processing dish: Free Medium Pepperoni Pizza (ID: 174249, combo=False)
2025-12-11 15:55:16,927 [INFO] phase2_scraper:   #groups has sections: ['br_id', 'ci_id', 'dr_id', 'sa_id', 'sd_id', 'e_id', 'cm_id']
2025-12-11 15:55:16,929 [INFO] phase2_scraper:     Section br_id: 4 radios, 0 checked
2025-12-11 15:55:16,930 [INFO] phase2_scraper:     Section ci_id: 17 radios, 0 checked
2025-12-11 15:55:16,931 [INFO] phase2_scraper:     Section dr_id: 5 radios, 0 checked
2025-12-11 15:55:16,932 [INFO] phase2_scraper:     Section sa_id: 9 radios, 0 checked
2025-12-11 15:55:16,932 [INFO] phase2_scraper:     Section sd_id: 15 radios, 0 checked
2025-12-11 15:55:16,933 [INFO] phase2_scraper:     Section e_id: 17 radios, 0 checked
2025-12-11 15:55:16,934 [INFO] phase2_scraper:     Section cm_id: 3 radios, 0 checked
2025-12-11 15:55:17,539 [INFO] phase2_scraper: Processing dish: Pumpkin Spice (pumpkin pie fill) HIDE (ID: 174250, combo=False)
2025-12-11 15:55:18,569 [INFO] phase2_scraper:   #groups has sections: ['br_id', 'ci_id', 'dr_id', 'sa_id', 'sd_id', 'e_id', 'cm_id']
2025-12-11 15:55:18,570 [INFO] phase2_scraper:     Section br_id: 4 radios, 0 checked
2025-12-11 15:55:18,570 [INFO] phase2_scraper:     Section ci_id: 17 radios, 0 checked
2025-12-11 15:55:18,571 [INFO] phase2_scraper:     Section dr_id: 5 radios, 0 checked
2025-12-11 15:55:18,572 [INFO] phase2_scraper:     Section sa_id: 9 radios, 0 checked
2025-12-11 15:55:18,573 [INFO] phase2_scraper:     Section sd_id: 15 radios, 0 checked
2025-12-11 15:55:18,574 [INFO] phase2_scraper:     Section e_id: 17 radios, 0 checked
2025-12-11 15:55:18,575 [INFO] phase2_scraper:     Section cm_id: 3 radios, 0 checked
2025-12-11 15:55:19,178 [INFO] phase2_scraper: Processing dish: Smores Marshmallow Fluff Tail HIDE (ID: 174251, combo=False)
2025-12-11 15:55:20,249 [INFO] phase2_scraper:   #groups has sections: ['br_id', 'ci_id', 'dr_id', 'sa_id', 'sd_id', 'e_id', 'cm_id']
2025-12-11 15:55:20,250 [INFO] phase2_scraper:     Section br_id: 4 radios, 0 checked
2025-12-11 15:55:20,251 [INFO] phase2_scraper:     Section ci_id: 17 radios, 0 checked
2025-12-11 15:55:20,252 [INFO] phase2_scraper:     Section dr_id: 5 radios, 0 checked
2025-12-11 15:55:20,252 [INFO] phase2_scraper:     Section sa_id: 9 radios, 0 checked
2025-12-11 15:55:20,253 [INFO] phase2_scraper:     Section sd_id: 15 radios, 0 checked
2025-12-11 15:55:20,254 [INFO] phase2_scraper:     Section e_id: 17 radios, 0 checked
2025-12-11 15:55:20,255 [INFO] phase2_scraper:     Section cm_id: 3 radios, 0 checked
2025-12-11 15:55:20,859 [INFO] phase2_scraper: Processing dish: Nutella Pizza Tail HIDE (ID: 174252, combo=False)
2025-12-11 15:55:21,904 [INFO] phase2_scraper:   #groups has sections: ['br_id', 'ci_id', 'dr_id', 'sa_id', 'sd_id', 'e_id', 'cm_id']
2025-12-11 15:55:21,904 [INFO] phase2_scraper:     Section br_id: 4 radios, 0 checked
2025-12-11 15:55:21,905 [INFO] phase2_scraper:     Section ci_id: 17 radios, 0 checked
2025-12-11 15:55:21,906 [INFO] phase2_scraper:     Section dr_id: 5 radios, 0 checked
2025-12-11 15:55:21,907 [INFO] phase2_scraper:     Section sa_id: 9 radios, 0 checked
2025-12-11 15:55:21,908 [INFO] phase2_scraper:     Section sd_id: 15 radios, 0 checked
2025-12-11 15:55:21,909 [INFO] phase2_scraper:     Section e_id: 17 radios, 0 checked
2025-12-11 15:55:21,910 [INFO] phase2_scraper:     Section cm_id: 3 radios, 0 checked
2025-12-11 15:55:22,512 [INFO] phase2_scraper: Processing dish: Peanutbutter Cup Flutter Nutter Tail HIDE (ID: 174253, combo=False)
2025-12-11 15:55:23,575 [INFO] phase2_scraper:   #groups has sections: ['br_id', 'ci_id', 'dr_id', 'sa_id', 'sd_id', 'e_id', 'cm_id']
2025-12-11 15:55:23,576 [INFO] phase2_scraper:     Section br_id: 4 radios, 0 checked
2025-12-11 15:55:23,576 [INFO] phase2_scraper:     Section ci_id: 17 radios, 0 checked
2025-12-11 15:55:23,577 [INFO] phase2_scraper:     Section dr_id: 5 radios, 0 checked
2025-12-11 15:55:23,578 [INFO] phase2_scraper:     Section sa_id: 9 radios, 0 checked
2025-12-11 15:55:23,579 [INFO] phase2_scraper:     Section sd_id: 15 radios, 0 checked
2025-12-11 15:55:23,580 [INFO] phase2_scraper:     Section e_id: 17 radios, 0 checked
2025-12-11 15:55:23,581 [INFO] phase2_scraper:     Section cm_id: 3 radios, 0 checked
2025-12-11 15:55:24,187 [INFO] phase2_scraper: Processing dish: Pizza Tail HIDE (ID: 174254, combo=False)
2025-12-11 15:55:25,813 [INFO] phase2_scraper:   #groups has sections: ['br_id', 'ci_id', 'dr_id', 'sa_id', 'sd_id', 'e_id', 'cm_id']
2025-12-11 15:55:25,814 [INFO] phase2_scraper:     Section br_id: 4 radios, 0 checked
2025-12-11 15:55:25,815 [INFO] phase2_scraper:     Section ci_id: 17 radios, 0 checked
2025-12-11 15:55:25,816 [INFO] phase2_scraper:     Section dr_id: 5 radios, 0 checked
2025-12-11 15:55:25,817 [INFO] phase2_scraper:     Section sa_id: 9 radios, 0 checked
2025-12-11 15:55:25,817 [INFO] phase2_scraper:     Section sd_id: 15 radios, 0 checked
2025-12-11 15:55:25,818 [INFO] phase2_scraper:     Section e_id: 17 radios, 0 checked
2025-12-11 15:55:25,819 [INFO] phase2_scraper:     Section cm_id: 3 radios, 0 checked
2025-12-11 15:55:26,437 [INFO] phase2_scraper: Processing dish: 4 Random Chocolate Bars (ID: 174255, combo=False)
2025-12-11 15:55:27,559 [INFO] phase2_scraper:   #groups has sections: ['br_id', 'ci_id', 'dr_id', 'sa_id', 'sd_id', 'e_id', 'cm_id']
2025-12-11 15:55:27,560 [INFO] phase2_scraper:     Section br_id: 4 radios, 0 checked
2025-12-11 15:55:27,561 [INFO] phase2_scraper:     Section ci_id: 17 radios, 0 checked
2025-12-11 15:55:27,562 [INFO] phase2_scraper:     Section dr_id: 5 radios, 0 checked
2025-12-11 15:55:27,563 [INFO] phase2_scraper:     Section sa_id: 9 radios, 0 checked
2025-12-11 15:55:27,563 [INFO] phase2_scraper:     Section sd_id: 15 radios, 0 checked
2025-12-11 15:55:27,564 [INFO] phase2_scraper:     Section e_id: 17 radios, 0 checked
2025-12-11 15:55:27,565 [INFO] phase2_scraper:     Section cm_id: 3 radios, 0 checked
2025-12-11 15:55:28,187 [INFO] phase2_scraper: Processing dish: Add a Bag of Potato Chips HIDE (ID: 174256, combo=False)
2025-12-11 15:55:29,292 [INFO] phase2_scraper:   #groups has sections: ['br_id', 'ci_id', 'dr_id', 'sa_id', 'sd_id', 'e_id', 'cm_id']
2025-12-11 15:55:29,293 [INFO] phase2_scraper:     Section br_id: 4 radios, 0 checked
2025-12-11 15:55:29,294 [INFO] phase2_scraper:     Section ci_id: 17 radios, 0 checked
2025-12-11 15:55:29,295 [INFO] phase2_scraper:     Section dr_id: 5 radios, 1 checked
2025-12-11 15:55:31,298 [INFO] phase2_scraper:     Section sa_id: 9 radios, 0 checked
2025-12-11 15:55:31,298 [INFO] phase2_scraper:     Section sd_id: 15 radios, 0 checked
2025-12-11 15:55:31,299 [INFO] phase2_scraper:     Section e_id: 17 radios, 0 checked
2025-12-11 15:55:31,300 [INFO] phase2_scraper:     Section cm_id: 3 radios, 0 checked
2025-12-11 15:55:31,300 [INFO] phase2_scraper:   Found 1 modifier groups, 5 modifiers for dish 174256
2025-12-11 15:55:31,910 [INFO] phase2_scraper: Processing dish: 3 Cheese Garlic Stix (ID: 174257, combo=False)
2025-12-11 15:55:32,992 [INFO] phase2_scraper:   #groups has sections: ['br_id', 'ci_id', 'dr_id', 'sa_id', 'sd_id', 'e_id', 'cm_id']
2025-12-11 15:55:32,993 [INFO] phase2_scraper:     Section br_id: 4 radios, 0 checked
2025-12-11 15:55:32,994 [INFO] phase2_scraper:     Section ci_id: 17 radios, 1 checked
2025-12-11 15:55:33,537 [INFO] phase2_scraper:     Section dr_id: 5 radios, 0 checked
2025-12-11 15:55:33,539 [INFO] phase2_scraper:     Section sa_id: 9 radios, 1 checked
2025-12-11 15:55:40,969 [INFO] phase2_scraper:     Section sd_id: 15 radios, 0 checked
2025-12-11 15:55:40,970 [INFO] phase2_scraper:     Section e_id: 17 radios, 1 checked
2025-12-11 15:55:41,484 [INFO] phase2_scraper:     Section cm_id: 3 radios, 0 checked
2025-12-11 15:55:41,484 [INFO] phase2_scraper:   Found 3 modifier groups, 21 modifiers for dish 174257
2025-12-11 15:55:42,088 [INFO] phase2_scraper: Processing dish: Medium Chicken Bruschetta Pizza (ID: 174258, combo=False)
2025-12-11 15:55:43,138 [INFO] phase2_scraper:   #groups has sections: ['br_id', 'ci_id', 'dr_id', 'sa_id', 'sd_id', 'e_id', 'cm_id']
2025-12-11 15:55:43,139 [INFO] phase2_scraper:     Section br_id: 4 radios, 1 checked
2025-12-11 15:55:58,454 [INFO] phase2_scraper:     Section ci_id: 17 radios, 1 checked
2025-12-11 15:56:19,095 [INFO] phase2_scraper:     Section dr_id: 5 radios, 1 checked
2025-12-11 15:56:20,344 [INFO] phase2_scraper:     Section sa_id: 9 radios, 1 checked
2025-12-11 15:56:27,275 [INFO] phase2_scraper:     Section sd_id: 15 radios, 0 checked
2025-12-11 15:56:27,276 [INFO] phase2_scraper:     Section e_id: 17 radios, 1 checked
2025-12-11 15:56:27,813 [INFO] phase2_scraper:     Section cm_id: 3 radios, 0 checked
2025-12-11 15:56:27,813 [INFO] phase2_scraper:   Found 5 modifier groups, 66 modifiers for dish 174258
2025-12-11 15:56:28,416 [INFO] phase2_scraper: Processing dish: Bruschetta Flatbread HIDE (ID: 174259, combo=False)
2025-12-11 15:56:29,478 [INFO] phase2_scraper:   #groups has sections: ['br_id', 'ci_id', 'dr_id', 'sa_id', 'sd_id', 'e_id', 'cm_id']
2025-12-11 15:56:29,480 [INFO] phase2_scraper:     Section br_id: 4 radios, 0 checked
2025-12-11 15:56:29,481 [INFO] phase2_scraper:     Section ci_id: 17 radios, 0 checked
2025-12-11 15:56:29,481 [INFO] phase2_scraper:     Section dr_id: 5 radios, 0 checked
2025-12-11 15:56:29,482 [INFO] phase2_scraper:     Section sa_id: 9 radios, 0 checked
2025-12-11 15:56:29,483 [INFO] phase2_scraper:     Section sd_id: 15 radios, 0 checked
2025-12-11 15:56:29,484 [INFO] phase2_scraper:     Section e_id: 17 radios, 0 checked
2025-12-11 15:56:29,484 [INFO] phase2_scraper:     Section cm_id: 3 radios, 0 checked
2025-12-11 15:56:30,084 [INFO] phase2_scraper: Processing dish: Joes Generic Snowstorm Frozen Dessert Treat $6.99 (ID: 174260, combo=False)
2025-12-11 15:56:31,721 [INFO] phase2_scraper:   #groups has sections: ['br_id', 'ci_id', 'dr_id', 'sa_id', 'sd_id', 'e_id', 'cm_id']
2025-12-11 15:56:31,721 [INFO] phase2_scraper:     Section br_id: 4 radios, 0 checked
2025-12-11 15:56:31,722 [INFO] phase2_scraper:     Section ci_id: 17 radios, 0 checked
2025-12-11 15:56:31,723 [INFO] phase2_scraper:     Section dr_id: 5 radios, 0 checked
2025-12-11 15:56:31,724 [INFO] phase2_scraper:     Section sa_id: 9 radios, 0 checked
2025-12-11 15:56:31,725 [INFO] phase2_scraper:     Section sd_id: 15 radios, 0 checked
2025-12-11 15:56:31,725 [INFO] phase2_scraper:     Section e_id: 17 radios, 0 checked
2025-12-11 15:56:31,726 [INFO] phase2_scraper:     Section cm_id: 3 radios, 0 checked
2025-12-11 15:56:32,349 [INFO] phase2_scraper: Processing dish: Eganvilles Finest Scratch Made Butter Tarts $3.00 (ID: 174261, combo=False)
2025-12-11 15:56:33,396 [INFO] phase2_scraper:   #groups has sections: ['br_id', 'ci_id', 'dr_id', 'sa_id', 'sd_id', 'e_id', 'cm_id']
2025-12-11 15:56:33,397 [INFO] phase2_scraper:     Section br_id: 4 radios, 0 checked
2025-12-11 15:56:33,398 [INFO] phase2_scraper:     Section ci_id: 17 radios, 0 checked
2025-12-11 15:56:33,399 [INFO] phase2_scraper:     Section dr_id: 5 radios, 0 checked
2025-12-11 15:56:33,400 [INFO] phase2_scraper:     Section sa_id: 9 radios, 0 checked
2025-12-11 15:56:33,400 [INFO] phase2_scraper:     Section sd_id: 15 radios, 0 checked
2025-12-11 15:56:33,401 [INFO] phase2_scraper:     Section e_id: 17 radios, 0 checked
2025-12-11 15:56:33,402 [INFO] phase2_scraper:     Section cm_id: 3 radios, 0 checked
2025-12-11 15:56:34,017 [INFO] phase2_scraper: Processing dish: Pot of Gold Pizza Tail ($3.50) HIDE (ID: 174262, combo=False)
2025-12-11 15:56:35,245 [INFO] phase2_scraper:   #groups has sections: ['br_id', 'ci_id', 'dr_id', 'sa_id', 'sd_id', 'e_id', 'cm_id']
2025-12-11 15:56:35,246 [INFO] phase2_scraper:     Section br_id: 4 radios, 0 checked
2025-12-11 15:56:35,246 [INFO] phase2_scraper:     Section ci_id: 17 radios, 0 checked
2025-12-11 15:56:35,247 [INFO] phase2_scraper:     Section dr_id: 5 radios, 0 checked
2025-12-11 15:56:35,248 [INFO] phase2_scraper:     Section sa_id: 9 radios, 1 checked
2025-12-11 15:56:37,001 [INFO] phase2_scraper:     Section sd_id: 15 radios, 0 checked
2025-12-11 15:56:37,002 [INFO] phase2_scraper:     Section e_id: 17 radios, 0 checked
2025-12-11 15:56:37,003 [INFO] phase2_scraper:     Section cm_id: 3 radios, 0 checked
2025-12-11 15:56:37,003 [INFO] phase2_scraper:   Found 1 modifier groups, 3 modifiers for dish 174262
2025-12-11 15:56:37,664 [INFO] phase2_scraper: Processing dish: Ferrero Rocher Pizza Tail ($3.50) Ferrero HIDE (ID: 174263, combo=False)
2025-12-11 15:56:38,905 [INFO] phase2_scraper:   #groups has sections: ['br_id', 'ci_id', 'dr_id', 'sa_id', 'sd_id', 'e_id', 'cm_id']
2025-12-11 15:56:38,906 [INFO] phase2_scraper:     Section br_id: 4 radios, 0 checked
2025-12-11 15:56:38,906 [INFO] phase2_scraper:     Section ci_id: 17 radios, 0 checked
2025-12-11 15:56:38,907 [INFO] phase2_scraper:     Section dr_id: 5 radios, 0 checked
2025-12-11 15:56:38,908 [INFO] phase2_scraper:     Section sa_id: 9 radios, 1 checked
2025-12-11 15:56:40,303 [INFO] phase2_scraper:     Section sd_id: 15 radios, 0 checked
2025-12-11 15:56:40,304 [INFO] phase2_scraper:     Section e_id: 17 radios, 0 checked
2025-12-11 15:56:40,305 [INFO] phase2_scraper:     Section cm_id: 3 radios, 0 checked
2025-12-11 15:56:40,305 [INFO] phase2_scraper:   Found 1 modifier groups, 3 modifiers for dish 174263
2025-12-11 15:56:40,910 [INFO] phase2_scraper: Processing dish: 6 Packs of Mini Eggs HIDE (ID: 174264, combo=False)
2025-12-11 15:56:41,946 [INFO] phase2_scraper:   #groups has sections: ['br_id', 'ci_id', 'dr_id', 'sa_id', 'sd_id', 'e_id', 'cm_id']
2025-12-11 15:56:41,946 [INFO] phase2_scraper:     Section br_id: 4 radios, 0 checked
2025-12-11 15:56:41,947 [INFO] phase2_scraper:     Section ci_id: 17 radios, 0 checked
2025-12-11 15:56:41,948 [INFO] phase2_scraper:     Section dr_id: 5 radios, 0 checked
2025-12-11 15:56:41,949 [INFO] phase2_scraper:     Section sa_id: 9 radios, 0 checked
2025-12-11 15:56:41,950 [INFO] phase2_scraper:     Section sd_id: 15 radios, 0 checked
2025-12-11 15:56:41,951 [INFO] phase2_scraper:     Section e_id: 17 radios, 0 checked
2025-12-11 15:56:41,952 [INFO] phase2_scraper:     Section cm_id: 3 radios, 0 checked
2025-12-11 15:56:42,564 [INFO] phase2_scraper: Processing dish: Easter Pizza Tail (1 pc) HIDE (ID: 174265, combo=False)
2025-12-11 15:56:43,610 [INFO] phase2_scraper:   #groups has sections: ['br_id', 'ci_id', 'dr_id', 'sa_id', 'sd_id', 'e_id', 'cm_id']
2025-12-11 15:56:43,611 [INFO] phase2_scraper:     Section br_id: 4 radios, 0 checked
2025-12-11 15:56:43,611 [INFO] phase2_scraper:     Section ci_id: 17 radios, 1 checked
2025-12-11 15:56:44,522 [INFO] phase2_scraper:     Section dr_id: 5 radios, 0 checked
2025-12-11 15:56:44,524 [INFO] phase2_scraper:     Section sa_id: 9 radios, 0 checked
2025-12-11 15:56:44,524 [INFO] phase2_scraper:     Section sd_id: 15 radios, 0 checked
2025-12-11 15:56:44,525 [INFO] phase2_scraper:     Section e_id: 17 radios, 0 checked
2025-12-11 15:56:44,526 [INFO] phase2_scraper:     Section cm_id: 3 radios, 0 checked
2025-12-11 15:56:44,526 [INFO] phase2_scraper:   Found 1 modifier groups, 2 modifiers for dish 174265
2025-12-11 15:56:45,126 [INFO] phase2_scraper: Processing dish: Easter Pizza Tail (3 pcs) HIDE (ID: 174266, combo=False)
2025-12-11 15:56:46,177 [INFO] phase2_scraper:   #groups has sections: ['br_id', 'ci_id', 'dr_id', 'sa_id', 'sd_id', 'e_id', 'cm_id']
2025-12-11 15:56:46,178 [INFO] phase2_scraper:     Section br_id: 4 radios, 0 checked
2025-12-11 15:56:46,179 [INFO] phase2_scraper:     Section ci_id: 17 radios, 1 checked
2025-12-11 15:56:47,102 [INFO] phase2_scraper:     Section dr_id: 5 radios, 0 checked
2025-12-11 15:56:47,104 [INFO] phase2_scraper:     Section sa_id: 9 radios, 0 checked
2025-12-11 15:56:47,105 [INFO] phase2_scraper:     Section sd_id: 15 radios, 0 checked
2025-12-11 15:56:47,106 [INFO] phase2_scraper:     Section e_id: 17 radios, 0 checked
2025-12-11 15:56:47,108 [INFO] phase2_scraper:     Section cm_id: 3 radios, 0 checked
2025-12-11 15:56:47,108 [INFO] phase2_scraper:   Found 1 modifier groups, 2 modifiers for dish 174266
2025-12-11 15:56:47,712 [INFO] phase2_scraper: Processing dish: Keto Meal Deal - Cheese Pizza and Wings HIDE (ID: 174267, combo=True)
2025-12-11 15:56:50,340 [INFO] phase2_scraper: Processing dish: Keto Meal Deal - Cheese Pizza and Large Salad HIDE (ID: 174268, combo=True)
2025-12-11 15:56:53,015 [INFO] phase2_scraper: Processing dish: Keto Meal Deal - Cheese Pizza and Pork Rinds  HIDE (ID: 174269, combo=True)
2025-12-11 15:56:55,382 [INFO] phase2_scraper: Processing dish: Keto Meal Deal - Cheese Pizza and Pork Nachos HIDE (ID: 174270, combo=True)
2025-12-11 15:56:58,006 [INFO] phase2_scraper: Processing dish: Keto Chicken Bacon Ceasar Wrap HIDE (ID: 174271, combo=False)
2025-12-11 15:56:59,046 [INFO] phase2_scraper:   #groups has sections: ['br_id', 'ci_id', 'dr_id', 'sa_id', 'sd_id', 'e_id', 'cm_id']
2025-12-11 15:56:59,047 [INFO] phase2_scraper:     Section br_id: 4 radios, 0 checked
2025-12-11 15:56:59,047 [INFO] phase2_scraper:     Section ci_id: 17 radios, 0 checked
2025-12-11 15:56:59,048 [INFO] phase2_scraper:     Section dr_id: 5 radios, 0 checked
2025-12-11 15:56:59,049 [INFO] phase2_scraper:     Section sa_id: 9 radios, 0 checked
2025-12-11 15:56:59,050 [INFO] phase2_scraper:     Section sd_id: 15 radios, 0 checked
2025-12-11 15:56:59,051 [INFO] phase2_scraper:     Section e_id: 17 radios, 0 checked
2025-12-11 15:56:59,052 [INFO] phase2_scraper:     Section cm_id: 3 radios, 0 checked
2025-12-11 15:56:59,657 [INFO] phase2_scraper: Processing dish: Keto Pizza HIDE (ID: 174272, combo=False)
2025-12-11 15:57:00,710 [INFO] phase2_scraper:   #groups has sections: ['br_id', 'ci_id', 'dr_id', 'sa_id', 'sd_id', 'e_id', 'cm_id']
2025-12-11 15:57:00,711 [INFO] phase2_scraper:     Section br_id: 4 radios, 0 checked
2025-12-11 15:57:00,712 [INFO] phase2_scraper:     Section ci_id: 17 radios, 1 checked
2025-12-11 15:57:21,463 [INFO] phase2_scraper:     Section dr_id: 5 radios, 0 checked
2025-12-11 15:57:21,464 [INFO] phase2_scraper:     Section sa_id: 9 radios, 1 checked
2025-12-11 15:57:28,578 [INFO] phase2_scraper:     Section sd_id: 15 radios, 0 checked
2025-12-11 15:57:28,579 [INFO] phase2_scraper:     Section e_id: 17 radios, 1 checked
2025-12-11 15:57:29,087 [INFO] phase2_scraper:     Section cm_id: 3 radios, 0 checked
2025-12-11 15:57:29,087 [INFO] phase2_scraper:   Found 3 modifier groups, 43 modifiers for dish 174272
2025-12-11 15:57:29,693 [INFO] phase2_scraper: Processing dish: KETO Quesadilla HIDE (ID: 174273, combo=False)
2025-12-11 15:57:31,002 [INFO] phase2_scraper:   #groups has sections: ['br_id', 'ci_id', 'dr_id', 'sa_id', 'sd_id', 'e_id', 'cm_id']
2025-12-11 15:57:31,003 [INFO] phase2_scraper:     Section br_id: 4 radios, 0 checked
2025-12-11 15:57:31,003 [INFO] phase2_scraper:     Section ci_id: 17 radios, 1 checked
2025-12-11 15:57:51,600 [INFO] phase2_scraper:     Section dr_id: 5 radios, 0 checked
2025-12-11 15:57:51,601 [INFO] phase2_scraper:     Section sa_id: 9 radios, 0 checked
2025-12-11 15:57:51,601 [INFO] phase2_scraper:     Section sd_id: 15 radios, 0 checked
2025-12-11 15:57:51,602 [INFO] phase2_scraper:     Section e_id: 17 radios, 0 checked
2025-12-11 15:57:51,603 [INFO] phase2_scraper:     Section cm_id: 3 radios, 0 checked
2025-12-11 15:57:51,603 [INFO] phase2_scraper:   Found 1 modifier groups, 23 modifiers for dish 174273
2025-12-11 15:57:52,212 [INFO] phase2_scraper: Processing dish: Garden Salad HIDE (ID: 174274, combo=False)
2025-12-11 15:57:53,437 [INFO] phase2_scraper:   #groups has sections: ['br_id', 'ci_id', 'dr_id', 'sa_id', 'sd_id', 'e_id', 'cm_id']
2025-12-11 15:57:53,438 [INFO] phase2_scraper:     Section br_id: 4 radios, 0 checked
2025-12-11 15:57:53,439 [INFO] phase2_scraper:     Section ci_id: 17 radios, 0 checked
2025-12-11 15:57:53,440 [INFO] phase2_scraper:     Section dr_id: 5 radios, 1 checked
2025-12-11 15:57:54,973 [INFO] phase2_scraper:     Section sa_id: 9 radios, 0 checked
2025-12-11 15:57:54,974 [INFO] phase2_scraper:     Section sd_id: 15 radios, 0 checked
2025-12-11 15:57:54,975 [INFO] phase2_scraper:     Section e_id: 17 radios, 1 checked
2025-12-11 15:57:56,244 [INFO] phase2_scraper:     Section cm_id: 3 radios, 0 checked
2025-12-11 15:57:56,245 [INFO] phase2_scraper:   Found 2 modifier groups, 6 modifiers for dish 174274
2025-12-11 15:57:56,845 [INFO] phase2_scraper: Processing dish: Caesar Salad HIDE (ID: 174275, combo=False)
2025-12-11 15:57:58,067 [INFO] phase2_scraper:   #groups has sections: ['br_id', 'ci_id', 'dr_id', 'sa_id', 'sd_id', 'e_id', 'cm_id']
2025-12-11 15:57:58,068 [INFO] phase2_scraper:     Section br_id: 4 radios, 0 checked
2025-12-11 15:57:58,068 [INFO] phase2_scraper:     Section ci_id: 17 radios, 0 checked
2025-12-11 15:57:58,069 [INFO] phase2_scraper:     Section dr_id: 5 radios, 1 checked
2025-12-11 15:57:59,621 [INFO] phase2_scraper:     Section sa_id: 9 radios, 0 checked
2025-12-11 15:57:59,622 [INFO] phase2_scraper:     Section sd_id: 15 radios, 0 checked
2025-12-11 15:57:59,623 [INFO] phase2_scraper:     Section e_id: 17 radios, 1 checked
2025-12-11 15:58:00,841 [INFO] phase2_scraper:     Section cm_id: 3 radios, 0 checked
2025-12-11 15:58:00,842 [INFO] phase2_scraper:   Found 2 modifier groups, 6 modifiers for dish 174275
2025-12-11 15:58:01,443 [INFO] phase2_scraper: Processing dish: Greek Salad HIDE (ID: 174276, combo=False)
2025-12-11 15:58:02,649 [INFO] phase2_scraper:   #groups has sections: ['br_id', 'ci_id', 'dr_id', 'sa_id', 'sd_id', 'e_id', 'cm_id']
2025-12-11 15:58:02,650 [INFO] phase2_scraper:     Section br_id: 4 radios, 0 checked
2025-12-11 15:58:02,651 [INFO] phase2_scraper:     Section ci_id: 17 radios, 0 checked
2025-12-11 15:58:02,652 [INFO] phase2_scraper:     Section dr_id: 5 radios, 1 checked
2025-12-11 15:58:04,320 [INFO] phase2_scraper:     Section sa_id: 9 radios, 0 checked
2025-12-11 15:58:04,321 [INFO] phase2_scraper:     Section sd_id: 15 radios, 0 checked
2025-12-11 15:58:04,322 [INFO] phase2_scraper:     Section e_id: 17 radios, 1 checked
2025-12-11 15:58:05,567 [INFO] phase2_scraper:     Section cm_id: 3 radios, 0 checked
2025-12-11 15:58:05,568 [INFO] phase2_scraper:   Found 2 modifier groups, 6 modifiers for dish 174276
2025-12-11 15:58:06,172 [INFO] phase2_scraper: Processing dish: KETO Nachos HIDE (ID: 174277, combo=False)
2025-12-11 15:58:07,377 [INFO] phase2_scraper:   #groups has sections: ['br_id', 'ci_id', 'dr_id', 'sa_id', 'sd_id', 'e_id', 'cm_id']
2025-12-11 15:58:07,378 [INFO] phase2_scraper:     Section br_id: 4 radios, 0 checked
2025-12-11 15:58:07,379 [INFO] phase2_scraper:     Section ci_id: 17 radios, 1 checked
2025-12-11 15:58:27,915 [INFO] phase2_scraper:     Section dr_id: 5 radios, 0 checked
2025-12-11 15:58:27,916 [INFO] phase2_scraper:     Section sa_id: 9 radios, 0 checked
2025-12-11 15:58:27,917 [INFO] phase2_scraper:     Section sd_id: 15 radios, 0 checked
2025-12-11 15:58:27,918 [INFO] phase2_scraper:     Section e_id: 17 radios, 1 checked
2025-12-11 15:58:29,856 [INFO] phase2_scraper:     Section cm_id: 3 radios, 0 checked
2025-12-11 15:58:29,857 [INFO] phase2_scraper:   Found 2 modifier groups, 28 modifiers for dish 174277
2025-12-11 15:58:30,475 [INFO] phase2_scraper: Processing dish: 6 Wings with 1 Sauce HIDE (ID: 174278, combo=False)
2025-12-11 15:58:31,582 [INFO] phase2_scraper:   #groups has sections: ['br_id', 'ci_id', 'dr_id', 'sa_id', 'sd_id', 'e_id', 'cm_id']
2025-12-11 15:58:31,583 [INFO] phase2_scraper:     Section br_id: 4 radios, 0 checked
2025-12-11 15:58:31,583 [INFO] phase2_scraper:     Section ci_id: 17 radios, 0 checked
2025-12-11 15:58:31,584 [INFO] phase2_scraper:     Section dr_id: 5 radios, 0 checked
2025-12-11 15:58:31,585 [INFO] phase2_scraper:     Section sa_id: 9 radios, 1 checked
2025-12-11 15:58:38,787 [INFO] phase2_scraper:     Section sd_id: 15 radios, 0 checked
2025-12-11 15:58:38,788 [INFO] phase2_scraper:     Section e_id: 17 radios, 0 checked
2025-12-11 15:58:38,789 [INFO] phase2_scraper:     Section cm_id: 3 radios, 0 checked
2025-12-11 15:58:38,789 [INFO] phase2_scraper:   Found 1 modifier groups, 19 modifiers for dish 174278
2025-12-11 15:58:39,401 [INFO] phase2_scraper: Processing dish: 10 Wings with 1 Sauce HIDE (ID: 174279, combo=False)
2025-12-11 15:58:40,485 [INFO] phase2_scraper:   #groups has sections: ['br_id', 'ci_id', 'dr_id', 'sa_id', 'sd_id', 'e_id', 'cm_id']
2025-12-11 15:58:40,486 [INFO] phase2_scraper:     Section br_id: 4 radios, 0 checked
2025-12-11 15:58:40,487 [INFO] phase2_scraper:     Section ci_id: 17 radios, 0 checked
2025-12-11 15:58:40,488 [INFO] phase2_scraper:     Section dr_id: 5 radios, 0 checked
2025-12-11 15:58:40,489 [INFO] phase2_scraper:     Section sa_id: 9 radios, 1 checked
2025-12-11 15:58:47,377 [INFO] phase2_scraper:     Section sd_id: 15 radios, 0 checked
2025-12-11 15:58:47,378 [INFO] phase2_scraper:     Section e_id: 17 radios, 0 checked
2025-12-11 15:58:47,379 [INFO] phase2_scraper:     Section cm_id: 3 radios, 0 checked
2025-12-11 15:58:47,379 [INFO] phase2_scraper:   Found 1 modifier groups, 19 modifiers for dish 174279
2025-12-11 15:58:47,982 [INFO] phase2_scraper: Processing dish: 20 Wings with 2 Sauces HIDE (ID: 174280, combo=False)
2025-12-11 15:58:49,039 [INFO] phase2_scraper:   #groups has sections: ['br_id', 'ci_id', 'dr_id', 'sa_id', 'sd_id', 'e_id', 'cm_id']
2025-12-11 15:58:49,040 [INFO] phase2_scraper:     Section br_id: 4 radios, 0 checked
2025-12-11 15:58:49,040 [INFO] phase2_scraper:     Section ci_id: 17 radios, 0 checked
2025-12-11 15:58:49,041 [INFO] phase2_scraper:     Section dr_id: 5 radios, 0 checked
2025-12-11 15:58:49,042 [INFO] phase2_scraper:     Section sa_id: 9 radios, 1 checked
2025-12-11 15:58:56,055 [INFO] phase2_scraper:     Section sd_id: 15 radios, 0 checked
2025-12-11 15:58:56,056 [INFO] phase2_scraper:     Section e_id: 17 radios, 0 checked
2025-12-11 15:58:56,057 [INFO] phase2_scraper:     Section cm_id: 3 radios, 0 checked
2025-12-11 15:58:56,058 [INFO] phase2_scraper:   Found 1 modifier groups, 19 modifiers for dish 174280
2025-12-11 15:58:56,663 [INFO] phase2_scraper: Processing dish: 50 Wings with 5 Sauces HIDE (ID: 174281, combo=False)
2025-12-11 15:58:57,714 [INFO] phase2_scraper:   #groups has sections: ['br_id', 'ci_id', 'dr_id', 'sa_id', 'sd_id', 'e_id', 'cm_id']
2025-12-11 15:58:57,715 [INFO] phase2_scraper:     Section br_id: 4 radios, 0 checked
2025-12-11 15:58:57,716 [INFO] phase2_scraper:     Section ci_id: 17 radios, 0 checked
2025-12-11 15:58:57,717 [INFO] phase2_scraper:     Section dr_id: 5 radios, 0 checked
2025-12-11 15:58:57,718 [INFO] phase2_scraper:     Section sa_id: 9 radios, 1 checked
2025-12-11 15:59:04,787 [INFO] phase2_scraper:     Section sd_id: 15 radios, 0 checked
2025-12-11 15:59:04,788 [INFO] phase2_scraper:     Section e_id: 17 radios, 0 checked
2025-12-11 15:59:04,789 [INFO] phase2_scraper:     Section cm_id: 3 radios, 0 checked
2025-12-11 15:59:04,790 [INFO] phase2_scraper:   Found 1 modifier groups, 19 modifiers for dish 174281
2025-12-11 15:59:05,391 [INFO] phase2_scraper: Processing dish: Garlic Parmesan Wings HIDE (ID: 174282, combo=False)
2025-12-11 15:59:07,008 [INFO] phase2_scraper:   #groups has sections: ['br_id', 'ci_id', 'dr_id', 'sa_id', 'sd_id', 'e_id', 'cm_id']
2025-12-11 15:59:07,009 [INFO] phase2_scraper:     Section br_id: 4 radios, 0 checked
2025-12-11 15:59:07,010 [INFO] phase2_scraper:     Section ci_id: 17 radios, 0 checked
2025-12-11 15:59:07,011 [INFO] phase2_scraper:     Section dr_id: 5 radios, 0 checked
2025-12-11 15:59:07,012 [INFO] phase2_scraper:     Section sa_id: 9 radios, 1 checked
2025-12-11 15:59:13,921 [INFO] phase2_scraper:     Section sd_id: 15 radios, 0 checked
2025-12-11 15:59:13,922 [INFO] phase2_scraper:     Section e_id: 17 radios, 0 checked
2025-12-11 15:59:13,923 [INFO] phase2_scraper:     Section cm_id: 3 radios, 0 checked
2025-12-11 15:59:13,923 [INFO] phase2_scraper:   Found 1 modifier groups, 19 modifiers for dish 174282
2025-12-11 15:59:14,528 [INFO] phase2_scraper: Processing dish: Keto Drinks HIDE (ID: 174283, combo=False)
2025-12-11 15:59:15,606 [INFO] phase2_scraper:   #groups has sections: ['br_id', 'ci_id', 'dr_id', 'sa_id', 'sd_id', 'e_id', 'cm_id']
2025-12-11 15:59:15,608 [INFO] phase2_scraper:     Section br_id: 4 radios, 0 checked
2025-12-11 15:59:15,608 [INFO] phase2_scraper:     Section ci_id: 17 radios, 0 checked
2025-12-11 15:59:15,609 [INFO] phase2_scraper:     Section dr_id: 5 radios, 0 checked
2025-12-11 15:59:15,610 [INFO] phase2_scraper:     Section sa_id: 9 radios, 0 checked
2025-12-11 15:59:15,611 [INFO] phase2_scraper:     Section sd_id: 15 radios, 0 checked
2025-12-11 15:59:15,612 [INFO] phase2_scraper:     Section e_id: 17 radios, 0 checked
2025-12-11 15:59:15,613 [INFO] phase2_scraper:     Section cm_id: 3 radios, 0 checked
2025-12-11 15:59:16,221 [INFO] phase2_scraper: Processing dish: Keto Dessert HIDE (ID: 174284, combo=False)
2025-12-11 15:59:17,487 [INFO] phase2_scraper:   #groups has sections: ['br_id', 'ci_id', 'dr_id', 'sa_id', 'sd_id', 'e_id', 'cm_id']
2025-12-11 15:59:17,488 [INFO] phase2_scraper:     Section br_id: 4 radios, 0 checked
2025-12-11 15:59:17,489 [INFO] phase2_scraper:     Section ci_id: 17 radios, 0 checked
2025-12-11 15:59:17,490 [INFO] phase2_scraper:     Section dr_id: 5 radios, 0 checked
2025-12-11 15:59:17,491 [INFO] phase2_scraper:     Section sa_id: 9 radios, 0 checked
2025-12-11 15:59:17,491 [INFO] phase2_scraper:     Section sd_id: 15 radios, 0 checked
2025-12-11 15:59:17,492 [INFO] phase2_scraper:     Section e_id: 17 radios, 0 checked
2025-12-11 15:59:17,493 [INFO] phase2_scraper:     Section cm_id: 3 radios, 0 checked
2025-12-11 15:59:18,095 [INFO] phase2_scraper: Processing dish: KETO Chocolate Hazelnut Bites HIDE (ID: 174285, combo=False)
2025-12-11 15:59:19,340 [INFO] phase2_scraper:   #groups has sections: ['br_id', 'ci_id', 'dr_id', 'sa_id', 'sd_id', 'e_id', 'cm_id']
2025-12-11 15:59:19,342 [INFO] phase2_scraper:     Section br_id: 4 radios, 0 checked
2025-12-11 15:59:19,342 [INFO] phase2_scraper:     Section ci_id: 17 radios, 0 checked
2025-12-11 15:59:19,343 [INFO] phase2_scraper:     Section dr_id: 5 radios, 0 checked
2025-12-11 15:59:19,344 [INFO] phase2_scraper:     Section sa_id: 9 radios, 0 checked
2025-12-11 15:59:19,345 [INFO] phase2_scraper:     Section sd_id: 15 radios, 0 checked
2025-12-11 15:59:19,346 [INFO] phase2_scraper:     Section e_id: 17 radios, 0 checked
2025-12-11 15:59:19,347 [INFO] phase2_scraper:     Section cm_id: 3 radios, 0 checked
2025-12-11 15:59:19,948 [INFO] phase2_scraper: Processing dish: Team Specials HIDE (ID: 174286, combo=True)
2025-12-11 15:59:21,915 [INFO] phase2_scraper: Processing dish: Team Specials (3 toppings pizzas) HIDE (ID: 174287, combo=True)
2025-12-11 15:59:25,418 [INFO] phase2_scraper: Processing dish: 6 Pack Special (ID: 174288, combo=False)
2025-12-11 15:59:26,511 [INFO] phase2_scraper:   #groups has sections: ['br_id', 'ci_id', 'dr_id', 'sa_id', 'sd_id', 'e_id', 'cm_id']
2025-12-11 15:59:26,512 [INFO] phase2_scraper:     Section br_id: 4 radios, 0 checked
2025-12-11 15:59:26,512 [INFO] phase2_scraper:     Section ci_id: 17 radios, 0 checked
2025-12-11 15:59:26,513 [INFO] phase2_scraper:     Section dr_id: 5 radios, 0 checked
2025-12-11 15:59:26,514 [INFO] phase2_scraper:     Section sa_id: 9 radios, 0 checked
2025-12-11 15:59:26,515 [INFO] phase2_scraper:     Section sd_id: 15 radios, 0 checked
2025-12-11 15:59:26,515 [INFO] phase2_scraper:     Section e_id: 17 radios, 0 checked
2025-12-11 15:59:26,516 [INFO] phase2_scraper:     Section cm_id: 3 radios, 0 checked
2025-12-11 15:59:27,117 [INFO] phase2_scraper: Processing dish: Cauliflower Bites HIDE (ID: 174289, combo=False)
2025-12-11 15:59:28,193 [INFO] phase2_scraper:   #groups has sections: ['br_id', 'ci_id', 'dr_id', 'sa_id', 'sd_id', 'e_id', 'cm_id']
2025-12-11 15:59:28,194 [INFO] phase2_scraper:     Section br_id: 4 radios, 0 checked
2025-12-11 15:59:28,195 [INFO] phase2_scraper:     Section ci_id: 17 radios, 0 checked
2025-12-11 15:59:28,196 [INFO] phase2_scraper:     Section dr_id: 5 radios, 0 checked
2025-12-11 15:59:28,197 [INFO] phase2_scraper:     Section sa_id: 9 radios, 0 checked
2025-12-11 15:59:28,197 [INFO] phase2_scraper:     Section sd_id: 15 radios, 0 checked
2025-12-11 15:59:28,198 [INFO] phase2_scraper:     Section e_id: 17 radios, 0 checked
2025-12-11 15:59:28,199 [INFO] phase2_scraper:     Section cm_id: 3 radios, 0 checked
2025-12-11 15:59:28,836 [INFO] phase2_scraper: Processing dish: Any 2 Appetizers at Special Price HIDE (ID: 174290, combo=False)
2025-12-11 15:59:29,943 [INFO] phase2_scraper:   #groups has sections: ['br_id', 'ci_id', 'dr_id', 'sa_id', 'sd_id', 'e_id', 'cm_id']
2025-12-11 15:59:29,944 [INFO] phase2_scraper:     Section br_id: 4 radios, 0 checked
2025-12-11 15:59:29,945 [INFO] phase2_scraper:     Section ci_id: 17 radios, 0 checked
2025-12-11 15:59:29,945 [INFO] phase2_scraper:     Section dr_id: 5 radios, 0 checked
2025-12-11 15:59:29,946 [INFO] phase2_scraper:     Section sa_id: 9 radios, 1 checked
2025-12-11 15:59:37,550 [INFO] phase2_scraper:     Section sd_id: 15 radios, 1 checked
2025-12-11 15:59:40,791 [INFO] phase2_scraper:     Section e_id: 17 radios, 0 checked
2025-12-11 15:59:40,792 [INFO] phase2_scraper:     Section cm_id: 3 radios, 0 checked
2025-12-11 15:59:40,792 [INFO] phase2_scraper:   Found 2 modifier groups, 27 modifiers for dish 174290
2025-12-11 15:59:41,392 [INFO] phase2_scraper: Processing dish: Mushroom Caps Special HIDE (ID: 174291, combo=False)
2025-12-11 15:59:42,449 [INFO] phase2_scraper:   #groups has sections: ['br_id', 'ci_id', 'dr_id', 'sa_id', 'sd_id', 'e_id', 'cm_id']
2025-12-11 15:59:42,450 [INFO] phase2_scraper:     Section br_id: 4 radios, 0 checked
2025-12-11 15:59:42,450 [INFO] phase2_scraper:     Section ci_id: 17 radios, 0 checked
2025-12-11 15:59:42,451 [INFO] phase2_scraper:     Section dr_id: 5 radios, 0 checked
2025-12-11 15:59:42,452 [INFO] phase2_scraper:     Section sa_id: 9 radios, 0 checked
2025-12-11 15:59:42,453 [INFO] phase2_scraper:     Section sd_id: 15 radios, 0 checked
2025-12-11 15:59:42,454 [INFO] phase2_scraper:     Section e_id: 17 radios, 0 checked
2025-12-11 15:59:42,455 [INFO] phase2_scraper:     Section cm_id: 3 radios, 0 checked
2025-12-11 15:59:43,074 [INFO] phase2_scraper: Processing dish: Zucchini Sticks Special HIDE (ID: 174292, combo=False)
2025-12-11 15:59:44,268 [INFO] phase2_scraper:   #groups has sections: ['br_id', 'ci_id', 'dr_id', 'sa_id', 'sd_id', 'e_id', 'cm_id']
2025-12-11 15:59:44,269 [INFO] phase2_scraper:     Section br_id: 4 radios, 0 checked
2025-12-11 15:59:44,270 [INFO] phase2_scraper:     Section ci_id: 17 radios, 0 checked
2025-12-11 15:59:44,270 [INFO] phase2_scraper:     Section dr_id: 5 radios, 0 checked
2025-12-11 15:59:44,271 [INFO] phase2_scraper:     Section sa_id: 9 radios, 0 checked
2025-12-11 15:59:44,272 [INFO] phase2_scraper:     Section sd_id: 15 radios, 0 checked
2025-12-11 15:59:44,273 [INFO] phase2_scraper:     Section e_id: 17 radios, 0 checked
2025-12-11 15:59:44,274 [INFO] phase2_scraper:     Section cm_id: 3 radios, 0 checked
2025-12-11 15:59:44,892 [INFO] phase2_scraper: Processing dish: Pizza Bites Special HIDE (ID: 174293, combo=False)
2025-12-11 15:59:45,994 [INFO] phase2_scraper:   #groups has sections: ['br_id', 'ci_id', 'dr_id', 'sa_id', 'sd_id', 'e_id', 'cm_id']
2025-12-11 15:59:45,995 [INFO] phase2_scraper:     Section br_id: 4 radios, 0 checked
2025-12-11 15:59:45,996 [INFO] phase2_scraper:     Section ci_id: 17 radios, 0 checked
2025-12-11 15:59:45,997 [INFO] phase2_scraper:     Section dr_id: 5 radios, 0 checked
2025-12-11 15:59:45,998 [INFO] phase2_scraper:     Section sa_id: 9 radios, 0 checked
2025-12-11 15:59:45,999 [INFO] phase2_scraper:     Section sd_id: 15 radios, 0 checked
2025-12-11 15:59:46,000 [INFO] phase2_scraper:     Section e_id: 17 radios, 0 checked
2025-12-11 15:59:46,001 [INFO] phase2_scraper:     Section cm_id: 3 radios, 0 checked
2025-12-11 15:59:46,638 [INFO] phase2_scraper: Processing dish: Nachos (ID: 174294, combo=False)
2025-12-11 15:59:47,888 [INFO] phase2_scraper:   #groups has sections: ['br_id', 'ci_id', 'dr_id', 'sa_id', 'sd_id', 'e_id', 'cm_id']
2025-12-11 15:59:47,889 [INFO] phase2_scraper:     Section br_id: 4 radios, 0 checked
2025-12-11 15:59:47,890 [INFO] phase2_scraper:     Section ci_id: 17 radios, 1 checked
2025-12-11 16:00:08,889 [INFO] phase2_scraper:     Section dr_id: 5 radios, 0 checked
2025-12-11 16:00:08,890 [INFO] phase2_scraper:     Section sa_id: 9 radios, 0 checked
2025-12-11 16:00:08,891 [INFO] phase2_scraper:     Section sd_id: 15 radios, 0 checked
2025-12-11 16:00:08,892 [INFO] phase2_scraper:     Section e_id: 17 radios, 1 checked
2025-12-11 16:00:10,849 [INFO] phase2_scraper:     Section cm_id: 3 radios, 0 checked
2025-12-11 16:00:10,849 [INFO] phase2_scraper:   Found 2 modifier groups, 28 modifiers for dish 174294
2025-12-11 16:00:11,450 [INFO] phase2_scraper: Processing dish: Large Bag of our House Made Nacho Chips (200g) (ID: 174295, combo=False)
2025-12-11 16:00:12,528 [INFO] phase2_scraper:   #groups has sections: ['br_id', 'ci_id', 'dr_id', 'sa_id', 'sd_id', 'e_id', 'cm_id']
2025-12-11 16:00:12,529 [INFO] phase2_scraper:     Section br_id: 4 radios, 0 checked
2025-12-11 16:00:12,530 [INFO] phase2_scraper:     Section ci_id: 17 radios, 0 checked
2025-12-11 16:00:12,531 [INFO] phase2_scraper:     Section dr_id: 5 radios, 0 checked
2025-12-11 16:00:12,532 [INFO] phase2_scraper:     Section sa_id: 9 radios, 0 checked
2025-12-11 16:00:12,532 [INFO] phase2_scraper:     Section sd_id: 15 radios, 0 checked
2025-12-11 16:00:12,533 [INFO] phase2_scraper:     Section e_id: 17 radios, 1 checked
2025-12-11 16:00:14,633 [INFO] phase2_scraper:     Section cm_id: 3 radios, 0 checked
2025-12-11 16:00:14,634 [INFO] phase2_scraper:   Found 1 modifier groups, 5 modifiers for dish 174295
2025-12-11 16:00:15,241 [INFO] phase2_scraper: Processing dish: Fries (ID: 174296, combo=False)
2025-12-11 16:00:16,826 [INFO] phase2_scraper:   #groups has sections: ['br_id', 'ci_id', 'dr_id', 'sa_id', 'sd_id', 'e_id', 'cm_id']
2025-12-11 16:00:16,827 [INFO] phase2_scraper:     Section br_id: 4 radios, 0 checked
2025-12-11 16:00:16,828 [INFO] phase2_scraper:     Section ci_id: 17 radios, 1 checked
2025-12-11 16:00:19,135 [INFO] phase2_scraper:     Section dr_id: 5 radios, 0 checked
2025-12-11 16:00:19,136 [INFO] phase2_scraper:     Section sa_id: 9 radios, 0 checked
2025-12-11 16:00:19,137 [INFO] phase2_scraper:     Section sd_id: 15 radios, 0 checked
2025-12-11 16:00:19,137 [INFO] phase2_scraper:     Section e_id: 17 radios, 1 checked
2025-12-11 16:00:19,698 [INFO] phase2_scraper:     Section cm_id: 3 radios, 0 checked
2025-12-11 16:00:19,699 [INFO] phase2_scraper:   Found 2 modifier groups, 6 modifiers for dish 174296
2025-12-11 16:00:20,336 [INFO] phase2_scraper: Processing dish: Poutine (ID: 174297, combo=True)
2025-12-11 16:00:23,140 [INFO] phase2_scraper: Processing dish: Medium Nacho Fries HIDE (ID: 174298, combo=True)
2025-12-11 16:00:26,021 [INFO] phase2_scraper: Processing dish: Onion Rings HIDE (ID: 174299, combo=False)
2025-12-11 16:00:27,647 [INFO] phase2_scraper:   #groups has sections: ['br_id', 'ci_id', 'dr_id', 'sa_id', 'sd_id', 'e_id', 'cm_id']
2025-12-11 16:00:27,648 [INFO] phase2_scraper:     Section br_id: 4 radios, 0 checked
2025-12-11 16:00:27,648 [INFO] phase2_scraper:     Section ci_id: 17 radios, 0 checked
2025-12-11 16:00:27,649 [INFO] phase2_scraper:     Section dr_id: 5 radios, 0 checked
2025-12-11 16:00:27,650 [INFO] phase2_scraper:     Section sa_id: 9 radios, 0 checked
2025-12-11 16:00:27,651 [INFO] phase2_scraper:     Section sd_id: 15 radios, 0 checked
2025-12-11 16:00:27,651 [INFO] phase2_scraper:     Section e_id: 17 radios, 0 checked
2025-12-11 16:00:27,652 [INFO] phase2_scraper:     Section cm_id: 3 radios, 0 checked
2025-12-11 16:00:28,263 [INFO] phase2_scraper: Processing dish: Shredded Cheese Poutine HIDE (ID: 174300, combo=False)
2025-12-11 16:00:29,960 [INFO] phase2_scraper:   #groups has sections: ['br_id', 'ci_id', 'dr_id', 'sa_id', 'sd_id', 'e_id', 'cm_id']
2025-12-11 16:00:29,961 [INFO] phase2_scraper:     Section br_id: 4 radios, 0 checked
2025-12-11 16:00:29,962 [INFO] phase2_scraper:     Section ci_id: 17 radios, 1 checked
2025-12-11 16:00:32,922 [INFO] phase2_scraper:     Section dr_id: 5 radios, 0 checked
2025-12-11 16:00:32,923 [INFO] phase2_scraper:     Section sa_id: 9 radios, 1 checked
2025-12-11 16:00:33,436 [INFO] phase2_scraper:     Section sd_id: 15 radios, 0 checked
2025-12-11 16:00:33,437 [INFO] phase2_scraper:     Section e_id: 17 radios, 1 checked
2025-12-11 16:00:34,641 [INFO] phase2_scraper:     Section cm_id: 3 radios, 1 checked
2025-12-11 16:00:35,900 [INFO] phase2_scraper:   Found 4 modifier groups, 10 modifiers for dish 174300
2025-12-11 16:00:36,520 [INFO] phase2_scraper: Processing dish: Curd Cheese Poutine HIDE (ID: 174301, combo=False)
2025-12-11 16:00:38,191 [INFO] phase2_scraper:   #groups has sections: ['br_id', 'ci_id', 'dr_id', 'sa_id', 'sd_id', 'e_id', 'cm_id']
2025-12-11 16:00:38,192 [INFO] phase2_scraper:     Section br_id: 4 radios, 0 checked
2025-12-11 16:00:38,193 [INFO] phase2_scraper:     Section ci_id: 17 radios, 1 checked
2025-12-11 16:00:41,076 [INFO] phase2_scraper:     Section dr_id: 5 radios, 0 checked
2025-12-11 16:00:41,077 [INFO] phase2_scraper:     Section sa_id: 9 radios, 1 checked
2025-12-11 16:00:41,640 [INFO] phase2_scraper:     Section sd_id: 15 radios, 0 checked
2025-12-11 16:00:41,641 [INFO] phase2_scraper:     Section e_id: 17 radios, 1 checked
2025-12-11 16:00:42,907 [INFO] phase2_scraper:     Section cm_id: 3 radios, 1 checked
2025-12-11 16:00:44,172 [INFO] phase2_scraper:   Found 4 modifier groups, 10 modifiers for dish 174301
2025-12-11 16:00:44,785 [INFO] phase2_scraper: Processing dish: Mixed Cheese Poutine HIDE (ID: 174302, combo=False)
2025-12-11 16:00:46,459 [INFO] phase2_scraper:   #groups has sections: ['br_id', 'ci_id', 'dr_id', 'sa_id', 'sd_id', 'e_id', 'cm_id']
2025-12-11 16:00:46,460 [INFO] phase2_scraper:     Section br_id: 4 radios, 0 checked
2025-12-11 16:00:46,461 [INFO] phase2_scraper:     Section ci_id: 17 radios, 1 checked
2025-12-11 16:00:49,263 [INFO] phase2_scraper:     Section dr_id: 5 radios, 0 checked
2025-12-11 16:00:49,264 [INFO] phase2_scraper:     Section sa_id: 9 radios, 1 checked
2025-12-11 16:00:49,797 [INFO] phase2_scraper:     Section sd_id: 15 radios, 0 checked
2025-12-11 16:00:49,799 [INFO] phase2_scraper:     Section e_id: 17 radios, 1 checked
2025-12-11 16:00:51,094 [INFO] phase2_scraper:     Section cm_id: 3 radios, 1 checked
2025-12-11 16:00:52,305 [INFO] phase2_scraper:   Found 4 modifier groups, 10 modifiers for dish 174302
2025-12-11 16:00:52,913 [INFO] phase2_scraper: Processing dish: Buffalo Popcorn Chicken Poutine (ID: 174303, combo=True)
2025-12-11 16:00:56,093 [INFO] phase2_scraper: Processing dish: Dilly Poutine (ID: 174304, combo=True)
2025-12-11 16:00:58,774 [INFO] phase2_scraper: Processing dish: Chili Cheese Fries (ID: 174305, combo=True)
2025-12-11 16:01:01,295 [INFO] phase2_scraper: Processing dish: Butter Chicken Poutine (ID: 174306, combo=True)
2025-12-11 16:01:03,958 [INFO] phase2_scraper: Processing dish: East Coast Donair Poutine (ID: 174307, combo=True)
2025-12-11 16:01:06,659 [INFO] phase2_scraper: Processing dish: Cup and Char Pepperoni with Hot Honey Poutine (ID: 174308, combo=True)
2025-12-11 16:01:09,334 [INFO] phase2_scraper: Processing dish: Ultimate Bacon Poutine (ID: 174309, combo=True)
2025-12-11 16:01:12,116 [INFO] phase2_scraper: Processing dish: BBQ Bacon Cheese Burger Poutine (ID: 174310, combo=True)
2025-12-11 16:01:14,608 [INFO] phase2_scraper: Processing dish: Fish & Chips (ID: 174311, combo=True)
2025-12-11 16:01:16,737 [INFO] phase2_scraper: Processing dish: Fish & Chips with Poutine HIDE (ID: 174312, combo=True)
2025-12-11 16:01:19,216 [INFO] phase2_scraper: Processing dish: Fish & Chips Special HIDE (ID: 174313, combo=True)
2025-12-11 16:01:22,762 [INFO] phase2_scraper: Processing dish: Fish & Chips Special with Poutine HIDE (ID: 174314, combo=True)
2025-12-11 16:01:26,278 [INFO] phase2_scraper: Processing dish: NACHO Average Mac & Cheese HIDE (ID: 174315, combo=False)
2025-12-11 16:01:27,411 [INFO] phase2_scraper:   #groups has sections: ['br_id', 'ci_id', 'dr_id', 'sa_id', 'sd_id', 'e_id', 'cm_id']
2025-12-11 16:01:27,412 [INFO] phase2_scraper:     Section br_id: 4 radios, 0 checked
2025-12-11 16:01:27,413 [INFO] phase2_scraper:     Section ci_id: 17 radios, 0 checked
2025-12-11 16:01:27,413 [INFO] phase2_scraper:     Section dr_id: 5 radios, 0 checked
2025-12-11 16:01:27,414 [INFO] phase2_scraper:     Section sa_id: 9 radios, 1 checked
2025-12-11 16:01:34,443 [INFO] phase2_scraper:     Section sd_id: 15 radios, 0 checked
2025-12-11 16:01:34,444 [INFO] phase2_scraper:     Section e_id: 17 radios, 0 checked
2025-12-11 16:01:34,445 [INFO] phase2_scraper:     Section cm_id: 3 radios, 0 checked
2025-12-11 16:01:34,445 [INFO] phase2_scraper:   Found 1 modifier groups, 19 modifiers for dish 174315
2025-12-11 16:01:35,051 [INFO] phase2_scraper: Processing dish: Phyllo Bombs HIDE (ID: 174316, combo=False)
2025-12-11 16:01:36,118 [INFO] phase2_scraper:   #groups has sections: ['br_id', 'ci_id', 'dr_id', 'sa_id', 'sd_id', 'e_id', 'cm_id']
2025-12-11 16:01:36,119 [INFO] phase2_scraper:     Section br_id: 4 radios, 0 checked
2025-12-11 16:01:36,120 [INFO] phase2_scraper:     Section ci_id: 17 radios, 0 checked
2025-12-11 16:01:36,121 [INFO] phase2_scraper:     Section dr_id: 5 radios, 0 checked
2025-12-11 16:01:36,122 [INFO] phase2_scraper:     Section sa_id: 9 radios, 1 checked
2025-12-11 16:01:43,125 [INFO] phase2_scraper:     Section sd_id: 15 radios, 0 checked
2025-12-11 16:01:43,126 [INFO] phase2_scraper:     Section e_id: 17 radios, 0 checked
2025-12-11 16:01:43,127 [INFO] phase2_scraper:     Section cm_id: 3 radios, 0 checked
2025-12-11 16:01:43,127 [INFO] phase2_scraper:   Found 1 modifier groups, 19 modifiers for dish 174316
2025-12-11 16:01:43,733 [INFO] phase2_scraper: Processing dish: Pork Rinds HIDE (ID: 174317, combo=False)
2025-12-11 16:01:45,279 [INFO] phase2_scraper:   #groups has sections: ['br_id', 'ci_id', 'dr_id', 'sa_id', 'sd_id', 'e_id', 'cm_id']
2025-12-11 16:01:45,280 [INFO] phase2_scraper:     Section br_id: 4 radios, 0 checked
2025-12-11 16:01:45,280 [INFO] phase2_scraper:     Section ci_id: 17 radios, 0 checked
2025-12-11 16:01:45,281 [INFO] phase2_scraper:     Section dr_id: 5 radios, 0 checked
2025-12-11 16:01:45,282 [INFO] phase2_scraper:     Section sa_id: 9 radios, 0 checked
2025-12-11 16:01:45,283 [INFO] phase2_scraper:     Section sd_id: 15 radios, 0 checked
2025-12-11 16:01:45,284 [INFO] phase2_scraper:     Section e_id: 17 radios, 0 checked
2025-12-11 16:01:45,285 [INFO] phase2_scraper:     Section cm_id: 3 radios, 0 checked
2025-12-11 16:01:45,889 [INFO] phase2_scraper: Processing dish: Fried Dill Pickle Spears (ID: 174318, combo=False)
2025-12-11 16:01:47,124 [INFO] phase2_scraper:   #groups has sections: ['br_id', 'ci_id', 'dr_id', 'sa_id', 'sd_id', 'e_id', 'cm_id']
2025-12-11 16:01:47,126 [INFO] phase2_scraper:     Section br_id: 4 radios, 0 checked
2025-12-11 16:01:47,127 [INFO] phase2_scraper:     Section ci_id: 17 radios, 0 checked
2025-12-11 16:01:47,128 [INFO] phase2_scraper:     Section dr_id: 5 radios, 0 checked
2025-12-11 16:01:47,130 [INFO] phase2_scraper:     Section sa_id: 9 radios, 1 checked
2025-12-11 16:01:54,506 [INFO] phase2_scraper:     Section sd_id: 15 radios, 0 checked
2025-12-11 16:01:54,507 [INFO] phase2_scraper:     Section e_id: 17 radios, 0 checked
2025-12-11 16:01:54,508 [INFO] phase2_scraper:     Section cm_id: 3 radios, 0 checked
2025-12-11 16:01:54,508 [INFO] phase2_scraper:   Found 1 modifier groups, 19 modifiers for dish 174318
2025-12-11 16:01:55,117 [INFO] phase2_scraper: Processing dish: Toasted Sesame Bread Twists HIDE (ID: 174319, combo=False)
2025-12-11 16:01:56,200 [INFO] phase2_scraper:   #groups has sections: ['br_id', 'ci_id', 'dr_id', 'sa_id', 'sd_id', 'e_id', 'cm_id']
2025-12-11 16:01:56,201 [INFO] phase2_scraper:     Section br_id: 4 radios, 0 checked
2025-12-11 16:01:56,201 [INFO] phase2_scraper:     Section ci_id: 17 radios, 0 checked
2025-12-11 16:01:56,203 [INFO] phase2_scraper:     Section dr_id: 5 radios, 0 checked
2025-12-11 16:01:56,204 [INFO] phase2_scraper:     Section sa_id: 9 radios, 1 checked
2025-12-11 16:02:03,228 [INFO] phase2_scraper:     Section sd_id: 15 radios, 0 checked
2025-12-11 16:02:03,229 [INFO] phase2_scraper:     Section e_id: 17 radios, 0 checked
2025-12-11 16:02:03,230 [INFO] phase2_scraper:     Section cm_id: 3 radios, 0 checked
2025-12-11 16:02:03,231 [INFO] phase2_scraper:   Found 1 modifier groups, 19 modifiers for dish 174319
2025-12-11 16:02:03,839 [INFO] phase2_scraper: Processing dish: Mac and Cheese Bites (ID: 174320, combo=False)
2025-12-11 16:02:04,883 [INFO] phase2_scraper:   #groups has sections: ['br_id', 'ci_id', 'dr_id', 'sa_id', 'sd_id', 'e_id', 'cm_id']
2025-12-11 16:02:04,883 [INFO] phase2_scraper:     Section br_id: 4 radios, 0 checked
2025-12-11 16:02:04,884 [INFO] phase2_scraper:     Section ci_id: 17 radios, 0 checked
2025-12-11 16:02:04,885 [INFO] phase2_scraper:     Section dr_id: 5 radios, 0 checked
2025-12-11 16:02:04,886 [INFO] phase2_scraper:     Section sa_id: 9 radios, 1 checked
2025-12-11 16:02:11,781 [INFO] phase2_scraper:     Section sd_id: 15 radios, 0 checked
2025-12-11 16:02:11,782 [INFO] phase2_scraper:     Section e_id: 17 radios, 0 checked
2025-12-11 16:02:11,784 [INFO] phase2_scraper:     Section cm_id: 3 radios, 0 checked
2025-12-11 16:02:11,784 [INFO] phase2_scraper:   Found 1 modifier groups, 19 modifiers for dish 174320
2025-12-11 16:02:12,386 [INFO] phase2_scraper: Processing dish: Cool Ranch Dog HIDE (ID: 174321, combo=False)
2025-12-11 16:02:13,465 [INFO] phase2_scraper:   #groups has sections: ['br_id', 'ci_id', 'dr_id', 'sa_id', 'sd_id', 'e_id', 'cm_id']
2025-12-11 16:02:13,466 [INFO] phase2_scraper:     Section br_id: 4 radios, 0 checked
2025-12-11 16:02:13,467 [INFO] phase2_scraper:     Section ci_id: 17 radios, 0 checked
2025-12-11 16:02:13,468 [INFO] phase2_scraper:     Section dr_id: 5 radios, 0 checked
2025-12-11 16:02:13,469 [INFO] phase2_scraper:     Section sa_id: 9 radios, 0 checked
2025-12-11 16:02:13,469 [INFO] phase2_scraper:     Section sd_id: 15 radios, 0 checked
2025-12-11 16:02:13,470 [INFO] phase2_scraper:     Section e_id: 17 radios, 0 checked
2025-12-11 16:02:13,471 [INFO] phase2_scraper:     Section cm_id: 3 radios, 0 checked
2025-12-11 16:02:14,103 [INFO] phase2_scraper: Processing dish: Mushroom Caps HIDE (ID: 174322, combo=False)
2025-12-11 16:02:15,170 [INFO] phase2_scraper:   #groups has sections: ['br_id', 'ci_id', 'dr_id', 'sa_id', 'sd_id', 'e_id', 'cm_id']
2025-12-11 16:02:15,171 [INFO] phase2_scraper:     Section br_id: 4 radios, 0 checked
2025-12-11 16:02:15,171 [INFO] phase2_scraper:     Section ci_id: 17 radios, 0 checked
2025-12-11 16:02:15,172 [INFO] phase2_scraper:     Section dr_id: 5 radios, 0 checked
2025-12-11 16:02:15,173 [INFO] phase2_scraper:     Section sa_id: 9 radios, 1 checked
2025-12-11 16:02:22,055 [INFO] phase2_scraper:     Section sd_id: 15 radios, 0 checked
2025-12-11 16:02:22,056 [INFO] phase2_scraper:     Section e_id: 17 radios, 0 checked
2025-12-11 16:02:22,057 [INFO] phase2_scraper:     Section cm_id: 3 radios, 0 checked
2025-12-11 16:02:22,057 [INFO] phase2_scraper:   Found 1 modifier groups, 19 modifiers for dish 174322
2025-12-11 16:02:22,678 [INFO] phase2_scraper: Processing dish: Nuggies HIDE (ID: 174323, combo=False)
2025-12-11 16:02:23,754 [INFO] phase2_scraper:   #groups has sections: ['br_id', 'ci_id', 'dr_id', 'sa_id', 'sd_id', 'e_id', 'cm_id']
2025-12-11 16:02:23,755 [INFO] phase2_scraper:     Section br_id: 4 radios, 0 checked
2025-12-11 16:02:23,756 [INFO] phase2_scraper:     Section ci_id: 17 radios, 0 checked
2025-12-11 16:02:23,756 [INFO] phase2_scraper:     Section dr_id: 5 radios, 0 checked
2025-12-11 16:02:23,757 [INFO] phase2_scraper:     Section sa_id: 9 radios, 1 checked
2025-12-11 16:02:30,783 [INFO] phase2_scraper:     Section sd_id: 15 radios, 0 checked
2025-12-11 16:02:30,784 [INFO] phase2_scraper:     Section e_id: 17 radios, 0 checked
2025-12-11 16:02:30,785 [INFO] phase2_scraper:     Section cm_id: 3 radios, 0 checked
2025-12-11 16:02:30,786 [INFO] phase2_scraper:   Found 1 modifier groups, 19 modifiers for dish 174323
2025-12-11 16:02:31,413 [INFO] phase2_scraper: Processing dish: Fire Nuggies HIDE (ID: 174324, combo=False)
2025-12-11 16:02:32,506 [INFO] phase2_scraper:   #groups has sections: ['br_id', 'ci_id', 'dr_id', 'sa_id', 'sd_id', 'e_id', 'cm_id']
2025-12-11 16:02:32,507 [INFO] phase2_scraper:     Section br_id: 4 radios, 0 checked
2025-12-11 16:02:32,508 [INFO] phase2_scraper:     Section ci_id: 17 radios, 0 checked
2025-12-11 16:02:32,509 [INFO] phase2_scraper:     Section dr_id: 5 radios, 0 checked
2025-12-11 16:02:32,510 [INFO] phase2_scraper:     Section sa_id: 9 radios, 1 checked
2025-12-11 16:02:39,452 [INFO] phase2_scraper:     Section sd_id: 15 radios, 0 checked
2025-12-11 16:02:39,453 [INFO] phase2_scraper:     Section e_id: 17 radios, 0 checked
2025-12-11 16:02:39,454 [INFO] phase2_scraper:     Section cm_id: 3 radios, 0 checked
2025-12-11 16:02:39,455 [INFO] phase2_scraper:   Found 1 modifier groups, 19 modifiers for dish 174324
2025-12-11 16:02:40,061 [INFO] phase2_scraper: Processing dish: Roasted Garlic Wontons (ID: 174325, combo=False)
2025-12-11 16:02:41,211 [INFO] phase2_scraper:   #groups has sections: ['br_id', 'ci_id', 'dr_id', 'sa_id', 'sd_id', 'e_id', 'cm_id']
2025-12-11 16:02:41,212 [INFO] phase2_scraper:     Section br_id: 4 radios, 0 checked
2025-12-11 16:02:41,213 [INFO] phase2_scraper:     Section ci_id: 17 radios, 0 checked
2025-12-11 16:02:41,214 [INFO] phase2_scraper:     Section dr_id: 5 radios, 0 checked
2025-12-11 16:02:41,215 [INFO] phase2_scraper:     Section sa_id: 9 radios, 1 checked
2025-12-11 16:02:48,587 [INFO] phase2_scraper:     Section sd_id: 15 radios, 0 checked
2025-12-11 16:02:48,589 [INFO] phase2_scraper:     Section e_id: 17 radios, 0 checked
2025-12-11 16:02:48,590 [INFO] phase2_scraper:     Section cm_id: 3 radios, 0 checked
2025-12-11 16:02:48,591 [INFO] phase2_scraper:   Found 1 modifier groups, 19 modifiers for dish 174325
2025-12-11 16:02:49,192 [INFO] phase2_scraper: Processing dish: Buffalo Chicken Dippers HIDE (ID: 174326, combo=False)
2025-12-11 16:02:50,305 [INFO] phase2_scraper:   #groups has sections: ['br_id', 'ci_id', 'dr_id', 'sa_id', 'sd_id', 'e_id', 'cm_id']
2025-12-11 16:02:50,306 [INFO] phase2_scraper:     Section br_id: 4 radios, 0 checked
2025-12-11 16:02:50,307 [INFO] phase2_scraper:     Section ci_id: 17 radios, 0 checked
2025-12-11 16:02:50,308 [INFO] phase2_scraper:     Section dr_id: 5 radios, 0 checked
2025-12-11 16:02:50,309 [INFO] phase2_scraper:     Section sa_id: 9 radios, 1 checked
2025-12-11 16:02:57,343 [INFO] phase2_scraper:     Section sd_id: 15 radios, 0 checked
2025-12-11 16:02:57,344 [INFO] phase2_scraper:     Section e_id: 17 radios, 0 checked
2025-12-11 16:02:57,345 [INFO] phase2_scraper:     Section cm_id: 3 radios, 0 checked
2025-12-11 16:02:57,345 [INFO] phase2_scraper:   Found 1 modifier groups, 19 modifiers for dish 174326
2025-12-11 16:02:57,946 [INFO] phase2_scraper: Processing dish: Garlic Parmesan Bites (ID: 174327, combo=False)
2025-12-11 16:02:58,994 [INFO] phase2_scraper:   #groups has sections: ['br_id', 'ci_id', 'dr_id', 'sa_id', 'sd_id', 'e_id', 'cm_id']
2025-12-11 16:02:58,995 [INFO] phase2_scraper:     Section br_id: 4 radios, 0 checked
2025-12-11 16:02:58,996 [INFO] phase2_scraper:     Section ci_id: 17 radios, 0 checked
2025-12-11 16:02:58,998 [INFO] phase2_scraper:     Section dr_id: 5 radios, 0 checked
2025-12-11 16:02:58,999 [INFO] phase2_scraper:     Section sa_id: 9 radios, 1 checked
2025-12-11 16:03:05,848 [INFO] phase2_scraper:     Section sd_id: 15 radios, 0 checked
2025-12-11 16:03:05,849 [INFO] phase2_scraper:     Section e_id: 17 radios, 0 checked
2025-12-11 16:03:05,851 [INFO] phase2_scraper:     Section cm_id: 3 radios, 0 checked
2025-12-11 16:03:05,851 [INFO] phase2_scraper:   Found 1 modifier groups, 19 modifiers for dish 174327
2025-12-11 16:03:06,468 [INFO] phase2_scraper: Processing dish: 3 Cheese Garlic Fingers (ID: 174328, combo=False)
2025-12-11 16:03:07,562 [INFO] phase2_scraper:   #groups has sections: ['br_id', 'ci_id', 'dr_id', 'sa_id', 'sd_id', 'e_id', 'cm_id']
2025-12-11 16:03:07,563 [INFO] phase2_scraper:     Section br_id: 4 radios, 0 checked
2025-12-11 16:03:07,564 [INFO] phase2_scraper:     Section ci_id: 17 radios, 0 checked
2025-12-11 16:03:07,565 [INFO] phase2_scraper:     Section dr_id: 5 radios, 0 checked
2025-12-11 16:03:07,566 [INFO] phase2_scraper:     Section sa_id: 9 radios, 1 checked
2025-12-11 16:03:14,712 [INFO] phase2_scraper:     Section sd_id: 15 radios, 0 checked
2025-12-11 16:03:14,713 [INFO] phase2_scraper:     Section e_id: 17 radios, 1 checked
2025-12-11 16:03:15,953 [INFO] phase2_scraper:     Section cm_id: 3 radios, 0 checked
2025-12-11 16:03:15,953 [INFO] phase2_scraper:   Found 2 modifier groups, 22 modifiers for dish 174328
2025-12-11 16:03:16,582 [INFO] phase2_scraper: Processing dish: Fried Dill Pickle HIDE (ID: 174329, combo=False)
2025-12-11 16:03:17,641 [INFO] phase2_scraper:   #groups has sections: ['br_id', 'ci_id', 'dr_id', 'sa_id', 'sd_id', 'e_id', 'cm_id']
2025-12-11 16:03:17,642 [INFO] phase2_scraper:     Section br_id: 4 radios, 0 checked
2025-12-11 16:03:17,643 [INFO] phase2_scraper:     Section ci_id: 17 radios, 0 checked
2025-12-11 16:03:17,644 [INFO] phase2_scraper:     Section dr_id: 5 radios, 0 checked
2025-12-11 16:03:17,645 [INFO] phase2_scraper:     Section sa_id: 9 radios, 1 checked
2025-12-11 16:03:24,691 [INFO] phase2_scraper:     Section sd_id: 15 radios, 0 checked
2025-12-11 16:03:24,692 [INFO] phase2_scraper:     Section e_id: 17 radios, 0 checked
2025-12-11 16:03:24,693 [INFO] phase2_scraper:     Section cm_id: 3 radios, 0 checked
2025-12-11 16:03:24,693 [INFO] phase2_scraper:   Found 1 modifier groups, 19 modifiers for dish 174329
2025-12-11 16:03:25,299 [INFO] phase2_scraper: Processing dish: House Made Stuffed Garlic Bread Sticks HIDE (ID: 174330, combo=False)
2025-12-11 16:03:26,353 [INFO] phase2_scraper:   #groups has sections: ['br_id', 'ci_id', 'dr_id', 'sa_id', 'sd_id', 'e_id', 'cm_id']
2025-12-11 16:03:26,354 [INFO] phase2_scraper:     Section br_id: 4 radios, 0 checked
2025-12-11 16:03:26,355 [INFO] phase2_scraper:     Section ci_id: 17 radios, 0 checked
2025-12-11 16:03:26,356 [INFO] phase2_scraper:     Section dr_id: 5 radios, 0 checked
2025-12-11 16:03:26,357 [INFO] phase2_scraper:     Section sa_id: 9 radios, 1 checked
2025-12-11 16:03:33,259 [INFO] phase2_scraper:     Section sd_id: 15 radios, 0 checked
2025-12-11 16:03:33,260 [INFO] phase2_scraper:     Section e_id: 17 radios, 0 checked
2025-12-11 16:03:33,261 [INFO] phase2_scraper:     Section cm_id: 3 radios, 0 checked
2025-12-11 16:03:33,261 [INFO] phase2_scraper:   Found 1 modifier groups, 19 modifiers for dish 174330
2025-12-11 16:03:33,878 [INFO] phase2_scraper: Processing dish: Mozzarella Sticks (ID: 174331, combo=False)
2025-12-11 16:03:34,957 [INFO] phase2_scraper:   #groups has sections: ['br_id', 'ci_id', 'dr_id', 'sa_id', 'sd_id', 'e_id', 'cm_id']
2025-12-11 16:03:34,958 [INFO] phase2_scraper:     Section br_id: 4 radios, 0 checked
2025-12-11 16:03:34,959 [INFO] phase2_scraper:     Section ci_id: 17 radios, 0 checked
2025-12-11 16:03:34,960 [INFO] phase2_scraper:     Section dr_id: 5 radios, 0 checked
2025-12-11 16:03:34,961 [INFO] phase2_scraper:     Section sa_id: 9 radios, 1 checked
2025-12-11 16:03:41,810 [INFO] phase2_scraper:     Section sd_id: 15 radios, 0 checked
2025-12-11 16:03:41,811 [INFO] phase2_scraper:     Section e_id: 17 radios, 0 checked
2025-12-11 16:03:41,812 [INFO] phase2_scraper:     Section cm_id: 3 radios, 0 checked
2025-12-11 16:03:41,812 [INFO] phase2_scraper:   Found 1 modifier groups, 19 modifiers for dish 174331
2025-12-11 16:03:42,415 [INFO] phase2_scraper: Processing dish: Joes Corn Chip Dogs HIDE (ID: 174332, combo=False)
2025-12-11 16:03:43,460 [INFO] phase2_scraper:   #groups has sections: ['br_id', 'ci_id', 'dr_id', 'sa_id', 'sd_id', 'e_id', 'cm_id']
2025-12-11 16:03:43,461 [INFO] phase2_scraper:     Section br_id: 4 radios, 0 checked
2025-12-11 16:03:43,461 [INFO] phase2_scraper:     Section ci_id: 17 radios, 0 checked
2025-12-11 16:03:43,462 [INFO] phase2_scraper:     Section dr_id: 5 radios, 0 checked
2025-12-11 16:03:43,463 [INFO] phase2_scraper:     Section sa_id: 9 radios, 0 checked
2025-12-11 16:03:43,464 [INFO] phase2_scraper:     Section sd_id: 15 radios, 0 checked
2025-12-11 16:03:43,465 [INFO] phase2_scraper:     Section e_id: 17 radios, 0 checked
2025-12-11 16:03:43,466 [INFO] phase2_scraper:     Section cm_id: 3 radios, 0 checked
2025-12-11 16:03:44,064 [INFO] phase2_scraper: Processing dish: Buy 3 Appetizers Get 4th Free CLICK HERE HIDE (ID: 174333, combo=False)
2025-12-11 16:03:45,120 [INFO] phase2_scraper:   #groups has sections: ['br_id', 'ci_id', 'dr_id', 'sa_id', 'sd_id', 'e_id', 'cm_id']
2025-12-11 16:03:45,121 [INFO] phase2_scraper:     Section br_id: 4 radios, 0 checked
2025-12-11 16:03:45,121 [INFO] phase2_scraper:     Section ci_id: 17 radios, 0 checked
2025-12-11 16:03:45,122 [INFO] phase2_scraper:     Section dr_id: 5 radios, 0 checked
2025-12-11 16:03:45,124 [INFO] phase2_scraper:     Section sa_id: 9 radios, 1 checked
2025-12-11 16:03:52,418 [INFO] phase2_scraper:     Section sd_id: 15 radios, 1 checked
2025-12-11 16:03:54,821 [INFO] phase2_scraper:     Section e_id: 17 radios, 0 checked
2025-12-11 16:03:54,822 [INFO] phase2_scraper:     Section cm_id: 3 radios, 0 checked
2025-12-11 16:03:54,822 [INFO] phase2_scraper:   Found 2 modifier groups, 25 modifiers for dish 174333
2025-12-11 16:03:55,427 [INFO] phase2_scraper: Processing dish: 3 Cheese Spinach Dip HIDE (ID: 174334, combo=False)
2025-12-11 16:03:56,510 [INFO] phase2_scraper:   #groups has sections: ['br_id', 'ci_id', 'dr_id', 'sa_id', 'sd_id', 'e_id', 'cm_id']
2025-12-11 16:03:56,511 [INFO] phase2_scraper:     Section br_id: 4 radios, 0 checked
2025-12-11 16:03:56,512 [INFO] phase2_scraper:     Section ci_id: 17 radios, 0 checked
2025-12-11 16:03:56,513 [INFO] phase2_scraper:     Section dr_id: 5 radios, 0 checked
2025-12-11 16:03:56,514 [INFO] phase2_scraper:     Section sa_id: 9 radios, 0 checked
2025-12-11 16:03:56,515 [INFO] phase2_scraper:     Section sd_id: 15 radios, 0 checked
2025-12-11 16:03:56,516 [INFO] phase2_scraper:     Section e_id: 17 radios, 0 checked
2025-12-11 16:03:56,517 [INFO] phase2_scraper:     Section cm_id: 3 radios, 0 checked
2025-12-11 16:03:57,130 [INFO] phase2_scraper: Processing dish: Bag of Potato Chips HIDE (ID: 174335, combo=False)
2025-12-11 16:03:58,700 [INFO] phase2_scraper:   #groups has sections: ['br_id', 'ci_id', 'dr_id', 'sa_id', 'sd_id', 'e_id', 'cm_id']
2025-12-11 16:03:58,701 [INFO] phase2_scraper:     Section br_id: 4 radios, 0 checked
2025-12-11 16:03:58,703 [INFO] phase2_scraper:     Section ci_id: 17 radios, 0 checked
2025-12-11 16:03:58,704 [INFO] phase2_scraper:     Section dr_id: 5 radios, 0 checked
2025-12-11 16:03:58,705 [INFO] phase2_scraper:     Section sa_id: 9 radios, 0 checked
2025-12-11 16:03:58,705 [INFO] phase2_scraper:     Section sd_id: 15 radios, 0 checked
2025-12-11 16:03:58,706 [INFO] phase2_scraper:     Section e_id: 17 radios, 0 checked
2025-12-11 16:03:58,707 [INFO] phase2_scraper:     Section cm_id: 3 radios, 0 checked
2025-12-11 16:03:59,318 [INFO] phase2_scraper: Processing dish: Garlic Parmesan Bites (1 pound) HIDE (ID: 174336, combo=False)
2025-12-11 16:04:00,404 [INFO] phase2_scraper:   #groups has sections: ['br_id', 'ci_id', 'dr_id', 'sa_id', 'sd_id', 'e_id', 'cm_id']
2025-12-11 16:04:00,405 [INFO] phase2_scraper:     Section br_id: 4 radios, 0 checked
2025-12-11 16:04:00,406 [INFO] phase2_scraper:     Section ci_id: 17 radios, 0 checked
2025-12-11 16:04:00,408 [INFO] phase2_scraper:     Section dr_id: 5 radios, 0 checked
2025-12-11 16:04:00,409 [INFO] phase2_scraper:     Section sa_id: 9 radios, 1 checked
2025-12-11 16:04:07,253 [INFO] phase2_scraper:     Section sd_id: 15 radios, 0 checked
2025-12-11 16:04:07,255 [INFO] phase2_scraper:     Section e_id: 17 radios, 0 checked
2025-12-11 16:04:07,257 [INFO] phase2_scraper:     Section cm_id: 3 radios, 0 checked
2025-12-11 16:04:07,258 [INFO] phase2_scraper:   Found 1 modifier groups, 19 modifiers for dish 174336
2025-12-11 16:04:07,872 [INFO] phase2_scraper: Processing dish: Perogies (ID: 174337, combo=False)
2025-12-11 16:04:08,924 [INFO] phase2_scraper:   #groups has sections: ['br_id', 'ci_id', 'dr_id', 'sa_id', 'sd_id', 'e_id', 'cm_id']
2025-12-11 16:04:08,925 [INFO] phase2_scraper:     Section br_id: 4 radios, 0 checked
2025-12-11 16:04:08,926 [INFO] phase2_scraper:     Section ci_id: 17 radios, 0 checked
2025-12-11 16:04:08,927 [INFO] phase2_scraper:     Section dr_id: 5 radios, 0 checked
2025-12-11 16:04:08,928 [INFO] phase2_scraper:     Section sa_id: 9 radios, 0 checked
2025-12-11 16:04:08,929 [INFO] phase2_scraper:     Section sd_id: 15 radios, 0 checked
2025-12-11 16:04:08,930 [INFO] phase2_scraper:     Section e_id: 17 radios, 0 checked
2025-12-11 16:04:08,931 [INFO] phase2_scraper:     Section cm_id: 3 radios, 0 checked
2025-12-11 16:04:09,538 [INFO] phase2_scraper: Processing dish: Mushroom Caps HIDE (ID: 174338, combo=False)
2025-12-11 16:04:10,642 [INFO] phase2_scraper:   #groups has sections: ['br_id', 'ci_id', 'dr_id', 'sa_id', 'sd_id', 'e_id', 'cm_id']
2025-12-11 16:04:10,642 [INFO] phase2_scraper:     Section br_id: 4 radios, 0 checked
2025-12-11 16:04:10,643 [INFO] phase2_scraper:     Section ci_id: 17 radios, 0 checked
2025-12-11 16:04:10,644 [INFO] phase2_scraper:     Section dr_id: 5 radios, 0 checked
2025-12-11 16:04:10,645 [INFO] phase2_scraper:     Section sa_id: 9 radios, 1 checked
2025-12-11 16:04:17,557 [INFO] phase2_scraper:     Section sd_id: 15 radios, 0 checked
2025-12-11 16:04:17,558 [INFO] phase2_scraper:     Section e_id: 17 radios, 0 checked
2025-12-11 16:04:17,559 [INFO] phase2_scraper:     Section cm_id: 3 radios, 0 checked
2025-12-11 16:04:17,560 [INFO] phase2_scraper:   Found 1 modifier groups, 19 modifiers for dish 174338
2025-12-11 16:04:18,166 [INFO] phase2_scraper: Processing dish: Zucchini Sticks HIDE (ID: 174339, combo=False)
2025-12-11 16:04:19,275 [INFO] phase2_scraper:   #groups has sections: ['br_id', 'ci_id', 'dr_id', 'sa_id', 'sd_id', 'e_id', 'cm_id']
2025-12-11 16:04:19,277 [INFO] phase2_scraper:     Section br_id: 4 radios, 0 checked
2025-12-11 16:04:19,277 [INFO] phase2_scraper:     Section ci_id: 17 radios, 0 checked
2025-12-11 16:04:19,278 [INFO] phase2_scraper:     Section dr_id: 5 radios, 0 checked
2025-12-11 16:04:19,279 [INFO] phase2_scraper:     Section sa_id: 9 radios, 1 checked
2025-12-11 16:04:26,072 [INFO] phase2_scraper:     Section sd_id: 15 radios, 0 checked
2025-12-11 16:04:26,073 [INFO] phase2_scraper:     Section e_id: 17 radios, 0 checked
2025-12-11 16:04:26,074 [INFO] phase2_scraper:     Section cm_id: 3 radios, 0 checked
2025-12-11 16:04:26,074 [INFO] phase2_scraper:   Found 1 modifier groups, 19 modifiers for dish 174339
2025-12-11 16:04:26,678 [INFO] phase2_scraper: Processing dish: Jalapeno Poppers (ID: 174340, combo=False)
2025-12-11 16:04:27,767 [INFO] phase2_scraper:   #groups has sections: ['br_id', 'ci_id', 'dr_id', 'sa_id', 'sd_id', 'e_id', 'cm_id']
2025-12-11 16:04:27,768 [INFO] phase2_scraper:     Section br_id: 4 radios, 0 checked
2025-12-11 16:04:27,769 [INFO] phase2_scraper:     Section ci_id: 17 radios, 0 checked
2025-12-11 16:04:27,770 [INFO] phase2_scraper:     Section dr_id: 5 radios, 0 checked
2025-12-11 16:04:27,771 [INFO] phase2_scraper:     Section sa_id: 9 radios, 1 checked
2025-12-11 16:04:34,723 [INFO] phase2_scraper:     Section sd_id: 15 radios, 0 checked
2025-12-11 16:04:34,724 [INFO] phase2_scraper:     Section e_id: 17 radios, 0 checked
2025-12-11 16:04:34,725 [INFO] phase2_scraper:     Section cm_id: 3 radios, 0 checked
2025-12-11 16:04:34,726 [INFO] phase2_scraper:   Found 1 modifier groups, 19 modifiers for dish 174340
2025-12-11 16:04:35,354 [INFO] phase2_scraper: Processing dish: Pizza Pillows HIDE (ID: 174341, combo=False)
2025-12-11 16:04:36,937 [INFO] phase2_scraper:   #groups has sections: ['br_id', 'ci_id', 'dr_id', 'sa_id', 'sd_id', 'e_id', 'cm_id']
2025-12-11 16:04:36,938 [INFO] phase2_scraper:     Section br_id: 4 radios, 0 checked
2025-12-11 16:04:36,939 [INFO] phase2_scraper:     Section ci_id: 17 radios, 0 checked
2025-12-11 16:04:36,939 [INFO] phase2_scraper:     Section dr_id: 5 radios, 0 checked
2025-12-11 16:04:36,940 [INFO] phase2_scraper:     Section sa_id: 9 radios, 1 checked
2025-12-11 16:04:43,849 [INFO] phase2_scraper:     Section sd_id: 15 radios, 0 checked
2025-12-11 16:04:43,850 [INFO] phase2_scraper:     Section e_id: 17 radios, 0 checked
2025-12-11 16:04:43,851 [INFO] phase2_scraper:     Section cm_id: 3 radios, 0 checked
2025-12-11 16:04:43,852 [INFO] phase2_scraper:   Found 1 modifier groups, 19 modifiers for dish 174341
2025-12-11 16:04:44,457 [INFO] phase2_scraper: Processing dish: Fried Cheese Curds HIDE (ID: 174342, combo=False)
2025-12-11 16:04:45,538 [INFO] phase2_scraper:   #groups has sections: ['br_id', 'ci_id', 'dr_id', 'sa_id', 'sd_id', 'e_id', 'cm_id']
2025-12-11 16:04:45,538 [INFO] phase2_scraper:     Section br_id: 4 radios, 0 checked
2025-12-11 16:04:45,539 [INFO] phase2_scraper:     Section ci_id: 17 radios, 0 checked
2025-12-11 16:04:45,540 [INFO] phase2_scraper:     Section dr_id: 5 radios, 0 checked
2025-12-11 16:04:45,541 [INFO] phase2_scraper:     Section sa_id: 9 radios, 1 checked
2025-12-11 16:04:52,567 [INFO] phase2_scraper:     Section sd_id: 15 radios, 0 checked
2025-12-11 16:04:52,569 [INFO] phase2_scraper:     Section e_id: 17 radios, 1 checked
2025-12-11 16:04:54,008 [INFO] phase2_scraper:     Section cm_id: 3 radios, 0 checked
2025-12-11 16:04:54,008 [INFO] phase2_scraper:   Found 2 modifier groups, 22 modifiers for dish 174342
2025-12-11 16:04:54,625 [INFO] phase2_scraper: Processing dish: Garlic Bread HIDE (ID: 174343, combo=False)
2025-12-11 16:04:55,689 [INFO] phase2_scraper:   #groups has sections: ['br_id', 'ci_id', 'dr_id', 'sa_id', 'sd_id', 'e_id', 'cm_id']
2025-12-11 16:04:55,690 [INFO] phase2_scraper:     Section br_id: 4 radios, 0 checked
2025-12-11 16:04:55,691 [INFO] phase2_scraper:     Section ci_id: 17 radios, 0 checked
2025-12-11 16:04:55,692 [INFO] phase2_scraper:     Section dr_id: 5 radios, 0 checked
2025-12-11 16:04:55,694 [INFO] phase2_scraper:     Section sa_id: 9 radios, 1 checked
2025-12-11 16:05:02,860 [INFO] phase2_scraper:     Section sd_id: 15 radios, 0 checked
2025-12-11 16:05:02,862 [INFO] phase2_scraper:     Section e_id: 17 radios, 0 checked
2025-12-11 16:05:02,863 [INFO] phase2_scraper:     Section cm_id: 3 radios, 0 checked
2025-12-11 16:05:02,863 [INFO] phase2_scraper:   Found 1 modifier groups, 19 modifiers for dish 174343
2025-12-11 16:05:03,475 [INFO] phase2_scraper: Processing dish: Bruschetta Flatbread HIDE (ID: 174344, combo=False)
2025-12-11 16:05:04,633 [INFO] phase2_scraper:   #groups has sections: ['br_id', 'ci_id', 'dr_id', 'sa_id', 'sd_id', 'e_id', 'cm_id']
2025-12-11 16:05:04,635 [INFO] phase2_scraper:     Section br_id: 4 radios, 0 checked
2025-12-11 16:05:04,637 [INFO] phase2_scraper:     Section ci_id: 17 radios, 1 checked
2025-12-11 16:05:05,189 [INFO] phase2_scraper:     Section dr_id: 5 radios, 0 checked
2025-12-11 16:05:05,191 [INFO] phase2_scraper:     Section sa_id: 9 radios, 0 checked
2025-12-11 16:05:05,192 [INFO] phase2_scraper:     Section sd_id: 15 radios, 0 checked
2025-12-11 16:05:05,193 [INFO] phase2_scraper:     Section e_id: 17 radios, 0 checked
2025-12-11 16:05:05,194 [INFO] phase2_scraper:     Section cm_id: 3 radios, 0 checked
2025-12-11 16:05:05,194 [INFO] phase2_scraper:   Found 1 modifier groups, 1 modifiers for dish 174344
2025-12-11 16:05:05,792 [INFO] phase2_scraper: Processing dish: Dipping Sauce HIDE (ID: 174345, combo=False)
2025-12-11 16:05:07,372 [INFO] phase2_scraper:   #groups has sections: ['br_id', 'ci_id', 'dr_id', 'sa_id', 'sd_id', 'e_id', 'cm_id']
2025-12-11 16:05:07,373 [INFO] phase2_scraper:     Section br_id: 4 radios, 0 checked
2025-12-11 16:05:07,373 [INFO] phase2_scraper:     Section ci_id: 17 radios, 0 checked
2025-12-11 16:05:07,374 [INFO] phase2_scraper:     Section dr_id: 5 radios, 0 checked
2025-12-11 16:05:07,375 [INFO] phase2_scraper:     Section sa_id: 9 radios, 0 checked
2025-12-11 16:05:07,376 [INFO] phase2_scraper:     Section sd_id: 15 radios, 0 checked
2025-12-11 16:05:07,376 [INFO] phase2_scraper:     Section e_id: 17 radios, 0 checked
2025-12-11 16:05:07,377 [INFO] phase2_scraper:     Section cm_id: 3 radios, 0 checked
2025-12-11 16:05:08,007 [INFO] phase2_scraper: Processing dish: Cauliflower Bites HIDE (ID: 174346, combo=False)
2025-12-11 16:05:09,092 [INFO] phase2_scraper:   #groups has sections: ['br_id', 'ci_id', 'dr_id', 'sa_id', 'sd_id', 'e_id', 'cm_id']
2025-12-11 16:05:09,093 [INFO] phase2_scraper:     Section br_id: 4 radios, 0 checked
2025-12-11 16:05:09,094 [INFO] phase2_scraper:     Section ci_id: 17 radios, 0 checked
2025-12-11 16:05:09,095 [INFO] phase2_scraper:     Section dr_id: 5 radios, 0 checked
2025-12-11 16:05:09,096 [INFO] phase2_scraper:     Section sa_id: 9 radios, 0 checked
2025-12-11 16:05:09,096 [INFO] phase2_scraper:     Section sd_id: 15 radios, 0 checked
2025-12-11 16:05:09,097 [INFO] phase2_scraper:     Section e_id: 17 radios, 0 checked
2025-12-11 16:05:09,098 [INFO] phase2_scraper:     Section cm_id: 3 radios, 0 checked
2025-12-11 16:05:09,700 [INFO] phase2_scraper: Processing dish: Toasted 3 Cheese Ravioli HIDE (ID: 174347, combo=False)
2025-12-11 16:05:10,767 [INFO] phase2_scraper:   #groups has sections: ['br_id', 'ci_id', 'dr_id', 'sa_id', 'sd_id', 'e_id', 'cm_id']
2025-12-11 16:05:10,768 [INFO] phase2_scraper:     Section br_id: 4 radios, 0 checked
2025-12-11 16:05:10,768 [INFO] phase2_scraper:     Section ci_id: 17 radios, 0 checked
2025-12-11 16:05:10,769 [INFO] phase2_scraper:     Section dr_id: 5 radios, 0 checked
2025-12-11 16:05:10,770 [INFO] phase2_scraper:     Section sa_id: 9 radios, 0 checked
2025-12-11 16:05:10,771 [INFO] phase2_scraper:     Section sd_id: 15 radios, 0 checked
2025-12-11 16:05:10,771 [INFO] phase2_scraper:     Section e_id: 17 radios, 0 checked
2025-12-11 16:05:10,772 [INFO] phase2_scraper:     Section cm_id: 3 radios, 0 checked
2025-12-11 16:05:11,389 [INFO] phase2_scraper: Processing dish: Popcorn Sausage (1/2 lb) HIDE (ID: 174348, combo=False)
2025-12-11 16:05:12,602 [INFO] phase2_scraper:   #groups has sections: ['br_id', 'ci_id', 'dr_id', 'sa_id', 'sd_id', 'e_id', 'cm_id']
2025-12-11 16:05:12,603 [INFO] phase2_scraper:     Section br_id: 4 radios, 0 checked
2025-12-11 16:05:12,604 [INFO] phase2_scraper:     Section ci_id: 17 radios, 0 checked
2025-12-11 16:05:12,605 [INFO] phase2_scraper:     Section dr_id: 5 radios, 0 checked
2025-12-11 16:05:12,606 [INFO] phase2_scraper:     Section sa_id: 9 radios, 1 checked
2025-12-11 16:05:19,519 [INFO] phase2_scraper:     Section sd_id: 15 radios, 0 checked
2025-12-11 16:05:19,520 [INFO] phase2_scraper:     Section e_id: 17 radios, 0 checked
2025-12-11 16:05:19,521 [INFO] phase2_scraper:     Section cm_id: 3 radios, 0 checked
2025-12-11 16:05:19,522 [INFO] phase2_scraper:   Found 1 modifier groups, 19 modifiers for dish 174348
2025-12-11 16:05:20,238 [INFO] phase2_scraper: Processing dish: House made dipping sauce sampler (ID: 174349, combo=False)
2025-12-11 16:05:21,364 [INFO] phase2_scraper:   #groups has sections: ['br_id', 'ci_id', 'dr_id', 'sa_id', 'sd_id', 'e_id', 'cm_id']
2025-12-11 16:05:21,366 [INFO] phase2_scraper:     Section br_id: 4 radios, 0 checked
2025-12-11 16:05:21,367 [INFO] phase2_scraper:     Section ci_id: 17 radios, 0 checked
2025-12-11 16:05:21,367 [INFO] phase2_scraper:     Section dr_id: 5 radios, 0 checked
2025-12-11 16:05:21,368 [INFO] phase2_scraper:     Section sa_id: 9 radios, 0 checked
2025-12-11 16:05:21,369 [INFO] phase2_scraper:     Section sd_id: 15 radios, 0 checked
2025-12-11 16:05:21,370 [INFO] phase2_scraper:     Section e_id: 17 radios, 0 checked
2025-12-11 16:05:21,371 [INFO] phase2_scraper:     Section cm_id: 3 radios, 0 checked
2025-12-11 16:05:21,990 [INFO] phase2_scraper: Processing dish: House made BOOM BOOM Sauce (scratch made) (ID: 174350, combo=False)
2025-12-11 16:05:23,899 [INFO] phase2_scraper:   #groups has sections: ['br_id', 'ci_id', 'dr_id', 'sa_id', 'sd_id', 'e_id', 'cm_id']
2025-12-11 16:05:23,900 [INFO] phase2_scraper:     Section br_id: 4 radios, 0 checked
2025-12-11 16:05:23,901 [INFO] phase2_scraper:     Section ci_id: 17 radios, 0 checked
2025-12-11 16:05:23,902 [INFO] phase2_scraper:     Section dr_id: 5 radios, 0 checked
2025-12-11 16:05:23,903 [INFO] phase2_scraper:     Section sa_id: 9 radios, 0 checked
2025-12-11 16:05:23,903 [INFO] phase2_scraper:     Section sd_id: 15 radios, 0 checked
2025-12-11 16:05:23,904 [INFO] phase2_scraper:     Section e_id: 17 radios, 0 checked
2025-12-11 16:05:23,905 [INFO] phase2_scraper:     Section cm_id: 3 radios, 0 checked
2025-12-11 16:05:24,518 [INFO] phase2_scraper: Processing dish: House made roasted garlic everything sauce (ID: 174351, combo=False)
2025-12-11 16:05:25,772 [INFO] phase2_scraper:   #groups has sections: ['br_id', 'ci_id', 'dr_id', 'sa_id', 'sd_id', 'e_id', 'cm_id']
2025-12-11 16:05:25,772 [INFO] phase2_scraper:     Section br_id: 4 radios, 0 checked
2025-12-11 16:05:25,773 [INFO] phase2_scraper:     Section ci_id: 17 radios, 0 checked
2025-12-11 16:05:25,774 [INFO] phase2_scraper:     Section dr_id: 5 radios, 0 checked
2025-12-11 16:05:25,776 [INFO] phase2_scraper:     Section sa_id: 9 radios, 0 checked
2025-12-11 16:05:25,776 [INFO] phase2_scraper:     Section sd_id: 15 radios, 0 checked
2025-12-11 16:05:25,777 [INFO] phase2_scraper:     Section e_id: 17 radios, 0 checked
2025-12-11 16:05:25,778 [INFO] phase2_scraper:     Section cm_id: 3 radios, 0 checked
2025-12-11 16:05:26,385 [INFO] phase2_scraper: Processing dish: House made Fiesta cheddar (ID: 174352, combo=False)
2025-12-11 16:05:27,642 [INFO] phase2_scraper:   #groups has sections: ['br_id', 'ci_id', 'dr_id', 'sa_id', 'sd_id', 'e_id', 'cm_id']
2025-12-11 16:05:27,643 [INFO] phase2_scraper:     Section br_id: 4 radios, 0 checked
2025-12-11 16:05:27,644 [INFO] phase2_scraper:     Section ci_id: 17 radios, 0 checked
2025-12-11 16:05:27,645 [INFO] phase2_scraper:     Section dr_id: 5 radios, 0 checked
2025-12-11 16:05:27,646 [INFO] phase2_scraper:     Section sa_id: 9 radios, 0 checked
2025-12-11 16:05:27,647 [INFO] phase2_scraper:     Section sd_id: 15 radios, 0 checked
2025-12-11 16:05:27,647 [INFO] phase2_scraper:     Section e_id: 17 radios, 0 checked
2025-12-11 16:05:27,648 [INFO] phase2_scraper:     Section cm_id: 3 radios, 0 checked
2025-12-11 16:05:28,251 [INFO] phase2_scraper: Processing dish: House made creamy Backyard BBQ (ID: 174353, combo=False)
2025-12-11 16:05:29,522 [INFO] phase2_scraper:   #groups has sections: ['br_id', 'ci_id', 'dr_id', 'sa_id', 'sd_id', 'e_id', 'cm_id']
2025-12-11 16:05:29,523 [INFO] phase2_scraper:     Section br_id: 4 radios, 0 checked
2025-12-11 16:05:29,524 [INFO] phase2_scraper:     Section ci_id: 17 radios, 0 checked
2025-12-11 16:05:29,525 [INFO] phase2_scraper:     Section dr_id: 5 radios, 0 checked
2025-12-11 16:05:29,527 [INFO] phase2_scraper:     Section sa_id: 9 radios, 0 checked
2025-12-11 16:05:29,528 [INFO] phase2_scraper:     Section sd_id: 15 radios, 0 checked
2025-12-11 16:05:29,528 [INFO] phase2_scraper:     Section e_id: 17 radios, 0 checked
2025-12-11 16:05:29,530 [INFO] phase2_scraper:     Section cm_id: 3 radios, 0 checked
2025-12-11 16:05:30,136 [INFO] phase2_scraper: Processing dish: House made Dilly Dip (ID: 174354, combo=False)
2025-12-11 16:05:31,489 [INFO] phase2_scraper:   #groups has sections: ['br_id', 'ci_id', 'dr_id', 'sa_id', 'sd_id', 'e_id', 'cm_id']
2025-12-11 16:05:31,490 [INFO] phase2_scraper:     Section br_id: 4 radios, 0 checked
2025-12-11 16:05:31,491 [INFO] phase2_scraper:     Section ci_id: 17 radios, 0 checked
2025-12-11 16:05:31,491 [INFO] phase2_scraper:     Section dr_id: 5 radios, 0 checked
2025-12-11 16:05:31,492 [INFO] phase2_scraper:     Section sa_id: 9 radios, 0 checked
2025-12-11 16:05:31,493 [INFO] phase2_scraper:     Section sd_id: 15 radios, 0 checked
2025-12-11 16:05:31,493 [INFO] phase2_scraper:     Section e_id: 17 radios, 0 checked
2025-12-11 16:05:31,494 [INFO] phase2_scraper:     Section cm_id: 3 radios, 0 checked
2025-12-11 16:05:32,110 [INFO] phase2_scraper: Processing dish: House made Marinara (ID: 174355, combo=False)
2025-12-11 16:05:33,360 [INFO] phase2_scraper:   #groups has sections: ['br_id', 'ci_id', 'dr_id', 'sa_id', 'sd_id', 'e_id', 'cm_id']
2025-12-11 16:05:33,361 [INFO] phase2_scraper:     Section br_id: 4 radios, 0 checked
2025-12-11 16:05:33,362 [INFO] phase2_scraper:     Section ci_id: 17 radios, 0 checked
2025-12-11 16:05:33,363 [INFO] phase2_scraper:     Section dr_id: 5 radios, 0 checked
2025-12-11 16:05:33,365 [INFO] phase2_scraper:     Section sa_id: 9 radios, 0 checked
2025-12-11 16:05:33,366 [INFO] phase2_scraper:     Section sd_id: 15 radios, 0 checked
2025-12-11 16:05:33,367 [INFO] phase2_scraper:     Section e_id: 17 radios, 0 checked
2025-12-11 16:05:33,369 [INFO] phase2_scraper:     Section cm_id: 3 radios, 0 checked
2025-12-11 16:05:33,972 [INFO] phase2_scraper: Processing dish: Ranch (ID: 174356, combo=False)
2025-12-11 16:05:35,202 [INFO] phase2_scraper:   #groups has sections: ['br_id', 'ci_id', 'dr_id', 'sa_id', 'sd_id', 'e_id', 'cm_id']
2025-12-11 16:05:35,203 [INFO] phase2_scraper:     Section br_id: 4 radios, 0 checked
2025-12-11 16:05:35,203 [INFO] phase2_scraper:     Section ci_id: 17 radios, 0 checked
2025-12-11 16:05:35,204 [INFO] phase2_scraper:     Section dr_id: 5 radios, 0 checked
2025-12-11 16:05:35,205 [INFO] phase2_scraper:     Section sa_id: 9 radios, 0 checked
2025-12-11 16:05:35,206 [INFO] phase2_scraper:     Section sd_id: 15 radios, 0 checked
2025-12-11 16:05:35,207 [INFO] phase2_scraper:     Section e_id: 17 radios, 0 checked
2025-12-11 16:05:35,208 [INFO] phase2_scraper:     Section cm_id: 3 radios, 0 checked
2025-12-11 16:05:35,826 [INFO] phase2_scraper: Processing dish: Donair Sauce (ID: 174357, combo=False)
2025-12-11 16:05:37,077 [INFO] phase2_scraper:   #groups has sections: ['br_id', 'ci_id', 'dr_id', 'sa_id', 'sd_id', 'e_id', 'cm_id']
2025-12-11 16:05:37,078 [INFO] phase2_scraper:     Section br_id: 4 radios, 0 checked
2025-12-11 16:05:37,079 [INFO] phase2_scraper:     Section ci_id: 17 radios, 0 checked
2025-12-11 16:05:37,080 [INFO] phase2_scraper:     Section dr_id: 5 radios, 0 checked
2025-12-11 16:05:37,081 [INFO] phase2_scraper:     Section sa_id: 9 radios, 0 checked
2025-12-11 16:05:37,082 [INFO] phase2_scraper:     Section sd_id: 15 radios, 0 checked
2025-12-11 16:05:37,083 [INFO] phase2_scraper:     Section e_id: 17 radios, 0 checked
2025-12-11 16:05:37,083 [INFO] phase2_scraper:     Section cm_id: 3 radios, 0 checked
2025-12-11 16:05:37,702 [INFO] phase2_scraper: Processing dish: BBQ Sauce (ID: 174358, combo=False)
2025-12-11 16:05:38,973 [INFO] phase2_scraper:   #groups has sections: ['br_id', 'ci_id', 'dr_id', 'sa_id', 'sd_id', 'e_id', 'cm_id']
2025-12-11 16:05:38,974 [INFO] phase2_scraper:     Section br_id: 4 radios, 0 checked
2025-12-11 16:05:38,975 [INFO] phase2_scraper:     Section ci_id: 17 radios, 0 checked
2025-12-11 16:05:38,976 [INFO] phase2_scraper:     Section dr_id: 5 radios, 0 checked
2025-12-11 16:05:38,977 [INFO] phase2_scraper:     Section sa_id: 9 radios, 0 checked
2025-12-11 16:05:38,978 [INFO] phase2_scraper:     Section sd_id: 15 radios, 0 checked
2025-12-11 16:05:38,979 [INFO] phase2_scraper:     Section e_id: 17 radios, 0 checked
2025-12-11 16:05:38,980 [INFO] phase2_scraper:     Section cm_id: 3 radios, 0 checked
2025-12-11 16:05:39,584 [INFO] phase2_scraper: Processing dish: Hot Sauce (ID: 174359, combo=False)
2025-12-11 16:05:40,813 [INFO] phase2_scraper:   #groups has sections: ['br_id', 'ci_id', 'dr_id', 'sa_id', 'sd_id', 'e_id', 'cm_id']
2025-12-11 16:05:40,814 [INFO] phase2_scraper:     Section br_id: 4 radios, 0 checked
2025-12-11 16:05:40,815 [INFO] phase2_scraper:     Section ci_id: 17 radios, 0 checked
2025-12-11 16:05:40,816 [INFO] phase2_scraper:     Section dr_id: 5 radios, 0 checked
2025-12-11 16:05:40,817 [INFO] phase2_scraper:     Section sa_id: 9 radios, 0 checked
2025-12-11 16:05:40,818 [INFO] phase2_scraper:     Section sd_id: 15 radios, 0 checked
2025-12-11 16:05:40,819 [INFO] phase2_scraper:     Section e_id: 17 radios, 0 checked
2025-12-11 16:05:40,820 [INFO] phase2_scraper:     Section cm_id: 3 radios, 0 checked
2025-12-11 16:05:41,440 [INFO] phase2_scraper: Processing dish: Mild Sauce (ID: 174360, combo=False)
2025-12-11 16:05:42,749 [INFO] phase2_scraper:   #groups has sections: ['br_id', 'ci_id', 'dr_id', 'sa_id', 'sd_id', 'e_id', 'cm_id']
2025-12-11 16:05:42,750 [INFO] phase2_scraper:     Section br_id: 4 radios, 0 checked
2025-12-11 16:05:42,751 [INFO] phase2_scraper:     Section ci_id: 17 radios, 0 checked
2025-12-11 16:05:42,752 [INFO] phase2_scraper:     Section dr_id: 5 radios, 0 checked
2025-12-11 16:05:42,753 [INFO] phase2_scraper:     Section sa_id: 9 radios, 0 checked
2025-12-11 16:05:42,753 [INFO] phase2_scraper:     Section sd_id: 15 radios, 0 checked
2025-12-11 16:05:42,754 [INFO] phase2_scraper:     Section e_id: 17 radios, 0 checked
2025-12-11 16:05:42,755 [INFO] phase2_scraper:     Section cm_id: 3 radios, 0 checked
2025-12-11 16:05:43,380 [INFO] phase2_scraper: Processing dish: Medium Sauce (ID: 174361, combo=False)
2025-12-11 16:05:44,637 [INFO] phase2_scraper:   #groups has sections: ['br_id', 'ci_id', 'dr_id', 'sa_id', 'sd_id', 'e_id', 'cm_id']
2025-12-11 16:05:44,638 [INFO] phase2_scraper:     Section br_id: 4 radios, 0 checked
2025-12-11 16:05:44,639 [INFO] phase2_scraper:     Section ci_id: 17 radios, 0 checked
2025-12-11 16:05:44,639 [INFO] phase2_scraper:     Section dr_id: 5 radios, 0 checked
2025-12-11 16:05:44,640 [INFO] phase2_scraper:     Section sa_id: 9 radios, 0 checked
2025-12-11 16:05:44,641 [INFO] phase2_scraper:     Section sd_id: 15 radios, 0 checked
2025-12-11 16:05:44,642 [INFO] phase2_scraper:     Section e_id: 17 radios, 0 checked
2025-12-11 16:05:44,643 [INFO] phase2_scraper:     Section cm_id: 3 radios, 0 checked
2025-12-11 16:05:45,265 [INFO] phase2_scraper: Processing dish: Honey Garlic (ID: 174362, combo=False)
2025-12-11 16:05:46,637 [INFO] phase2_scraper:   #groups has sections: ['br_id', 'ci_id', 'dr_id', 'sa_id', 'sd_id', 'e_id', 'cm_id']
2025-12-11 16:05:46,639 [INFO] phase2_scraper:     Section br_id: 4 radios, 0 checked
2025-12-11 16:05:46,640 [INFO] phase2_scraper:     Section ci_id: 17 radios, 0 checked
2025-12-11 16:05:46,641 [INFO] phase2_scraper:     Section dr_id: 5 radios, 0 checked
2025-12-11 16:05:46,642 [INFO] phase2_scraper:     Section sa_id: 9 radios, 0 checked
2025-12-11 16:05:46,643 [INFO] phase2_scraper:     Section sd_id: 15 radios, 0 checked
2025-12-11 16:05:46,644 [INFO] phase2_scraper:     Section e_id: 17 radios, 0 checked
2025-12-11 16:05:46,644 [INFO] phase2_scraper:     Section cm_id: 3 radios, 0 checked
2025-12-11 16:05:47,249 [INFO] phase2_scraper: Processing dish: Sweet Chili Thai (ID: 174363, combo=False)
2025-12-11 16:05:48,516 [INFO] phase2_scraper:   #groups has sections: ['br_id', 'ci_id', 'dr_id', 'sa_id', 'sd_id', 'e_id', 'cm_id']
2025-12-11 16:05:48,517 [INFO] phase2_scraper:     Section br_id: 4 radios, 0 checked
2025-12-11 16:05:48,518 [INFO] phase2_scraper:     Section ci_id: 17 radios, 0 checked
2025-12-11 16:05:48,520 [INFO] phase2_scraper:     Section dr_id: 5 radios, 0 checked
2025-12-11 16:05:48,521 [INFO] phase2_scraper:     Section sa_id: 9 radios, 0 checked
2025-12-11 16:05:48,522 [INFO] phase2_scraper:     Section sd_id: 15 radios, 0 checked
2025-12-11 16:05:48,523 [INFO] phase2_scraper:     Section e_id: 17 radios, 0 checked
2025-12-11 16:05:48,524 [INFO] phase2_scraper:     Section cm_id: 3 radios, 0 checked
2025-12-11 16:05:49,131 [INFO] phase2_scraper: Processing dish: Caesar Sauce (ID: 174364, combo=False)
2025-12-11 16:05:50,360 [INFO] phase2_scraper:   #groups has sections: ['br_id', 'ci_id', 'dr_id', 'sa_id', 'sd_id', 'e_id', 'cm_id']
2025-12-11 16:05:50,362 [INFO] phase2_scraper:     Section br_id: 4 radios, 0 checked
2025-12-11 16:05:50,363 [INFO] phase2_scraper:     Section ci_id: 17 radios, 0 checked
2025-12-11 16:05:50,364 [INFO] phase2_scraper:     Section dr_id: 5 radios, 0 checked
2025-12-11 16:05:50,366 [INFO] phase2_scraper:     Section sa_id: 9 radios, 0 checked
2025-12-11 16:05:50,367 [INFO] phase2_scraper:     Section sd_id: 15 radios, 0 checked
2025-12-11 16:05:50,368 [INFO] phase2_scraper:     Section e_id: 17 radios, 0 checked
2025-12-11 16:05:50,369 [INFO] phase2_scraper:     Section cm_id: 3 radios, 0 checked
2025-12-11 16:05:50,979 [INFO] phase2_scraper: Processing dish: Plum Sauce (ID: 174365, combo=False)
2025-12-11 16:05:52,244 [INFO] phase2_scraper:   #groups has sections: ['br_id', 'ci_id', 'dr_id', 'sa_id', 'sd_id', 'e_id', 'cm_id']
2025-12-11 16:05:52,245 [INFO] phase2_scraper:     Section br_id: 4 radios, 0 checked
2025-12-11 16:05:52,246 [INFO] phase2_scraper:     Section ci_id: 17 radios, 0 checked
2025-12-11 16:05:52,247 [INFO] phase2_scraper:     Section dr_id: 5 radios, 0 checked
2025-12-11 16:05:52,249 [INFO] phase2_scraper:     Section sa_id: 9 radios, 0 checked
2025-12-11 16:05:52,250 [INFO] phase2_scraper:     Section sd_id: 15 radios, 0 checked
2025-12-11 16:05:52,251 [INFO] phase2_scraper:     Section e_id: 17 radios, 0 checked
2025-12-11 16:05:52,252 [INFO] phase2_scraper:     Section cm_id: 3 radios, 0 checked
2025-12-11 16:05:52,889 [INFO] phase2_scraper: Processing dish: Sour Cream (ID: 174366, combo=False)
2025-12-11 16:05:54,137 [INFO] phase2_scraper:   #groups has sections: ['br_id', 'ci_id', 'dr_id', 'sa_id', 'sd_id', 'e_id', 'cm_id']
2025-12-11 16:05:54,138 [INFO] phase2_scraper:     Section br_id: 4 radios, 0 checked
2025-12-11 16:05:54,139 [INFO] phase2_scraper:     Section ci_id: 17 radios, 0 checked
2025-12-11 16:05:54,139 [INFO] phase2_scraper:     Section dr_id: 5 radios, 0 checked
2025-12-11 16:05:54,141 [INFO] phase2_scraper:     Section sa_id: 9 radios, 0 checked
2025-12-11 16:05:54,141 [INFO] phase2_scraper:     Section sd_id: 15 radios, 0 checked
2025-12-11 16:05:54,142 [INFO] phase2_scraper:     Section e_id: 17 radios, 0 checked
2025-12-11 16:05:54,143 [INFO] phase2_scraper:     Section cm_id: 3 radios, 0 checked
2025-12-11 16:05:54,749 [INFO] phase2_scraper: Processing dish: Nacho Cheese Sauce (ID: 174367, combo=False)
2025-12-11 16:05:56,006 [INFO] phase2_scraper:   #groups has sections: ['br_id', 'ci_id', 'dr_id', 'sa_id', 'sd_id', 'e_id', 'cm_id']
2025-12-11 16:05:56,007 [INFO] phase2_scraper:     Section br_id: 4 radios, 0 checked
2025-12-11 16:05:56,008 [INFO] phase2_scraper:     Section ci_id: 17 radios, 0 checked
2025-12-11 16:05:56,009 [INFO] phase2_scraper:     Section dr_id: 5 radios, 0 checked
2025-12-11 16:05:56,010 [INFO] phase2_scraper:     Section sa_id: 9 radios, 0 checked
2025-12-11 16:05:56,011 [INFO] phase2_scraper:     Section sd_id: 15 radios, 0 checked
2025-12-11 16:05:56,012 [INFO] phase2_scraper:     Section e_id: 17 radios, 0 checked
2025-12-11 16:05:56,014 [INFO] phase2_scraper:     Section cm_id: 3 radios, 0 checked
2025-12-11 16:05:56,616 [INFO] phase2_scraper: Processing dish: Blue Cheese (ID: 174368, combo=False)
2025-12-11 16:05:57,858 [INFO] phase2_scraper:   #groups has sections: ['br_id', 'ci_id', 'dr_id', 'sa_id', 'sd_id', 'e_id', 'cm_id']
2025-12-11 16:05:57,860 [INFO] phase2_scraper:     Section br_id: 4 radios, 0 checked
2025-12-11 16:05:57,861 [INFO] phase2_scraper:     Section ci_id: 17 radios, 0 checked
2025-12-11 16:05:57,862 [INFO] phase2_scraper:     Section dr_id: 5 radios, 0 checked
2025-12-11 16:05:57,864 [INFO] phase2_scraper:     Section sa_id: 9 radios, 0 checked
2025-12-11 16:05:57,865 [INFO] phase2_scraper:     Section sd_id: 15 radios, 0 checked
2025-12-11 16:05:57,865 [INFO] phase2_scraper:     Section e_id: 17 radios, 0 checked
2025-12-11 16:05:57,867 [INFO] phase2_scraper:     Section cm_id: 3 radios, 0 checked
2025-12-11 16:05:58,473 [INFO] phase2_scraper: Processing dish: Gravy (ID: 174369, combo=False)
2025-12-11 16:05:59,727 [INFO] phase2_scraper:   #groups has sections: ['br_id', 'ci_id', 'dr_id', 'sa_id', 'sd_id', 'e_id', 'cm_id']
2025-12-11 16:05:59,728 [INFO] phase2_scraper:     Section br_id: 4 radios, 0 checked
2025-12-11 16:05:59,729 [INFO] phase2_scraper:     Section ci_id: 17 radios, 0 checked
2025-12-11 16:05:59,730 [INFO] phase2_scraper:     Section dr_id: 5 radios, 0 checked
2025-12-11 16:05:59,731 [INFO] phase2_scraper:     Section sa_id: 9 radios, 0 checked
2025-12-11 16:05:59,732 [INFO] phase2_scraper:     Section sd_id: 15 radios, 0 checked
2025-12-11 16:05:59,733 [INFO] phase2_scraper:     Section e_id: 17 radios, 0 checked
2025-12-11 16:05:59,734 [INFO] phase2_scraper:     Section cm_id: 3 radios, 0 checked
2025-12-11 16:06:00,338 [INFO] phase2_scraper: Processing dish: 8oz Glass Spice Shaker (ID: 174370, combo=False)
2025-12-11 16:06:01,425 [INFO] phase2_scraper:   #groups has sections: ['br_id', 'ci_id', 'dr_id', 'sa_id', 'sd_id', 'e_id', 'cm_id']
2025-12-11 16:06:01,426 [INFO] phase2_scraper:     Section br_id: 4 radios, 0 checked
2025-12-11 16:06:01,430 [INFO] phase2_scraper:     Section ci_id: 17 radios, 0 checked
2025-12-11 16:06:01,432 [INFO] phase2_scraper:     Section dr_id: 5 radios, 0 checked
2025-12-11 16:06:01,432 [INFO] phase2_scraper:     Section sa_id: 9 radios, 0 checked
2025-12-11 16:06:01,433 [INFO] phase2_scraper:     Section sd_id: 15 radios, 0 checked
2025-12-11 16:06:01,434 [INFO] phase2_scraper:     Section e_id: 17 radios, 0 checked
2025-12-11 16:06:01,436 [INFO] phase2_scraper:     Section cm_id: 3 radios, 0 checked
2025-12-11 16:06:02,038 [INFO] phase2_scraper: Processing dish: Garden Salad HIDE (ID: 174371, combo=False)
2025-12-11 16:06:03,270 [INFO] phase2_scraper:   #groups has sections: ['br_id', 'ci_id', 'dr_id', 'sa_id', 'sd_id', 'e_id', 'cm_id']
2025-12-11 16:06:03,271 [INFO] phase2_scraper:     Section br_id: 4 radios, 0 checked
2025-12-11 16:06:03,272 [INFO] phase2_scraper:     Section ci_id: 17 radios, 0 checked
2025-12-11 16:06:03,273 [INFO] phase2_scraper:     Section dr_id: 5 radios, 1 checked
2025-12-11 16:06:04,894 [INFO] phase2_scraper:     Section sa_id: 9 radios, 0 checked
2025-12-11 16:06:04,896 [INFO] phase2_scraper:     Section sd_id: 15 radios, 0 checked
2025-12-11 16:06:04,897 [INFO] phase2_scraper:     Section e_id: 17 radios, 1 checked
2025-12-11 16:06:06,130 [INFO] phase2_scraper:     Section cm_id: 3 radios, 0 checked
2025-12-11 16:06:06,130 [INFO] phase2_scraper:   Found 2 modifier groups, 6 modifiers for dish 174371
2025-12-11 16:06:06,758 [INFO] phase2_scraper: Processing dish: Caesar Salad (ID: 174372, combo=False)
2025-12-11 16:06:08,128 [INFO] phase2_scraper:   #groups has sections: ['br_id', 'ci_id', 'dr_id', 'sa_id', 'sd_id', 'e_id', 'cm_id']
2025-12-11 16:06:08,129 [INFO] phase2_scraper:     Section br_id: 4 radios, 0 checked
2025-12-11 16:06:08,130 [INFO] phase2_scraper:     Section ci_id: 17 radios, 0 checked
2025-12-11 16:06:08,131 [INFO] phase2_scraper:     Section dr_id: 5 radios, 0 checked
2025-12-11 16:06:08,132 [INFO] phase2_scraper:     Section sa_id: 9 radios, 0 checked
2025-12-11 16:06:08,133 [INFO] phase2_scraper:     Section sd_id: 15 radios, 0 checked
2025-12-11 16:06:08,134 [INFO] phase2_scraper:     Section e_id: 17 radios, 1 checked
2025-12-11 16:06:09,364 [INFO] phase2_scraper:     Section cm_id: 3 radios, 0 checked
2025-12-11 16:06:09,365 [INFO] phase2_scraper:   Found 1 modifier groups, 2 modifiers for dish 174372
2025-12-11 16:06:09,968 [INFO] phase2_scraper: Processing dish: Greek Salad HIDE (ID: 174373, combo=False)
2025-12-11 16:06:11,247 [INFO] phase2_scraper:   #groups has sections: ['br_id', 'ci_id', 'dr_id', 'sa_id', 'sd_id', 'e_id', 'cm_id']
2025-12-11 16:06:11,249 [INFO] phase2_scraper:     Section br_id: 4 radios, 0 checked
2025-12-11 16:06:11,249 [INFO] phase2_scraper:     Section ci_id: 17 radios, 0 checked
2025-12-11 16:06:11,250 [INFO] phase2_scraper:     Section dr_id: 5 radios, 1 checked
2025-12-11 16:06:12,828 [INFO] phase2_scraper:     Section sa_id: 9 radios, 0 checked
2025-12-11 16:06:12,830 [INFO] phase2_scraper:     Section sd_id: 15 radios, 0 checked
2025-12-11 16:06:12,831 [INFO] phase2_scraper:     Section e_id: 17 radios, 1 checked
2025-12-11 16:06:14,085 [INFO] phase2_scraper:     Section cm_id: 3 radios, 0 checked
2025-12-11 16:06:14,086 [INFO] phase2_scraper:   Found 2 modifier groups, 6 modifiers for dish 174373
2025-12-11 16:06:14,711 [INFO] phase2_scraper: Processing dish: Big Joe Mufferaw Salad HIDE (ID: 174374, combo=False)
2025-12-11 16:06:16,481 [INFO] phase2_scraper:   #groups has sections: ['br_id', 'ci_id', 'dr_id', 'sa_id', 'sd_id', 'e_id', 'cm_id']
2025-12-11 16:06:16,484 [INFO] phase2_scraper:     Section br_id: 4 radios, 0 checked
2025-12-11 16:06:16,485 [INFO] phase2_scraper:     Section ci_id: 17 radios, 0 checked
2025-12-11 16:06:16,488 [INFO] phase2_scraper:     Section dr_id: 5 radios, 1 checked
2025-12-11 16:06:18,170 [INFO] phase2_scraper:     Section sa_id: 9 radios, 0 checked
2025-12-11 16:06:18,171 [INFO] phase2_scraper:     Section sd_id: 15 radios, 0 checked
2025-12-11 16:06:18,172 [INFO] phase2_scraper:     Section e_id: 17 radios, 1 checked
2025-12-11 16:06:19,442 [INFO] phase2_scraper:     Section cm_id: 3 radios, 0 checked
2025-12-11 16:06:19,442 [INFO] phase2_scraper:   Found 2 modifier groups, 6 modifiers for dish 174374
2025-12-11 16:06:20,056 [INFO] phase2_scraper: Processing dish: Taco Salad HIDE (ID: 174375, combo=False)
2025-12-11 16:06:21,281 [INFO] phase2_scraper:   #groups has sections: ['br_id', 'ci_id', 'dr_id', 'sa_id', 'sd_id', 'e_id', 'cm_id']
2025-12-11 16:06:21,282 [INFO] phase2_scraper:     Section br_id: 4 radios, 0 checked
2025-12-11 16:06:21,283 [INFO] phase2_scraper:     Section ci_id: 17 radios, 0 checked
2025-12-11 16:06:21,284 [INFO] phase2_scraper:     Section dr_id: 5 radios, 1 checked
2025-12-11 16:06:23,010 [INFO] phase2_scraper:     Section sa_id: 9 radios, 0 checked
2025-12-11 16:06:23,011 [INFO] phase2_scraper:     Section sd_id: 15 radios, 0 checked
2025-12-11 16:06:23,012 [INFO] phase2_scraper:     Section e_id: 17 radios, 1 checked
2025-12-11 16:06:24,310 [INFO] phase2_scraper:     Section cm_id: 3 radios, 0 checked
2025-12-11 16:06:24,310 [INFO] phase2_scraper:   Found 2 modifier groups, 6 modifiers for dish 174375
2025-12-11 16:06:24,923 [INFO] phase2_scraper: Processing dish: Dilly Donair Salad HIDE (ID: 174376, combo=False)
2025-12-11 16:06:26,191 [INFO] phase2_scraper:   #groups has sections: ['br_id', 'ci_id', 'dr_id', 'sa_id', 'sd_id', 'e_id', 'cm_id']
2025-12-11 16:06:26,192 [INFO] phase2_scraper:     Section br_id: 4 radios, 0 checked
2025-12-11 16:06:26,193 [INFO] phase2_scraper:     Section ci_id: 17 radios, 0 checked
2025-12-11 16:06:26,193 [INFO] phase2_scraper:     Section dr_id: 5 radios, 0 checked
2025-12-11 16:06:26,194 [INFO] phase2_scraper:     Section sa_id: 9 radios, 0 checked
2025-12-11 16:06:26,195 [INFO] phase2_scraper:     Section sd_id: 15 radios, 0 checked
2025-12-11 16:06:26,195 [INFO] phase2_scraper:     Section e_id: 17 radios, 0 checked
2025-12-11 16:06:26,197 [INFO] phase2_scraper:     Section cm_id: 3 radios, 0 checked
2025-12-11 16:06:26,797 [INFO] phase2_scraper: Processing dish: Steak Sub with Small Side & Drink HIDE (ID: 174377, combo=False)
2025-12-11 16:06:27,913 [INFO] phase2_scraper:   #groups has sections: ['br_id', 'ci_id', 'dr_id', 'sa_id', 'sd_id', 'e_id', 'cm_id']
2025-12-11 16:06:27,914 [INFO] phase2_scraper:     Section br_id: 4 radios, 0 checked
2025-12-11 16:06:27,915 [INFO] phase2_scraper:     Section ci_id: 17 radios, 1 checked
2025-12-11 16:06:38,300 [INFO] phase2_scraper:     Section dr_id: 5 radios, 0 checked
2025-12-11 16:06:38,301 [INFO] phase2_scraper:     Section sa_id: 9 radios, 0 checked
2025-12-11 16:06:38,302 [INFO] phase2_scraper:     Section sd_id: 15 radios, 1 checked
2025-12-11 16:06:41,220 [INFO] phase2_scraper:     Section e_id: 17 radios, 1 checked
2025-12-11 16:06:42,435 [INFO] phase2_scraper:     Section cm_id: 3 radios, 0 checked
2025-12-11 16:06:42,436 [INFO] phase2_scraper:   Found 3 modifier groups, 32 modifiers for dish 174377
2025-12-11 16:06:43,040 [INFO] phase2_scraper: Processing dish: Steak Sub with Small Poutine & Drink HIDE (ID: 174378, combo=True)
2025-12-11 16:06:45,512 [INFO] phase2_scraper: Processing dish: Italian Sausage and Meatball Sub with Small Side & Drink HIDE (ID: 174379, combo=False)
2025-12-11 16:06:46,621 [INFO] phase2_scraper:   #groups has sections: ['br_id', 'ci_id', 'dr_id', 'sa_id', 'sd_id', 'e_id', 'cm_id']
2025-12-11 16:06:46,622 [INFO] phase2_scraper:     Section br_id: 4 radios, 0 checked
2025-12-11 16:06:46,623 [INFO] phase2_scraper:     Section ci_id: 17 radios, 1 checked
2025-12-11 16:06:56,399 [INFO] phase2_scraper:     Section dr_id: 5 radios, 0 checked
2025-12-11 16:06:56,400 [INFO] phase2_scraper:     Section sa_id: 9 radios, 0 checked
2025-12-11 16:06:56,401 [INFO] phase2_scraper:     Section sd_id: 15 radios, 1 checked
2025-12-11 16:06:59,095 [INFO] phase2_scraper:     Section e_id: 17 radios, 1 checked
2025-12-11 16:07:00,313 [INFO] phase2_scraper:     Section cm_id: 3 radios, 0 checked
2025-12-11 16:07:00,313 [INFO] phase2_scraper:   Found 3 modifier groups, 32 modifiers for dish 174379
2025-12-11 16:07:00,935 [INFO] phase2_scraper: Processing dish: Italian Sausage and Meatball Sub with Small Poutine & Drink HIDE (ID: 174380, combo=True)
2025-12-11 16:07:03,421 [INFO] phase2_scraper: Processing dish: Pizza Sub with Small Side & Drink HIDE (ID: 174381, combo=False)
2025-12-11 16:07:04,550 [INFO] phase2_scraper:   #groups has sections: ['br_id', 'ci_id', 'dr_id', 'sa_id', 'sd_id', 'e_id', 'cm_id']
2025-12-11 16:07:04,551 [INFO] phase2_scraper:     Section br_id: 4 radios, 0 checked
2025-12-11 16:07:04,552 [INFO] phase2_scraper:     Section ci_id: 17 radios, 1 checked
2025-12-11 16:07:14,393 [INFO] phase2_scraper:     Section dr_id: 5 radios, 0 checked
2025-12-11 16:07:14,395 [INFO] phase2_scraper:     Section sa_id: 9 radios, 0 checked
2025-12-11 16:07:14,396 [INFO] phase2_scraper:     Section sd_id: 15 radios, 1 checked
2025-12-11 16:07:17,270 [INFO] phase2_scraper:     Section e_id: 17 radios, 1 checked
2025-12-11 16:07:18,193 [INFO] phase2_scraper:     Section cm_id: 3 radios, 0 checked
2025-12-11 16:07:18,193 [INFO] phase2_scraper:   Found 3 modifier groups, 32 modifiers for dish 174381
2025-12-11 16:07:18,802 [INFO] phase2_scraper: Processing dish: Pizza Sub with Small Poutine & Drink HIDE (ID: 174382, combo=True)
2025-12-11 16:07:21,376 [INFO] phase2_scraper: Processing dish: Chicken Parmesam Sub with Small Side & Drink HIDE (ID: 174383, combo=False)
2025-12-11 16:07:22,467 [INFO] phase2_scraper:   #groups has sections: ['br_id', 'ci_id', 'dr_id', 'sa_id', 'sd_id', 'e_id', 'cm_id']
2025-12-11 16:07:22,468 [INFO] phase2_scraper:     Section br_id: 4 radios, 0 checked
2025-12-11 16:07:22,469 [INFO] phase2_scraper:     Section ci_id: 17 radios, 1 checked
2025-12-11 16:07:33,714 [INFO] phase2_scraper:     Section dr_id: 5 radios, 0 checked
2025-12-11 16:07:33,715 [INFO] phase2_scraper:     Section sa_id: 9 radios, 0 checked
2025-12-11 16:07:33,716 [INFO] phase2_scraper:     Section sd_id: 15 radios, 1 checked
2025-12-11 16:07:36,648 [INFO] phase2_scraper:     Section e_id: 17 radios, 1 checked
2025-12-11 16:07:37,519 [INFO] phase2_scraper:     Section cm_id: 3 radios, 0 checked
2025-12-11 16:07:37,520 [INFO] phase2_scraper:   Found 3 modifier groups, 32 modifiers for dish 174383
2025-12-11 16:07:38,125 [INFO] phase2_scraper: Processing dish: Chicken Parmesam Sub with Small Poutine & Drink HIDE (ID: 174384, combo=True)
2025-12-11 16:07:40,586 [INFO] phase2_scraper: Processing dish: Crispy Chicken and Bacon Wrap with Small Side & Drink HIDE (ID: 174385, combo=False)
2025-12-11 16:07:41,696 [INFO] phase2_scraper:   #groups has sections: ['br_id', 'ci_id', 'dr_id', 'sa_id', 'sd_id', 'e_id', 'cm_id']
2025-12-11 16:07:41,697 [INFO] phase2_scraper:     Section br_id: 4 radios, 1 checked
2025-12-11 16:07:42,604 [INFO] phase2_scraper:     Section ci_id: 17 radios, 1 checked
2025-12-11 16:07:52,475 [INFO] phase2_scraper:     Section dr_id: 5 radios, 0 checked
2025-12-11 16:07:52,476 [INFO] phase2_scraper:     Section sa_id: 9 radios, 1 checked
2025-12-11 16:07:53,738 [INFO] phase2_scraper:     Section sd_id: 15 radios, 1 checked
2025-12-11 16:07:56,466 [INFO] phase2_scraper:     Section e_id: 17 radios, 1 checked
2025-12-11 16:07:57,551 [INFO] phase2_scraper:     Section cm_id: 3 radios, 0 checked
2025-12-11 16:07:57,552 [INFO] phase2_scraper:   Found 5 modifier groups, 37 modifiers for dish 174385
2025-12-11 16:07:58,156 [INFO] phase2_scraper: Processing dish: Crispy Chicken and Bacon Wrap with Small Poutine & Drink HIDE (ID: 174386, combo=True)
2025-12-11 16:08:00,807 [INFO] phase2_scraper: Processing dish: Chicken Bacon Ceasar Wrap with Small Side & Drink HIDE (ID: 174387, combo=False)
2025-12-11 16:08:01,876 [INFO] phase2_scraper:   #groups has sections: ['br_id', 'ci_id', 'dr_id', 'sa_id', 'sd_id', 'e_id', 'cm_id']
2025-12-11 16:08:01,877 [INFO] phase2_scraper:     Section br_id: 4 radios, 1 checked
2025-12-11 16:08:02,768 [INFO] phase2_scraper:     Section ci_id: 17 radios, 1 checked
2025-12-11 16:08:12,655 [INFO] phase2_scraper:     Section dr_id: 5 radios, 0 checked
2025-12-11 16:08:12,656 [INFO] phase2_scraper:     Section sa_id: 9 radios, 1 checked
2025-12-11 16:08:13,963 [INFO] phase2_scraper:     Section sd_id: 15 radios, 1 checked
2025-12-11 16:08:16,675 [INFO] phase2_scraper:     Section e_id: 17 radios, 1 checked
2025-12-11 16:08:17,734 [INFO] phase2_scraper:     Section cm_id: 3 radios, 0 checked
2025-12-11 16:08:17,734 [INFO] phase2_scraper:   Found 5 modifier groups, 37 modifiers for dish 174387
2025-12-11 16:08:18,340 [INFO] phase2_scraper: Processing dish: Joes Donair Wrap with Small Side & Drink HIDE (ID: 174388, combo=False)
2025-12-11 16:08:19,507 [INFO] phase2_scraper:   #groups has sections: ['br_id', 'ci_id', 'dr_id', 'sa_id', 'sd_id', 'e_id', 'cm_id']
2025-12-11 16:08:19,508 [INFO] phase2_scraper:     Section br_id: 4 radios, 1 checked
2025-12-11 16:08:20,508 [INFO] phase2_scraper:     Section ci_id: 17 radios, 1 checked
2025-12-11 16:08:30,098 [INFO] phase2_scraper:     Section dr_id: 5 radios, 0 checked
2025-12-11 16:08:30,099 [INFO] phase2_scraper:     Section sa_id: 9 radios, 0 checked
2025-12-11 16:08:30,100 [INFO] phase2_scraper:     Section sd_id: 15 radios, 1 checked
2025-12-11 16:08:32,823 [INFO] phase2_scraper:     Section e_id: 17 radios, 1 checked
2025-12-11 16:08:33,689 [INFO] phase2_scraper:     Section cm_id: 3 radios, 0 checked
2025-12-11 16:08:33,690 [INFO] phase2_scraper:   Found 4 modifier groups, 34 modifiers for dish 174388
2025-12-11 16:08:34,291 [INFO] phase2_scraper: Processing dish: Joes Donair Wrap with Small Poutine & Drink HIDE (ID: 174389, combo=True)
2025-12-11 16:08:36,889 [INFO] phase2_scraper: Processing dish: Naan Flatbread Pizzas HIDE (ID: 174390, combo=False)
2025-12-11 16:08:37,962 [INFO] phase2_scraper:   #groups has sections: ['br_id', 'ci_id', 'dr_id', 'sa_id', 'sd_id', 'e_id', 'cm_id']
2025-12-11 16:08:37,963 [INFO] phase2_scraper:     Section br_id: 4 radios, 1 checked
2025-12-11 16:08:38,813 [INFO] phase2_scraper:     Section ci_id: 17 radios, 0 checked
2025-12-11 16:08:38,814 [INFO] phase2_scraper:     Section dr_id: 5 radios, 0 checked
2025-12-11 16:08:38,815 [INFO] phase2_scraper:     Section sa_id: 9 radios, 0 checked
2025-12-11 16:08:38,815 [INFO] phase2_scraper:     Section sd_id: 15 radios, 0 checked
2025-12-11 16:08:38,816 [INFO] phase2_scraper:     Section e_id: 17 radios, 1 checked
2025-12-11 16:08:39,702 [INFO] phase2_scraper:     Section cm_id: 3 radios, 0 checked
2025-12-11 16:08:39,702 [INFO] phase2_scraper:   Found 2 modifier groups, 4 modifiers for dish 174390
2025-12-11 16:08:40,302 [INFO] phase2_scraper: Processing dish: 6 Wings HIDE (ID: 174391, combo=False)
2025-12-11 16:08:41,367 [INFO] phase2_scraper:   #groups has sections: ['br_id', 'ci_id', 'dr_id', 'sa_id', 'sd_id', 'e_id', 'cm_id']
2025-12-11 16:08:41,368 [INFO] phase2_scraper:     Section br_id: 4 radios, 0 checked
2025-12-11 16:08:41,369 [INFO] phase2_scraper:     Section ci_id: 17 radios, 0 checked
2025-12-11 16:08:41,370 [INFO] phase2_scraper:     Section dr_id: 5 radios, 1 checked
2025-12-11 16:08:46,481 [INFO] phase2_scraper:     Section sa_id: 9 radios, 0 checked
2025-12-11 16:08:46,482 [INFO] phase2_scraper:     Section sd_id: 15 radios, 0 checked
2025-12-11 16:08:46,483 [INFO] phase2_scraper:     Section e_id: 17 radios, 1 checked
2025-12-11 16:08:48,102 [INFO] phase2_scraper:     Section cm_id: 3 radios, 0 checked
2025-12-11 16:08:48,102 [INFO] phase2_scraper:   Found 2 modifier groups, 18 modifiers for dish 174391
2025-12-11 16:08:48,728 [INFO] phase2_scraper: Processing dish: 1 Pound of Wings (ID: 174392, combo=False)
2025-12-11 16:08:49,772 [INFO] phase2_scraper:   #groups has sections: ['br_id', 'ci_id', 'dr_id', 'sa_id', 'sd_id', 'e_id', 'cm_id']
2025-12-11 16:08:49,773 [INFO] phase2_scraper:     Section br_id: 4 radios, 0 checked
2025-12-11 16:08:49,774 [INFO] phase2_scraper:     Section ci_id: 17 radios, 0 checked
2025-12-11 16:08:49,775 [INFO] phase2_scraper:     Section dr_id: 5 radios, 1 checked
2025-12-11 16:08:54,924 [INFO] phase2_scraper:     Section sa_id: 9 radios, 0 checked
2025-12-11 16:08:54,925 [INFO] phase2_scraper:     Section sd_id: 15 radios, 0 checked
2025-12-11 16:08:54,926 [INFO] phase2_scraper:     Section e_id: 17 radios, 1 checked
2025-12-11 16:08:56,543 [INFO] phase2_scraper:     Section cm_id: 3 radios, 0 checked
2025-12-11 16:08:56,543 [INFO] phase2_scraper:   Found 2 modifier groups, 18 modifiers for dish 174392
2025-12-11 16:08:57,153 [INFO] phase2_scraper: Processing dish: 20 Wings HIDE (ID: 174393, combo=False)
2025-12-11 16:08:58,215 [INFO] phase2_scraper:   #groups has sections: ['br_id', 'ci_id', 'dr_id', 'sa_id', 'sd_id', 'e_id', 'cm_id']
2025-12-11 16:08:58,216 [INFO] phase2_scraper:     Section br_id: 4 radios, 0 checked
2025-12-11 16:08:58,217 [INFO] phase2_scraper:     Section ci_id: 17 radios, 0 checked
2025-12-11 16:08:58,219 [INFO] phase2_scraper:     Section dr_id: 5 radios, 1 checked
2025-12-11 16:09:03,377 [INFO] phase2_scraper:     Section sa_id: 9 radios, 0 checked
2025-12-11 16:09:03,378 [INFO] phase2_scraper:     Section sd_id: 15 radios, 0 checked
2025-12-11 16:09:03,379 [INFO] phase2_scraper:     Section e_id: 17 radios, 1 checked
2025-12-11 16:09:04,991 [INFO] phase2_scraper:     Section cm_id: 3 radios, 0 checked
2025-12-11 16:09:04,991 [INFO] phase2_scraper:   Found 2 modifier groups, 18 modifiers for dish 174393
2025-12-11 16:09:05,591 [INFO] phase2_scraper: Processing dish: 50 Wings HIDE (ID: 174394, combo=False)
2025-12-11 16:09:06,648 [INFO] phase2_scraper:   #groups has sections: ['br_id', 'ci_id', 'dr_id', 'sa_id', 'sd_id', 'e_id', 'cm_id']
2025-12-11 16:09:06,649 [INFO] phase2_scraper:     Section br_id: 4 radios, 0 checked
2025-12-11 16:09:06,650 [INFO] phase2_scraper:     Section ci_id: 17 radios, 0 checked
2025-12-11 16:09:06,651 [INFO] phase2_scraper:     Section dr_id: 5 radios, 1 checked
2025-12-11 16:09:11,917 [INFO] phase2_scraper:     Section sa_id: 9 radios, 0 checked
2025-12-11 16:09:11,918 [INFO] phase2_scraper:     Section sd_id: 15 radios, 0 checked
2025-12-11 16:09:11,918 [INFO] phase2_scraper:     Section e_id: 17 radios, 1 checked
2025-12-11 16:09:13,513 [INFO] phase2_scraper:     Section cm_id: 3 radios, 0 checked
2025-12-11 16:09:13,513 [INFO] phase2_scraper:   Found 2 modifier groups, 18 modifiers for dish 174394
2025-12-11 16:09:14,116 [INFO] phase2_scraper: Processing dish: Garlic Parmesan Wings HIDE (ID: 174395, combo=False)
2025-12-11 16:09:15,735 [INFO] phase2_scraper:   #groups has sections: ['br_id', 'ci_id', 'dr_id', 'sa_id', 'sd_id', 'e_id', 'cm_id']
2025-12-11 16:09:15,736 [INFO] phase2_scraper:     Section br_id: 4 radios, 0 checked
2025-12-11 16:09:15,736 [INFO] phase2_scraper:     Section ci_id: 17 radios, 0 checked
2025-12-11 16:09:15,737 [INFO] phase2_scraper:     Section dr_id: 5 radios, 1 checked
2025-12-11 16:09:21,063 [INFO] phase2_scraper:     Section sa_id: 9 radios, 0 checked
2025-12-11 16:09:21,064 [INFO] phase2_scraper:     Section sd_id: 15 radios, 0 checked
2025-12-11 16:09:21,065 [INFO] phase2_scraper:     Section e_id: 17 radios, 1 checked
2025-12-11 16:09:22,674 [INFO] phase2_scraper:     Section cm_id: 3 radios, 0 checked
2025-12-11 16:09:22,674 [INFO] phase2_scraper:   Found 2 modifier groups, 18 modifiers for dish 174395
2025-12-11 16:09:23,276 [INFO] phase2_scraper: Processing dish: NEW Piggy Wings HIDE (ID: 174396, combo=False)
2025-12-11 16:09:24,385 [INFO] phase2_scraper:   #groups has sections: ['br_id', 'ci_id', 'dr_id', 'sa_id', 'sd_id', 'e_id', 'cm_id']
2025-12-11 16:09:24,386 [INFO] phase2_scraper:     Section br_id: 4 radios, 0 checked
2025-12-11 16:09:24,387 [INFO] phase2_scraper:     Section ci_id: 17 radios, 0 checked
2025-12-11 16:09:24,388 [INFO] phase2_scraper:     Section dr_id: 5 radios, 0 checked
2025-12-11 16:09:24,389 [INFO] phase2_scraper:     Section sa_id: 9 radios, 0 checked
2025-12-11 16:09:24,389 [INFO] phase2_scraper:     Section sd_id: 15 radios, 0 checked
2025-12-11 16:09:24,390 [INFO] phase2_scraper:     Section e_id: 17 radios, 0 checked
2025-12-11 16:09:24,391 [INFO] phase2_scraper:     Section cm_id: 3 radios, 0 checked
2025-12-11 16:09:25,942 [INFO] phase2_scraper: Processing dish: Nuggies HIDE (ID: 174397, combo=False)
2025-12-11 16:09:26,994 [INFO] phase2_scraper:   #groups has sections: ['br_id', 'ci_id', 'dr_id', 'sa_id', 'sd_id', 'e_id', 'cm_id']
2025-12-11 16:09:26,995 [INFO] phase2_scraper:     Section br_id: 4 radios, 0 checked
2025-12-11 16:09:26,996 [INFO] phase2_scraper:     Section ci_id: 17 radios, 0 checked
2025-12-11 16:09:26,997 [INFO] phase2_scraper:     Section dr_id: 5 radios, 0 checked
2025-12-11 16:09:26,998 [INFO] phase2_scraper:     Section sa_id: 9 radios, 1 checked
2025-12-11 16:09:33,795 [INFO] phase2_scraper:     Section sd_id: 15 radios, 0 checked
2025-12-11 16:09:33,796 [INFO] phase2_scraper:     Section e_id: 17 radios, 0 checked
2025-12-11 16:09:33,797 [INFO] phase2_scraper:     Section cm_id: 3 radios, 0 checked
2025-12-11 16:09:33,797 [INFO] phase2_scraper:   Found 1 modifier groups, 19 modifiers for dish 174397
2025-12-11 16:09:34,400 [INFO] phase2_scraper: Processing dish: Fire Nuggies HIDE (ID: 174398, combo=False)
2025-12-11 16:09:35,500 [INFO] phase2_scraper:   #groups has sections: ['br_id', 'ci_id', 'dr_id', 'sa_id', 'sd_id', 'e_id', 'cm_id']
2025-12-11 16:09:35,501 [INFO] phase2_scraper:     Section br_id: 4 radios, 0 checked
2025-12-11 16:09:35,501 [INFO] phase2_scraper:     Section ci_id: 17 radios, 0 checked
2025-12-11 16:09:35,502 [INFO] phase2_scraper:     Section dr_id: 5 radios, 0 checked
2025-12-11 16:09:35,503 [INFO] phase2_scraper:     Section sa_id: 9 radios, 1 checked
2025-12-11 16:09:42,306 [INFO] phase2_scraper:     Section sd_id: 15 radios, 0 checked
2025-12-11 16:09:42,307 [INFO] phase2_scraper:     Section e_id: 17 radios, 0 checked
2025-12-11 16:09:42,309 [INFO] phase2_scraper:     Section cm_id: 3 radios, 0 checked
2025-12-11 16:09:42,309 [INFO] phase2_scraper:   Found 1 modifier groups, 19 modifiers for dish 174398
2025-12-11 16:09:42,916 [INFO] phase2_scraper: Processing dish: Popcorn Chicken (20 pcs) with Fries and Pop (ID: 174399, combo=False)
2025-12-11 16:09:43,999 [INFO] phase2_scraper:   #groups has sections: ['br_id', 'ci_id', 'dr_id', 'sa_id', 'sd_id', 'e_id', 'cm_id']
2025-12-11 16:09:44,000 [INFO] phase2_scraper:     Section br_id: 4 radios, 0 checked
2025-12-11 16:09:44,001 [INFO] phase2_scraper:     Section ci_id: 17 radios, 0 checked
2025-12-11 16:09:44,002 [INFO] phase2_scraper:     Section dr_id: 5 radios, 0 checked
2025-12-11 16:09:44,003 [INFO] phase2_scraper:     Section sa_id: 9 radios, 1 checked
2025-12-11 16:09:50,975 [INFO] phase2_scraper:     Section sd_id: 15 radios, 0 checked
2025-12-11 16:09:50,977 [INFO] phase2_scraper:     Section e_id: 17 radios, 0 checked
2025-12-11 16:09:50,979 [INFO] phase2_scraper:     Section cm_id: 3 radios, 0 checked
2025-12-11 16:09:50,979 [INFO] phase2_scraper:   Found 1 modifier groups, 19 modifiers for dish 174399
2025-12-11 16:09:51,596 [INFO] phase2_scraper: Processing dish: Kids Popcorn Chicken (10 pcs) (ID: 174400, combo=False)
2025-12-11 16:09:52,685 [INFO] phase2_scraper:   #groups has sections: ['br_id', 'ci_id', 'dr_id', 'sa_id', 'sd_id', 'e_id', 'cm_id']
2025-12-11 16:09:52,686 [INFO] phase2_scraper:     Section br_id: 4 radios, 0 checked
2025-12-11 16:09:52,687 [INFO] phase2_scraper:     Section ci_id: 17 radios, 0 checked
2025-12-11 16:09:52,688 [INFO] phase2_scraper:     Section dr_id: 5 radios, 0 checked
2025-12-11 16:09:52,688 [INFO] phase2_scraper:     Section sa_id: 9 radios, 1 checked
2025-12-11 16:09:59,649 [INFO] phase2_scraper:     Section sd_id: 15 radios, 0 checked
2025-12-11 16:09:59,650 [INFO] phase2_scraper:     Section e_id: 17 radios, 0 checked
2025-12-11 16:09:59,651 [INFO] phase2_scraper:     Section cm_id: 3 radios, 0 checked
2025-12-11 16:09:59,651 [INFO] phase2_scraper:   Found 1 modifier groups, 19 modifiers for dish 174400
2025-12-11 16:10:00,266 [INFO] phase2_scraper: Processing dish: 1 Dark Piece of Chicken HIDE (ID: 174401, combo=False)
2025-12-11 16:10:01,334 [INFO] phase2_scraper:   #groups has sections: ['br_id', 'ci_id', 'dr_id', 'sa_id', 'sd_id', 'e_id', 'cm_id']
2025-12-11 16:10:01,336 [INFO] phase2_scraper:     Section br_id: 4 radios, 0 checked
2025-12-11 16:10:01,336 [INFO] phase2_scraper:     Section ci_id: 17 radios, 0 checked
2025-12-11 16:10:01,337 [INFO] phase2_scraper:     Section dr_id: 5 radios, 0 checked
2025-12-11 16:10:01,338 [INFO] phase2_scraper:     Section sa_id: 9 radios, 0 checked
2025-12-11 16:10:01,339 [INFO] phase2_scraper:     Section sd_id: 15 radios, 0 checked
2025-12-11 16:10:01,340 [INFO] phase2_scraper:     Section e_id: 17 radios, 0 checked
2025-12-11 16:10:01,341 [INFO] phase2_scraper:     Section cm_id: 3 radios, 0 checked
2025-12-11 16:10:01,939 [INFO] phase2_scraper: Processing dish: 1 White Piece of Chicken HIDE (ID: 174402, combo=False)
2025-12-11 16:10:03,010 [INFO] phase2_scraper:   #groups has sections: ['br_id', 'ci_id', 'dr_id', 'sa_id', 'sd_id', 'e_id', 'cm_id']
2025-12-11 16:10:03,011 [INFO] phase2_scraper:     Section br_id: 4 radios, 0 checked
2025-12-11 16:10:03,011 [INFO] phase2_scraper:     Section ci_id: 17 radios, 0 checked
2025-12-11 16:10:03,012 [INFO] phase2_scraper:     Section dr_id: 5 radios, 0 checked
2025-12-11 16:10:03,014 [INFO] phase2_scraper:     Section sa_id: 9 radios, 0 checked
2025-12-11 16:10:03,015 [INFO] phase2_scraper:     Section sd_id: 15 radios, 0 checked
2025-12-11 16:10:03,016 [INFO] phase2_scraper:     Section e_id: 17 radios, 0 checked
2025-12-11 16:10:03,017 [INFO] phase2_scraper:     Section cm_id: 3 radios, 0 checked
2025-12-11 16:10:03,620 [INFO] phase2_scraper: Processing dish: 3 Pieces Meal with Fries and Drink (ID: 174403, combo=False)
2025-12-11 16:10:04,718 [INFO] phase2_scraper:   #groups has sections: ['br_id', 'ci_id', 'dr_id', 'sa_id', 'sd_id', 'e_id', 'cm_id']
2025-12-11 16:10:04,719 [INFO] phase2_scraper:     Section br_id: 4 radios, 0 checked
2025-12-11 16:10:04,720 [INFO] phase2_scraper:     Section ci_id: 17 radios, 0 checked
2025-12-11 16:10:04,721 [INFO] phase2_scraper:     Section dr_id: 5 radios, 0 checked
2025-12-11 16:10:04,722 [INFO] phase2_scraper:     Section sa_id: 9 radios, 0 checked
2025-12-11 16:10:04,723 [INFO] phase2_scraper:     Section sd_id: 15 radios, 1 checked
2025-12-11 16:10:05,258 [INFO] phase2_scraper:     Section e_id: 17 radios, 0 checked
2025-12-11 16:10:05,259 [INFO] phase2_scraper:     Section cm_id: 3 radios, 0 checked
2025-12-11 16:10:05,259 [INFO] phase2_scraper:   Found 1 modifier groups, 1 modifiers for dish 174403
2025-12-11 16:10:05,863 [INFO] phase2_scraper: Processing dish: 5 Pieces with Large Side & 2 Drinks HIDE (ID: 174404, combo=False)
2025-12-11 16:10:06,918 [INFO] phase2_scraper:   #groups has sections: ['br_id', 'ci_id', 'dr_id', 'sa_id', 'sd_id', 'e_id', 'cm_id']
2025-12-11 16:10:06,920 [INFO] phase2_scraper:     Section br_id: 4 radios, 0 checked
2025-12-11 16:10:06,921 [INFO] phase2_scraper:     Section ci_id: 17 radios, 0 checked
2025-12-11 16:10:06,922 [INFO] phase2_scraper:     Section dr_id: 5 radios, 0 checked
2025-12-11 16:10:06,924 [INFO] phase2_scraper:     Section sa_id: 9 radios, 0 checked
2025-12-11 16:10:06,925 [INFO] phase2_scraper:     Section sd_id: 15 radios, 1 checked
2025-12-11 16:10:09,676 [INFO] phase2_scraper:     Section e_id: 17 radios, 0 checked
2025-12-11 16:10:09,678 [INFO] phase2_scraper:     Section cm_id: 3 radios, 0 checked
2025-12-11 16:10:09,678 [INFO] phase2_scraper:   Found 1 modifier groups, 7 modifiers for dish 174404
2025-12-11 16:10:10,286 [INFO] phase2_scraper: Processing dish: 10 Pieces with 2 Large Sides & 4 Drinks HIDE (ID: 174405, combo=False)
2025-12-11 16:10:11,404 [INFO] phase2_scraper:   #groups has sections: ['br_id', 'ci_id', 'dr_id', 'sa_id', 'sd_id', 'e_id', 'cm_id']
2025-12-11 16:10:11,405 [INFO] phase2_scraper:     Section br_id: 4 radios, 0 checked
2025-12-11 16:10:11,406 [INFO] phase2_scraper:     Section ci_id: 17 radios, 0 checked
2025-12-11 16:10:11,407 [INFO] phase2_scraper:     Section dr_id: 5 radios, 0 checked
2025-12-11 16:10:11,408 [INFO] phase2_scraper:     Section sa_id: 9 radios, 0 checked
2025-12-11 16:10:11,409 [INFO] phase2_scraper:     Section sd_id: 15 radios, 1 checked
2025-12-11 16:10:14,061 [INFO] phase2_scraper:     Section e_id: 17 radios, 0 checked
2025-12-11 16:10:14,063 [INFO] phase2_scraper:     Section cm_id: 3 radios, 0 checked
2025-12-11 16:10:14,063 [INFO] phase2_scraper:   Found 1 modifier groups, 7 modifiers for dish 174405
2025-12-11 16:10:14,668 [INFO] phase2_scraper: Processing dish: Leg & Wing Deal (ID: 174406, combo=False)
2025-12-11 16:10:15,757 [INFO] phase2_scraper:   #groups has sections: ['br_id', 'ci_id', 'dr_id', 'sa_id', 'sd_id', 'e_id', 'cm_id']
2025-12-11 16:10:15,758 [INFO] phase2_scraper:     Section br_id: 4 radios, 0 checked
2025-12-11 16:10:15,759 [INFO] phase2_scraper:     Section ci_id: 17 radios, 0 checked
2025-12-11 16:10:15,759 [INFO] phase2_scraper:     Section dr_id: 5 radios, 0 checked
2025-12-11 16:10:15,760 [INFO] phase2_scraper:     Section sa_id: 9 radios, 0 checked
2025-12-11 16:10:15,761 [INFO] phase2_scraper:     Section sd_id: 15 radios, 1 checked
2025-12-11 16:10:16,340 [INFO] phase2_scraper:     Section e_id: 17 radios, 0 checked
2025-12-11 16:10:16,341 [INFO] phase2_scraper:     Section cm_id: 3 radios, 0 checked
2025-12-11 16:10:16,341 [INFO] phase2_scraper:   Found 1 modifier groups, 1 modifiers for dish 174406
2025-12-11 16:10:16,955 [INFO] phase2_scraper: Processing dish: 3 Pieces Meal with Side and 1 Pop HIDE (ID: 174407, combo=False)
2025-12-11 16:10:18,011 [INFO] phase2_scraper:   #groups has sections: ['br_id', 'ci_id', 'dr_id', 'sa_id', 'sd_id', 'e_id', 'cm_id']
2025-12-11 16:10:18,012 [INFO] phase2_scraper:     Section br_id: 4 radios, 0 checked
2025-12-11 16:10:18,012 [INFO] phase2_scraper:     Section ci_id: 17 radios, 0 checked
2025-12-11 16:10:18,013 [INFO] phase2_scraper:     Section dr_id: 5 radios, 0 checked
2025-12-11 16:10:18,014 [INFO] phase2_scraper:     Section sa_id: 9 radios, 0 checked
2025-12-11 16:10:18,014 [INFO] phase2_scraper:     Section sd_id: 15 radios, 1 checked
2025-12-11 16:10:20,074 [INFO] phase2_scraper:     Section e_id: 17 radios, 1 checked
2025-12-11 16:10:20,846 [INFO] phase2_scraper:     Section cm_id: 3 radios, 0 checked
2025-12-11 16:10:20,847 [INFO] phase2_scraper:   Found 2 modifier groups, 6 modifiers for dish 174407
2025-12-11 16:10:21,493 [INFO] phase2_scraper: Processing dish: 5 Pieces Box with Side and 2 Pops HIDE (ID: 174408, combo=False)
2025-12-11 16:10:22,729 [INFO] phase2_scraper:   #groups has sections: ['br_id', 'ci_id', 'dr_id', 'sa_id', 'sd_id', 'e_id', 'cm_id']
2025-12-11 16:10:22,730 [INFO] phase2_scraper:     Section br_id: 4 radios, 0 checked
2025-12-11 16:10:22,731 [INFO] phase2_scraper:     Section ci_id: 17 radios, 0 checked
2025-12-11 16:10:22,732 [INFO] phase2_scraper:     Section dr_id: 5 radios, 0 checked
2025-12-11 16:10:22,733 [INFO] phase2_scraper:     Section sa_id: 9 radios, 0 checked
2025-12-11 16:10:22,734 [INFO] phase2_scraper:     Section sd_id: 15 radios, 1 checked
2025-12-11 16:10:25,169 [INFO] phase2_scraper:     Section e_id: 17 radios, 1 checked
2025-12-11 16:10:25,683 [INFO] phase2_scraper:     Section cm_id: 3 radios, 0 checked
2025-12-11 16:10:25,683 [INFO] phase2_scraper:   Found 2 modifier groups, 6 modifiers for dish 174408
2025-12-11 16:10:26,286 [INFO] phase2_scraper: Processing dish: 10 Pieces Box with 2 Sides and 4 Pops HIDE (ID: 174409, combo=False)
2025-12-11 16:10:27,387 [INFO] phase2_scraper:   #groups has sections: ['br_id', 'ci_id', 'dr_id', 'sa_id', 'sd_id', 'e_id', 'cm_id']
2025-12-11 16:10:27,388 [INFO] phase2_scraper:     Section br_id: 4 radios, 0 checked
2025-12-11 16:10:27,389 [INFO] phase2_scraper:     Section ci_id: 17 radios, 0 checked
2025-12-11 16:10:27,389 [INFO] phase2_scraper:     Section dr_id: 5 radios, 0 checked
2025-12-11 16:10:27,391 [INFO] phase2_scraper:     Section sa_id: 9 radios, 0 checked
2025-12-11 16:10:27,392 [INFO] phase2_scraper:     Section sd_id: 15 radios, 1 checked
2025-12-11 16:10:29,351 [INFO] phase2_scraper:     Section e_id: 17 radios, 1 checked
2025-12-11 16:10:29,889 [INFO] phase2_scraper:     Section cm_id: 3 radios, 0 checked
2025-12-11 16:10:29,889 [INFO] phase2_scraper:   Found 2 modifier groups, 6 modifiers for dish 174409
2025-12-11 16:10:30,499 [INFO] phase2_scraper: Processing dish: 1 Piece Dark Meat HIDE (ID: 174410, combo=False)
2025-12-11 16:10:31,576 [INFO] phase2_scraper:   #groups has sections: ['br_id', 'ci_id', 'dr_id', 'sa_id', 'sd_id', 'e_id', 'cm_id']
2025-12-11 16:10:31,578 [INFO] phase2_scraper:     Section br_id: 4 radios, 0 checked
2025-12-11 16:10:31,579 [INFO] phase2_scraper:     Section ci_id: 17 radios, 0 checked
2025-12-11 16:10:31,579 [INFO] phase2_scraper:     Section dr_id: 5 radios, 0 checked
2025-12-11 16:10:31,581 [INFO] phase2_scraper:     Section sa_id: 9 radios, 0 checked
2025-12-11 16:10:31,581 [INFO] phase2_scraper:     Section sd_id: 15 radios, 0 checked
2025-12-11 16:10:31,582 [INFO] phase2_scraper:     Section e_id: 17 radios, 1 checked
2025-12-11 16:10:32,113 [INFO] phase2_scraper:     Section cm_id: 3 radios, 0 checked
2025-12-11 16:10:32,114 [INFO] phase2_scraper:   Found 1 modifier groups, 1 modifiers for dish 174410
2025-12-11 16:10:32,721 [INFO] phase2_scraper: Processing dish: 1 Piece White Meat HIDE (ID: 174411, combo=False)
2025-12-11 16:10:33,826 [INFO] phase2_scraper:   #groups has sections: ['br_id', 'ci_id', 'dr_id', 'sa_id', 'sd_id', 'e_id', 'cm_id']
2025-12-11 16:10:33,828 [INFO] phase2_scraper:     Section br_id: 4 radios, 0 checked
2025-12-11 16:10:33,828 [INFO] phase2_scraper:     Section ci_id: 17 radios, 0 checked
2025-12-11 16:10:33,829 [INFO] phase2_scraper:     Section dr_id: 5 radios, 0 checked
2025-12-11 16:10:33,830 [INFO] phase2_scraper:     Section sa_id: 9 radios, 0 checked
2025-12-11 16:10:33,830 [INFO] phase2_scraper:     Section sd_id: 15 radios, 0 checked
2025-12-11 16:10:33,831 [INFO] phase2_scraper:     Section e_id: 17 radios, 1 checked
2025-12-11 16:10:34,398 [INFO] phase2_scraper:     Section cm_id: 3 radios, 0 checked
2025-12-11 16:10:34,398 [INFO] phase2_scraper:   Found 1 modifier groups, 1 modifiers for dish 174411
2025-12-11 16:10:34,997 [INFO] phase2_scraper: Processing dish: Kids Nuggets With Fries HIDE (ID: 174412, combo=False)
2025-12-11 16:10:36,185 [INFO] phase2_scraper:   #groups has sections: ['br_id', 'ci_id', 'dr_id', 'sa_id', 'sd_id', 'e_id', 'cm_id']
2025-12-11 16:10:36,186 [INFO] phase2_scraper:     Section br_id: 4 radios, 0 checked
2025-12-11 16:10:36,187 [INFO] phase2_scraper:     Section ci_id: 17 radios, 0 checked
2025-12-11 16:10:36,188 [INFO] phase2_scraper:     Section dr_id: 5 radios, 0 checked
2025-12-11 16:10:36,189 [INFO] phase2_scraper:     Section sa_id: 9 radios, 1 checked
2025-12-11 16:10:43,202 [INFO] phase2_scraper:     Section sd_id: 15 radios, 0 checked
2025-12-11 16:10:43,203 [INFO] phase2_scraper:     Section e_id: 17 radios, 1 checked
2025-12-11 16:10:43,752 [INFO] phase2_scraper:     Section cm_id: 3 radios, 0 checked
2025-12-11 16:10:43,752 [INFO] phase2_scraper:   Found 2 modifier groups, 20 modifiers for dish 174412
2025-12-11 16:10:44,364 [INFO] phase2_scraper: Processing dish: Kids Nuggets With Onion Rings HIDE (ID: 174413, combo=False)
2025-12-11 16:10:45,475 [INFO] phase2_scraper:   #groups has sections: ['br_id', 'ci_id', 'dr_id', 'sa_id', 'sd_id', 'e_id', 'cm_id']
2025-12-11 16:10:45,476 [INFO] phase2_scraper:     Section br_id: 4 radios, 0 checked
2025-12-11 16:10:45,477 [INFO] phase2_scraper:     Section ci_id: 17 radios, 0 checked
2025-12-11 16:10:45,479 [INFO] phase2_scraper:     Section dr_id: 5 radios, 0 checked
2025-12-11 16:10:45,481 [INFO] phase2_scraper:     Section sa_id: 9 radios, 1 checked
2025-12-11 16:10:52,398 [INFO] phase2_scraper:     Section sd_id: 15 radios, 0 checked
2025-12-11 16:10:52,399 [INFO] phase2_scraper:     Section e_id: 17 radios, 0 checked
2025-12-11 16:10:52,400 [INFO] phase2_scraper:     Section cm_id: 3 radios, 0 checked
2025-12-11 16:10:52,400 [INFO] phase2_scraper:   Found 1 modifier groups, 19 modifiers for dish 174413
2025-12-11 16:10:53,014 [INFO] phase2_scraper: Processing dish: Cup & Char Pepperoni Pizza HIDE (ID: 174414, combo=True)
2025-12-11 16:10:56,439 [INFO] phase2_scraper: Processing dish: Pepperoni Lovers Pizza HIDE (ID: 174415, combo=True)
2025-12-11 16:10:59,788 [INFO] phase2_scraper: Processing dish: Whitewater Pie HIDE (ID: 174416, combo=True)
2025-12-11 16:11:03,145 [INFO] phase2_scraper: Processing dish: Plain Pizza HIDE (ID: 174417, combo=True)
2025-12-11 16:11:06,541 [INFO] phase2_scraper: Processing dish: 1 Topping Pizza HIDE (ID: 174418, combo=True)
2025-12-11 16:11:10,007 [INFO] phase2_scraper: Processing dish: 3 Toppings Pizza HIDE (ID: 174419, combo=True)
2025-12-11 16:11:13,373 [INFO] phase2_scraper: Processing dish: Chicken Bruschetta Pizza HIDE (ID: 174420, combo=True)
2025-12-11 16:11:16,783 [INFO] phase2_scraper: Processing dish: The Carnivore HIDE (ID: 174421, combo=True)
2025-12-11 16:11:20,258 [INFO] phase2_scraper: Processing dish: Combo Pizza HIDE (ID: 174422, combo=True)
2025-12-11 16:11:23,690 [INFO] phase2_scraper: Processing dish: Canadian HIDE (ID: 174423, combo=True)
2025-12-11 16:11:27,114 [INFO] phase2_scraper: Processing dish: Deluxe HIDE (ID: 174424, combo=True)
2025-12-11 16:11:30,546 [INFO] phase2_scraper: Processing dish: Hawaiian HIDE (ID: 174425, combo=True)
2025-12-11 16:11:33,991 [INFO] phase2_scraper: Processing dish: Vegetarian HIDE (ID: 174426, combo=True)
2025-12-11 16:11:37,402 [INFO] phase2_scraper: Processing dish: Rita HIDE (ID: 174427, combo=True)
2025-12-11 16:11:40,951 [INFO] phase2_scraper: Processing dish: Sweet & Spicy HIDE (ID: 174428, combo=True)
2025-12-11 16:11:44,346 [INFO] phase2_scraper: Processing dish: Meat Lovers HIDE (ID: 174429, combo=True)
2025-12-11 16:11:47,688 [INFO] phase2_scraper: Processing dish: Big Joe Mufferaw HIDE (ID: 174430, combo=True)
2025-12-11 16:11:51,078 [INFO] phase2_scraper: Processing dish: Cindy's BBQ Chicken HIDE (ID: 174431, combo=True)
2025-12-11 16:11:54,405 [INFO] phase2_scraper: Processing dish: Cup & Char Pepperoni Pizza (ID: 174432, combo=False)
2025-12-11 16:11:56,051 [INFO] phase2_scraper:   #groups has sections: ['br_id', 'ci_id', 'dr_id', 'sa_id', 'sd_id', 'e_id', 'cm_id']
2025-12-11 16:11:56,052 [INFO] phase2_scraper:     Section br_id: 4 radios, 1 checked
2025-12-11 16:12:11,669 [INFO] phase2_scraper:     Section ci_id: 17 radios, 1 checked
2025-12-11 16:12:32,137 [INFO] phase2_scraper:     Section dr_id: 5 radios, 1 checked
2025-12-11 16:12:33,357 [INFO] phase2_scraper:     Section sa_id: 9 radios, 0 checked
2025-12-11 16:12:33,358 [INFO] phase2_scraper:     Section sd_id: 15 radios, 1 checked
2025-12-11 16:12:36,804 [INFO] phase2_scraper:     Section e_id: 17 radios, 1 checked
2025-12-11 16:12:37,319 [INFO] phase2_scraper:     Section cm_id: 3 radios, 1 checked
2025-12-11 16:12:38,192 [INFO] phase2_scraper:   Found 6 modifier groups, 54 modifiers for dish 174432
2025-12-11 16:12:38,800 [INFO] phase2_scraper: Processing dish: Pepperoni Lovers Pizza (ID: 174433, combo=False)
2025-12-11 16:12:40,377 [INFO] phase2_scraper:   #groups has sections: ['br_id', 'ci_id', 'dr_id', 'sa_id', 'sd_id', 'e_id', 'cm_id']
2025-12-11 16:12:40,378 [INFO] phase2_scraper:     Section br_id: 4 radios, 1 checked
2025-12-11 16:12:55,683 [INFO] phase2_scraper:     Section ci_id: 17 radios, 1 checked
2025-12-11 16:13:16,716 [INFO] phase2_scraper:     Section dr_id: 5 radios, 1 checked
2025-12-11 16:13:18,024 [INFO] phase2_scraper:     Section sa_id: 9 radios, 0 checked
2025-12-11 16:13:18,025 [INFO] phase2_scraper:     Section sd_id: 15 radios, 1 checked
2025-12-11 16:13:21,569 [INFO] phase2_scraper:     Section e_id: 17 radios, 1 checked
2025-12-11 16:13:22,104 [INFO] phase2_scraper:     Section cm_id: 3 radios, 1 checked
2025-12-11 16:13:22,975 [INFO] phase2_scraper:   Found 6 modifier groups, 54 modifiers for dish 174433
2025-12-11 16:13:23,583 [INFO] phase2_scraper: Processing dish: Whitewater Pie (ID: 174434, combo=False)
2025-12-11 16:13:25,208 [INFO] phase2_scraper:   #groups has sections: ['br_id', 'ci_id', 'dr_id', 'sa_id', 'sd_id', 'e_id', 'cm_id']
2025-12-11 16:13:25,209 [INFO] phase2_scraper:     Section br_id: 4 radios, 1 checked
2025-12-11 16:13:40,754 [INFO] phase2_scraper:     Section ci_id: 17 radios, 1 checked
2025-12-11 16:14:01,664 [INFO] phase2_scraper:     Section dr_id: 5 radios, 0 checked
2025-12-11 16:14:01,665 [INFO] phase2_scraper:     Section sa_id: 9 radios, 0 checked
2025-12-11 16:14:01,666 [INFO] phase2_scraper:     Section sd_id: 15 radios, 1 checked
2025-12-11 16:14:05,185 [INFO] phase2_scraper:     Section e_id: 17 radios, 1 checked
2025-12-11 16:14:05,728 [INFO] phase2_scraper:     Section cm_id: 3 radios, 1 checked
2025-12-11 16:14:06,656 [INFO] phase2_scraper:   Found 5 modifier groups, 51 modifiers for dish 174434
2025-12-11 16:14:07,265 [INFO] phase2_scraper: Processing dish: Plain Pizza (ID: 174435, combo=False)
2025-12-11 16:14:08,965 [INFO] phase2_scraper:   #groups has sections: ['br_id', 'ci_id', 'dr_id', 'sa_id', 'sd_id', 'e_id', 'cm_id']
2025-12-11 16:14:08,967 [INFO] phase2_scraper:     Section br_id: 4 radios, 1 checked
2025-12-11 16:14:24,371 [INFO] phase2_scraper:     Section ci_id: 17 radios, 1 checked
2025-12-11 16:14:45,186 [INFO] phase2_scraper:     Section dr_id: 5 radios, 1 checked
2025-12-11 16:14:46,511 [INFO] phase2_scraper:     Section sa_id: 9 radios, 0 checked
2025-12-11 16:14:46,512 [INFO] phase2_scraper:     Section sd_id: 15 radios, 1 checked
2025-12-11 16:14:50,238 [INFO] phase2_scraper:     Section e_id: 17 radios, 1 checked
2025-12-11 16:14:50,778 [INFO] phase2_scraper:     Section cm_id: 3 radios, 1 checked
2025-12-11 16:14:51,687 [INFO] phase2_scraper:   Found 6 modifier groups, 54 modifiers for dish 174435
2025-12-11 16:14:52,321 [INFO] phase2_scraper: Processing dish: 1 Topping Pizza (ID: 174436, combo=True)
2025-12-11 16:14:54,838 [INFO] phase2_scraper: Processing dish: 2 Toppings Pizza HIDE (ID: 174437, combo=True)
2025-12-11 16:14:57,258 [INFO] phase2_scraper: Processing dish: 3 Toppings Pizza (ID: 174438, combo=True)
2025-12-11 16:14:59,707 [INFO] phase2_scraper: Processing dish: Chicken Bruschetta Pizza (ID: 174439, combo=False)
2025-12-11 16:15:01,343 [INFO] phase2_scraper:   #groups has sections: ['br_id', 'ci_id', 'dr_id', 'sa_id', 'sd_id', 'e_id', 'cm_id']
2025-12-11 16:15:01,344 [INFO] phase2_scraper:     Section br_id: 4 radios, 1 checked
2025-12-11 16:15:16,565 [INFO] phase2_scraper:     Section ci_id: 17 radios, 1 checked
2025-12-11 16:15:36,930 [INFO] phase2_scraper:     Section dr_id: 5 radios, 1 checked
2025-12-11 16:15:38,191 [INFO] phase2_scraper:     Section sa_id: 9 radios, 0 checked
2025-12-11 16:15:38,191 [INFO] phase2_scraper:     Section sd_id: 15 radios, 1 checked
2025-12-11 16:15:41,709 [INFO] phase2_scraper:     Section e_id: 17 radios, 1 checked
2025-12-11 16:15:42,224 [INFO] phase2_scraper:     Section cm_id: 3 radios, 1 checked
2025-12-11 16:15:43,073 [INFO] phase2_scraper:   Found 6 modifier groups, 54 modifiers for dish 174439
2025-12-11 16:15:43,678 [INFO] phase2_scraper: Processing dish: The Carnivore (ID: 174440, combo=False)
2025-12-11 16:15:45,270 [INFO] phase2_scraper:   #groups has sections: ['br_id', 'ci_id', 'dr_id', 'sa_id', 'sd_id', 'e_id', 'cm_id']
2025-12-11 16:15:45,271 [INFO] phase2_scraper:     Section br_id: 4 radios, 1 checked
2025-12-11 16:16:00,606 [INFO] phase2_scraper:     Section ci_id: 17 radios, 1 checked
2025-12-11 16:16:21,025 [INFO] phase2_scraper:     Section dr_id: 5 radios, 1 checked
2025-12-11 16:16:22,266 [INFO] phase2_scraper:     Section sa_id: 9 radios, 0 checked
2025-12-11 16:16:22,267 [INFO] phase2_scraper:     Section sd_id: 15 radios, 1 checked
2025-12-11 16:16:25,950 [INFO] phase2_scraper:     Section e_id: 17 radios, 1 checked
2025-12-11 16:16:26,466 [INFO] phase2_scraper:     Section cm_id: 3 radios, 1 checked
2025-12-11 16:16:27,408 [INFO] phase2_scraper:   Found 6 modifier groups, 54 modifiers for dish 174440
2025-12-11 16:16:28,035 [INFO] phase2_scraper: Processing dish: Combo Pizza (ID: 174441, combo=False)
2025-12-11 16:16:29,652 [INFO] phase2_scraper:   #groups has sections: ['br_id', 'ci_id', 'dr_id', 'sa_id', 'sd_id', 'e_id', 'cm_id']
2025-12-11 16:16:29,653 [INFO] phase2_scraper:     Section br_id: 4 radios, 1 checked
2025-12-11 16:16:44,860 [INFO] phase2_scraper:     Section ci_id: 17 radios, 1 checked
2025-12-11 16:17:05,286 [INFO] phase2_scraper:     Section dr_id: 5 radios, 1 checked
2025-12-11 16:17:06,515 [INFO] phase2_scraper:     Section sa_id: 9 radios, 0 checked
2025-12-11 16:17:06,517 [INFO] phase2_scraper:     Section sd_id: 15 radios, 1 checked
2025-12-11 16:17:10,085 [INFO] phase2_scraper:     Section e_id: 17 radios, 1 checked
2025-12-11 16:17:10,621 [INFO] phase2_scraper:     Section cm_id: 3 radios, 1 checked
2025-12-11 16:17:11,460 [INFO] phase2_scraper:   Found 6 modifier groups, 54 modifiers for dish 174441
2025-12-11 16:17:12,068 [INFO] phase2_scraper: Processing dish: Canadian (ID: 174442, combo=False)
2025-12-11 16:17:13,760 [INFO] phase2_scraper:   #groups has sections: ['br_id', 'ci_id', 'dr_id', 'sa_id', 'sd_id', 'e_id', 'cm_id']
2025-12-11 16:17:13,761 [INFO] phase2_scraper:     Section br_id: 4 radios, 1 checked
2025-12-11 16:17:28,818 [INFO] phase2_scraper:     Section ci_id: 17 radios, 1 checked
2025-12-11 16:17:49,552 [INFO] phase2_scraper:     Section dr_id: 5 radios, 1 checked
2025-12-11 16:17:50,850 [INFO] phase2_scraper:     Section sa_id: 9 radios, 0 checked
2025-12-11 16:17:50,850 [INFO] phase2_scraper:     Section sd_id: 15 radios, 1 checked
2025-12-11 16:17:54,562 [INFO] phase2_scraper:     Section e_id: 17 radios, 1 checked
2025-12-11 16:17:55,098 [INFO] phase2_scraper:     Section cm_id: 3 radios, 1 checked
2025-12-11 16:17:56,049 [INFO] phase2_scraper:   Found 6 modifier groups, 54 modifiers for dish 174442
2025-12-11 16:17:56,670 [INFO] phase2_scraper: Processing dish: Deluxe (ID: 174443, combo=False)
2025-12-11 16:17:58,382 [INFO] phase2_scraper:   #groups has sections: ['br_id', 'ci_id', 'dr_id', 'sa_id', 'sd_id', 'e_id', 'cm_id']
2025-12-11 16:17:58,383 [INFO] phase2_scraper:     Section br_id: 4 radios, 1 checked
2025-12-11 16:18:14,330 [INFO] phase2_scraper:     Section ci_id: 17 radios, 1 checked
2025-12-11 16:18:35,675 [INFO] phase2_scraper:     Section dr_id: 5 radios, 1 checked
2025-12-11 16:18:36,895 [INFO] phase2_scraper:     Section sa_id: 9 radios, 0 checked
2025-12-11 16:18:36,896 [INFO] phase2_scraper:     Section sd_id: 15 radios, 1 checked
2025-12-11 16:18:40,487 [INFO] phase2_scraper:     Section e_id: 17 radios, 1 checked
2025-12-11 16:18:41,001 [INFO] phase2_scraper:     Section cm_id: 3 radios, 1 checked
2025-12-11 16:18:41,910 [INFO] phase2_scraper:   Found 6 modifier groups, 54 modifiers for dish 174443
2025-12-11 16:18:42,526 [INFO] phase2_scraper: Processing dish: Hawaiian (ID: 174444, combo=False)
2025-12-11 16:18:44,291 [INFO] phase2_scraper:   #groups has sections: ['br_id', 'ci_id', 'dr_id', 'sa_id', 'sd_id', 'e_id', 'cm_id']
2025-12-11 16:18:44,292 [INFO] phase2_scraper:     Section br_id: 4 radios, 1 checked
2025-12-11 16:19:03,809 [INFO] phase2_scraper:     Section ci_id: 17 radios, 1 checked
2025-12-11 16:19:27,838 [INFO] phase2_scraper:     Section dr_id: 5 radios, 1 checked
2025-12-11 16:19:29,363 [INFO] phase2_scraper:     Section sa_id: 9 radios, 0 checked
2025-12-11 16:19:29,364 [INFO] phase2_scraper:     Section sd_id: 15 radios, 1 checked
2025-12-11 16:19:33,441 [INFO] phase2_scraper:     Section e_id: 17 radios, 1 checked
2025-12-11 16:19:34,013 [INFO] phase2_scraper:     Section cm_id: 3 radios, 1 checked
2025-12-11 16:19:35,067 [INFO] phase2_scraper:   Found 6 modifier groups, 54 modifiers for dish 174444
2025-12-11 16:19:35,679 [INFO] phase2_scraper: Processing dish: Vegetarian (ID: 174445, combo=False)
2025-12-11 16:19:37,541 [INFO] phase2_scraper:   #groups has sections: ['br_id', 'ci_id', 'dr_id', 'sa_id', 'sd_id', 'e_id', 'cm_id']
2025-12-11 16:19:37,542 [INFO] phase2_scraper:     Section br_id: 4 radios, 1 checked
2025-12-11 16:19:53,685 [INFO] phase2_scraper:     Section ci_id: 17 radios, 1 checked
2025-12-11 16:20:14,485 [INFO] phase2_scraper:     Section dr_id: 5 radios, 1 checked
2025-12-11 16:20:15,769 [INFO] phase2_scraper:     Section sa_id: 9 radios, 0 checked
2025-12-11 16:20:15,770 [INFO] phase2_scraper:     Section sd_id: 15 radios, 1 checked
2025-12-11 16:20:19,310 [INFO] phase2_scraper:     Section e_id: 17 radios, 1 checked
2025-12-11 16:20:19,844 [INFO] phase2_scraper:     Section cm_id: 3 radios, 1 checked
2025-12-11 16:20:20,714 [INFO] phase2_scraper:   Found 6 modifier groups, 54 modifiers for dish 174445
2025-12-11 16:20:21,317 [INFO] phase2_scraper: Processing dish: Rita (ID: 174446, combo=False)
2025-12-11 16:20:22,928 [INFO] phase2_scraper:   #groups has sections: ['br_id', 'ci_id', 'dr_id', 'sa_id', 'sd_id', 'e_id', 'cm_id']
2025-12-11 16:20:22,930 [INFO] phase2_scraper:     Section br_id: 4 radios, 1 checked
2025-12-11 16:20:38,536 [INFO] phase2_scraper:     Section ci_id: 17 radios, 1 checked
2025-12-11 16:20:59,497 [INFO] phase2_scraper:     Section dr_id: 5 radios, 1 checked
2025-12-11 16:21:00,777 [INFO] phase2_scraper:     Section sa_id: 9 radios, 0 checked
2025-12-11 16:21:00,778 [INFO] phase2_scraper:     Section sd_id: 15 radios, 1 checked
2025-12-11 16:21:04,253 [INFO] phase2_scraper:     Section e_id: 17 radios, 1 checked
2025-12-11 16:21:04,778 [INFO] phase2_scraper:     Section cm_id: 3 radios, 1 checked
2025-12-11 16:21:05,643 [INFO] phase2_scraper:   Found 6 modifier groups, 54 modifiers for dish 174446
2025-12-11 16:21:06,250 [INFO] phase2_scraper: Processing dish: Sweet & Spicy (ID: 174447, combo=False)
2025-12-11 16:21:07,873 [INFO] phase2_scraper:   #groups has sections: ['br_id', 'ci_id', 'dr_id', 'sa_id', 'sd_id', 'e_id', 'cm_id']
2025-12-11 16:21:07,874 [INFO] phase2_scraper:     Section br_id: 4 radios, 1 checked
2025-12-11 16:21:23,028 [INFO] phase2_scraper:     Section ci_id: 17 radios, 1 checked
2025-12-11 16:21:43,678 [INFO] phase2_scraper:     Section dr_id: 5 radios, 1 checked
2025-12-11 16:21:45,013 [INFO] phase2_scraper:     Section sa_id: 9 radios, 0 checked
2025-12-11 16:21:45,014 [INFO] phase2_scraper:     Section sd_id: 15 radios, 1 checked
2025-12-11 16:21:48,722 [INFO] phase2_scraper:     Section e_id: 17 radios, 1 checked
2025-12-11 16:21:49,273 [INFO] phase2_scraper:     Section cm_id: 3 radios, 1 checked
2025-12-11 16:21:50,176 [INFO] phase2_scraper:   Found 6 modifier groups, 54 modifiers for dish 174447
2025-12-11 16:21:50,813 [INFO] phase2_scraper: Processing dish: Meat Lovers (ID: 174448, combo=False)
2025-12-11 16:21:52,468 [INFO] phase2_scraper:   #groups has sections: ['br_id', 'ci_id', 'dr_id', 'sa_id', 'sd_id', 'e_id', 'cm_id']
2025-12-11 16:21:52,470 [INFO] phase2_scraper:     Section br_id: 4 radios, 1 checked
2025-12-11 16:22:08,394 [INFO] phase2_scraper:     Section ci_id: 17 radios, 1 checked
2025-12-11 16:22:29,100 [INFO] phase2_scraper:     Section dr_id: 5 radios, 1 checked
2025-12-11 16:22:30,344 [INFO] phase2_scraper:     Section sa_id: 9 radios, 0 checked
2025-12-11 16:22:30,345 [INFO] phase2_scraper:     Section sd_id: 15 radios, 1 checked
2025-12-11 16:22:33,902 [INFO] phase2_scraper:     Section e_id: 17 radios, 1 checked
2025-12-11 16:22:34,415 [INFO] phase2_scraper:     Section cm_id: 3 radios, 1 checked
2025-12-11 16:22:35,272 [INFO] phase2_scraper:   Found 6 modifier groups, 54 modifiers for dish 174448
2025-12-11 16:22:35,878 [INFO] phase2_scraper: Processing dish: Big Joe Mufferaw (ID: 174449, combo=False)
2025-12-11 16:22:37,604 [INFO] phase2_scraper:   #groups has sections: ['br_id', 'ci_id', 'dr_id', 'sa_id', 'sd_id', 'e_id', 'cm_id']
2025-12-11 16:22:37,605 [INFO] phase2_scraper:     Section br_id: 4 radios, 1 checked
2025-12-11 16:22:53,382 [INFO] phase2_scraper:     Section ci_id: 17 radios, 1 checked
2025-12-11 16:23:14,139 [INFO] phase2_scraper:     Section dr_id: 5 radios, 1 checked
2025-12-11 16:23:15,395 [INFO] phase2_scraper:     Section sa_id: 9 radios, 0 checked
2025-12-11 16:23:15,396 [INFO] phase2_scraper:     Section sd_id: 15 radios, 1 checked
2025-12-11 16:23:18,932 [INFO] phase2_scraper:     Section e_id: 17 radios, 1 checked
2025-12-11 16:23:19,459 [INFO] phase2_scraper:     Section cm_id: 3 radios, 1 checked
2025-12-11 16:23:20,329 [INFO] phase2_scraper:   Found 6 modifier groups, 54 modifiers for dish 174449
2025-12-11 16:23:20,937 [INFO] phase2_scraper: Processing dish: Cindy's BBQ Chicken (ID: 174450, combo=False)
2025-12-11 16:23:22,621 [INFO] phase2_scraper:   #groups has sections: ['br_id', 'ci_id', 'dr_id', 'sa_id', 'sd_id', 'e_id', 'cm_id']
2025-12-11 16:23:22,622 [INFO] phase2_scraper:     Section br_id: 4 radios, 1 checked
2025-12-11 16:23:37,851 [INFO] phase2_scraper:     Section ci_id: 17 radios, 1 checked
2025-12-11 16:23:59,109 [INFO] phase2_scraper:     Section dr_id: 5 radios, 1 checked
2025-12-11 16:24:00,294 [INFO] phase2_scraper:     Section sa_id: 9 radios, 0 checked
2025-12-11 16:24:00,295 [INFO] phase2_scraper:     Section sd_id: 15 radios, 1 checked
2025-12-11 16:24:03,860 [INFO] phase2_scraper:     Section e_id: 17 radios, 1 checked
2025-12-11 16:24:04,397 [INFO] phase2_scraper:     Section cm_id: 3 radios, 1 checked
2025-12-11 16:24:05,349 [INFO] phase2_scraper:   Found 6 modifier groups, 54 modifiers for dish 174450
2025-12-11 16:24:05,958 [INFO] phase2_scraper: Processing dish: Piggy Palooza HIDE (ID: 174451, combo=False)
2025-12-11 16:24:07,600 [INFO] phase2_scraper:   #groups has sections: ['br_id', 'ci_id', 'dr_id', 'sa_id', 'sd_id', 'e_id', 'cm_id']
2025-12-11 16:24:07,601 [INFO] phase2_scraper:     Section br_id: 4 radios, 1 checked
2025-12-11 16:24:23,167 [INFO] phase2_scraper:     Section ci_id: 17 radios, 1 checked
2025-12-11 16:24:43,989 [INFO] phase2_scraper:     Section dr_id: 5 radios, 1 checked
2025-12-11 16:24:45,252 [INFO] phase2_scraper:     Section sa_id: 9 radios, 0 checked
2025-12-11 16:24:45,253 [INFO] phase2_scraper:     Section sd_id: 15 radios, 1 checked
2025-12-11 16:24:48,873 [INFO] phase2_scraper:     Section e_id: 17 radios, 1 checked
2025-12-11 16:24:49,373 [INFO] phase2_scraper:     Section cm_id: 3 radios, 1 checked
2025-12-11 16:24:50,302 [INFO] phase2_scraper:   Found 6 modifier groups, 54 modifiers for dish 174451
2025-12-11 16:24:50,906 [INFO] phase2_scraper: Processing dish: Maple Bacon BBQ Pizza HIDE (ID: 174452, combo=False)
2025-12-11 16:24:52,519 [INFO] phase2_scraper:   #groups has sections: ['br_id', 'ci_id', 'dr_id', 'sa_id', 'sd_id', 'e_id', 'cm_id']
2025-12-11 16:24:52,520 [INFO] phase2_scraper:     Section br_id: 4 radios, 1 checked
2025-12-11 16:25:07,921 [INFO] phase2_scraper:     Section ci_id: 17 radios, 1 checked
2025-12-11 16:25:28,025 [INFO] phase2_scraper:     Section dr_id: 5 radios, 1 checked
2025-12-11 16:25:29,245 [INFO] phase2_scraper:     Section sa_id: 9 radios, 1 checked
2025-12-11 16:25:36,012 [INFO] phase2_scraper:     Section sd_id: 15 radios, 0 checked
2025-12-11 16:25:36,014 [INFO] phase2_scraper:     Section e_id: 17 radios, 1 checked
2025-12-11 16:25:36,543 [INFO] phase2_scraper:     Section cm_id: 3 radios, 0 checked
2025-12-11 16:25:36,544 [INFO] phase2_scraper:   Found 5 modifier groups, 66 modifiers for dish 174452
2025-12-11 16:25:37,155 [INFO] phase2_scraper: Processing dish: Sloppy Joe HIDE (ID: 174453, combo=False)
2025-12-11 16:25:38,731 [INFO] phase2_scraper:   #groups has sections: ['br_id', 'ci_id', 'dr_id', 'sa_id', 'sd_id', 'e_id', 'cm_id']
2025-12-11 16:25:38,732 [INFO] phase2_scraper:     Section br_id: 4 radios, 1 checked
2025-12-11 16:25:54,083 [INFO] phase2_scraper:     Section ci_id: 17 radios, 1 checked
2025-12-11 16:26:15,593 [INFO] phase2_scraper:     Section dr_id: 5 radios, 0 checked
2025-12-11 16:26:15,595 [INFO] phase2_scraper:     Section sa_id: 9 radios, 1 checked
2025-12-11 16:26:23,361 [INFO] phase2_scraper:     Section sd_id: 15 radios, 0 checked
2025-12-11 16:26:23,362 [INFO] phase2_scraper:     Section e_id: 17 radios, 0 checked
2025-12-11 16:26:23,364 [INFO] phase2_scraper:     Section cm_id: 3 radios, 0 checked
2025-12-11 16:26:23,364 [INFO] phase2_scraper:   Found 3 modifier groups, 62 modifiers for dish 174453
2025-12-11 16:26:23,966 [INFO] phase2_scraper: Processing dish: Lumber King Double Stack HIDE (ID: 174454, combo=False)
2025-12-11 16:26:25,079 [INFO] phase2_scraper:   #groups has sections: ['br_id', 'ci_id', 'dr_id', 'sa_id', 'sd_id', 'e_id', 'cm_id']
2025-12-11 16:26:25,080 [INFO] phase2_scraper:     Section br_id: 4 radios, 0 checked
2025-12-11 16:26:25,081 [INFO] phase2_scraper:     Section ci_id: 17 radios, 1 checked
2025-12-11 16:26:46,457 [INFO] phase2_scraper:     Section dr_id: 5 radios, 1 checked
2025-12-11 16:26:47,836 [INFO] phase2_scraper:     Section sa_id: 9 radios, 1 checked
2025-12-11 16:26:55,219 [INFO] phase2_scraper:     Section sd_id: 15 radios, 0 checked
2025-12-11 16:26:55,220 [INFO] phase2_scraper:     Section e_id: 17 radios, 1 checked
2025-12-11 16:26:55,805 [INFO] phase2_scraper:     Section cm_id: 3 radios, 0 checked
2025-12-11 16:26:55,805 [INFO] phase2_scraper:   Found 4 modifier groups, 46 modifiers for dish 174454
2025-12-11 16:26:56,411 [INFO] phase2_scraper: Processing dish: Uncle Jim's Sausage and Pepper Pie HIDE (ID: 174455, combo=False)
2025-12-11 16:26:58,034 [INFO] phase2_scraper:   #groups has sections: ['br_id', 'ci_id', 'dr_id', 'sa_id', 'sd_id', 'e_id', 'cm_id']
2025-12-11 16:26:58,035 [INFO] phase2_scraper:     Section br_id: 4 radios, 1 checked
2025-12-11 16:27:14,587 [INFO] phase2_scraper:     Section ci_id: 17 radios, 1 checked
2025-12-11 16:27:36,510 [INFO] phase2_scraper:     Section dr_id: 5 radios, 1 checked
2025-12-11 16:27:37,759 [INFO] phase2_scraper:     Section sa_id: 9 radios, 1 checked
2025-12-11 16:27:44,825 [INFO] phase2_scraper:     Section sd_id: 15 radios, 0 checked
2025-12-11 16:27:44,827 [INFO] phase2_scraper:     Section e_id: 17 radios, 1 checked
2025-12-11 16:27:45,375 [INFO] phase2_scraper:     Section cm_id: 3 radios, 0 checked
2025-12-11 16:27:45,375 [INFO] phase2_scraper:   Found 5 modifier groups, 66 modifiers for dish 174455
2025-12-11 16:27:45,985 [INFO] phase2_scraper: Processing dish: Mom's Night Off with 10 pcs Fried Chicken HIDE (ID: 174456, combo=True)
2025-12-11 16:27:48,940 [INFO] phase2_scraper: Processing dish: Drumstick Meal with Fries & Drink HIDE (ID: 174457, combo=False)
2025-12-11 16:27:49,980 [INFO] phase2_scraper:   #groups has sections: ['br_id', 'ci_id', 'dr_id', 'sa_id', 'sd_id', 'e_id', 'cm_id']
2025-12-11 16:27:49,981 [INFO] phase2_scraper:     Section br_id: 4 radios, 0 checked
2025-12-11 16:27:49,982 [INFO] phase2_scraper:     Section ci_id: 17 radios, 0 checked
2025-12-11 16:27:49,983 [INFO] phase2_scraper:     Section dr_id: 5 radios, 0 checked
2025-12-11 16:27:49,984 [INFO] phase2_scraper:     Section sa_id: 9 radios, 0 checked
2025-12-11 16:27:49,985 [INFO] phase2_scraper:     Section sd_id: 15 radios, 0 checked
2025-12-11 16:27:49,985 [INFO] phase2_scraper:     Section e_id: 17 radios, 0 checked
2025-12-11 16:27:49,986 [INFO] phase2_scraper:     Section cm_id: 3 radios, 0 checked
2025-12-11 16:27:50,590 [INFO] phase2_scraper: Processing dish: Drumstick Meal with Small Poutine & Drink HIDE (ID: 174458, combo=True)
2025-12-11 16:27:52,522 [INFO] phase2_scraper: Processing dish: Taco Beef Pizza HIDE (ID: 174459, combo=False)
2025-12-11 16:27:54,116 [INFO] phase2_scraper:   #groups has sections: ['br_id', 'ci_id', 'dr_id', 'sa_id', 'sd_id', 'e_id', 'cm_id']
2025-12-11 16:27:54,117 [INFO] phase2_scraper:     Section br_id: 4 radios, 1 checked
2025-12-11 16:28:09,127 [INFO] phase2_scraper:     Section ci_id: 17 radios, 1 checked
2025-12-11 16:28:30,720 [INFO] phase2_scraper:     Section dr_id: 5 radios, 0 checked
2025-12-11 16:28:30,721 [INFO] phase2_scraper:     Section sa_id: 9 radios, 1 checked
2025-12-11 16:28:38,505 [INFO] phase2_scraper:     Section sd_id: 15 radios, 0 checked
2025-12-11 16:28:38,506 [INFO] phase2_scraper:     Section e_id: 17 radios, 0 checked
2025-12-11 16:28:38,507 [INFO] phase2_scraper:     Section cm_id: 3 radios, 1 checked
2025-12-11 16:28:39,745 [INFO] phase2_scraper:   Found 4 modifier groups, 65 modifiers for dish 174459
2025-12-11 16:28:40,350 [INFO] phase2_scraper: Processing dish: 1-2-3 Special HIDE (ID: 174460, combo=True)
2025-12-11 16:28:42,952 [INFO] phase2_scraper: Processing dish: Taco Chicken Pizza HIDE (ID: 174461, combo=False)
2025-12-11 16:28:44,584 [INFO] phase2_scraper:   #groups has sections: ['br_id', 'ci_id', 'dr_id', 'sa_id', 'sd_id', 'e_id', 'cm_id']
2025-12-11 16:28:44,585 [INFO] phase2_scraper:     Section br_id: 4 radios, 1 checked
2025-12-11 16:28:59,748 [INFO] phase2_scraper:     Section ci_id: 17 radios, 1 checked
2025-12-11 16:29:20,136 [INFO] phase2_scraper:     Section dr_id: 5 radios, 0 checked
2025-12-11 16:29:20,138 [INFO] phase2_scraper:     Section sa_id: 9 radios, 1 checked
2025-12-11 16:29:26,807 [INFO] phase2_scraper:     Section sd_id: 15 radios, 0 checked
2025-12-11 16:29:26,808 [INFO] phase2_scraper:     Section e_id: 17 radios, 0 checked
2025-12-11 16:29:26,809 [INFO] phase2_scraper:     Section cm_id: 3 radios, 1 checked
2025-12-11 16:29:28,061 [INFO] phase2_scraper:   Found 4 modifier groups, 65 modifiers for dish 174461
2025-12-11 16:29:28,667 [INFO] phase2_scraper: Processing dish: Veggie Taco Pizza HIDE (ID: 174462, combo=False)
2025-12-11 16:29:30,426 [INFO] phase2_scraper:   #groups has sections: ['br_id', 'ci_id', 'dr_id', 'sa_id', 'sd_id', 'e_id', 'cm_id']
2025-12-11 16:29:30,427 [INFO] phase2_scraper:     Section br_id: 4 radios, 1 checked
2025-12-11 16:29:45,377 [INFO] phase2_scraper:     Section ci_id: 17 radios, 1 checked
2025-12-11 16:30:05,976 [INFO] phase2_scraper:     Section dr_id: 5 radios, 0 checked
2025-12-11 16:30:05,977 [INFO] phase2_scraper:     Section sa_id: 9 radios, 1 checked
2025-12-11 16:30:12,834 [INFO] phase2_scraper:     Section sd_id: 15 radios, 0 checked
2025-12-11 16:30:12,836 [INFO] phase2_scraper:     Section e_id: 17 radios, 0 checked
2025-12-11 16:30:12,837 [INFO] phase2_scraper:     Section cm_id: 3 radios, 1 checked
2025-12-11 16:30:14,103 [INFO] phase2_scraper:   Found 4 modifier groups, 65 modifiers for dish 174462
2025-12-11 16:30:14,707 [INFO] phase2_scraper: Processing dish: Ultimate Shredded Pepperoni HIDE (ID: 174463, combo=False)
2025-12-11 16:30:16,318 [INFO] phase2_scraper:   #groups has sections: ['br_id', 'ci_id', 'dr_id', 'sa_id', 'sd_id', 'e_id', 'cm_id']
2025-12-11 16:30:16,320 [INFO] phase2_scraper:     Section br_id: 4 radios, 1 checked
2025-12-11 16:30:31,481 [INFO] phase2_scraper:     Section ci_id: 17 radios, 1 checked
2025-12-11 16:30:52,075 [INFO] phase2_scraper:     Section dr_id: 5 radios, 1 checked
2025-12-11 16:30:53,286 [INFO] phase2_scraper:     Section sa_id: 9 radios, 1 checked
2025-12-11 16:31:00,221 [INFO] phase2_scraper:     Section sd_id: 15 radios, 0 checked
2025-12-11 16:31:00,223 [INFO] phase2_scraper:     Section e_id: 17 radios, 1 checked
2025-12-11 16:31:00,774 [INFO] phase2_scraper:     Section cm_id: 3 radios, 1 checked
2025-12-11 16:31:01,631 [INFO] phase2_scraper:   Found 6 modifier groups, 68 modifiers for dish 174463
2025-12-11 16:31:02,246 [INFO] phase2_scraper: Processing dish: Mediterranean HIDE (ID: 174464, combo=False)
2025-12-11 16:31:04,069 [INFO] phase2_scraper:   #groups has sections: ['br_id', 'ci_id', 'dr_id', 'sa_id', 'sd_id', 'e_id', 'cm_id']
2025-12-11 16:31:04,070 [INFO] phase2_scraper:     Section br_id: 4 radios, 1 checked
2025-12-11 16:31:19,398 [INFO] phase2_scraper:     Section ci_id: 17 radios, 1 checked
2025-12-11 16:31:39,661 [INFO] phase2_scraper:     Section dr_id: 5 radios, 1 checked
2025-12-11 16:31:40,931 [INFO] phase2_scraper:     Section sa_id: 9 radios, 1 checked
2025-12-11 16:31:47,863 [INFO] phase2_scraper:     Section sd_id: 15 radios, 0 checked
2025-12-11 16:31:47,864 [INFO] phase2_scraper:     Section e_id: 17 radios, 1 checked
2025-12-11 16:31:48,415 [INFO] phase2_scraper:     Section cm_id: 3 radios, 1 checked
2025-12-11 16:31:49,357 [INFO] phase2_scraper:   Found 6 modifier groups, 68 modifiers for dish 174464
2025-12-11 16:31:49,954 [INFO] phase2_scraper: Processing dish: X-Large Pizza & Poutine Deal HIDE (ID: 174465, combo=True)
2025-12-11 16:31:52,401 [INFO] phase2_scraper: Processing dish: Halle's Special HIDE (ID: 174466, combo=True)
2025-12-11 16:31:54,522 [INFO] phase2_scraper: Processing dish: Kayla's Special HIDE (ID: 174467, combo=True)
2025-12-11 16:31:56,933 [INFO] phase2_scraper: Processing dish: Joey's Special HIDE (ID: 174468, combo=True)
2025-12-11 16:31:59,337 [INFO] phase2_scraper: Processing dish: Two Pizzas 3 Toppings HIDE (ID: 174469, combo=True)
2025-12-11 16:32:01,777 [INFO] phase2_scraper: Processing dish: Medium Pizza & Poutine Deal HIDE (ID: 174470, combo=True)
2025-12-11 16:32:04,172 [INFO] phase2_scraper: Processing dish: Large Pizza & Poutine Deal HIDE (ID: 174471, combo=True)
2025-12-11 16:32:06,634 [INFO] phase2_scraper: Processing dish: Wing Boy HIDE (ID: 174472, combo=True)
2025-12-11 16:32:08,787 [INFO] phase2_scraper: Processing dish: Wing Man HIDE (ID: 174473, combo=True)
2025-12-11 16:32:10,932 [INFO] phase2_scraper: Processing dish: Poutine Calzone HIDE (ID: 174474, combo=False)
2025-12-11 16:32:11,961 [INFO] phase2_scraper:   #groups has sections: ['br_id', 'ci_id', 'dr_id', 'sa_id', 'sd_id', 'e_id', 'cm_id']
2025-12-11 16:32:11,962 [INFO] phase2_scraper:     Section br_id: 4 radios, 0 checked
2025-12-11 16:32:11,963 [INFO] phase2_scraper:     Section ci_id: 17 radios, 1 checked
2025-12-11 16:32:32,469 [INFO] phase2_scraper:     Section dr_id: 5 radios, 0 checked
2025-12-11 16:32:32,471 [INFO] phase2_scraper:     Section sa_id: 9 radios, 0 checked
2025-12-11 16:32:32,472 [INFO] phase2_scraper:     Section sd_id: 15 radios, 1 checked
2025-12-11 16:32:36,000 [INFO] phase2_scraper:     Section e_id: 17 radios, 0 checked
2025-12-11 16:32:36,002 [INFO] phase2_scraper:     Section cm_id: 3 radios, 0 checked
2025-12-11 16:32:36,002 [INFO] phase2_scraper:   Found 2 modifier groups, 28 modifiers for dish 174474
2025-12-11 16:32:36,614 [INFO] phase2_scraper: Processing dish: Calzone (ID: 174475, combo=False)
2025-12-11 16:32:37,687 [INFO] phase2_scraper:   #groups has sections: ['br_id', 'ci_id', 'dr_id', 'sa_id', 'sd_id', 'e_id', 'cm_id']
2025-12-11 16:32:37,688 [INFO] phase2_scraper:     Section br_id: 4 radios, 0 checked
2025-12-11 16:32:37,689 [INFO] phase2_scraper:     Section ci_id: 17 radios, 1 checked
2025-12-11 16:32:58,413 [INFO] phase2_scraper:     Section dr_id: 5 radios, 0 checked
2025-12-11 16:32:58,415 [INFO] phase2_scraper:     Section sa_id: 9 radios, 0 checked
2025-12-11 16:32:58,417 [INFO] phase2_scraper:     Section sd_id: 15 radios, 1 checked
2025-12-11 16:33:01,936 [INFO] phase2_scraper:     Section e_id: 17 radios, 0 checked
2025-12-11 16:33:01,937 [INFO] phase2_scraper:     Section cm_id: 3 radios, 0 checked
2025-12-11 16:33:01,937 [INFO] phase2_scraper:   Found 2 modifier groups, 28 modifiers for dish 174475
2025-12-11 16:33:02,542 [INFO] phase2_scraper: Processing dish: Lasagna Take & Bake HIDE (ID: 174476, combo=False)
2025-12-11 16:33:03,607 [INFO] phase2_scraper:   #groups has sections: ['br_id', 'ci_id', 'dr_id', 'sa_id', 'sd_id', 'e_id', 'cm_id']
2025-12-11 16:33:03,608 [INFO] phase2_scraper:     Section br_id: 4 radios, 0 checked
2025-12-11 16:33:03,610 [INFO] phase2_scraper:     Section ci_id: 17 radios, 0 checked
2025-12-11 16:33:03,611 [INFO] phase2_scraper:     Section dr_id: 5 radios, 0 checked
2025-12-11 16:33:03,612 [INFO] phase2_scraper:     Section sa_id: 9 radios, 0 checked
2025-12-11 16:33:03,612 [INFO] phase2_scraper:     Section sd_id: 15 radios, 0 checked
2025-12-11 16:33:03,613 [INFO] phase2_scraper:     Section e_id: 17 radios, 0 checked
2025-12-11 16:33:03,614 [INFO] phase2_scraper:     Section cm_id: 3 radios, 0 checked
2025-12-11 16:33:04,221 [INFO] phase2_scraper: Processing dish: Lasagna with Garlic Toast HIDE (ID: 174477, combo=False)
2025-12-11 16:33:05,327 [INFO] phase2_scraper:   #groups has sections: ['br_id', 'ci_id', 'dr_id', 'sa_id', 'sd_id', 'e_id', 'cm_id']
2025-12-11 16:33:05,328 [INFO] phase2_scraper:     Section br_id: 4 radios, 0 checked
2025-12-11 16:33:05,329 [INFO] phase2_scraper:     Section ci_id: 17 radios, 0 checked
2025-12-11 16:33:05,330 [INFO] phase2_scraper:     Section dr_id: 5 radios, 0 checked
2025-12-11 16:33:05,331 [INFO] phase2_scraper:     Section sa_id: 9 radios, 0 checked
2025-12-11 16:33:05,332 [INFO] phase2_scraper:     Section sd_id: 15 radios, 0 checked
2025-12-11 16:33:05,333 [INFO] phase2_scraper:     Section e_id: 17 radios, 1 checked
2025-12-11 16:33:06,900 [INFO] phase2_scraper:     Section cm_id: 3 radios, 0 checked
2025-12-11 16:33:06,901 [INFO] phase2_scraper:   Found 1 modifier groups, 3 modifiers for dish 174477
2025-12-11 16:33:07,514 [INFO] phase2_scraper: Processing dish: Chocolate Hazelnut Nutella JoJos HIDE (ID: 174478, combo=False)
2025-12-11 16:33:08,590 [INFO] phase2_scraper:   #groups has sections: ['br_id', 'ci_id', 'dr_id', 'sa_id', 'sd_id', 'e_id', 'cm_id']
2025-12-11 16:33:08,590 [INFO] phase2_scraper:     Section br_id: 4 radios, 0 checked
2025-12-11 16:33:08,591 [INFO] phase2_scraper:     Section ci_id: 17 radios, 0 checked
2025-12-11 16:33:08,592 [INFO] phase2_scraper:     Section dr_id: 5 radios, 0 checked
2025-12-11 16:33:08,593 [INFO] phase2_scraper:     Section sa_id: 9 radios, 0 checked
2025-12-11 16:33:08,594 [INFO] phase2_scraper:     Section sd_id: 15 radios, 0 checked
2025-12-11 16:33:08,595 [INFO] phase2_scraper:     Section e_id: 17 radios, 0 checked
2025-12-11 16:33:08,596 [INFO] phase2_scraper:     Section cm_id: 3 radios, 0 checked
2025-12-11 16:33:09,201 [INFO] phase2_scraper: Processing dish: Chocolate and Hazelnut Cookie (ID: 174479, combo=False)
2025-12-11 16:33:10,273 [INFO] phase2_scraper:   #groups has sections: ['br_id', 'ci_id', 'dr_id', 'sa_id', 'sd_id', 'e_id', 'cm_id']
2025-12-11 16:33:10,274 [INFO] phase2_scraper:     Section br_id: 4 radios, 0 checked
2025-12-11 16:33:10,275 [INFO] phase2_scraper:     Section ci_id: 17 radios, 0 checked
2025-12-11 16:33:10,276 [INFO] phase2_scraper:     Section dr_id: 5 radios, 0 checked
2025-12-11 16:33:10,277 [INFO] phase2_scraper:     Section sa_id: 9 radios, 0 checked
2025-12-11 16:33:10,278 [INFO] phase2_scraper:     Section sd_id: 15 radios, 0 checked
2025-12-11 16:33:10,279 [INFO] phase2_scraper:     Section e_id: 17 radios, 0 checked
2025-12-11 16:33:10,280 [INFO] phase2_scraper:     Section cm_id: 3 radios, 0 checked
2025-12-11 16:33:10,884 [INFO] phase2_scraper: Processing dish: Carney Fries HIDE (ID: 174480, combo=False)
2025-12-11 16:33:12,015 [INFO] phase2_scraper:   #groups has sections: ['br_id', 'ci_id', 'dr_id', 'sa_id', 'sd_id', 'e_id', 'cm_id']
2025-12-11 16:33:12,016 [INFO] phase2_scraper:     Section br_id: 4 radios, 0 checked
2025-12-11 16:33:12,016 [INFO] phase2_scraper:     Section ci_id: 17 radios, 0 checked
2025-12-11 16:33:12,017 [INFO] phase2_scraper:     Section dr_id: 5 radios, 0 checked
2025-12-11 16:33:12,018 [INFO] phase2_scraper:     Section sa_id: 9 radios, 0 checked
2025-12-11 16:33:12,019 [INFO] phase2_scraper:     Section sd_id: 15 radios, 0 checked
2025-12-11 16:33:12,020 [INFO] phase2_scraper:     Section e_id: 17 radios, 0 checked
2025-12-11 16:33:12,021 [INFO] phase2_scraper:     Section cm_id: 3 radios, 0 checked
2025-12-11 16:33:12,630 [INFO] phase2_scraper: Processing dish: Snowstorms HIDE (ID: 174481, combo=False)
2025-12-11 16:33:14,227 [INFO] phase2_scraper:   #groups has sections: ['br_id', 'ci_id', 'dr_id', 'sa_id', 'sd_id', 'e_id', 'cm_id']
2025-12-11 16:33:14,228 [INFO] phase2_scraper:     Section br_id: 4 radios, 0 checked
2025-12-11 16:33:14,229 [INFO] phase2_scraper:     Section ci_id: 17 radios, 0 checked
2025-12-11 16:33:14,230 [INFO] phase2_scraper:     Section dr_id: 5 radios, 0 checked
2025-12-11 16:33:14,231 [INFO] phase2_scraper:     Section sa_id: 9 radios, 0 checked
2025-12-11 16:33:14,232 [INFO] phase2_scraper:     Section sd_id: 15 radios, 0 checked
2025-12-11 16:33:14,233 [INFO] phase2_scraper:     Section e_id: 17 radios, 0 checked
2025-12-11 16:33:14,234 [INFO] phase2_scraper:     Section cm_id: 3 radios, 0 checked
2025-12-11 16:33:14,836 [INFO] phase2_scraper: Processing dish: Pizza Tails HIDE (ID: 174482, combo=False)
2025-12-11 16:33:16,430 [INFO] phase2_scraper:   #groups has sections: ['br_id', 'ci_id', 'dr_id', 'sa_id', 'sd_id', 'e_id', 'cm_id']
2025-12-11 16:33:16,431 [INFO] phase2_scraper:     Section br_id: 4 radios, 0 checked
2025-12-11 16:33:16,432 [INFO] phase2_scraper:     Section ci_id: 17 radios, 0 checked
2025-12-11 16:33:16,433 [INFO] phase2_scraper:     Section dr_id: 5 radios, 0 checked
2025-12-11 16:33:16,434 [INFO] phase2_scraper:     Section sa_id: 9 radios, 0 checked
2025-12-11 16:33:16,434 [INFO] phase2_scraper:     Section sd_id: 15 radios, 0 checked
2025-12-11 16:33:16,435 [INFO] phase2_scraper:     Section e_id: 17 radios, 0 checked
2025-12-11 16:33:16,437 [INFO] phase2_scraper:     Section cm_id: 3 radios, 0 checked
2025-12-11 16:33:17,048 [INFO] phase2_scraper: Processing dish: Random Chocolate Bar HIDE (ID: 174483, combo=False)
2025-12-11 16:33:18,332 [INFO] phase2_scraper:   #groups has sections: ['br_id', 'ci_id', 'dr_id', 'sa_id', 'sd_id', 'e_id', 'cm_id']
2025-12-11 16:33:18,333 [INFO] phase2_scraper:     Section br_id: 4 radios, 0 checked
2025-12-11 16:33:18,333 [INFO] phase2_scraper:     Section ci_id: 17 radios, 0 checked
2025-12-11 16:33:18,334 [INFO] phase2_scraper:     Section dr_id: 5 radios, 0 checked
2025-12-11 16:33:18,335 [INFO] phase2_scraper:     Section sa_id: 9 radios, 0 checked
2025-12-11 16:33:18,336 [INFO] phase2_scraper:     Section sd_id: 15 radios, 0 checked
2025-12-11 16:33:18,336 [INFO] phase2_scraper:     Section e_id: 17 radios, 0 checked
2025-12-11 16:33:18,337 [INFO] phase2_scraper:     Section cm_id: 3 radios, 0 checked
2025-12-11 16:33:18,942 [INFO] phase2_scraper: Processing dish: Chocolate Chip Cookie HIDE (ID: 174484, combo=False)
2025-12-11 16:33:20,035 [INFO] phase2_scraper:   #groups has sections: ['br_id', 'ci_id', 'dr_id', 'sa_id', 'sd_id', 'e_id', 'cm_id']
2025-12-11 16:33:20,037 [INFO] phase2_scraper:     Section br_id: 4 radios, 0 checked
2025-12-11 16:33:20,037 [INFO] phase2_scraper:     Section ci_id: 17 radios, 0 checked
2025-12-11 16:33:20,039 [INFO] phase2_scraper:     Section dr_id: 5 radios, 0 checked
2025-12-11 16:33:20,040 [INFO] phase2_scraper:     Section sa_id: 9 radios, 0 checked
2025-12-11 16:33:20,041 [INFO] phase2_scraper:     Section sd_id: 15 radios, 0 checked
2025-12-11 16:33:20,042 [INFO] phase2_scraper:     Section e_id: 17 radios, 0 checked
2025-12-11 16:33:20,044 [INFO] phase2_scraper:     Section cm_id: 3 radios, 0 checked
2025-12-11 16:33:20,646 [INFO] phase2_scraper: Processing dish: Gummy Candies HIDE (ID: 174485, combo=False)
2025-12-11 16:33:21,710 [INFO] phase2_scraper:   #groups has sections: ['br_id', 'ci_id', 'dr_id', 'sa_id', 'sd_id', 'e_id', 'cm_id']
2025-12-11 16:33:21,711 [INFO] phase2_scraper:     Section br_id: 4 radios, 0 checked
2025-12-11 16:33:21,712 [INFO] phase2_scraper:     Section ci_id: 17 radios, 0 checked
2025-12-11 16:33:21,713 [INFO] phase2_scraper:     Section dr_id: 5 radios, 0 checked
2025-12-11 16:33:21,714 [INFO] phase2_scraper:     Section sa_id: 9 radios, 0 checked
2025-12-11 16:33:21,715 [INFO] phase2_scraper:     Section sd_id: 15 radios, 0 checked
2025-12-11 16:33:21,716 [INFO] phase2_scraper:     Section e_id: 17 radios, 0 checked
2025-12-11 16:33:21,717 [INFO] phase2_scraper:     Section cm_id: 3 radios, 0 checked
2025-12-11 16:33:22,334 [INFO] phase2_scraper: Processing dish: Sour Gummy Candies (ID: 174486, combo=False)
2025-12-11 16:33:23,416 [INFO] phase2_scraper:   #groups has sections: ['br_id', 'ci_id', 'dr_id', 'sa_id', 'sd_id', 'e_id', 'cm_id']
2025-12-11 16:33:23,417 [INFO] phase2_scraper:     Section br_id: 4 radios, 0 checked
2025-12-11 16:33:23,418 [INFO] phase2_scraper:     Section ci_id: 17 radios, 0 checked
2025-12-11 16:33:23,419 [INFO] phase2_scraper:     Section dr_id: 5 radios, 0 checked
2025-12-11 16:33:23,420 [INFO] phase2_scraper:     Section sa_id: 9 radios, 0 checked
2025-12-11 16:33:23,421 [INFO] phase2_scraper:     Section sd_id: 15 radios, 0 checked
2025-12-11 16:33:23,422 [INFO] phase2_scraper:     Section e_id: 17 radios, 0 checked
2025-12-11 16:33:23,423 [INFO] phase2_scraper:     Section cm_id: 3 radios, 0 checked
2025-12-11 16:33:24,028 [INFO] phase2_scraper: Processing dish: Dessert Dipping Sauce HIDE (ID: 174487, combo=False)
2025-12-11 16:33:25,481 [INFO] phase2_scraper:   #groups has sections: ['br_id', 'ci_id', 'dr_id', 'sa_id', 'sd_id', 'e_id', 'cm_id']
2025-12-11 16:33:25,482 [INFO] phase2_scraper:     Section br_id: 4 radios, 0 checked
2025-12-11 16:33:25,483 [INFO] phase2_scraper:     Section ci_id: 17 radios, 0 checked
2025-12-11 16:33:25,484 [INFO] phase2_scraper:     Section dr_id: 5 radios, 0 checked
2025-12-11 16:33:25,485 [INFO] phase2_scraper:     Section sa_id: 9 radios, 0 checked
2025-12-11 16:33:25,486 [INFO] phase2_scraper:     Section sd_id: 15 radios, 0 checked
2025-12-11 16:33:25,487 [INFO] phase2_scraper:     Section e_id: 17 radios, 0 checked
2025-12-11 16:33:25,488 [INFO] phase2_scraper:     Section cm_id: 3 radios, 0 checked
2025-12-11 16:33:26,089 [INFO] phase2_scraper: Processing dish: Pumpkin Pie Pizza Tail HIDE (ID: 174488, combo=False)
2025-12-11 16:33:27,158 [INFO] phase2_scraper:   #groups has sections: ['br_id', 'ci_id', 'dr_id', 'sa_id', 'sd_id', 'e_id', 'cm_id']
2025-12-11 16:33:27,158 [INFO] phase2_scraper:     Section br_id: 4 radios, 0 checked
2025-12-11 16:33:27,159 [INFO] phase2_scraper:     Section ci_id: 17 radios, 0 checked
2025-12-11 16:33:27,160 [INFO] phase2_scraper:     Section dr_id: 5 radios, 0 checked
2025-12-11 16:33:27,161 [INFO] phase2_scraper:     Section sa_id: 9 radios, 1 checked
2025-12-11 16:33:28,436 [INFO] phase2_scraper:     Section sd_id: 15 radios, 0 checked
2025-12-11 16:33:28,437 [INFO] phase2_scraper:     Section e_id: 17 radios, 0 checked
2025-12-11 16:33:28,439 [INFO] phase2_scraper:     Section cm_id: 3 radios, 0 checked
2025-12-11 16:33:28,439 [INFO] phase2_scraper:   Found 1 modifier groups, 3 modifiers for dish 174488
2025-12-11 16:33:29,046 [INFO] phase2_scraper: Processing dish: Cookies & Cream Tail HIDE (ID: 174489, combo=False)
2025-12-11 16:33:30,093 [INFO] phase2_scraper:   #groups has sections: ['br_id', 'ci_id', 'dr_id', 'sa_id', 'sd_id', 'e_id', 'cm_id']
2025-12-11 16:33:30,094 [INFO] phase2_scraper:     Section br_id: 4 radios, 0 checked
2025-12-11 16:33:30,095 [INFO] phase2_scraper:     Section ci_id: 17 radios, 0 checked
2025-12-11 16:33:30,096 [INFO] phase2_scraper:     Section dr_id: 5 radios, 0 checked
2025-12-11 16:33:30,097 [INFO] phase2_scraper:     Section sa_id: 9 radios, 0 checked
2025-12-11 16:33:30,098 [INFO] phase2_scraper:     Section sd_id: 15 radios, 0 checked
2025-12-11 16:33:30,099 [INFO] phase2_scraper:     Section e_id: 17 radios, 0 checked
2025-12-11 16:33:30,100 [INFO] phase2_scraper:     Section cm_id: 3 radios, 0 checked
2025-12-11 16:33:30,707 [INFO] phase2_scraper: Processing dish: Joes Generic Snowstorm Frozen Dessert Treat HIDE (ID: 174490, combo=False)
2025-12-11 16:33:32,279 [INFO] phase2_scraper:   #groups has sections: ['br_id', 'ci_id', 'dr_id', 'sa_id', 'sd_id', 'e_id', 'cm_id']
2025-12-11 16:33:32,280 [INFO] phase2_scraper:     Section br_id: 4 radios, 0 checked
2025-12-11 16:33:32,280 [INFO] phase2_scraper:     Section ci_id: 17 radios, 0 checked
2025-12-11 16:33:32,281 [INFO] phase2_scraper:     Section dr_id: 5 radios, 0 checked
2025-12-11 16:33:32,282 [INFO] phase2_scraper:     Section sa_id: 9 radios, 0 checked
2025-12-11 16:33:32,283 [INFO] phase2_scraper:     Section sd_id: 15 radios, 0 checked
2025-12-11 16:33:32,284 [INFO] phase2_scraper:     Section e_id: 17 radios, 0 checked
2025-12-11 16:33:32,285 [INFO] phase2_scraper:     Section cm_id: 3 radios, 0 checked
2025-12-11 16:33:32,888 [INFO] phase2_scraper: Processing dish: Smores Marshmallow Fluff Tail HIDE (ID: 174491, combo=False)
2025-12-11 16:33:33,961 [INFO] phase2_scraper:   #groups has sections: ['br_id', 'ci_id', 'dr_id', 'sa_id', 'sd_id', 'e_id', 'cm_id']
2025-12-11 16:33:33,963 [INFO] phase2_scraper:     Section br_id: 4 radios, 0 checked
2025-12-11 16:33:33,964 [INFO] phase2_scraper:     Section ci_id: 17 radios, 0 checked
2025-12-11 16:33:33,965 [INFO] phase2_scraper:     Section dr_id: 5 radios, 0 checked
2025-12-11 16:33:33,966 [INFO] phase2_scraper:     Section sa_id: 9 radios, 1 checked
2025-12-11 16:33:35,195 [INFO] phase2_scraper:     Section sd_id: 15 radios, 0 checked
2025-12-11 16:33:35,196 [INFO] phase2_scraper:     Section e_id: 17 radios, 0 checked
2025-12-11 16:33:35,197 [INFO] phase2_scraper:     Section cm_id: 3 radios, 0 checked
2025-12-11 16:33:35,198 [INFO] phase2_scraper:   Found 1 modifier groups, 3 modifiers for dish 174491
2025-12-11 16:33:35,805 [INFO] phase2_scraper: Processing dish: Cookie Dough HIDE (ID: 174492, combo=False)
2025-12-11 16:33:37,027 [INFO] phase2_scraper:   #groups has sections: ['br_id', 'ci_id', 'dr_id', 'sa_id', 'sd_id', 'e_id', 'cm_id']
2025-12-11 16:33:37,028 [INFO] phase2_scraper:     Section br_id: 4 radios, 0 checked
2025-12-11 16:33:37,029 [INFO] phase2_scraper:     Section ci_id: 17 radios, 1 checked
2025-12-11 16:33:38,973 [INFO] phase2_scraper:     Section dr_id: 5 radios, 0 checked
2025-12-11 16:33:38,974 [INFO] phase2_scraper:     Section sa_id: 9 radios, 0 checked
2025-12-11 16:33:38,975 [INFO] phase2_scraper:     Section sd_id: 15 radios, 0 checked
2025-12-11 16:33:38,976 [INFO] phase2_scraper:     Section e_id: 17 radios, 0 checked
2025-12-11 16:33:38,977 [INFO] phase2_scraper:     Section cm_id: 3 radios, 0 checked
2025-12-11 16:33:38,978 [INFO] phase2_scraper:   Found 1 modifier groups, 5 modifiers for dish 174492
2025-12-11 16:33:39,577 [INFO] phase2_scraper: Processing dish: Eganvilles Finest Scratch Made Butter Tarts HIDE (ID: 174493, combo=False)
2025-12-11 16:33:40,645 [INFO] phase2_scraper:   #groups has sections: ['br_id', 'ci_id', 'dr_id', 'sa_id', 'sd_id', 'e_id', 'cm_id']
2025-12-11 16:33:40,647 [INFO] phase2_scraper:     Section br_id: 4 radios, 0 checked
2025-12-11 16:33:40,648 [INFO] phase2_scraper:     Section ci_id: 17 radios, 0 checked
2025-12-11 16:33:40,648 [INFO] phase2_scraper:     Section dr_id: 5 radios, 0 checked
2025-12-11 16:33:40,650 [INFO] phase2_scraper:     Section sa_id: 9 radios, 0 checked
2025-12-11 16:33:40,650 [INFO] phase2_scraper:     Section sd_id: 15 radios, 0 checked
2025-12-11 16:33:40,651 [INFO] phase2_scraper:     Section e_id: 17 radios, 0 checked
2025-12-11 16:33:40,652 [INFO] phase2_scraper:     Section cm_id: 3 radios, 0 checked
2025-12-11 16:33:41,269 [INFO] phase2_scraper: Processing dish: Pizza Tail HIDE (ID: 174494, combo=False)
2025-12-11 16:33:42,362 [INFO] phase2_scraper:   #groups has sections: ['br_id', 'ci_id', 'dr_id', 'sa_id', 'sd_id', 'e_id', 'cm_id']
2025-12-11 16:33:42,363 [INFO] phase2_scraper:     Section br_id: 4 radios, 0 checked
2025-12-11 16:33:42,364 [INFO] phase2_scraper:     Section ci_id: 17 radios, 1 checked
2025-12-11 16:33:45,012 [INFO] phase2_scraper:     Section dr_id: 5 radios, 0 checked
2025-12-11 16:33:45,013 [INFO] phase2_scraper:     Section sa_id: 9 radios, 1 checked
2025-12-11 16:33:46,254 [INFO] phase2_scraper:     Section sd_id: 15 radios, 0 checked
2025-12-11 16:33:46,255 [INFO] phase2_scraper:     Section e_id: 17 radios, 0 checked
2025-12-11 16:33:46,257 [INFO] phase2_scraper:     Section cm_id: 3 radios, 0 checked
2025-12-11 16:33:46,257 [INFO] phase2_scraper:   Found 2 modifier groups, 10 modifiers for dish 174494
2025-12-11 16:33:46,864 [INFO] phase2_scraper: Processing dish: Nutella Pizza Tail HIDE (ID: 174495, combo=False)
2025-12-11 16:33:47,951 [INFO] phase2_scraper:   #groups has sections: ['br_id', 'ci_id', 'dr_id', 'sa_id', 'sd_id', 'e_id', 'cm_id']
2025-12-11 16:33:47,952 [INFO] phase2_scraper:     Section br_id: 4 radios, 0 checked
2025-12-11 16:33:47,953 [INFO] phase2_scraper:     Section ci_id: 17 radios, 0 checked
2025-12-11 16:33:47,954 [INFO] phase2_scraper:     Section dr_id: 5 radios, 0 checked
2025-12-11 16:33:47,955 [INFO] phase2_scraper:     Section sa_id: 9 radios, 1 checked
2025-12-11 16:33:49,215 [INFO] phase2_scraper:     Section sd_id: 15 radios, 0 checked
2025-12-11 16:33:49,216 [INFO] phase2_scraper:     Section e_id: 17 radios, 0 checked
2025-12-11 16:33:49,217 [INFO] phase2_scraper:     Section cm_id: 3 radios, 0 checked
2025-12-11 16:33:49,217 [INFO] phase2_scraper:   Found 1 modifier groups, 3 modifiers for dish 174495
2025-12-11 16:33:49,820 [INFO] phase2_scraper: Processing dish: Chef's Choice Pizza Tail HIDE (ID: 174496, combo=False)
2025-12-11 16:33:50,900 [INFO] phase2_scraper:   #groups has sections: ['br_id', 'ci_id', 'dr_id', 'sa_id', 'sd_id', 'e_id', 'cm_id']
2025-12-11 16:33:50,901 [INFO] phase2_scraper:     Section br_id: 4 radios, 0 checked
2025-12-11 16:33:50,902 [INFO] phase2_scraper:     Section ci_id: 17 radios, 0 checked
2025-12-11 16:33:50,903 [INFO] phase2_scraper:     Section dr_id: 5 radios, 0 checked
2025-12-11 16:33:50,903 [INFO] phase2_scraper:     Section sa_id: 9 radios, 1 checked
2025-12-11 16:33:52,134 [INFO] phase2_scraper:     Section sd_id: 15 radios, 0 checked
2025-12-11 16:33:52,135 [INFO] phase2_scraper:     Section e_id: 17 radios, 0 checked
2025-12-11 16:33:52,136 [INFO] phase2_scraper:     Section cm_id: 3 radios, 0 checked
2025-12-11 16:33:52,136 [INFO] phase2_scraper:   Found 1 modifier groups, 3 modifiers for dish 174496
2025-12-11 16:33:52,747 [INFO] phase2_scraper: Processing dish: Chocolate Bar Lovers Tail HIDE (ID: 174497, combo=False)
2025-12-11 16:33:53,809 [INFO] phase2_scraper:   #groups has sections: ['br_id', 'ci_id', 'dr_id', 'sa_id', 'sd_id', 'e_id', 'cm_id']
2025-12-11 16:33:53,810 [INFO] phase2_scraper:     Section br_id: 4 radios, 0 checked
2025-12-11 16:33:53,811 [INFO] phase2_scraper:     Section ci_id: 17 radios, 0 checked
2025-12-11 16:33:53,812 [INFO] phase2_scraper:     Section dr_id: 5 radios, 0 checked
2025-12-11 16:33:53,813 [INFO] phase2_scraper:     Section sa_id: 9 radios, 0 checked
2025-12-11 16:33:53,814 [INFO] phase2_scraper:     Section sd_id: 15 radios, 0 checked
2025-12-11 16:33:53,814 [INFO] phase2_scraper:     Section e_id: 17 radios, 0 checked
2025-12-11 16:33:53,815 [INFO] phase2_scraper:     Section cm_id: 3 radios, 0 checked
2025-12-11 16:33:54,414 [INFO] phase2_scraper: Processing dish: Reese's Pieces Parfait Tail HIDE (ID: 174498, combo=False)
2025-12-11 16:33:55,456 [INFO] phase2_scraper:   #groups has sections: ['br_id', 'ci_id', 'dr_id', 'sa_id', 'sd_id', 'e_id', 'cm_id']
2025-12-11 16:33:55,457 [INFO] phase2_scraper:     Section br_id: 4 radios, 0 checked
2025-12-11 16:33:55,458 [INFO] phase2_scraper:     Section ci_id: 17 radios, 0 checked
2025-12-11 16:33:55,459 [INFO] phase2_scraper:     Section dr_id: 5 radios, 0 checked
2025-12-11 16:33:55,460 [INFO] phase2_scraper:     Section sa_id: 9 radios, 0 checked
2025-12-11 16:33:55,461 [INFO] phase2_scraper:     Section sd_id: 15 radios, 0 checked
2025-12-11 16:33:55,462 [INFO] phase2_scraper:     Section e_id: 17 radios, 0 checked
2025-12-11 16:33:55,463 [INFO] phase2_scraper:     Section cm_id: 3 radios, 0 checked
2025-12-11 16:33:56,065 [INFO] phase2_scraper: Processing dish: NEW Pot of Gold Pizza Tail HIDE (ID: 174499, combo=False)
2025-12-11 16:33:57,133 [INFO] phase2_scraper:   #groups has sections: ['br_id', 'ci_id', 'dr_id', 'sa_id', 'sd_id', 'e_id', 'cm_id']
2025-12-11 16:33:57,134 [INFO] phase2_scraper:     Section br_id: 4 radios, 0 checked
2025-12-11 16:33:57,135 [INFO] phase2_scraper:     Section ci_id: 17 radios, 0 checked
2025-12-11 16:33:57,136 [INFO] phase2_scraper:     Section dr_id: 5 radios, 0 checked
2025-12-11 16:33:57,137 [INFO] phase2_scraper:     Section sa_id: 9 radios, 1 checked
2025-12-11 16:33:58,345 [INFO] phase2_scraper:     Section sd_id: 15 radios, 0 checked
2025-12-11 16:33:58,346 [INFO] phase2_scraper:     Section e_id: 17 radios, 0 checked
2025-12-11 16:33:58,347 [INFO] phase2_scraper:     Section cm_id: 3 radios, 0 checked
2025-12-11 16:33:58,347 [INFO] phase2_scraper:   Found 1 modifier groups, 3 modifiers for dish 174499
2025-12-11 16:33:58,954 [INFO] phase2_scraper: Processing dish: Elf Surprise Pizza Tail HIDE (ID: 174500, combo=False)
2025-12-11 16:34:00,077 [INFO] phase2_scraper:   #groups has sections: ['br_id', 'ci_id', 'dr_id', 'sa_id', 'sd_id', 'e_id', 'cm_id']
2025-12-11 16:34:00,078 [INFO] phase2_scraper:     Section br_id: 4 radios, 0 checked
2025-12-11 16:34:00,079 [INFO] phase2_scraper:     Section ci_id: 17 radios, 0 checked
2025-12-11 16:34:00,080 [INFO] phase2_scraper:     Section dr_id: 5 radios, 0 checked
2025-12-11 16:34:00,081 [INFO] phase2_scraper:     Section sa_id: 9 radios, 1 checked
2025-12-11 16:34:01,325 [INFO] phase2_scraper:     Section sd_id: 15 radios, 0 checked
2025-12-11 16:34:01,326 [INFO] phase2_scraper:     Section e_id: 17 radios, 0 checked
2025-12-11 16:34:01,327 [INFO] phase2_scraper:     Section cm_id: 3 radios, 0 checked
2025-12-11 16:34:01,327 [INFO] phase2_scraper:   Found 1 modifier groups, 3 modifiers for dish 174500
2025-12-11 16:34:01,940 [INFO] phase2_scraper: Processing dish: NEW Ferrero Rocher Pizza Tail HIDE (ID: 174501, combo=False)
2025-12-11 16:34:03,024 [INFO] phase2_scraper:   #groups has sections: ['br_id', 'ci_id', 'dr_id', 'sa_id', 'sd_id', 'e_id', 'cm_id']
2025-12-11 16:34:03,025 [INFO] phase2_scraper:     Section br_id: 4 radios, 0 checked
2025-12-11 16:34:03,026 [INFO] phase2_scraper:     Section ci_id: 17 radios, 0 checked
2025-12-11 16:34:03,027 [INFO] phase2_scraper:     Section dr_id: 5 radios, 0 checked
2025-12-11 16:34:03,028 [INFO] phase2_scraper:     Section sa_id: 9 radios, 1 checked
2025-12-11 16:34:04,262 [INFO] phase2_scraper:     Section sd_id: 15 radios, 0 checked
2025-12-11 16:34:04,263 [INFO] phase2_scraper:     Section e_id: 17 radios, 0 checked
2025-12-11 16:34:04,264 [INFO] phase2_scraper:     Section cm_id: 3 radios, 0 checked
2025-12-11 16:34:04,264 [INFO] phase2_scraper:   Found 1 modifier groups, 3 modifiers for dish 174501
2025-12-11 16:34:04,877 [INFO] phase2_scraper: Processing dish: Buy 2 Pizza Tails Get the 3rd Free HIDE (ID: 174502, combo=False)
2025-12-11 16:34:05,977 [INFO] phase2_scraper:   #groups has sections: ['br_id', 'ci_id', 'dr_id', 'sa_id', 'sd_id', 'e_id', 'cm_id']
2025-12-11 16:34:05,978 [INFO] phase2_scraper:     Section br_id: 4 radios, 0 checked
2025-12-11 16:34:05,978 [INFO] phase2_scraper:     Section ci_id: 17 radios, 1 checked
2025-12-11 16:34:08,631 [INFO] phase2_scraper:     Section dr_id: 5 radios, 0 checked
2025-12-11 16:34:08,632 [INFO] phase2_scraper:     Section sa_id: 9 radios, 1 checked
2025-12-11 16:34:09,918 [INFO] phase2_scraper:     Section sd_id: 15 radios, 0 checked
2025-12-11 16:34:09,919 [INFO] phase2_scraper:     Section e_id: 17 radios, 0 checked
2025-12-11 16:34:09,920 [INFO] phase2_scraper:     Section cm_id: 3 radios, 0 checked
2025-12-11 16:34:09,920 [INFO] phase2_scraper:   Found 2 modifier groups, 10 modifiers for dish 174502
2025-12-11 16:34:10,534 [INFO] phase2_scraper: Processing dish: Buy 2 Large Cookie Dough Get the 3rd Free HIDE (ID: 174503, combo=False)
2025-12-11 16:34:11,649 [INFO] phase2_scraper:   #groups has sections: ['br_id', 'ci_id', 'dr_id', 'sa_id', 'sd_id', 'e_id', 'cm_id']
2025-12-11 16:34:11,650 [INFO] phase2_scraper:     Section br_id: 4 radios, 0 checked
2025-12-11 16:34:11,650 [INFO] phase2_scraper:     Section ci_id: 17 radios, 1 checked
2025-12-11 16:34:13,636 [INFO] phase2_scraper:     Section dr_id: 5 radios, 0 checked
2025-12-11 16:34:13,638 [INFO] phase2_scraper:     Section sa_id: 9 radios, 0 checked
2025-12-11 16:34:13,638 [INFO] phase2_scraper:     Section sd_id: 15 radios, 0 checked
2025-12-11 16:34:13,639 [INFO] phase2_scraper:     Section e_id: 17 radios, 0 checked
2025-12-11 16:34:13,640 [INFO] phase2_scraper:     Section cm_id: 3 radios, 0 checked
2025-12-11 16:34:13,640 [INFO] phase2_scraper:   Found 1 modifier groups, 5 modifiers for dish 174503
2025-12-11 16:34:14,246 [INFO] phase2_scraper: Processing dish: Buy 2 Regular Cookie Dough Get the 3rd Free HIDE (ID: 174504, combo=False)
2025-12-11 16:34:15,287 [INFO] phase2_scraper:   #groups has sections: ['br_id', 'ci_id', 'dr_id', 'sa_id', 'sd_id', 'e_id', 'cm_id']
2025-12-11 16:34:15,288 [INFO] phase2_scraper:     Section br_id: 4 radios, 0 checked
2025-12-11 16:34:15,289 [INFO] phase2_scraper:     Section ci_id: 17 radios, 1 checked
2025-12-11 16:34:17,223 [INFO] phase2_scraper:     Section dr_id: 5 radios, 0 checked
2025-12-11 16:34:17,224 [INFO] phase2_scraper:     Section sa_id: 9 radios, 0 checked
2025-12-11 16:34:17,225 [INFO] phase2_scraper:     Section sd_id: 15 radios, 0 checked
2025-12-11 16:34:17,226 [INFO] phase2_scraper:     Section e_id: 17 radios, 0 checked
2025-12-11 16:34:17,227 [INFO] phase2_scraper:     Section cm_id: 3 radios, 0 checked
2025-12-11 16:34:17,228 [INFO] phase2_scraper:   Found 1 modifier groups, 5 modifiers for dish 174504
2025-12-11 16:34:17,836 [INFO] phase2_scraper: Processing dish: Jojos HIDE (ID: 174505, combo=False)
2025-12-11 16:34:19,229 [INFO] phase2_scraper:   #groups has sections: ['br_id', 'ci_id', 'dr_id', 'sa_id', 'sd_id', 'e_id', 'cm_id']
2025-12-11 16:34:19,231 [INFO] phase2_scraper:     Section br_id: 4 radios, 0 checked
2025-12-11 16:34:19,231 [INFO] phase2_scraper:     Section ci_id: 17 radios, 0 checked
2025-12-11 16:34:19,232 [INFO] phase2_scraper:     Section dr_id: 5 radios, 0 checked
2025-12-11 16:34:19,233 [INFO] phase2_scraper:     Section sa_id: 9 radios, 1 checked
2025-12-11 16:34:20,448 [INFO] phase2_scraper:     Section sd_id: 15 radios, 0 checked
2025-12-11 16:34:20,449 [INFO] phase2_scraper:     Section e_id: 17 radios, 0 checked
2025-12-11 16:34:20,450 [INFO] phase2_scraper:     Section cm_id: 3 radios, 0 checked
2025-12-11 16:34:20,450 [INFO] phase2_scraper:   Found 1 modifier groups, 3 modifiers for dish 174505
2025-12-11 16:34:21,059 [INFO] phase2_scraper: Processing dish: Lemon Pie Pizza Tail HIDE (ID: 174506, combo=False)
2025-12-11 16:34:22,127 [INFO] phase2_scraper:   #groups has sections: ['br_id', 'ci_id', 'dr_id', 'sa_id', 'sd_id', 'e_id', 'cm_id']
2025-12-11 16:34:22,128 [INFO] phase2_scraper:     Section br_id: 4 radios, 0 checked
2025-12-11 16:34:22,129 [INFO] phase2_scraper:     Section ci_id: 17 radios, 0 checked
2025-12-11 16:34:22,130 [INFO] phase2_scraper:     Section dr_id: 5 radios, 0 checked
2025-12-11 16:34:22,130 [INFO] phase2_scraper:     Section sa_id: 9 radios, 1 checked
2025-12-11 16:34:23,351 [INFO] phase2_scraper:     Section sd_id: 15 radios, 0 checked
2025-12-11 16:34:23,353 [INFO] phase2_scraper:     Section e_id: 17 radios, 0 checked
2025-12-11 16:34:23,354 [INFO] phase2_scraper:     Section cm_id: 3 radios, 0 checked
2025-12-11 16:34:23,355 [INFO] phase2_scraper:   Found 1 modifier groups, 3 modifiers for dish 174506
2025-12-11 16:34:23,957 [INFO] phase2_scraper: Processing dish: Black Forest Cherry Cheesecake Pizza Tail HIDE (ID: 174507, combo=False)
2025-12-11 16:34:24,999 [INFO] phase2_scraper:   #groups has sections: ['br_id', 'ci_id', 'dr_id', 'sa_id', 'sd_id', 'e_id', 'cm_id']
2025-12-11 16:34:25,000 [INFO] phase2_scraper:     Section br_id: 4 radios, 0 checked
2025-12-11 16:34:25,001 [INFO] phase2_scraper:     Section ci_id: 17 radios, 0 checked
2025-12-11 16:34:25,002 [INFO] phase2_scraper:     Section dr_id: 5 radios, 0 checked
2025-12-11 16:34:25,003 [INFO] phase2_scraper:     Section sa_id: 9 radios, 1 checked
2025-12-11 16:34:26,290 [INFO] phase2_scraper:     Section sd_id: 15 radios, 0 checked
2025-12-11 16:34:26,291 [INFO] phase2_scraper:     Section e_id: 17 radios, 0 checked
2025-12-11 16:34:26,292 [INFO] phase2_scraper:     Section cm_id: 3 radios, 0 checked
2025-12-11 16:34:26,292 [INFO] phase2_scraper:   Found 1 modifier groups, 3 modifiers for dish 174507
2025-12-11 16:34:26,899 [INFO] phase2_scraper: Processing dish: Gummi Candies HIDE (ID: 174508, combo=False)
2025-12-11 16:34:27,950 [INFO] phase2_scraper:   #groups has sections: ['br_id', 'ci_id', 'dr_id', 'sa_id', 'sd_id', 'e_id', 'cm_id']
2025-12-11 16:34:27,951 [INFO] phase2_scraper:     Section br_id: 4 radios, 0 checked
2025-12-11 16:34:27,952 [INFO] phase2_scraper:     Section ci_id: 17 radios, 0 checked
2025-12-11 16:34:27,953 [INFO] phase2_scraper:     Section dr_id: 5 radios, 0 checked
2025-12-11 16:34:27,954 [INFO] phase2_scraper:     Section sa_id: 9 radios, 0 checked
2025-12-11 16:34:27,955 [INFO] phase2_scraper:     Section sd_id: 15 radios, 0 checked
2025-12-11 16:34:27,956 [INFO] phase2_scraper:     Section e_id: 17 radios, 0 checked
2025-12-11 16:34:27,957 [INFO] phase2_scraper:     Section cm_id: 3 radios, 0 checked
2025-12-11 16:34:28,567 [INFO] phase2_scraper: Processing dish: Cadbury Egg Pizza Tail HIDE (ID: 174509, combo=False)
2025-12-11 16:34:29,618 [INFO] phase2_scraper:   #groups has sections: ['br_id', 'ci_id', 'dr_id', 'sa_id', 'sd_id', 'e_id', 'cm_id']
2025-12-11 16:34:29,619 [INFO] phase2_scraper:     Section br_id: 4 radios, 0 checked
2025-12-11 16:34:29,620 [INFO] phase2_scraper:     Section ci_id: 17 radios, 0 checked
2025-12-11 16:34:29,621 [INFO] phase2_scraper:     Section dr_id: 5 radios, 0 checked
2025-12-11 16:34:29,622 [INFO] phase2_scraper:     Section sa_id: 9 radios, 1 checked
2025-12-11 16:34:30,863 [INFO] phase2_scraper:     Section sd_id: 15 radios, 0 checked
2025-12-11 16:34:30,864 [INFO] phase2_scraper:     Section e_id: 17 radios, 0 checked
2025-12-11 16:34:30,865 [INFO] phase2_scraper:     Section cm_id: 3 radios, 0 checked
2025-12-11 16:34:30,865 [INFO] phase2_scraper:   Found 1 modifier groups, 3 modifiers for dish 174509
2025-12-11 16:34:31,489 [INFO] phase2_scraper: Processing dish: Cookie Dough Pizza Tail HIDE (ID: 174510, combo=False)
2025-12-11 16:34:32,523 [INFO] phase2_scraper:   #groups has sections: ['br_id', 'ci_id', 'dr_id', 'sa_id', 'sd_id', 'e_id', 'cm_id']
2025-12-11 16:34:32,524 [INFO] phase2_scraper:     Section br_id: 4 radios, 0 checked
2025-12-11 16:34:32,524 [INFO] phase2_scraper:     Section ci_id: 17 radios, 0 checked
2025-12-11 16:34:32,525 [INFO] phase2_scraper:     Section dr_id: 5 radios, 0 checked
2025-12-11 16:34:32,526 [INFO] phase2_scraper:     Section sa_id: 9 radios, 1 checked
2025-12-11 16:34:33,785 [INFO] phase2_scraper:     Section sd_id: 15 radios, 0 checked
2025-12-11 16:34:33,787 [INFO] phase2_scraper:     Section e_id: 17 radios, 0 checked
2025-12-11 16:34:33,788 [INFO] phase2_scraper:     Section cm_id: 3 radios, 0 checked
2025-12-11 16:34:33,788 [INFO] phase2_scraper:   Found 1 modifier groups, 3 modifiers for dish 174510
2025-12-11 16:34:34,385 [INFO] phase2_scraper: Processing dish: Kinder Surprise Pizza Tail HIDE (ID: 174511, combo=False)
2025-12-11 16:34:35,439 [INFO] phase2_scraper:   #groups has sections: ['br_id', 'ci_id', 'dr_id', 'sa_id', 'sd_id', 'e_id', 'cm_id']
2025-12-11 16:34:35,440 [INFO] phase2_scraper:     Section br_id: 4 radios, 0 checked
2025-12-11 16:34:35,441 [INFO] phase2_scraper:     Section ci_id: 17 radios, 0 checked
2025-12-11 16:34:35,442 [INFO] phase2_scraper:     Section dr_id: 5 radios, 0 checked
2025-12-11 16:34:35,443 [INFO] phase2_scraper:     Section sa_id: 9 radios, 0 checked
2025-12-11 16:34:35,443 [INFO] phase2_scraper:     Section sd_id: 15 radios, 0 checked
2025-12-11 16:34:35,444 [INFO] phase2_scraper:     Section e_id: 17 radios, 0 checked
2025-12-11 16:34:35,445 [INFO] phase2_scraper:     Section cm_id: 3 radios, 0 checked
2025-12-11 16:34:36,047 [INFO] phase2_scraper: Processing dish: Chef's Choice Pizza Tail  HIDE (ID: 174512, combo=False)
2025-12-11 16:34:37,098 [INFO] phase2_scraper:   #groups has sections: ['br_id', 'ci_id', 'dr_id', 'sa_id', 'sd_id', 'e_id', 'cm_id']
2025-12-11 16:34:37,099 [INFO] phase2_scraper:     Section br_id: 4 radios, 0 checked
2025-12-11 16:34:37,099 [INFO] phase2_scraper:     Section ci_id: 17 radios, 0 checked
2025-12-11 16:34:37,100 [INFO] phase2_scraper:     Section dr_id: 5 radios, 0 checked
2025-12-11 16:34:37,101 [INFO] phase2_scraper:     Section sa_id: 9 radios, 1 checked
2025-12-11 16:34:38,312 [INFO] phase2_scraper:     Section sd_id: 15 radios, 0 checked
2025-12-11 16:34:38,313 [INFO] phase2_scraper:     Section e_id: 17 radios, 0 checked
2025-12-11 16:34:38,315 [INFO] phase2_scraper:     Section cm_id: 3 radios, 0 checked
2025-12-11 16:34:38,315 [INFO] phase2_scraper:   Found 1 modifier groups, 3 modifiers for dish 174512
2025-12-11 16:34:38,917 [INFO] phase2_scraper: Processing dish: Cookies & Cream Pizza Tail  HIDE (ID: 174513, combo=False)
2025-12-11 16:34:39,959 [INFO] phase2_scraper:   #groups has sections: ['br_id', 'ci_id', 'dr_id', 'sa_id', 'sd_id', 'e_id', 'cm_id']
2025-12-11 16:34:39,960 [INFO] phase2_scraper:     Section br_id: 4 radios, 0 checked
2025-12-11 16:34:39,961 [INFO] phase2_scraper:     Section ci_id: 17 radios, 0 checked
2025-12-11 16:34:39,962 [INFO] phase2_scraper:     Section dr_id: 5 radios, 0 checked
2025-12-11 16:34:39,963 [INFO] phase2_scraper:     Section sa_id: 9 radios, 1 checked
2025-12-11 16:34:41,199 [INFO] phase2_scraper:     Section sd_id: 15 radios, 0 checked
2025-12-11 16:34:41,200 [INFO] phase2_scraper:     Section e_id: 17 radios, 0 checked
2025-12-11 16:34:41,201 [INFO] phase2_scraper:     Section cm_id: 3 radios, 0 checked
2025-12-11 16:34:41,201 [INFO] phase2_scraper:   Found 1 modifier groups, 3 modifiers for dish 174513
2025-12-11 16:34:41,820 [INFO] phase2_scraper: Processing dish: Smores Marshmallow Fluff Tail  HIDE (ID: 174514, combo=False)
2025-12-11 16:34:42,867 [INFO] phase2_scraper:   #groups has sections: ['br_id', 'ci_id', 'dr_id', 'sa_id', 'sd_id', 'e_id', 'cm_id']
2025-12-11 16:34:42,868 [INFO] phase2_scraper:     Section br_id: 4 radios, 0 checked
2025-12-11 16:34:42,869 [INFO] phase2_scraper:     Section ci_id: 17 radios, 0 checked
2025-12-11 16:34:42,870 [INFO] phase2_scraper:     Section dr_id: 5 radios, 0 checked
2025-12-11 16:34:42,870 [INFO] phase2_scraper:     Section sa_id: 9 radios, 1 checked
2025-12-11 16:34:44,151 [INFO] phase2_scraper:     Section sd_id: 15 radios, 0 checked
2025-12-11 16:34:44,152 [INFO] phase2_scraper:     Section e_id: 17 radios, 0 checked
2025-12-11 16:34:44,153 [INFO] phase2_scraper:     Section cm_id: 3 radios, 0 checked
2025-12-11 16:34:44,154 [INFO] phase2_scraper:   Found 1 modifier groups, 3 modifiers for dish 174514
2025-12-11 16:34:44,763 [INFO] phase2_scraper: Processing dish: Nutella Pizza Tail HIDE (ID: 174515, combo=False)
2025-12-11 16:34:45,837 [INFO] phase2_scraper:   #groups has sections: ['br_id', 'ci_id', 'dr_id', 'sa_id', 'sd_id', 'e_id', 'cm_id']
2025-12-11 16:34:45,838 [INFO] phase2_scraper:     Section br_id: 4 radios, 0 checked
2025-12-11 16:34:45,839 [INFO] phase2_scraper:     Section ci_id: 17 radios, 0 checked
2025-12-11 16:34:45,839 [INFO] phase2_scraper:     Section dr_id: 5 radios, 0 checked
2025-12-11 16:34:45,840 [INFO] phase2_scraper:     Section sa_id: 9 radios, 1 checked
2025-12-11 16:34:47,031 [INFO] phase2_scraper:     Section sd_id: 15 radios, 0 checked
2025-12-11 16:34:47,032 [INFO] phase2_scraper:     Section e_id: 17 radios, 0 checked
2025-12-11 16:34:47,033 [INFO] phase2_scraper:     Section cm_id: 3 radios, 0 checked
2025-12-11 16:34:47,034 [INFO] phase2_scraper:   Found 1 modifier groups, 3 modifiers for dish 174515
2025-12-11 16:34:47,649 [INFO] phase2_scraper: Processing dish: Peanutbutter Cup Flutter Nutter Tail HIDE (ID: 174516, combo=False)
2025-12-11 16:34:48,679 [INFO] phase2_scraper:   #groups has sections: ['br_id', 'ci_id', 'dr_id', 'sa_id', 'sd_id', 'e_id', 'cm_id']
2025-12-11 16:34:48,680 [INFO] phase2_scraper:     Section br_id: 4 radios, 0 checked
2025-12-11 16:34:48,681 [INFO] phase2_scraper:     Section ci_id: 17 radios, 0 checked
2025-12-11 16:34:48,682 [INFO] phase2_scraper:     Section dr_id: 5 radios, 0 checked
2025-12-11 16:34:48,683 [INFO] phase2_scraper:     Section sa_id: 9 radios, 1 checked
2025-12-11 16:34:49,941 [INFO] phase2_scraper:     Section sd_id: 15 radios, 0 checked
2025-12-11 16:34:49,942 [INFO] phase2_scraper:     Section e_id: 17 radios, 0 checked
2025-12-11 16:34:49,943 [INFO] phase2_scraper:     Section cm_id: 3 radios, 0 checked
2025-12-11 16:34:49,943 [INFO] phase2_scraper:   Found 1 modifier groups, 3 modifiers for dish 174516
2025-12-11 16:34:50,545 [INFO] phase2_scraper: Processing dish: Pumpkin Spice (pumpkin pie fill) HIDE (ID: 174517, combo=False)
2025-12-11 16:34:51,580 [INFO] phase2_scraper:   #groups has sections: ['br_id', 'ci_id', 'dr_id', 'sa_id', 'sd_id', 'e_id', 'cm_id']
2025-12-11 16:34:51,581 [INFO] phase2_scraper:     Section br_id: 4 radios, 0 checked
2025-12-11 16:34:51,582 [INFO] phase2_scraper:     Section ci_id: 17 radios, 0 checked
2025-12-11 16:34:51,582 [INFO] phase2_scraper:     Section dr_id: 5 radios, 0 checked
2025-12-11 16:34:51,583 [INFO] phase2_scraper:     Section sa_id: 9 radios, 0 checked
2025-12-11 16:34:51,584 [INFO] phase2_scraper:     Section sd_id: 15 radios, 0 checked
2025-12-11 16:34:51,585 [INFO] phase2_scraper:     Section e_id: 17 radios, 0 checked
2025-12-11 16:34:51,586 [INFO] phase2_scraper:     Section cm_id: 3 radios, 0 checked
2025-12-11 16:34:52,193 [INFO] phase2_scraper: Processing dish: Starbucks Frappucinno Caramel HIDE (ID: 174518, combo=False)
2025-12-11 16:34:53,244 [INFO] phase2_scraper:   #groups has sections: ['br_id', 'ci_id', 'dr_id', 'sa_id', 'sd_id', 'e_id', 'cm_id']
2025-12-11 16:34:53,246 [INFO] phase2_scraper:     Section br_id: 4 radios, 0 checked
2025-12-11 16:34:53,247 [INFO] phase2_scraper:     Section ci_id: 17 radios, 0 checked
2025-12-11 16:34:53,248 [INFO] phase2_scraper:     Section dr_id: 5 radios, 0 checked
2025-12-11 16:34:53,249 [INFO] phase2_scraper:     Section sa_id: 9 radios, 0 checked
2025-12-11 16:34:53,249 [INFO] phase2_scraper:     Section sd_id: 15 radios, 0 checked
2025-12-11 16:34:53,250 [INFO] phase2_scraper:     Section e_id: 17 radios, 0 checked
2025-12-11 16:34:53,251 [INFO] phase2_scraper:     Section cm_id: 3 radios, 0 checked
2025-12-11 16:34:53,853 [INFO] phase2_scraper: Processing dish: Starbucks Frappuccino Mocha HIDE (ID: 174519, combo=False)
2025-12-11 16:34:54,904 [INFO] phase2_scraper:   #groups has sections: ['br_id', 'ci_id', 'dr_id', 'sa_id', 'sd_id', 'e_id', 'cm_id']
2025-12-11 16:34:54,905 [INFO] phase2_scraper:     Section br_id: 4 radios, 0 checked
2025-12-11 16:34:54,905 [INFO] phase2_scraper:     Section ci_id: 17 radios, 0 checked
2025-12-11 16:34:54,906 [INFO] phase2_scraper:     Section dr_id: 5 radios, 0 checked
2025-12-11 16:34:54,907 [INFO] phase2_scraper:     Section sa_id: 9 radios, 0 checked
2025-12-11 16:34:54,908 [INFO] phase2_scraper:     Section sd_id: 15 radios, 0 checked
2025-12-11 16:34:54,909 [INFO] phase2_scraper:     Section e_id: 17 radios, 0 checked
2025-12-11 16:34:54,910 [INFO] phase2_scraper:     Section cm_id: 3 radios, 0 checked
2025-12-11 16:34:55,525 [INFO] phase2_scraper: Processing dish: Starbucks Doubleshot Mocha (can) HIDE (ID: 174520, combo=False)
2025-12-11 16:34:56,589 [INFO] phase2_scraper:   #groups has sections: ['br_id', 'ci_id', 'dr_id', 'sa_id', 'sd_id', 'e_id', 'cm_id']
2025-12-11 16:34:56,590 [INFO] phase2_scraper:     Section br_id: 4 radios, 0 checked
2025-12-11 16:34:56,591 [INFO] phase2_scraper:     Section ci_id: 17 radios, 0 checked
2025-12-11 16:34:56,592 [INFO] phase2_scraper:     Section dr_id: 5 radios, 0 checked
2025-12-11 16:34:56,593 [INFO] phase2_scraper:     Section sa_id: 9 radios, 0 checked
2025-12-11 16:34:56,594 [INFO] phase2_scraper:     Section sd_id: 15 radios, 0 checked
2025-12-11 16:34:56,595 [INFO] phase2_scraper:     Section e_id: 17 radios, 0 checked
2025-12-11 16:34:56,596 [INFO] phase2_scraper:     Section cm_id: 3 radios, 0 checked
2025-12-11 16:34:57,222 [INFO] phase2_scraper: Processing dish: Starbucks Doubleshot White Chocolate (can) HIDE (ID: 174521, combo=False)
2025-12-11 16:34:58,288 [INFO] phase2_scraper:   #groups has sections: ['br_id', 'ci_id', 'dr_id', 'sa_id', 'sd_id', 'e_id', 'cm_id']
2025-12-11 16:34:58,288 [INFO] phase2_scraper:     Section br_id: 4 radios, 0 checked
2025-12-11 16:34:58,289 [INFO] phase2_scraper:     Section ci_id: 17 radios, 0 checked
2025-12-11 16:34:58,290 [INFO] phase2_scraper:     Section dr_id: 5 radios, 0 checked
2025-12-11 16:34:58,291 [INFO] phase2_scraper:     Section sa_id: 9 radios, 0 checked
2025-12-11 16:34:58,292 [INFO] phase2_scraper:     Section sd_id: 15 radios, 0 checked
2025-12-11 16:34:58,292 [INFO] phase2_scraper:     Section e_id: 17 radios, 0 checked
2025-12-11 16:34:58,293 [INFO] phase2_scraper:     Section cm_id: 3 radios, 0 checked
2025-12-11 16:34:58,908 [INFO] phase2_scraper: Processing dish: Rockstar HIDE (ID: 174522, combo=False)
2025-12-11 16:34:59,959 [INFO] phase2_scraper:   #groups has sections: ['br_id', 'ci_id', 'dr_id', 'sa_id', 'sd_id', 'e_id', 'cm_id']
2025-12-11 16:34:59,960 [INFO] phase2_scraper:     Section br_id: 4 radios, 0 checked
2025-12-11 16:34:59,960 [INFO] phase2_scraper:     Section ci_id: 17 radios, 0 checked
2025-12-11 16:34:59,961 [INFO] phase2_scraper:     Section dr_id: 5 radios, 0 checked
2025-12-11 16:34:59,962 [INFO] phase2_scraper:     Section sa_id: 9 radios, 0 checked
2025-12-11 16:34:59,963 [INFO] phase2_scraper:     Section sd_id: 15 radios, 0 checked
2025-12-11 16:34:59,963 [INFO] phase2_scraper:     Section e_id: 17 radios, 0 checked
2025-12-11 16:34:59,964 [INFO] phase2_scraper:     Section cm_id: 3 radios, 0 checked
2025-12-11 16:35:00,583 [INFO] phase2_scraper: Processing dish: Rockstar Zero Sugar HIDE (ID: 174523, combo=False)
2025-12-11 16:35:02,184 [INFO] phase2_scraper:   #groups has sections: ['br_id', 'ci_id', 'dr_id', 'sa_id', 'sd_id', 'e_id', 'cm_id']
2025-12-11 16:35:02,185 [INFO] phase2_scraper:     Section br_id: 4 radios, 0 checked
2025-12-11 16:35:02,185 [INFO] phase2_scraper:     Section ci_id: 17 radios, 0 checked
2025-12-11 16:35:02,187 [INFO] phase2_scraper:     Section dr_id: 5 radios, 0 checked
2025-12-11 16:35:02,188 [INFO] phase2_scraper:     Section sa_id: 9 radios, 0 checked
2025-12-11 16:35:02,189 [INFO] phase2_scraper:     Section sd_id: 15 radios, 0 checked
2025-12-11 16:35:02,190 [INFO] phase2_scraper:     Section e_id: 17 radios, 0 checked
2025-12-11 16:35:02,191 [INFO] phase2_scraper:     Section cm_id: 3 radios, 0 checked
2025-12-11 16:35:02,800 [INFO] phase2_scraper: Processing dish: Rockstar Hardcore Apple HIDE (ID: 174524, combo=False)
2025-12-11 16:35:03,903 [INFO] phase2_scraper:   #groups has sections: ['br_id', 'ci_id', 'dr_id', 'sa_id', 'sd_id', 'e_id', 'cm_id']
2025-12-11 16:35:03,904 [INFO] phase2_scraper:     Section br_id: 4 radios, 0 checked
2025-12-11 16:35:03,905 [INFO] phase2_scraper:     Section ci_id: 17 radios, 0 checked
2025-12-11 16:35:03,906 [INFO] phase2_scraper:     Section dr_id: 5 radios, 0 checked
2025-12-11 16:35:03,907 [INFO] phase2_scraper:     Section sa_id: 9 radios, 0 checked
2025-12-11 16:35:03,907 [INFO] phase2_scraper:     Section sd_id: 15 radios, 0 checked
2025-12-11 16:35:03,908 [INFO] phase2_scraper:     Section e_id: 17 radios, 0 checked
2025-12-11 16:35:03,910 [INFO] phase2_scraper:     Section cm_id: 3 radios, 0 checked
2025-12-11 16:35:04,523 [INFO] phase2_scraper: Processing dish: Rockstar Orange Zero Sugar HIDE (ID: 174525, combo=False)
2025-12-11 16:35:05,636 [INFO] phase2_scraper:   #groups has sections: ['br_id', 'ci_id', 'dr_id', 'sa_id', 'sd_id', 'e_id', 'cm_id']
2025-12-11 16:35:05,637 [INFO] phase2_scraper:     Section br_id: 4 radios, 0 checked
2025-12-11 16:35:05,637 [INFO] phase2_scraper:     Section ci_id: 17 radios, 0 checked
2025-12-11 16:35:05,638 [INFO] phase2_scraper:     Section dr_id: 5 radios, 0 checked
2025-12-11 16:35:05,639 [INFO] phase2_scraper:     Section sa_id: 9 radios, 0 checked
2025-12-11 16:35:05,640 [INFO] phase2_scraper:     Section sd_id: 15 radios, 0 checked
2025-12-11 16:35:05,641 [INFO] phase2_scraper:     Section e_id: 17 radios, 0 checked
2025-12-11 16:35:05,642 [INFO] phase2_scraper:     Section cm_id: 3 radios, 0 checked
2025-12-11 16:35:06,268 [INFO] phase2_scraper: Processing dish: Rockstar Zero Sugar Grape HIDE (ID: 174526, combo=False)
2025-12-11 16:35:07,579 [INFO] phase2_scraper:   #groups has sections: ['br_id', 'ci_id', 'dr_id', 'sa_id', 'sd_id', 'e_id', 'cm_id']
2025-12-11 16:35:07,580 [INFO] phase2_scraper:     Section br_id: 4 radios, 0 checked
2025-12-11 16:35:07,581 [INFO] phase2_scraper:     Section ci_id: 17 radios, 0 checked
2025-12-11 16:35:07,581 [INFO] phase2_scraper:     Section dr_id: 5 radios, 0 checked
2025-12-11 16:35:07,582 [INFO] phase2_scraper:     Section sa_id: 9 radios, 0 checked
2025-12-11 16:35:07,583 [INFO] phase2_scraper:     Section sd_id: 15 radios, 0 checked
2025-12-11 16:35:07,584 [INFO] phase2_scraper:     Section e_id: 17 radios, 0 checked
2025-12-11 16:35:07,585 [INFO] phase2_scraper:     Section cm_id: 3 radios, 0 checked
2025-12-11 16:35:08,187 [INFO] phase2_scraper: Processing dish: Rockstar Punched HIDE (ID: 174527, combo=False)
2025-12-11 16:35:09,243 [INFO] phase2_scraper:   #groups has sections: ['br_id', 'ci_id', 'dr_id', 'sa_id', 'sd_id', 'e_id', 'cm_id']
2025-12-11 16:35:09,245 [INFO] phase2_scraper:     Section br_id: 4 radios, 0 checked
2025-12-11 16:35:09,246 [INFO] phase2_scraper:     Section ci_id: 17 radios, 0 checked
2025-12-11 16:35:09,247 [INFO] phase2_scraper:     Section dr_id: 5 radios, 0 checked
2025-12-11 16:35:09,248 [INFO] phase2_scraper:     Section sa_id: 9 radios, 0 checked
2025-12-11 16:35:09,248 [INFO] phase2_scraper:     Section sd_id: 15 radios, 0 checked
2025-12-11 16:35:09,249 [INFO] phase2_scraper:     Section e_id: 17 radios, 0 checked
2025-12-11 16:35:09,250 [INFO] phase2_scraper:     Section cm_id: 3 radios, 0 checked
2025-12-11 16:35:09,865 [INFO] phase2_scraper: Processing dish: Rockstar Marshmallow HIDE (ID: 174528, combo=False)
2025-12-11 16:35:10,944 [INFO] phase2_scraper:   #groups has sections: ['br_id', 'ci_id', 'dr_id', 'sa_id', 'sd_id', 'e_id', 'cm_id']
2025-12-11 16:35:10,946 [INFO] phase2_scraper:     Section br_id: 4 radios, 0 checked
2025-12-11 16:35:10,946 [INFO] phase2_scraper:     Section ci_id: 17 radios, 0 checked
2025-12-11 16:35:10,947 [INFO] phase2_scraper:     Section dr_id: 5 radios, 0 checked
2025-12-11 16:35:10,948 [INFO] phase2_scraper:     Section sa_id: 9 radios, 0 checked
2025-12-11 16:35:10,949 [INFO] phase2_scraper:     Section sd_id: 15 radios, 0 checked
2025-12-11 16:35:10,950 [INFO] phase2_scraper:     Section e_id: 17 radios, 0 checked
2025-12-11 16:35:10,952 [INFO] phase2_scraper:     Section cm_id: 3 radios, 0 checked
2025-12-11 16:35:11,553 [INFO] phase2_scraper: Processing dish: Rockstar Cotton Candy HIDE (ID: 174529, combo=False)
2025-12-11 16:35:12,644 [INFO] phase2_scraper:   #groups has sections: ['br_id', 'ci_id', 'dr_id', 'sa_id', 'sd_id', 'e_id', 'cm_id']
2025-12-11 16:35:12,645 [INFO] phase2_scraper:     Section br_id: 4 radios, 0 checked
2025-12-11 16:35:12,646 [INFO] phase2_scraper:     Section ci_id: 17 radios, 0 checked
2025-12-11 16:35:12,648 [INFO] phase2_scraper:     Section dr_id: 5 radios, 0 checked
2025-12-11 16:35:12,649 [INFO] phase2_scraper:     Section sa_id: 9 radios, 0 checked
2025-12-11 16:35:12,650 [INFO] phase2_scraper:     Section sd_id: 15 radios, 0 checked
2025-12-11 16:35:12,651 [INFO] phase2_scraper:     Section e_id: 17 radios, 0 checked
2025-12-11 16:35:12,652 [INFO] phase2_scraper:     Section cm_id: 3 radios, 0 checked
2025-12-11 16:35:13,257 [INFO] phase2_scraper: Processing dish: Rockstar Blue Raspberry HIDE (ID: 174530, combo=False)
2025-12-11 16:35:14,371 [INFO] phase2_scraper:   #groups has sections: ['br_id', 'ci_id', 'dr_id', 'sa_id', 'sd_id', 'e_id', 'cm_id']
2025-12-11 16:35:14,372 [INFO] phase2_scraper:     Section br_id: 4 radios, 0 checked
2025-12-11 16:35:14,374 [INFO] phase2_scraper:     Section ci_id: 17 radios, 0 checked
2025-12-11 16:35:14,375 [INFO] phase2_scraper:     Section dr_id: 5 radios, 0 checked
2025-12-11 16:35:14,376 [INFO] phase2_scraper:     Section sa_id: 9 radios, 0 checked
2025-12-11 16:35:14,377 [INFO] phase2_scraper:     Section sd_id: 15 radios, 0 checked
2025-12-11 16:35:14,378 [INFO] phase2_scraper:     Section e_id: 17 radios, 0 checked
2025-12-11 16:35:14,379 [INFO] phase2_scraper:     Section cm_id: 3 radios, 0 checked
2025-12-11 16:35:14,989 [INFO] phase2_scraper: Processing dish: Grape Crush (ID: 174531, combo=False)
2025-12-11 16:35:16,065 [INFO] phase2_scraper:   #groups has sections: ['br_id', 'ci_id', 'dr_id', 'sa_id', 'sd_id', 'e_id', 'cm_id']
2025-12-11 16:35:16,066 [INFO] phase2_scraper:     Section br_id: 4 radios, 0 checked
2025-12-11 16:35:16,067 [INFO] phase2_scraper:     Section ci_id: 17 radios, 0 checked
2025-12-11 16:35:16,069 [INFO] phase2_scraper:     Section dr_id: 5 radios, 0 checked
2025-12-11 16:35:16,071 [INFO] phase2_scraper:     Section sa_id: 9 radios, 0 checked
2025-12-11 16:35:16,073 [INFO] phase2_scraper:     Section sd_id: 15 radios, 0 checked
2025-12-11 16:35:16,074 [INFO] phase2_scraper:     Section e_id: 17 radios, 0 checked
2025-12-11 16:35:16,076 [INFO] phase2_scraper:     Section cm_id: 3 radios, 0 checked
2025-12-11 16:35:16,681 [INFO] phase2_scraper: Processing dish: Crush Cream Soda (ID: 174532, combo=False)
2025-12-11 16:35:17,756 [INFO] phase2_scraper:   #groups has sections: ['br_id', 'ci_id', 'dr_id', 'sa_id', 'sd_id', 'e_id', 'cm_id']
2025-12-11 16:35:17,757 [INFO] phase2_scraper:     Section br_id: 4 radios, 0 checked
2025-12-11 16:35:17,758 [INFO] phase2_scraper:     Section ci_id: 17 radios, 0 checked
2025-12-11 16:35:17,759 [INFO] phase2_scraper:     Section dr_id: 5 radios, 0 checked
2025-12-11 16:35:17,760 [INFO] phase2_scraper:     Section sa_id: 9 radios, 0 checked
2025-12-11 16:35:17,760 [INFO] phase2_scraper:     Section sd_id: 15 radios, 0 checked
2025-12-11 16:35:17,761 [INFO] phase2_scraper:     Section e_id: 17 radios, 0 checked
2025-12-11 16:35:17,763 [INFO] phase2_scraper:     Section cm_id: 3 radios, 0 checked
2025-12-11 16:35:18,366 [INFO] phase2_scraper: Processing dish: Iced Tea (ID: 174533, combo=False)
2025-12-11 16:35:19,448 [INFO] phase2_scraper:   #groups has sections: ['br_id', 'ci_id', 'dr_id', 'sa_id', 'sd_id', 'e_id', 'cm_id']
2025-12-11 16:35:19,450 [INFO] phase2_scraper:     Section br_id: 4 radios, 0 checked
2025-12-11 16:35:19,451 [INFO] phase2_scraper:     Section ci_id: 17 radios, 0 checked
2025-12-11 16:35:19,452 [INFO] phase2_scraper:     Section dr_id: 5 radios, 0 checked
2025-12-11 16:35:19,453 [INFO] phase2_scraper:     Section sa_id: 9 radios, 0 checked
2025-12-11 16:35:19,454 [INFO] phase2_scraper:     Section sd_id: 15 radios, 0 checked
2025-12-11 16:35:19,455 [INFO] phase2_scraper:     Section e_id: 17 radios, 0 checked
2025-12-11 16:35:19,456 [INFO] phase2_scraper:     Section cm_id: 3 radios, 0 checked
2025-12-11 16:35:20,058 [INFO] phase2_scraper: Processing dish: Pepsi Max (ID: 174534, combo=False)
2025-12-11 16:35:21,128 [INFO] phase2_scraper:   #groups has sections: ['br_id', 'ci_id', 'dr_id', 'sa_id', 'sd_id', 'e_id', 'cm_id']
2025-12-11 16:35:21,129 [INFO] phase2_scraper:     Section br_id: 4 radios, 0 checked
2025-12-11 16:35:21,129 [INFO] phase2_scraper:     Section ci_id: 17 radios, 0 checked
2025-12-11 16:35:21,130 [INFO] phase2_scraper:     Section dr_id: 5 radios, 0 checked
2025-12-11 16:35:21,131 [INFO] phase2_scraper:     Section sa_id: 9 radios, 0 checked
2025-12-11 16:35:21,132 [INFO] phase2_scraper:     Section sd_id: 15 radios, 0 checked
2025-12-11 16:35:21,133 [INFO] phase2_scraper:     Section e_id: 17 radios, 0 checked
2025-12-11 16:35:21,134 [INFO] phase2_scraper:     Section cm_id: 3 radios, 0 checked
2025-12-11 16:35:21,732 [INFO] phase2_scraper: Processing dish: Brum's Chocolate Milk (473ml) HIDE (ID: 174535, combo=False)
2025-12-11 16:35:22,906 [INFO] phase2_scraper:   #groups has sections: ['br_id', 'ci_id', 'dr_id', 'sa_id', 'sd_id', 'e_id', 'cm_id']
2025-12-11 16:35:22,907 [INFO] phase2_scraper:     Section br_id: 4 radios, 0 checked
2025-12-11 16:35:22,908 [INFO] phase2_scraper:     Section ci_id: 17 radios, 0 checked
2025-12-11 16:35:22,910 [INFO] phase2_scraper:     Section dr_id: 5 radios, 0 checked
2025-12-11 16:35:22,911 [INFO] phase2_scraper:     Section sa_id: 9 radios, 0 checked
2025-12-11 16:35:22,912 [INFO] phase2_scraper:     Section sd_id: 15 radios, 0 checked
2025-12-11 16:35:22,914 [INFO] phase2_scraper:     Section e_id: 17 radios, 0 checked
2025-12-11 16:35:22,915 [INFO] phase2_scraper:     Section cm_id: 3 radios, 0 checked
2025-12-11 16:35:23,518 [INFO] phase2_scraper: Processing dish: Coke with Stevia HIDE (ID: 174536, combo=False)
2025-12-11 16:35:24,585 [INFO] phase2_scraper:   #groups has sections: ['br_id', 'ci_id', 'dr_id', 'sa_id', 'sd_id', 'e_id', 'cm_id']
2025-12-11 16:35:24,586 [INFO] phase2_scraper:     Section br_id: 4 radios, 0 checked
2025-12-11 16:35:24,587 [INFO] phase2_scraper:     Section ci_id: 17 radios, 0 checked
2025-12-11 16:35:24,588 [INFO] phase2_scraper:     Section dr_id: 5 radios, 0 checked
2025-12-11 16:35:24,589 [INFO] phase2_scraper:     Section sa_id: 9 radios, 0 checked
2025-12-11 16:35:24,590 [INFO] phase2_scraper:     Section sd_id: 15 radios, 0 checked
2025-12-11 16:35:24,591 [INFO] phase2_scraper:     Section e_id: 17 radios, 0 checked
2025-12-11 16:35:24,592 [INFO] phase2_scraper:     Section cm_id: 3 radios, 0 checked
2025-12-11 16:35:25,198 [INFO] phase2_scraper: Processing dish: Diet A&W HIDE (ID: 174537, combo=False)
2025-12-11 16:35:26,268 [INFO] phase2_scraper:   #groups has sections: ['br_id', 'ci_id', 'dr_id', 'sa_id', 'sd_id', 'e_id', 'cm_id']
2025-12-11 16:35:26,269 [INFO] phase2_scraper:     Section br_id: 4 radios, 0 checked
2025-12-11 16:35:26,269 [INFO] phase2_scraper:     Section ci_id: 17 radios, 0 checked
2025-12-11 16:35:26,270 [INFO] phase2_scraper:     Section dr_id: 5 radios, 0 checked
2025-12-11 16:35:26,271 [INFO] phase2_scraper:     Section sa_id: 9 radios, 0 checked
2025-12-11 16:35:26,272 [INFO] phase2_scraper:     Section sd_id: 15 radios, 0 checked
2025-12-11 16:35:26,273 [INFO] phase2_scraper:     Section e_id: 17 radios, 0 checked
2025-12-11 16:35:26,273 [INFO] phase2_scraper:     Section cm_id: 3 radios, 0 checked
2025-12-11 16:35:26,894 [INFO] phase2_scraper: Processing dish: Diet Canada Dry HIDE (ID: 174538, combo=False)
2025-12-11 16:35:27,987 [INFO] phase2_scraper:   #groups has sections: ['br_id', 'ci_id', 'dr_id', 'sa_id', 'sd_id', 'e_id', 'cm_id']
2025-12-11 16:35:27,988 [INFO] phase2_scraper:     Section br_id: 4 radios, 0 checked
2025-12-11 16:35:27,989 [INFO] phase2_scraper:     Section ci_id: 17 radios, 0 checked
2025-12-11 16:35:27,990 [INFO] phase2_scraper:     Section dr_id: 5 radios, 0 checked
2025-12-11 16:35:27,991 [INFO] phase2_scraper:     Section sa_id: 9 radios, 0 checked
2025-12-11 16:35:27,992 [INFO] phase2_scraper:     Section sd_id: 15 radios, 0 checked
2025-12-11 16:35:27,993 [INFO] phase2_scraper:     Section e_id: 17 radios, 0 checked
2025-12-11 16:35:27,995 [INFO] phase2_scraper:     Section cm_id: 3 radios, 0 checked
2025-12-11 16:35:28,610 [INFO] phase2_scraper: Processing dish: Sprite Zero HIDE (ID: 174539, combo=False)
2025-12-11 16:35:29,689 [INFO] phase2_scraper:   #groups has sections: ['br_id', 'ci_id', 'dr_id', 'sa_id', 'sd_id', 'e_id', 'cm_id']
2025-12-11 16:35:29,690 [INFO] phase2_scraper:     Section br_id: 4 radios, 0 checked
2025-12-11 16:35:29,690 [INFO] phase2_scraper:     Section ci_id: 17 radios, 0 checked
2025-12-11 16:35:29,691 [INFO] phase2_scraper:     Section dr_id: 5 radios, 0 checked
2025-12-11 16:35:29,692 [INFO] phase2_scraper:     Section sa_id: 9 radios, 0 checked
2025-12-11 16:35:29,693 [INFO] phase2_scraper:     Section sd_id: 15 radios, 0 checked
2025-12-11 16:35:29,694 [INFO] phase2_scraper:     Section e_id: 17 radios, 0 checked
2025-12-11 16:35:29,695 [INFO] phase2_scraper:     Section cm_id: 3 radios, 0 checked
2025-12-11 16:35:30,297 [INFO] phase2_scraper: Processing dish: Freska HIDE (ID: 174540, combo=False)
2025-12-11 16:35:31,393 [INFO] phase2_scraper:   #groups has sections: ['br_id', 'ci_id', 'dr_id', 'sa_id', 'sd_id', 'e_id', 'cm_id']
2025-12-11 16:35:31,394 [INFO] phase2_scraper:     Section br_id: 4 radios, 0 checked
2025-12-11 16:35:31,396 [INFO] phase2_scraper:     Section ci_id: 17 radios, 0 checked
2025-12-11 16:35:31,397 [INFO] phase2_scraper:     Section dr_id: 5 radios, 0 checked
2025-12-11 16:35:31,399 [INFO] phase2_scraper:     Section sa_id: 9 radios, 0 checked
2025-12-11 16:35:31,400 [INFO] phase2_scraper:     Section sd_id: 15 radios, 0 checked
2025-12-11 16:35:31,401 [INFO] phase2_scraper:     Section e_id: 17 radios, 0 checked
2025-12-11 16:35:31,402 [INFO] phase2_scraper:     Section cm_id: 3 radios, 0 checked
2025-12-11 16:35:32,021 [INFO] phase2_scraper: Processing dish: Schweppes Blood Orange Zero HIDE (ID: 174541, combo=False)
2025-12-11 16:35:33,105 [INFO] phase2_scraper:   #groups has sections: ['br_id', 'ci_id', 'dr_id', 'sa_id', 'sd_id', 'e_id', 'cm_id']
2025-12-11 16:35:33,107 [INFO] phase2_scraper:     Section br_id: 4 radios, 0 checked
2025-12-11 16:35:33,109 [INFO] phase2_scraper:     Section ci_id: 17 radios, 0 checked
2025-12-11 16:35:33,110 [INFO] phase2_scraper:     Section dr_id: 5 radios, 0 checked
2025-12-11 16:35:33,111 [INFO] phase2_scraper:     Section sa_id: 9 radios, 0 checked
2025-12-11 16:35:33,112 [INFO] phase2_scraper:     Section sd_id: 15 radios, 0 checked
2025-12-11 16:35:33,113 [INFO] phase2_scraper:     Section e_id: 17 radios, 0 checked
2025-12-11 16:35:33,114 [INFO] phase2_scraper:     Section cm_id: 3 radios, 0 checked
2025-12-11 16:35:33,725 [INFO] phase2_scraper: Processing dish: Pepsi (ID: 174542, combo=False)
2025-12-11 16:35:34,807 [INFO] phase2_scraper:   #groups has sections: ['br_id', 'ci_id', 'dr_id', 'sa_id', 'sd_id', 'e_id', 'cm_id']
2025-12-11 16:35:34,808 [INFO] phase2_scraper:     Section br_id: 4 radios, 0 checked
2025-12-11 16:35:34,809 [INFO] phase2_scraper:     Section ci_id: 17 radios, 0 checked
2025-12-11 16:35:34,809 [INFO] phase2_scraper:     Section dr_id: 5 radios, 0 checked
2025-12-11 16:35:34,810 [INFO] phase2_scraper:     Section sa_id: 9 radios, 0 checked
2025-12-11 16:35:34,811 [INFO] phase2_scraper:     Section sd_id: 15 radios, 0 checked
2025-12-11 16:35:34,812 [INFO] phase2_scraper:     Section e_id: 17 radios, 0 checked
2025-12-11 16:35:34,813 [INFO] phase2_scraper:     Section cm_id: 3 radios, 0 checked
2025-12-11 16:35:35,414 [INFO] phase2_scraper: Processing dish: Diet Pepsi (ID: 174543, combo=False)
2025-12-11 16:35:36,480 [INFO] phase2_scraper:   #groups has sections: ['br_id', 'ci_id', 'dr_id', 'sa_id', 'sd_id', 'e_id', 'cm_id']
2025-12-11 16:35:36,481 [INFO] phase2_scraper:     Section br_id: 4 radios, 0 checked
2025-12-11 16:35:36,482 [INFO] phase2_scraper:     Section ci_id: 17 radios, 0 checked
2025-12-11 16:35:36,483 [INFO] phase2_scraper:     Section dr_id: 5 radios, 0 checked
2025-12-11 16:35:36,484 [INFO] phase2_scraper:     Section sa_id: 9 radios, 0 checked
2025-12-11 16:35:36,485 [INFO] phase2_scraper:     Section sd_id: 15 radios, 0 checked
2025-12-11 16:35:36,486 [INFO] phase2_scraper:     Section e_id: 17 radios, 0 checked
2025-12-11 16:35:36,487 [INFO] phase2_scraper:     Section cm_id: 3 radios, 0 checked
2025-12-11 16:35:37,104 [INFO] phase2_scraper: Processing dish: Mountain Dew (ID: 174544, combo=False)
2025-12-11 16:35:38,171 [INFO] phase2_scraper:   #groups has sections: ['br_id', 'ci_id', 'dr_id', 'sa_id', 'sd_id', 'e_id', 'cm_id']
2025-12-11 16:35:38,172 [INFO] phase2_scraper:     Section br_id: 4 radios, 0 checked
2025-12-11 16:35:38,173 [INFO] phase2_scraper:     Section ci_id: 17 radios, 0 checked
2025-12-11 16:35:38,173 [INFO] phase2_scraper:     Section dr_id: 5 radios, 0 checked
2025-12-11 16:35:38,174 [INFO] phase2_scraper:     Section sa_id: 9 radios, 0 checked
2025-12-11 16:35:38,175 [INFO] phase2_scraper:     Section sd_id: 15 radios, 0 checked
2025-12-11 16:35:38,176 [INFO] phase2_scraper:     Section e_id: 17 radios, 0 checked
2025-12-11 16:35:38,176 [INFO] phase2_scraper:     Section cm_id: 3 radios, 0 checked
2025-12-11 16:35:38,781 [INFO] phase2_scraper: Processing dish: Schweppes Ginger Ale (ID: 174545, combo=False)
2025-12-11 16:35:39,835 [INFO] phase2_scraper:   #groups has sections: ['br_id', 'ci_id', 'dr_id', 'sa_id', 'sd_id', 'e_id', 'cm_id']
2025-12-11 16:35:39,836 [INFO] phase2_scraper:     Section br_id: 4 radios, 0 checked
2025-12-11 16:35:39,837 [INFO] phase2_scraper:     Section ci_id: 17 radios, 0 checked
2025-12-11 16:35:39,838 [INFO] phase2_scraper:     Section dr_id: 5 radios, 0 checked
2025-12-11 16:35:39,839 [INFO] phase2_scraper:     Section sa_id: 9 radios, 0 checked
2025-12-11 16:35:39,840 [INFO] phase2_scraper:     Section sd_id: 15 radios, 0 checked
2025-12-11 16:35:39,841 [INFO] phase2_scraper:     Section e_id: 17 radios, 0 checked
2025-12-11 16:35:39,842 [INFO] phase2_scraper:     Section cm_id: 3 radios, 0 checked
2025-12-11 16:35:40,443 [INFO] phase2_scraper: Processing dish: Mug Root Beer (ID: 174546, combo=False)
2025-12-11 16:35:41,595 [INFO] phase2_scraper:   #groups has sections: ['br_id', 'ci_id', 'dr_id', 'sa_id', 'sd_id', 'e_id', 'cm_id']
2025-12-11 16:35:41,597 [INFO] phase2_scraper:     Section br_id: 4 radios, 0 checked
2025-12-11 16:35:41,597 [INFO] phase2_scraper:     Section ci_id: 17 radios, 0 checked
2025-12-11 16:35:41,599 [INFO] phase2_scraper:     Section dr_id: 5 radios, 0 checked
2025-12-11 16:35:41,600 [INFO] phase2_scraper:     Section sa_id: 9 radios, 0 checked
2025-12-11 16:35:41,601 [INFO] phase2_scraper:     Section sd_id: 15 radios, 0 checked
2025-12-11 16:35:41,602 [INFO] phase2_scraper:     Section e_id: 17 radios, 0 checked
2025-12-11 16:35:41,603 [INFO] phase2_scraper:     Section cm_id: 3 radios, 0 checked
2025-12-11 16:35:42,207 [INFO] phase2_scraper: Processing dish: 7Up (ID: 174547, combo=False)
2025-12-11 16:35:43,304 [INFO] phase2_scraper:   #groups has sections: ['br_id', 'ci_id', 'dr_id', 'sa_id', 'sd_id', 'e_id', 'cm_id']
2025-12-11 16:35:43,306 [INFO] phase2_scraper:     Section br_id: 4 radios, 0 checked
2025-12-11 16:35:43,306 [INFO] phase2_scraper:     Section ci_id: 17 radios, 0 checked
2025-12-11 16:35:43,307 [INFO] phase2_scraper:     Section dr_id: 5 radios, 0 checked
2025-12-11 16:35:43,308 [INFO] phase2_scraper:     Section sa_id: 9 radios, 0 checked
2025-12-11 16:35:43,309 [INFO] phase2_scraper:     Section sd_id: 15 radios, 0 checked
2025-12-11 16:35:43,310 [INFO] phase2_scraper:     Section e_id: 17 radios, 0 checked
2025-12-11 16:35:43,311 [INFO] phase2_scraper:     Section cm_id: 3 radios, 0 checked
2025-12-11 16:35:43,914 [INFO] phase2_scraper: Processing dish: Dr. Pepper (ID: 174548, combo=False)
2025-12-11 16:35:44,994 [INFO] phase2_scraper:   #groups has sections: ['br_id', 'ci_id', 'dr_id', 'sa_id', 'sd_id', 'e_id', 'cm_id']
2025-12-11 16:35:44,995 [INFO] phase2_scraper:     Section br_id: 4 radios, 0 checked
2025-12-11 16:35:44,995 [INFO] phase2_scraper:     Section ci_id: 17 radios, 0 checked
2025-12-11 16:35:44,996 [INFO] phase2_scraper:     Section dr_id: 5 radios, 0 checked
2025-12-11 16:35:44,997 [INFO] phase2_scraper:     Section sa_id: 9 radios, 0 checked
2025-12-11 16:35:44,998 [INFO] phase2_scraper:     Section sd_id: 15 radios, 0 checked
2025-12-11 16:35:44,999 [INFO] phase2_scraper:     Section e_id: 17 radios, 0 checked
2025-12-11 16:35:45,000 [INFO] phase2_scraper:     Section cm_id: 3 radios, 0 checked
2025-12-11 16:35:45,600 [INFO] phase2_scraper: Processing dish: Orange Crush (ID: 174549, combo=False)
2025-12-11 16:35:46,682 [INFO] phase2_scraper:   #groups has sections: ['br_id', 'ci_id', 'dr_id', 'sa_id', 'sd_id', 'e_id', 'cm_id']
2025-12-11 16:35:46,683 [INFO] phase2_scraper:     Section br_id: 4 radios, 0 checked
2025-12-11 16:35:46,684 [INFO] phase2_scraper:     Section ci_id: 17 radios, 0 checked
2025-12-11 16:35:46,685 [INFO] phase2_scraper:     Section dr_id: 5 radios, 0 checked
2025-12-11 16:35:46,686 [INFO] phase2_scraper:     Section sa_id: 9 radios, 0 checked
2025-12-11 16:35:46,687 [INFO] phase2_scraper:     Section sd_id: 15 radios, 0 checked
2025-12-11 16:35:46,688 [INFO] phase2_scraper:     Section e_id: 17 radios, 0 checked
2025-12-11 16:35:46,689 [INFO] phase2_scraper:     Section cm_id: 3 radios, 0 checked
2025-12-11 16:35:47,295 [INFO] phase2_scraper: Processing dish: Pepsi Wild Cherry HIDE (ID: 174550, combo=False)
2025-12-11 16:35:48,443 [INFO] phase2_scraper:   #groups has sections: ['br_id', 'ci_id', 'dr_id', 'sa_id', 'sd_id', 'e_id', 'cm_id']
2025-12-11 16:35:48,444 [INFO] phase2_scraper:     Section br_id: 4 radios, 0 checked
2025-12-11 16:35:48,445 [INFO] phase2_scraper:     Section ci_id: 17 radios, 0 checked
2025-12-11 16:35:48,446 [INFO] phase2_scraper:     Section dr_id: 5 radios, 0 checked
2025-12-11 16:35:48,447 [INFO] phase2_scraper:     Section sa_id: 9 radios, 0 checked
2025-12-11 16:35:48,448 [INFO] phase2_scraper:     Section sd_id: 15 radios, 0 checked
2025-12-11 16:35:48,449 [INFO] phase2_scraper:     Section e_id: 17 radios, 0 checked
2025-12-11 16:35:48,449 [INFO] phase2_scraper:     Section cm_id: 3 radios, 0 checked
2025-12-11 16:35:49,056 [INFO] phase2_scraper: Processing dish: Diet Pepsi Cherry HIDE (ID: 174551, combo=False)
2025-12-11 16:35:50,137 [INFO] phase2_scraper:   #groups has sections: ['br_id', 'ci_id', 'dr_id', 'sa_id', 'sd_id', 'e_id', 'cm_id']
2025-12-11 16:35:50,138 [INFO] phase2_scraper:     Section br_id: 4 radios, 0 checked
2025-12-11 16:35:50,139 [INFO] phase2_scraper:     Section ci_id: 17 radios, 0 checked
2025-12-11 16:35:50,140 [INFO] phase2_scraper:     Section dr_id: 5 radios, 0 checked
2025-12-11 16:35:50,141 [INFO] phase2_scraper:     Section sa_id: 9 radios, 0 checked
2025-12-11 16:35:50,141 [INFO] phase2_scraper:     Section sd_id: 15 radios, 0 checked
2025-12-11 16:35:50,142 [INFO] phase2_scraper:     Section e_id: 17 radios, 0 checked
2025-12-11 16:35:50,143 [INFO] phase2_scraper:     Section cm_id: 3 radios, 0 checked
2025-12-11 16:35:50,749 [INFO] phase2_scraper: Processing dish: Water (ID: 174552, combo=False)
2025-12-11 16:35:51,843 [INFO] phase2_scraper:   #groups has sections: ['br_id', 'ci_id', 'dr_id', 'sa_id', 'sd_id', 'e_id', 'cm_id']
2025-12-11 16:35:51,844 [INFO] phase2_scraper:     Section br_id: 4 radios, 0 checked
2025-12-11 16:35:51,845 [INFO] phase2_scraper:     Section ci_id: 17 radios, 0 checked
2025-12-11 16:35:51,846 [INFO] phase2_scraper:     Section dr_id: 5 radios, 0 checked
2025-12-11 16:35:51,847 [INFO] phase2_scraper:     Section sa_id: 9 radios, 0 checked
2025-12-11 16:35:51,848 [INFO] phase2_scraper:     Section sd_id: 15 radios, 0 checked
2025-12-11 16:35:51,849 [INFO] phase2_scraper:     Section e_id: 17 radios, 0 checked
2025-12-11 16:35:51,850 [INFO] phase2_scraper:     Section cm_id: 3 radios, 0 checked
2025-12-11 16:35:52,456 [INFO] phase2_scraper: Processing dish: 6 Pack of Cans (ID: 174553, combo=False)
2025-12-11 16:35:53,537 [INFO] phase2_scraper:   #groups has sections: ['br_id', 'ci_id', 'dr_id', 'sa_id', 'sd_id', 'e_id', 'cm_id']
2025-12-11 16:35:53,538 [INFO] phase2_scraper:     Section br_id: 4 radios, 0 checked
2025-12-11 16:35:53,539 [INFO] phase2_scraper:     Section ci_id: 17 radios, 0 checked
2025-12-11 16:35:53,539 [INFO] phase2_scraper:     Section dr_id: 5 radios, 0 checked
2025-12-11 16:35:53,540 [INFO] phase2_scraper:     Section sa_id: 9 radios, 0 checked
2025-12-11 16:35:53,541 [INFO] phase2_scraper:     Section sd_id: 15 radios, 0 checked
2025-12-11 16:35:53,542 [INFO] phase2_scraper:     Section e_id: 17 radios, 0 checked
2025-12-11 16:35:53,543 [INFO] phase2_scraper:     Section cm_id: 3 radios, 0 checked
2025-12-11 16:35:54,144 [INFO] phase2_scraper: Processing dish: Bottled Water HIDE (ID: 174554, combo=False)
2025-12-11 16:35:55,219 [INFO] phase2_scraper:   #groups has sections: ['br_id', 'ci_id', 'dr_id', 'sa_id', 'sd_id', 'e_id', 'cm_id']
2025-12-11 16:35:55,220 [INFO] phase2_scraper:     Section br_id: 4 radios, 0 checked
2025-12-11 16:35:55,221 [INFO] phase2_scraper:     Section ci_id: 17 radios, 0 checked
2025-12-11 16:35:55,222 [INFO] phase2_scraper:     Section dr_id: 5 radios, 0 checked
2025-12-11 16:35:55,222 [INFO] phase2_scraper:     Section sa_id: 9 radios, 0 checked
2025-12-11 16:35:55,223 [INFO] phase2_scraper:     Section sd_id: 15 radios, 0 checked
2025-12-11 16:35:55,224 [INFO] phase2_scraper:     Section e_id: 17 radios, 0 checked
2025-12-11 16:35:55,225 [INFO] phase2_scraper:     Section cm_id: 3 radios, 0 checked
2025-12-11 16:35:55,838 [INFO] phase2_scraper: Processing dish: Power Aid Zero Mixed Berry HIDE (ID: 174555, combo=False)
2025-12-11 16:35:56,941 [INFO] phase2_scraper:   #groups has sections: ['br_id', 'ci_id', 'dr_id', 'sa_id', 'sd_id', 'e_id', 'cm_id']
2025-12-11 16:35:56,942 [INFO] phase2_scraper:     Section br_id: 4 radios, 0 checked
2025-12-11 16:35:56,942 [INFO] phase2_scraper:     Section ci_id: 17 radios, 0 checked
2025-12-11 16:35:56,943 [INFO] phase2_scraper:     Section dr_id: 5 radios, 0 checked
2025-12-11 16:35:56,944 [INFO] phase2_scraper:     Section sa_id: 9 radios, 0 checked
2025-12-11 16:35:56,945 [INFO] phase2_scraper:     Section sd_id: 15 radios, 0 checked
2025-12-11 16:35:56,946 [INFO] phase2_scraper:     Section e_id: 17 radios, 0 checked
2025-12-11 16:35:56,947 [INFO] phase2_scraper:     Section cm_id: 3 radios, 0 checked
2025-12-11 16:35:57,562 [INFO] phase2_scraper: Processing dish: Sparkling Ice Coconut Pineapple HIDE (ID: 174556, combo=False)
2025-12-11 16:35:58,627 [INFO] phase2_scraper:   #groups has sections: ['br_id', 'ci_id', 'dr_id', 'sa_id', 'sd_id', 'e_id', 'cm_id']
2025-12-11 16:35:58,628 [INFO] phase2_scraper:     Section br_id: 4 radios, 0 checked
2025-12-11 16:35:58,629 [INFO] phase2_scraper:     Section ci_id: 17 radios, 0 checked
2025-12-11 16:35:58,629 [INFO] phase2_scraper:     Section dr_id: 5 radios, 0 checked
2025-12-11 16:35:58,631 [INFO] phase2_scraper:     Section sa_id: 9 radios, 0 checked
2025-12-11 16:35:58,632 [INFO] phase2_scraper:     Section sd_id: 15 radios, 0 checked
2025-12-11 16:35:58,633 [INFO] phase2_scraper:     Section e_id: 17 radios, 0 checked
2025-12-11 16:35:58,634 [INFO] phase2_scraper:     Section cm_id: 3 radios, 0 checked
2025-12-11 16:35:59,136 [INFO] phase2_scraper: Phase 3 complete: {'dishes_processed': 374, 'dish_prices': 651, 'combo_links': 171, 'hide_days': 148, 'modifier_groups': 343, 'modifiers': 3394, 'modifier_prices': 7174, 'drinks_modifiers': 0}
2025-12-11 16:35:59,137 [INFO] __main__: Completed: Joes Family Pizzeria
2025-12-11 16:35:59,137 [INFO] __main__:   Phase 1 - Combo Groups: 80
2025-12-11 16:35:59,137 [INFO] __main__:   Phase 2 - Courses: 37, Dishes: 374
2025-12-11 16:35:59,137 [INFO] __main__:   Phase 3 - Prices: 651, Modifiers: 3394
2025-12-11 16:35:59,288 [INFO] phase2_database: Database connection closed
2025-12-11 16:35:59,288 [INFO] phase2_scraper: Scraper stopped
2025-12-11 16:35:59,290 [INFO] __main__: Summary written to: C:\Users\santi\Software Development Projects\Worklocal\Migration-Strategy\Scrapers\Menu Scrapers\logs\phase2_summary_20251211_163559.csv
2025-12-11 16:35:59,290 [INFO] __main__: ======================================================================
2025-12-11 16:35:59,290 [INFO] __main__: SCRAPING COMPLETE
2025-12-11 16:35:59,290 [INFO] __main__: ======================================================================
2025-12-11 16:35:59,290 [INFO] __main__: Restaurants processed: 1
2025-12-11 16:35:59,290 [INFO] __main__:   - Success: 1
2025-12-11 16:35:59,290 [INFO] __main__:   - Errors: 0
2025-12-11 16:35:59,291 [INFO] __main__: 
2025-12-11 16:35:59,291 [INFO] __main__: TOTALS:
2025-12-11 16:35:59,291 [INFO] __main__:   - Combo Groups: 80
2025-12-11 16:35:59,291 [INFO] __main__:   - Courses: 37
2025-12-11 16:35:59,291 [INFO] __main__:   - Dishes: 374
2025-12-11 16:35:59,291 [INFO] __main__:   - Dish Prices: 651
2025-12-11 16:35:59,291 [INFO] __main__:   - Modifiers: 3394
