2025-11-18 14:29:54,905 - INFO - ================================================================================
2025-11-18 14:29:54,906 - INFO - PHASE 2 FRENCH MENU SCRAPER (MODIFIERS)
2025-11-18 14:29:54,906 - INFO - ================================================================================
2025-11-18 14:29:55,990 - INFO - Target Restaurants:
2025-11-18 14:29:55,990 - INFO -   - La Nawab V2 (DB ID: 825)
2025-11-18 14:29:55,990 - INFO -   - Cuisine Bombay Indienne (DB ID: 960)
2025-11-18 14:29:55,990 - INFO -   - Chicco Shawarma Cantley (DB ID: 961)
2025-11-18 14:29:55,990 - INFO -   - Chicco Pizza Shawarma Anger (DB ID: 963)
2025-11-18 14:29:55,992 - INFO -   - Chicco Pizza Maloney (DB ID: 964)
2025-11-18 14:29:55,992 - INFO -   - Chicco Shawarma Maloney (DB ID: 965)
2025-11-18 14:29:55,994 - INFO -   - Chicco Pizza St-Louis (DB ID: 967)
2025-11-18 14:29:55,994 - INFO -   - Pizza Marie (DB ID: 976)
2025-11-18 14:29:55,994 - INFO -   - Sushi Presse (DB ID: 1020)
2025-11-18 14:29:55,994 - INFO - ================================================================================
2025-11-18 14:29:55,995 - INFO - Output directory: C:\Users\santi\Menu.ca\Legacy Database\Migration Strategy\scraper\V2 Scrapper\phase2_french_output
2025-11-18 14:29:55,995 - INFO - 
Initializing scraper...
2025-11-18 14:29:55,995 - INFO - Starting browser...
2025-11-18 14:29:56,613 - INFO - Browser started successfully
2025-11-18 14:29:56,613 - INFO - Browser started
2025-11-18 14:29:56,613 - INFO - Logging in to V2 admin...
2025-11-18 14:30:00,903 - INFO -   Current URL: https://aggregator-admin.menu.ca/index.php/welcome/index
2025-11-18 14:30:00,904 - INFO - Login successful
2025-11-18 14:30:00,904 - INFO - 
================================================================================
2025-11-18 14:30:00,904 - INFO - [1/10] PROCESSING: La Nawab V2
2025-11-18 14:30:00,904 - INFO - ================================================================================
2025-11-18 14:30:00,904 - INFO - DB ID: 825
2025-11-18 14:30:01,286 - ERROR - Error fetching dishes: invalid input syntax for type bigint: ""
LINE 11:               AND d.source_id != ''
                                          ^
Traceback (most recent call last):
  File "C:\Users\santi\Menu.ca\Legacy Database\Migration Strategy\scraper\phase2_french_scraper.py", line 107, in get_dishes_for_restaurant
    cur.execute("""
    ~~~~~~~~~~~^^^^
        SELECT
        ^^^^^^
    ...<9 lines>...
        ORDER BY c.display_order, d.display_order
        ^^^^^^^^^^^^^^^^^^^^^^^^^^^^^^^^^^^^^^^^^
    """, (restaurant_id,))
    ^^^^^^^^^^^^^^^^^^^^^^
psycopg2.errors.InvalidTextRepresentation: invalid input syntax for type bigint: ""
LINE 11:               AND d.source_id != ''
                                          ^

2025-11-18 14:30:01,286 - WARNING - No dishes found for La Nawab V2
2025-11-18 14:30:01,286 - INFO - 
================================================================================
2025-11-18 14:30:01,287 - INFO - [2/10] PROCESSING: Cuisine Bombay Indienne
2025-11-18 14:30:01,287 - INFO - ================================================================================
2025-11-18 14:30:01,287 - INFO - DB ID: 960
2025-11-18 14:30:01,655 - ERROR - Error fetching dishes: invalid input syntax for type bigint: ""
LINE 11:               AND d.source_id != ''
                                          ^
Traceback (most recent call last):
  File "C:\Users\santi\Menu.ca\Legacy Database\Migration Strategy\scraper\phase2_french_scraper.py", line 107, in get_dishes_for_restaurant
    cur.execute("""
    ~~~~~~~~~~~^^^^
        SELECT
        ^^^^^^
    ...<9 lines>...
        ORDER BY c.display_order, d.display_order
        ^^^^^^^^^^^^^^^^^^^^^^^^^^^^^^^^^^^^^^^^^
    """, (restaurant_id,))
    ^^^^^^^^^^^^^^^^^^^^^^
psycopg2.errors.InvalidTextRepresentation: invalid input syntax for type bigint: ""
LINE 11:               AND d.source_id != ''
                                          ^

2025-11-18 14:30:01,655 - WARNING - No dishes found for Cuisine Bombay Indienne
2025-11-18 14:30:01,656 - INFO - 
================================================================================
2025-11-18 14:30:01,656 - INFO - [3/10] PROCESSING: Chicco Shawarma Cantley
2025-11-18 14:30:01,656 - INFO - ================================================================================
2025-11-18 14:30:01,656 - INFO - DB ID: 961
2025-11-18 14:30:02,030 - ERROR - Error fetching dishes: invalid input syntax for type bigint: ""
LINE 11:               AND d.source_id != ''
                                          ^
Traceback (most recent call last):
  File "C:\Users\santi\Menu.ca\Legacy Database\Migration Strategy\scraper\phase2_french_scraper.py", line 107, in get_dishes_for_restaurant
    cur.execute("""
    ~~~~~~~~~~~^^^^
        SELECT
        ^^^^^^
    ...<9 lines>...
        ORDER BY c.display_order, d.display_order
        ^^^^^^^^^^^^^^^^^^^^^^^^^^^^^^^^^^^^^^^^^
    """, (restaurant_id,))
    ^^^^^^^^^^^^^^^^^^^^^^
psycopg2.errors.InvalidTextRepresentation: invalid input syntax for type bigint: ""
LINE 11:               AND d.source_id != ''
                                          ^

2025-11-18 14:30:02,031 - WARNING - No dishes found for Chicco Shawarma Cantley
2025-11-18 14:30:02,031 - INFO - 
================================================================================
2025-11-18 14:30:02,031 - INFO - [4/10] PROCESSING: Chicco Pizza Shawarma Anger
2025-11-18 14:30:02,031 - INFO - ================================================================================
2025-11-18 14:30:02,031 - INFO - DB ID: 963
2025-11-18 14:30:02,401 - ERROR - Error fetching dishes: invalid input syntax for type bigint: ""
LINE 11:               AND d.source_id != ''
                                          ^
Traceback (most recent call last):
  File "C:\Users\santi\Menu.ca\Legacy Database\Migration Strategy\scraper\phase2_french_scraper.py", line 107, in get_dishes_for_restaurant
    cur.execute("""
    ~~~~~~~~~~~^^^^
        SELECT
        ^^^^^^
    ...<9 lines>...
        ORDER BY c.display_order, d.display_order
        ^^^^^^^^^^^^^^^^^^^^^^^^^^^^^^^^^^^^^^^^^
    """, (restaurant_id,))
    ^^^^^^^^^^^^^^^^^^^^^^
psycopg2.errors.InvalidTextRepresentation: invalid input syntax for type bigint: ""
LINE 11:               AND d.source_id != ''
                                          ^

2025-11-18 14:30:02,402 - WARNING - No dishes found for Chicco Pizza Shawarma Anger
2025-11-18 14:30:02,402 - INFO - 
================================================================================
2025-11-18 14:30:02,402 - INFO - [5/10] PROCESSING: Chicco Pizza Maloney
2025-11-18 14:30:02,402 - INFO - ================================================================================
2025-11-18 14:30:02,402 - INFO - DB ID: 964
2025-11-18 14:30:02,761 - ERROR - Error fetching dishes: invalid input syntax for type bigint: ""
LINE 11:               AND d.source_id != ''
                                          ^
Traceback (most recent call last):
  File "C:\Users\santi\Menu.ca\Legacy Database\Migration Strategy\scraper\phase2_french_scraper.py", line 107, in get_dishes_for_restaurant
    cur.execute("""
    ~~~~~~~~~~~^^^^
        SELECT
        ^^^^^^
    ...<9 lines>...
        ORDER BY c.display_order, d.display_order
        ^^^^^^^^^^^^^^^^^^^^^^^^^^^^^^^^^^^^^^^^^
    """, (restaurant_id,))
    ^^^^^^^^^^^^^^^^^^^^^^
psycopg2.errors.InvalidTextRepresentation: invalid input syntax for type bigint: ""
LINE 11:               AND d.source_id != ''
                                          ^

2025-11-18 14:30:02,761 - WARNING - No dishes found for Chicco Pizza Maloney
2025-11-18 14:30:02,762 - INFO - 
================================================================================
2025-11-18 14:30:02,762 - INFO - [6/10] PROCESSING: Chicco Shawarma Maloney
2025-11-18 14:30:02,762 - INFO - ================================================================================
2025-11-18 14:30:02,762 - INFO - DB ID: 965
2025-11-18 14:30:03,138 - ERROR - Error fetching dishes: invalid input syntax for type bigint: ""
LINE 11:               AND d.source_id != ''
                                          ^
Traceback (most recent call last):
  File "C:\Users\santi\Menu.ca\Legacy Database\Migration Strategy\scraper\phase2_french_scraper.py", line 107, in get_dishes_for_restaurant
    cur.execute("""
    ~~~~~~~~~~~^^^^
        SELECT
        ^^^^^^
    ...<9 lines>...
        ORDER BY c.display_order, d.display_order
        ^^^^^^^^^^^^^^^^^^^^^^^^^^^^^^^^^^^^^^^^^
    """, (restaurant_id,))
    ^^^^^^^^^^^^^^^^^^^^^^
psycopg2.errors.InvalidTextRepresentation: invalid input syntax for type bigint: ""
LINE 11:               AND d.source_id != ''
                                          ^

2025-11-18 14:30:03,139 - WARNING - No dishes found for Chicco Shawarma Maloney
2025-11-18 14:30:03,139 - INFO - 
================================================================================
2025-11-18 14:30:03,139 - INFO - ================================================================================
2025-11-18 14:30:03,139 - INFO - DB ID: 966
2025-11-18 14:30:03,503 - ERROR - Error fetching dishes: invalid input syntax for type bigint: ""
LINE 11:               AND d.source_id != ''
                                          ^
Traceback (most recent call last):
  File "C:\Users\santi\Menu.ca\Legacy Database\Migration Strategy\scraper\phase2_french_scraper.py", line 107, in get_dishes_for_restaurant
    cur.execute("""
    ~~~~~~~~~~~^^^^
        SELECT
        ^^^^^^
    ...<9 lines>...
        ORDER BY c.display_order, d.display_order
        ^^^^^^^^^^^^^^^^^^^^^^^^^^^^^^^^^^^^^^^^^
    """, (restaurant_id,))
    ^^^^^^^^^^^^^^^^^^^^^^
psycopg2.errors.InvalidTextRepresentation: invalid input syntax for type bigint: ""
LINE 11:               AND d.source_id != ''
                                          ^

2025-11-18 14:30:03,504 - INFO - 
================================================================================
2025-11-18 14:30:03,504 - INFO - [8/10] PROCESSING: Chicco Pizza St-Louis
2025-11-18 14:30:03,504 - INFO - ================================================================================
2025-11-18 14:30:03,504 - INFO - DB ID: 967
2025-11-18 14:30:03,888 - ERROR - Error fetching dishes: invalid input syntax for type bigint: ""
LINE 11:               AND d.source_id != ''
                                          ^
Traceback (most recent call last):
  File "C:\Users\santi\Menu.ca\Legacy Database\Migration Strategy\scraper\phase2_french_scraper.py", line 107, in get_dishes_for_restaurant
    cur.execute("""
    ~~~~~~~~~~~^^^^
        SELECT
        ^^^^^^
    ...<9 lines>...
        ORDER BY c.display_order, d.display_order
        ^^^^^^^^^^^^^^^^^^^^^^^^^^^^^^^^^^^^^^^^^
    """, (restaurant_id,))
    ^^^^^^^^^^^^^^^^^^^^^^
psycopg2.errors.InvalidTextRepresentation: invalid input syntax for type bigint: ""
LINE 11:               AND d.source_id != ''
                                          ^

2025-11-18 14:30:03,888 - WARNING - No dishes found for Chicco Pizza St-Louis
2025-11-18 14:30:03,889 - INFO - 
================================================================================
2025-11-18 14:30:03,889 - INFO - [9/10] PROCESSING: Pizza Marie
2025-11-18 14:30:03,889 - INFO - ================================================================================
2025-11-18 14:30:03,889 - INFO - DB ID: 976
2025-11-18 14:30:04,250 - ERROR - Error fetching dishes: invalid input syntax for type bigint: ""
LINE 11:               AND d.source_id != ''
                                          ^
Traceback (most recent call last):
  File "C:\Users\santi\Menu.ca\Legacy Database\Migration Strategy\scraper\phase2_french_scraper.py", line 107, in get_dishes_for_restaurant
    cur.execute("""
    ~~~~~~~~~~~^^^^
        SELECT
        ^^^^^^
    ...<9 lines>...
        ORDER BY c.display_order, d.display_order
        ^^^^^^^^^^^^^^^^^^^^^^^^^^^^^^^^^^^^^^^^^
    """, (restaurant_id,))
    ^^^^^^^^^^^^^^^^^^^^^^
psycopg2.errors.InvalidTextRepresentation: invalid input syntax for type bigint: ""
LINE 11:               AND d.source_id != ''
                                          ^

2025-11-18 14:30:04,251 - WARNING - No dishes found for Pizza Marie
2025-11-18 14:30:04,251 - INFO - 
================================================================================
2025-11-18 14:30:04,251 - INFO - [10/10] PROCESSING: Sushi Presse
2025-11-18 14:30:04,251 - INFO - ================================================================================
2025-11-18 14:30:04,251 - INFO - DB ID: 1020
2025-11-18 14:30:04,634 - ERROR - Error fetching dishes: invalid input syntax for type bigint: ""
LINE 11:               AND d.source_id != ''
                                          ^
Traceback (most recent call last):
  File "C:\Users\santi\Menu.ca\Legacy Database\Migration Strategy\scraper\phase2_french_scraper.py", line 107, in get_dishes_for_restaurant
    cur.execute("""
    ~~~~~~~~~~~^^^^
        SELECT
        ^^^^^^
    ...<9 lines>...
        ORDER BY c.display_order, d.display_order
        ^^^^^^^^^^^^^^^^^^^^^^^^^^^^^^^^^^^^^^^^^
    """, (restaurant_id,))
    ^^^^^^^^^^^^^^^^^^^^^^
psycopg2.errors.InvalidTextRepresentation: invalid input syntax for type bigint: ""
LINE 11:               AND d.source_id != ''
                                          ^

2025-11-18 14:30:04,635 - WARNING - No dishes found for Sushi Presse
2025-11-18 14:30:04,635 - INFO - 
================================================================================
2025-11-18 14:30:04,636 - INFO - PHASE 2 FRENCH SCRAPER - FINAL SUMMARY
2025-11-18 14:30:04,636 - INFO - ================================================================================
2025-11-18 14:30:04,636 - INFO - Duration: 0:00:09.729988
2025-11-18 14:30:04,636 - INFO - Restaurants processed: 10
2025-11-18 14:30:04,636 - INFO - Total dishes processed: 0
2025-11-18 14:30:04,636 - INFO - Successful: 0
2025-11-18 14:30:04,636 - INFO - Failed: 0
2025-11-18 14:30:04,636 - INFO - Total modifier groups found: 0
2025-11-18 14:30:04,636 - INFO - Output directory: C:\Users\santi\Menu.ca\Legacy Database\Migration Strategy\scraper\V2 Scrapper\phase2_french_output
2025-11-18 14:30:04,636 - INFO - Log file: phase2_french_scraper.log
2025-11-18 14:30:04,636 - INFO - ================================================================================
2025-11-18 14:30:04,909 - INFO - Browser stopped
2025-11-18 14:30:04,910 - INFO - 
Browser stopped
2025-11-18 14:30:28,767 - INFO - ================================================================================
2025-11-18 14:30:28,767 - INFO - PHASE 2 FRENCH MENU SCRAPER (MODIFIERS)
2025-11-18 14:30:28,767 - INFO - ================================================================================
2025-11-18 14:30:29,286 - INFO - Target Restaurants:
2025-11-18 14:30:29,287 - INFO -   - La Nawab V2 (DB ID: 825)
2025-11-18 14:30:29,287 - INFO -   - Cuisine Bombay Indienne (DB ID: 960)
2025-11-18 14:30:29,287 - INFO -   - Chicco Shawarma Cantley (DB ID: 961)
2025-11-18 14:30:29,287 - INFO -   - Chicco Pizza Shawarma Anger (DB ID: 963)
2025-11-18 14:30:29,287 - INFO -   - Chicco Pizza Maloney (DB ID: 964)
2025-11-18 14:30:29,287 - INFO -   - Chicco Shawarma Maloney (DB ID: 965)
2025-11-18 14:30:29,289 - INFO -   - Chicco Pizza St-Louis (DB ID: 967)
2025-11-18 14:30:29,289 - INFO -   - Pizza Marie (DB ID: 976)
2025-11-18 14:30:29,289 - INFO -   - Sushi Presse (DB ID: 1020)
2025-11-18 14:30:29,289 - INFO - ================================================================================
2025-11-18 14:30:29,289 - INFO - Output directory: C:\Users\santi\Menu.ca\Legacy Database\Migration Strategy\scraper\V2 Scrapper\phase2_french_output
2025-11-18 14:30:29,289 - INFO - 
Initializing scraper...
2025-11-18 14:30:29,289 - INFO - Starting browser...
2025-11-18 14:30:29,813 - INFO - Browser started successfully
2025-11-18 14:30:29,813 - INFO - Browser started
2025-11-18 14:30:29,813 - INFO - Logging in to V2 admin...
2025-11-18 14:30:34,228 - INFO -   Current URL: https://aggregator-admin.menu.ca/index.php/welcome/index
2025-11-18 14:30:34,228 - INFO - Login successful
2025-11-18 14:30:34,228 - INFO - 
================================================================================
2025-11-18 14:30:34,228 - INFO - [1/10] PROCESSING: La Nawab V2
2025-11-18 14:30:34,228 - INFO - ================================================================================
2025-11-18 14:30:34,228 - INFO - DB ID: 825
2025-11-18 14:30:34,787 - INFO - Found 50 dishes to process
2025-11-18 14:30:34,787 - INFO - V2 Restaurant ID: 1642
2025-11-18 14:30:34,787 - INFO - 
  [1/50] Combo Poulet au Beurre (Course: Combo)
2025-11-18 14:30:34,787 - INFO -     DB Dish ID: 171314, V2 Dish ID: 10443
2025-11-18 14:30:42,737 - INFO - 
  [2/50] Combo Biryani au Poulet (Course: Combo)
2025-11-18 14:30:42,738 - INFO -     DB Dish ID: 171315, V2 Dish ID: 10444
2025-11-18 14:30:49,451 - INFO - 
  [3/50] Combo Légumes au Choix (Course: Combo)
2025-11-18 14:30:49,451 - INFO -     DB Dish ID: 171316, V2 Dish ID: 10445
2025-11-18 14:30:56,117 - INFO - 
  [4/50] Samosa (2mcx) (Course: Entrées)
2025-11-18 14:30:56,117 - INFO -     DB Dish ID: 171317, V2 Dish ID: 8408
2025-11-18 14:31:01,412 - INFO -     No modifiers found for this dish
2025-11-18 14:31:01,412 - INFO - 
  [5/50] Pakora (6mcx) (Course: Entrées)
2025-11-18 14:31:01,412 - INFO -     DB Dish ID: 171318, V2 Dish ID: 8409
2025-11-18 14:31:06,997 - INFO -     No modifiers found for this dish
2025-11-18 14:31:06,997 - INFO - 
  [6/50] Mulligatawny (Course: Entrées)
2025-11-18 14:31:06,997 - INFO -     DB Dish ID: 171319, V2 Dish ID: 8410
2025-11-18 14:31:12,566 - INFO -     No modifiers found for this dish
2025-11-18 14:31:12,566 - INFO - 
  [7/50] Rouleaux de printemps aux légumes (6 mcx) (Course: Entrées)
2025-11-18 14:31:12,566 - INFO -     DB Dish ID: 171320, V2 Dish ID: 9918
2025-11-18 14:31:18,142 - INFO -     No modifiers found for this dish
2025-11-18 14:31:18,142 - INFO - 
  [8/50] Tikka Poulet (Course: Biryani)
2025-11-18 14:31:18,142 - INFO -     DB Dish ID: 171321, V2 Dish ID: 8411
2025-11-18 14:31:24,851 - INFO - 
  [9/50] Sindhi Poulet (Course: Biryani)
2025-11-18 14:31:24,851 - INFO -     DB Dish ID: 171322, V2 Dish ID: 8412
2025-11-18 14:31:31,499 - INFO - 
  [10/50] Sindhi Agneau (Course: Biryani)
2025-11-18 14:31:31,499 - INFO -     DB Dish ID: 171323, V2 Dish ID: 8413
2025-11-18 14:31:38,039 - INFO - 
  [11/50] Légume Biryani N/A (Course: Biryani)
2025-11-18 14:31:38,039 - INFO -     DB Dish ID: 171324, V2 Dish ID: 8414
2025-11-18 14:31:43,651 - INFO -     No modifiers found for this dish
2025-11-18 14:31:43,651 - INFO - 
  [12/50] Saag (Course: Végétarienne)
2025-11-18 14:31:43,651 - INFO -     DB Dish ID: 171325, V2 Dish ID: 8415
2025-11-18 14:31:49,170 - INFO -     No modifiers found for this dish
2025-11-18 14:31:49,170 - INFO - 
  [13/50] Saag Paneer (Course: Végétarienne)
2025-11-18 14:31:49,170 - INFO -     DB Dish ID: 171326, V2 Dish ID: 8416
2025-11-18 14:31:54,697 - INFO -     No modifiers found for this dish
2025-11-18 14:31:54,697 - INFO - 
  [14/50] Panner au Beurre (Course: Végétarienne)
2025-11-18 14:31:54,697 - INFO -     DB Dish ID: 171327, V2 Dish ID: 9919
2025-11-18 14:32:00,328 - INFO -     No modifiers found for this dish
2025-11-18 14:32:00,328 - INFO - 
  [15/50] Aloo Gobi (Course: Végétarienne)
2025-11-18 14:32:00,328 - INFO -     DB Dish ID: 171328, V2 Dish ID: 8417
2025-11-18 14:32:05,908 - INFO -     No modifiers found for this dish
2025-11-18 14:32:05,908 - INFO - 
  [16/50] Chana Masala (Course: Végétarienne)
2025-11-18 14:32:05,909 - INFO -     DB Dish ID: 171329, V2 Dish ID: 8418
2025-11-18 14:32:11,517 - INFO -     No modifiers found for this dish
2025-11-18 14:32:11,517 - INFO - 
  [17/50] Dal Masala (Course: Végétarienne)
2025-11-18 14:32:11,517 - INFO -     DB Dish ID: 171330, V2 Dish ID: 8419
2025-11-18 14:32:17,115 - INFO -     No modifiers found for this dish
2025-11-18 14:32:17,115 - INFO - 
  [18/50] Malai Kofta (Course: Végétarienne)
2025-11-18 14:32:17,115 - INFO -     DB Dish ID: 171331, V2 Dish ID: 10442
2025-11-18 14:32:22,721 - INFO -     No modifiers found for this dish
2025-11-18 14:32:22,721 - INFO - 
  [19/50] Poulet au beurre (Course: Non-Végétarienne)
2025-11-18 14:32:22,721 - INFO -     DB Dish ID: 171332, V2 Dish ID: 8420
2025-11-18 14:32:28,306 - INFO -     No modifiers found for this dish
2025-11-18 14:32:28,306 - INFO - 
  [20/50] Poulet Jalfrezi (Course: Non-Végétarienne)
2025-11-18 14:32:28,306 - INFO -     DB Dish ID: 171333, V2 Dish ID: 8421
2025-11-18 14:32:33,848 - INFO -     No modifiers found for this dish
2025-11-18 14:32:33,849 - INFO - 
  [21/50] Palak Gosht (Course: Non-Végétarienne)
2025-11-18 14:32:33,849 - INFO -     DB Dish ID: 171334, V2 Dish ID: 8422
2025-11-18 14:32:39,439 - INFO -     No modifiers found for this dish
2025-11-18 14:32:39,440 - INFO - 
  [22/50] Korma Poulet (Course: Non-Végétarienne)
2025-11-18 14:32:39,440 - INFO -     DB Dish ID: 171335, V2 Dish ID: 8423
2025-11-18 14:32:45,012 - INFO -     No modifiers found for this dish
2025-11-18 14:32:45,013 - INFO - 
  [23/50] Korma Boeuf (Course: Non-Végétarienne)
2025-11-18 14:32:45,013 - INFO -     DB Dish ID: 171336, V2 Dish ID: 10618
2025-11-18 14:32:49,071 - INFO - ================================================================================
2025-11-18 14:32:49,071 - INFO - PHASE 2 FRENCH MENU SCRAPER (MODIFIERS)
2025-11-18 14:32:49,071 - INFO - ================================================================================
2025-11-18 14:32:49,519 - INFO - Target Restaurants:
2025-11-18 14:32:49,519 - INFO -   - La Nawab V2 (DB ID: 825)
2025-11-18 14:32:49,519 - INFO -   - Cuisine Bombay Indienne (DB ID: 960)
2025-11-18 14:32:49,519 - INFO -   - Chicco Shawarma Cantley (DB ID: 961)
2025-11-18 14:32:49,519 - INFO -   - Chicco Pizza Shawarma Anger (DB ID: 963)
2025-11-18 14:32:49,519 - INFO -   - Chicco Pizza Maloney (DB ID: 964)
2025-11-18 14:32:49,519 - INFO -   - Chicco Shawarma Maloney (DB ID: 965)
2025-11-18 14:32:49,521 - INFO -   - Chicco Pizza St-Louis (DB ID: 967)
2025-11-18 14:32:49,521 - INFO -   - Pizza Marie (DB ID: 976)
2025-11-18 14:32:49,521 - INFO -   - Sushi Presse (DB ID: 1020)
2025-11-18 14:32:49,521 - INFO - ================================================================================
2025-11-18 14:32:49,522 - INFO - Output directory: C:\Users\santi\Menu.ca\Legacy Database\Migration Strategy\scraper\V2 Scrapper\phase2_french_output
2025-11-18 14:32:49,522 - INFO - 
Initializing scraper...
2025-11-18 14:32:49,522 - INFO - Starting browser...
2025-11-18 14:32:50,167 - INFO - Browser started successfully
2025-11-18 14:32:50,167 - INFO - Browser started
2025-11-18 14:32:50,167 - INFO - Logging in to V2 admin...
2025-11-18 14:32:50,669 - INFO -     No modifiers found for this dish
2025-11-18 14:32:50,669 - INFO - 
  [24/50] Korma Agneau (Course: Non-Végétarienne)
2025-11-18 14:32:50,669 - INFO -     DB Dish ID: 171337, V2 Dish ID: 10619
2025-11-18 14:32:54,315 - INFO -   Current URL: https://aggregator-admin.menu.ca/index.php/welcome/index
2025-11-18 14:32:54,315 - INFO - Login successful
2025-11-18 14:32:54,315 - INFO - 
================================================================================
2025-11-18 14:32:54,315 - INFO - [1/10] PROCESSING: La Nawab V2
2025-11-18 14:32:54,315 - INFO - ================================================================================
2025-11-18 14:32:54,315 - INFO - DB ID: 825
2025-11-18 14:32:54,702 - INFO - Found 50 dishes to process
2025-11-18 14:32:54,703 - INFO - V2 Restaurant ID: 1642
2025-11-18 14:32:54,703 - INFO - 
  [1/50] Combo Poulet au Beurre (Course: Combo)
2025-11-18 14:32:54,703 - INFO -     DB Dish ID: 171314, V2 Dish ID: 10443
2025-11-18 14:32:56,123 - INFO -     No modifiers found for this dish
2025-11-18 14:32:56,123 - INFO - 
  [25/50] Vindaloo Poulet (Course: Non-Végétarienne)
2025-11-18 14:32:56,123 - INFO -     DB Dish ID: 171338, V2 Dish ID: 8424
2025-11-18 14:33:01,779 - INFO -     No modifiers found for this dish
2025-11-18 14:33:01,780 - INFO - 
  [26/50] Vindaloo Boeuf (Course: Non-Végétarienne)
2025-11-18 14:33:01,780 - INFO -     DB Dish ID: 171339, V2 Dish ID: 10620
2025-11-18 14:33:07,313 - INFO -     No modifiers found for this dish
2025-11-18 14:33:07,313 - INFO - 
  [27/50] Vindaloo Agneau (Course: Non-Végétarienne)
2025-11-18 14:33:07,313 - INFO -     DB Dish ID: 171340, V2 Dish ID: 10621
2025-11-18 14:33:12,900 - INFO -     No modifiers found for this dish
2025-11-18 14:33:12,900 - INFO - 
  [28/50] Achor Gosht Poulet (Course: Non-Végétarienne)
2025-11-18 14:33:12,900 - INFO -     DB Dish ID: 171341, V2 Dish ID: 8425
2025-11-18 14:33:18,464 - INFO -     No modifiers found for this dish
2025-11-18 14:33:18,465 - INFO - 
  [29/50] Achor Gosht Boeuf (Course: Non-Végétarienne)
2025-11-18 14:33:18,465 - INFO -     DB Dish ID: 171342, V2 Dish ID: 10622
2025-11-18 14:33:24,009 - INFO -     No modifiers found for this dish
2025-11-18 14:33:24,009 - INFO - 
  [30/50] Achor Gpsht Agneau (Course: Non-Végétarienne)
2025-11-18 14:33:24,009 - INFO -     DB Dish ID: 171343, V2 Dish ID: 10623
2025-11-18 14:33:29,591 - INFO -     No modifiers found for this dish
2025-11-18 14:33:29,591 - INFO - 
  [31/50] Boeuf Kofta (Course: Non-Végétarienne)
2025-11-18 14:33:29,591 - INFO -     DB Dish ID: 171344, V2 Dish ID: 8426
2025-11-18 14:33:35,126 - INFO -     No modifiers found for this dish
2025-11-18 14:33:35,126 - INFO - 
  [32/50] Poulet Tikka Masala (Course: Non-Végétarienne)
2025-11-18 14:33:35,126 - INFO -     DB Dish ID: 171345, V2 Dish ID: 8427
2025-11-18 14:33:40,741 - INFO -     No modifiers found for this dish
2025-11-18 14:33:40,741 - INFO - 
  [33/50] Nihari Beef (Course: Non-Végétarienne)
2025-11-18 14:33:40,741 - INFO -     DB Dish ID: 171346, V2 Dish ID: 8428
2025-11-18 14:33:46,405 - INFO -     No modifiers found for this dish
2025-11-18 14:33:46,406 - INFO - 
  [34/50] Curry Poulet (Course: Non-Végétarienne)
2025-11-18 14:33:46,406 - INFO -     DB Dish ID: 171347, V2 Dish ID: 8429
2025-11-18 14:33:51,985 - INFO -     No modifiers found for this dish
2025-11-18 14:33:51,985 - INFO - 
  [35/50] Curry Boeuf (Course: Non-Végétarienne)
2025-11-18 14:33:51,985 - INFO -     DB Dish ID: 171348, V2 Dish ID: 10624
2025-11-18 14:33:57,679 - INFO -     No modifiers found for this dish
2025-11-18 14:33:57,679 - INFO - 
  [36/50] Curry Agneau (Course: Non-Végétarienne)
2025-11-18 14:33:57,679 - INFO -     DB Dish ID: 171349, V2 Dish ID: 10625
2025-11-18 14:33:58,256 - INFO - ================================================================================
2025-11-18 14:33:58,256 - INFO - PHASE 2 FRENCH MENU SCRAPER (MODIFIERS)
2025-11-18 14:33:58,256 - INFO - ================================================================================
2025-11-18 14:33:58,754 - INFO - Target Restaurants:
2025-11-18 14:33:58,755 - INFO -   - La Nawab V2 (DB ID: 825)
2025-11-18 14:33:58,755 - INFO -   - Cuisine Bombay Indienne (DB ID: 960)
2025-11-18 14:33:58,755 - INFO -   - Chicco Shawarma Cantley (DB ID: 961)
2025-11-18 14:33:58,755 - INFO -   - Chicco Pizza Shawarma Anger (DB ID: 963)
2025-11-18 14:33:58,755 - INFO -   - Chicco Pizza Maloney (DB ID: 964)
2025-11-18 14:33:58,755 - INFO -   - Chicco Shawarma Maloney (DB ID: 965)
2025-11-18 14:33:58,756 - INFO -   - Chicco Pizza St-Louis (DB ID: 967)
2025-11-18 14:33:58,756 - INFO -   - Pizza Marie (DB ID: 976)
2025-11-18 14:33:58,756 - INFO -   - Sushi Presse (DB ID: 1020)
2025-11-18 14:33:58,756 - INFO - ================================================================================
2025-11-18 14:33:58,757 - INFO - Output directory: C:\Users\santi\Menu.ca\Legacy Database\Migration Strategy\scraper\V2 Scrapper\phase2_french_output
2025-11-18 14:33:58,757 - INFO - 
Initializing scraper...
2025-11-18 14:33:58,757 - INFO - Starting browser...
2025-11-18 14:33:59,367 - INFO - Browser started successfully
2025-11-18 14:33:59,368 - INFO - Browser started
2025-11-18 14:33:59,368 - INFO - Logging in to V2 admin...
2025-11-18 14:34:03,230 - INFO -     No modifiers found for this dish
2025-11-18 14:34:03,230 - INFO - 
  [37/50] Poulet Tikka (Course: Tandoori)
2025-11-18 14:34:03,230 - INFO -     DB Dish ID: 171350, V2 Dish ID: 8430
2025-11-18 14:34:03,656 - INFO -   Current URL: https://aggregator-admin.menu.ca/index.php/welcome/index
2025-11-18 14:34:03,656 - INFO - Login successful
2025-11-18 14:34:03,656 - INFO - 
================================================================================
2025-11-18 14:34:03,656 - INFO - [1/10] PROCESSING: La Nawab V2
2025-11-18 14:34:03,656 - INFO - ================================================================================
2025-11-18 14:34:03,656 - INFO - DB ID: 825
2025-11-18 14:34:04,030 - INFO - Found 50 dishes to process
2025-11-18 14:34:04,030 - INFO - V2 Restaurant ID: 1642
2025-11-18 14:34:04,030 - INFO - 
  [1/50] Combo Poulet au Beurre (Course: Combo)
2025-11-18 14:34:04,030 - INFO -     DB Dish ID: 171314, V2 Dish ID: 10443
2025-11-18 14:34:08,812 - INFO -     No modifiers found for this dish
2025-11-18 14:34:08,812 - INFO - 
  [38/50] Pain Naan (Course: Extras)
2025-11-18 14:34:08,812 - INFO -     DB Dish ID: 171351, V2 Dish ID: 8431
2025-11-18 14:34:11,180 - INFO - 
  [2/50] Combo Biryani au Poulet (Course: Combo)
2025-11-18 14:34:11,180 - INFO -     DB Dish ID: 171315, V2 Dish ID: 10444
2025-11-18 14:34:14,406 - INFO -     No modifiers found for this dish
2025-11-18 14:34:14,406 - INFO - 
  [39/50] Pain Naan à l'ail (Course: Extras)
2025-11-18 14:34:14,406 - INFO -     DB Dish ID: 171352, V2 Dish ID: 8432
2025-11-18 14:34:18,212 - INFO - 
  [3/50] Combo Légumes au Choix (Course: Combo)
2025-11-18 14:34:18,212 - INFO -     DB Dish ID: 171316, V2 Dish ID: 10445
2025-11-18 14:34:20,024 - INFO -     No modifiers found for this dish
2025-11-18 14:34:20,025 - INFO - 
  [40/50] Riz Basmati Tarka (Course: Extras)
2025-11-18 14:34:20,025 - INFO -     DB Dish ID: 171353, V2 Dish ID: 8433
2025-11-18 14:34:25,223 - INFO - 
  [4/50] Samosa (2mcx) (Course: Entrées)
2025-11-18 14:34:25,224 - INFO -     DB Dish ID: 171317, V2 Dish ID: 8408
2025-11-18 14:34:25,634 - INFO -     No modifiers found for this dish
2025-11-18 14:34:25,634 - INFO - 
  [41/50] Chutney (Course: Extras)
2025-11-18 14:34:25,634 - INFO -     DB Dish ID: 171354, V2 Dish ID: 8434
2025-11-18 14:34:30,827 - INFO -     No modifiers found for this dish
2025-11-18 14:34:30,827 - INFO - 
  [5/50] Pakora (6mcx) (Course: Entrées)
2025-11-18 14:34:30,827 - INFO -     DB Dish ID: 171318, V2 Dish ID: 8409
2025-11-18 14:34:31,214 - INFO -     No modifiers found for this dish
2025-11-18 14:34:31,214 - INFO - 
  [42/50] Raita (Course: Extras)
2025-11-18 14:34:31,214 - INFO -     DB Dish ID: 171355, V2 Dish ID: 8435
2025-11-18 14:34:36,331 - INFO -     No modifiers found for this dish
2025-11-18 14:34:36,331 - INFO - 
  [6/50] Mulligatawny (Course: Entrées)
2025-11-18 14:34:36,331 - INFO -     DB Dish ID: 171319, V2 Dish ID: 8410
2025-11-18 14:34:36,753 - INFO -     No modifiers found for this dish
2025-11-18 14:34:36,753 - INFO - 
  [43/50] Gulab Jamun (2mcx) (Course: Desserts)
2025-11-18 14:34:36,753 - INFO -     DB Dish ID: 171356, V2 Dish ID: 8436
2025-11-18 14:34:41,911 - INFO -     No modifiers found for this dish
2025-11-18 14:34:41,911 - INFO - 
  [7/50] Rouleaux de printemps aux légumes (6 mcx) (Course: Entrées)
2025-11-18 14:34:41,911 - INFO -     DB Dish ID: 171320, V2 Dish ID: 9918
2025-11-18 14:34:42,351 - INFO -     No modifiers found for this dish
2025-11-18 14:34:42,351 - INFO - 
  [44/50] Kheer (Course: Desserts)
2025-11-18 14:34:42,351 - INFO -     DB Dish ID: 171357, V2 Dish ID: 8437
2025-11-18 14:34:47,544 - INFO -     No modifiers found for this dish
2025-11-18 14:34:47,544 - INFO - 
  [8/50] Tikka Poulet (Course: Biryani)
2025-11-18 14:34:47,544 - INFO -     DB Dish ID: 171321, V2 Dish ID: 8411
2025-11-18 14:34:47,972 - INFO -     No modifiers found for this dish
2025-11-18 14:34:47,973 - INFO - 
  [45/50] Shake à la mangue (Course: Boissons)
2025-11-18 14:34:47,973 - INFO -     DB Dish ID: 171358, V2 Dish ID: 8438
2025-11-18 14:34:53,500 - INFO -     No modifiers found for this dish
2025-11-18 14:34:53,500 - INFO - 
  [46/50] Lassi à la mangue (Course: Boissons)
2025-11-18 14:34:53,500 - INFO -     DB Dish ID: 171359, V2 Dish ID: 8439
2025-11-18 14:34:59,207 - INFO -     No modifiers found for this dish
2025-11-18 14:34:59,208 - INFO - 
  [47/50] Boissons gazeuses (Course: Boissons)
2025-11-18 14:34:59,208 - INFO -     DB Dish ID: 171360, V2 Dish ID: 8440
2025-11-18 14:35:01,432 - INFO -     No modifiers found for this dish
2025-11-18 14:35:01,432 - INFO - 
  [48/50] Thé (Course: Boissons)
2025-11-18 14:35:01,432 - INFO -     DB Dish ID: 171361, V2 Dish ID: 9920
2025-11-18 14:35:01,442 - INFO -     No modifiers found for this dish
2025-11-18 14:35:01,442 - INFO - 
  [49/50] Thé Masala (Course: Boissons)
2025-11-18 14:35:01,442 - INFO -     DB Dish ID: 171362, V2 Dish ID: 9921
2025-11-18 14:35:01,448 - INFO -     No modifiers found for this dish
2025-11-18 14:35:01,449 - INFO - 
  [50/50] Thé Cardamome (Course: Boissons)
2025-11-18 14:35:01,449 - INFO -     DB Dish ID: 171363, V2 Dish ID: 9922
2025-11-18 14:35:01,452 - INFO -     No modifiers found for this dish
2025-11-18 14:35:01,454 - INFO -   JSON saved: restaurant_825_modifiers.json
2025-11-18 14:35:01,454 - INFO - 
================================================================================
2025-11-18 14:35:01,454 - INFO - [2/10] PROCESSING: Cuisine Bombay Indienne
2025-11-18 14:35:01,454 - INFO - ================================================================================
2025-11-18 14:35:01,454 - INFO - DB ID: 960
2025-11-18 14:35:01,871 - INFO - Found 93 dishes to process
2025-11-18 14:35:01,871 - INFO - V2 Restaurant ID: 1657
2025-11-18 14:35:01,871 - INFO - 
  [1/93] Daal Soup (Course: Soups and Appetizers)
2025-11-18 14:35:01,871 - INFO -     DB Dish ID: 171364, V2 Dish ID: 8815
2025-11-18 14:35:01,873 - INFO -     No modifiers found for this dish
2025-11-18 14:35:01,873 - INFO - 
  [2/93] Mulligatawny Soup (Course: Soups and Appetizers)
2025-11-18 14:35:01,873 - INFO -     DB Dish ID: 171365, V2 Dish ID: 8816
2025-11-18 14:35:01,876 - INFO -     No modifiers found for this dish
2025-11-18 14:35:01,876 - INFO - 
  [3/93] House Salad (Course: Soups and Appetizers)
2025-11-18 14:35:01,876 - INFO -     DB Dish ID: 171366, V2 Dish ID: 8817
2025-11-18 14:35:01,877 - INFO -     No modifiers found for this dish
2025-11-18 14:35:01,877 - INFO - 
  [4/93] Vegetables Pakora (Course: Soups and Appetizers)
2025-11-18 14:35:01,877 - INFO -     DB Dish ID: 171367, V2 Dish ID: 8818
2025-11-18 14:35:01,880 - INFO -     No modifiers found for this dish
2025-11-18 14:35:01,880 - INFO - 
  [5/93] Onion Bhaji (Course: Soups and Appetizers)
2025-11-18 14:35:01,880 - INFO -     DB Dish ID: 171368, V2 Dish ID: 8819
2025-11-18 14:35:01,881 - INFO -     No modifiers found for this dish
2025-11-18 14:35:01,881 - INFO - 
  [6/93] Vegetable Somosa (Course: Soups and Appetizers)
2025-11-18 14:35:01,881 - INFO -     DB Dish ID: 171369, V2 Dish ID: 8820
2025-11-18 14:35:01,883 - INFO -     No modifiers found for this dish
2025-11-18 14:35:01,883 - INFO - 
  [7/93] Chicken Tikka (Course: Soups and Appetizers)
2025-11-18 14:35:01,883 - INFO -     DB Dish ID: 171370, V2 Dish ID: 8821
2025-11-18 14:35:01,885 - INFO -     No modifiers found for this dish
2025-11-18 14:35:01,885 - INFO - 
  [8/93] Bhuna Shrimps on Puri (Course: Soups and Appetizers)
2025-11-18 14:35:01,885 - INFO -     DB Dish ID: 171371, V2 Dish ID: 8822
2025-11-18 14:35:01,888 - INFO -     No modifiers found for this dish
2025-11-18 14:35:01,888 - INFO - 
  [9/93] Appetizer Platter (Course: Soups and Appetizers)
2025-11-18 14:35:01,888 - INFO -     DB Dish ID: 171372, V2 Dish ID: 8823
2025-11-18 14:35:01,889 - INFO -     No modifiers found for this dish
2025-11-18 14:35:01,889 - INFO - 
  [10/93] Curry (Course: Curry Specialities)
2025-11-18 14:35:01,890 - INFO -     DB Dish ID: 171373, V2 Dish ID: 8824
2025-11-18 14:35:01,892 - INFO -     No modifiers found for this dish
2025-11-18 14:35:01,892 - INFO - 
  [11/93] Bhuna (Course: Curry Specialities)
2025-11-18 14:35:01,892 - INFO -     DB Dish ID: 171374, V2 Dish ID: 8825
2025-11-18 14:35:01,893 - INFO -     No modifiers found for this dish
2025-11-18 14:35:01,893 - INFO - 
  [12/93] Korma (Course: Curry Specialities)
2025-11-18 14:35:01,893 - INFO -     DB Dish ID: 171375, V2 Dish ID: 8826
2025-11-18 14:35:01,895 - INFO -     No modifiers found for this dish
2025-11-18 14:35:01,896 - INFO - 
  [13/93] Kashmiri (Course: Curry Specialities)
2025-11-18 14:35:01,896 - INFO -     DB Dish ID: 171376, V2 Dish ID: 8827
2025-11-18 14:35:01,897 - INFO -     No modifiers found for this dish
2025-11-18 14:35:01,897 - INFO - 
  [14/93] Saag (Course: Curry Specialities)
2025-11-18 14:35:01,897 - INFO -     DB Dish ID: 171377, V2 Dish ID: 8828
2025-11-18 14:35:01,899 - INFO -     No modifiers found for this dish
2025-11-18 14:35:01,899 - INFO - 
  [15/93] Rogan Josh (Course: Curry Specialities)
2025-11-18 14:35:01,899 - INFO -     DB Dish ID: 171378, V2 Dish ID: 8829
2025-11-18 14:35:01,901 - INFO -     No modifiers found for this dish
2025-11-18 14:35:01,901 - INFO - 
  [16/93] Du Piazza (Course: Curry Specialities)
2025-11-18 14:35:01,901 - INFO -     DB Dish ID: 171379, V2 Dish ID: 8830
2025-11-18 14:35:01,903 - INFO -     No modifiers found for this dish
2025-11-18 14:35:01,903 - INFO - 
  [17/93] Dansak (Course: Curry Specialities)
2025-11-18 14:35:01,903 - INFO -     DB Dish ID: 171380, V2 Dish ID: 8831
2025-11-18 14:35:01,905 - INFO -     No modifiers found for this dish
2025-11-18 14:35:01,905 - INFO - 
  [18/93] Pathia (Course: Curry Specialities)
2025-11-18 14:35:01,905 - INFO -     DB Dish ID: 171381, V2 Dish ID: 8832
2025-11-18 14:35:01,907 - INFO -     No modifiers found for this dish
2025-11-18 14:35:01,907 - INFO - 
  [19/93] Madras (Course: Curry Specialities)
2025-11-18 14:35:01,907 - INFO -     DB Dish ID: 171382, V2 Dish ID: 8833
2025-11-18 14:35:01,909 - INFO -     No modifiers found for this dish
2025-11-18 14:35:01,909 - INFO - 
  [20/93] Vindaloo (Course: Curry Specialities)
2025-11-18 14:35:01,909 - INFO -     DB Dish ID: 171383, V2 Dish ID: 8834
2025-11-18 14:35:01,911 - INFO -     No modifiers found for this dish
2025-11-18 14:35:01,911 - INFO - 
  [21/93] Bangalore Phal (Course: Curry Specialities)
2025-11-18 14:35:01,911 - INFO -     DB Dish ID: 171384, V2 Dish ID: 8835
2025-11-18 14:35:01,913 - INFO -     No modifiers found for this dish
2025-11-18 14:35:01,913 - INFO - 
  [22/93] Vegetable Dansak (Course: Vegetables (Main Dish))
2025-11-18 14:35:01,913 - INFO -     DB Dish ID: 171385, V2 Dish ID: 8836
2025-11-18 14:35:01,915 - INFO -     No modifiers found for this dish
2025-11-18 14:35:01,915 - INFO - 
  [23/93] Vegetable Korma (Course: Vegetables (Main Dish))
2025-11-18 14:35:01,915 - INFO -     DB Dish ID: 171386, V2 Dish ID: 8837
2025-11-18 14:35:01,917 - INFO -     No modifiers found for this dish
2025-11-18 14:35:01,918 - INFO - 
  [24/93] Vegetable Rogan Josh (Course: Vegetables (Main Dish))
2025-11-18 14:35:01,918 - INFO -     DB Dish ID: 171387, V2 Dish ID: 8838
2025-11-18 14:35:01,921 - INFO -     No modifiers found for this dish
2025-11-18 14:35:01,922 - INFO - 
  [25/93] Vegetable Du Piazza (Course: Vegetables (Main Dish))
2025-11-18 14:35:01,922 - INFO -     DB Dish ID: 171388, V2 Dish ID: 8839
2025-11-18 14:35:01,924 - INFO -     No modifiers found for this dish
2025-11-18 14:35:01,924 - INFO - 
  [26/93] Vegetable Pathia (Course: Vegetables (Main Dish))
2025-11-18 14:35:01,924 - INFO -     DB Dish ID: 171389, V2 Dish ID: 8840
2025-11-18 14:35:01,927 - INFO -     No modifiers found for this dish
2025-11-18 14:35:01,928 - INFO - 
  [27/93] Vegetable Madras (Course: Vegetables (Main Dish))
2025-11-18 14:35:01,928 - INFO -     DB Dish ID: 171390, V2 Dish ID: 8841
2025-11-18 14:35:01,931 - INFO -     No modifiers found for this dish
2025-11-18 14:35:01,931 - INFO - 
  [28/93] Vegetable Vindaloo (Course: Vegetables (Main Dish))
2025-11-18 14:35:01,932 - INFO -     DB Dish ID: 171391, V2 Dish ID: 8842
2025-11-18 14:35:01,935 - INFO -     No modifiers found for this dish
2025-11-18 14:35:01,935 - INFO - 
  [29/93] Vegetable Bangalore (Course: Vegetables (Main Dish))
2025-11-18 14:35:01,935 - INFO -     DB Dish ID: 171392, V2 Dish ID: 8843
2025-11-18 14:35:01,938 - INFO -     No modifiers found for this dish
2025-11-18 14:35:01,938 - INFO - 
  [30/93] Paneer Tikka Masala (Course: Vegetables (Main Dish))
2025-11-18 14:35:01,938 - INFO -     DB Dish ID: 171393, V2 Dish ID: 8844
2025-11-18 14:35:01,941 - INFO -     No modifiers found for this dish
2025-11-18 14:35:01,941 - INFO - 
  [31/93] Shahi Paneer (Course: Vegetables (Main Dish))
2025-11-18 14:35:01,941 - INFO -     DB Dish ID: 171394, V2 Dish ID: 8845
2025-11-18 14:35:01,944 - INFO -     No modifiers found for this dish
2025-11-18 14:35:01,944 - INFO - 
  [32/93] Mixed Vegetable Bhajee (Course: Vegetables (Side Dish))
2025-11-18 14:35:01,944 - INFO -     DB Dish ID: 171395, V2 Dish ID: 8846
2025-11-18 14:35:01,948 - INFO -     No modifiers found for this dish
2025-11-18 14:35:01,948 - INFO - 
  [33/93] Mushroom Bhajee (Course: Vegetables (Side Dish))
2025-11-18 14:35:01,948 - INFO -     DB Dish ID: 171396, V2 Dish ID: 8847
2025-11-18 14:35:01,951 - INFO -     No modifiers found for this dish
2025-11-18 14:35:01,952 - INFO - 
  [34/93] Okra Bhajee (Course: Vegetables (Side Dish))
2025-11-18 14:35:01,952 - INFO -     DB Dish ID: 171397, V2 Dish ID: 8848
2025-11-18 14:35:01,955 - INFO -     No modifiers found for this dish
2025-11-18 14:35:01,955 - INFO - 
  [35/93] Aloo Peas (Course: Vegetables (Side Dish))
2025-11-18 14:35:01,955 - INFO -     DB Dish ID: 171398, V2 Dish ID: 8849
2025-11-18 14:35:01,956 - INFO -     No modifiers found for this dish
2025-11-18 14:35:01,957 - INFO - 
  [36/93] Saag Aloo Bhajee (Course: Vegetables (Side Dish))
2025-11-18 14:35:01,957 - INFO -     DB Dish ID: 171399, V2 Dish ID: 8850
2025-11-18 14:35:01,959 - INFO -     No modifiers found for this dish
2025-11-18 14:35:01,959 - INFO - 
  [37/93] Tarka Dall (Course: Vegetables (Side Dish))
2025-11-18 14:35:01,960 - INFO -     DB Dish ID: 171400, V2 Dish ID: 8851
2025-11-18 14:35:01,963 - INFO -     No modifiers found for this dish
2025-11-18 14:35:01,963 - INFO - 
  [38/93] Chana Masala (Course: Vegetables (Side Dish))
2025-11-18 14:35:01,963 - INFO -     DB Dish ID: 171401, V2 Dish ID: 8852
2025-11-18 14:35:01,966 - INFO -     No modifiers found for this dish
2025-11-18 14:35:01,966 - INFO - 
  [39/93] Bombay Aloo (Course: Vegetables (Side Dish))
2025-11-18 14:35:01,966 - INFO -     DB Dish ID: 171402, V2 Dish ID: 8853
2025-11-18 14:35:01,967 - INFO -     No modifiers found for this dish
2025-11-18 14:35:01,967 - INFO - 
  [40/93] Aloo Gobi (Course: Vegetables (Side Dish))
2025-11-18 14:35:01,967 - INFO -     DB Dish ID: 171403, V2 Dish ID: 8854
2025-11-18 14:35:01,970 - INFO -     No modifiers found for this dish
2025-11-18 14:35:01,971 - INFO - 
  [41/93] Cauliflower Bhajee (Course: Vegetables (Side Dish))
2025-11-18 14:35:01,971 - INFO -     DB Dish ID: 171404, V2 Dish ID: 8855
2025-11-18 14:35:01,973 - INFO -     No modifiers found for this dish
2025-11-18 14:35:01,973 - INFO - 
  [42/93] Eggplant Bhajee (Course: Vegetables (Side Dish))
2025-11-18 14:35:01,973 - INFO -     DB Dish ID: 171405, V2 Dish ID: 8856
2025-11-18 14:35:01,975 - INFO -     No modifiers found for this dish
2025-11-18 14:35:01,975 - INFO - 
  [43/93] Saag Paneer (Course: Vegetables (Side Dish))
2025-11-18 14:35:01,975 - INFO -     DB Dish ID: 171406, V2 Dish ID: 8857
2025-11-18 14:35:01,980 - INFO -     No modifiers found for this dish
2025-11-18 14:35:01,980 - INFO - 
  [44/93] Mottar Paneer (Course: Vegetables (Side Dish))
2025-11-18 14:35:01,980 - INFO -     DB Dish ID: 171407, V2 Dish ID: 8858
2025-11-18 14:35:01,982 - INFO -     No modifiers found for this dish
2025-11-18 14:35:01,982 - INFO - 
  [45/93] Chicken Tandoori (Course: Tandoori Specialty)
2025-11-18 14:35:01,982 - INFO -     DB Dish ID: 171408, V2 Dish ID: 8859
2025-11-18 14:35:01,985 - INFO -     No modifiers found for this dish
2025-11-18 14:35:01,985 - INFO - 
  [46/93] Chicken Tikka (Tandoori Specialty) (Course: Tandoori Specialty)
2025-11-18 14:35:01,985 - INFO -     DB Dish ID: 171409, V2 Dish ID: 8860
2025-11-18 14:35:01,989 - INFO -     No modifiers found for this dish
2025-11-18 14:35:01,989 - INFO - 
  [47/93] Lamb Tikka (Course: Tandoori Specialty)
2025-11-18 14:35:01,989 - INFO -     DB Dish ID: 171410, V2 Dish ID: 8861
2025-11-18 14:35:01,996 - INFO -     No modifiers found for this dish
2025-11-18 14:35:01,996 - INFO - 
  [48/93] Shrimp Tandoori (Course: Tandoori Specialty)
2025-11-18 14:35:01,996 - INFO -     DB Dish ID: 171411, V2 Dish ID: 8862
2025-11-18 14:35:01,998 - INFO -     No modifiers found for this dish
2025-11-18 14:35:01,998 - INFO - 
  [49/93] Fish Tandoori (Course: Tandoori Specialty)
2025-11-18 14:35:01,998 - INFO -     DB Dish ID: 171412, V2 Dish ID: 8863
2025-11-18 14:35:02,002 - INFO -     No modifiers found for this dish
2025-11-18 14:35:02,002 - INFO - 
  [50/93] Bombay Tandoori Platter (Course: Tandoori Specialty)
2025-11-18 14:35:02,002 - INFO -     DB Dish ID: 171413, V2 Dish ID: 8864
2025-11-18 14:35:02,006 - INFO -     No modifiers found for this dish
2025-11-18 14:35:02,007 - INFO - 
  [51/93] Butter Chicken (Course: Bombay Specialty)
2025-11-18 14:35:02,007 - INFO -     DB Dish ID: 171414, V2 Dish ID: 8865
2025-11-18 14:35:02,012 - INFO -     No modifiers found for this dish
2025-11-18 14:35:02,012 - INFO - 
  [52/93] Garlic Chilli Chicken (Course: Bombay Specialty)
2025-11-18 14:35:02,012 - INFO -     DB Dish ID: 171415, V2 Dish ID: 8868
2025-11-18 14:35:02,015 - INFO -     No modifiers found for this dish
2025-11-18 14:35:02,015 - INFO - 
  [53/93] Chicken Tikka Masala (Course: Bombay Specialty)
2025-11-18 14:35:02,015 - INFO -     DB Dish ID: 171416, V2 Dish ID: 8866
2025-11-18 14:35:02,018 - INFO -     No modifiers found for this dish
2025-11-18 14:35:02,018 - INFO - 
  [54/93] Lamb Tikka Masala (Course: Bombay Specialty)
2025-11-18 14:35:02,019 - INFO -     DB Dish ID: 171417, V2 Dish ID: 8875
2025-11-18 14:35:02,022 - INFO -     No modifiers found for this dish
2025-11-18 14:35:02,022 - INFO - 
  [55/93] Shrimp Tandoori Masala (Course: Bombay Specialty)
2025-11-18 14:35:02,022 - INFO -     DB Dish ID: 171418, V2 Dish ID: 8876
2025-11-18 14:35:02,027 - INFO -     No modifiers found for this dish
2025-11-18 14:35:02,027 - INFO - 
  [56/93] Chicken Tikka Jalfrazi (Course: Bombay Specialty)
2025-11-18 14:35:02,027 - INFO -     DB Dish ID: 171419, V2 Dish ID: 8867
2025-11-18 14:35:02,033 - INFO -     No modifiers found for this dish
2025-11-18 14:35:02,033 - INFO - 
  [57/93] Chicken Tikka Rejala (Course: Bombay Specialty)
2025-11-18 14:35:02,033 - INFO -     DB Dish ID: 171420, V2 Dish ID: 8870
2025-11-18 14:35:02,036 - INFO -     No modifiers found for this dish
2025-11-18 14:35:02,036 - INFO - 
  [58/93] Chicken Pasanda (Course: Bombay Specialty)
2025-11-18 14:35:02,036 - INFO -     DB Dish ID: 171421, V2 Dish ID: 8869
2025-11-18 14:35:02,039 - INFO -     No modifiers found for this dish
2025-11-18 14:35:02,039 - INFO - 
  [59/93] Lamb Pasanda (Course: Bombay Specialty)
2025-11-18 14:35:02,039 - INFO -     DB Dish ID: 171422, V2 Dish ID: 8874
2025-11-18 14:35:02,043 - INFO -     No modifiers found for this dish
2025-11-18 14:35:02,044 - INFO - 
  [60/93] Beef Rejala (Course: Bombay Specialty)
2025-11-18 14:35:02,044 - INFO -     DB Dish ID: 171423, V2 Dish ID: 8871
2025-11-18 14:35:02,048 - INFO -     No modifiers found for this dish
2025-11-18 14:35:02,048 - INFO - 
  [61/93] Chicken Korai (Course: Bombay Specialty)
2025-11-18 14:35:02,048 - INFO -     DB Dish ID: 171424, V2 Dish ID: 8872
2025-11-18 14:35:02,051 - INFO -     No modifiers found for this dish
2025-11-18 14:35:02,051 - INFO - 
  [62/93] Beef Korai (Course: Bombay Specialty)
2025-11-18 14:35:02,051 - INFO -     DB Dish ID: 171425, V2 Dish ID: 8873
2025-11-18 14:35:02,052 - INFO -     No modifiers found for this dish
2025-11-18 14:35:02,052 - INFO - 
  [63/93] Fish Korai (Course: Bombay Specialty)
2025-11-18 14:35:02,052 - INFO -     DB Dish ID: 171426, V2 Dish ID: 8877
2025-11-18 14:35:02,054 - INFO -     No modifiers found for this dish
2025-11-18 14:35:02,054 - INFO - 
  [64/93] Vegetables Biryani (Course: Biryanis)
2025-11-18 14:35:02,054 - INFO -     DB Dish ID: 171427, V2 Dish ID: 8878
2025-11-18 14:35:02,056 - INFO -     No modifiers found for this dish
2025-11-18 14:35:02,056 - INFO - 
  [65/93] Chicken Biryani (Course: Biryanis)
2025-11-18 14:35:02,057 - INFO -     DB Dish ID: 171428, V2 Dish ID: 8879
2025-11-18 14:35:02,058 - INFO -     No modifiers found for this dish
2025-11-18 14:35:02,058 - INFO - 
  [66/93] Beef Biryani (Course: Biryanis)
2025-11-18 14:35:02,058 - INFO -     DB Dish ID: 171429, V2 Dish ID: 8880
2025-11-18 14:35:02,060 - INFO -     No modifiers found for this dish
2025-11-18 14:35:02,060 - INFO - 
  [67/93] Shrimp Biryani (Course: Biryanis)
2025-11-18 14:35:02,060 - INFO -     DB Dish ID: 171430, V2 Dish ID: 8881
2025-11-18 14:35:02,064 - INFO -     No modifiers found for this dish
2025-11-18 14:35:02,064 - INFO - 
  [68/93] Lamb Biryani (Course: Biryanis)
2025-11-18 14:35:02,064 - INFO -     DB Dish ID: 171431, V2 Dish ID: 8882
2025-11-18 14:35:02,067 - INFO -     No modifiers found for this dish
2025-11-18 14:35:02,067 - INFO - 
  [69/93] Pulao Rice (Course: Rice)
2025-11-18 14:35:02,067 - INFO -     DB Dish ID: 171432, V2 Dish ID: 8883
2025-11-18 14:35:02,070 - INFO -     No modifiers found for this dish
2025-11-18 14:35:02,070 - INFO - 
  [70/93] Special Fried Rice (Course: Rice)
2025-11-18 14:35:02,070 - INFO -     DB Dish ID: 171433, V2 Dish ID: 8884
2025-11-18 14:35:02,075 - INFO -     No modifiers found for this dish
2025-11-18 14:35:02,075 - INFO - 
  [71/93] Mushroom Rice (Course: Rice)
2025-11-18 14:35:02,075 - INFO -     DB Dish ID: 171434, V2 Dish ID: 8885
2025-11-18 14:35:02,080 - INFO -     No modifiers found for this dish
2025-11-18 14:35:02,081 - INFO - 
  [72/93] Peas Rice (Course: Rice)
2025-11-18 14:35:02,081 - INFO -     DB Dish ID: 171435, V2 Dish ID: 8886
2025-11-18 14:35:02,085 - INFO -     No modifiers found for this dish
2025-11-18 14:35:02,085 - INFO - 
  [73/93] Vegetable Rice (Course: Rice)
2025-11-18 14:35:02,085 - INFO -     DB Dish ID: 171436, V2 Dish ID: 8887
2025-11-18 14:35:02,088 - INFO -     No modifiers found for this dish
2025-11-18 14:35:02,088 - INFO - 
  [74/93] Papadum (Course: Indian Breads)
2025-11-18 14:35:02,088 - INFO -     DB Dish ID: 171437, V2 Dish ID: 8888
2025-11-18 14:35:02,092 - INFO -     No modifiers found for this dish
2025-11-18 14:35:02,092 - INFO - 
  [75/93] Chapati (Course: Indian Breads)
2025-11-18 14:35:02,092 - INFO -     DB Dish ID: 171438, V2 Dish ID: 8889
2025-11-18 14:35:02,094 - INFO -     No modifiers found for this dish
2025-11-18 14:35:02,094 - INFO - 
  [76/93] Naan (Course: Indian Breads)
2025-11-18 14:35:02,094 - INFO -     DB Dish ID: 171439, V2 Dish ID: 8890
2025-11-18 14:35:02,095 - INFO -     No modifiers found for this dish
2025-11-18 14:35:02,095 - INFO - 
  [77/93] Garlic Naan (Course: Indian Breads)
2025-11-18 14:35:02,095 - INFO -     DB Dish ID: 171440, V2 Dish ID: 8891
2025-11-18 14:35:02,099 - INFO -     No modifiers found for this dish
2025-11-18 14:35:02,099 - INFO - 
  [78/93] Cheese Naan (Course: Indian Breads)
2025-11-18 14:35:02,099 - INFO -     DB Dish ID: 171441, V2 Dish ID: 8892
2025-11-18 14:35:02,102 - INFO -     No modifiers found for this dish
2025-11-18 14:35:02,102 - INFO - 
  [79/93] Parata (Course: Indian Breads)
2025-11-18 14:35:02,102 - INFO -     DB Dish ID: 171442, V2 Dish ID: 8893
2025-11-18 14:35:02,106 - INFO -     No modifiers found for this dish
2025-11-18 14:35:02,106 - INFO - 
  [80/93] Yogurt (Course: Sundried and Others)
2025-11-18 14:35:02,107 - INFO -     DB Dish ID: 171443, V2 Dish ID: 8894
2025-11-18 14:35:02,110 - INFO -     No modifiers found for this dish
2025-11-18 14:35:02,110 - INFO - 
  [81/93] Cucumber Raeta (Course: Sundried and Others)
2025-11-18 14:35:02,110 - INFO -     DB Dish ID: 171444, V2 Dish ID: 8895
2025-11-18 14:35:02,114 - INFO -     No modifiers found for this dish
2025-11-18 14:35:02,114 - INFO - 
  [82/93] Mango Pickle (Course: Sundried and Others)
2025-11-18 14:35:02,114 - INFO -     DB Dish ID: 171445, V2 Dish ID: 8896
2025-11-18 14:35:02,118 - INFO -     No modifiers found for this dish
2025-11-18 14:35:02,118 - INFO - 
  [83/93] Lime Pickle (Course: Sundried and Others)
2025-11-18 14:35:02,118 - INFO -     DB Dish ID: 171446, V2 Dish ID: 8897
2025-11-18 14:35:02,123 - INFO -     No modifiers found for this dish
2025-11-18 14:35:02,123 - INFO - 
  [84/93] Mango Chutney (Course: Sundried and Others)
2025-11-18 14:35:02,123 - INFO -     DB Dish ID: 171447, V2 Dish ID: 8898
2025-11-18 14:35:02,126 - INFO -     No modifiers found for this dish
2025-11-18 14:35:02,126 - INFO - 
  [85/93] Onion Salad (Course: Sundried and Others)
2025-11-18 14:35:02,126 - INFO -     DB Dish ID: 171448, V2 Dish ID: 8899
2025-11-18 14:35:02,130 - INFO -     No modifiers found for this dish
2025-11-18 14:35:02,131 - INFO - 
  [86/93] Combo A (Course: Combos)
2025-11-18 14:35:02,131 - INFO -     DB Dish ID: 171449, V2 Dish ID: 8900
2025-11-18 14:35:02,134 - INFO -     No modifiers found for this dish
2025-11-18 14:35:02,134 - INFO - 
  [87/93] Combo AA (Course: Combos)
2025-11-18 14:35:02,134 - INFO -     DB Dish ID: 171450, V2 Dish ID: 8901
2025-11-18 14:35:02,138 - INFO -     No modifiers found for this dish
2025-11-18 14:35:02,138 - INFO - 
  [88/93] Combo B (Course: Combos)
2025-11-18 14:35:02,138 - INFO -     DB Dish ID: 171451, V2 Dish ID: 8902
2025-11-18 14:35:02,142 - INFO -     No modifiers found for this dish
2025-11-18 14:35:02,142 - INFO - 
  [89/93] Combo BB (Course: Combos)
2025-11-18 14:35:02,142 - INFO -     DB Dish ID: 171452, V2 Dish ID: 8903
2025-11-18 14:35:02,146 - INFO -     No modifiers found for this dish
2025-11-18 14:35:02,146 - INFO - 
  [90/93] Combo C (Course: Combos)
2025-11-18 14:35:02,146 - INFO -     DB Dish ID: 171453, V2 Dish ID: 8904
2025-11-18 14:35:02,151 - INFO -     No modifiers found for this dish
2025-11-18 14:35:02,151 - INFO - 
  [91/93] Combo CC (Course: Combos)
2025-11-18 14:35:02,151 - INFO -     DB Dish ID: 171454, V2 Dish ID: 8905
2025-11-18 14:35:02,154 - INFO -     No modifiers found for this dish
2025-11-18 14:35:02,155 - INFO - 
  [92/93] Combo D (Course: Combos)
2025-11-18 14:35:02,155 - INFO -     DB Dish ID: 171455, V2 Dish ID: 8906
2025-11-18 14:35:02,158 - INFO -     No modifiers found for this dish
2025-11-18 14:35:02,158 - INFO - 
  [93/93] Combo DD (Course: Combos)
2025-11-18 14:35:02,158 - INFO -     DB Dish ID: 171456, V2 Dish ID: 8907
2025-11-18 14:35:02,160 - INFO -     No modifiers found for this dish
2025-11-18 14:35:02,161 - INFO -   JSON saved: restaurant_960_modifiers.json
2025-11-18 14:35:02,161 - INFO - 
================================================================================
2025-11-18 14:35:02,161 - INFO - [3/10] PROCESSING: Chicco Shawarma Cantley
2025-11-18 14:35:02,161 - INFO - ================================================================================
2025-11-18 14:35:02,161 - INFO - DB ID: 961
2025-11-18 14:35:02,522 - INFO - Found 28 dishes to process
2025-11-18 14:35:02,522 - INFO - V2 Restaurant ID: 1658
2025-11-18 14:35:02,522 - INFO - 
  [1/28] Shawarma 6" (Course: Shawarmas)
2025-11-18 14:35:02,522 - INFO -     DB Dish ID: 171457, V2 Dish ID: 9000
2025-11-18 14:35:02,527 - INFO -     No modifiers found for this dish
2025-11-18 14:35:02,527 - INFO - 
  [2/28] Shawarma 6" TRIO (Course: Shawarmas)
2025-11-18 14:35:02,527 - INFO -     DB Dish ID: 171458, V2 Dish ID: 9001
2025-11-18 14:35:02,529 - INFO -     No modifiers found for this dish
2025-11-18 14:35:02,529 - INFO - 
  [3/28] Shawarma 12" (Course: Shawarmas)
2025-11-18 14:35:02,529 - INFO -     DB Dish ID: 171459, V2 Dish ID: 9002
2025-11-18 14:35:02,531 - INFO -     No modifiers found for this dish
2025-11-18 14:35:02,531 - INFO - 
  [4/28] Shawarma 12" TRIO (Course: Shawarmas)
2025-11-18 14:35:02,531 - INFO -     DB Dish ID: 171460, V2 Dish ID: 9003
2025-11-18 14:35:02,533 - INFO -     No modifiers found for this dish
2025-11-18 14:35:02,533 - INFO - 
  [5/28] Assiette Shawarma (Course: Shawarmas)
2025-11-18 14:35:02,533 - INFO -     DB Dish ID: 171461, V2 Dish ID: 9004
2025-11-18 14:35:02,536 - INFO -     No modifiers found for this dish
2025-11-18 14:35:02,536 - INFO - 
  [6/28] Assiette Shawarma TRIO (Course: Shawarmas)
2025-11-18 14:35:02,536 - INFO -     DB Dish ID: 171462, V2 Dish ID: 9005
2025-11-18 14:35:02,539 - INFO -     No modifiers found for this dish
2025-11-18 14:35:02,539 - INFO - 
  [7/28] Assiette Vegetarienne Falafel (Course: Shawarmas)
2025-11-18 14:35:02,539 - INFO -     DB Dish ID: 171463, V2 Dish ID: 9006
2025-11-18 14:35:02,541 - INFO -     No modifiers found for this dish
2025-11-18 14:35:02,541 - INFO - 
  [8/28] Assiette Vegetarienne Falafel TRIO (Course: Shawarmas)
2025-11-18 14:35:02,541 - INFO -     DB Dish ID: 171464, V2 Dish ID: 9007
2025-11-18 14:35:02,543 - INFO -     No modifiers found for this dish
2025-11-18 14:35:02,543 - INFO - 
  [9/28] Assiette Familiale (Course: Shawarmas Formats Familiaux)
2025-11-18 14:35:02,543 - INFO -     DB Dish ID: 171465, V2 Dish ID: 9008
2025-11-18 14:35:02,546 - INFO -     No modifiers found for this dish
2025-11-18 14:35:02,546 - INFO - 
  [10/28] Assiette Familiale Mixte (Course: Shawarmas Formats Familiaux)
2025-11-18 14:35:02,546 - INFO -     DB Dish ID: 171466, V2 Dish ID: 9009
2025-11-18 14:35:02,549 - INFO -     No modifiers found for this dish
2025-11-18 14:35:02,549 - INFO - 
  [11/28] 4 TRIOS Shawarma 6" (Course: Shawarmas Formats Familiaux)
2025-11-18 14:35:02,549 - INFO -     DB Dish ID: 171467, V2 Dish ID: 9010
2025-11-18 14:35:02,551 - INFO -     No modifiers found for this dish
2025-11-18 14:35:02,551 - INFO - 
  [12/28] Salade au Poulet (Course: Salades)
2025-11-18 14:35:02,551 - INFO -     DB Dish ID: 171468, V2 Dish ID: 9011
2025-11-18 14:35:02,553 - INFO -     No modifiers found for this dish
2025-11-18 14:35:02,553 - INFO - 
  [13/28] Salade au Boeuf (Course: Salades)
2025-11-18 14:35:02,553 - INFO -     DB Dish ID: 171469, V2 Dish ID: 9012
2025-11-18 14:35:02,555 - INFO -     No modifiers found for this dish
2025-11-18 14:35:02,555 - INFO - 
  [14/28] Salade Fattouche (Course: Salades)
2025-11-18 14:35:02,555 - INFO -     DB Dish ID: 171470, V2 Dish ID: 9013
2025-11-18 14:35:02,556 - INFO -     No modifiers found for this dish
2025-11-18 14:35:02,557 - INFO - 
  [15/28] Salade Taboulé (Course: Salades)
2025-11-18 14:35:02,557 - INFO -     DB Dish ID: 171471, V2 Dish ID: 9014
2025-11-18 14:35:02,559 - INFO -     No modifiers found for this dish
2025-11-18 14:35:02,559 - INFO - 
  [16/28] Patate à l’ail (Course: Les à Cotés)
2025-11-18 14:35:02,559 - INFO -     DB Dish ID: 171472, V2 Dish ID: 9015
2025-11-18 14:35:02,561 - INFO -     No modifiers found for this dish
2025-11-18 14:35:02,561 - INFO - 
  [17/28] Frites (Course: Les à Cotés)
2025-11-18 14:35:02,561 - INFO -     DB Dish ID: 171473, V2 Dish ID: 9016
2025-11-18 14:35:02,566 - INFO -     No modifiers found for this dish
2025-11-18 14:35:02,566 - INFO - 
  [18/28] Riz Libanais (Course: Les à Cotés)
2025-11-18 14:35:02,566 - INFO -     DB Dish ID: 171474, V2 Dish ID: 9017
2025-11-18 14:35:02,569 - INFO -     No modifiers found for this dish
2025-11-18 14:35:02,569 - INFO - 
  [19/28] Sauce à l’ail (Course: Les à Cotés)
2025-11-18 14:35:02,569 - INFO -     DB Dish ID: 171475, V2 Dish ID: 9018
2025-11-18 14:35:02,571 - INFO -     No modifiers found for this dish
2025-11-18 14:35:02,571 - INFO - 
  [20/28] Falafel (Course: Les à Cotés)
2025-11-18 14:35:02,571 - INFO -     DB Dish ID: 171476, V2 Dish ID: 9019
2025-11-18 14:35:02,573 - INFO -     No modifiers found for this dish
2025-11-18 14:35:02,573 - INFO - 
  [21/28] Baklava maison (Course: Les à Cotés)
2025-11-18 14:35:02,573 - INFO -     DB Dish ID: 171477, V2 Dish ID: 9020
2025-11-18 14:35:02,574 - INFO -     No modifiers found for this dish
2025-11-18 14:35:02,574 - INFO - 
  [22/28] Pepsi (Course: Breuvages)
2025-11-18 14:35:02,574 - INFO -     DB Dish ID: 171478, V2 Dish ID: 9052
2025-11-18 14:35:02,577 - INFO -     No modifiers found for this dish
2025-11-18 14:35:02,577 - INFO - 
  [23/28] Diet Pepsi (Course: Breuvages)
2025-11-18 14:35:02,577 - INFO -     DB Dish ID: 171479, V2 Dish ID: 9053
2025-11-18 14:35:02,580 - INFO -     No modifiers found for this dish
2025-11-18 14:35:02,580 - INFO - 
  [24/28] Mug Root Beer (Course: Breuvages)
2025-11-18 14:35:02,580 - INFO -     DB Dish ID: 171480, V2 Dish ID: 9054
2025-11-18 14:35:02,581 - INFO -     No modifiers found for this dish
2025-11-18 14:35:02,581 - INFO - 
  [25/28] Orange Crush (Course: Breuvages)
2025-11-18 14:35:02,581 - INFO -     DB Dish ID: 171481, V2 Dish ID: 9055
2025-11-18 14:35:02,586 - INFO -     No modifiers found for this dish
2025-11-18 14:35:02,586 - INFO - 
  [26/28] 7Up (Course: Breuvages)
2025-11-18 14:35:02,587 - INFO -     DB Dish ID: 171482, V2 Dish ID: 9056
2025-11-18 14:35:02,592 - INFO -     No modifiers found for this dish
2025-11-18 14:35:02,592 - INFO - 
  [27/28] Dr.Pepper (Course: Breuvages)
2025-11-18 14:35:02,593 - INFO -     DB Dish ID: 171483, V2 Dish ID: 9057
2025-11-18 14:35:02,598 - INFO -     No modifiers found for this dish
2025-11-18 14:35:02,598 - INFO - 
  [28/28] Eau (Course: Breuvages)
2025-11-18 14:35:02,598 - INFO -     DB Dish ID: 171484, V2 Dish ID: 9058
2025-11-18 14:35:02,601 - INFO -     No modifiers found for this dish
2025-11-18 14:35:02,604 - INFO -   JSON saved: restaurant_961_modifiers.json
2025-11-18 14:35:02,604 - INFO - 
================================================================================
2025-11-18 14:35:02,604 - INFO - [4/10] PROCESSING: Chicco Pizza Shawarma Anger
2025-11-18 14:35:02,604 - INFO - ================================================================================
2025-11-18 14:35:02,604 - INFO - DB ID: 963
2025-11-18 14:35:02,965 - INFO - Found 70 dishes to process
2025-11-18 14:35:02,966 - INFO - V2 Restaurant ID: 1660
2025-11-18 14:35:02,966 - INFO - 
  [1/70] Moyenne Pepperoni Pizza (Course: Special des Series)
2025-11-18 14:35:02,966 - INFO -     DB Dish ID: 171187, V2 Dish ID: 10489
2025-11-18 14:35:02,969 - INFO -     No modifiers found for this dish
2025-11-18 14:35:02,969 - INFO - 
  [2/70] Deux Moyenne Pepperoni Pizzas (Course: Special des Series)
2025-11-18 14:35:02,969 - INFO -     DB Dish ID: 171188, V2 Dish ID: 10490
2025-11-18 14:35:02,973 - INFO -     No modifiers found for this dish
2025-11-18 14:35:02,973 - INFO - 
  [3/70] Le Festin (Course: Spéciaux)
2025-11-18 14:35:02,973 - INFO -     DB Dish ID: 171189, V2 Dish ID: 9353
2025-11-18 14:35:02,975 - INFO -     No modifiers found for this dish
2025-11-18 14:35:02,975 - INFO - 
  [4/70] Spécial Chicco (Course: Spéciaux)
2025-11-18 14:35:02,975 - INFO -     DB Dish ID: 171190, V2 Dish ID: 9352
2025-11-18 14:35:02,977 - INFO -     No modifiers found for this dish
2025-11-18 14:35:02,977 - INFO - 
  [5/70] Le Grand Duo (Course: Spéciaux)
2025-11-18 14:35:02,977 - INFO -     DB Dish ID: 171191, V2 Dish ID: 9351
2025-11-18 14:35:02,979 - INFO -     No modifiers found for this dish
2025-11-18 14:35:02,979 - INFO - 
  [6/70] Spécial Familia (Course: Spéciaux)
2025-11-18 14:35:02,979 - INFO -     DB Dish ID: 171313, V2 Dish ID: 9354
2025-11-18 14:35:02,982 - INFO -     No modifiers found for this dish
2025-11-18 14:35:02,982 - INFO - 
  [7/70] Shawarma 6” (Course: Shawarmas)
2025-11-18 14:35:02,982 - INFO -     DB Dish ID: 171192, V2 Dish ID: 9091
2025-11-18 14:35:02,983 - INFO -     No modifiers found for this dish
2025-11-18 14:35:02,983 - INFO - 
  [8/70] Shawarma 6” TRIO (Course: Shawarmas)
2025-11-18 14:35:02,983 - INFO -     DB Dish ID: 171193, V2 Dish ID: 9092
2025-11-18 14:35:02,985 - INFO -     No modifiers found for this dish
2025-11-18 14:35:02,985 - INFO - 
  [9/70] Shawarma 12” (Course: Shawarmas)
2025-11-18 14:35:02,985 - INFO -     DB Dish ID: 171194, V2 Dish ID: 9093
2025-11-18 14:35:02,987 - INFO -     No modifiers found for this dish
2025-11-18 14:35:02,987 - INFO - 
  [10/70] Shawarma 12” TRIO (Course: Shawarmas)
2025-11-18 14:35:02,987 - INFO -     DB Dish ID: 171195, V2 Dish ID: 9094
2025-11-18 14:35:02,990 - INFO -     No modifiers found for this dish
2025-11-18 14:35:02,990 - INFO - 
  [11/70] Petit Assiette Shawarma (Course: Shawarmas)
2025-11-18 14:35:02,990 - INFO -     DB Dish ID: 171196, V2 Dish ID: 9095
2025-11-18 14:35:02,992 - INFO -     No modifiers found for this dish
2025-11-18 14:35:02,992 - INFO - 
  [12/70] Petit Assiette Shawarma TRIO (Course: Shawarmas)
2025-11-18 14:35:02,992 - INFO -     DB Dish ID: 171197, V2 Dish ID: 9096
2025-11-18 14:35:02,994 - INFO -     No modifiers found for this dish
2025-11-18 14:35:02,994 - INFO - 
  [13/70] Grande Assiette Shawarma (Course: Shawarmas)
2025-11-18 14:35:02,994 - INFO -     DB Dish ID: 171198, V2 Dish ID: 9097
2025-11-18 14:35:02,996 - INFO -     No modifiers found for this dish
2025-11-18 14:35:02,996 - INFO - 
  [14/70] Grande Assiette Shawarma TRIO (Course: Shawarmas)
2025-11-18 14:35:02,996 - INFO -     DB Dish ID: 171199, V2 Dish ID: 9098
2025-11-18 14:35:02,998 - INFO -     No modifiers found for this dish
2025-11-18 14:35:02,998 - INFO - 
  [15/70] Assiette Vegetarienne (Course: Shawarmas)
2025-11-18 14:35:02,998 - INFO -     DB Dish ID: 171200, V2 Dish ID: 9099
2025-11-18 14:35:02,999 - INFO -     No modifiers found for this dish
2025-11-18 14:35:02,999 - INFO - 
  [16/70] Assiette Vegetarienne TRIO (Course: Shawarmas)
2025-11-18 14:35:03,000 - INFO -     DB Dish ID: 171201, V2 Dish ID: 9100
2025-11-18 14:35:03,001 - INFO -     No modifiers found for this dish
2025-11-18 14:35:03,001 - INFO - 
  [17/70] Assiette Familiale (Course: Shawarmas Formats Familiaux)
2025-11-18 14:35:03,001 - INFO -     DB Dish ID: 171202, V2 Dish ID: 9101
2025-11-18 14:35:03,003 - INFO -     No modifiers found for this dish
2025-11-18 14:35:03,003 - INFO - 
  [18/70] Assiette Familiale Mixte (Course: Shawarmas Formats Familiaux)
2025-11-18 14:35:03,003 - INFO -     DB Dish ID: 171203, V2 Dish ID: 9102
2025-11-18 14:35:03,005 - INFO -     No modifiers found for this dish
2025-11-18 14:35:03,005 - INFO - 
  [19/70] Assiette 1 Viande Pour Deux (Course: Shawarmas Formats Familiaux)
2025-11-18 14:35:03,005 - INFO -     DB Dish ID: 171204, V2 Dish ID: 9103
2025-11-18 14:35:03,007 - INFO -     No modifiers found for this dish
2025-11-18 14:35:03,007 - INFO - 
  [20/70] Assiette 2 Viandes Pour Deux (Course: Shawarmas Formats Familiaux)
2025-11-18 14:35:03,007 - INFO -     DB Dish ID: 171205, V2 Dish ID: 9104
2025-11-18 14:35:03,009 - INFO -     No modifiers found for this dish
2025-11-18 14:35:03,009 - INFO - 
  [21/70] Pizza au Fromage (Course: Les Pizzas Classiques)
2025-11-18 14:35:03,009 - INFO -     DB Dish ID: 171206, V2 Dish ID: 9105
2025-11-18 14:35:03,010 - INFO -     No modifiers found for this dish
2025-11-18 14:35:03,011 - INFO - 
  [22/70] Pizza au Pepperoni (Course: Les Pizzas Classiques)
2025-11-18 14:35:03,011 - INFO -     DB Dish ID: 171207, V2 Dish ID: 9106
2025-11-18 14:35:03,013 - INFO -     No modifiers found for this dish
2025-11-18 14:35:03,013 - INFO - 
  [23/70] La Bacon Fromage (Course: Les Pizzas Classiques)
2025-11-18 14:35:03,013 - INFO -     DB Dish ID: 171208, V2 Dish ID: 9107
2025-11-18 14:35:03,015 - INFO -     No modifiers found for this dish
2025-11-18 14:35:03,015 - INFO - 
  [24/70] La Pepperoni  Bacon (Course: Les Pizzas Classiques)
2025-11-18 14:35:03,015 - INFO -     DB Dish ID: 171209, V2 Dish ID: 9108
2025-11-18 14:35:03,020 - INFO -     No modifiers found for this dish
2025-11-18 14:35:03,020 - INFO - 
  [25/70] La Toute  Garnie (Course: Les Pizzas Classiques)
2025-11-18 14:35:03,020 - INFO -     DB Dish ID: 171210, V2 Dish ID: 9109
2025-11-18 14:35:03,023 - INFO -     No modifiers found for this dish
2025-11-18 14:35:03,023 - INFO - 
  [26/70] L’hawaiienne (Course: Les Pizzas Classiques)
2025-11-18 14:35:03,023 - INFO -     DB Dish ID: 171211, V2 Dish ID: 9110
2025-11-18 14:35:03,026 - INFO -     No modifiers found for this dish
2025-11-18 14:35:03,026 - INFO - 
  [27/70] La Super  Garnie (Course: Les Pizzas Classiques)
2025-11-18 14:35:03,026 - INFO -     DB Dish ID: 171212, V2 Dish ID: 9111
2025-11-18 14:35:03,033 - INFO -     No modifiers found for this dish
2025-11-18 14:35:03,033 - INFO - 
  [28/70] La Végétarienne (Course: Les Pizzas Classiques)
2025-11-18 14:35:03,033 - INFO -     DB Dish ID: 171213, V2 Dish ID: 9112
2025-11-18 14:35:03,035 - INFO -     No modifiers found for this dish
2025-11-18 14:35:03,035 - INFO - 
  [29/70] La Pizza Maison (Course: Les Pizzas Spécialités)
2025-11-18 14:35:03,035 - INFO -     DB Dish ID: 171214, V2 Dish ID: 9113
2025-11-18 14:35:03,040 - INFO -     No modifiers found for this dish
2025-11-18 14:35:03,040 - INFO - 
  [30/70] Le Spécial du Chef (Course: Les Pizzas Spécialités)
2025-11-18 14:35:03,040 - INFO -     DB Dish ID: 171215, V2 Dish ID: 9114
2025-11-18 14:35:03,045 - INFO -     No modifiers found for this dish
2025-11-18 14:35:03,045 - INFO - 
  [31/70] La Chicco Poulet BBQ (Course: Les Pizzas Spécialités)
2025-11-18 14:35:03,046 - INFO -     DB Dish ID: 171216, V2 Dish ID: 9115
2025-11-18 14:35:03,053 - INFO -     No modifiers found for this dish
2025-11-18 14:35:03,053 - INFO - 
  [32/70] L’accro du Pepperoni (Course: Les Pizzas Spécialités)
2025-11-18 14:35:03,053 - INFO -     DB Dish ID: 171217, V2 Dish ID: 9116
2025-11-18 14:35:03,061 - INFO -     No modifiers found for this dish
2025-11-18 14:35:03,061 - INFO - 
  [33/70] Le Gros Lot (Course: Les Pizzas Spécialités)
2025-11-18 14:35:03,061 - INFO -     DB Dish ID: 171218, V2 Dish ID: 9117
2025-11-18 14:35:03,063 - INFO -     No modifiers found for this dish
2025-11-18 14:35:03,063 - INFO - 
  [34/70] Pizza Pep Bacon Olive (Course: Les Pizzas Spécialités)
2025-11-18 14:35:03,063 - INFO -     DB Dish ID: 171219, V2 Dish ID: 9118
2025-11-18 14:35:03,068 - INFO -     No modifiers found for this dish
2025-11-18 14:35:03,068 - INFO - 
  [35/70] La Quebecoise (Course: Les Pizzas Spécialités)
2025-11-18 14:35:03,068 - INFO -     DB Dish ID: 171220, V2 Dish ID: 9119
2025-11-18 14:35:03,072 - INFO -     No modifiers found for this dish
2025-11-18 14:35:03,072 - INFO - 
  [36/70] La Meat Lover (Course: Les Pizzas Spécialités)
2025-11-18 14:35:03,072 - INFO -     DB Dish ID: 171221, V2 Dish ID: 9120
2025-11-18 14:35:03,076 - INFO -     No modifiers found for this dish
2025-11-18 14:35:03,076 - INFO - 
  [37/70] Salade César (Course: Salades)
2025-11-18 14:35:03,076 - INFO -     DB Dish ID: 171222, V2 Dish ID: 9121
2025-11-18 14:35:03,080 - INFO -     No modifiers found for this dish
2025-11-18 14:35:03,080 - INFO - 
  [38/70] Salade Poulet (Course: Salades)
2025-11-18 14:35:03,080 - INFO -     DB Dish ID: 171223, V2 Dish ID: 9122
2025-11-18 14:35:03,082 - INFO -     No modifiers found for this dish
2025-11-18 14:35:03,083 - INFO - 
  [39/70] Salade Mixte (Course: Salades)
2025-11-18 14:35:03,083 - INFO -     DB Dish ID: 171224, V2 Dish ID: 9123
2025-11-18 14:35:03,086 - INFO -     No modifiers found for this dish
2025-11-18 14:35:03,086 - INFO - 
  [40/70] Salade Fattouche (Course: Salades)
2025-11-18 14:35:03,086 - INFO -     DB Dish ID: 171225, V2 Dish ID: 9124
2025-11-18 14:35:03,089 - INFO -     No modifiers found for this dish
2025-11-18 14:35:03,089 - INFO - 
  [41/70] Salade Taboulé (Course: Salades)
2025-11-18 14:35:03,089 - INFO -     DB Dish ID: 171226, V2 Dish ID: 9125
2025-11-18 14:35:03,094 - INFO -     No modifiers found for this dish
2025-11-18 14:35:03,094 - INFO - 
  [42/70] Nachos fromage (Course: Les Nachos)
2025-11-18 14:35:03,094 - INFO -     DB Dish ID: 171227, V2 Dish ID: 9126
2025-11-18 14:35:03,098 - INFO -     No modifiers found for this dish
2025-11-18 14:35:03,098 - INFO - 
  [43/70] Nachos légumes (Course: Les Nachos)
2025-11-18 14:35:03,098 - INFO -     DB Dish ID: 171228, V2 Dish ID: 9127
2025-11-18 14:35:03,100 - INFO -     No modifiers found for this dish
2025-11-18 14:35:03,100 - INFO - 
  [44/70] Nachos Chicco (Course: Les Nachos)
2025-11-18 14:35:03,100 - INFO -     DB Dish ID: 171229, V2 Dish ID: 9128
2025-11-18 14:35:03,102 - INFO -     No modifiers found for this dish
2025-11-18 14:35:03,102 - INFO - 
  [45/70] Club Sandwich (Course: Club Sandwich)
2025-11-18 14:35:03,102 - INFO -     DB Dish ID: 171230, V2 Dish ID: 9129
2025-11-18 14:35:03,106 - INFO -     No modifiers found for this dish
2025-11-18 14:35:03,106 - INFO - 
  [46/70] Club Poutine (Course: Club Sandwich)
2025-11-18 14:35:03,106 - INFO -     DB Dish ID: 171231, V2 Dish ID: 9130
2025-11-18 14:35:03,111 - INFO -     No modifiers found for this dish
2025-11-18 14:35:03,111 - INFO - 
  [47/70] Club Shawarma (Course: Les à Cotés)
2025-11-18 14:35:03,111 - INFO -     DB Dish ID: 171232, V2 Dish ID: 9131
2025-11-18 14:35:03,115 - INFO -     No modifiers found for this dish
2025-11-18 14:35:03,115 - INFO - 
  [48/70] Ailes de Poulet (Course: Les à Cotés)
2025-11-18 14:35:03,115 - INFO -     DB Dish ID: 171233, V2 Dish ID: 9132
2025-11-18 14:35:03,119 - INFO -     No modifiers found for this dish
2025-11-18 14:35:03,119 - INFO - 
  [49/70] Sauce à l’ail (Course: Les à Cotés)
2025-11-18 14:35:03,119 - INFO -     DB Dish ID: 171234, V2 Dish ID: 9133
2025-11-18 14:35:03,123 - INFO -     No modifiers found for this dish
2025-11-18 14:35:03,123 - INFO - 
  [50/70] Humus (Course: Les à Cotés)
2025-11-18 14:35:03,123 - INFO -     DB Dish ID: 171235, V2 Dish ID: 9134
2025-11-18 14:35:03,128 - INFO -     No modifiers found for this dish
2025-11-18 14:35:03,128 - INFO - 
  [51/70] Sauce Sésame (Course: Les à Cotés)
2025-11-18 14:35:03,128 - INFO -     DB Dish ID: 171236, V2 Dish ID: 9135
2025-11-18 14:35:03,132 - INFO -     No modifiers found for this dish
2025-11-18 14:35:03,132 - INFO - 
  [52/70] Sauce Sucré (Course: Les à Cotés)
2025-11-18 14:35:03,132 - INFO -     DB Dish ID: 171237, V2 Dish ID: 9136
2025-11-18 14:35:03,136 - INFO -     No modifiers found for this dish
2025-11-18 14:35:03,136 - INFO - 
  [53/70] Patate à l’ail (Course: Les à Cotés)
2025-11-18 14:35:03,137 - INFO -     DB Dish ID: 171238, V2 Dish ID: 9137
2025-11-18 14:35:03,140 - INFO -     No modifiers found for this dish
2025-11-18 14:35:03,140 - INFO - 
  [54/70] Frites (Course: Les à Cotés)
2025-11-18 14:35:03,140 - INFO -     DB Dish ID: 171239, V2 Dish ID: 9138
2025-11-18 14:35:03,143 - INFO -     No modifiers found for this dish
2025-11-18 14:35:03,143 - INFO - 
  [55/70] Pita Chip (Course: Les à Cotés)
2025-11-18 14:35:03,143 - INFO -     DB Dish ID: 171240, V2 Dish ID: 9139
2025-11-18 14:35:03,147 - INFO -     No modifiers found for this dish
2025-11-18 14:35:03,147 - INFO - 
  [56/70] Poutine (Course: Les à Cotés)
2025-11-18 14:35:03,147 - INFO -     DB Dish ID: 171241, V2 Dish ID: 9140
2025-11-18 14:35:03,150 - INFO -     No modifiers found for this dish
2025-11-18 14:35:03,150 - INFO - 
  [57/70] Poutine au Poulet (Course: Les à Cotés)
2025-11-18 14:35:03,150 - INFO -     DB Dish ID: 171242, V2 Dish ID: 9141
2025-11-18 14:35:03,154 - INFO -     No modifiers found for this dish
2025-11-18 14:35:03,154 - INFO - 
  [58/70] Riz (Course: Les à Cotés)
2025-11-18 14:35:03,154 - INFO -     DB Dish ID: 171243, V2 Dish ID: 9142
2025-11-18 14:35:03,157 - INFO -     No modifiers found for this dish
2025-11-18 14:35:03,157 - INFO - 
  [59/70] Trempettes (Course: Les à Cotés)
2025-11-18 14:35:03,157 - INFO -     DB Dish ID: 171244, V2 Dish ID: 9143
2025-11-18 14:35:03,162 - INFO -     No modifiers found for this dish
2025-11-18 14:35:03,163 - INFO - 
  [60/70] Pizza Nutella (Course: Desserts)
2025-11-18 14:35:03,163 - INFO -     DB Dish ID: 171245, V2 Dish ID: 9145
2025-11-18 14:35:03,166 - INFO -     No modifiers found for this dish
2025-11-18 14:35:03,166 - INFO - 
  [61/70] Baklava (Course: Desserts)
2025-11-18 14:35:03,166 - INFO -     DB Dish ID: 171246, V2 Dish ID: 9146
2025-11-18 14:35:03,171 - INFO -     No modifiers found for this dish
2025-11-18 14:35:03,171 - INFO - 
  [62/70] Pepsi (Course: Breuvages)
2025-11-18 14:35:03,171 - INFO -     DB Dish ID: 171247, V2 Dish ID: 9147
2025-11-18 14:35:03,175 - INFO -     No modifiers found for this dish
2025-11-18 14:35:03,175 - INFO - 
  [63/70] Diet Pepsi (Course: Breuvages)
2025-11-18 14:35:03,176 - INFO -     DB Dish ID: 171248, V2 Dish ID: 9148
2025-11-18 14:35:03,180 - INFO -     No modifiers found for this dish
2025-11-18 14:35:03,181 - INFO - 
  [64/70] Mug Root Beer (Course: Breuvages)
2025-11-18 14:35:03,181 - INFO -     DB Dish ID: 171249, V2 Dish ID: 9149
2025-11-18 14:35:03,184 - INFO -     No modifiers found for this dish
2025-11-18 14:35:03,184 - INFO - 
  [65/70] Orange Crush (Course: Breuvages)
2025-11-18 14:35:03,184 - INFO -     DB Dish ID: 171250, V2 Dish ID: 9150
2025-11-18 14:35:03,188 - INFO -     No modifiers found for this dish
2025-11-18 14:35:03,188 - INFO - 
  [66/70] Brisk Iced Tea (Course: Breuvages)
2025-11-18 14:35:03,188 - INFO -     DB Dish ID: 171251, V2 Dish ID: 9151
2025-11-18 14:35:03,192 - INFO -     No modifiers found for this dish
2025-11-18 14:35:03,192 - INFO - 
  [67/70] Dr.Pepper (Course: Breuvages)
2025-11-18 14:35:03,192 - INFO -     DB Dish ID: 171252, V2 Dish ID: 9152
2025-11-18 14:35:03,194 - INFO -     No modifiers found for this dish
2025-11-18 14:35:03,194 - INFO - 
  [68/70] 7 Up (Course: Breuvages)
2025-11-18 14:35:03,194 - INFO -     DB Dish ID: 171253, V2 Dish ID: 9153
2025-11-18 14:35:03,198 - INFO -     No modifiers found for this dish
2025-11-18 14:35:03,198 - INFO - 
  [69/70] Diet 7 Up (Course: Breuvages)
2025-11-18 14:35:03,199 - INFO -     DB Dish ID: 171254, V2 Dish ID: 9154
2025-11-18 14:35:03,202 - INFO -     No modifiers found for this dish
2025-11-18 14:35:03,202 - INFO - 
  [70/70] Eau (Course: Breuvages)
2025-11-18 14:35:03,202 - INFO -     DB Dish ID: 171255, V2 Dish ID: 9155
2025-11-18 14:35:03,205 - INFO -     No modifiers found for this dish
2025-11-18 14:35:03,208 - INFO -   JSON saved: restaurant_963_modifiers.json
2025-11-18 14:35:03,208 - INFO - 
================================================================================
2025-11-18 14:35:03,208 - INFO - [5/10] PROCESSING: Chicco Pizza Maloney
2025-11-18 14:35:03,208 - INFO - ================================================================================
2025-11-18 14:35:03,208 - INFO - DB ID: 964
2025-11-18 14:35:03,575 - INFO - Found 61 dishes to process
2025-11-18 14:35:03,575 - INFO - V2 Restaurant ID: 1661
2025-11-18 14:35:03,575 - INFO - 
  [1/61] Moyenne Pepperoni Pizza (Course: Special des Series)
2025-11-18 14:35:03,575 - INFO -     DB Dish ID: 171485, V2 Dish ID: 10487
2025-11-18 14:35:03,580 - INFO -     No modifiers found for this dish
2025-11-18 14:35:03,580 - INFO - 
  [2/61] Deux Moyenne Pepperoni Pizzas (Course: Special des Series)
2025-11-18 14:35:03,580 - INFO -     DB Dish ID: 171486, V2 Dish ID: 10488
2025-11-18 14:35:03,582 - INFO -     No modifiers found for this dish
2025-11-18 14:35:03,582 - INFO - 
  [3/61] Spécial Chicco (Course: Spéciaux)
2025-11-18 14:35:03,582 - INFO -     DB Dish ID: 171487, V2 Dish ID: 9364
2025-11-18 14:35:03,584 - INFO -     No modifiers found for this dish
2025-11-18 14:35:03,584 - INFO - 
  [4/61] Spécial Familia (Course: Spéciaux)
2025-11-18 14:35:03,584 - INFO -     DB Dish ID: 171488, V2 Dish ID: 9367
2025-11-18 14:35:03,586 - INFO -     No modifiers found for this dish
2025-11-18 14:35:03,586 - INFO - 
  [5/61] Le Festin (Course: Spéciaux)
2025-11-18 14:35:03,586 - INFO -     DB Dish ID: 171489, V2 Dish ID: 9366
2025-11-18 14:35:03,588 - INFO -     No modifiers found for this dish
2025-11-18 14:35:03,589 - INFO - 
  [6/61] Le Grand Duo (Course: Spéciaux)
2025-11-18 14:35:03,589 - INFO -     DB Dish ID: 171490, V2 Dish ID: 9365
2025-11-18 14:35:03,590 - INFO -     No modifiers found for this dish
2025-11-18 14:35:03,590 - INFO - 
  [7/61] Due Amici (Course: Spéciaux)
2025-11-18 14:35:03,590 - INFO -     DB Dish ID: 171491, V2 Dish ID: 9368
2025-11-18 14:35:03,592 - INFO -     No modifiers found for this dish
2025-11-18 14:35:03,592 - INFO - 
  [8/61] Pizza au Fromage (Course: Les Pizzas Classiques)
2025-11-18 14:35:03,592 - INFO -     DB Dish ID: 171492, V2 Dish ID: 9170
2025-11-18 14:35:03,595 - INFO -     No modifiers found for this dish
2025-11-18 14:35:03,595 - INFO - 
  [9/61] Pizza au Pepperoni (Course: Les Pizzas Classiques)
2025-11-18 14:35:03,595 - INFO -     DB Dish ID: 171493, V2 Dish ID: 9171
2025-11-18 14:35:03,597 - INFO -     No modifiers found for this dish
2025-11-18 14:35:03,597 - INFO - 
  [10/61] La Bacon Fromage (Course: Les Pizzas Classiques)
2025-11-18 14:35:03,597 - INFO -     DB Dish ID: 171494, V2 Dish ID: 9172
2025-11-18 14:35:03,599 - INFO -     No modifiers found for this dish
2025-11-18 14:35:03,599 - INFO - 
  [11/61] La Pepperoni  Bacon (Course: Les Pizzas Classiques)
2025-11-18 14:35:03,599 - INFO -     DB Dish ID: 171495, V2 Dish ID: 9173
2025-11-18 14:35:03,601 - INFO -     No modifiers found for this dish
2025-11-18 14:35:03,601 - INFO - 
  [12/61] La Toute  Garnie (Course: Les Pizzas Classiques)
2025-11-18 14:35:03,601 - INFO -     DB Dish ID: 171496, V2 Dish ID: 9174
2025-11-18 14:35:03,603 - INFO -     No modifiers found for this dish
2025-11-18 14:35:03,603 - INFO - 
  [13/61] L’hawaiienne (Course: Les Pizzas Classiques)
2025-11-18 14:35:03,603 - INFO -     DB Dish ID: 171497, V2 Dish ID: 9175
2025-11-18 14:35:03,606 - INFO -     No modifiers found for this dish
2025-11-18 14:35:03,606 - INFO - 
  [14/61] La Super  Garnie (Course: Les Pizzas Classiques)
2025-11-18 14:35:03,606 - INFO -     DB Dish ID: 171498, V2 Dish ID: 9176
2025-11-18 14:35:03,608 - INFO -     No modifiers found for this dish
2025-11-18 14:35:03,609 - INFO - 
  [15/61] La Végétarienne (Course: Les Pizzas Classiques)
2025-11-18 14:35:03,609 - INFO -     DB Dish ID: 171499, V2 Dish ID: 9177
2025-11-18 14:35:03,610 - INFO -     No modifiers found for this dish
2025-11-18 14:35:03,610 - INFO - 
  [16/61] La Pizza Maison (Course: Les Pizzas Spécialités)
2025-11-18 14:35:03,610 - INFO -     DB Dish ID: 171500, V2 Dish ID: 9178
2025-11-18 14:35:03,612 - INFO -     No modifiers found for this dish
2025-11-18 14:35:03,612 - INFO - 
  [17/61] Le Spécial du Chef (Course: Les Pizzas Spécialités)
2025-11-18 14:35:03,613 - INFO -     DB Dish ID: 171501, V2 Dish ID: 9179
2025-11-18 14:35:03,614 - INFO -     No modifiers found for this dish
2025-11-18 14:35:03,614 - INFO - 
  [18/61] La Chicco Poulet BBQ (Course: Les Pizzas Spécialités)
2025-11-18 14:35:03,614 - INFO -     DB Dish ID: 171502, V2 Dish ID: 9180
2025-11-18 14:35:03,617 - INFO -     No modifiers found for this dish
2025-11-18 14:35:03,617 - INFO - 
  [19/61] L’accro du Pepperoni (Course: Les Pizzas Spécialités)
2025-11-18 14:35:03,617 - INFO -     DB Dish ID: 171503, V2 Dish ID: 9181
2025-11-18 14:35:03,619 - INFO -     No modifiers found for this dish
2025-11-18 14:35:03,619 - INFO - 
  [20/61] Le Gros Lot (Course: Les Pizzas Spécialités)
2025-11-18 14:35:03,619 - INFO -     DB Dish ID: 171504, V2 Dish ID: 9182
2025-11-18 14:35:03,621 - INFO -     No modifiers found for this dish
2025-11-18 14:35:03,621 - INFO - 
  [21/61] Pizza Pep Bacon Olive (Course: Les Pizzas Spécialités)
2025-11-18 14:35:03,621 - INFO -     DB Dish ID: 171505, V2 Dish ID: 9183
2025-11-18 14:35:03,623 - INFO -     No modifiers found for this dish
2025-11-18 14:35:03,623 - INFO - 
  [22/61] La Quebecoise (Course: Les Pizzas Spécialités)
2025-11-18 14:35:03,623 - INFO -     DB Dish ID: 171506, V2 Dish ID: 9184
2025-11-18 14:35:03,625 - INFO -     No modifiers found for this dish
2025-11-18 14:35:03,625 - INFO - 
  [23/61] La Meat Lover (Course: Les Pizzas Spécialités)
2025-11-18 14:35:03,625 - INFO -     DB Dish ID: 171507, V2 Dish ID: 9185
2025-11-18 14:35:03,628 - INFO -     No modifiers found for this dish
2025-11-18 14:35:03,628 - INFO - 
  [24/61] Lasagne (Course: Mets Italiens)
2025-11-18 14:35:03,628 - INFO -     DB Dish ID: 171508, V2 Dish ID: 10389
2025-11-18 14:35:03,630 - INFO -     No modifiers found for this dish
2025-11-18 14:35:03,630 - INFO - 
  [25/61] Spaguetti (Course: Mets Italiens)
2025-11-18 14:35:03,630 - INFO -     DB Dish ID: 171509, V2 Dish ID: 10390
2025-11-18 14:35:03,634 - INFO -     No modifiers found for this dish
2025-11-18 14:35:03,634 - INFO - 
  [26/61] Lasagne Deluxe (Course: Mets Italiens)
2025-11-18 14:35:03,635 - INFO -     DB Dish ID: 171510, V2 Dish ID: 10391
2025-11-18 14:35:03,638 - INFO -     No modifiers found for this dish
2025-11-18 14:35:03,639 - INFO - 
  [27/61] Duo Lasagne (Course: Mets Italiens)
2025-11-18 14:35:03,639 - INFO -     DB Dish ID: 171511, V2 Dish ID: 10392
2025-11-18 14:35:03,640 - INFO -     No modifiers found for this dish
2025-11-18 14:35:03,641 - INFO - 
  [28/61] Nachos fromage (Course: Les Nachos)
2025-11-18 14:35:03,641 - INFO -     DB Dish ID: 171512, V2 Dish ID: 9191
2025-11-18 14:35:03,642 - INFO -     No modifiers found for this dish
2025-11-18 14:35:03,642 - INFO - 
  [29/61] Nachos légumes (Course: Les Nachos)
2025-11-18 14:35:03,643 - INFO -     DB Dish ID: 171513, V2 Dish ID: 9192
2025-11-18 14:35:03,646 - INFO -     No modifiers found for this dish
2025-11-18 14:35:03,646 - INFO - 
  [30/61] Nachos Chicco (Course: Les Nachos)
2025-11-18 14:35:03,646 - INFO -     DB Dish ID: 171514, V2 Dish ID: 9193
2025-11-18 14:35:03,649 - INFO -     No modifiers found for this dish
2025-11-18 14:35:03,649 - INFO - 
  [31/61] Club Sandwich (Course: Club Sandwich)
2025-11-18 14:35:03,649 - INFO -     DB Dish ID: 171515, V2 Dish ID: 9194
2025-11-18 14:35:03,653 - INFO -     No modifiers found for this dish
2025-11-18 14:35:03,653 - INFO - 
  [32/61] Club Poutine (Course: Club Sandwich)
2025-11-18 14:35:03,653 - INFO -     DB Dish ID: 171516, V2 Dish ID: 9195
2025-11-18 14:35:03,656 - INFO -     No modifiers found for this dish
2025-11-18 14:35:03,656 - INFO - 
  [33/61] Steak Sub (Course: Sous-Marins)
2025-11-18 14:35:03,656 - INFO -     DB Dish ID: 171517, V2 Dish ID: 9196
2025-11-18 14:35:03,661 - INFO -     No modifiers found for this dish
2025-11-18 14:35:03,661 - INFO - 
  [34/61] Pizza Sub (Course: Sous-Marins)
2025-11-18 14:35:03,661 - INFO -     DB Dish ID: 171518, V2 Dish ID: 9197
2025-11-18 14:35:03,665 - INFO -     No modifiers found for this dish
2025-11-18 14:35:03,665 - INFO - 
  [35/61] Club Sub (Course: Sous-Marins)
2025-11-18 14:35:03,665 - INFO -     DB Dish ID: 171519, V2 Dish ID: 9198
2025-11-18 14:35:03,669 - INFO -     No modifiers found for this dish
2025-11-18 14:35:03,669 - INFO - 
  [36/61] Jambon Fromage Sub (Course: Sous-Marins)
2025-11-18 14:35:03,669 - INFO -     DB Dish ID: 171520, V2 Dish ID: 9199
2025-11-18 14:35:03,672 - INFO -     No modifiers found for this dish
2025-11-18 14:35:03,673 - INFO - 
  [37/61] Frites (Course: Les à Cotés)
2025-11-18 14:35:03,673 - INFO -     DB Dish ID: 171521, V2 Dish ID: 9207
2025-11-18 14:35:03,677 - INFO -     No modifiers found for this dish
2025-11-18 14:35:03,678 - INFO - 
  [38/61] Rondelles d’oignons (Course: Les à Cotés)
2025-11-18 14:35:03,678 - INFO -     DB Dish ID: 171522, V2 Dish ID: 9202
2025-11-18 14:35:03,681 - INFO -     No modifiers found for this dish
2025-11-18 14:35:03,681 - INFO - 
  [39/61] Bâtonnets de fromage (Course: Les à Cotés)
2025-11-18 14:35:03,681 - INFO -     DB Dish ID: 171523, V2 Dish ID: 9203
2025-11-18 14:35:03,684 - INFO -     No modifiers found for this dish
2025-11-18 14:35:03,684 - INFO - 
  [40/61] Zucchini (Course: Les à Cotés)
2025-11-18 14:35:03,684 - INFO -     DB Dish ID: 171524, V2 Dish ID: 9208
2025-11-18 14:35:03,688 - INFO -     No modifiers found for this dish
2025-11-18 14:35:03,688 - INFO - 
  [41/61] Poutine (Course: Les à Cotés)
2025-11-18 14:35:03,688 - INFO -     DB Dish ID: 171525, V2 Dish ID: 9209
2025-11-18 14:35:03,692 - INFO -     No modifiers found for this dish
2025-11-18 14:35:03,692 - INFO - 
  [42/61] Poutine au Poulet (Course: Les à Cotés)
2025-11-18 14:35:03,692 - INFO -     DB Dish ID: 171526, V2 Dish ID: 9210
2025-11-18 14:35:03,696 - INFO -     No modifiers found for this dish
2025-11-18 14:35:03,696 - INFO - 
  [43/61] Salade César (Course: Les à Cotés)
2025-11-18 14:35:03,696 - INFO -     DB Dish ID: 171527, V2 Dish ID: 9204
2025-11-18 14:35:03,699 - INFO -     No modifiers found for this dish
2025-11-18 14:35:03,699 - INFO - 
  [44/61] Ailes de Poulet (Course: Les à Cotés)
2025-11-18 14:35:03,699 - INFO -     DB Dish ID: 171528, V2 Dish ID: 9201
2025-11-18 14:35:03,703 - INFO -     No modifiers found for this dish
2025-11-18 14:35:03,704 - INFO - 
  [45/61] Sauce Sucré (Course: Les à Cotés)
2025-11-18 14:35:03,704 - INFO -     DB Dish ID: 171529, V2 Dish ID: 9205
2025-11-18 14:35:03,706 - INFO -     No modifiers found for this dish
2025-11-18 14:35:03,706 - INFO - 
  [46/61] Patate à l’ail (Course: Les à Cotés)
2025-11-18 14:35:03,706 - INFO -     DB Dish ID: 171530, V2 Dish ID: 9206
2025-11-18 14:35:03,710 - INFO -     No modifiers found for this dish
2025-11-18 14:35:03,710 - INFO - 
  [47/61] Riz (Course: Les à Cotés)
2025-11-18 14:35:03,711 - INFO -     DB Dish ID: 171531, V2 Dish ID: 9211
2025-11-18 14:35:03,714 - INFO -     No modifiers found for this dish
2025-11-18 14:35:03,714 - INFO - 
  [48/61] Club Shawarma (Course: Les à Cotés)
2025-11-18 14:35:03,714 - INFO -     DB Dish ID: 171532, V2 Dish ID: 9200
2025-11-18 14:35:03,718 - INFO -     No modifiers found for this dish
2025-11-18 14:35:03,718 - INFO - 
  [49/61] Pogo (Course: Les à Cotés)
2025-11-18 14:35:03,718 - INFO -     DB Dish ID: 171533, V2 Dish ID: 10388
2025-11-18 14:35:03,721 - INFO -     No modifiers found for this dish
2025-11-18 14:35:03,721 - INFO - 
  [50/61] Trempettes (Course: Les à Cotés)
2025-11-18 14:35:03,721 - INFO -     DB Dish ID: 171534, V2 Dish ID: 9212
2025-11-18 14:35:03,723 - INFO -     No modifiers found for this dish
2025-11-18 14:35:03,723 - INFO - 
  [51/61] Pizza Nutella (Course: Desserts)
2025-11-18 14:35:03,723 - INFO -     DB Dish ID: 171535, V2 Dish ID: 9213
2025-11-18 14:35:03,727 - INFO -     No modifiers found for this dish
2025-11-18 14:35:03,728 - INFO - 
  [52/61] Baklava (Course: Desserts)
2025-11-18 14:35:03,728 - INFO -     DB Dish ID: 171536, V2 Dish ID: 9214
2025-11-18 14:35:03,730 - INFO -     No modifiers found for this dish
2025-11-18 14:35:03,731 - INFO - 
  [53/61] Pepsi (Course: Breuvages)
2025-11-18 14:35:03,731 - INFO -     DB Dish ID: 171537, V2 Dish ID: 9215
2025-11-18 14:35:03,735 - INFO -     No modifiers found for this dish
2025-11-18 14:35:03,735 - INFO - 
  [54/61] Diet Pepsi (Course: Breuvages)
2025-11-18 14:35:03,735 - INFO -     DB Dish ID: 171538, V2 Dish ID: 9216
2025-11-18 14:35:03,740 - INFO -     No modifiers found for this dish
2025-11-18 14:35:03,740 - INFO - 
  [55/61] Mug Root Beer (Course: Breuvages)
2025-11-18 14:35:03,740 - INFO -     DB Dish ID: 171539, V2 Dish ID: 9217
2025-11-18 14:35:03,745 - INFO -     No modifiers found for this dish
2025-11-18 14:35:03,745 - INFO - 
  [56/61] Orange Crush (Course: Breuvages)
2025-11-18 14:35:03,745 - INFO -     DB Dish ID: 171540, V2 Dish ID: 9218
2025-11-18 14:35:03,748 - INFO -     No modifiers found for this dish
2025-11-18 14:35:03,748 - INFO - 
  [57/61] Brisk Iced Tea (Course: Breuvages)
2025-11-18 14:35:03,748 - INFO -     DB Dish ID: 171541, V2 Dish ID: 9219
2025-11-18 14:35:03,750 - INFO -     No modifiers found for this dish
2025-11-18 14:35:03,750 - INFO - 
  [58/61] Dr.Pepper (Course: Breuvages)
2025-11-18 14:35:03,750 - INFO -     DB Dish ID: 171542, V2 Dish ID: 9220
2025-11-18 14:35:03,752 - INFO -     No modifiers found for this dish
2025-11-18 14:35:03,752 - INFO - 
  [59/61] 7 Up (Course: Breuvages)
2025-11-18 14:35:03,752 - INFO -     DB Dish ID: 171543, V2 Dish ID: 9221
2025-11-18 14:35:03,754 - INFO -     No modifiers found for this dish
2025-11-18 14:35:03,754 - INFO - 
  [60/61] Diet 7 Up (Course: Breuvages)
2025-11-18 14:35:03,754 - INFO -     DB Dish ID: 171544, V2 Dish ID: 9222
2025-11-18 14:35:03,757 - INFO -     No modifiers found for this dish
2025-11-18 14:35:03,757 - INFO - 
  [61/61] Eau (Course: Breuvages)
2025-11-18 14:35:03,757 - INFO -     DB Dish ID: 171545, V2 Dish ID: 9223
2025-11-18 14:35:03,763 - INFO -     No modifiers found for this dish
2025-11-18 14:35:03,765 - INFO -   JSON saved: restaurant_964_modifiers.json
2025-11-18 14:35:03,765 - INFO - 
================================================================================
2025-11-18 14:35:03,765 - INFO - [6/10] PROCESSING: Chicco Shawarma Maloney
2025-11-18 14:35:03,765 - INFO - ================================================================================
2025-11-18 14:35:03,765 - INFO - DB ID: 965
2025-11-18 14:35:04,177 - INFO - Found 42 dishes to process
2025-11-18 14:35:04,177 - INFO - V2 Restaurant ID: 1662
2025-11-18 14:35:04,177 - INFO - 
  [1/42] Shawarma 6” (Course: Shawarmas)
2025-11-18 14:35:04,177 - INFO -     DB Dish ID: 171546, V2 Dish ID: 9224
2025-11-18 14:35:04,179 - INFO -     No modifiers found for this dish
2025-11-18 14:35:04,179 - INFO - 
  [2/42] Shawarma 6” TRIO (Course: Shawarmas)
2025-11-18 14:35:04,179 - INFO -     DB Dish ID: 171547, V2 Dish ID: 9225
2025-11-18 14:35:04,181 - INFO -     No modifiers found for this dish
2025-11-18 14:35:04,181 - INFO - 
  [3/42] Shawarma 12” (Course: Shawarmas)
2025-11-18 14:35:04,181 - INFO -     DB Dish ID: 171548, V2 Dish ID: 9226
2025-11-18 14:35:04,183 - INFO -     No modifiers found for this dish
2025-11-18 14:35:04,183 - INFO - 
  [4/42] Shawarma 12” TRIO (Course: Shawarmas)
2025-11-18 14:35:04,183 - INFO -     DB Dish ID: 171549, V2 Dish ID: 9227
2025-11-18 14:35:04,184 - INFO -     No modifiers found for this dish
2025-11-18 14:35:04,184 - INFO - 
  [5/42] Petit Assiette Shawarma (Course: Shawarmas)
2025-11-18 14:35:04,184 - INFO -     DB Dish ID: 171550, V2 Dish ID: 9228
2025-11-18 14:35:04,186 - INFO -     No modifiers found for this dish
2025-11-18 14:35:04,186 - INFO - 
  [6/42] Petit Assiette Shawarma TRIO (Course: Shawarmas)
2025-11-18 14:35:04,186 - INFO -     DB Dish ID: 171551, V2 Dish ID: 9229
2025-11-18 14:35:04,187 - INFO -     No modifiers found for this dish
2025-11-18 14:35:04,187 - INFO - 
  [7/42] Grand Assiette Shawarma (Course: Shawarmas)
2025-11-18 14:35:04,187 - INFO -     DB Dish ID: 171552, V2 Dish ID: 9230
2025-11-18 14:35:04,189 - INFO -     No modifiers found for this dish
2025-11-18 14:35:04,189 - INFO - 
  [8/42] Grand Assiette Shawarma TRIO (Course: Shawarmas)
2025-11-18 14:35:04,189 - INFO -     DB Dish ID: 171553, V2 Dish ID: 9231
2025-11-18 14:35:04,190 - INFO -     No modifiers found for this dish
2025-11-18 14:35:04,190 - INFO - 
  [9/42] Assiette Vegetarienne (Course: Shawarmas)
2025-11-18 14:35:04,191 - INFO -     DB Dish ID: 171554, V2 Dish ID: 9232
2025-11-18 14:35:04,192 - INFO -     No modifiers found for this dish
2025-11-18 14:35:04,192 - INFO - 
  [10/42] Assiette Vegetarienne TRIO (Course: Shawarmas)
2025-11-18 14:35:04,192 - INFO -     DB Dish ID: 171555, V2 Dish ID: 9233
2025-11-18 14:35:04,194 - INFO -     No modifiers found for this dish
2025-11-18 14:35:04,194 - INFO - 
  [11/42] Assiette Familiale (Course: Shawarmas Formats Familiaux)
2025-11-18 14:35:04,194 - INFO -     DB Dish ID: 171556, V2 Dish ID: 9234
2025-11-18 14:35:04,196 - INFO -     No modifiers found for this dish
2025-11-18 14:35:04,196 - INFO - 
  [12/42] Assiette Familiale Mixte (Course: Shawarmas Formats Familiaux)
2025-11-18 14:35:04,196 - INFO -     DB Dish ID: 171557, V2 Dish ID: 9235
2025-11-18 14:35:04,197 - INFO -     No modifiers found for this dish
2025-11-18 14:35:04,197 - INFO - 
  [13/42] Assiette 1 Viande Pour Deux (Course: Shawarmas Formats Familiaux)
2025-11-18 14:35:04,197 - INFO -     DB Dish ID: 171558, V2 Dish ID: 9236
2025-11-18 14:35:04,199 - INFO -     No modifiers found for this dish
2025-11-18 14:35:04,199 - INFO - 
  [14/42] Assiette 2 Viandes Pour Deux (Course: Shawarmas Formats Familiaux)
2025-11-18 14:35:04,199 - INFO -     DB Dish ID: 171559, V2 Dish ID: 9237
2025-11-18 14:35:04,201 - INFO -     No modifiers found for this dish
2025-11-18 14:35:04,201 - INFO - 
  [15/42] Salade César (Course: Salades)
2025-11-18 14:35:04,201 - INFO -     DB Dish ID: 171560, V2 Dish ID: 9238
2025-11-18 14:35:04,202 - INFO -     No modifiers found for this dish
2025-11-18 14:35:04,202 - INFO - 
  [16/42] Salade Poulet (Course: Salades)
2025-11-18 14:35:04,202 - INFO -     DB Dish ID: 171561, V2 Dish ID: 9239
2025-11-18 14:35:04,204 - INFO -     No modifiers found for this dish
2025-11-18 14:35:04,204 - INFO - 
  [17/42] Salade Mixte (Course: Salades)
2025-11-18 14:35:04,204 - INFO -     DB Dish ID: 171562, V2 Dish ID: 9240
2025-11-18 14:35:04,205 - INFO -     No modifiers found for this dish
2025-11-18 14:35:04,205 - INFO - 
  [18/42] Salade Fattouche (Course: Salades)
2025-11-18 14:35:04,205 - INFO -     DB Dish ID: 171563, V2 Dish ID: 9241
2025-11-18 14:35:04,207 - INFO -     No modifiers found for this dish
2025-11-18 14:35:04,207 - INFO - 
  [19/42] Salade Taboulé (Course: Salades)
2025-11-18 14:35:04,207 - INFO -     DB Dish ID: 171564, V2 Dish ID: 9242
2025-11-18 14:35:04,208 - INFO -     No modifiers found for this dish
2025-11-18 14:35:04,209 - INFO - 
  [20/42] Club Shawarma (Course: Les à Cotés)
2025-11-18 14:35:04,209 - INFO -     DB Dish ID: 171565, V2 Dish ID: 9243
2025-11-18 14:35:04,212 - INFO -     No modifiers found for this dish
2025-11-18 14:35:04,212 - INFO - 
  [21/42] Ailes de Poulet (Course: Les à Cotés)
2025-11-18 14:35:04,212 - INFO -     DB Dish ID: 171566, V2 Dish ID: 9244
2025-11-18 14:35:04,213 - INFO -     No modifiers found for this dish
2025-11-18 14:35:04,213 - INFO - 
  [22/42] Sauce à l’ail (Course: Les à Cotés)
2025-11-18 14:35:04,213 - INFO -     DB Dish ID: 171567, V2 Dish ID: 9245
2025-11-18 14:35:04,215 - INFO -     No modifiers found for this dish
2025-11-18 14:35:04,215 - INFO - 
  [23/42] Humus (Course: Les à Cotés)
2025-11-18 14:35:04,215 - INFO -     DB Dish ID: 171568, V2 Dish ID: 9246
2025-11-18 14:35:04,216 - INFO -     No modifiers found for this dish
2025-11-18 14:35:04,216 - INFO - 
  [24/42] Sauce Sésame (Course: Les à Cotés)
2025-11-18 14:35:04,216 - INFO -     DB Dish ID: 171569, V2 Dish ID: 9247
2025-11-18 14:35:04,218 - INFO -     No modifiers found for this dish
2025-11-18 14:35:04,218 - INFO - 
  [25/42] Sauce Sucré (Course: Les à Cotés)
2025-11-18 14:35:04,218 - INFO -     DB Dish ID: 171570, V2 Dish ID: 9248
2025-11-18 14:35:04,219 - INFO -     No modifiers found for this dish
2025-11-18 14:35:04,219 - INFO - 
  [26/42] Patate à l’ail (Course: Les à Cotés)
2025-11-18 14:35:04,219 - INFO -     DB Dish ID: 171571, V2 Dish ID: 9249
2025-11-18 14:35:04,222 - INFO -     No modifiers found for this dish
2025-11-18 14:35:04,222 - INFO - 
  [27/42] Frites (Course: Les à Cotés)
2025-11-18 14:35:04,222 - INFO -     DB Dish ID: 171572, V2 Dish ID: 9250
2025-11-18 14:35:04,225 - INFO -     No modifiers found for this dish
2025-11-18 14:35:04,225 - INFO - 
  [28/42] Pita Chip (Course: Les à Cotés)
2025-11-18 14:35:04,225 - INFO -     DB Dish ID: 171573, V2 Dish ID: 9251
2025-11-18 14:35:04,227 - INFO -     No modifiers found for this dish
2025-11-18 14:35:04,227 - INFO - 
  [29/42] Poutine (Course: Les à Cotés)
2025-11-18 14:35:04,227 - INFO -     DB Dish ID: 171574, V2 Dish ID: 9252
2025-11-18 14:35:04,230 - INFO -     No modifiers found for this dish
2025-11-18 14:35:04,230 - INFO - 
  [30/42] Poutine au Poulet (Course: Les à Cotés)
2025-11-18 14:35:04,230 - INFO -     DB Dish ID: 171575, V2 Dish ID: 9253
2025-11-18 14:35:04,232 - INFO -     No modifiers found for this dish
2025-11-18 14:35:04,232 - INFO - 
  [31/42] Riz (Course: Les à Cotés)
2025-11-18 14:35:04,232 - INFO -     DB Dish ID: 171576, V2 Dish ID: 9254
2025-11-18 14:35:04,235 - INFO -     No modifiers found for this dish
2025-11-18 14:35:04,235 - INFO - 
  [32/42] Trempettes (Course: Les à Cotés)
2025-11-18 14:35:04,235 - INFO -     DB Dish ID: 171577, V2 Dish ID: 9255
2025-11-18 14:35:04,237 - INFO -     No modifiers found for this dish
2025-11-18 14:35:04,237 - INFO - 
  [33/42] Baklava (Course: Desserts)
2025-11-18 14:35:04,237 - INFO -     DB Dish ID: 171578, V2 Dish ID: 9256
2025-11-18 14:35:04,239 - INFO -     No modifiers found for this dish
2025-11-18 14:35:04,239 - INFO - 
  [34/42] Pepsi (Course: Breuvages)
2025-11-18 14:35:04,239 - INFO -     DB Dish ID: 171579, V2 Dish ID: 9257
2025-11-18 14:35:04,242 - INFO -     No modifiers found for this dish
2025-11-18 14:35:04,243 - INFO - 
  [35/42] Diet Pepsi (Course: Breuvages)
2025-11-18 14:35:04,243 - INFO -     DB Dish ID: 171580, V2 Dish ID: 9258
2025-11-18 14:35:04,245 - INFO -     No modifiers found for this dish
2025-11-18 14:35:04,245 - INFO - 
  [36/42] Mug Root Beer (Course: Breuvages)
2025-11-18 14:35:04,245 - INFO -     DB Dish ID: 171581, V2 Dish ID: 9259
2025-11-18 14:35:04,246 - INFO -     No modifiers found for this dish
2025-11-18 14:35:04,246 - INFO - 
  [37/42] Orange Crush (Course: Breuvages)
2025-11-18 14:35:04,246 - INFO -     DB Dish ID: 171582, V2 Dish ID: 9260
2025-11-18 14:35:04,248 - INFO -     No modifiers found for this dish
2025-11-18 14:35:04,248 - INFO - 
  [38/42] Brisk Iced Tea (Course: Breuvages)
2025-11-18 14:35:04,248 - INFO -     DB Dish ID: 171583, V2 Dish ID: 9261
2025-11-18 14:35:04,249 - INFO -     No modifiers found for this dish
2025-11-18 14:35:04,250 - INFO - 
  [39/42] Dr.Pepper (Course: Breuvages)
2025-11-18 14:35:04,250 - INFO -     DB Dish ID: 171584, V2 Dish ID: 9262
2025-11-18 14:35:04,251 - INFO -     No modifiers found for this dish
2025-11-18 14:35:04,252 - INFO - 
  [40/42] 7 Up (Course: Breuvages)
2025-11-18 14:35:04,252 - INFO -     DB Dish ID: 171585, V2 Dish ID: 9263
2025-11-18 14:35:04,256 - INFO -     No modifiers found for this dish
2025-11-18 14:35:04,256 - INFO - 
  [41/42] Diet 7 Up (Course: Breuvages)
2025-11-18 14:35:04,256 - INFO -     DB Dish ID: 171586, V2 Dish ID: 9264
2025-11-18 14:35:04,258 - INFO -     No modifiers found for this dish
2025-11-18 14:35:04,258 - INFO - 
  [42/42] Eau (Course: Breuvages)
2025-11-18 14:35:04,258 - INFO -     DB Dish ID: 171587, V2 Dish ID: 9265
2025-11-18 14:35:04,261 - INFO -     No modifiers found for this dish
2025-11-18 14:35:04,263 - INFO -   JSON saved: restaurant_965_modifiers.json
2025-11-18 14:35:04,263 - INFO - 
================================================================================
2025-11-18 14:35:04,263 - INFO - ================================================================================
2025-11-18 14:35:04,263 - INFO - DB ID: 966
2025-11-18 14:35:04,671 - INFO - Found 57 dishes to process
2025-11-18 14:35:04,671 - INFO - V2 Restaurant ID: 1663
2025-11-18 14:35:04,671 - INFO - 
  [1/57] Moyennes Pepperoni Pizza (Course: Special des Series)
2025-11-18 14:35:04,671 - INFO -     DB Dish ID: 171256, V2 Dish ID: 10485
2025-11-18 14:35:04,673 - INFO -     No modifiers found for this dish
2025-11-18 14:35:04,673 - INFO - 
  [2/57] Deux Moyenne Pepperoni Pizzas (Course: Special des Series)
2025-11-18 14:35:04,673 - INFO -     DB Dish ID: 171257, V2 Dish ID: 10486
2025-11-18 14:35:04,675 - INFO -     No modifiers found for this dish
2025-11-18 14:35:04,675 - INFO - 
  [3/57] Le Grand Duo (Course: Spéciaux)
2025-11-18 14:35:04,675 - INFO -     DB Dish ID: 171258, V2 Dish ID: 9359
2025-11-18 14:35:04,676 - INFO -     No modifiers found for this dish
2025-11-18 14:35:04,676 - INFO - 
  [4/57] Spécial Familia (Course: Spéciaux)
2025-11-18 14:35:04,676 - INFO -     DB Dish ID: 171259, V2 Dish ID: 9362
2025-11-18 14:35:04,678 - INFO -     No modifiers found for this dish
2025-11-18 14:35:04,678 - INFO - 
  [5/57] Le Festin (Course: Spéciaux)
2025-11-18 14:35:04,678 - INFO -     DB Dish ID: 171260, V2 Dish ID: 9361
2025-11-18 14:35:04,679 - INFO -     No modifiers found for this dish
2025-11-18 14:35:04,679 - INFO - 
  [6/57] Spécial Chicco (Course: Spéciaux)
2025-11-18 14:35:04,679 - INFO -     DB Dish ID: 171261, V2 Dish ID: 9360
2025-11-18 14:35:04,681 - INFO -     No modifiers found for this dish
2025-11-18 14:35:04,681 - INFO - 
  [7/57] Due Amici (Course: Spéciaux)
2025-11-18 14:35:04,681 - INFO -     DB Dish ID: 171262, V2 Dish ID: 9363
2025-11-18 14:35:04,682 - INFO -     No modifiers found for this dish
2025-11-18 14:35:04,682 - INFO - 
  [8/57] Pizza au Fromage (Course: Les Pizzas Classiques)
2025-11-18 14:35:04,682 - INFO -     DB Dish ID: 171263, V2 Dish ID: 9266
2025-11-18 14:35:04,683 - INFO -     No modifiers found for this dish
2025-11-18 14:35:04,683 - INFO - 
  [9/57] Pizza au Pepperoni (Course: Les Pizzas Classiques)
2025-11-18 14:35:04,683 - INFO -     DB Dish ID: 171264, V2 Dish ID: 9267
2025-11-18 14:35:04,685 - INFO -     No modifiers found for this dish
2025-11-18 14:35:04,685 - INFO - 
  [10/57] La Bacon Fromage (Course: Les Pizzas Classiques)
2025-11-18 14:35:04,685 - INFO -     DB Dish ID: 171265, V2 Dish ID: 9268
2025-11-18 14:35:04,686 - INFO -     No modifiers found for this dish
2025-11-18 14:35:04,686 - INFO - 
  [11/57] La Pepperoni  Bacon (Course: Les Pizzas Classiques)
2025-11-18 14:35:04,686 - INFO -     DB Dish ID: 171266, V2 Dish ID: 9269
2025-11-18 14:35:04,697 - INFO -     No modifiers found for this dish
2025-11-18 14:35:04,697 - INFO - 
  [12/57] La Toute  Garnie (Course: Les Pizzas Classiques)
2025-11-18 14:35:04,697 - INFO -     DB Dish ID: 171267, V2 Dish ID: 9270
2025-11-18 14:35:04,699 - INFO -     No modifiers found for this dish
2025-11-18 14:35:04,699 - INFO - 
  [13/57] L’hawaiienne (Course: Les Pizzas Classiques)
2025-11-18 14:35:04,699 - INFO -     DB Dish ID: 171268, V2 Dish ID: 9271
2025-11-18 14:35:04,700 - INFO -     No modifiers found for this dish
2025-11-18 14:35:04,700 - INFO - 
  [14/57] La Super  Garnie (Course: Les Pizzas Classiques)
2025-11-18 14:35:04,700 - INFO -     DB Dish ID: 171269, V2 Dish ID: 9272
2025-11-18 14:35:04,702 - INFO -     No modifiers found for this dish
2025-11-18 14:35:04,702 - INFO - 
  [15/57] La Végétarienne (Course: Les Pizzas Classiques)
2025-11-18 14:35:04,702 - INFO -     DB Dish ID: 171270, V2 Dish ID: 9273
2025-11-18 14:35:04,703 - INFO -     No modifiers found for this dish
2025-11-18 14:35:04,703 - INFO - 
  [16/57] La Pizza Maison (Course: Les Pizzas Spécialités)
2025-11-18 14:35:04,703 - INFO -     DB Dish ID: 171271, V2 Dish ID: 9274
2025-11-18 14:35:04,704 - INFO -     No modifiers found for this dish
2025-11-18 14:35:04,704 - INFO - 
  [17/57] Le Spécial du Chef (Course: Les Pizzas Spécialités)
2025-11-18 14:35:04,704 - INFO -     DB Dish ID: 171272, V2 Dish ID: 9275
2025-11-18 14:35:04,706 - INFO -     No modifiers found for this dish
2025-11-18 14:35:04,706 - INFO - 
  [18/57] La Chicco Poulet BBQ (Course: Les Pizzas Spécialités)
2025-11-18 14:35:04,706 - INFO -     DB Dish ID: 171273, V2 Dish ID: 9276
2025-11-18 14:35:04,707 - INFO -     No modifiers found for this dish
2025-11-18 14:35:04,707 - INFO - 
  [19/57] L’accro du Pepperoni (Course: Les Pizzas Spécialités)
2025-11-18 14:35:04,707 - INFO -     DB Dish ID: 171274, V2 Dish ID: 9277
2025-11-18 14:35:04,708 - INFO -     No modifiers found for this dish
2025-11-18 14:35:04,708 - INFO - 
  [20/57] Le Gros Lot (Course: Les Pizzas Spécialités)
2025-11-18 14:35:04,708 - INFO -     DB Dish ID: 171275, V2 Dish ID: 9278
2025-11-18 14:35:04,710 - INFO -     No modifiers found for this dish
2025-11-18 14:35:04,710 - INFO - 
  [21/57] Pizza Pep Bacon Olive (Course: Les Pizzas Spécialités)
2025-11-18 14:35:04,710 - INFO -     DB Dish ID: 171276, V2 Dish ID: 9279
2025-11-18 14:35:04,711 - INFO -     No modifiers found for this dish
2025-11-18 14:35:04,711 - INFO - 
  [22/57] La Quebecoise (Course: Les Pizzas Spécialités)
2025-11-18 14:35:04,711 - INFO -     DB Dish ID: 171277, V2 Dish ID: 9280
2025-11-18 14:35:04,712 - INFO -     No modifiers found for this dish
2025-11-18 14:35:04,712 - INFO - 
  [23/57] La Meat Lover (Course: Les Pizzas Spécialités)
2025-11-18 14:35:04,712 - INFO -     DB Dish ID: 171278, V2 Dish ID: 9281
2025-11-18 14:35:04,714 - INFO -     No modifiers found for this dish
2025-11-18 14:35:04,714 - INFO - 
  [24/57] Lasagne (Course: Pasta)
2025-11-18 14:35:04,714 - INFO -     DB Dish ID: 171279, V2 Dish ID: 10383
2025-11-18 14:35:04,715 - INFO -     No modifiers found for this dish
2025-11-18 14:35:04,715 - INFO - 
  [25/57] Spaguetti (Course: Pasta)
2025-11-18 14:35:04,715 - INFO -     DB Dish ID: 171280, V2 Dish ID: 10384
2025-11-18 14:35:04,717 - INFO -     No modifiers found for this dish
2025-11-18 14:35:04,717 - INFO - 
  [26/57] Lasagne Deluxe (Course: Pasta)
2025-11-18 14:35:04,717 - INFO -     DB Dish ID: 171281, V2 Dish ID: 10385
2025-11-18 14:35:04,718 - INFO -     No modifiers found for this dish
2025-11-18 14:35:04,718 - INFO - 
  [27/57] Duo Lasagne (Course: Pasta)
2025-11-18 14:35:04,718 - INFO -     DB Dish ID: 171282, V2 Dish ID: 10387
2025-11-18 14:35:04,719 - INFO -     No modifiers found for this dish
2025-11-18 14:35:04,719 - INFO - 
  [28/57] Nachos fromage (Course: Les Nachos)
2025-11-18 14:35:04,719 - INFO -     DB Dish ID: 171283, V2 Dish ID: 9282
2025-11-18 14:35:04,721 - INFO -     No modifiers found for this dish
2025-11-18 14:35:04,721 - INFO - 
  [29/57] Nachos légumes (Course: Les Nachos)
2025-11-18 14:35:04,721 - INFO -     DB Dish ID: 171284, V2 Dish ID: 9283
2025-11-18 14:35:04,723 - INFO -     No modifiers found for this dish
2025-11-18 14:35:04,723 - INFO - 
  [30/57] Nachos Chicco (Course: Les Nachos)
2025-11-18 14:35:04,723 - INFO -     DB Dish ID: 171285, V2 Dish ID: 9284
2025-11-18 14:35:04,728 - INFO -     No modifiers found for this dish
2025-11-18 14:35:04,729 - INFO - 
  [31/57] Club Sandwich (Course: Club Sandwich)
2025-11-18 14:35:04,729 - INFO -     DB Dish ID: 171286, V2 Dish ID: 9285
2025-11-18 14:35:04,731 - INFO -     No modifiers found for this dish
2025-11-18 14:35:04,731 - INFO - 
  [32/57] Club Poutine (Course: Club Sandwich)
2025-11-18 14:35:04,731 - INFO -     DB Dish ID: 171287, V2 Dish ID: 9286
2025-11-18 14:35:04,735 - INFO -     No modifiers found for this dish
2025-11-18 14:35:04,735 - INFO - 
  [33/57] Steak Sub (Course: Sous-Marins)
2025-11-18 14:35:04,735 - INFO -     DB Dish ID: 171288, V2 Dish ID: 9287
2025-11-18 14:35:04,737 - INFO -     No modifiers found for this dish
2025-11-18 14:35:04,737 - INFO - 
  [34/57] Pizza Sub (Course: Sous-Marins)
2025-11-18 14:35:04,737 - INFO -     DB Dish ID: 171289, V2 Dish ID: 9288
2025-11-18 14:35:04,739 - INFO -     No modifiers found for this dish
2025-11-18 14:35:04,739 - INFO - 
  [35/57] Club Sub (Course: Sous-Marins)
2025-11-18 14:35:04,739 - INFO -     DB Dish ID: 171290, V2 Dish ID: 9289
2025-11-18 14:35:04,741 - INFO -     No modifiers found for this dish
2025-11-18 14:35:04,742 - INFO - 
  [36/57] Jambon Fromage Sub (Course: Sous-Marins)
2025-11-18 14:35:04,742 - INFO -     DB Dish ID: 171291, V2 Dish ID: 9290
2025-11-18 14:35:04,744 - INFO -     No modifiers found for this dish
2025-11-18 14:35:04,744 - INFO - 
  [37/57] Frites (Course: Les à Cotés)
2025-11-18 14:35:04,744 - INFO -     DB Dish ID: 171292, V2 Dish ID: 9291
2025-11-18 14:35:04,747 - INFO -     No modifiers found for this dish
2025-11-18 14:35:04,747 - INFO - 
  [38/57] Rondelles d’oignons (Course: Les à Cotés)
2025-11-18 14:35:04,748 - INFO -     DB Dish ID: 171293, V2 Dish ID: 9292
2025-11-18 14:35:04,750 - INFO -     No modifiers found for this dish
2025-11-18 14:35:04,750 - INFO - 
  [39/57] Bâtonnets de fromage (Course: Les à Cotés)
2025-11-18 14:35:04,750 - INFO -     DB Dish ID: 171294, V2 Dish ID: 9293
2025-11-18 14:35:04,752 - INFO -     No modifiers found for this dish
2025-11-18 14:35:04,752 - INFO - 
  [40/57] Zucchini (Course: Les à Cotés)
2025-11-18 14:35:04,752 - INFO -     DB Dish ID: 171295, V2 Dish ID: 9294
2025-11-18 14:35:04,755 - INFO -     No modifiers found for this dish
2025-11-18 14:35:04,758 - INFO - 
  [41/57] Poutine (Course: Les à Cotés)
2025-11-18 14:35:04,758 - INFO -     DB Dish ID: 171296, V2 Dish ID: 9295
2025-11-18 14:35:04,765 - INFO -     No modifiers found for this dish
2025-11-18 14:35:04,765 - INFO - 
  [42/57] Poutine Poulet (Course: Les à Cotés)
2025-11-18 14:35:04,766 - INFO -     DB Dish ID: 171297, V2 Dish ID: 9296
2025-11-18 14:35:04,768 - INFO -     No modifiers found for this dish
2025-11-18 14:35:04,768 - INFO - 
  [43/57] Salade César (Course: Les à Cotés)
2025-11-18 14:35:04,768 - INFO -     DB Dish ID: 171298, V2 Dish ID: 9297
2025-11-18 14:35:04,772 - INFO -     No modifiers found for this dish
2025-11-18 14:35:04,772 - INFO - 
  [44/57] Ailes de Poulet (Course: Les à Cotés)
2025-11-18 14:35:04,772 - INFO -     DB Dish ID: 171299, V2 Dish ID: 9298
2025-11-18 14:35:04,775 - INFO -     No modifiers found for this dish
2025-11-18 14:35:04,775 - INFO - 
  [45/57] Pogo (Course: Les à Cotés)
2025-11-18 14:35:04,775 - INFO -     DB Dish ID: 171300, V2 Dish ID: 10381
2025-11-18 14:35:04,778 - INFO -     No modifiers found for this dish
2025-11-18 14:35:04,778 - INFO - 
  [46/57] Hamburger (Course: Les à Cotés)
2025-11-18 14:35:04,778 - INFO -     DB Dish ID: 171301, V2 Dish ID: 10382
2025-11-18 14:35:04,781 - INFO -     No modifiers found for this dish
2025-11-18 14:35:04,781 - INFO - 
  [47/57] Combo Hamburger (Course: Les à Cotés)
2025-11-18 14:35:04,781 - INFO -     DB Dish ID: 171302, V2 Dish ID: 10386
2025-11-18 14:35:04,782 - INFO -     No modifiers found for this dish
2025-11-18 14:35:04,782 - INFO - 
  [48/57] Pizza Nutella (Course: Desserts)
2025-11-18 14:35:04,782 - INFO -     DB Dish ID: 171303, V2 Dish ID: 9299
2025-11-18 14:35:04,785 - INFO -     No modifiers found for this dish
2025-11-18 14:35:04,786 - INFO - 
  [49/57] Pepsi (Course: Breuvages)
2025-11-18 14:35:04,786 - INFO -     DB Dish ID: 171304, V2 Dish ID: 9300
2025-11-18 14:35:04,787 - INFO -     No modifiers found for this dish
2025-11-18 14:35:04,787 - INFO - 
  [50/57] Diet Pepsi (Course: Breuvages)
2025-11-18 14:35:04,787 - INFO -     DB Dish ID: 171305, V2 Dish ID: 9301
2025-11-18 14:35:04,790 - INFO -     No modifiers found for this dish
2025-11-18 14:35:04,791 - INFO - 
  [51/57] Mug Root Beer (Course: Breuvages)
2025-11-18 14:35:04,791 - INFO -     DB Dish ID: 171306, V2 Dish ID: 9302
2025-11-18 14:35:04,793 - INFO -     No modifiers found for this dish
2025-11-18 14:35:04,793 - INFO - 
  [52/57] Orange Crush (Course: Breuvages)
2025-11-18 14:35:04,793 - INFO -     DB Dish ID: 171307, V2 Dish ID: 9303
2025-11-18 14:35:04,794 - INFO -     No modifiers found for this dish
2025-11-18 14:35:04,794 - INFO - 
  [53/57] Brisk Iced Tea (Course: Breuvages)
2025-11-18 14:35:04,794 - INFO -     DB Dish ID: 171308, V2 Dish ID: 9304
2025-11-18 14:35:04,797 - INFO -     No modifiers found for this dish
2025-11-18 14:35:04,798 - INFO - 
  [54/57] Dr.Pepper (Course: Breuvages)
2025-11-18 14:35:04,798 - INFO -     DB Dish ID: 171309, V2 Dish ID: 9305
2025-11-18 14:35:04,800 - INFO -     No modifiers found for this dish
2025-11-18 14:35:04,800 - INFO - 
  [55/57] 7 Up (Course: Breuvages)
2025-11-18 14:35:04,800 - INFO -     DB Dish ID: 171310, V2 Dish ID: 9306
2025-11-18 14:35:04,801 - INFO -     No modifiers found for this dish
2025-11-18 14:35:04,801 - INFO - 
  [56/57] Diet 7 Up (Course: Breuvages)
2025-11-18 14:35:04,801 - INFO -     DB Dish ID: 171311, V2 Dish ID: 9307
2025-11-18 14:35:04,804 - INFO -     No modifiers found for this dish
2025-11-18 14:35:04,804 - INFO - 
  [57/57] Eau (Course: Breuvages)
2025-11-18 14:35:04,804 - INFO -     DB Dish ID: 171312, V2 Dish ID: 9308
2025-11-18 14:35:04,807 - INFO -     No modifiers found for this dish
2025-11-18 14:35:04,807 - INFO -   JSON saved: restaurant_966_modifiers.json
2025-11-18 14:35:04,807 - INFO - 
================================================================================
2025-11-18 14:35:04,807 - INFO - [8/10] PROCESSING: Chicco Pizza St-Louis
2025-11-18 14:35:04,807 - INFO - ================================================================================
2025-11-18 14:35:04,807 - INFO - DB ID: 967
2025-11-18 14:35:05,240 - INFO - Found 49 dishes to process
2025-11-18 14:35:05,241 - INFO - V2 Restaurant ID: 1664
2025-11-18 14:35:05,241 - INFO - 
  [1/49] Deux Moyenne Pepperoni Pizzas (Course: Special des Series)
2025-11-18 14:35:05,241 - INFO -     DB Dish ID: 171588, V2 Dish ID: 10492
2025-11-18 14:35:05,243 - INFO -     No modifiers found for this dish
2025-11-18 14:35:05,243 - INFO - 
  [2/49] Moyenne Pepperoni Pizza (Course: Special des Series)
2025-11-18 14:35:05,243 - INFO -     DB Dish ID: 171589, V2 Dish ID: 10491
2025-11-18 14:35:05,244 - INFO -     No modifiers found for this dish
2025-11-18 14:35:05,244 - INFO - 
  [3/49] Spécial Familia (Course: Spéciaux)
2025-11-18 14:35:05,244 - INFO -     DB Dish ID: 171590, V2 Dish ID: 9372
2025-11-18 14:35:05,246 - INFO -     No modifiers found for this dish
2025-11-18 14:35:05,246 - INFO - 
  [4/49] Le Festin (Course: Spéciaux)
2025-11-18 14:35:05,246 - INFO -     DB Dish ID: 171591, V2 Dish ID: 9371
2025-11-18 14:35:05,247 - INFO -     No modifiers found for this dish
2025-11-18 14:35:05,247 - INFO - 
  [5/49] Le Grand Duo (Course: Spéciaux)
2025-11-18 14:35:05,248 - INFO -     DB Dish ID: 171592, V2 Dish ID: 9370
2025-11-18 14:35:05,249 - INFO -     No modifiers found for this dish
2025-11-18 14:35:05,249 - INFO - 
  [6/49] Spécial Chicco (Course: Spéciaux)
2025-11-18 14:35:05,249 - INFO -     DB Dish ID: 171593, V2 Dish ID: 9369
2025-11-18 14:35:05,251 - INFO -     No modifiers found for this dish
2025-11-18 14:35:05,251 - INFO - 
  [7/49] Due Amici (Course: Spéciaux)
2025-11-18 14:35:05,251 - INFO -     DB Dish ID: 171594, V2 Dish ID: 9373
2025-11-18 14:35:05,252 - INFO -     No modifiers found for this dish
2025-11-18 14:35:05,252 - INFO - 
  [8/49] Pizza au Fromage (Course: Les Pizzas Classiques)
2025-11-18 14:35:05,253 - INFO -     DB Dish ID: 171595, V2 Dish ID: 9309
2025-11-18 14:35:05,254 - INFO -     No modifiers found for this dish
2025-11-18 14:35:05,254 - INFO - 
  [9/49] Pizza au Pepperoni (Course: Les Pizzas Classiques)
2025-11-18 14:35:05,254 - INFO -     DB Dish ID: 171596, V2 Dish ID: 9310
2025-11-18 14:35:05,256 - INFO -     No modifiers found for this dish
2025-11-18 14:35:05,256 - INFO - 
  [10/49] La Bacon Fromage (Course: Les Pizzas Classiques)
2025-11-18 14:35:05,256 - INFO -     DB Dish ID: 171597, V2 Dish ID: 9311
2025-11-18 14:35:05,257 - INFO -     No modifiers found for this dish
2025-11-18 14:35:05,257 - INFO - 
  [11/49] La Pepperoni  Bacon (Course: Les Pizzas Classiques)
2025-11-18 14:35:05,257 - INFO -     DB Dish ID: 171598, V2 Dish ID: 9312
2025-11-18 14:35:05,259 - INFO -     No modifiers found for this dish
2025-11-18 14:35:05,259 - INFO - 
  [12/49] La Toute  Garnie (Course: Les Pizzas Classiques)
2025-11-18 14:35:05,259 - INFO -     DB Dish ID: 171599, V2 Dish ID: 9313
2025-11-18 14:35:05,261 - INFO -     No modifiers found for this dish
2025-11-18 14:35:05,261 - INFO - 
  [13/49] L’hawaiienne (Course: Les Pizzas Classiques)
2025-11-18 14:35:05,261 - INFO -     DB Dish ID: 171600, V2 Dish ID: 9314
2025-11-18 14:35:05,262 - INFO -     No modifiers found for this dish
2025-11-18 14:35:05,262 - INFO - 
  [14/49] La Super Garnie (Course: Les Pizzas Classiques)
2025-11-18 14:35:05,262 - INFO -     DB Dish ID: 171601, V2 Dish ID: 9315
2025-11-18 14:35:05,264 - INFO -     No modifiers found for this dish
2025-11-18 14:35:05,264 - INFO - 
  [15/49] La Végétarienne (Course: Les Pizzas Classiques)
2025-11-18 14:35:05,264 - INFO -     DB Dish ID: 171602, V2 Dish ID: 9316
2025-11-18 14:35:05,265 - INFO -     No modifiers found for this dish
2025-11-18 14:35:05,265 - INFO - 
  [16/49] La Pizza Maison (Course: Les Pizzas Spécialités)
2025-11-18 14:35:05,265 - INFO -     DB Dish ID: 171603, V2 Dish ID: 9317
2025-11-18 14:35:05,267 - INFO -     No modifiers found for this dish
2025-11-18 14:35:05,267 - INFO - 
  [17/49] Le Spécial du Chef (Course: Les Pizzas Spécialités)
2025-11-18 14:35:05,267 - INFO -     DB Dish ID: 171604, V2 Dish ID: 9318
2025-11-18 14:35:05,269 - INFO -     No modifiers found for this dish
2025-11-18 14:35:05,269 - INFO - 
  [18/49] La Chicco Poulet BBQ (Course: Les Pizzas Spécialités)
2025-11-18 14:35:05,269 - INFO -     DB Dish ID: 171605, V2 Dish ID: 9319
2025-11-18 14:35:05,271 - INFO -     No modifiers found for this dish
2025-11-18 14:35:05,271 - INFO - 
  [19/49] L’accro du Pepperoni (Course: Les Pizzas Spécialités)
2025-11-18 14:35:05,271 - INFO -     DB Dish ID: 171606, V2 Dish ID: 9320
2025-11-18 14:35:05,272 - INFO -     No modifiers found for this dish
2025-11-18 14:35:05,273 - INFO - 
  [20/49] Le Gros Lot (Course: Les Pizzas Spécialités)
2025-11-18 14:35:05,273 - INFO -     DB Dish ID: 171607, V2 Dish ID: 9321
2025-11-18 14:35:05,274 - INFO -     No modifiers found for this dish
2025-11-18 14:35:05,274 - INFO - 
  [21/49] Pizza Pep Bacon Olive (Course: Les Pizzas Spécialités)
2025-11-18 14:35:05,274 - INFO -     DB Dish ID: 171608, V2 Dish ID: 9322
2025-11-18 14:35:05,275 - INFO -     No modifiers found for this dish
2025-11-18 14:35:05,275 - INFO - 
  [22/49] La Quebecoise (Course: Les Pizzas Spécialités)
2025-11-18 14:35:05,275 - INFO -     DB Dish ID: 171609, V2 Dish ID: 9323
2025-11-18 14:35:05,277 - INFO -     No modifiers found for this dish
2025-11-18 14:35:05,277 - INFO - 
  [23/49] La Meat Lover (Course: Les Pizzas Spécialités)
2025-11-18 14:35:05,277 - INFO -     DB Dish ID: 171610, V2 Dish ID: 9324
2025-11-18 14:35:05,278 - INFO -     No modifiers found for this dish
2025-11-18 14:35:05,278 - INFO - 
  [24/49] Nachos fromage (Course: Les Nachos)
2025-11-18 14:35:05,278 - INFO -     DB Dish ID: 171611, V2 Dish ID: 9325
2025-11-18 14:35:05,280 - INFO -     No modifiers found for this dish
2025-11-18 14:35:05,280 - INFO - 
  [25/49] Nachos légumes (Course: Les Nachos)
2025-11-18 14:35:05,280 - INFO -     DB Dish ID: 171612, V2 Dish ID: 9326
2025-11-18 14:35:05,281 - INFO -     No modifiers found for this dish
2025-11-18 14:35:05,281 - INFO - 
  [26/49] Nachos Chicco (Course: Les Nachos)
2025-11-18 14:35:05,281 - INFO -     DB Dish ID: 171613, V2 Dish ID: 9327
2025-11-18 14:35:05,285 - INFO -     No modifiers found for this dish
2025-11-18 14:35:05,285 - INFO - 
  [27/49] Club Sandwich (Course: Club sandwich)
2025-11-18 14:35:05,285 - INFO -     DB Dish ID: 171614, V2 Dish ID: 9328
2025-11-18 14:35:05,288 - INFO -     No modifiers found for this dish
2025-11-18 14:35:05,289 - INFO - 
  [28/49] Club Poutine (Course: Club sandwich)
2025-11-18 14:35:05,289 - INFO -     DB Dish ID: 171615, V2 Dish ID: 9329
2025-11-18 14:35:05,291 - INFO -     No modifiers found for this dish
2025-11-18 14:35:05,291 - INFO - 
  [29/49] Steak Sub (Course: Sous-Marins)
2025-11-18 14:35:05,291 - INFO -     DB Dish ID: 171616, V2 Dish ID: 9330
2025-11-18 14:35:05,295 - INFO -     No modifiers found for this dish
2025-11-18 14:35:05,295 - INFO - 
  [30/49] Pizza Sub (Course: Sous-Marins)
2025-11-18 14:35:05,295 - INFO -     DB Dish ID: 171617, V2 Dish ID: 9331
2025-11-18 14:35:05,297 - INFO -     No modifiers found for this dish
2025-11-18 14:35:05,297 - INFO - 
  [31/49] Club Sub (Course: Sous-Marins)
2025-11-18 14:35:05,297 - INFO -     DB Dish ID: 171618, V2 Dish ID: 9332
2025-11-18 14:35:05,299 - INFO -     No modifiers found for this dish
2025-11-18 14:35:05,299 - INFO - 
  [32/49] Jambon Fromage Sub (Course: Sous-Marins)
2025-11-18 14:35:05,299 - INFO -     DB Dish ID: 171619, V2 Dish ID: 9333
2025-11-18 14:35:05,302 - INFO -     No modifiers found for this dish
2025-11-18 14:35:05,302 - INFO - 
  [33/49] Frites (Course: Les à Cotés)
2025-11-18 14:35:05,303 - INFO -     DB Dish ID: 171620, V2 Dish ID: 9334
2025-11-18 14:35:05,304 - INFO -     No modifiers found for this dish
2025-11-18 14:35:05,304 - INFO - 
  [34/49] Rondelles d’oignons (Course: Les à Cotés)
2025-11-18 14:35:05,304 - INFO -     DB Dish ID: 171621, V2 Dish ID: 9335
2025-11-18 14:35:05,306 - INFO -     No modifiers found for this dish
2025-11-18 14:35:05,306 - INFO - 
  [35/49] Bâtonnets de fromage (Course: Les à Cotés)
2025-11-18 14:35:05,306 - INFO -     DB Dish ID: 171622, V2 Dish ID: 9336
2025-11-18 14:35:05,309 - INFO -     No modifiers found for this dish
2025-11-18 14:35:05,309 - INFO - 
  [36/49] Zucchini (Course: Les à Cotés)
2025-11-18 14:35:05,309 - INFO -     DB Dish ID: 171623, V2 Dish ID: 9337
2025-11-18 14:35:05,312 - INFO -     No modifiers found for this dish
2025-11-18 14:35:05,312 - INFO - 
  [37/49] Poutine (Course: Les à Cotés)
2025-11-18 14:35:05,312 - INFO -     DB Dish ID: 171624, V2 Dish ID: 9338
2025-11-18 14:35:05,313 - INFO -     No modifiers found for this dish
2025-11-18 14:35:05,313 - INFO - 
  [38/49] Poutine Poulet (Course: Les à Cotés)
2025-11-18 14:35:05,313 - INFO -     DB Dish ID: 171625, V2 Dish ID: 9339
2025-11-18 14:35:05,317 - INFO -     No modifiers found for this dish
2025-11-18 14:35:05,317 - INFO - 
  [39/49] Salade César (Course: Les à Cotés)
2025-11-18 14:35:05,317 - INFO -     DB Dish ID: 171626, V2 Dish ID: 9340
2025-11-18 14:35:05,319 - INFO -     No modifiers found for this dish
2025-11-18 14:35:05,319 - INFO - 
  [40/49] Ailes de poulet (Course: Les à Cotés)
2025-11-18 14:35:05,319 - INFO -     DB Dish ID: 171627, V2 Dish ID: 9341
2025-11-18 14:35:05,321 - INFO -     No modifiers found for this dish
2025-11-18 14:35:05,321 - INFO - 
  [41/49] Trempettes (Course: Les à Cotés)
2025-11-18 14:35:05,321 - INFO -     DB Dish ID: 171628, V2 Dish ID: 9342
2025-11-18 14:35:05,324 - INFO -     No modifiers found for this dish
2025-11-18 14:35:05,324 - INFO - 
  [42/49] Pizza Nutella (Course: Desserts)
2025-11-18 14:35:05,324 - INFO -     DB Dish ID: 171629, V2 Dish ID: 9343
2025-11-18 14:35:05,326 - INFO -     No modifiers found for this dish
2025-11-18 14:35:05,326 - INFO - 
  [43/49] Pepsi (Course: Breuvages)
2025-11-18 14:35:05,326 - INFO -     DB Dish ID: 171630, V2 Dish ID: 9344
2025-11-18 14:35:05,328 - INFO -     No modifiers found for this dish
2025-11-18 14:35:05,328 - INFO - 
  [44/49] Diet Pepsi (Course: Breuvages)
2025-11-18 14:35:05,328 - INFO -     DB Dish ID: 171631, V2 Dish ID: 9345
2025-11-18 14:35:05,331 - INFO -     No modifiers found for this dish
2025-11-18 14:35:05,331 - INFO - 
  [45/49] Mug Root Beer (Course: Breuvages)
2025-11-18 14:35:05,331 - INFO -     DB Dish ID: 171632, V2 Dish ID: 9346
2025-11-18 14:35:05,334 - INFO -     No modifiers found for this dish
2025-11-18 14:35:05,334 - INFO - 
  [46/49] Orange Crush (Course: Breuvages)
2025-11-18 14:35:05,334 - INFO -     DB Dish ID: 171633, V2 Dish ID: 9347
2025-11-18 14:35:05,337 - INFO -     No modifiers found for this dish
2025-11-18 14:35:05,337 - INFO - 
  [47/49] 7 Up (Course: Breuvages)
2025-11-18 14:35:05,337 - INFO -     DB Dish ID: 171634, V2 Dish ID: 9348
2025-11-18 14:35:05,339 - INFO -     No modifiers found for this dish
2025-11-18 14:35:05,339 - INFO - 
  [48/49] Dr.Pepper (Course: Breuvages)
2025-11-18 14:35:05,339 - INFO -     DB Dish ID: 171635, V2 Dish ID: 9349
2025-11-18 14:35:05,342 - INFO -     No modifiers found for this dish
2025-11-18 14:35:05,342 - INFO - 
  [49/49] Eau (Course: Breuvages)
2025-11-18 14:35:05,342 - INFO -     DB Dish ID: 171636, V2 Dish ID: 9350
2025-11-18 14:35:05,344 - INFO -     No modifiers found for this dish
2025-11-18 14:35:05,345 - INFO -   JSON saved: restaurant_967_modifiers.json
2025-11-18 14:35:05,345 - INFO - 
================================================================================
2025-11-18 14:35:05,345 - INFO - [9/10] PROCESSING: Pizza Marie
2025-11-18 14:35:05,345 - INFO - ================================================================================
2025-11-18 14:35:05,345 - INFO - DB ID: 976
2025-11-18 14:35:05,738 - INFO - Found 50 dishes to process
2025-11-18 14:35:05,738 - INFO - V2 Restaurant ID: 1673
2025-11-18 14:35:05,738 - INFO - 
  [1/50] 2 Large Pizza Special (Course: Specials)
2025-11-18 14:35:05,738 - INFO -     DB Dish ID: 171637, V2 Dish ID: 10100
2025-11-18 14:35:05,740 - INFO -     No modifiers found for this dish
2025-11-18 14:35:05,740 - INFO - 
  [2/50] 2 Medium Pizzas Special (Course: Specials)
2025-11-18 14:35:05,740 - INFO -     DB Dish ID: 171638, V2 Dish ID: 10099
2025-11-18 14:35:05,741 - INFO -     No modifiers found for this dish
2025-11-18 14:35:05,741 - INFO - 
  [3/50] Fries (Course: Canadian Food)
2025-11-18 14:35:05,741 - INFO -     DB Dish ID: 171639, V2 Dish ID: 10068
2025-11-18 14:35:05,743 - INFO -     No modifiers found for this dish
2025-11-18 14:35:05,743 - INFO - 
  [4/50] Poutine (Course: Canadian Food)
2025-11-18 14:35:05,743 - INFO -     DB Dish ID: 171640, V2 Dish ID: 10069
2025-11-18 14:35:05,744 - INFO -     No modifiers found for this dish
2025-11-18 14:35:05,744 - INFO - 
  [5/50] Bacon Poutine (Course: Canadian Food)
2025-11-18 14:35:05,744 - INFO -     DB Dish ID: 171641, V2 Dish ID: 10070
2025-11-18 14:35:05,745 - INFO -     No modifiers found for this dish
2025-11-18 14:35:05,745 - INFO - 
  [6/50] Chicken Wings (Course: Canadian Food)
2025-11-18 14:35:05,745 - INFO -     DB Dish ID: 171642, V2 Dish ID: 10071
2025-11-18 14:35:05,747 - INFO -     No modifiers found for this dish
2025-11-18 14:35:05,747 - INFO - 
  [7/50] Zucchini (10) (Course: Canadian Food)
2025-11-18 14:35:05,747 - INFO -     DB Dish ID: 171643, V2 Dish ID: 10072
2025-11-18 14:35:05,749 - INFO -     No modifiers found for this dish
2025-11-18 14:35:05,749 - INFO - 
  [8/50] Cheese Sticks (6) (Course: Canadian Food)
2025-11-18 14:35:05,749 - INFO -     DB Dish ID: 171644, V2 Dish ID: 10073
2025-11-18 14:35:05,750 - INFO -     No modifiers found for this dish
2025-11-18 14:35:05,750 - INFO - 
  [9/50] Onion Rings (Course: Canadian Food)
2025-11-18 14:35:05,750 - INFO -     DB Dish ID: 171645, V2 Dish ID: 10074
2025-11-18 14:35:05,751 - INFO -     No modifiers found for this dish
2025-11-18 14:35:05,751 - INFO - 
  [10/50] Spaghetti (Course: Italian Food)
2025-11-18 14:35:05,751 - INFO -     DB Dish ID: 171646, V2 Dish ID: 10062
2025-11-18 14:35:05,752 - INFO -     No modifiers found for this dish
2025-11-18 14:35:05,753 - INFO - 
  [11/50] Lasagna (Course: Italian Food)
2025-11-18 14:35:05,753 - INFO -     DB Dish ID: 171647, V2 Dish ID: 10063
2025-11-18 14:35:05,754 - INFO -     No modifiers found for this dish
2025-11-18 14:35:05,754 - INFO - 
  [12/50] Combination Spaghetti (Course: Italian Food)
2025-11-18 14:35:05,754 - INFO -     DB Dish ID: 171648, V2 Dish ID: 10064
2025-11-18 14:35:05,755 - INFO -     No modifiers found for this dish
2025-11-18 14:35:05,755 - INFO - 
  [13/50] Combination Lasagna (Course: Italian Food)
2025-11-18 14:35:05,755 - INFO -     DB Dish ID: 171649, V2 Dish ID: 10065
2025-11-18 14:35:05,757 - INFO -     No modifiers found for this dish
2025-11-18 14:35:05,757 - INFO - 
  [14/50] Garlic Bread (Course: Italian Food)
2025-11-18 14:35:05,757 - INFO -     DB Dish ID: 171650, V2 Dish ID: 10066
2025-11-18 14:35:05,758 - INFO -     No modifiers found for this dish
2025-11-18 14:35:05,758 - INFO - 
  [15/50] Garlic Cheese Bread (Course: Italian Food)
2025-11-18 14:35:05,758 - INFO -     DB Dish ID: 171651, V2 Dish ID: 10067
2025-11-18 14:35:05,760 - INFO -     No modifiers found for this dish
2025-11-18 14:35:05,760 - INFO - 
  [16/50] Pepperoni Sub (Course: Subs)
2025-11-18 14:35:05,760 - INFO -     DB Dish ID: 171652, V2 Dish ID: 10052
2025-11-18 14:35:05,762 - INFO -     No modifiers found for this dish
2025-11-18 14:35:05,762 - INFO - 
  [17/50] Ham Sub (Course: Subs)
2025-11-18 14:35:05,762 - INFO -     DB Dish ID: 171653, V2 Dish ID: 10053
2025-11-18 14:35:05,763 - INFO -     No modifiers found for this dish
2025-11-18 14:35:05,763 - INFO - 
  [18/50] Roast Beef Sub (Course: Subs)
2025-11-18 14:35:05,763 - INFO -     DB Dish ID: 171654, V2 Dish ID: 10054
2025-11-18 14:35:05,765 - INFO -     No modifiers found for this dish
2025-11-18 14:35:05,765 - INFO - 
  [19/50] Steak Marie Special Sub (Course: Subs)
2025-11-18 14:35:05,765 - INFO -     DB Dish ID: 171655, V2 Dish ID: 10055
2025-11-18 14:35:05,767 - INFO -     No modifiers found for this dish
2025-11-18 14:35:05,767 - INFO - 
  [20/50] Combination Sub (Course: Subs)
2025-11-18 14:35:05,767 - INFO -     DB Dish ID: 171656, V2 Dish ID: 10056
2025-11-18 14:35:05,768 - INFO -     No modifiers found for this dish
2025-11-18 14:35:05,768 - INFO - 
  [21/50] Steak and Pepperoni Sub (Course: Subs)
2025-11-18 14:35:05,768 - INFO -     DB Dish ID: 171657, V2 Dish ID: 10057
2025-11-18 14:35:05,770 - INFO -     No modifiers found for this dish
2025-11-18 14:35:05,770 - INFO - 
  [22/50] Pizza Sub (Course: Subs)
2025-11-18 14:35:05,770 - INFO -     DB Dish ID: 171658, V2 Dish ID: 10058
2025-11-18 14:35:05,772 - INFO -     No modifiers found for this dish
2025-11-18 14:35:05,772 - INFO - 
  [23/50] Chicken BBQ Sub (Course: Subs)
2025-11-18 14:35:05,772 - INFO -     DB Dish ID: 171659, V2 Dish ID: 10059
2025-11-18 14:35:05,774 - INFO -     No modifiers found for this dish
2025-11-18 14:35:05,774 - INFO - 
  [24/50] Chicken Teriyaki Sub (Course: Subs)
2025-11-18 14:35:05,774 - INFO -     DB Dish ID: 171660, V2 Dish ID: 10060
2025-11-18 14:35:05,775 - INFO -     No modifiers found for this dish
2025-11-18 14:35:05,775 - INFO - 
  [25/50] Fried Chicken Sub (Course: Subs)
2025-11-18 14:35:05,775 - INFO -     DB Dish ID: 171661, V2 Dish ID: 10061
2025-11-18 14:35:05,777 - INFO -     No modifiers found for this dish
2025-11-18 14:35:05,777 - INFO - 
  [26/50] Cheese Pizza (Course: Pizza)
2025-11-18 14:35:05,777 - INFO -     DB Dish ID: 171662, V2 Dish ID: 10079
2025-11-18 14:35:05,779 - INFO -     No modifiers found for this dish
2025-11-18 14:35:05,779 - INFO - 
  [27/50] 1 Topping Pizza (Course: Pizza)
2025-11-18 14:35:05,779 - INFO -     DB Dish ID: 171663, V2 Dish ID: 10080
2025-11-18 14:35:05,782 - INFO -     No modifiers found for this dish
2025-11-18 14:35:05,782 - INFO - 
  [28/50] Combination Pizza (Course: Pizza)
2025-11-18 14:35:05,782 - INFO -     DB Dish ID: 171664, V2 Dish ID: 10081
2025-11-18 14:35:05,785 - INFO -     No modifiers found for this dish
2025-11-18 14:35:05,785 - INFO - 
  [29/50] Marie Special Pizza (Course: Pizza)
2025-11-18 14:35:05,785 - INFO -     DB Dish ID: 171665, V2 Dish ID: 10082
2025-11-18 14:35:05,788 - INFO -     No modifiers found for this dish
2025-11-18 14:35:05,788 - INFO - 
  [30/50] Hawaiian Pizza (Course: Pizza)
2025-11-18 14:35:05,788 - INFO -     DB Dish ID: 171666, V2 Dish ID: 10083
2025-11-18 14:35:05,790 - INFO -     No modifiers found for this dish
2025-11-18 14:35:05,790 - INFO - 
  [31/50] Vegetarian Pizza (Course: Pizza)
2025-11-18 14:35:05,790 - INFO -     DB Dish ID: 171667, V2 Dish ID: 10084
2025-11-18 14:35:05,793 - INFO -     No modifiers found for this dish
2025-11-18 14:35:05,793 - INFO - 
  [32/50] Seafood Pizza (Course: Pizza)
2025-11-18 14:35:05,793 - INFO -     DB Dish ID: 171668, V2 Dish ID: 10085
2025-11-18 14:35:05,795 - INFO -     No modifiers found for this dish
2025-11-18 14:35:05,795 - INFO - 
  [33/50] Greek Pizza (Course: Pizza)
2025-11-18 14:35:05,795 - INFO -     DB Dish ID: 171669, V2 Dish ID: 10086
2025-11-18 14:35:05,798 - INFO -     No modifiers found for this dish
2025-11-18 14:35:05,798 - INFO - 
  [34/50] Marie Deluxe Pizza (Course: Pizza)
2025-11-18 14:35:05,799 - INFO -     DB Dish ID: 171670, V2 Dish ID: 10087
2025-11-18 14:35:05,801 - INFO -     No modifiers found for this dish
2025-11-18 14:35:05,801 - INFO - 
  [35/50] Meat Lovers Pizza (Course: Pizza)
2025-11-18 14:35:05,801 - INFO -     DB Dish ID: 171671, V2 Dish ID: 10088
2025-11-18 14:35:05,809 - INFO -     No modifiers found for this dish
2025-11-18 14:35:05,809 - INFO - 
  [36/50] Chicken Pizza (Course: Pizza)
2025-11-18 14:35:05,809 - INFO -     DB Dish ID: 171672, V2 Dish ID: 10089
2025-11-18 14:35:05,812 - INFO -     No modifiers found for this dish
2025-11-18 14:35:05,813 - INFO - 
  [37/50] Dipping Sauces (Course: Pizza)
2025-11-18 14:35:05,813 - INFO -     DB Dish ID: 171673, V2 Dish ID: 10348
2025-11-18 14:35:05,817 - INFO -     No modifiers found for this dish
2025-11-18 14:35:05,817 - INFO - 
  [38/50] Marie Special Salad (Course: Salads)
2025-11-18 14:35:05,817 - INFO -     DB Dish ID: 171674, V2 Dish ID: 10075
2025-11-18 14:35:05,820 - INFO -     No modifiers found for this dish
2025-11-18 14:35:05,820 - INFO - 
  [39/50] Caesar Salad (Course: Salads)
2025-11-18 14:35:05,820 - INFO -     DB Dish ID: 171675, V2 Dish ID: 10076
2025-11-18 14:35:05,823 - INFO -     No modifiers found for this dish
2025-11-18 14:35:05,824 - INFO - 
  [40/50] Greek Salad (Course: Salads)
2025-11-18 14:35:05,824 - INFO -     DB Dish ID: 171676, V2 Dish ID: 10077
2025-11-18 14:35:05,826 - INFO -     No modifiers found for this dish
2025-11-18 14:35:05,826 - INFO - 
  [41/50] Chicken Caesar Salad (Course: Salads)
2025-11-18 14:35:05,826 - INFO -     DB Dish ID: 171677, V2 Dish ID: 10078
2025-11-18 14:35:05,828 - INFO -     No modifiers found for this dish
2025-11-18 14:35:05,828 - INFO - 
  [42/50] Pepsi (Course: Drinks)
2025-11-18 14:35:05,828 - INFO -     DB Dish ID: 171678, V2 Dish ID: 10090
2025-11-18 14:35:05,831 - INFO -     No modifiers found for this dish
2025-11-18 14:35:05,831 - INFO - 
  [43/50] Coke (Course: Drinks)
2025-11-18 14:35:05,831 - INFO -     DB Dish ID: 171679, V2 Dish ID: 10091
2025-11-18 14:35:05,834 - INFO -     No modifiers found for this dish
2025-11-18 14:35:05,834 - INFO - 
  [44/50] Diet Coke (Course: Drinks)
2025-11-18 14:35:05,834 - INFO -     DB Dish ID: 171680, V2 Dish ID: 10092
2025-11-18 14:35:05,836 - INFO -     No modifiers found for this dish
2025-11-18 14:35:05,836 - INFO - 
  [45/50] Diet Pepsi (Course: Drinks)
2025-11-18 14:35:05,836 - INFO -     DB Dish ID: 171681, V2 Dish ID: 10093
2025-11-18 14:35:05,838 - INFO -     No modifiers found for this dish
2025-11-18 14:35:05,838 - INFO - 
  [46/50] Coke Zero (Course: Drinks)
2025-11-18 14:35:05,838 - INFO -     DB Dish ID: 171682, V2 Dish ID: 10094
2025-11-18 14:35:05,841 - INFO -     No modifiers found for this dish
2025-11-18 14:35:05,841 - INFO - 
  [47/50] 7 Up (Course: Drinks)
2025-11-18 14:35:05,841 - INFO -     DB Dish ID: 171683, V2 Dish ID: 10095
2025-11-18 14:35:05,844 - INFO -     No modifiers found for this dish
2025-11-18 14:35:05,844 - INFO - 
  [48/50] Orange Crush (Course: Drinks)
2025-11-18 14:35:05,844 - INFO -     DB Dish ID: 171684, V2 Dish ID: 10096
2025-11-18 14:35:05,845 - INFO -     No modifiers found for this dish
2025-11-18 14:35:05,845 - INFO - 
  [49/50] Iced Tea (Course: Drinks)
2025-11-18 14:35:05,845 - INFO -     DB Dish ID: 171685, V2 Dish ID: 10097
2025-11-18 14:35:05,849 - INFO -     No modifiers found for this dish
2025-11-18 14:35:05,849 - INFO - 
  [50/50] Bottled Water (Course: Drinks)
2025-11-18 14:35:05,849 - INFO -     DB Dish ID: 171686, V2 Dish ID: 10098
2025-11-18 14:35:05,852 - INFO -     No modifiers found for this dish
2025-11-18 14:35:05,852 - INFO -   JSON saved: restaurant_976_modifiers.json
2025-11-18 14:35:05,852 - INFO - 
================================================================================
2025-11-18 14:35:05,852 - INFO - [10/10] PROCESSING: Sushi Presse
2025-11-18 14:35:05,852 - INFO - ================================================================================
2025-11-18 14:35:05,852 - INFO - DB ID: 1020
2025-11-18 14:35:06,237 - INFO - Found 166 dishes to process
2025-11-18 14:35:06,237 - INFO - V2 Restaurant ID: 1285
2025-11-18 14:35:06,237 - INFO - 
  [1/166] Alibaba (Course: Latest)
2025-11-18 14:35:06,237 - INFO -     DB Dish ID: 170723, V2 Dish ID: 7034
2025-11-18 14:35:06,239 - INFO -     No modifiers found for this dish
2025-11-18 14:35:06,239 - INFO - 
  [2/166] Piranha (Course: Latest)
2025-11-18 14:35:06,239 - INFO -     DB Dish ID: 170724, V2 Dish ID: 7035
2025-11-18 14:35:06,241 - INFO -     No modifiers found for this dish
2025-11-18 14:35:06,241 - INFO - 
  [3/166] TransFormer (Course: Latest)
2025-11-18 14:35:06,241 - INFO -     DB Dish ID: 170725, V2 Dish ID: 7036
2025-11-18 14:35:06,242 - INFO -     No modifiers found for this dish
2025-11-18 14:35:06,242 - INFO - 
  [4/166] Spiderman (Course: Latest)
2025-11-18 14:35:06,243 - INFO -     DB Dish ID: 170726, V2 Dish ID: 7037
2025-11-18 14:35:06,244 - INFO -     No modifiers found for this dish
2025-11-18 14:35:06,244 - INFO - 
  [5/166] Hell-Boy (Course: Latest)
2025-11-18 14:35:06,244 - INFO -     DB Dish ID: 170727, V2 Dish ID: 7038
2025-11-18 14:35:06,245 - INFO -     No modifiers found for this dish
2025-11-18 14:35:06,245 - INFO - 
  [6/166] Frozen (Course: Latest)
2025-11-18 14:35:06,245 - INFO -     DB Dish ID: 170728, V2 Dish ID: 7039
2025-11-18 14:35:06,246 - INFO -     No modifiers found for this dish
2025-11-18 14:35:06,246 - INFO - 
  [7/166] Venom (Course: Latest)
2025-11-18 14:35:06,246 - INFO -     DB Dish ID: 170729, V2 Dish ID: 7040
2025-11-18 14:35:06,248 - INFO -     No modifiers found for this dish
2025-11-18 14:35:06,248 - INFO - 
  [8/166] Lobster DeLux (Course: Latest)
2025-11-18 14:35:06,248 - INFO -     DB Dish ID: 170730, V2 Dish ID: 7041
2025-11-18 14:35:06,254 - INFO -     No modifiers found for this dish
2025-11-18 14:35:06,254 - INFO - 
  [9/166] Shrimp Tempura (Course: Chef's Specialties)
2025-11-18 14:35:06,254 - INFO -     DB Dish ID: 170731, V2 Dish ID: 7042
2025-11-18 14:35:06,258 - INFO -     No modifiers found for this dish
2025-11-18 14:35:06,258 - INFO - 
  [10/166] Ebi Tempura Maki (Course: Chef's Specialties)
2025-11-18 14:35:06,258 - INFO -     DB Dish ID: 170732, V2 Dish ID: 7043
2025-11-18 14:35:06,260 - INFO -     No modifiers found for this dish
2025-11-18 14:35:06,260 - INFO - 
  [11/166] Tiger Eye (Course: Chef's Specialties)
2025-11-18 14:35:06,260 - INFO -     DB Dish ID: 170733, V2 Dish ID: 7044
2025-11-18 14:35:06,261 - INFO -     No modifiers found for this dish
2025-11-18 14:35:06,261 - INFO - 
  [12/166] Dragon Eye (Course: Chef's Specialties)
2025-11-18 14:35:06,261 - INFO -     DB Dish ID: 170734, V2 Dish ID: 7045
2025-11-18 14:35:06,262 - INFO -     No modifiers found for this dish
2025-11-18 14:35:06,262 - INFO - 
  [13/166] Pizza Sushi with Seafood (Course: Chef's Specialties)
2025-11-18 14:35:06,262 - INFO -     DB Dish ID: 170735, V2 Dish ID: 7046
2025-11-18 14:35:06,264 - INFO -     No modifiers found for this dish
2025-11-18 14:35:06,264 - INFO - 
  [14/166] Pizza Sushi with Smoked Salmon (Course: Chef's Specialties)
2025-11-18 14:35:06,264 - INFO -     DB Dish ID: 170736, V2 Dish ID: 7047
2025-11-18 14:35:06,265 - INFO -     No modifiers found for this dish
2025-11-18 14:35:06,265 - INFO - 
  [15/166] The Sun (Course: Chef's Specialties)
2025-11-18 14:35:06,265 - INFO -     DB Dish ID: 170737, V2 Dish ID: 7048
2025-11-18 14:35:06,266 - INFO -     No modifiers found for this dish
2025-11-18 14:35:06,266 - INFO - 
  [16/166] Dragon Ballz (Course: Chef's Specialties)
2025-11-18 14:35:06,266 - INFO -     DB Dish ID: 170738, V2 Dish ID: 7049
2025-11-18 14:35:06,268 - INFO -     No modifiers found for this dish
2025-11-18 14:35:06,268 - INFO - 
  [17/166] Vege Pizza (Course: Chef's Specialties)
2025-11-18 14:35:06,268 - INFO -     DB Dish ID: 170739, V2 Dish ID: 9626
2025-11-18 14:35:06,270 - INFO -     No modifiers found for this dish
2025-11-18 14:35:06,270 - INFO - 
  [18/166] Madame 5 (Course: Chef's Specialties)
2025-11-18 14:35:06,270 - INFO -     DB Dish ID: 170740, V2 Dish ID: 7050
2025-11-18 14:35:06,272 - INFO -     No modifiers found for this dish
2025-11-18 14:35:06,272 - INFO - 
  [19/166] Scallop Tempura Maki (Course: Chef's Specialties)
2025-11-18 14:35:06,272 - INFO -     DB Dish ID: 170741, V2 Dish ID: 7051
2025-11-18 14:35:06,273 - INFO -     No modifiers found for this dish
2025-11-18 14:35:06,273 - INFO - 
  [20/166] La Perle D'orient (Course: Chef's Specialties)
2025-11-18 14:35:06,273 - INFO -     DB Dish ID: 170742, V2 Dish ID: 7052
2025-11-18 14:35:06,275 - INFO -     No modifiers found for this dish
2025-11-18 14:35:06,275 - INFO - 
  [21/166] Lobster Pizza (Course: Chef's Specialties)
2025-11-18 14:35:06,275 - INFO -     DB Dish ID: 170743, V2 Dish ID: 7053
2025-11-18 14:35:06,276 - INFO -     No modifiers found for this dish
2025-11-18 14:35:06,276 - INFO - 
  [22/166] 01. Kunsei (Course: Nigiri / Sashimi)
2025-11-18 14:35:06,276 - INFO -     DB Dish ID: 170744, V2 Dish ID: 7054
2025-11-18 14:35:06,278 - INFO -     No modifiers found for this dish
2025-11-18 14:35:06,278 - INFO - 
  [23/166] 02. Syake (Course: Nigiri / Sashimi)
2025-11-18 14:35:06,278 - INFO -     DB Dish ID: 170745, V2 Dish ID: 7055
2025-11-18 14:35:06,280 - INFO -     No modifiers found for this dish
2025-11-18 14:35:06,280 - INFO - 
  [24/166] 03. Tai (Course: Nigiri / Sashimi)
2025-11-18 14:35:06,280 - INFO -     DB Dish ID: 170746, V2 Dish ID: 7056
2025-11-18 14:35:06,281 - INFO -     No modifiers found for this dish
2025-11-18 14:35:06,281 - INFO - 
  [25/166] 04. Ebi (Course: Nigiri / Sashimi)
2025-11-18 14:35:06,281 - INFO -     DB Dish ID: 170747, V2 Dish ID: 7057
2025-11-18 14:35:06,283 - INFO -     No modifiers found for this dish
2025-11-18 14:35:06,283 - INFO - 
  [26/166] 05. Inari (Course: Nigiri / Sashimi)
2025-11-18 14:35:06,283 - INFO -     DB Dish ID: 170748, V2 Dish ID: 7058
2025-11-18 14:35:06,286 - INFO -     No modifiers found for this dish
2025-11-18 14:35:06,286 - INFO - 
  [27/166] 06. Maguro (Course: Nigiri / Sashimi)
2025-11-18 14:35:06,286 - INFO -     DB Dish ID: 170749, V2 Dish ID: 7059
2025-11-18 14:35:06,288 - INFO -     No modifiers found for this dish
2025-11-18 14:35:06,288 - INFO - 
  [28/166] 07. Unagi (Course: Nigiri / Sashimi)
2025-11-18 14:35:06,288 - INFO -     DB Dish ID: 170750, V2 Dish ID: 7060
2025-11-18 14:35:06,290 - INFO -     No modifiers found for this dish
2025-11-18 14:35:06,290 - INFO - 
  [29/166] 08. Hotategai (Course: Nigiri / Sashimi)
2025-11-18 14:35:06,290 - INFO -     DB Dish ID: 170751, V2 Dish ID: 7061
2025-11-18 14:35:06,293 - INFO -     No modifiers found for this dish
2025-11-18 14:35:06,293 - INFO - 
  [30/166] 09. Kani-Kama (Course: Nigiri / Sashimi)
2025-11-18 14:35:06,293 - INFO -     DB Dish ID: 170752, V2 Dish ID: 7062
2025-11-18 14:35:06,295 - INFO -     No modifiers found for this dish
2025-11-18 14:35:06,295 - INFO - 
  [31/166] 10. Tamago (Course: Nigiri / Sashimi)
2025-11-18 14:35:06,295 - INFO -     DB Dish ID: 170753, V2 Dish ID: 7063
2025-11-18 14:35:06,297 - INFO -     No modifiers found for this dish
2025-11-18 14:35:06,297 - INFO - 
  [32/166] 11. Tobiko (Course: Nigiri / Sashimi)
2025-11-18 14:35:06,297 - INFO -     DB Dish ID: 170754, V2 Dish ID: 7064
2025-11-18 14:35:06,300 - INFO -     No modifiers found for this dish
2025-11-18 14:35:06,300 - INFO - 
  [33/166] 12. Massago (Course: Nigiri / Sashimi)
2025-11-18 14:35:06,300 - INFO -     DB Dish ID: 170755, V2 Dish ID: 7065
2025-11-18 14:35:06,304 - INFO -     No modifiers found for this dish
2025-11-18 14:35:06,304 - INFO - 
  [34/166] 13. Syake Tempura (Course: Nigiri / Sashimi)
2025-11-18 14:35:06,304 - INFO -     DB Dish ID: 170756, V2 Dish ID: 7066
2025-11-18 14:35:06,309 - INFO -     No modifiers found for this dish
2025-11-18 14:35:06,309 - INFO - 
  [35/166] 14. Maguro Tempura (Course: Nigiri / Sashimi)
2025-11-18 14:35:06,309 - INFO -     DB Dish ID: 170757, V2 Dish ID: 7070
2025-11-18 14:35:06,311 - INFO -     No modifiers found for this dish
2025-11-18 14:35:06,311 - INFO - 
  [36/166] 15. Hotategai Tempura (Course: Nigiri / Sashimi)
2025-11-18 14:35:06,311 - INFO -     DB Dish ID: 170758, V2 Dish ID: 7067
2025-11-18 14:35:06,313 - INFO -     No modifiers found for this dish
2025-11-18 14:35:06,313 - INFO - 
  [37/166] 16. Crab Tempura (Course: Nigiri / Sashimi)
2025-11-18 14:35:06,313 - INFO -     DB Dish ID: 170759, V2 Dish ID: 7068
2025-11-18 14:35:06,317 - INFO -     No modifiers found for this dish
2025-11-18 14:35:06,317 - INFO - 
  [38/166] 17. Shrimp Tempura (Course: Nigiri / Sashimi)
2025-11-18 14:35:06,318 - INFO -     DB Dish ID: 170760, V2 Dish ID: 7069
2025-11-18 14:35:06,320 - INFO -     No modifiers found for this dish
2025-11-18 14:35:06,320 - INFO - 
  [39/166] 18. Kappa Maki (Course: Hosomakis)
2025-11-18 14:35:06,320 - INFO -     DB Dish ID: 170761, V2 Dish ID: 7071
2025-11-18 14:35:06,323 - INFO -     No modifiers found for this dish
2025-11-18 14:35:06,323 - INFO - 
  [40/166] 19. Avocado Maki (Course: Hosomakis)
2025-11-18 14:35:06,323 - INFO -     DB Dish ID: 170762, V2 Dish ID: 7072
2025-11-18 14:35:06,325 - INFO -     No modifiers found for this dish
2025-11-18 14:35:06,325 - INFO - 
  [41/166] 20. Tofu Maki (Course: Hosomakis)
2025-11-18 14:35:06,325 - INFO -     DB Dish ID: 170763, V2 Dish ID: 7073
2025-11-18 14:35:06,328 - INFO -     No modifiers found for this dish
2025-11-18 14:35:06,328 - INFO - 
  [42/166] 21. Tamago Maki (Course: Hosomakis)
2025-11-18 14:35:06,329 - INFO -     DB Dish ID: 170764, V2 Dish ID: 7074
2025-11-18 14:35:06,331 - INFO -     No modifiers found for this dish
2025-11-18 14:35:06,331 - INFO - 
  [43/166] 22. Kanikama Maki (Course: Hosomakis)
2025-11-18 14:35:06,331 - INFO -     DB Dish ID: 170765, V2 Dish ID: 7075
2025-11-18 14:35:06,333 - INFO -     No modifiers found for this dish
2025-11-18 14:35:06,333 - INFO - 
  [44/166] 23. Crevette Maki (Course: Hosomakis)
2025-11-18 14:35:06,333 - INFO -     DB Dish ID: 170766, V2 Dish ID: 7076
2025-11-18 14:35:06,338 - INFO -     No modifiers found for this dish
2025-11-18 14:35:06,338 - INFO - 
  [45/166] 24. Crab Maki (Course: Hosomakis)
2025-11-18 14:35:06,338 - INFO -     DB Dish ID: 170767, V2 Dish ID: 7077
2025-11-18 14:35:06,341 - INFO -     No modifiers found for this dish
2025-11-18 14:35:06,341 - INFO - 
  [46/166] 25. Mango Maki (Course: Hosomakis)
2025-11-18 14:35:06,341 - INFO -     DB Dish ID: 170768, V2 Dish ID: 7078
2025-11-18 14:35:06,342 - INFO -     No modifiers found for this dish
2025-11-18 14:35:06,342 - INFO - 
  [47/166] 26. Oshinko Maki (Course: Hosomakis)
2025-11-18 14:35:06,342 - INFO -     DB Dish ID: 170769, V2 Dish ID: 7079
2025-11-18 14:35:06,345 - INFO -     No modifiers found for this dish
2025-11-18 14:35:06,346 - INFO - 
  [48/166] 27. Kunsei Spicy Maki (Course: Hosomakis)
2025-11-18 14:35:06,346 - INFO -     DB Dish ID: 170770, V2 Dish ID: 7080
2025-11-18 14:35:06,348 - INFO -     No modifiers found for this dish
2025-11-18 14:35:06,349 - INFO - 
  [49/166] 28. Syake Spicy Maki (Course: Hosomakis)
2025-11-18 14:35:06,349 - INFO -     DB Dish ID: 170771, V2 Dish ID: 7081
2025-11-18 14:35:06,350 - INFO -     No modifiers found for this dish
2025-11-18 14:35:06,350 - INFO - 
  [50/166] 29. Tekka Spicy Maki (Course: Hosomakis)
2025-11-18 14:35:06,350 - INFO -     DB Dish ID: 170772, V2 Dish ID: 7082
2025-11-18 14:35:06,353 - INFO -     No modifiers found for this dish
2025-11-18 14:35:06,353 - INFO - 
  [51/166] 30. Hotategai Spicy Maki (Course: Hosomakis)
2025-11-18 14:35:06,353 - INFO -     DB Dish ID: 170773, V2 Dish ID: 7083
2025-11-18 14:35:06,358 - INFO -     No modifiers found for this dish
2025-11-18 14:35:06,358 - INFO - 
  [52/166] 31. Tai SpicyMaki (Course: Hosomakis)
2025-11-18 14:35:06,358 - INFO -     DB Dish ID: 170774, V2 Dish ID: 7084
2025-11-18 14:35:06,360 - INFO -     No modifiers found for this dish
2025-11-18 14:35:06,360 - INFO - 
  [53/166] 32. Ika Hoso Maki (Course: Hosomakis)
2025-11-18 14:35:06,360 - INFO -     DB Dish ID: 170775, V2 Dish ID: 7085
2025-11-18 14:35:06,362 - INFO -     No modifiers found for this dish
2025-11-18 14:35:06,362 - INFO - 
  [54/166] 33. Ebi Crunch (Course: Hosomakis)
2025-11-18 14:35:06,362 - INFO -     DB Dish ID: 170776, V2 Dish ID: 9627
2025-11-18 14:35:06,365 - INFO -     No modifiers found for this dish
2025-11-18 14:35:06,365 - INFO - 
  [55/166] 34. Yam Maki (Course: Hosomakis)
2025-11-18 14:35:06,365 - INFO -     DB Dish ID: 170777, V2 Dish ID: 9628
2025-11-18 14:35:06,366 - INFO -     No modifiers found for this dish
2025-11-18 14:35:06,366 - INFO - 
  [56/166] 40. Bomber Man (Course: Maki Rice Paper)
2025-11-18 14:35:06,366 - INFO -     DB Dish ID: 170778, V2 Dish ID: 7086
2025-11-18 14:35:06,370 - INFO -     No modifiers found for this dish
2025-11-18 14:35:06,370 - INFO - 
  [57/166] 41. Bambi (Course: Maki Rice Paper)
2025-11-18 14:35:06,370 - INFO -     DB Dish ID: 170779, V2 Dish ID: 7087
2025-11-18 14:35:06,372 - INFO -     No modifiers found for this dish
2025-11-18 14:35:06,372 - INFO - 
  [58/166] 42. Buddha on Fire (veggie) (Course: Maki Rice Paper)
2025-11-18 14:35:06,372 - INFO -     DB Dish ID: 170780, V2 Dish ID: 7088
2025-11-18 14:35:06,374 - INFO -     No modifiers found for this dish
2025-11-18 14:35:06,374 - INFO - 
  [59/166] 43. Naruto (Course: Maki Rice Paper)
2025-11-18 14:35:06,374 - INFO -     DB Dish ID: 170781, V2 Dish ID: 7089
2025-11-18 14:35:06,377 - INFO -     No modifiers found for this dish
2025-11-18 14:35:06,377 - INFO - 
  [60/166] 44. Mango Tango (Course: Maki Rice Paper)
2025-11-18 14:35:06,377 - INFO -     DB Dish ID: 170782, V2 Dish ID: 7090
2025-11-18 14:35:06,380 - INFO -     No modifiers found for this dish
2025-11-18 14:35:06,380 - INFO - 
  [61/166] 12 Pieces. (Course: Assorted Plates)
2025-11-18 14:35:06,380 - INFO -     DB Dish ID: 170783, V2 Dish ID: 7091
2025-11-18 14:35:06,382 - INFO -     No modifiers found for this dish
2025-11-18 14:35:06,382 - INFO - 
  [62/166] 14 Pieces. (Course: Assorted Plates)
2025-11-18 14:35:06,382 - INFO -     DB Dish ID: 170784, V2 Dish ID: 7092
2025-11-18 14:35:06,386 - INFO -     No modifiers found for this dish
2025-11-18 14:35:06,387 - INFO - 
  [63/166] 16 pieces. (Course: Assorted Plates)
2025-11-18 14:35:06,387 - INFO -     DB Dish ID: 170785, V2 Dish ID: 7093
2025-11-18 14:35:06,389 - INFO -     No modifiers found for this dish
2025-11-18 14:35:06,389 - INFO - 
  [64/166] 20 Pieces. (Course: Assorted Plates)
2025-11-18 14:35:06,389 - INFO -     DB Dish ID: 170786, V2 Dish ID: 7094
2025-11-18 14:35:06,392 - INFO -     No modifiers found for this dish
2025-11-18 14:35:06,393 - INFO - 
  [65/166] 28 Pieces. (Course: Assorted Plates)
2025-11-18 14:35:06,393 - INFO -     DB Dish ID: 170787, V2 Dish ID: 7095
2025-11-18 14:35:06,396 - INFO -     No modifiers found for this dish
2025-11-18 14:35:06,396 - INFO - 
  [66/166] 36 Pieces. (Course: Assorted Plates)
2025-11-18 14:35:06,396 - INFO -     DB Dish ID: 170788, V2 Dish ID: 7096
2025-11-18 14:35:06,398 - INFO -     No modifiers found for this dish
2025-11-18 14:35:06,399 - INFO - 
  [67/166] 47 Pieces. (Course: Assorted Plates)
2025-11-18 14:35:06,399 - INFO -     DB Dish ID: 170789, V2 Dish ID: 7097
2025-11-18 14:35:06,402 - INFO -     No modifiers found for this dish
2025-11-18 14:35:06,403 - INFO - 
  [68/166] 58 Pieces. (Course: Assorted Plates)
2025-11-18 14:35:06,403 - INFO -     DB Dish ID: 170790, V2 Dish ID: 7098
2025-11-18 14:35:06,405 - INFO -     No modifiers found for this dish
2025-11-18 14:35:06,405 - INFO - 
  [69/166] 76 Pieces (Course: Assorted Plates)
2025-11-18 14:35:06,405 - INFO -     DB Dish ID: 170791, V2 Dish ID: 7099
2025-11-18 14:35:06,407 - INFO -     No modifiers found for this dish
2025-11-18 14:35:06,407 - INFO - 
  [70/166] 100 pieces. (Course: Assorted Plates)
2025-11-18 14:35:06,407 - INFO -     DB Dish ID: 170792, V2 Dish ID: 7100
2025-11-18 14:35:06,409 - INFO -     No modifiers found for this dish
2025-11-18 14:35:06,409 - INFO - 
  [71/166] 80. Vegetarian (Course: Futomakis)
2025-11-18 14:35:06,409 - INFO -     DB Dish ID: 170793, V2 Dish ID: 7101
2025-11-18 14:35:06,411 - INFO -     No modifiers found for this dish
2025-11-18 14:35:06,411 - INFO - 
  [72/166] 81. California (Course: Futomakis)
2025-11-18 14:35:06,411 - INFO -     DB Dish ID: 170794, V2 Dish ID: 7102
2025-11-18 14:35:06,413 - INFO -     No modifiers found for this dish
2025-11-18 14:35:06,413 - INFO - 
  [73/166] 82. Mexican (Course: Futomakis)
2025-11-18 14:35:06,413 - INFO -     DB Dish ID: 170795, V2 Dish ID: 7103
2025-11-18 14:35:06,415 - INFO -     No modifiers found for this dish
2025-11-18 14:35:06,415 - INFO - 
  [74/166] 83. Spicy Salmon (Course: Futomakis)
2025-11-18 14:35:06,415 - INFO -     DB Dish ID: 170796, V2 Dish ID: 7104
2025-11-18 14:35:06,417 - INFO -     No modifiers found for this dish
2025-11-18 14:35:06,417 - INFO - 
  [75/166] 84. Spicy Tuna (Course: Futomakis)
2025-11-18 14:35:06,417 - INFO -     DB Dish ID: 170797, V2 Dish ID: 7105
2025-11-18 14:35:06,420 - INFO -     No modifiers found for this dish
2025-11-18 14:35:06,420 - INFO - 
  [76/166] 85. Kamikaze Tuna (Course: Futomakis)
2025-11-18 14:35:06,420 - INFO -     DB Dish ID: 170798, V2 Dish ID: 7106
2025-11-18 14:35:06,422 - INFO -     No modifiers found for this dish
2025-11-18 14:35:06,422 - INFO - 
  [77/166] 86. Kamikaze Salmon (Course: Futomakis)
2025-11-18 14:35:06,422 - INFO -     DB Dish ID: 170799, V2 Dish ID: 7107
2025-11-18 14:35:06,426 - INFO -     No modifiers found for this dish
2025-11-18 14:35:06,426 - INFO - 
  [78/166] 87. Boston (Course: Futomakis)
2025-11-18 14:35:06,426 - INFO -     DB Dish ID: 170800, V2 Dish ID: 7108
2025-11-18 14:35:06,431 - INFO -     No modifiers found for this dish
2025-11-18 14:35:06,431 - INFO - 
  [79/166] 88. New York (Course: Futomakis)
2025-11-18 14:35:06,431 - INFO -     DB Dish ID: 170801, V2 Dish ID: 7109
2025-11-18 14:35:06,436 - INFO -     No modifiers found for this dish
2025-11-18 14:35:06,436 - INFO - 
  [80/166] 89. Snow Spider (Course: Futomakis)
2025-11-18 14:35:06,436 - INFO -     DB Dish ID: 170802, V2 Dish ID: 7110
2025-11-18 14:35:06,439 - INFO -     No modifiers found for this dish
2025-11-18 14:35:06,439 - INFO - 
  [81/166] 90. Vege-Moxee (Course: Futomakis)
2025-11-18 14:35:06,439 - INFO -     DB Dish ID: 170803, V2 Dish ID: 7111
2025-11-18 14:35:06,442 - INFO -     No modifiers found for this dish
2025-11-18 14:35:06,442 - INFO - 
  [82/166] 91. Rainbow (Course: Futomakis)
2025-11-18 14:35:06,442 - INFO -     DB Dish ID: 170804, V2 Dish ID: 7112
2025-11-18 14:35:06,445 - INFO -     No modifiers found for this dish
2025-11-18 14:35:06,445 - INFO - 
  [83/166] 92. Eel Wheel (Course: Futomakis)
2025-11-18 14:35:06,445 - INFO -     DB Dish ID: 170805, V2 Dish ID: 7113
2025-11-18 14:35:06,446 - INFO -     No modifiers found for this dish
2025-11-18 14:35:06,446 - INFO - 
  [84/166] 93. Hawaii (Course: Futomakis)
2025-11-18 14:35:06,446 - INFO -     DB Dish ID: 170806, V2 Dish ID: 7114
2025-11-18 14:35:06,450 - INFO -     No modifiers found for this dish
2025-11-18 14:35:06,450 - INFO - 
  [85/166] 94. Chicken Teriyaki (Course: Futomakis)
2025-11-18 14:35:06,450 - INFO -     DB Dish ID: 170807, V2 Dish ID: 7115
2025-11-18 14:35:06,453 - INFO -     No modifiers found for this dish
2025-11-18 14:35:06,453 - INFO - 
  [86/166] 95. Spicy Shrimp (Course: Futomakis)
2025-11-18 14:35:06,453 - INFO -     DB Dish ID: 170808, V2 Dish ID: 7116
2025-11-18 14:35:06,456 - INFO -     No modifiers found for this dish
2025-11-18 14:35:06,456 - INFO - 
  [87/166] 96. Montreal (Course: Futomakis)
2025-11-18 14:35:06,456 - INFO -     DB Dish ID: 170809, V2 Dish ID: 7117
2025-11-18 14:35:06,458 - INFO -     No modifiers found for this dish
2025-11-18 14:35:06,458 - INFO - 
  [88/166] 97. Pacific (Course: Futomakis)
2025-11-18 14:35:06,458 - INFO -     DB Dish ID: 170810, V2 Dish ID: 7118
2025-11-18 14:35:06,460 - INFO -     No modifiers found for this dish
2025-11-18 14:35:06,460 - INFO - 
  [89/166] 98. Foma Roll (Course: Futomakis)
2025-11-18 14:35:06,460 - INFO -     DB Dish ID: 170811, V2 Dish ID: 7119
2025-11-18 14:35:06,463 - INFO -     No modifiers found for this dish
2025-11-18 14:35:06,463 - INFO - 
  [90/166] 99. Moxee (Course: Futomakis)
2025-11-18 14:35:06,463 - INFO -     DB Dish ID: 170812, V2 Dish ID: 7120
2025-11-18 14:35:06,465 - INFO -     No modifiers found for this dish
2025-11-18 14:35:06,465 - INFO - 
  [91/166] 100. Veggie Touki (Course: Futomakis)
2025-11-18 14:35:06,465 - INFO -     DB Dish ID: 170813, V2 Dish ID: 7121
2025-11-18 14:35:06,467 - INFO -     No modifiers found for this dish
2025-11-18 14:35:06,467 - INFO - 
  [92/166] 101. Shrimp Cocktail (Course: Futomakis)
2025-11-18 14:35:06,467 - INFO -     DB Dish ID: 170814, V2 Dish ID: 7122
2025-11-18 14:35:06,470 - INFO -     No modifiers found for this dish
2025-11-18 14:35:06,470 - INFO - 
  [93/166] 102. Kamika Unagi (Course: Futomakis)
2025-11-18 14:35:06,470 - INFO -     DB Dish ID: 170815, V2 Dish ID: 7123
2025-11-18 14:35:06,473 - INFO -     No modifiers found for this dish
2025-11-18 14:35:06,473 - INFO - 
  [94/166] 103. Ika Spicy (Course: Futomakis)
2025-11-18 14:35:06,473 - INFO -     DB Dish ID: 170816, V2 Dish ID: 7124
2025-11-18 14:35:06,483 - INFO -     No modifiers found for this dish
2025-11-18 14:35:06,483 - INFO - 
  [95/166] 104. Picasso (Course: Futomakis)
2025-11-18 14:35:06,483 - INFO -     DB Dish ID: 170817, V2 Dish ID: 7125
2025-11-18 14:35:06,487 - INFO -     No modifiers found for this dish
2025-11-18 14:35:06,487 - INFO - 
  [96/166] 105. Cali in The Night (Course: Futomakis)
2025-11-18 14:35:06,487 - INFO -     DB Dish ID: 170818, V2 Dish ID: 7126
2025-11-18 14:35:06,492 - INFO -     No modifiers found for this dish
2025-11-18 14:35:06,492 - INFO - 
  [97/166] 106. Chef's Roll (Course: Futomakis)
2025-11-18 14:35:06,492 - INFO -     DB Dish ID: 170819, V2 Dish ID: 7127
2025-11-18 14:35:06,494 - INFO -     No modifiers found for this dish
2025-11-18 14:35:06,494 - INFO - 
  [98/166] 107. Kimchi (Course: Futomakis)
2025-11-18 14:35:06,494 - INFO -     DB Dish ID: 170820, V2 Dish ID: 7128
2025-11-18 14:35:06,498 - INFO -     No modifiers found for this dish
2025-11-18 14:35:06,498 - INFO - 
  [99/166] 108. Salmon Teriyaki (Course: Futomakis)
2025-11-18 14:35:06,498 - INFO -     DB Dish ID: 170821, V2 Dish ID: 7129
2025-11-18 14:35:06,500 - INFO -     No modifiers found for this dish
2025-11-18 14:35:06,500 - INFO - 
  [100/166] 109. Yam Vege (Course: Futomakis)
2025-11-18 14:35:06,500 - INFO -     DB Dish ID: 170822, V2 Dish ID: 9629
2025-11-18 14:35:06,502 - INFO -     No modifiers found for this dish
2025-11-18 14:35:06,502 - INFO - 
  [101/166] 50. Sunrise (Course: Makis)
2025-11-18 14:35:06,502 - INFO -     DB Dish ID: 170823, V2 Dish ID: 7130
2025-11-18 14:35:06,504 - INFO -     No modifiers found for this dish
2025-11-18 14:35:06,504 - INFO - 
  [102/166] 51. West Coast (Course: Makis)
2025-11-18 14:35:06,504 - INFO -     DB Dish ID: 170824, V2 Dish ID: 7131
2025-11-18 14:35:06,506 - INFO -     No modifiers found for this dish
2025-11-18 14:35:06,506 - INFO - 
  [103/166] 52. Mini Kamikaze (Course: Makis)
2025-11-18 14:35:06,506 - INFO -     DB Dish ID: 170825, V2 Dish ID: 7132
2025-11-18 14:35:06,509 - INFO -     No modifiers found for this dish
2025-11-18 14:35:06,509 - INFO - 
  [104/166] 53. Capcode (Course: Makis)
2025-11-18 14:35:06,509 - INFO -     DB Dish ID: 170826, V2 Dish ID: 7133
2025-11-18 14:35:06,511 - INFO -     No modifiers found for this dish
2025-11-18 14:35:06,511 - INFO - 
  [105/166] 54. Una Kyu (Course: Makis)
2025-11-18 14:35:06,511 - INFO -     DB Dish ID: 170827, V2 Dish ID: 7134
2025-11-18 14:35:06,513 - INFO -     No modifiers found for this dish
2025-11-18 14:35:06,513 - INFO - 
  [106/166] 55. Cali L.A (Course: Makis)
2025-11-18 14:35:06,513 - INFO -     DB Dish ID: 170828, V2 Dish ID: 7135
2025-11-18 14:35:06,516 - INFO -     No modifiers found for this dish
2025-11-18 14:35:06,516 - INFO - 
  [107/166] 56. Two Salmon (Course: Makis)
2025-11-18 14:35:06,516 - INFO -     DB Dish ID: 170829, V2 Dish ID: 7136
2025-11-18 14:35:06,520 - INFO -     No modifiers found for this dish
2025-11-18 14:35:06,520 - INFO - 
  [108/166] 57. Spicy Crab (Course: Makis)
2025-11-18 14:35:06,520 - INFO -     DB Dish ID: 170830, V2 Dish ID: 7137
2025-11-18 14:35:06,525 - INFO -     No modifiers found for this dish
2025-11-18 14:35:06,525 - INFO - 
  [109/166] 58. Kanebi (Course: Makis)
2025-11-18 14:35:06,526 - INFO -     DB Dish ID: 170831, V2 Dish ID: 7138
2025-11-18 14:35:06,528 - INFO -     No modifiers found for this dish
2025-11-18 14:35:06,528 - INFO - 
  [110/166] 59. Ninja (Course: Makis)
2025-11-18 14:35:06,528 - INFO -     DB Dish ID: 170832, V2 Dish ID: 7139
2025-11-18 14:35:06,532 - INFO -     No modifiers found for this dish
2025-11-18 14:35:06,532 - INFO - 
  [111/166] 60. Pikachu (Course: Makis)
2025-11-18 14:35:06,532 - INFO -     DB Dish ID: 170833, V2 Dish ID: 7140
2025-11-18 14:35:06,534 - INFO -     No modifiers found for this dish
2025-11-18 14:35:06,534 - INFO - 
  [112/166] 61. Cheer Chicken (Course: Makis)
2025-11-18 14:35:06,534 - INFO -     DB Dish ID: 170834, V2 Dish ID: 7141
2025-11-18 14:35:06,537 - INFO -     No modifiers found for this dish
2025-11-18 14:35:06,537 - INFO - 
  [113/166] 62. Cheer Shrimp (Course: Makis)
2025-11-18 14:35:06,538 - INFO -     DB Dish ID: 170835, V2 Dish ID: 7142
2025-11-18 14:35:06,540 - INFO -     No modifiers found for this dish
2025-11-18 14:35:06,540 - INFO - 
  [114/166] 63. Butterfly (Course: Makis)
2025-11-18 14:35:06,540 - INFO -     DB Dish ID: 170836, V2 Dish ID: 7143
2025-11-18 14:35:06,543 - INFO -     No modifiers found for this dish
2025-11-18 14:35:06,543 - INFO - 
  [115/166] 64. Lady Gaga (Course: Makis)
2025-11-18 14:35:06,543 - INFO -     DB Dish ID: 170837, V2 Dish ID: 7144
2025-11-18 14:35:06,546 - INFO -     No modifiers found for this dish
2025-11-18 14:35:06,546 - INFO - 
  [116/166] 70. Vegetarian (Course: Spring Makis)
2025-11-18 14:35:06,546 - INFO -     DB Dish ID: 170838, V2 Dish ID: 7145
2025-11-18 14:35:06,547 - INFO -     No modifiers found for this dish
2025-11-18 14:35:06,547 - INFO - 
  [117/166] 71. Shrimps (Course: Spring Makis)
2025-11-18 14:35:06,547 - INFO -     DB Dish ID: 170839, V2 Dish ID: 7146
2025-11-18 14:35:06,549 - INFO -     No modifiers found for this dish
2025-11-18 14:35:06,549 - INFO - 
  [118/166] 72. Crab (Course: Spring Makis)
2025-11-18 14:35:06,549 - INFO -     DB Dish ID: 170840, V2 Dish ID: 7147
2025-11-18 14:35:06,551 - INFO -     No modifiers found for this dish
2025-11-18 14:35:06,551 - INFO - 
  [119/166] 73. Salmon (Course: Spring Makis)
2025-11-18 14:35:06,552 - INFO -     DB Dish ID: 170841, V2 Dish ID: 7148
2025-11-18 14:35:06,557 - INFO -     No modifiers found for this dish
2025-11-18 14:35:06,557 - INFO - 
  [120/166] 74. Red Tuna (Course: Spring Makis)
2025-11-18 14:35:06,558 - INFO -     DB Dish ID: 170842, V2 Dish ID: 7149
2025-11-18 14:35:06,560 - INFO -     No modifiers found for this dish
2025-11-18 14:35:06,560 - INFO - 
  [121/166] 76. Chicken (Course: Spring Makis)
2025-11-18 14:35:06,560 - INFO -     DB Dish ID: 170843, V2 Dish ID: 7150
2025-11-18 14:35:06,565 - INFO -     No modifiers found for this dish
2025-11-18 14:35:06,565 - INFO - 
  [122/166] 120. Vegetarian (Course: Tartar Makis)
2025-11-18 14:35:06,565 - INFO -     DB Dish ID: 170844, V2 Dish ID: 7151
2025-11-18 14:35:06,568 - INFO -     No modifiers found for this dish
2025-11-18 14:35:06,568 - INFO - 
  [123/166] 121. Shrimps (Course: Tartar Makis)
2025-11-18 14:35:06,568 - INFO -     DB Dish ID: 170845, V2 Dish ID: 7152
2025-11-18 14:35:06,570 - INFO -     No modifiers found for this dish
2025-11-18 14:35:06,570 - INFO - 
  [124/166] 122. Crab (Course: Tartar Makis)
2025-11-18 14:35:06,570 - INFO -     DB Dish ID: 170846, V2 Dish ID: 7153
2025-11-18 14:35:06,571 - INFO -     No modifiers found for this dish
2025-11-18 14:35:06,572 - INFO - 
  [125/166] 123. Salmon (Course: Tartar Makis)
2025-11-18 14:35:06,572 - INFO -     DB Dish ID: 170847, V2 Dish ID: 7154
2025-11-18 14:35:06,575 - INFO -     No modifiers found for this dish
2025-11-18 14:35:06,575 - INFO - 
  [126/166] 124. Tuna (Course: Tartar Makis)
2025-11-18 14:35:06,575 - INFO -     DB Dish ID: 170848, V2 Dish ID: 7155
2025-11-18 14:35:06,577 - INFO -     No modifiers found for this dish
2025-11-18 14:35:06,577 - INFO - 
  [127/166] 125. Scallop (Course: Tartar Makis)
2025-11-18 14:35:06,577 - INFO -     DB Dish ID: 170849, V2 Dish ID: 7156
2025-11-18 14:35:06,579 - INFO -     No modifiers found for this dish
2025-11-18 14:35:06,579 - INFO - 
  [128/166] 126. Smoked Salmon (Course: Tartar Makis)
2025-11-18 14:35:06,579 - INFO -     DB Dish ID: 170850, V2 Dish ID: 7157
2025-11-18 14:35:06,581 - INFO -     No modifiers found for this dish
2025-11-18 14:35:06,582 - INFO - 
  [129/166] 127. Squid (Course: Tartar Makis)
2025-11-18 14:35:06,582 - INFO -     DB Dish ID: 170851, V2 Dish ID: 7158
2025-11-18 14:35:06,587 - INFO -     No modifiers found for this dish
2025-11-18 14:35:06,587 - INFO - 
  [130/166] 138. Green Salad (Course: Salads)
2025-11-18 14:35:06,587 - INFO -     DB Dish ID: 170852, V2 Dish ID: 7159
2025-11-18 14:35:06,590 - INFO -     No modifiers found for this dish
2025-11-18 14:35:06,590 - INFO - 
  [131/166] 140. Wakame Salad (Course: Salads)
2025-11-18 14:35:06,590 - INFO -     DB Dish ID: 170853, V2 Dish ID: 7160
2025-11-18 14:35:06,593 - INFO -     No modifiers found for this dish
2025-11-18 14:35:06,593 - INFO - 
  [132/166] 142. Grilled Salmon (Course: Salads)
2025-11-18 14:35:06,593 - INFO -     DB Dish ID: 170854, V2 Dish ID: 7161
2025-11-18 14:35:06,596 - INFO -     No modifiers found for this dish
2025-11-18 14:35:06,596 - INFO - 
  [133/166] 130. Miso Veggie (Course: Miso Soup)
2025-11-18 14:35:06,596 - INFO -     DB Dish ID: 170855, V2 Dish ID: 7162
2025-11-18 14:35:06,598 - INFO -     No modifiers found for this dish
2025-11-18 14:35:06,598 - INFO - 
  [134/166] 131. Miso Shrimp (Course: Miso Soup)
2025-11-18 14:35:06,598 - INFO -     DB Dish ID: 170856, V2 Dish ID: 7163
2025-11-18 14:35:06,602 - INFO -     No modifiers found for this dish
2025-11-18 14:35:06,603 - INFO - 
  [135/166] 133. Miso Mixte (Course: Miso Soup)
2025-11-18 14:35:06,603 - INFO -     DB Dish ID: 170857, V2 Dish ID: 7164
2025-11-18 14:35:06,605 - INFO -     No modifiers found for this dish
2025-11-18 14:35:06,605 - INFO - 
  [136/166] 150. Strawberry and Banana (Course: Sushi Desserts)
2025-11-18 14:35:06,605 - INFO -     DB Dish ID: 170858, V2 Dish ID: 7165
2025-11-18 14:35:06,607 - INFO -     No modifiers found for this dish
2025-11-18 14:35:06,607 - INFO - 
  [137/166] 151. Pineapple and Banana (Course: Sushi Desserts)
2025-11-18 14:35:06,607 - INFO -     DB Dish ID: 170859, V2 Dish ID: 7166
2025-11-18 14:35:06,610 - INFO -     No modifiers found for this dish
2025-11-18 14:35:06,610 - INFO - 
  [138/166] 152. Mandarin and Banana (Course: Sushi Desserts)
2025-11-18 14:35:06,610 - INFO -     DB Dish ID: 170860, V2 Dish ID: 7167
2025-11-18 14:35:06,612 - INFO -     No modifiers found for this dish
2025-11-18 14:35:06,612 - INFO - 
  [139/166] 153. Avocado and Banana (Course: Sushi Desserts)
2025-11-18 14:35:06,612 - INFO -     DB Dish ID: 170861, V2 Dish ID: 7168
2025-11-18 14:35:06,614 - INFO -     No modifiers found for this dish
2025-11-18 14:35:06,614 - INFO - 
  [140/166] 154. Mango and Banana (Course: Sushi Desserts)
2025-11-18 14:35:06,614 - INFO -     DB Dish ID: 170862, V2 Dish ID: 7169
2025-11-18 14:35:06,617 - INFO -     No modifiers found for this dish
2025-11-18 14:35:06,618 - INFO - 
  [141/166] 155. Banane Flambée (Course: Sushi Desserts)
2025-11-18 14:35:06,618 - INFO -     DB Dish ID: 170863, V2 Dish ID: 7170
2025-11-18 14:35:06,620 - INFO -     No modifiers found for this dish
2025-11-18 14:35:06,620 - INFO - 
  [142/166] Poke 50 % (Course: Pokebols)
2025-11-18 14:35:06,620 - INFO -     DB Dish ID: 170864, V2 Dish ID: 7171
2025-11-18 14:35:06,622 - INFO -     No modifiers found for this dish
2025-11-18 14:35:06,622 - INFO - 
  [143/166] Poke Calmar (Course: Pokebols)
2025-11-18 14:35:06,622 - INFO -     DB Dish ID: 170865, V2 Dish ID: 7172
2025-11-18 14:35:06,625 - INFO -     No modifiers found for this dish
2025-11-18 14:35:06,625 - INFO - 
  [144/166] Poke Salmon Katsu (Course: Pokebols)
2025-11-18 14:35:06,625 - INFO -     DB Dish ID: 170866, V2 Dish ID: 7173
2025-11-18 14:35:06,628 - INFO -     No modifiers found for this dish
2025-11-18 14:35:06,628 - INFO - 
  [145/166] Poke Vegetarian (Course: Pokebols)
2025-11-18 14:35:06,628 - INFO -     DB Dish ID: 170867, V2 Dish ID: 7174
2025-11-18 14:35:06,631 - INFO -     No modifiers found for this dish
2025-11-18 14:35:06,632 - INFO - 
  [146/166] Poke Spicy Scallop (Course: Pokebols)
2025-11-18 14:35:06,632 - INFO -     DB Dish ID: 170868, V2 Dish ID: 7175
2025-11-18 14:35:06,634 - INFO -     No modifiers found for this dish
2025-11-18 14:35:06,634 - INFO - 
  [147/166] Poke Salmon Flambé (Course: Pokebols)
2025-11-18 14:35:06,634 - INFO -     DB Dish ID: 170869, V2 Dish ID: 7176
2025-11-18 14:35:06,636 - INFO -     No modifiers found for this dish
2025-11-18 14:35:06,636 - INFO - 
  [148/166] Poke Shrimp Tempura (Course: Pokebols)
2025-11-18 14:35:06,636 - INFO -     DB Dish ID: 170870, V2 Dish ID: 7177
2025-11-18 14:35:06,639 - INFO -     No modifiers found for this dish
2025-11-18 14:35:06,639 - INFO - 
  [149/166] Poke Salmon (Course: Pokebols)
2025-11-18 14:35:06,639 - INFO -     DB Dish ID: 170871, V2 Dish ID: 7178
2025-11-18 14:35:06,641 - INFO -     No modifiers found for this dish
2025-11-18 14:35:06,641 - INFO - 
  [150/166] Poke Tuna (Course: Pokebols)
2025-11-18 14:35:06,641 - INFO -     DB Dish ID: 170872, V2 Dish ID: 7179
2025-11-18 14:35:06,643 - INFO -     No modifiers found for this dish
2025-11-18 14:35:06,643 - INFO - 
  [151/166] Poke Delux (Course: Pokebols)
2025-11-18 14:35:06,643 - INFO -     DB Dish ID: 170873, V2 Dish ID: 7180
2025-11-18 14:35:06,646 - INFO -     No modifiers found for this dish
2025-11-18 14:35:06,647 - INFO - 
  [152/166] Poke Crab & Shrimp (Course: Pokebols)
2025-11-18 14:35:06,647 - INFO -     DB Dish ID: 170874, V2 Dish ID: 7181
2025-11-18 14:35:06,649 - INFO -     No modifiers found for this dish
2025-11-18 14:35:06,649 - INFO - 
  [153/166] Poke Lobster Salad (Course: Pokebols)
2025-11-18 14:35:06,649 - INFO -     DB Dish ID: 170875, V2 Dish ID: 7182
2025-11-18 14:35:06,650 - INFO -     No modifiers found for this dish
2025-11-18 14:35:06,651 - INFO - 
  [154/166] Poke Chicken Katsu (Course: Pokebols)
2025-11-18 14:35:06,651 - INFO -     DB Dish ID: 170876, V2 Dish ID: 7183
2025-11-18 14:35:06,654 - INFO -     No modifiers found for this dish
2025-11-18 14:35:06,654 - INFO - 
  [155/166] Poke Chirashi (Course: Pokebols)
2025-11-18 14:35:06,654 - INFO -     DB Dish ID: 170877, V2 Dish ID: 7184
2025-11-18 14:35:06,657 - INFO -     No modifiers found for this dish
2025-11-18 14:35:06,657 - INFO - 
  [156/166] Spicy Mayo (Course: Extras)
2025-11-18 14:35:06,657 - INFO -     DB Dish ID: 170878, V2 Dish ID: 7185
2025-11-18 14:35:06,659 - INFO -     No modifiers found for this dish
2025-11-18 14:35:06,660 - INFO - 
  [157/166] Wafu Sauce (Course: Extras)
2025-11-18 14:35:06,660 - INFO -     DB Dish ID: 170879, V2 Dish ID: 7186
2025-11-18 14:35:06,662 - INFO -     No modifiers found for this dish
2025-11-18 14:35:06,662 - INFO - 
  [158/166] Coca-Cola (Course: Drinks)
2025-11-18 14:35:06,662 - INFO -     DB Dish ID: 170880, V2 Dish ID: 7187
2025-11-18 14:35:06,666 - INFO -     No modifiers found for this dish
2025-11-18 14:35:06,666 - INFO - 
  [159/166] Diet Coca-Cola (Course: Drinks)
2025-11-18 14:35:06,666 - INFO -     DB Dish ID: 170881, V2 Dish ID: 7188
2025-11-18 14:35:06,668 - INFO -     No modifiers found for this dish
2025-11-18 14:35:06,668 - INFO - 
  [160/166] Pepsi (Course: Drinks)
2025-11-18 14:35:06,668 - INFO -     DB Dish ID: 170882, V2 Dish ID: 7189
2025-11-18 14:35:06,670 - INFO -     No modifiers found for this dish
2025-11-18 14:35:06,670 - INFO - 
  [161/166] 7 Up (Course: Drinks)
2025-11-18 14:35:06,670 - INFO -     DB Dish ID: 170883, V2 Dish ID: 7190
2025-11-18 14:35:06,673 - INFO -     No modifiers found for this dish
2025-11-18 14:35:06,674 - INFO - 
  [162/166] Diet Pepsi (Course: Drinks)
2025-11-18 14:35:06,674 - INFO -     DB Dish ID: 170884, V2 Dish ID: 7191
2025-11-18 14:35:06,676 - INFO -     No modifiers found for this dish
2025-11-18 14:35:06,676 - INFO - 
  [163/166] Orange Crush (Course: Drinks)
2025-11-18 14:35:06,676 - INFO -     DB Dish ID: 170885, V2 Dish ID: 7192
2025-11-18 14:35:06,678 - INFO -     No modifiers found for this dish
2025-11-18 14:35:06,678 - INFO - 
  [164/166] Root Beer (Course: Drinks)
2025-11-18 14:35:06,678 - INFO -     DB Dish ID: 170886, V2 Dish ID: 7193
2025-11-18 14:35:06,681 - INFO -     No modifiers found for this dish
2025-11-18 14:35:06,682 - INFO - 
  [165/166] Water (Course: Drinks)
2025-11-18 14:35:06,682 - INFO -     DB Dish ID: 170887, V2 Dish ID: 7194
2025-11-18 14:35:06,684 - INFO -     No modifiers found for this dish
2025-11-18 14:35:06,684 - INFO - 
  [166/166] Perrier (Course: Drinks)
2025-11-18 14:35:06,684 - INFO -     DB Dish ID: 170888, V2 Dish ID: 7195
2025-11-18 14:35:06,685 - INFO -     No modifiers found for this dish
2025-11-18 14:35:06,686 - INFO -   JSON saved: restaurant_1020_modifiers.json
2025-11-18 14:35:06,686 - INFO - 
================================================================================
2025-11-18 14:35:06,686 - INFO - PHASE 2 FRENCH SCRAPER - FINAL SUMMARY
2025-11-18 14:35:06,686 - INFO - ================================================================================
2025-11-18 14:35:06,686 - INFO - Duration: 0:04:37.919036
2025-11-18 14:35:06,686 - INFO - Restaurants processed: 10
2025-11-18 14:35:06,686 - INFO - Total dishes processed: 666
2025-11-18 14:35:06,686 - INFO - Successful: 666
2025-11-18 14:35:06,686 - INFO - Failed: 0
2025-11-18 14:35:06,686 - INFO - Total modifier groups found: 6
2025-11-18 14:35:06,686 - INFO - Output directory: C:\Users\santi\Menu.ca\Legacy Database\Migration Strategy\scraper\V2 Scrapper\phase2_french_output
2025-11-18 14:35:06,686 - INFO - Log file: phase2_french_scraper.log
2025-11-18 14:35:06,686 - INFO - ================================================================================
2025-11-18 14:35:06,955 - INFO - Browser stopped
2025-11-18 14:35:06,955 - INFO - 
Browser stopped
2025-11-18 14:38:00,123 - INFO - ================================================================================
2025-11-18 14:38:00,123 - INFO - PHASE 2 FRENCH MENU SCRAPER (MODIFIERS)
2025-11-18 14:38:00,123 - INFO - ================================================================================
2025-11-18 14:38:00,534 - INFO - Target Restaurants:
2025-11-18 14:38:00,534 - INFO -   - La Nawab V2 (DB ID: 825)
2025-11-18 14:38:00,534 - INFO -   - Cuisine Bombay Indienne (DB ID: 960)
2025-11-18 14:38:00,534 - INFO -   - Chicco Shawarma Cantley (DB ID: 961)
2025-11-18 14:38:00,534 - INFO -   - Chicco Pizza Shawarma Anger (DB ID: 963)
2025-11-18 14:38:00,534 - INFO -   - Chicco Pizza Maloney (DB ID: 964)
2025-11-18 14:38:00,534 - INFO -   - Chicco Shawarma Maloney (DB ID: 965)
2025-11-18 14:38:00,536 - INFO -   - Chicco Pizza St-Louis (DB ID: 967)
2025-11-18 14:38:00,536 - INFO -   - Pizza Marie (DB ID: 976)
2025-11-18 14:38:00,536 - INFO -   - Sushi Presse (DB ID: 1020)
2025-11-18 14:38:00,536 - INFO - ================================================================================
2025-11-18 14:38:00,536 - INFO - Output directory: C:\Users\santi\Menu.ca\Legacy Database\Migration Strategy\scraper\V2 Scrapper\phase2_french_output
2025-11-18 14:38:00,536 - INFO - 
Initializing scraper...
2025-11-18 14:38:00,536 - INFO - Starting browser...
2025-11-18 14:38:01,150 - INFO - Browser started successfully
2025-11-18 14:38:01,151 - INFO - Browser started
2025-11-18 14:38:01,151 - INFO - Logging in to V2 admin...
2025-11-18 14:38:05,587 - INFO -   Current URL: https://aggregator-admin.menu.ca/index.php/welcome/index
2025-11-18 14:38:05,587 - INFO - Login successful
2025-11-18 14:38:05,587 - INFO - 
================================================================================
2025-11-18 14:38:05,587 - INFO - [1/10] PROCESSING: La Nawab V2
2025-11-18 14:38:05,587 - INFO - ================================================================================
2025-11-18 14:38:05,587 - INFO - DB ID: 825
2025-11-18 14:38:05,953 - INFO - Found 50 dishes to process
2025-11-18 14:38:05,953 - INFO - V2 Restaurant ID: 1642
2025-11-18 14:38:05,953 - INFO - 
  [1/50] Combo Poulet au Beurre (Course: Combo)
2025-11-18 14:38:05,953 - INFO -     DB Dish ID: 171314, V2 Dish ID: 10443
2025-11-18 14:38:13,096 - INFO - 
  [2/50] Combo Biryani au Poulet (Course: Combo)
2025-11-18 14:38:13,096 - INFO -     DB Dish ID: 171315, V2 Dish ID: 10444
2025-11-18 14:38:20,036 - INFO - 
  [3/50] Combo Légumes au Choix (Course: Combo)
2025-11-18 14:38:20,036 - INFO -     DB Dish ID: 171316, V2 Dish ID: 10445
2025-11-18 14:38:27,020 - INFO - 
  [4/50] Samosa (2mcx) (Course: Entrées)
2025-11-18 14:38:27,020 - INFO -     DB Dish ID: 171317, V2 Dish ID: 8408
2025-11-18 14:38:32,598 - INFO -     No modifiers found for this dish
2025-11-18 14:38:32,599 - INFO - 
  [5/50] Pakora (6mcx) (Course: Entrées)
2025-11-18 14:38:32,599 - INFO -     DB Dish ID: 171318, V2 Dish ID: 8409
2025-11-18 14:38:38,127 - INFO -     No modifiers found for this dish
2025-11-18 14:38:38,128 - INFO - 
  [6/50] Mulligatawny (Course: Entrées)
2025-11-18 14:38:38,128 - INFO -     DB Dish ID: 171319, V2 Dish ID: 8410
2025-11-18 14:38:43,757 - INFO -     No modifiers found for this dish
2025-11-18 14:38:43,758 - INFO - 
  [7/50] Rouleaux de printemps aux légumes (6 mcx) (Course: Entrées)
2025-11-18 14:38:43,758 - INFO -     DB Dish ID: 171320, V2 Dish ID: 9918
2025-11-18 14:38:49,347 - INFO -     No modifiers found for this dish
2025-11-18 14:38:49,347 - INFO - 
  [8/50] Tikka Poulet (Course: Biryani)
2025-11-18 14:38:49,347 - INFO -     DB Dish ID: 171321, V2 Dish ID: 8411
2025-11-18 14:38:56,080 - INFO - 
  [9/50] Sindhi Poulet (Course: Biryani)
2025-11-18 14:38:56,080 - INFO -     DB Dish ID: 171322, V2 Dish ID: 8412
2025-11-18 14:39:02,746 - INFO - 
  [10/50] Sindhi Agneau (Course: Biryani)
2025-11-18 14:39:02,746 - INFO -     DB Dish ID: 171323, V2 Dish ID: 8413
2025-11-18 14:39:09,531 - INFO - 
  [11/50] Légume Biryani N/A (Course: Biryani)
2025-11-18 14:39:09,531 - INFO -     DB Dish ID: 171324, V2 Dish ID: 8414
2025-11-18 14:39:15,207 - INFO -     No modifiers found for this dish
2025-11-18 14:39:15,207 - INFO - 
  [12/50] Saag (Course: Végétarienne)
2025-11-18 14:39:15,207 - INFO -     DB Dish ID: 171325, V2 Dish ID: 8415
2025-11-18 14:39:20,935 - INFO -     No modifiers found for this dish
2025-11-18 14:39:20,935 - INFO - 
  [13/50] Saag Paneer (Course: Végétarienne)
2025-11-18 14:39:20,935 - INFO -     DB Dish ID: 171326, V2 Dish ID: 8416
2025-11-18 14:39:26,514 - INFO -     No modifiers found for this dish
2025-11-18 14:39:26,515 - INFO - 
  [14/50] Panner au Beurre (Course: Végétarienne)
2025-11-18 14:39:26,515 - INFO -     DB Dish ID: 171327, V2 Dish ID: 9919
2025-11-18 14:39:32,008 - INFO -     No modifiers found for this dish
2025-11-18 14:39:32,008 - INFO - 
  [15/50] Aloo Gobi (Course: Végétarienne)
2025-11-18 14:39:32,008 - INFO -     DB Dish ID: 171328, V2 Dish ID: 8417
2025-11-18 14:39:37,674 - INFO -     No modifiers found for this dish
2025-11-18 14:39:37,674 - INFO - 
  [16/50] Chana Masala (Course: Végétarienne)
2025-11-18 14:39:37,674 - INFO -     DB Dish ID: 171329, V2 Dish ID: 8418
2025-11-18 14:39:43,200 - INFO -     No modifiers found for this dish
2025-11-18 14:39:43,200 - INFO - 
  [17/50] Dal Masala (Course: Végétarienne)
2025-11-18 14:39:43,200 - INFO -     DB Dish ID: 171330, V2 Dish ID: 8419
2025-11-18 14:39:48,805 - INFO -     No modifiers found for this dish
2025-11-18 14:39:48,805 - INFO - 
  [18/50] Malai Kofta (Course: Végétarienne)
2025-11-18 14:39:48,805 - INFO -     DB Dish ID: 171331, V2 Dish ID: 10442
2025-11-18 14:39:54,404 - INFO -     No modifiers found for this dish
2025-11-18 14:39:54,404 - INFO - 
  [19/50] Poulet au beurre (Course: Non-Végétarienne)
2025-11-18 14:39:54,404 - INFO -     DB Dish ID: 171332, V2 Dish ID: 8420
2025-11-18 14:39:59,994 - INFO -     No modifiers found for this dish
2025-11-18 14:39:59,994 - INFO - 
  [20/50] Poulet Jalfrezi (Course: Non-Végétarienne)
2025-11-18 14:39:59,994 - INFO -     DB Dish ID: 171333, V2 Dish ID: 8421
2025-11-18 14:40:05,619 - INFO -     No modifiers found for this dish
2025-11-18 14:40:05,619 - INFO - 
  [21/50] Palak Gosht (Course: Non-Végétarienne)
2025-11-18 14:40:05,619 - INFO -     DB Dish ID: 171334, V2 Dish ID: 8422
2025-11-18 14:40:11,183 - INFO -     No modifiers found for this dish
2025-11-18 14:40:11,183 - INFO - 
  [22/50] Korma Poulet (Course: Non-Végétarienne)
2025-11-18 14:40:11,183 - INFO -     DB Dish ID: 171335, V2 Dish ID: 8423
2025-11-18 14:40:16,769 - INFO -     No modifiers found for this dish
2025-11-18 14:40:16,769 - INFO - 
  [23/50] Korma Boeuf (Course: Non-Végétarienne)
2025-11-18 14:40:16,769 - INFO -     DB Dish ID: 171336, V2 Dish ID: 10618
2025-11-18 14:40:22,348 - INFO -     No modifiers found for this dish
2025-11-18 14:40:22,348 - INFO - 
  [24/50] Korma Agneau (Course: Non-Végétarienne)
2025-11-18 14:40:22,348 - INFO -     DB Dish ID: 171337, V2 Dish ID: 10619
2025-11-18 14:40:27,896 - INFO -     No modifiers found for this dish
2025-11-18 14:40:27,896 - INFO - 
  [25/50] Vindaloo Poulet (Course: Non-Végétarienne)
2025-11-18 14:40:27,896 - INFO -     DB Dish ID: 171338, V2 Dish ID: 8424
2025-11-18 14:40:33,502 - INFO -     No modifiers found for this dish
2025-11-18 14:40:33,502 - INFO - 
  [26/50] Vindaloo Boeuf (Course: Non-Végétarienne)
2025-11-18 14:40:33,502 - INFO -     DB Dish ID: 171339, V2 Dish ID: 10620
2025-11-18 14:40:39,108 - INFO -     No modifiers found for this dish
2025-11-18 14:40:39,108 - INFO - 
  [27/50] Vindaloo Agneau (Course: Non-Végétarienne)
2025-11-18 14:40:39,108 - INFO -     DB Dish ID: 171340, V2 Dish ID: 10621
2025-11-18 14:40:44,719 - INFO -     No modifiers found for this dish
2025-11-18 14:40:44,719 - INFO - 
  [28/50] Achor Gosht Poulet (Course: Non-Végétarienne)
2025-11-18 14:40:44,719 - INFO -     DB Dish ID: 171341, V2 Dish ID: 8425
2025-11-18 14:40:50,284 - INFO -     No modifiers found for this dish
2025-11-18 14:40:50,284 - INFO - 
  [29/50] Achor Gosht Boeuf (Course: Non-Végétarienne)
2025-11-18 14:40:50,284 - INFO -     DB Dish ID: 171342, V2 Dish ID: 10622
2025-11-18 14:40:55,867 - INFO -     No modifiers found for this dish
2025-11-18 14:40:55,867 - INFO - 
  [30/50] Achor Gpsht Agneau (Course: Non-Végétarienne)
2025-11-18 14:40:55,867 - INFO -     DB Dish ID: 171343, V2 Dish ID: 10623
2025-11-18 14:41:01,450 - INFO -     No modifiers found for this dish
2025-11-18 14:41:01,450 - INFO - 
  [31/50] Boeuf Kofta (Course: Non-Végétarienne)
2025-11-18 14:41:01,450 - INFO -     DB Dish ID: 171344, V2 Dish ID: 8426
2025-11-18 14:41:07,062 - INFO -     No modifiers found for this dish
2025-11-18 14:41:07,062 - INFO - 
  [32/50] Poulet Tikka Masala (Course: Non-Végétarienne)
2025-11-18 14:41:07,062 - INFO -     DB Dish ID: 171345, V2 Dish ID: 8427
2025-11-18 14:41:12,709 - INFO -     No modifiers found for this dish
2025-11-18 14:41:12,709 - INFO - 
  [33/50] Nihari Beef (Course: Non-Végétarienne)
2025-11-18 14:41:12,709 - INFO -     DB Dish ID: 171346, V2 Dish ID: 8428
2025-11-18 14:41:18,315 - INFO -     No modifiers found for this dish
2025-11-18 14:41:18,315 - INFO - 
  [34/50] Curry Poulet (Course: Non-Végétarienne)
2025-11-18 14:41:18,315 - INFO -     DB Dish ID: 171347, V2 Dish ID: 8429
2025-11-18 14:41:23,958 - INFO -     No modifiers found for this dish
2025-11-18 14:41:23,958 - INFO - 
  [35/50] Curry Boeuf (Course: Non-Végétarienne)
2025-11-18 14:41:23,958 - INFO -     DB Dish ID: 171348, V2 Dish ID: 10624
2025-11-18 14:41:29,610 - INFO -     No modifiers found for this dish
2025-11-18 14:41:29,610 - INFO - 
  [36/50] Curry Agneau (Course: Non-Végétarienne)
2025-11-18 14:41:29,610 - INFO -     DB Dish ID: 171349, V2 Dish ID: 10625
2025-11-18 14:41:35,205 - INFO -     No modifiers found for this dish
2025-11-18 14:41:35,205 - INFO - 
  [37/50] Poulet Tikka (Course: Tandoori)
2025-11-18 14:41:35,205 - INFO -     DB Dish ID: 171350, V2 Dish ID: 8430
2025-11-18 14:41:40,790 - INFO -     No modifiers found for this dish
2025-11-18 14:41:40,790 - INFO - 
  [38/50] Pain Naan (Course: Extras)
2025-11-18 14:41:40,790 - INFO -     DB Dish ID: 171351, V2 Dish ID: 8431
2025-11-18 14:41:46,373 - INFO -     No modifiers found for this dish
2025-11-18 14:41:46,373 - INFO - 
  [39/50] Pain Naan à l'ail (Course: Extras)
2025-11-18 14:41:46,373 - INFO -     DB Dish ID: 171352, V2 Dish ID: 8432
2025-11-18 14:41:51,985 - INFO -     No modifiers found for this dish
2025-11-18 14:41:51,985 - INFO - 
  [40/50] Riz Basmati Tarka (Course: Extras)
2025-11-18 14:41:51,985 - INFO -     DB Dish ID: 171353, V2 Dish ID: 8433
2025-11-18 14:41:57,588 - INFO -     No modifiers found for this dish
2025-11-18 14:41:57,589 - INFO - 
  [41/50] Chutney (Course: Extras)
2025-11-18 14:41:57,589 - INFO -     DB Dish ID: 171354, V2 Dish ID: 8434
2025-11-18 14:42:03,167 - INFO -     No modifiers found for this dish
2025-11-18 14:42:03,167 - INFO - 
  [42/50] Raita (Course: Extras)
2025-11-18 14:42:03,167 - INFO -     DB Dish ID: 171355, V2 Dish ID: 8435
2025-11-18 14:42:08,811 - INFO -     No modifiers found for this dish
2025-11-18 14:42:08,811 - INFO - 
  [43/50] Gulab Jamun (2mcx) (Course: Desserts)
2025-11-18 14:42:08,811 - INFO -     DB Dish ID: 171356, V2 Dish ID: 8436
2025-11-18 14:42:14,411 - INFO -     No modifiers found for this dish
2025-11-18 14:42:14,411 - INFO - 
  [44/50] Kheer (Course: Desserts)
2025-11-18 14:42:14,411 - INFO -     DB Dish ID: 171357, V2 Dish ID: 8437
2025-11-18 14:42:20,112 - INFO -     No modifiers found for this dish
2025-11-18 14:42:20,112 - INFO - 
  [45/50] Shake à la mangue (Course: Boissons)
2025-11-18 14:42:20,112 - INFO -     DB Dish ID: 171358, V2 Dish ID: 8438
2025-11-18 14:42:25,732 - INFO -     No modifiers found for this dish
2025-11-18 14:42:25,732 - INFO - 
  [46/50] Lassi à la mangue (Course: Boissons)
2025-11-18 14:42:25,732 - INFO -     DB Dish ID: 171359, V2 Dish ID: 8439
2025-11-18 14:42:31,394 - INFO -     No modifiers found for this dish
2025-11-18 14:42:31,394 - INFO - 
  [47/50] Boissons gazeuses (Course: Boissons)
2025-11-18 14:42:31,394 - INFO -     DB Dish ID: 171360, V2 Dish ID: 8440
2025-11-18 14:42:36,942 - INFO -     No modifiers found for this dish
2025-11-18 14:42:36,942 - INFO - 
  [48/50] Thé (Course: Boissons)
2025-11-18 14:42:36,942 - INFO -     DB Dish ID: 171361, V2 Dish ID: 9920
2025-11-18 14:42:42,583 - INFO -     No modifiers found for this dish
2025-11-18 14:42:42,583 - INFO - 
  [49/50] Thé Masala (Course: Boissons)
2025-11-18 14:42:42,583 - INFO -     DB Dish ID: 171362, V2 Dish ID: 9921
2025-11-18 14:42:48,086 - INFO -     No modifiers found for this dish
2025-11-18 14:42:48,086 - INFO - 
  [50/50] Thé Cardamome (Course: Boissons)
2025-11-18 14:42:48,086 - INFO -     DB Dish ID: 171363, V2 Dish ID: 9922
2025-11-18 14:42:53,719 - INFO -     No modifiers found for this dish
2025-11-18 14:42:53,720 - INFO -   JSON saved: restaurant_825_modifiers.json
2025-11-18 14:42:53,720 - INFO - 
================================================================================
2025-11-18 14:42:53,720 - INFO - [2/10] PROCESSING: Cuisine Bombay Indienne
2025-11-18 14:42:53,720 - INFO - ================================================================================
2025-11-18 14:42:53,720 - INFO - DB ID: 960
2025-11-18 14:42:54,357 - INFO - Found 93 dishes to process
2025-11-18 14:42:54,357 - INFO - V2 Restaurant ID: 1657
2025-11-18 14:42:54,357 - INFO - 
  [1/93] Daal Soup (Course: Soups and Appetizers)
2025-11-18 14:42:54,357 - INFO -     DB Dish ID: 171364, V2 Dish ID: 8815
2025-11-18 14:42:57,109 - INFO -     No modifiers found for this dish
2025-11-18 14:42:57,109 - INFO - 
  [2/93] Mulligatawny Soup (Course: Soups and Appetizers)
2025-11-18 14:42:57,109 - INFO -     DB Dish ID: 171365, V2 Dish ID: 8816
2025-11-18 14:42:59,759 - INFO -     No modifiers found for this dish
2025-11-18 14:42:59,759 - INFO - 
  [3/93] House Salad (Course: Soups and Appetizers)
2025-11-18 14:42:59,759 - INFO -     DB Dish ID: 171366, V2 Dish ID: 8817
2025-11-18 14:43:02,336 - INFO -     No modifiers found for this dish
2025-11-18 14:43:02,336 - INFO - 
  [4/93] Vegetables Pakora (Course: Soups and Appetizers)
2025-11-18 14:43:02,336 - INFO -     DB Dish ID: 171367, V2 Dish ID: 8818
2025-11-18 14:43:04,886 - INFO -     No modifiers found for this dish
2025-11-18 14:43:04,886 - INFO - 
  [5/93] Onion Bhaji (Course: Soups and Appetizers)
2025-11-18 14:43:04,886 - INFO -     DB Dish ID: 171368, V2 Dish ID: 8819
2025-11-18 14:43:07,416 - INFO -     No modifiers found for this dish
2025-11-18 14:43:07,416 - INFO - 
  [6/93] Vegetable Somosa (Course: Soups and Appetizers)
2025-11-18 14:43:07,416 - INFO -     DB Dish ID: 171369, V2 Dish ID: 8820
2025-11-18 14:43:10,122 - INFO -     No modifiers found for this dish
2025-11-18 14:43:10,122 - INFO - 
  [7/93] Chicken Tikka (Course: Soups and Appetizers)
2025-11-18 14:43:10,122 - INFO -     DB Dish ID: 171370, V2 Dish ID: 8821
2025-11-18 14:43:12,727 - INFO -     No modifiers found for this dish
2025-11-18 14:43:12,727 - INFO - 
  [8/93] Bhuna Shrimps on Puri (Course: Soups and Appetizers)
2025-11-18 14:43:12,727 - INFO -     DB Dish ID: 171371, V2 Dish ID: 8822
2025-11-18 14:43:15,353 - INFO -     No modifiers found for this dish
2025-11-18 14:43:15,353 - INFO - 
  [9/93] Appetizer Platter (Course: Soups and Appetizers)
2025-11-18 14:43:15,353 - INFO -     DB Dish ID: 171372, V2 Dish ID: 8823
2025-11-18 14:43:17,899 - INFO -     No modifiers found for this dish
2025-11-18 14:43:17,899 - INFO - 
  [10/93] Curry (Course: Curry Specialities)
2025-11-18 14:43:17,899 - INFO -     DB Dish ID: 171373, V2 Dish ID: 8824
2025-11-18 14:43:20,551 - INFO -     No modifiers found for this dish
2025-11-18 14:43:20,551 - INFO - 
  [11/93] Bhuna (Course: Curry Specialities)
2025-11-18 14:43:20,551 - INFO -     DB Dish ID: 171374, V2 Dish ID: 8825
2025-11-18 14:43:23,116 - INFO -     No modifiers found for this dish
2025-11-18 14:43:23,116 - INFO - 
  [12/93] Korma (Course: Curry Specialities)
2025-11-18 14:43:23,116 - INFO -     DB Dish ID: 171375, V2 Dish ID: 8826
2025-11-18 14:43:25,684 - INFO -     No modifiers found for this dish
2025-11-18 14:43:25,684 - INFO - 
  [13/93] Kashmiri (Course: Curry Specialities)
2025-11-18 14:43:25,684 - INFO -     DB Dish ID: 171376, V2 Dish ID: 8827
2025-11-18 14:43:28,284 - INFO -     No modifiers found for this dish
2025-11-18 14:43:28,284 - INFO - 
  [14/93] Saag (Course: Curry Specialities)
2025-11-18 14:43:28,284 - INFO -     DB Dish ID: 171377, V2 Dish ID: 8828
2025-11-18 14:43:30,852 - INFO -     No modifiers found for this dish
2025-11-18 14:43:30,852 - INFO - 
  [15/93] Rogan Josh (Course: Curry Specialities)
2025-11-18 14:43:30,852 - INFO -     DB Dish ID: 171378, V2 Dish ID: 8829
2025-11-18 14:43:33,410 - INFO -     No modifiers found for this dish
2025-11-18 14:43:33,410 - INFO - 
  [16/93] Du Piazza (Course: Curry Specialities)
2025-11-18 14:43:33,410 - INFO -     DB Dish ID: 171379, V2 Dish ID: 8830
2025-11-18 14:43:35,994 - INFO -     No modifiers found for this dish
2025-11-18 14:43:35,994 - INFO - 
  [17/93] Dansak (Course: Curry Specialities)
2025-11-18 14:43:35,994 - INFO -     DB Dish ID: 171380, V2 Dish ID: 8831
2025-11-18 14:43:38,570 - INFO -     No modifiers found for this dish
2025-11-18 14:43:38,570 - INFO - 
  [18/93] Pathia (Course: Curry Specialities)
2025-11-18 14:43:38,570 - INFO -     DB Dish ID: 171381, V2 Dish ID: 8832
2025-11-18 14:43:41,253 - INFO -     No modifiers found for this dish
2025-11-18 14:43:41,254 - INFO - 
  [19/93] Madras (Course: Curry Specialities)
2025-11-18 14:43:41,254 - INFO -     DB Dish ID: 171382, V2 Dish ID: 8833
2025-11-18 14:43:43,844 - INFO -     No modifiers found for this dish
2025-11-18 14:43:43,844 - INFO - 
  [20/93] Vindaloo (Course: Curry Specialities)
2025-11-18 14:43:43,844 - INFO -     DB Dish ID: 171383, V2 Dish ID: 8834
2025-11-18 14:43:46,486 - INFO -     No modifiers found for this dish
2025-11-18 14:43:46,486 - INFO - 
  [21/93] Bangalore Phal (Course: Curry Specialities)
2025-11-18 14:43:46,486 - INFO -     DB Dish ID: 171384, V2 Dish ID: 8835
2025-11-18 14:43:48,974 - INFO -     No modifiers found for this dish
2025-11-18 14:43:48,974 - INFO - 
  [22/93] Vegetable Dansak (Course: Vegetables (Main Dish))
2025-11-18 14:43:48,974 - INFO -     DB Dish ID: 171385, V2 Dish ID: 8836
2025-11-18 14:43:51,558 - INFO -     No modifiers found for this dish
2025-11-18 14:43:51,558 - INFO - 
  [23/93] Vegetable Korma (Course: Vegetables (Main Dish))
2025-11-18 14:43:51,558 - INFO -     DB Dish ID: 171386, V2 Dish ID: 8837
2025-11-18 14:43:54,176 - INFO -     No modifiers found for this dish
2025-11-18 14:43:54,176 - INFO - 
  [24/93] Vegetable Rogan Josh (Course: Vegetables (Main Dish))
2025-11-18 14:43:54,176 - INFO -     DB Dish ID: 171387, V2 Dish ID: 8838
2025-11-18 14:43:56,841 - INFO -     No modifiers found for this dish
2025-11-18 14:43:56,841 - INFO - 
  [25/93] Vegetable Du Piazza (Course: Vegetables (Main Dish))
2025-11-18 14:43:56,841 - INFO -     DB Dish ID: 171388, V2 Dish ID: 8839
2025-11-18 14:43:59,382 - INFO -     No modifiers found for this dish
2025-11-18 14:43:59,382 - INFO - 
  [26/93] Vegetable Pathia (Course: Vegetables (Main Dish))
2025-11-18 14:43:59,382 - INFO -     DB Dish ID: 171389, V2 Dish ID: 8840
2025-11-18 14:44:01,974 - INFO -     No modifiers found for this dish
2025-11-18 14:44:01,974 - INFO - 
  [27/93] Vegetable Madras (Course: Vegetables (Main Dish))
2025-11-18 14:44:01,974 - INFO -     DB Dish ID: 171390, V2 Dish ID: 8841
2025-11-18 14:44:04,557 - INFO -     No modifiers found for this dish
2025-11-18 14:44:04,557 - INFO - 
  [28/93] Vegetable Vindaloo (Course: Vegetables (Main Dish))
2025-11-18 14:44:04,557 - INFO -     DB Dish ID: 171391, V2 Dish ID: 8842
2025-11-18 14:44:07,229 - INFO -     No modifiers found for this dish
2025-11-18 14:44:07,229 - INFO - 
  [29/93] Vegetable Bangalore (Course: Vegetables (Main Dish))
2025-11-18 14:44:07,229 - INFO -     DB Dish ID: 171392, V2 Dish ID: 8843
2025-11-18 14:44:09,937 - INFO -     No modifiers found for this dish
2025-11-18 14:44:09,937 - INFO - 
  [30/93] Paneer Tikka Masala (Course: Vegetables (Main Dish))
2025-11-18 14:44:09,937 - INFO -     DB Dish ID: 171393, V2 Dish ID: 8844
2025-11-18 14:44:12,591 - INFO -     No modifiers found for this dish
2025-11-18 14:44:12,591 - INFO - 
  [31/93] Shahi Paneer (Course: Vegetables (Main Dish))
2025-11-18 14:44:12,591 - INFO -     DB Dish ID: 171394, V2 Dish ID: 8845
2025-11-18 14:44:15,352 - INFO -     No modifiers found for this dish
2025-11-18 14:44:15,352 - INFO - 
  [32/93] Mixed Vegetable Bhajee (Course: Vegetables (Side Dish))
2025-11-18 14:44:15,352 - INFO -     DB Dish ID: 171395, V2 Dish ID: 8846
2025-11-18 14:44:17,990 - INFO -     No modifiers found for this dish
2025-11-18 14:44:17,990 - INFO - 
  [33/93] Mushroom Bhajee (Course: Vegetables (Side Dish))
2025-11-18 14:44:17,990 - INFO -     DB Dish ID: 171396, V2 Dish ID: 8847
2025-11-18 14:44:20,622 - INFO -     No modifiers found for this dish
2025-11-18 14:44:20,622 - INFO - 
  [34/93] Okra Bhajee (Course: Vegetables (Side Dish))
2025-11-18 14:44:20,622 - INFO -     DB Dish ID: 171397, V2 Dish ID: 8848
2025-11-18 14:44:23,190 - INFO -     No modifiers found for this dish
2025-11-18 14:44:23,190 - INFO - 
  [35/93] Aloo Peas (Course: Vegetables (Side Dish))
2025-11-18 14:44:23,190 - INFO -     DB Dish ID: 171398, V2 Dish ID: 8849
2025-11-18 14:44:25,812 - INFO -     No modifiers found for this dish
2025-11-18 14:44:25,812 - INFO - 
  [36/93] Saag Aloo Bhajee (Course: Vegetables (Side Dish))
2025-11-18 14:44:25,812 - INFO -     DB Dish ID: 171399, V2 Dish ID: 8850
2025-11-18 14:44:28,461 - INFO -     No modifiers found for this dish
2025-11-18 14:44:28,461 - INFO - 
  [37/93] Tarka Dall (Course: Vegetables (Side Dish))
2025-11-18 14:44:28,461 - INFO -     DB Dish ID: 171400, V2 Dish ID: 8851
2025-11-18 14:44:31,047 - INFO -     No modifiers found for this dish
2025-11-18 14:44:31,047 - INFO - 
  [38/93] Chana Masala (Course: Vegetables (Side Dish))
2025-11-18 14:44:31,047 - INFO -     DB Dish ID: 171401, V2 Dish ID: 8852
2025-11-18 14:44:33,615 - INFO -     No modifiers found for this dish
2025-11-18 14:44:33,615 - INFO - 
  [39/93] Bombay Aloo (Course: Vegetables (Side Dish))
2025-11-18 14:44:33,615 - INFO -     DB Dish ID: 171402, V2 Dish ID: 8853
2025-11-18 14:44:36,188 - INFO -     No modifiers found for this dish
2025-11-18 14:44:36,188 - INFO - 
  [40/93] Aloo Gobi (Course: Vegetables (Side Dish))
2025-11-18 14:44:36,188 - INFO -     DB Dish ID: 171403, V2 Dish ID: 8854
2025-11-18 14:44:38,783 - INFO -     No modifiers found for this dish
2025-11-18 14:44:38,783 - INFO - 
  [41/93] Cauliflower Bhajee (Course: Vegetables (Side Dish))
2025-11-18 14:44:38,783 - INFO -     DB Dish ID: 171404, V2 Dish ID: 8855
2025-11-18 14:44:41,401 - INFO -     No modifiers found for this dish
2025-11-18 14:44:41,402 - INFO - 
  [42/93] Eggplant Bhajee (Course: Vegetables (Side Dish))
2025-11-18 14:44:41,402 - INFO -     DB Dish ID: 171405, V2 Dish ID: 8856
2025-11-18 14:44:43,953 - INFO -     No modifiers found for this dish
2025-11-18 14:44:43,953 - INFO - 
  [43/93] Saag Paneer (Course: Vegetables (Side Dish))
2025-11-18 14:44:43,953 - INFO -     DB Dish ID: 171406, V2 Dish ID: 8857
2025-11-18 14:44:46,561 - INFO -     No modifiers found for this dish
2025-11-18 14:44:46,561 - INFO - 
  [44/93] Mottar Paneer (Course: Vegetables (Side Dish))
2025-11-18 14:44:46,561 - INFO -     DB Dish ID: 171407, V2 Dish ID: 8858
2025-11-18 14:44:49,324 - INFO -     No modifiers found for this dish
2025-11-18 14:44:49,324 - INFO - 
  [45/93] Chicken Tandoori (Course: Tandoori Specialty)
2025-11-18 14:44:49,324 - INFO -     DB Dish ID: 171408, V2 Dish ID: 8859
2025-11-18 14:44:51,821 - INFO -     No modifiers found for this dish
2025-11-18 14:44:51,822 - INFO - 
  [46/93] Chicken Tikka (Tandoori Specialty) (Course: Tandoori Specialty)
2025-11-18 14:44:51,822 - INFO -     DB Dish ID: 171409, V2 Dish ID: 8860
2025-11-18 14:44:54,528 - INFO -     No modifiers found for this dish
2025-11-18 14:44:54,528 - INFO - 
  [47/93] Lamb Tikka (Course: Tandoori Specialty)
2025-11-18 14:44:54,528 - INFO -     DB Dish ID: 171410, V2 Dish ID: 8861
2025-11-18 14:44:57,019 - INFO -     No modifiers found for this dish
2025-11-18 14:44:57,019 - INFO - 
  [48/93] Shrimp Tandoori (Course: Tandoori Specialty)
2025-11-18 14:44:57,019 - INFO -     DB Dish ID: 171411, V2 Dish ID: 8862
2025-11-18 14:44:59,540 - INFO -     No modifiers found for this dish
2025-11-18 14:44:59,540 - INFO - 
  [49/93] Fish Tandoori (Course: Tandoori Specialty)
2025-11-18 14:44:59,540 - INFO -     DB Dish ID: 171412, V2 Dish ID: 8863
2025-11-18 14:45:01,835 - INFO -     No modifiers found for this dish
2025-11-18 14:45:01,835 - INFO - 
  [50/93] Bombay Tandoori Platter (Course: Tandoori Specialty)
2025-11-18 14:45:01,835 - INFO -     DB Dish ID: 171413, V2 Dish ID: 8864
2025-11-18 14:45:04,232 - INFO -     No modifiers found for this dish
2025-11-18 14:45:04,233 - INFO - 
  [51/93] Butter Chicken (Course: Bombay Specialty)
2025-11-18 14:45:04,233 - INFO -     DB Dish ID: 171414, V2 Dish ID: 8865
2025-11-18 14:45:06,750 - INFO -     No modifiers found for this dish
2025-11-18 14:45:06,750 - INFO - 
  [52/93] Garlic Chilli Chicken (Course: Bombay Specialty)
2025-11-18 14:45:06,750 - INFO -     DB Dish ID: 171415, V2 Dish ID: 8868
2025-11-18 14:45:09,313 - INFO -     No modifiers found for this dish
2025-11-18 14:45:09,313 - INFO - 
  [53/93] Chicken Tikka Masala (Course: Bombay Specialty)
2025-11-18 14:45:09,313 - INFO -     DB Dish ID: 171416, V2 Dish ID: 8866
2025-11-18 14:45:11,934 - INFO -     No modifiers found for this dish
2025-11-18 14:45:11,934 - INFO - 
  [54/93] Lamb Tikka Masala (Course: Bombay Specialty)
2025-11-18 14:45:11,934 - INFO -     DB Dish ID: 171417, V2 Dish ID: 8875
2025-11-18 14:45:14,572 - INFO -     No modifiers found for this dish
2025-11-18 14:45:14,572 - INFO - 
  [55/93] Shrimp Tandoori Masala (Course: Bombay Specialty)
2025-11-18 14:45:14,572 - INFO -     DB Dish ID: 171418, V2 Dish ID: 8876
2025-11-18 14:45:17,212 - INFO -     No modifiers found for this dish
2025-11-18 14:45:17,212 - INFO - 
  [56/93] Chicken Tikka Jalfrazi (Course: Bombay Specialty)
2025-11-18 14:45:17,212 - INFO -     DB Dish ID: 171419, V2 Dish ID: 8867
2025-11-18 14:45:19,756 - INFO -     No modifiers found for this dish
2025-11-18 14:45:19,756 - INFO - 
  [57/93] Chicken Tikka Rejala (Course: Bombay Specialty)
2025-11-18 14:45:19,756 - INFO -     DB Dish ID: 171420, V2 Dish ID: 8870
2025-11-18 14:45:22,818 - INFO -     No modifiers found for this dish
2025-11-18 14:45:22,818 - INFO - 
  [58/93] Chicken Pasanda (Course: Bombay Specialty)
2025-11-18 14:45:22,818 - INFO -     DB Dish ID: 171421, V2 Dish ID: 8869
2025-11-18 14:45:25,455 - INFO -     No modifiers found for this dish
2025-11-18 14:45:25,455 - INFO - 
  [59/93] Lamb Pasanda (Course: Bombay Specialty)
2025-11-18 14:45:25,455 - INFO -     DB Dish ID: 171422, V2 Dish ID: 8874
2025-11-18 14:45:27,954 - INFO -     No modifiers found for this dish
2025-11-18 14:45:27,954 - INFO - 
  [60/93] Beef Rejala (Course: Bombay Specialty)
2025-11-18 14:45:27,954 - INFO -     DB Dish ID: 171423, V2 Dish ID: 8871
2025-11-18 14:45:30,496 - INFO -     No modifiers found for this dish
2025-11-18 14:45:30,496 - INFO - 
  [61/93] Chicken Korai (Course: Bombay Specialty)
2025-11-18 14:45:30,496 - INFO -     DB Dish ID: 171424, V2 Dish ID: 8872
2025-11-18 14:45:33,003 - INFO -     No modifiers found for this dish
2025-11-18 14:45:33,003 - INFO - 
  [62/93] Beef Korai (Course: Bombay Specialty)
2025-11-18 14:45:33,003 - INFO -     DB Dish ID: 171425, V2 Dish ID: 8873
2025-11-18 14:45:35,487 - INFO -     No modifiers found for this dish
2025-11-18 14:45:35,487 - INFO - 
  [63/93] Fish Korai (Course: Bombay Specialty)
2025-11-18 14:45:35,487 - INFO -     DB Dish ID: 171426, V2 Dish ID: 8877
2025-11-18 14:45:38,015 - INFO -     No modifiers found for this dish
2025-11-18 14:45:38,016 - INFO - 
  [64/93] Vegetables Biryani (Course: Biryanis)
2025-11-18 14:45:38,016 - INFO -     DB Dish ID: 171427, V2 Dish ID: 8878
2025-11-18 14:45:40,575 - INFO -     No modifiers found for this dish
2025-11-18 14:45:40,575 - INFO - 
  [65/93] Chicken Biryani (Course: Biryanis)
2025-11-18 14:45:40,576 - INFO -     DB Dish ID: 171428, V2 Dish ID: 8879
2025-11-18 14:45:43,224 - INFO -     No modifiers found for this dish
2025-11-18 14:45:43,224 - INFO - 
  [66/93] Beef Biryani (Course: Biryanis)
2025-11-18 14:45:43,224 - INFO -     DB Dish ID: 171429, V2 Dish ID: 8880
2025-11-18 14:45:45,775 - INFO -     No modifiers found for this dish
2025-11-18 14:45:45,775 - INFO - 
  [67/93] Shrimp Biryani (Course: Biryanis)
2025-11-18 14:45:45,775 - INFO -     DB Dish ID: 171430, V2 Dish ID: 8881
2025-11-18 14:45:48,403 - INFO -     No modifiers found for this dish
2025-11-18 14:45:48,403 - INFO - 
  [68/93] Lamb Biryani (Course: Biryanis)
2025-11-18 14:45:48,403 - INFO -     DB Dish ID: 171431, V2 Dish ID: 8882
2025-11-18 14:45:50,991 - INFO -     No modifiers found for this dish
2025-11-18 14:45:50,991 - INFO - 
  [69/93] Pulao Rice (Course: Rice)
2025-11-18 14:45:50,991 - INFO -     DB Dish ID: 171432, V2 Dish ID: 8883
2025-11-18 14:45:53,425 - INFO -     No modifiers found for this dish
2025-11-18 14:45:53,425 - INFO - 
  [70/93] Special Fried Rice (Course: Rice)
2025-11-18 14:45:53,425 - INFO -     DB Dish ID: 171433, V2 Dish ID: 8884
2025-11-18 14:45:56,056 - INFO -     No modifiers found for this dish
2025-11-18 14:45:56,056 - INFO - 
  [71/93] Mushroom Rice (Course: Rice)
2025-11-18 14:45:56,056 - INFO -     DB Dish ID: 171434, V2 Dish ID: 8885
2025-11-18 14:45:58,602 - INFO -     No modifiers found for this dish
2025-11-18 14:45:58,602 - INFO - 
  [72/93] Peas Rice (Course: Rice)
2025-11-18 14:45:58,602 - INFO -     DB Dish ID: 171435, V2 Dish ID: 8886
2025-11-18 14:46:01,238 - INFO -     No modifiers found for this dish
2025-11-18 14:46:01,238 - INFO - 
  [73/93] Vegetable Rice (Course: Rice)
2025-11-18 14:46:01,238 - INFO -     DB Dish ID: 171436, V2 Dish ID: 8887
2025-11-18 14:46:03,774 - INFO -     No modifiers found for this dish
2025-11-18 14:46:03,774 - INFO - 
  [74/93] Papadum (Course: Indian Breads)
2025-11-18 14:46:03,774 - INFO -     DB Dish ID: 171437, V2 Dish ID: 8888
2025-11-18 14:46:06,253 - INFO -     No modifiers found for this dish
2025-11-18 14:46:06,253 - INFO - 
  [75/93] Chapati (Course: Indian Breads)
2025-11-18 14:46:06,253 - INFO -     DB Dish ID: 171438, V2 Dish ID: 8889
2025-11-18 14:46:08,964 - INFO -     No modifiers found for this dish
2025-11-18 14:46:08,964 - INFO - 
  [76/93] Naan (Course: Indian Breads)
2025-11-18 14:46:08,964 - INFO -     DB Dish ID: 171439, V2 Dish ID: 8890
2025-11-18 14:46:11,432 - INFO -     No modifiers found for this dish
2025-11-18 14:46:11,432 - INFO - 
  [77/93] Garlic Naan (Course: Indian Breads)
2025-11-18 14:46:11,432 - INFO -     DB Dish ID: 171440, V2 Dish ID: 8891
2025-11-18 14:46:14,131 - INFO -     No modifiers found for this dish
2025-11-18 14:46:14,131 - INFO - 
  [78/93] Cheese Naan (Course: Indian Breads)
2025-11-18 14:46:14,132 - INFO -     DB Dish ID: 171441, V2 Dish ID: 8892
2025-11-18 14:46:16,712 - INFO -     No modifiers found for this dish
2025-11-18 14:46:16,712 - INFO - 
  [79/93] Parata (Course: Indian Breads)
2025-11-18 14:46:16,712 - INFO -     DB Dish ID: 171442, V2 Dish ID: 8893
2025-11-18 14:46:19,275 - INFO -     No modifiers found for this dish
2025-11-18 14:46:19,276 - INFO - 
  [80/93] Yogurt (Course: Sundried and Others)
2025-11-18 14:46:19,276 - INFO -     DB Dish ID: 171443, V2 Dish ID: 8894
2025-11-18 14:46:21,835 - INFO -     No modifiers found for this dish
2025-11-18 14:46:21,835 - INFO - 
  [81/93] Cucumber Raeta (Course: Sundried and Others)
2025-11-18 14:46:21,835 - INFO -     DB Dish ID: 171444, V2 Dish ID: 8895
2025-11-18 14:46:24,387 - INFO -     No modifiers found for this dish
2025-11-18 14:46:24,387 - INFO - 
  [82/93] Mango Pickle (Course: Sundried and Others)
2025-11-18 14:46:24,387 - INFO -     DB Dish ID: 171445, V2 Dish ID: 8896
2025-11-18 14:46:27,077 - INFO -     No modifiers found for this dish
2025-11-18 14:46:27,077 - INFO - 
  [83/93] Lime Pickle (Course: Sundried and Others)
2025-11-18 14:46:27,078 - INFO -     DB Dish ID: 171446, V2 Dish ID: 8897
2025-11-18 14:46:29,680 - INFO -     No modifiers found for this dish
2025-11-18 14:46:29,680 - INFO - 
  [84/93] Mango Chutney (Course: Sundried and Others)
2025-11-18 14:46:29,680 - INFO -     DB Dish ID: 171447, V2 Dish ID: 8898
2025-11-18 14:46:32,368 - INFO -     No modifiers found for this dish
2025-11-18 14:46:32,369 - INFO - 
  [85/93] Onion Salad (Course: Sundried and Others)
2025-11-18 14:46:32,369 - INFO -     DB Dish ID: 171448, V2 Dish ID: 8899
2025-11-18 14:46:35,037 - INFO -     No modifiers found for this dish
2025-11-18 14:46:35,037 - INFO - 
  [86/93] Combo A (Course: Combos)
2025-11-18 14:46:35,037 - INFO -     DB Dish ID: 171449, V2 Dish ID: 8900
2025-11-18 14:46:37,659 - INFO -     No modifiers found for this dish
2025-11-18 14:46:37,659 - INFO - 
  [87/93] Combo AA (Course: Combos)
2025-11-18 14:46:37,659 - INFO -     DB Dish ID: 171450, V2 Dish ID: 8901
2025-11-18 14:46:40,216 - INFO -     No modifiers found for this dish
2025-11-18 14:46:40,216 - INFO - 
  [88/93] Combo B (Course: Combos)
2025-11-18 14:46:40,216 - INFO -     DB Dish ID: 171451, V2 Dish ID: 8902
2025-11-18 14:46:42,846 - INFO -     No modifiers found for this dish
2025-11-18 14:46:42,846 - INFO - 
  [89/93] Combo BB (Course: Combos)
2025-11-18 14:46:42,846 - INFO -     DB Dish ID: 171452, V2 Dish ID: 8903
2025-11-18 14:46:45,400 - INFO -     No modifiers found for this dish
2025-11-18 14:46:45,400 - INFO - 
  [90/93] Combo C (Course: Combos)
2025-11-18 14:46:45,400 - INFO -     DB Dish ID: 171453, V2 Dish ID: 8904
2025-11-18 14:46:48,017 - INFO -     No modifiers found for this dish
2025-11-18 14:46:48,017 - INFO - 
  [91/93] Combo CC (Course: Combos)
2025-11-18 14:46:48,017 - INFO -     DB Dish ID: 171454, V2 Dish ID: 8905
2025-11-18 14:46:50,609 - INFO -     No modifiers found for this dish
2025-11-18 14:46:50,609 - INFO - 
  [92/93] Combo D (Course: Combos)
2025-11-18 14:46:50,610 - INFO -     DB Dish ID: 171455, V2 Dish ID: 8906
2025-11-18 14:46:53,231 - INFO -     No modifiers found for this dish
2025-11-18 14:46:53,231 - INFO - 
  [93/93] Combo DD (Course: Combos)
2025-11-18 14:46:53,231 - INFO -     DB Dish ID: 171456, V2 Dish ID: 8907
2025-11-18 14:46:55,759 - INFO -     No modifiers found for this dish
2025-11-18 14:46:55,759 - INFO -   JSON saved: restaurant_960_modifiers.json
2025-11-18 14:46:55,759 - INFO - 
================================================================================
2025-11-18 14:46:55,759 - INFO - [3/10] PROCESSING: Chicco Shawarma Cantley
2025-11-18 14:46:55,759 - INFO - ================================================================================
2025-11-18 14:46:55,759 - INFO - DB ID: 961
2025-11-18 14:46:56,171 - INFO - Found 28 dishes to process
2025-11-18 14:46:56,172 - INFO - V2 Restaurant ID: 1658
2025-11-18 14:46:56,172 - INFO - 
  [1/28] Shawarma 6" (Course: Shawarmas)
2025-11-18 14:46:56,172 - INFO -     DB Dish ID: 171457, V2 Dish ID: 9000
2025-11-18 14:47:01,770 - INFO -     No modifiers found for this dish
2025-11-18 14:47:01,770 - INFO - 
  [2/28] Shawarma 6" TRIO (Course: Shawarmas)
2025-11-18 14:47:01,770 - INFO -     DB Dish ID: 171458, V2 Dish ID: 9001
2025-11-18 14:47:09,030 - INFO - 
  [3/28] Shawarma 12" (Course: Shawarmas)
2025-11-18 14:47:09,031 - INFO -     DB Dish ID: 171459, V2 Dish ID: 9002
2025-11-18 14:47:14,433 - INFO -     No modifiers found for this dish
2025-11-18 14:47:14,433 - INFO - 
  [4/28] Shawarma 12" TRIO (Course: Shawarmas)
2025-11-18 14:47:14,433 - INFO -     DB Dish ID: 171460, V2 Dish ID: 9003
2025-11-18 14:47:21,518 - INFO - 
  [5/28] Assiette Shawarma (Course: Shawarmas)
2025-11-18 14:47:21,518 - INFO -     DB Dish ID: 171461, V2 Dish ID: 9004
2025-11-18 14:47:27,046 - INFO -     No modifiers found for this dish
2025-11-18 14:47:27,046 - INFO - 
  [6/28] Assiette Shawarma TRIO (Course: Shawarmas)
2025-11-18 14:47:27,046 - INFO -     DB Dish ID: 171462, V2 Dish ID: 9005
2025-11-18 14:47:34,267 - INFO - 
  [7/28] Assiette Vegetarienne Falafel (Course: Shawarmas)
2025-11-18 14:47:34,267 - INFO -     DB Dish ID: 171463, V2 Dish ID: 9006
2025-11-18 14:47:39,826 - INFO -     No modifiers found for this dish
2025-11-18 14:47:39,826 - INFO - 
  [8/28] Assiette Vegetarienne Falafel TRIO (Course: Shawarmas)
2025-11-18 14:47:39,826 - INFO -     DB Dish ID: 171464, V2 Dish ID: 9007
2025-11-18 14:47:47,039 - INFO - 
  [9/28] Assiette Familiale (Course: Shawarmas Formats Familiaux)
2025-11-18 14:47:47,039 - INFO -     DB Dish ID: 171465, V2 Dish ID: 9008
2025-11-18 14:47:53,606 - INFO - 
  [10/28] Assiette Familiale Mixte (Course: Shawarmas Formats Familiaux)
2025-11-18 14:47:53,606 - INFO -     DB Dish ID: 171466, V2 Dish ID: 9009
2025-11-18 14:48:00,050 - INFO - 
  [11/28] 4 TRIOS Shawarma 6" (Course: Shawarmas Formats Familiaux)
2025-11-18 14:48:00,050 - INFO -     DB Dish ID: 171467, V2 Dish ID: 9010
2025-11-18 14:48:05,622 - INFO -     No modifiers found for this dish
2025-11-18 14:48:05,622 - INFO - 
  [12/28] Salade au Poulet (Course: Salades)
2025-11-18 14:48:05,622 - INFO -     DB Dish ID: 171468, V2 Dish ID: 9011
2025-11-18 14:48:11,147 - INFO -     No modifiers found for this dish
2025-11-18 14:48:11,147 - INFO - 
  [13/28] Salade au Boeuf (Course: Salades)
2025-11-18 14:48:11,147 - INFO -     DB Dish ID: 171469, V2 Dish ID: 9012
2025-11-18 14:48:16,600 - INFO -     No modifiers found for this dish
2025-11-18 14:48:16,600 - INFO - 
  [14/28] Salade Fattouche (Course: Salades)
2025-11-18 14:48:16,600 - INFO -     DB Dish ID: 171470, V2 Dish ID: 9013
2025-11-18 14:48:22,098 - INFO -     No modifiers found for this dish
2025-11-18 14:48:22,098 - INFO - 
  [15/28] Salade Taboulé (Course: Salades)
2025-11-18 14:48:22,098 - INFO -     DB Dish ID: 171471, V2 Dish ID: 9014
2025-11-18 14:48:27,613 - INFO -     No modifiers found for this dish
2025-11-18 14:48:27,613 - INFO - 
  [16/28] Patate à l’ail (Course: Les à Cotés)
2025-11-18 14:48:27,614 - INFO -     DB Dish ID: 171472, V2 Dish ID: 9015
2025-11-18 14:48:33,128 - INFO -     No modifiers found for this dish
2025-11-18 14:48:33,128 - INFO - 
  [17/28] Frites (Course: Les à Cotés)
2025-11-18 14:48:33,129 - INFO -     DB Dish ID: 171473, V2 Dish ID: 9016
2025-11-18 14:48:38,670 - INFO -     No modifiers found for this dish
2025-11-18 14:48:38,670 - INFO - 
  [18/28] Riz Libanais (Course: Les à Cotés)
2025-11-18 14:48:38,670 - INFO -     DB Dish ID: 171474, V2 Dish ID: 9017
2025-11-18 14:48:44,173 - INFO -     No modifiers found for this dish
2025-11-18 14:48:44,173 - INFO - 
  [19/28] Sauce à l’ail (Course: Les à Cotés)
2025-11-18 14:48:44,173 - INFO -     DB Dish ID: 171475, V2 Dish ID: 9018
2025-11-18 14:48:49,638 - INFO -     No modifiers found for this dish
2025-11-18 14:48:49,638 - INFO - 
  [20/28] Falafel (Course: Les à Cotés)
2025-11-18 14:48:49,638 - INFO -     DB Dish ID: 171476, V2 Dish ID: 9019
2025-11-18 14:48:55,169 - INFO -     No modifiers found for this dish
2025-11-18 14:48:55,169 - INFO - 
  [21/28] Baklava maison (Course: Les à Cotés)
2025-11-18 14:48:55,169 - INFO -     DB Dish ID: 171477, V2 Dish ID: 9020
2025-11-18 14:49:00,631 - INFO -     No modifiers found for this dish
2025-11-18 14:49:00,631 - INFO - 
  [22/28] Pepsi (Course: Breuvages)
2025-11-18 14:49:00,631 - INFO -     DB Dish ID: 171478, V2 Dish ID: 9052
2025-11-18 14:49:06,116 - INFO -     No modifiers found for this dish
2025-11-18 14:49:06,116 - INFO - 
  [23/28] Diet Pepsi (Course: Breuvages)
2025-11-18 14:49:06,116 - INFO -     DB Dish ID: 171479, V2 Dish ID: 9053
2025-11-18 14:49:11,695 - INFO -     No modifiers found for this dish
2025-11-18 14:49:11,695 - INFO - 
  [24/28] Mug Root Beer (Course: Breuvages)
2025-11-18 14:49:11,695 - INFO -     DB Dish ID: 171480, V2 Dish ID: 9054
2025-11-18 14:49:17,150 - INFO -     No modifiers found for this dish
2025-11-18 14:49:17,150 - INFO - 
  [25/28] Orange Crush (Course: Breuvages)
2025-11-18 14:49:17,150 - INFO -     DB Dish ID: 171481, V2 Dish ID: 9055
2025-11-18 14:49:22,639 - INFO -     No modifiers found for this dish
2025-11-18 14:49:22,639 - INFO - 
  [26/28] 7Up (Course: Breuvages)
2025-11-18 14:49:22,639 - INFO -     DB Dish ID: 171482, V2 Dish ID: 9056
2025-11-18 14:49:28,120 - INFO -     No modifiers found for this dish
2025-11-18 14:49:28,120 - INFO - 
  [27/28] Dr.Pepper (Course: Breuvages)
2025-11-18 14:49:28,121 - INFO -     DB Dish ID: 171483, V2 Dish ID: 9057
2025-11-18 14:49:33,661 - INFO -     No modifiers found for this dish
2025-11-18 14:49:33,661 - INFO - 
  [28/28] Eau (Course: Breuvages)
2025-11-18 14:49:33,661 - INFO -     DB Dish ID: 171484, V2 Dish ID: 9058
2025-11-18 14:49:39,192 - INFO -     No modifiers found for this dish
2025-11-18 14:49:39,193 - INFO -   JSON saved: restaurant_961_modifiers.json
2025-11-18 14:49:39,193 - INFO - 
================================================================================
2025-11-18 14:49:39,193 - INFO - [4/10] PROCESSING: Chicco Pizza Shawarma Anger
2025-11-18 14:49:39,193 - INFO - ================================================================================
2025-11-18 14:49:39,193 - INFO - DB ID: 963
2025-11-18 14:49:39,547 - INFO - Found 70 dishes to process
2025-11-18 14:49:39,547 - INFO - V2 Restaurant ID: 1660
2025-11-18 14:49:39,547 - INFO - 
  [1/70] Moyenne Pepperoni Pizza (Course: Special des Series)
2025-11-18 14:49:39,548 - INFO -     DB Dish ID: 171187, V2 Dish ID: 10489
2025-11-18 14:49:47,516 - INFO - 
  [2/70] Deux Moyenne Pepperoni Pizzas (Course: Special des Series)
2025-11-18 14:49:47,516 - INFO -     DB Dish ID: 171188, V2 Dish ID: 10490
2025-11-18 14:49:53,163 - INFO -     No modifiers found for this dish
2025-11-18 14:49:53,163 - INFO - 
  [3/70] Le Festin (Course: Spéciaux)
2025-11-18 14:49:53,163 - INFO -     DB Dish ID: 171189, V2 Dish ID: 9353
2025-11-18 14:49:58,792 - INFO -     No modifiers found for this dish
2025-11-18 14:49:58,792 - INFO - 
  [4/70] Spécial Chicco (Course: Spéciaux)
2025-11-18 14:49:58,792 - INFO -     DB Dish ID: 171190, V2 Dish ID: 9352
2025-11-18 14:50:04,421 - INFO -     No modifiers found for this dish
2025-11-18 14:50:04,421 - INFO - 
  [5/70] Le Grand Duo (Course: Spéciaux)
2025-11-18 14:50:04,422 - INFO -     DB Dish ID: 171191, V2 Dish ID: 9351
2025-11-18 14:50:10,072 - INFO -     No modifiers found for this dish
2025-11-18 14:50:10,072 - INFO - 
  [6/70] Spécial Familia (Course: Spéciaux)
2025-11-18 14:50:10,072 - INFO -     DB Dish ID: 171313, V2 Dish ID: 9354
2025-11-18 14:50:15,741 - INFO -     No modifiers found for this dish
2025-11-18 14:50:15,741 - INFO - 
  [7/70] Shawarma 6” (Course: Shawarmas)
2025-11-18 14:50:15,741 - INFO -     DB Dish ID: 171192, V2 Dish ID: 9091
2025-11-18 14:50:21,589 - INFO -     No modifiers found for this dish
2025-11-18 14:50:21,589 - INFO - 
  [8/70] Shawarma 6” TRIO (Course: Shawarmas)
2025-11-18 14:50:21,589 - INFO -     DB Dish ID: 171193, V2 Dish ID: 9092
2025-11-18 14:50:29,284 - INFO - 
  [9/70] Shawarma 12” (Course: Shawarmas)
2025-11-18 14:50:29,285 - INFO -     DB Dish ID: 171194, V2 Dish ID: 9093
2025-11-18 14:50:35,126 - INFO -     No modifiers found for this dish
2025-11-18 14:50:35,126 - INFO - 
  [10/70] Shawarma 12” TRIO (Course: Shawarmas)
2025-11-18 14:50:35,126 - INFO -     DB Dish ID: 171195, V2 Dish ID: 9094
2025-11-18 14:50:42,710 - INFO - 
  [11/70] Petit Assiette Shawarma (Course: Shawarmas)
2025-11-18 14:50:42,710 - INFO -     DB Dish ID: 171196, V2 Dish ID: 9095
2025-11-18 14:50:48,401 - INFO -     No modifiers found for this dish
2025-11-18 14:50:48,401 - INFO - 
  [12/70] Petit Assiette Shawarma TRIO (Course: Shawarmas)
2025-11-18 14:50:48,402 - INFO -     DB Dish ID: 171197, V2 Dish ID: 9096
2025-11-18 14:50:56,000 - INFO - 
  [13/70] Grande Assiette Shawarma (Course: Shawarmas)
2025-11-18 14:50:56,001 - INFO -     DB Dish ID: 171198, V2 Dish ID: 9097
2025-11-18 14:51:01,754 - INFO -     No modifiers found for this dish
2025-11-18 14:51:01,755 - INFO - 
  [14/70] Grande Assiette Shawarma TRIO (Course: Shawarmas)
2025-11-18 14:51:01,755 - INFO -     DB Dish ID: 171199, V2 Dish ID: 9098
2025-11-18 14:51:09,261 - INFO - 
  [15/70] Assiette Vegetarienne (Course: Shawarmas)
2025-11-18 14:51:09,262 - INFO -     DB Dish ID: 171200, V2 Dish ID: 9099
2025-11-18 14:51:15,051 - INFO -     No modifiers found for this dish
2025-11-18 14:51:15,051 - INFO - 
  [16/70] Assiette Vegetarienne TRIO (Course: Shawarmas)
2025-11-18 14:51:15,051 - INFO -     DB Dish ID: 171201, V2 Dish ID: 9100
2025-11-18 14:51:23,477 - INFO - 
  [17/70] Assiette Familiale (Course: Shawarmas Formats Familiaux)
2025-11-18 14:51:23,477 - INFO -     DB Dish ID: 171202, V2 Dish ID: 9101
2025-11-18 14:51:30,687 - INFO - 
  [18/70] Assiette Familiale Mixte (Course: Shawarmas Formats Familiaux)
2025-11-18 14:51:30,687 - INFO -     DB Dish ID: 171203, V2 Dish ID: 9102
2025-11-18 14:51:38,090 - INFO - 
  [19/70] Assiette 1 Viande Pour Deux (Course: Shawarmas Formats Familiaux)
2025-11-18 14:51:38,091 - INFO -     DB Dish ID: 171204, V2 Dish ID: 9103
2025-11-18 14:51:45,389 - INFO - 
  [20/70] Assiette 2 Viandes Pour Deux (Course: Shawarmas Formats Familiaux)
2025-11-18 14:51:45,389 - INFO -     DB Dish ID: 171205, V2 Dish ID: 9104
2025-11-18 14:51:52,681 - INFO - 
  [21/70] Pizza au Fromage (Course: Les Pizzas Classiques)
2025-11-18 14:51:52,681 - INFO -     DB Dish ID: 171206, V2 Dish ID: 9105
2025-11-18 14:52:00,827 - INFO - 
  [22/70] Pizza au Pepperoni (Course: Les Pizzas Classiques)
2025-11-18 14:52:00,827 - INFO -     DB Dish ID: 171207, V2 Dish ID: 9106
2025-11-18 14:52:09,059 - INFO - 
  [23/70] La Bacon Fromage (Course: Les Pizzas Classiques)
2025-11-18 14:52:09,059 - INFO -     DB Dish ID: 171208, V2 Dish ID: 9107
2025-11-18 14:52:17,677 - INFO - 
  [24/70] La Pepperoni  Bacon (Course: Les Pizzas Classiques)
2025-11-18 14:52:17,677 - INFO -     DB Dish ID: 171209, V2 Dish ID: 9108
2025-11-18 14:52:25,616 - INFO - 
  [25/70] La Toute  Garnie (Course: Les Pizzas Classiques)
2025-11-18 14:52:25,617 - INFO -     DB Dish ID: 171210, V2 Dish ID: 9109
2025-11-18 14:52:33,609 - INFO - 
  [26/70] L’hawaiienne (Course: Les Pizzas Classiques)
2025-11-18 14:52:33,609 - INFO -     DB Dish ID: 171211, V2 Dish ID: 9110
2025-11-18 14:52:41,516 - INFO - 
  [27/70] La Super  Garnie (Course: Les Pizzas Classiques)
2025-11-18 14:52:41,516 - INFO -     DB Dish ID: 171212, V2 Dish ID: 9111
2025-11-18 14:52:49,521 - INFO - 
  [28/70] La Végétarienne (Course: Les Pizzas Classiques)
2025-11-18 14:52:49,521 - INFO -     DB Dish ID: 171213, V2 Dish ID: 9112
2025-11-18 14:52:57,531 - INFO - 
  [29/70] La Pizza Maison (Course: Les Pizzas Spécialités)
2025-11-18 14:52:57,531 - INFO -     DB Dish ID: 171214, V2 Dish ID: 9113
2025-11-18 14:53:05,441 - INFO - 
  [30/70] Le Spécial du Chef (Course: Les Pizzas Spécialités)
2025-11-18 14:53:05,441 - INFO -     DB Dish ID: 171215, V2 Dish ID: 9114
2025-11-18 14:53:13,354 - INFO - 
  [31/70] La Chicco Poulet BBQ (Course: Les Pizzas Spécialités)
2025-11-18 14:53:13,354 - INFO -     DB Dish ID: 171216, V2 Dish ID: 9115
2025-11-18 14:53:21,404 - INFO - 
  [32/70] L’accro du Pepperoni (Course: Les Pizzas Spécialités)
2025-11-18 14:53:21,405 - INFO -     DB Dish ID: 171217, V2 Dish ID: 9116
2025-11-18 14:53:29,417 - INFO - 
  [33/70] Le Gros Lot (Course: Les Pizzas Spécialités)
2025-11-18 14:53:29,417 - INFO -     DB Dish ID: 171218, V2 Dish ID: 9117
2025-11-18 14:53:37,405 - INFO - 
  [34/70] Pizza Pep Bacon Olive (Course: Les Pizzas Spécialités)
2025-11-18 14:53:37,405 - INFO -     DB Dish ID: 171219, V2 Dish ID: 9118
2025-11-18 14:53:45,347 - INFO - 
  [35/70] La Quebecoise (Course: Les Pizzas Spécialités)
2025-11-18 14:53:45,348 - INFO -     DB Dish ID: 171220, V2 Dish ID: 9119
2025-11-18 14:53:53,263 - INFO - 
  [36/70] La Meat Lover (Course: Les Pizzas Spécialités)
2025-11-18 14:53:53,264 - INFO -     DB Dish ID: 171221, V2 Dish ID: 9120
2025-11-18 14:54:01,182 - INFO - 
  [37/70] Salade César (Course: Salades)
2025-11-18 14:54:01,182 - INFO -     DB Dish ID: 171222, V2 Dish ID: 9121
2025-11-18 14:54:06,840 - INFO -     No modifiers found for this dish
2025-11-18 14:54:06,840 - INFO - 
  [38/70] Salade Poulet (Course: Salades)
2025-11-18 14:54:06,840 - INFO -     DB Dish ID: 171223, V2 Dish ID: 9122
2025-11-18 14:54:12,540 - INFO -     No modifiers found for this dish
2025-11-18 14:54:12,540 - INFO - 
  [39/70] Salade Mixte (Course: Salades)
2025-11-18 14:54:12,540 - INFO -     DB Dish ID: 171224, V2 Dish ID: 9123
2025-11-18 14:54:18,222 - INFO -     No modifiers found for this dish
2025-11-18 14:54:18,222 - INFO - 
  [40/70] Salade Fattouche (Course: Salades)
2025-11-18 14:54:18,222 - INFO -     DB Dish ID: 171225, V2 Dish ID: 9124
2025-11-18 14:54:24,092 - INFO -     No modifiers found for this dish
2025-11-18 14:54:24,092 - INFO - 
  [41/70] Salade Taboulé (Course: Salades)
2025-11-18 14:54:24,092 - INFO -     DB Dish ID: 171226, V2 Dish ID: 9125
2025-11-18 14:54:29,787 - INFO -     No modifiers found for this dish
2025-11-18 14:54:29,787 - INFO - 
  [42/70] Nachos fromage (Course: Les Nachos)
2025-11-18 14:54:29,787 - INFO -     DB Dish ID: 171227, V2 Dish ID: 9126
2025-11-18 14:54:35,442 - INFO -     No modifiers found for this dish
2025-11-18 14:54:35,442 - INFO - 
  [43/70] Nachos légumes (Course: Les Nachos)
2025-11-18 14:54:35,442 - INFO -     DB Dish ID: 171228, V2 Dish ID: 9127
2025-11-18 14:54:41,070 - INFO -     No modifiers found for this dish
2025-11-18 14:54:41,071 - INFO - 
  [44/70] Nachos Chicco (Course: Les Nachos)
2025-11-18 14:54:41,071 - INFO -     DB Dish ID: 171229, V2 Dish ID: 9128
2025-11-18 14:54:46,735 - INFO -     No modifiers found for this dish
2025-11-18 14:54:46,735 - INFO - 
  [45/70] Club Sandwich (Course: Club Sandwich)
2025-11-18 14:54:46,736 - INFO -     DB Dish ID: 171230, V2 Dish ID: 9129
2025-11-18 14:54:52,284 - INFO -     No modifiers found for this dish
2025-11-18 14:54:52,284 - INFO - 
  [46/70] Club Poutine (Course: Club Sandwich)
2025-11-18 14:54:52,284 - INFO -     DB Dish ID: 171231, V2 Dish ID: 9130
2025-11-18 14:54:57,970 - INFO -     No modifiers found for this dish
2025-11-18 14:54:57,970 - INFO - 
  [47/70] Club Shawarma (Course: Les à Cotés)
2025-11-18 14:54:57,970 - INFO -     DB Dish ID: 171232, V2 Dish ID: 9131
2025-11-18 14:55:03,643 - INFO -     No modifiers found for this dish
2025-11-18 14:55:03,643 - INFO - 
  [48/70] Ailes de Poulet (Course: Les à Cotés)
2025-11-18 14:55:03,643 - INFO -     DB Dish ID: 171233, V2 Dish ID: 9132
2025-11-18 14:55:10,655 - INFO - 
  [49/70] Sauce à l’ail (Course: Les à Cotés)
2025-11-18 14:55:10,656 - INFO -     DB Dish ID: 171234, V2 Dish ID: 9133
2025-11-18 14:55:16,393 - INFO -     No modifiers found for this dish
2025-11-18 14:55:16,393 - INFO - 
  [50/70] Humus (Course: Les à Cotés)
2025-11-18 14:55:16,393 - INFO -     DB Dish ID: 171235, V2 Dish ID: 9134
2025-11-18 14:55:22,295 - INFO -     No modifiers found for this dish
2025-11-18 14:55:22,295 - INFO - 
  [51/70] Sauce Sésame (Course: Les à Cotés)
2025-11-18 14:55:22,295 - INFO -     DB Dish ID: 171236, V2 Dish ID: 9135
2025-11-18 14:55:31,116 - INFO -     No modifiers found for this dish
2025-11-18 14:55:31,116 - INFO - 
  [52/70] Sauce Sucré (Course: Les à Cotés)
2025-11-18 14:55:31,116 - INFO -     DB Dish ID: 171237, V2 Dish ID: 9136
2025-11-18 14:55:36,672 - INFO -     No modifiers found for this dish
2025-11-18 14:55:36,672 - INFO - 
  [53/70] Patate à l’ail (Course: Les à Cotés)
2025-11-18 14:55:36,672 - INFO -     DB Dish ID: 171238, V2 Dish ID: 9137
2025-11-18 14:55:42,271 - INFO -     No modifiers found for this dish
2025-11-18 14:55:42,271 - INFO - 
  [54/70] Frites (Course: Les à Cotés)
2025-11-18 14:55:42,272 - INFO -     DB Dish ID: 171239, V2 Dish ID: 9138
2025-11-18 14:55:47,814 - INFO -     No modifiers found for this dish
2025-11-18 14:55:47,815 - INFO - 
  [55/70] Pita Chip (Course: Les à Cotés)
2025-11-18 14:55:47,815 - INFO -     DB Dish ID: 171240, V2 Dish ID: 9139
2025-11-18 14:55:53,434 - INFO -     No modifiers found for this dish
2025-11-18 14:55:53,434 - INFO - 
  [56/70] Poutine (Course: Les à Cotés)
2025-11-18 14:55:53,434 - INFO -     DB Dish ID: 171241, V2 Dish ID: 9140
2025-11-18 14:55:59,005 - INFO -     No modifiers found for this dish
2025-11-18 14:55:59,005 - INFO - 
  [57/70] Poutine au Poulet (Course: Les à Cotés)
2025-11-18 14:55:59,005 - INFO -     DB Dish ID: 171242, V2 Dish ID: 9141
2025-11-18 14:56:04,674 - INFO -     No modifiers found for this dish
2025-11-18 14:56:04,675 - INFO - 
  [58/70] Riz (Course: Les à Cotés)
2025-11-18 14:56:04,675 - INFO -     DB Dish ID: 171243, V2 Dish ID: 9142
2025-11-18 14:56:10,556 - INFO -     No modifiers found for this dish
2025-11-18 14:56:10,557 - INFO - 
  [59/70] Trempettes (Course: Les à Cotés)
2025-11-18 14:56:10,557 - INFO -     DB Dish ID: 171244, V2 Dish ID: 9143
2025-11-18 14:56:16,118 - INFO -     No modifiers found for this dish
2025-11-18 14:56:16,118 - INFO - 
  [60/70] Pizza Nutella (Course: Desserts)
2025-11-18 14:56:16,118 - INFO -     DB Dish ID: 171245, V2 Dish ID: 9145
2025-11-18 14:56:21,683 - INFO -     No modifiers found for this dish
2025-11-18 14:56:21,683 - INFO - 
  [61/70] Baklava (Course: Desserts)
2025-11-18 14:56:21,683 - INFO -     DB Dish ID: 171246, V2 Dish ID: 9146
2025-11-18 14:56:27,283 - INFO -     No modifiers found for this dish
2025-11-18 14:56:27,283 - INFO - 
  [62/70] Pepsi (Course: Breuvages)
2025-11-18 14:56:27,283 - INFO -     DB Dish ID: 171247, V2 Dish ID: 9147
2025-11-18 14:56:32,849 - INFO -     No modifiers found for this dish
2025-11-18 14:56:32,849 - INFO - 
  [63/70] Diet Pepsi (Course: Breuvages)
2025-11-18 14:56:32,849 - INFO -     DB Dish ID: 171248, V2 Dish ID: 9148
2025-11-18 14:56:38,585 - INFO -     No modifiers found for this dish
2025-11-18 14:56:38,585 - INFO - 
  [64/70] Mug Root Beer (Course: Breuvages)
2025-11-18 14:56:38,585 - INFO -     DB Dish ID: 171249, V2 Dish ID: 9149
2025-11-18 14:56:44,157 - INFO -     No modifiers found for this dish
2025-11-18 14:56:44,157 - INFO - 
  [65/70] Orange Crush (Course: Breuvages)
2025-11-18 14:56:44,157 - INFO -     DB Dish ID: 171250, V2 Dish ID: 9150
2025-11-18 14:56:49,733 - INFO -     No modifiers found for this dish
2025-11-18 14:56:49,733 - INFO - 
  [66/70] Brisk Iced Tea (Course: Breuvages)
2025-11-18 14:56:49,733 - INFO -     DB Dish ID: 171251, V2 Dish ID: 9151
2025-11-18 14:56:55,349 - INFO -     No modifiers found for this dish
2025-11-18 14:56:55,349 - INFO - 
  [67/70] Dr.Pepper (Course: Breuvages)
2025-11-18 14:56:55,349 - INFO -     DB Dish ID: 171252, V2 Dish ID: 9152
2025-11-18 14:57:00,922 - INFO -     No modifiers found for this dish
2025-11-18 14:57:00,922 - INFO - 
  [68/70] 7 Up (Course: Breuvages)
2025-11-18 14:57:00,922 - INFO -     DB Dish ID: 171253, V2 Dish ID: 9153
2025-11-18 14:57:06,534 - INFO -     No modifiers found for this dish
2025-11-18 14:57:06,534 - INFO - 
  [69/70] Diet 7 Up (Course: Breuvages)
2025-11-18 14:57:06,535 - INFO -     DB Dish ID: 171254, V2 Dish ID: 9154
2025-11-18 14:57:12,111 - INFO -     No modifiers found for this dish
2025-11-18 14:57:12,111 - INFO - 
  [70/70] Eau (Course: Breuvages)
2025-11-18 14:57:12,111 - INFO -     DB Dish ID: 171255, V2 Dish ID: 9155
2025-11-18 14:57:17,733 - INFO -     No modifiers found for this dish
2025-11-18 14:57:17,737 - INFO -   JSON saved: restaurant_963_modifiers.json
2025-11-18 14:57:17,737 - INFO - 
================================================================================
2025-11-18 14:57:17,737 - INFO - [5/10] PROCESSING: Chicco Pizza Maloney
2025-11-18 14:57:17,737 - INFO - ================================================================================
2025-11-18 14:57:17,737 - INFO - DB ID: 964
2025-11-18 14:57:18,168 - INFO - Found 61 dishes to process
2025-11-18 14:57:18,169 - INFO - V2 Restaurant ID: 1661
2025-11-18 14:57:18,169 - INFO - 
  [1/61] Moyenne Pepperoni Pizza (Course: Special des Series)
2025-11-18 14:57:18,169 - INFO -     DB Dish ID: 171485, V2 Dish ID: 10487
2025-11-18 14:57:26,165 - INFO - 
  [2/61] Deux Moyenne Pepperoni Pizzas (Course: Special des Series)
2025-11-18 14:57:26,165 - INFO -     DB Dish ID: 171486, V2 Dish ID: 10488
2025-11-18 14:57:31,692 - INFO -     No modifiers found for this dish
2025-11-18 14:57:31,692 - INFO - 
  [3/61] Spécial Chicco (Course: Spéciaux)
2025-11-18 14:57:31,692 - INFO -     DB Dish ID: 171487, V2 Dish ID: 9364
2025-11-18 14:57:37,229 - INFO -     No modifiers found for this dish
2025-11-18 14:57:37,230 - INFO - 
  [4/61] Spécial Familia (Course: Spéciaux)
2025-11-18 14:57:37,230 - INFO -     DB Dish ID: 171488, V2 Dish ID: 9367
2025-11-18 14:57:42,768 - INFO -     No modifiers found for this dish
2025-11-18 14:57:42,768 - INFO - 
  [5/61] Le Festin (Course: Spéciaux)
2025-11-18 14:57:42,768 - INFO -     DB Dish ID: 171489, V2 Dish ID: 9366
2025-11-18 14:57:48,289 - INFO -     No modifiers found for this dish
2025-11-18 14:57:48,289 - INFO - 
  [6/61] Le Grand Duo (Course: Spéciaux)
2025-11-18 14:57:48,289 - INFO -     DB Dish ID: 171490, V2 Dish ID: 9365
2025-11-18 14:57:53,802 - INFO -     No modifiers found for this dish
2025-11-18 14:57:53,802 - INFO - 
  [7/61] Due Amici (Course: Spéciaux)
2025-11-18 14:57:53,802 - INFO -     DB Dish ID: 171491, V2 Dish ID: 9368
2025-11-18 14:58:01,101 - INFO - 
  [8/61] Pizza au Fromage (Course: Les Pizzas Classiques)
2025-11-18 14:58:01,101 - INFO -     DB Dish ID: 171492, V2 Dish ID: 9170
2025-11-18 14:58:09,242 - INFO - 
  [9/61] Pizza au Pepperoni (Course: Les Pizzas Classiques)
2025-11-18 14:58:09,243 - INFO -     DB Dish ID: 171493, V2 Dish ID: 9171
2025-11-18 14:58:17,063 - INFO - 
  [10/61] La Bacon Fromage (Course: Les Pizzas Classiques)
2025-11-18 14:58:17,063 - INFO -     DB Dish ID: 171494, V2 Dish ID: 9172
2025-11-18 14:58:24,905 - INFO - 
  [11/61] La Pepperoni  Bacon (Course: Les Pizzas Classiques)
2025-11-18 14:58:24,906 - INFO -     DB Dish ID: 171495, V2 Dish ID: 9173
2025-11-18 14:58:32,691 - INFO - 
  [12/61] La Toute  Garnie (Course: Les Pizzas Classiques)
2025-11-18 14:58:32,691 - INFO -     DB Dish ID: 171496, V2 Dish ID: 9174
2025-11-18 14:58:40,506 - INFO - 
  [13/61] L’hawaiienne (Course: Les Pizzas Classiques)
2025-11-18 14:58:40,506 - INFO -     DB Dish ID: 171497, V2 Dish ID: 9175
2025-11-18 14:58:48,283 - INFO - 
  [14/61] La Super  Garnie (Course: Les Pizzas Classiques)
2025-11-18 14:58:48,284 - INFO -     DB Dish ID: 171498, V2 Dish ID: 9176
2025-11-18 14:58:56,100 - INFO - 
  [15/61] La Végétarienne (Course: Les Pizzas Classiques)
2025-11-18 14:58:56,101 - INFO -     DB Dish ID: 171499, V2 Dish ID: 9177
2025-11-18 14:59:04,019 - INFO - 
  [16/61] La Pizza Maison (Course: Les Pizzas Spécialités)
2025-11-18 14:59:04,020 - INFO -     DB Dish ID: 171500, V2 Dish ID: 9178
2025-11-18 14:59:11,406 - INFO - 
  [17/61] Le Spécial du Chef (Course: Les Pizzas Spécialités)
2025-11-18 14:59:11,406 - INFO -     DB Dish ID: 171501, V2 Dish ID: 9179
2025-11-18 14:59:18,808 - INFO - 
  [18/61] La Chicco Poulet BBQ (Course: Les Pizzas Spécialités)
2025-11-18 14:59:18,809 - INFO -     DB Dish ID: 171502, V2 Dish ID: 9180
2025-11-18 14:59:26,600 - INFO - 
  [19/61] L’accro du Pepperoni (Course: Les Pizzas Spécialités)
2025-11-18 14:59:26,600 - INFO -     DB Dish ID: 171503, V2 Dish ID: 9181
2025-11-18 14:59:34,313 - INFO - 
  [20/61] Le Gros Lot (Course: Les Pizzas Spécialités)
2025-11-18 14:59:34,313 - INFO -     DB Dish ID: 171504, V2 Dish ID: 9182
2025-11-18 14:59:42,274 - INFO - 
  [21/61] Pizza Pep Bacon Olive (Course: Les Pizzas Spécialités)
2025-11-18 14:59:42,274 - INFO -     DB Dish ID: 171505, V2 Dish ID: 9183
2025-11-18 14:59:50,025 - INFO - 
  [22/61] La Quebecoise (Course: Les Pizzas Spécialités)
2025-11-18 14:59:50,025 - INFO -     DB Dish ID: 171506, V2 Dish ID: 9184
2025-11-18 14:59:57,761 - INFO - 
  [23/61] La Meat Lover (Course: Les Pizzas Spécialités)
2025-11-18 14:59:57,762 - INFO -     DB Dish ID: 171507, V2 Dish ID: 9185
2025-11-18 15:00:05,103 - INFO - 
  [24/61] Lasagne (Course: Mets Italiens)
2025-11-18 15:00:05,103 - INFO -     DB Dish ID: 171508, V2 Dish ID: 10389
2025-11-18 15:00:10,674 - INFO -     No modifiers found for this dish
2025-11-18 15:00:10,674 - INFO - 
  [25/61] Spaguetti (Course: Mets Italiens)
2025-11-18 15:00:10,674 - INFO -     DB Dish ID: 171509, V2 Dish ID: 10390
2025-11-18 15:00:16,218 - INFO -     No modifiers found for this dish
2025-11-18 15:00:16,218 - INFO - 
  [26/61] Lasagne Deluxe (Course: Mets Italiens)
2025-11-18 15:00:16,218 - INFO -     DB Dish ID: 171510, V2 Dish ID: 10391
2025-11-18 15:00:21,739 - INFO -     No modifiers found for this dish
2025-11-18 15:00:21,740 - INFO - 
  [27/61] Duo Lasagne (Course: Mets Italiens)
2025-11-18 15:00:21,740 - INFO -     DB Dish ID: 171511, V2 Dish ID: 10392
2025-11-18 15:00:27,301 - INFO -     No modifiers found for this dish
2025-11-18 15:00:27,302 - INFO - 
  [28/61] Nachos fromage (Course: Les Nachos)
2025-11-18 15:00:27,302 - INFO -     DB Dish ID: 171512, V2 Dish ID: 9191
2025-11-18 15:00:32,886 - INFO -     No modifiers found for this dish
2025-11-18 15:00:32,886 - INFO - 
  [29/61] Nachos légumes (Course: Les Nachos)
2025-11-18 15:00:32,886 - INFO -     DB Dish ID: 171513, V2 Dish ID: 9192
2025-11-18 15:00:38,947 - INFO -     No modifiers found for this dish
2025-11-18 15:00:38,947 - INFO - 
  [30/61] Nachos Chicco (Course: Les Nachos)
2025-11-18 15:00:38,947 - INFO -     DB Dish ID: 171514, V2 Dish ID: 9193
2025-11-18 15:00:44,486 - INFO -     No modifiers found for this dish
2025-11-18 15:00:44,486 - INFO - 
  [31/61] Club Sandwich (Course: Club Sandwich)
2025-11-18 15:00:44,486 - INFO -     DB Dish ID: 171515, V2 Dish ID: 9194
2025-11-18 15:00:50,024 - INFO -     No modifiers found for this dish
2025-11-18 15:00:50,025 - INFO - 
  [32/61] Club Poutine (Course: Club Sandwich)
2025-11-18 15:00:50,025 - INFO -     DB Dish ID: 171516, V2 Dish ID: 9195
2025-11-18 15:00:55,532 - INFO -     No modifiers found for this dish
2025-11-18 15:00:55,533 - INFO - 
  [33/61] Steak Sub (Course: Sous-Marins)
2025-11-18 15:00:55,533 - INFO -     DB Dish ID: 171517, V2 Dish ID: 9196
2025-11-18 15:01:01,071 - INFO -     No modifiers found for this dish
2025-11-18 15:01:01,071 - INFO - 
  [34/61] Pizza Sub (Course: Sous-Marins)
2025-11-18 15:01:01,071 - INFO -     DB Dish ID: 171518, V2 Dish ID: 9197
2025-11-18 15:01:06,623 - INFO -     No modifiers found for this dish
2025-11-18 15:01:06,623 - INFO - 
  [35/61] Club Sub (Course: Sous-Marins)
2025-11-18 15:01:06,623 - INFO -     DB Dish ID: 171519, V2 Dish ID: 9198
2025-11-18 15:01:12,191 - INFO -     No modifiers found for this dish
2025-11-18 15:01:12,192 - INFO - 
  [36/61] Jambon Fromage Sub (Course: Sous-Marins)
2025-11-18 15:01:12,192 - INFO -     DB Dish ID: 171520, V2 Dish ID: 9199
2025-11-18 15:01:17,718 - INFO -     No modifiers found for this dish
2025-11-18 15:01:17,718 - INFO - 
  [37/61] Frites (Course: Les à Cotés)
2025-11-18 15:01:17,718 - INFO -     DB Dish ID: 171521, V2 Dish ID: 9207
2025-11-18 15:01:23,237 - INFO -     No modifiers found for this dish
2025-11-18 15:01:23,237 - INFO - 
  [38/61] Rondelles d’oignons (Course: Les à Cotés)
2025-11-18 15:01:23,237 - INFO -     DB Dish ID: 171522, V2 Dish ID: 9202
2025-11-18 15:01:28,825 - INFO -     No modifiers found for this dish
2025-11-18 15:01:28,825 - INFO - 
  [39/61] Bâtonnets de fromage (Course: Les à Cotés)
2025-11-18 15:01:28,825 - INFO -     DB Dish ID: 171523, V2 Dish ID: 9203
2025-11-18 15:01:34,478 - INFO -     No modifiers found for this dish
2025-11-18 15:01:34,478 - INFO - 
  [40/61] Zucchini (Course: Les à Cotés)
2025-11-18 15:01:34,478 - INFO -     DB Dish ID: 171524, V2 Dish ID: 9208
2025-11-18 15:01:40,074 - INFO -     No modifiers found for this dish
2025-11-18 15:01:40,074 - INFO - 
  [41/61] Poutine (Course: Les à Cotés)
2025-11-18 15:01:40,074 - INFO -     DB Dish ID: 171525, V2 Dish ID: 9209
2025-11-18 15:01:45,669 - INFO -     No modifiers found for this dish
2025-11-18 15:01:45,669 - INFO - 
  [42/61] Poutine au Poulet (Course: Les à Cotés)
2025-11-18 15:01:45,669 - INFO -     DB Dish ID: 171526, V2 Dish ID: 9210
2025-11-18 15:01:51,300 - INFO -     No modifiers found for this dish
2025-11-18 15:01:51,301 - INFO - 
  [43/61] Salade César (Course: Les à Cotés)
2025-11-18 15:01:51,301 - INFO -     DB Dish ID: 171527, V2 Dish ID: 9204
2025-11-18 15:01:56,818 - INFO -     No modifiers found for this dish
2025-11-18 15:01:56,818 - INFO - 
  [44/61] Ailes de Poulet (Course: Les à Cotés)
2025-11-18 15:01:56,818 - INFO -     DB Dish ID: 171528, V2 Dish ID: 9201
2025-11-18 15:02:03,720 - INFO - 
  [45/61] Sauce Sucré (Course: Les à Cotés)
2025-11-18 15:02:03,720 - INFO -     DB Dish ID: 171529, V2 Dish ID: 9205
2025-11-18 15:02:09,280 - INFO -     No modifiers found for this dish
2025-11-18 15:02:09,280 - INFO - 
  [46/61] Patate à l’ail (Course: Les à Cotés)
2025-11-18 15:02:09,280 - INFO -     DB Dish ID: 171530, V2 Dish ID: 9206
2025-11-18 15:02:14,888 - INFO -     No modifiers found for this dish
2025-11-18 15:02:14,888 - INFO - 
  [47/61] Riz (Course: Les à Cotés)
2025-11-18 15:02:14,888 - INFO -     DB Dish ID: 171531, V2 Dish ID: 9211
2025-11-18 15:02:20,436 - INFO -     No modifiers found for this dish
2025-11-18 15:02:20,436 - INFO - 
  [48/61] Club Shawarma (Course: Les à Cotés)
2025-11-18 15:02:20,436 - INFO -     DB Dish ID: 171532, V2 Dish ID: 9200
2025-11-18 15:02:25,960 - INFO -     No modifiers found for this dish
2025-11-18 15:02:25,960 - INFO - 
  [49/61] Pogo (Course: Les à Cotés)
2025-11-18 15:02:25,960 - INFO -     DB Dish ID: 171533, V2 Dish ID: 10388
2025-11-18 15:02:31,651 - INFO -     No modifiers found for this dish
2025-11-18 15:02:31,651 - INFO - 
  [50/61] Trempettes (Course: Les à Cotés)
2025-11-18 15:02:31,651 - INFO -     DB Dish ID: 171534, V2 Dish ID: 9212
2025-11-18 15:02:37,603 - INFO -     No modifiers found for this dish
2025-11-18 15:02:37,603 - INFO - 
  [51/61] Pizza Nutella (Course: Desserts)
2025-11-18 15:02:37,603 - INFO -     DB Dish ID: 171535, V2 Dish ID: 9213
2025-11-18 15:02:43,113 - INFO -     No modifiers found for this dish
2025-11-18 15:02:43,113 - INFO - 
  [52/61] Baklava (Course: Desserts)
2025-11-18 15:02:43,113 - INFO -     DB Dish ID: 171536, V2 Dish ID: 9214
2025-11-18 15:02:48,704 - INFO -     No modifiers found for this dish
2025-11-18 15:02:48,704 - INFO - 
  [53/61] Pepsi (Course: Breuvages)
2025-11-18 15:02:48,704 - INFO -     DB Dish ID: 171537, V2 Dish ID: 9215
2025-11-18 15:02:54,257 - INFO -     No modifiers found for this dish
2025-11-18 15:02:54,257 - INFO - 
  [54/61] Diet Pepsi (Course: Breuvages)
2025-11-18 15:02:54,257 - INFO -     DB Dish ID: 171538, V2 Dish ID: 9216
2025-11-18 15:02:59,786 - INFO -     No modifiers found for this dish
2025-11-18 15:02:59,786 - INFO - 
  [55/61] Mug Root Beer (Course: Breuvages)
2025-11-18 15:02:59,786 - INFO -     DB Dish ID: 171539, V2 Dish ID: 9217
2025-11-18 15:03:05,312 - INFO -     No modifiers found for this dish
2025-11-18 15:03:05,312 - INFO - 
  [56/61] Orange Crush (Course: Breuvages)
2025-11-18 15:03:05,312 - INFO -     DB Dish ID: 171540, V2 Dish ID: 9218
2025-11-18 15:03:10,838 - INFO -     No modifiers found for this dish
2025-11-18 15:03:10,839 - INFO - 
  [57/61] Brisk Iced Tea (Course: Breuvages)
2025-11-18 15:03:10,839 - INFO -     DB Dish ID: 171541, V2 Dish ID: 9219
2025-11-18 15:03:16,378 - INFO -     No modifiers found for this dish
2025-11-18 15:03:16,379 - INFO - 
  [58/61] Dr.Pepper (Course: Breuvages)
2025-11-18 15:03:16,379 - INFO -     DB Dish ID: 171542, V2 Dish ID: 9220
2025-11-18 15:03:21,896 - INFO -     No modifiers found for this dish
2025-11-18 15:03:21,896 - INFO - 
  [59/61] 7 Up (Course: Breuvages)
2025-11-18 15:03:21,896 - INFO -     DB Dish ID: 171543, V2 Dish ID: 9221
2025-11-18 15:03:27,427 - INFO -     No modifiers found for this dish
2025-11-18 15:03:27,427 - INFO - 
  [60/61] Diet 7 Up (Course: Breuvages)
2025-11-18 15:03:27,427 - INFO -     DB Dish ID: 171544, V2 Dish ID: 9222
2025-11-18 15:03:32,964 - INFO -     No modifiers found for this dish
2025-11-18 15:03:32,964 - INFO - 
  [61/61] Eau (Course: Breuvages)
2025-11-18 15:03:32,964 - INFO -     DB Dish ID: 171545, V2 Dish ID: 9223
2025-11-18 15:03:38,499 - INFO -     No modifiers found for this dish
2025-11-18 15:03:38,503 - INFO -   JSON saved: restaurant_964_modifiers.json
2025-11-18 15:03:38,503 - INFO - 
================================================================================
2025-11-18 15:03:38,503 - INFO - [6/10] PROCESSING: Chicco Shawarma Maloney
2025-11-18 15:03:38,503 - INFO - ================================================================================
2025-11-18 15:03:38,503 - INFO - DB ID: 965
2025-11-18 15:03:38,965 - INFO - Found 42 dishes to process
2025-11-18 15:03:38,966 - INFO - V2 Restaurant ID: 1662
2025-11-18 15:03:38,966 - INFO - 
  [1/42] Shawarma 6” (Course: Shawarmas)
2025-11-18 15:03:38,966 - INFO -     DB Dish ID: 171546, V2 Dish ID: 9224
2025-11-18 15:03:44,397 - INFO -     No modifiers found for this dish
2025-11-18 15:03:44,397 - INFO - 
  [2/42] Shawarma 6” TRIO (Course: Shawarmas)
2025-11-18 15:03:44,397 - INFO -     DB Dish ID: 171547, V2 Dish ID: 9225
2025-11-18 15:03:51,848 - INFO - 
  [3/42] Shawarma 12” (Course: Shawarmas)
2025-11-18 15:03:51,849 - INFO -     DB Dish ID: 171548, V2 Dish ID: 9226
2025-11-18 15:03:57,346 - INFO -     No modifiers found for this dish
2025-11-18 15:03:57,346 - INFO - 
  [4/42] Shawarma 12” TRIO (Course: Shawarmas)
2025-11-18 15:03:57,347 - INFO -     DB Dish ID: 171549, V2 Dish ID: 9227
2025-11-18 15:04:04,771 - INFO - 
  [5/42] Petit Assiette Shawarma (Course: Shawarmas)
2025-11-18 15:04:04,771 - INFO -     DB Dish ID: 171550, V2 Dish ID: 9228
2025-11-18 15:04:10,243 - INFO -     No modifiers found for this dish
2025-11-18 15:04:10,244 - INFO - 
  [6/42] Petit Assiette Shawarma TRIO (Course: Shawarmas)
2025-11-18 15:04:10,244 - INFO -     DB Dish ID: 171551, V2 Dish ID: 9229
2025-11-18 15:04:17,801 - INFO - 
  [7/42] Grand Assiette Shawarma (Course: Shawarmas)
2025-11-18 15:04:17,802 - INFO -     DB Dish ID: 171552, V2 Dish ID: 9230
2025-11-18 15:04:23,279 - INFO -     No modifiers found for this dish
2025-11-18 15:04:23,280 - INFO - 
  [8/42] Grand Assiette Shawarma TRIO (Course: Shawarmas)
2025-11-18 15:04:23,280 - INFO -     DB Dish ID: 171553, V2 Dish ID: 9231
2025-11-18 15:04:28,789 - INFO -     No modifiers found for this dish
2025-11-18 15:04:28,789 - INFO - 
  [9/42] Assiette Vegetarienne (Course: Shawarmas)
2025-11-18 15:04:28,789 - INFO -     DB Dish ID: 171554, V2 Dish ID: 9232
2025-11-18 15:04:53,978 - INFO -     No modifiers found for this dish
2025-11-18 15:04:53,979 - INFO - 
  [10/42] Assiette Vegetarienne TRIO (Course: Shawarmas)
2025-11-18 15:04:53,979 - INFO -     DB Dish ID: 171555, V2 Dish ID: 9233
2025-11-18 15:05:03,951 - INFO - 
  [11/42] Assiette Familiale (Course: Shawarmas Formats Familiaux)
2025-11-18 15:05:03,952 - INFO -     DB Dish ID: 171556, V2 Dish ID: 9234
2025-11-18 15:05:11,210 - INFO - 
  [12/42] Assiette Familiale Mixte (Course: Shawarmas Formats Familiaux)
2025-11-18 15:05:11,211 - INFO -     DB Dish ID: 171557, V2 Dish ID: 9235
2025-11-18 15:05:18,534 - INFO - 
  [13/42] Assiette 1 Viande Pour Deux (Course: Shawarmas Formats Familiaux)
2025-11-18 15:05:18,534 - INFO -     DB Dish ID: 171558, V2 Dish ID: 9236
2025-11-18 15:05:25,681 - INFO - 
  [14/42] Assiette 2 Viandes Pour Deux (Course: Shawarmas Formats Familiaux)
2025-11-18 15:05:25,681 - INFO -     DB Dish ID: 171559, V2 Dish ID: 9237
2025-11-18 15:05:32,898 - INFO - 
  [15/42] Salade César (Course: Salades)
2025-11-18 15:05:32,899 - INFO -     DB Dish ID: 171560, V2 Dish ID: 9238
2025-11-18 15:05:38,818 - INFO -     No modifiers found for this dish
2025-11-18 15:05:38,819 - INFO - 
  [16/42] Salade Poulet (Course: Salades)
2025-11-18 15:05:38,819 - INFO -     DB Dish ID: 171561, V2 Dish ID: 9239
2025-11-18 15:05:44,289 - INFO -     No modifiers found for this dish
2025-11-18 15:05:44,289 - INFO - 
  [17/42] Salade Mixte (Course: Salades)
2025-11-18 15:05:44,289 - INFO -     DB Dish ID: 171562, V2 Dish ID: 9240
2025-11-18 15:05:49,786 - INFO -     No modifiers found for this dish
2025-11-18 15:05:49,786 - INFO - 
  [18/42] Salade Fattouche (Course: Salades)
2025-11-18 15:05:49,786 - INFO -     DB Dish ID: 171563, V2 Dish ID: 9241
2025-11-18 15:05:55,244 - INFO -     No modifiers found for this dish
2025-11-18 15:05:55,244 - INFO - 
  [19/42] Salade Taboulé (Course: Salades)
2025-11-18 15:05:55,244 - INFO -     DB Dish ID: 171564, V2 Dish ID: 9242
2025-11-18 15:06:00,728 - INFO -     No modifiers found for this dish
2025-11-18 15:06:00,728 - INFO - 
  [20/42] Club Shawarma (Course: Les à Cotés)
2025-11-18 15:06:00,728 - INFO -     DB Dish ID: 171565, V2 Dish ID: 9243
2025-11-18 15:06:06,169 - INFO -     No modifiers found for this dish
2025-11-18 15:06:06,169 - INFO - 
  [21/42] Ailes de Poulet (Course: Les à Cotés)
2025-11-18 15:06:06,169 - INFO -     DB Dish ID: 171566, V2 Dish ID: 9244
2025-11-18 15:06:11,639 - INFO -     No modifiers found for this dish
2025-11-18 15:06:11,639 - INFO - 
  [22/42] Sauce à l’ail (Course: Les à Cotés)
2025-11-18 15:06:11,639 - INFO -     DB Dish ID: 171567, V2 Dish ID: 9245
2025-11-18 15:06:17,368 - INFO -     No modifiers found for this dish
2025-11-18 15:06:17,369 - INFO - 
  [23/42] Humus (Course: Les à Cotés)
2025-11-18 15:06:17,369 - INFO -     DB Dish ID: 171568, V2 Dish ID: 9246
2025-11-18 15:06:22,832 - INFO -     No modifiers found for this dish
2025-11-18 15:06:22,833 - INFO - 
  [24/42] Sauce Sésame (Course: Les à Cotés)
2025-11-18 15:06:22,833 - INFO -     DB Dish ID: 171569, V2 Dish ID: 9247
2025-11-18 15:06:28,268 - INFO -     No modifiers found for this dish
2025-11-18 15:06:28,268 - INFO - 
  [25/42] Sauce Sucré (Course: Les à Cotés)
2025-11-18 15:06:28,268 - INFO -     DB Dish ID: 171570, V2 Dish ID: 9248
2025-11-18 15:06:33,725 - INFO -     No modifiers found for this dish
2025-11-18 15:06:33,725 - INFO - 
  [26/42] Patate à l’ail (Course: Les à Cotés)
2025-11-18 15:06:33,725 - INFO -     DB Dish ID: 171571, V2 Dish ID: 9249
2025-11-18 15:06:39,169 - INFO -     No modifiers found for this dish
2025-11-18 15:06:39,169 - INFO - 
  [27/42] Frites (Course: Les à Cotés)
2025-11-18 15:06:39,169 - INFO -     DB Dish ID: 171572, V2 Dish ID: 9250
2025-11-18 15:06:44,713 - INFO -     No modifiers found for this dish
2025-11-18 15:06:44,713 - INFO - 
  [28/42] Pita Chip (Course: Les à Cotés)
2025-11-18 15:06:44,713 - INFO -     DB Dish ID: 171573, V2 Dish ID: 9251
2025-11-18 15:06:50,161 - INFO -     No modifiers found for this dish
2025-11-18 15:06:50,161 - INFO - 
  [29/42] Poutine (Course: Les à Cotés)
2025-11-18 15:06:50,161 - INFO -     DB Dish ID: 171574, V2 Dish ID: 9252
2025-11-18 15:06:55,616 - INFO -     No modifiers found for this dish
2025-11-18 15:06:55,617 - INFO - 
  [30/42] Poutine au Poulet (Course: Les à Cotés)
2025-11-18 15:06:55,617 - INFO -     DB Dish ID: 171575, V2 Dish ID: 9253
2025-11-18 15:07:01,084 - INFO -     No modifiers found for this dish
2025-11-18 15:07:01,084 - INFO - 
  [31/42] Riz (Course: Les à Cotés)
2025-11-18 15:07:01,084 - INFO -     DB Dish ID: 171576, V2 Dish ID: 9254
2025-11-18 15:07:06,566 - INFO -     No modifiers found for this dish
2025-11-18 15:07:06,566 - INFO - 
  [32/42] Trempettes (Course: Les à Cotés)
2025-11-18 15:07:06,566 - INFO -     DB Dish ID: 171577, V2 Dish ID: 9255
2025-11-18 15:07:12,025 - INFO -     No modifiers found for this dish
2025-11-18 15:07:12,025 - INFO - 
  [33/42] Baklava (Course: Desserts)
2025-11-18 15:07:12,025 - INFO -     DB Dish ID: 171578, V2 Dish ID: 9256
2025-11-18 15:07:17,458 - INFO -     No modifiers found for this dish
2025-11-18 15:07:17,458 - INFO - 
  [34/42] Pepsi (Course: Breuvages)
2025-11-18 15:07:17,458 - INFO -     DB Dish ID: 171579, V2 Dish ID: 9257
2025-11-18 15:07:22,950 - INFO -     No modifiers found for this dish
2025-11-18 15:07:22,950 - INFO - 
  [35/42] Diet Pepsi (Course: Breuvages)
2025-11-18 15:07:22,950 - INFO -     DB Dish ID: 171580, V2 Dish ID: 9258
2025-11-18 15:07:28,382 - INFO -     No modifiers found for this dish
2025-11-18 15:07:28,382 - INFO - 
  [36/42] Mug Root Beer (Course: Breuvages)
2025-11-18 15:07:28,382 - INFO -     DB Dish ID: 171581, V2 Dish ID: 9259
2025-11-18 15:07:33,828 - INFO -     No modifiers found for this dish
2025-11-18 15:07:33,829 - INFO - 
  [37/42] Orange Crush (Course: Breuvages)
2025-11-18 15:07:33,829 - INFO -     DB Dish ID: 171582, V2 Dish ID: 9260
2025-11-18 15:07:39,307 - INFO -     No modifiers found for this dish
2025-11-18 15:07:39,307 - INFO - 
  [38/42] Brisk Iced Tea (Course: Breuvages)
2025-11-18 15:07:39,307 - INFO -     DB Dish ID: 171583, V2 Dish ID: 9261
2025-11-18 15:07:44,744 - INFO -     No modifiers found for this dish
2025-11-18 15:07:44,744 - INFO - 
  [39/42] Dr.Pepper (Course: Breuvages)
2025-11-18 15:07:44,744 - INFO -     DB Dish ID: 171584, V2 Dish ID: 9262
2025-11-18 15:07:50,229 - INFO -     No modifiers found for this dish
2025-11-18 15:07:50,229 - INFO - 
  [40/42] 7 Up (Course: Breuvages)
2025-11-18 15:07:50,229 - INFO -     DB Dish ID: 171585, V2 Dish ID: 9263
2025-11-18 15:07:55,784 - INFO -     No modifiers found for this dish
2025-11-18 15:07:55,784 - INFO - 
  [41/42] Diet 7 Up (Course: Breuvages)
2025-11-18 15:07:55,784 - INFO -     DB Dish ID: 171586, V2 Dish ID: 9264
2025-11-18 15:08:01,298 - INFO -     No modifiers found for this dish
2025-11-18 15:08:01,298 - INFO - 
  [42/42] Eau (Course: Breuvages)
2025-11-18 15:08:01,298 - INFO -     DB Dish ID: 171587, V2 Dish ID: 9265
2025-11-18 15:08:06,768 - INFO -     No modifiers found for this dish
2025-11-18 15:08:06,769 - INFO -   JSON saved: restaurant_965_modifiers.json
2025-11-18 15:08:06,770 - INFO - 
================================================================================
2025-11-18 15:08:06,770 - INFO - ================================================================================
2025-11-18 15:08:06,770 - INFO - DB ID: 966
2025-11-18 15:08:07,245 - INFO - Found 57 dishes to process
2025-11-18 15:08:07,245 - INFO - V2 Restaurant ID: 1663
2025-11-18 15:08:07,245 - INFO - 
  [1/57] Moyennes Pepperoni Pizza (Course: Special des Series)
2025-11-18 15:08:07,246 - INFO -     DB Dish ID: 171256, V2 Dish ID: 10485
2025-11-18 15:08:15,072 - INFO - 
  [2/57] Deux Moyenne Pepperoni Pizzas (Course: Special des Series)
2025-11-18 15:08:15,073 - INFO -     DB Dish ID: 171257, V2 Dish ID: 10486
2025-11-18 15:08:20,637 - INFO -     No modifiers found for this dish
2025-11-18 15:08:20,637 - INFO - 
  [3/57] Le Grand Duo (Course: Spéciaux)
2025-11-18 15:08:20,637 - INFO -     DB Dish ID: 171258, V2 Dish ID: 9359
2025-11-18 15:08:26,143 - INFO -     No modifiers found for this dish
2025-11-18 15:08:26,144 - INFO - 
  [4/57] Spécial Familia (Course: Spéciaux)
2025-11-18 15:08:26,144 - INFO -     DB Dish ID: 171259, V2 Dish ID: 9362
2025-11-18 15:08:31,728 - INFO -     No modifiers found for this dish
2025-11-18 15:08:31,728 - INFO - 
  [5/57] Le Festin (Course: Spéciaux)
2025-11-18 15:08:31,728 - INFO -     DB Dish ID: 171260, V2 Dish ID: 9361
2025-11-18 15:08:37,775 - INFO -     No modifiers found for this dish
2025-11-18 15:08:37,775 - INFO - 
  [6/57] Spécial Chicco (Course: Spéciaux)
2025-11-18 15:08:37,775 - INFO -     DB Dish ID: 171261, V2 Dish ID: 9360
2025-11-18 15:08:43,299 - INFO -     No modifiers found for this dish
2025-11-18 15:08:43,299 - INFO - 
  [7/57] Due Amici (Course: Spéciaux)
2025-11-18 15:08:43,299 - INFO -     DB Dish ID: 171262, V2 Dish ID: 9363
2025-11-18 15:08:50,485 - INFO - 
  [8/57] Pizza au Fromage (Course: Les Pizzas Classiques)
2025-11-18 15:08:50,485 - INFO -     DB Dish ID: 171263, V2 Dish ID: 9266
2025-11-18 15:08:58,384 - INFO - 
  [9/57] Pizza au Pepperoni (Course: Les Pizzas Classiques)
2025-11-18 15:08:58,384 - INFO -     DB Dish ID: 171264, V2 Dish ID: 9267
2025-11-18 15:09:06,219 - INFO - 
  [10/57] La Bacon Fromage (Course: Les Pizzas Classiques)
2025-11-18 15:09:06,220 - INFO -     DB Dish ID: 171265, V2 Dish ID: 9268
2025-11-18 15:09:14,106 - INFO - 
  [11/57] La Pepperoni  Bacon (Course: Les Pizzas Classiques)
2025-11-18 15:09:14,107 - INFO -     DB Dish ID: 171266, V2 Dish ID: 9269
2025-11-18 15:09:21,966 - INFO - 
  [12/57] La Toute  Garnie (Course: Les Pizzas Classiques)
2025-11-18 15:09:21,966 - INFO -     DB Dish ID: 171267, V2 Dish ID: 9270
2025-11-18 15:09:29,855 - INFO - 
  [13/57] L’hawaiienne (Course: Les Pizzas Classiques)
2025-11-18 15:09:29,855 - INFO -     DB Dish ID: 171268, V2 Dish ID: 9271
2025-11-18 15:09:37,707 - INFO - 
  [14/57] La Super  Garnie (Course: Les Pizzas Classiques)
2025-11-18 15:09:37,707 - INFO -     DB Dish ID: 171269, V2 Dish ID: 9272
2025-11-18 15:09:45,697 - INFO - 
  [15/57] La Végétarienne (Course: Les Pizzas Classiques)
2025-11-18 15:09:45,697 - INFO -     DB Dish ID: 171270, V2 Dish ID: 9273
2025-11-18 15:09:53,148 - INFO - 
  [16/57] La Pizza Maison (Course: Les Pizzas Spécialités)
2025-11-18 15:09:53,148 - INFO -     DB Dish ID: 171271, V2 Dish ID: 9274
2025-11-18 15:10:01,039 - INFO - 
  [17/57] Le Spécial du Chef (Course: Les Pizzas Spécialités)
2025-11-18 15:10:01,039 - INFO -     DB Dish ID: 171272, V2 Dish ID: 9275
2025-11-18 15:10:08,850 - INFO - 
  [18/57] La Chicco Poulet BBQ (Course: Les Pizzas Spécialités)
2025-11-18 15:10:08,851 - INFO -     DB Dish ID: 171273, V2 Dish ID: 9276
2025-11-18 15:10:16,676 - INFO - 
  [19/57] L’accro du Pepperoni (Course: Les Pizzas Spécialités)
2025-11-18 15:10:16,676 - INFO -     DB Dish ID: 171274, V2 Dish ID: 9277
2025-11-18 15:10:24,639 - INFO - 
  [20/57] Le Gros Lot (Course: Les Pizzas Spécialités)
2025-11-18 15:10:24,639 - INFO -     DB Dish ID: 171275, V2 Dish ID: 9278
2025-11-18 15:10:32,482 - INFO - 
  [21/57] Pizza Pep Bacon Olive (Course: Les Pizzas Spécialités)
2025-11-18 15:10:32,482 - INFO -     DB Dish ID: 171276, V2 Dish ID: 9279
2025-11-18 15:10:40,403 - INFO - 
  [22/57] La Quebecoise (Course: Les Pizzas Spécialités)
2025-11-18 15:10:40,403 - INFO -     DB Dish ID: 171277, V2 Dish ID: 9280
2025-11-18 15:10:48,289 - INFO - 
  [23/57] La Meat Lover (Course: Les Pizzas Spécialités)
2025-11-18 15:10:48,289 - INFO -     DB Dish ID: 171278, V2 Dish ID: 9281
2025-11-18 15:10:56,137 - INFO - 
  [24/57] Lasagne (Course: Pasta)
2025-11-18 15:10:56,138 - INFO -     DB Dish ID: 171279, V2 Dish ID: 10383
2025-11-18 15:11:01,702 - INFO -     No modifiers found for this dish
2025-11-18 15:11:01,702 - INFO - 
  [25/57] Spaguetti (Course: Pasta)
2025-11-18 15:11:01,702 - INFO -     DB Dish ID: 171280, V2 Dish ID: 10384
2025-11-18 15:11:07,244 - INFO -     No modifiers found for this dish
2025-11-18 15:11:07,244 - INFO - 
  [26/57] Lasagne Deluxe (Course: Pasta)
2025-11-18 15:11:07,244 - INFO -     DB Dish ID: 171281, V2 Dish ID: 10385
2025-11-18 15:11:12,756 - INFO -     No modifiers found for this dish
2025-11-18 15:11:12,756 - INFO - 
  [27/57] Duo Lasagne (Course: Pasta)
2025-11-18 15:11:12,756 - INFO -     DB Dish ID: 171282, V2 Dish ID: 10387
2025-11-18 15:11:18,287 - INFO -     No modifiers found for this dish
2025-11-18 15:11:18,287 - INFO - 
  [28/57] Nachos fromage (Course: Les Nachos)
2025-11-18 15:11:18,287 - INFO -     DB Dish ID: 171283, V2 Dish ID: 9282
2025-11-18 15:11:24,455 - INFO -     No modifiers found for this dish
2025-11-18 15:11:24,455 - INFO - 
  [29/57] Nachos légumes (Course: Les Nachos)
2025-11-18 15:11:24,456 - INFO -     DB Dish ID: 171284, V2 Dish ID: 9283
2025-11-18 15:11:29,980 - INFO -     No modifiers found for this dish
2025-11-18 15:11:29,980 - INFO - 
  [30/57] Nachos Chicco (Course: Les Nachos)
2025-11-18 15:11:29,980 - INFO -     DB Dish ID: 171285, V2 Dish ID: 9284
2025-11-18 15:11:35,505 - INFO -     No modifiers found for this dish
2025-11-18 15:11:35,505 - INFO - 
  [31/57] Club Sandwich (Course: Club Sandwich)
2025-11-18 15:11:35,505 - INFO -     DB Dish ID: 171286, V2 Dish ID: 9285
2025-11-18 15:11:40,999 - INFO -     No modifiers found for this dish
2025-11-18 15:11:40,999 - INFO - 
  [32/57] Club Poutine (Course: Club Sandwich)
2025-11-18 15:11:40,999 - INFO -     DB Dish ID: 171287, V2 Dish ID: 9286
2025-11-18 15:11:46,542 - INFO -     No modifiers found for this dish
2025-11-18 15:11:46,542 - INFO - 
  [33/57] Steak Sub (Course: Sous-Marins)
2025-11-18 15:11:46,542 - INFO -     DB Dish ID: 171288, V2 Dish ID: 9287
2025-11-18 15:11:52,144 - INFO -     No modifiers found for this dish
2025-11-18 15:11:52,144 - INFO - 
  [34/57] Pizza Sub (Course: Sous-Marins)
2025-11-18 15:11:52,145 - INFO -     DB Dish ID: 171289, V2 Dish ID: 9288
2025-11-18 15:11:57,691 - INFO -     No modifiers found for this dish
2025-11-18 15:11:57,691 - INFO - 
  [35/57] Club Sub (Course: Sous-Marins)
2025-11-18 15:11:57,691 - INFO -     DB Dish ID: 171290, V2 Dish ID: 9289
2025-11-18 15:12:03,325 - INFO -     No modifiers found for this dish
2025-11-18 15:12:03,325 - INFO - 
  [36/57] Jambon Fromage Sub (Course: Sous-Marins)
2025-11-18 15:12:03,325 - INFO -     DB Dish ID: 171291, V2 Dish ID: 9290
2025-11-18 15:12:08,888 - INFO -     No modifiers found for this dish
2025-11-18 15:12:08,888 - INFO - 
  [37/57] Frites (Course: Les à Cotés)
2025-11-18 15:12:08,888 - INFO -     DB Dish ID: 171292, V2 Dish ID: 9291
2025-11-18 15:12:14,434 - INFO -     No modifiers found for this dish
2025-11-18 15:12:14,434 - INFO - 
  [38/57] Rondelles d’oignons (Course: Les à Cotés)
2025-11-18 15:12:14,434 - INFO -     DB Dish ID: 171293, V2 Dish ID: 9292
2025-11-18 15:12:19,968 - INFO -     No modifiers found for this dish
2025-11-18 15:12:19,968 - INFO - 
  [39/57] Bâtonnets de fromage (Course: Les à Cotés)
2025-11-18 15:12:19,968 - INFO -     DB Dish ID: 171294, V2 Dish ID: 9293
2025-11-18 15:12:25,506 - INFO -     No modifiers found for this dish
2025-11-18 15:12:25,506 - INFO - 
  [40/57] Zucchini (Course: Les à Cotés)
2025-11-18 15:12:25,506 - INFO -     DB Dish ID: 171295, V2 Dish ID: 9294
2025-11-18 15:12:31,061 - INFO -     No modifiers found for this dish
2025-11-18 15:12:31,061 - INFO - 
  [41/57] Poutine (Course: Les à Cotés)
2025-11-18 15:12:31,061 - INFO -     DB Dish ID: 171296, V2 Dish ID: 9295
2025-11-18 15:12:36,584 - INFO -     No modifiers found for this dish
2025-11-18 15:12:36,585 - INFO - 
  [42/57] Poutine Poulet (Course: Les à Cotés)
2025-11-18 15:12:36,585 - INFO -     DB Dish ID: 171297, V2 Dish ID: 9296
2025-11-18 15:12:42,123 - INFO -     No modifiers found for this dish
2025-11-18 15:12:42,123 - INFO - 
  [43/57] Salade César (Course: Les à Cotés)
2025-11-18 15:12:42,123 - INFO -     DB Dish ID: 171298, V2 Dish ID: 9297
2025-11-18 15:12:47,663 - INFO -     No modifiers found for this dish
2025-11-18 15:12:47,663 - INFO - 
  [44/57] Ailes de Poulet (Course: Les à Cotés)
2025-11-18 15:12:47,663 - INFO -     DB Dish ID: 171299, V2 Dish ID: 9298
2025-11-18 15:12:57,017 - INFO - 
  [45/57] Pogo (Course: Les à Cotés)
2025-11-18 15:12:57,017 - INFO -     DB Dish ID: 171300, V2 Dish ID: 10381
2025-11-18 15:13:02,588 - INFO -     No modifiers found for this dish
2025-11-18 15:13:02,588 - INFO - 
  [46/57] Hamburger (Course: Les à Cotés)
2025-11-18 15:13:02,588 - INFO -     DB Dish ID: 171301, V2 Dish ID: 10382
2025-11-18 15:13:11,813 - INFO - 
  [47/57] Combo Hamburger (Course: Les à Cotés)
2025-11-18 15:13:11,813 - INFO -     DB Dish ID: 171302, V2 Dish ID: 10386
2025-11-18 15:13:18,428 - INFO - 
  [48/57] Pizza Nutella (Course: Desserts)
2025-11-18 15:13:18,429 - INFO -     DB Dish ID: 171303, V2 Dish ID: 9299
2025-11-18 15:13:23,948 - INFO -     No modifiers found for this dish
2025-11-18 15:13:23,948 - INFO - 
  [49/57] Pepsi (Course: Breuvages)
2025-11-18 15:13:23,948 - INFO -     DB Dish ID: 171304, V2 Dish ID: 9300
2025-11-18 15:13:29,464 - INFO -     No modifiers found for this dish
2025-11-18 15:13:29,465 - INFO - 
  [50/57] Diet Pepsi (Course: Breuvages)
2025-11-18 15:13:29,465 - INFO -     DB Dish ID: 171305, V2 Dish ID: 9301
2025-11-18 15:13:35,001 - INFO -     No modifiers found for this dish
2025-11-18 15:13:35,001 - INFO - 
  [51/57] Mug Root Beer (Course: Breuvages)
2025-11-18 15:13:35,001 - INFO -     DB Dish ID: 171306, V2 Dish ID: 9302
2025-11-18 15:13:41,317 - INFO -     No modifiers found for this dish
2025-11-18 15:13:41,317 - INFO - 
  [52/57] Orange Crush (Course: Breuvages)
2025-11-18 15:13:41,317 - INFO -     DB Dish ID: 171307, V2 Dish ID: 9303
2025-11-18 15:13:46,848 - INFO -     No modifiers found for this dish
2025-11-18 15:13:46,848 - INFO - 
  [53/57] Brisk Iced Tea (Course: Breuvages)
2025-11-18 15:13:46,848 - INFO -     DB Dish ID: 171308, V2 Dish ID: 9304
2025-11-18 15:13:52,394 - INFO -     No modifiers found for this dish
2025-11-18 15:13:52,394 - INFO - 
  [54/57] Dr.Pepper (Course: Breuvages)
2025-11-18 15:13:52,394 - INFO -     DB Dish ID: 171309, V2 Dish ID: 9305
2025-11-18 15:13:57,928 - INFO -     No modifiers found for this dish
2025-11-18 15:13:57,928 - INFO - 
  [55/57] 7 Up (Course: Breuvages)
2025-11-18 15:13:57,928 - INFO -     DB Dish ID: 171310, V2 Dish ID: 9306
2025-11-18 15:14:03,453 - INFO -     No modifiers found for this dish
2025-11-18 15:14:03,453 - INFO - 
  [56/57] Diet 7 Up (Course: Breuvages)
2025-11-18 15:14:03,453 - INFO -     DB Dish ID: 171311, V2 Dish ID: 9307
2025-11-18 15:14:08,980 - INFO -     No modifiers found for this dish
2025-11-18 15:14:08,980 - INFO - 
  [57/57] Eau (Course: Breuvages)
2025-11-18 15:14:08,980 - INFO -     DB Dish ID: 171312, V2 Dish ID: 9308
2025-11-18 15:14:14,502 - INFO -     No modifiers found for this dish
2025-11-18 15:14:14,505 - INFO -   JSON saved: restaurant_966_modifiers.json
2025-11-18 15:14:14,505 - INFO - 
================================================================================
2025-11-18 15:14:14,505 - INFO - [8/10] PROCESSING: Chicco Pizza St-Louis
2025-11-18 15:14:14,506 - INFO - ================================================================================
2025-11-18 15:14:14,506 - INFO - DB ID: 967
2025-11-18 15:14:15,046 - INFO - Found 49 dishes to process
2025-11-18 15:14:15,047 - INFO - V2 Restaurant ID: 1664
2025-11-18 15:14:15,047 - INFO - 
  [1/49] Deux Moyenne Pepperoni Pizzas (Course: Special des Series)
2025-11-18 15:14:15,047 - INFO -     DB Dish ID: 171588, V2 Dish ID: 10492
2025-11-18 15:14:20,523 - INFO -     No modifiers found for this dish
2025-11-18 15:14:20,523 - INFO - 
  [2/49] Moyenne Pepperoni Pizza (Course: Special des Series)
2025-11-18 15:14:20,523 - INFO -     DB Dish ID: 171589, V2 Dish ID: 10491
2025-11-18 15:14:28,470 - INFO - 
  [3/49] Spécial Familia (Course: Spéciaux)
2025-11-18 15:14:28,471 - INFO -     DB Dish ID: 171590, V2 Dish ID: 9372
2025-11-18 15:14:33,964 - INFO -     No modifiers found for this dish
2025-11-18 15:14:33,964 - INFO - 
  [4/49] Le Festin (Course: Spéciaux)
2025-11-18 15:14:33,964 - INFO -     DB Dish ID: 171591, V2 Dish ID: 9371
2025-11-18 15:14:39,601 - INFO -     No modifiers found for this dish
2025-11-18 15:14:39,601 - INFO - 
  [5/49] Le Grand Duo (Course: Spéciaux)
2025-11-18 15:14:39,601 - INFO -     DB Dish ID: 171592, V2 Dish ID: 9370
2025-11-18 15:14:45,109 - INFO -     No modifiers found for this dish
2025-11-18 15:14:45,110 - INFO - 
  [6/49] Spécial Chicco (Course: Spéciaux)
2025-11-18 15:14:45,110 - INFO -     DB Dish ID: 171593, V2 Dish ID: 9369
2025-11-18 15:14:50,607 - INFO -     No modifiers found for this dish
2025-11-18 15:14:50,607 - INFO - 
  [7/49] Due Amici (Course: Spéciaux)
2025-11-18 15:14:50,607 - INFO -     DB Dish ID: 171594, V2 Dish ID: 9373
2025-11-18 15:14:57,630 - INFO - 
  [8/49] Pizza au Fromage (Course: Les Pizzas Classiques)
2025-11-18 15:14:57,630 - INFO -     DB Dish ID: 171595, V2 Dish ID: 9309
2025-11-18 15:15:05,437 - INFO - 
  [9/49] Pizza au Pepperoni (Course: Les Pizzas Classiques)
2025-11-18 15:15:05,437 - INFO -     DB Dish ID: 171596, V2 Dish ID: 9310
2025-11-18 15:15:13,242 - INFO - 
  [10/49] La Bacon Fromage (Course: Les Pizzas Classiques)
2025-11-18 15:15:13,242 - INFO -     DB Dish ID: 171597, V2 Dish ID: 9311
2025-11-18 15:15:21,052 - INFO - 
  [11/49] La Pepperoni  Bacon (Course: Les Pizzas Classiques)
2025-11-18 15:15:21,052 - INFO -     DB Dish ID: 171598, V2 Dish ID: 9312
2025-11-18 15:15:28,855 - INFO - 
  [12/49] La Toute  Garnie (Course: Les Pizzas Classiques)
2025-11-18 15:15:28,856 - INFO -     DB Dish ID: 171599, V2 Dish ID: 9313
2025-11-18 15:15:38,043 - INFO - 
  [13/49] L’hawaiienne (Course: Les Pizzas Classiques)
2025-11-18 15:15:38,043 - INFO -     DB Dish ID: 171600, V2 Dish ID: 9314
2025-11-18 15:15:45,789 - INFO - 
  [14/49] La Super Garnie (Course: Les Pizzas Classiques)
2025-11-18 15:15:45,790 - INFO -     DB Dish ID: 171601, V2 Dish ID: 9315
2025-11-18 15:15:53,620 - INFO - 
  [15/49] La Végétarienne (Course: Les Pizzas Classiques)
2025-11-18 15:15:53,620 - INFO -     DB Dish ID: 171602, V2 Dish ID: 9316
2025-11-18 15:16:02,614 - INFO - 
  [16/49] La Pizza Maison (Course: Les Pizzas Spécialités)
2025-11-18 15:16:02,614 - INFO -     DB Dish ID: 171603, V2 Dish ID: 9317
2025-11-18 15:16:10,397 - INFO - 
  [17/49] Le Spécial du Chef (Course: Les Pizzas Spécialités)
2025-11-18 15:16:10,398 - INFO -     DB Dish ID: 171604, V2 Dish ID: 9318
2025-11-18 15:16:18,247 - INFO - 
  [18/49] La Chicco Poulet BBQ (Course: Les Pizzas Spécialités)
2025-11-18 15:16:18,247 - INFO -     DB Dish ID: 171605, V2 Dish ID: 9319
2025-11-18 15:16:26,087 - INFO - 
  [19/49] L’accro du Pepperoni (Course: Les Pizzas Spécialités)
2025-11-18 15:16:26,088 - INFO -     DB Dish ID: 171606, V2 Dish ID: 9320
2025-11-18 15:16:33,882 - INFO - 
  [20/49] Le Gros Lot (Course: Les Pizzas Spécialités)
2025-11-18 15:16:33,882 - INFO -     DB Dish ID: 171607, V2 Dish ID: 9321
2025-11-18 15:16:41,714 - INFO - 
  [21/49] Pizza Pep Bacon Olive (Course: Les Pizzas Spécialités)
2025-11-18 15:16:41,715 - INFO -     DB Dish ID: 171608, V2 Dish ID: 9322
2025-11-18 15:16:50,230 - INFO - 
  [22/49] La Quebecoise (Course: Les Pizzas Spécialités)
2025-11-18 15:16:50,231 - INFO -     DB Dish ID: 171609, V2 Dish ID: 9323
2025-11-18 15:16:57,992 - INFO - 
  [23/49] La Meat Lover (Course: Les Pizzas Spécialités)
2025-11-18 15:16:57,992 - INFO -     DB Dish ID: 171610, V2 Dish ID: 9324
2025-11-18 15:17:05,792 - INFO - 
  [24/49] Nachos fromage (Course: Les Nachos)
2025-11-18 15:17:05,793 - INFO -     DB Dish ID: 171611, V2 Dish ID: 9325
2025-11-18 15:17:11,317 - INFO -     No modifiers found for this dish
2025-11-18 15:17:11,317 - INFO - 
  [25/49] Nachos légumes (Course: Les Nachos)
2025-11-18 15:17:11,317 - INFO -     DB Dish ID: 171612, V2 Dish ID: 9326
2025-11-18 15:17:16,848 - INFO -     No modifiers found for this dish
2025-11-18 15:17:16,848 - INFO - 
  [26/49] Nachos Chicco (Course: Les Nachos)
2025-11-18 15:17:16,849 - INFO -     DB Dish ID: 171613, V2 Dish ID: 9327
2025-11-18 15:17:22,365 - INFO -     No modifiers found for this dish
2025-11-18 15:17:22,365 - INFO - 
  [27/49] Club Sandwich (Course: Club sandwich)
2025-11-18 15:17:22,365 - INFO -     DB Dish ID: 171614, V2 Dish ID: 9328
2025-11-18 15:17:27,840 - INFO -     No modifiers found for this dish
2025-11-18 15:17:27,841 - INFO - 
  [28/49] Club Poutine (Course: Club sandwich)
2025-11-18 15:17:27,841 - INFO -     DB Dish ID: 171615, V2 Dish ID: 9329
2025-11-18 15:17:33,378 - INFO -     No modifiers found for this dish
2025-11-18 15:17:33,378 - INFO - 
  [29/49] Steak Sub (Course: Sous-Marins)
2025-11-18 15:17:33,378 - INFO -     DB Dish ID: 171616, V2 Dish ID: 9330
2025-11-18 15:17:39,023 - INFO -     No modifiers found for this dish
2025-11-18 15:17:39,023 - INFO - 
  [30/49] Pizza Sub (Course: Sous-Marins)
2025-11-18 15:17:39,023 - INFO -     DB Dish ID: 171617, V2 Dish ID: 9331
2025-11-18 15:17:44,528 - INFO -     No modifiers found for this dish
2025-11-18 15:17:44,528 - INFO - 
  [31/49] Club Sub (Course: Sous-Marins)
2025-11-18 15:17:44,528 - INFO -     DB Dish ID: 171618, V2 Dish ID: 9332
2025-11-18 15:17:50,050 - INFO -     No modifiers found for this dish
2025-11-18 15:17:50,050 - INFO - 
  [32/49] Jambon Fromage Sub (Course: Sous-Marins)
2025-11-18 15:17:50,050 - INFO -     DB Dish ID: 171619, V2 Dish ID: 9333
2025-11-18 15:17:55,558 - INFO -     No modifiers found for this dish
2025-11-18 15:17:55,558 - INFO - 
  [33/49] Frites (Course: Les à Cotés)
2025-11-18 15:17:55,558 - INFO -     DB Dish ID: 171620, V2 Dish ID: 9334
2025-11-18 15:18:01,080 - INFO -     No modifiers found for this dish
2025-11-18 15:18:01,080 - INFO - 
  [34/49] Rondelles d’oignons (Course: Les à Cotés)
2025-11-18 15:18:01,080 - INFO -     DB Dish ID: 171621, V2 Dish ID: 9335
2025-11-18 15:18:06,596 - INFO -     No modifiers found for this dish
2025-11-18 15:18:06,596 - INFO - 
  [35/49] Bâtonnets de fromage (Course: Les à Cotés)
2025-11-18 15:18:06,596 - INFO -     DB Dish ID: 171622, V2 Dish ID: 9336
2025-11-18 15:18:12,132 - INFO -     No modifiers found for this dish
2025-11-18 15:18:12,132 - INFO - 
  [36/49] Zucchini (Course: Les à Cotés)
2025-11-18 15:18:12,133 - INFO -     DB Dish ID: 171623, V2 Dish ID: 9337
2025-11-18 15:18:17,655 - INFO -     No modifiers found for this dish
2025-11-18 15:18:17,655 - INFO - 
  [37/49] Poutine (Course: Les à Cotés)
2025-11-18 15:18:17,655 - INFO -     DB Dish ID: 171624, V2 Dish ID: 9338
2025-11-18 15:18:23,162 - INFO -     No modifiers found for this dish
2025-11-18 15:18:23,162 - INFO - 
  [38/49] Poutine Poulet (Course: Les à Cotés)
2025-11-18 15:18:23,162 - INFO -     DB Dish ID: 171625, V2 Dish ID: 9339
2025-11-18 15:18:28,666 - INFO -     No modifiers found for this dish
2025-11-18 15:18:28,667 - INFO - 
  [39/49] Salade César (Course: Les à Cotés)
2025-11-18 15:18:28,667 - INFO -     DB Dish ID: 171626, V2 Dish ID: 9340
2025-11-18 15:18:34,177 - INFO -     No modifiers found for this dish
2025-11-18 15:18:34,178 - INFO - 
  [40/49] Ailes de poulet (Course: Les à Cotés)
2025-11-18 15:18:34,178 - INFO -     DB Dish ID: 171627, V2 Dish ID: 9341
2025-11-18 15:18:39,720 - INFO -     No modifiers found for this dish
2025-11-18 15:18:39,720 - INFO - 
  [41/49] Trempettes (Course: Les à Cotés)
2025-11-18 15:18:39,720 - INFO -     DB Dish ID: 171628, V2 Dish ID: 9342
2025-11-18 15:18:45,229 - INFO -     No modifiers found for this dish
2025-11-18 15:18:45,229 - INFO - 
  [42/49] Pizza Nutella (Course: Desserts)
2025-11-18 15:18:45,230 - INFO -     DB Dish ID: 171629, V2 Dish ID: 9343
2025-11-18 15:18:50,736 - INFO -     No modifiers found for this dish
2025-11-18 15:18:50,737 - INFO - 
  [43/49] Pepsi (Course: Breuvages)
2025-11-18 15:18:50,737 - INFO -     DB Dish ID: 171630, V2 Dish ID: 9344
2025-11-18 15:18:56,274 - INFO -     No modifiers found for this dish
2025-11-18 15:18:56,275 - INFO - 
  [44/49] Diet Pepsi (Course: Breuvages)
2025-11-18 15:18:56,275 - INFO -     DB Dish ID: 171631, V2 Dish ID: 9345
2025-11-18 15:19:01,819 - INFO -     No modifiers found for this dish
2025-11-18 15:19:01,819 - INFO - 
  [45/49] Mug Root Beer (Course: Breuvages)
2025-11-18 15:19:01,819 - INFO -     DB Dish ID: 171632, V2 Dish ID: 9346
2025-11-18 15:19:07,349 - INFO -     No modifiers found for this dish
2025-11-18 15:19:07,349 - INFO - 
  [46/49] Orange Crush (Course: Breuvages)
2025-11-18 15:19:07,349 - INFO -     DB Dish ID: 171633, V2 Dish ID: 9347
2025-11-18 15:19:12,879 - INFO -     No modifiers found for this dish
2025-11-18 15:19:12,879 - INFO - 
  [47/49] 7 Up (Course: Breuvages)
2025-11-18 15:19:12,879 - INFO -     DB Dish ID: 171634, V2 Dish ID: 9348
2025-11-18 15:19:19,127 - INFO -     No modifiers found for this dish
2025-11-18 15:19:19,127 - INFO - 
  [48/49] Dr.Pepper (Course: Breuvages)
2025-11-18 15:19:19,127 - INFO -     DB Dish ID: 171635, V2 Dish ID: 9349
2025-11-18 15:19:24,622 - INFO -     No modifiers found for this dish
2025-11-18 15:19:24,622 - INFO - 
  [49/49] Eau (Course: Breuvages)
2025-11-18 15:19:24,622 - INFO -     DB Dish ID: 171636, V2 Dish ID: 9350
2025-11-18 15:19:30,157 - INFO -     No modifiers found for this dish
2025-11-18 15:19:30,160 - INFO -   JSON saved: restaurant_967_modifiers.json
2025-11-18 15:19:30,160 - INFO - 
================================================================================
2025-11-18 15:19:30,160 - INFO - [9/10] PROCESSING: Pizza Marie
2025-11-18 15:19:30,160 - INFO - ================================================================================
2025-11-18 15:19:30,160 - INFO - DB ID: 976
2025-11-18 15:19:30,588 - INFO - Found 50 dishes to process
2025-11-18 15:19:30,588 - INFO - V2 Restaurant ID: 1673
2025-11-18 15:19:30,588 - INFO - 
  [1/50] 2 Large Pizza Special (Course: Specials)
2025-11-18 15:19:30,588 - INFO -     DB Dish ID: 171637, V2 Dish ID: 10100
2025-11-18 15:19:32,951 - INFO -     No modifiers found for this dish
2025-11-18 15:19:32,951 - INFO - 
  [2/50] 2 Medium Pizzas Special (Course: Specials)
2025-11-18 15:19:32,951 - INFO -     DB Dish ID: 171638, V2 Dish ID: 10099
2025-11-18 15:19:35,317 - INFO -     No modifiers found for this dish
2025-11-18 15:19:35,317 - INFO - 
  [3/50] Fries (Course: Canadian Food)
2025-11-18 15:19:35,317 - INFO -     DB Dish ID: 171639, V2 Dish ID: 10068
2025-11-18 15:19:37,760 - INFO -     No modifiers found for this dish
2025-11-18 15:19:37,761 - INFO - 
  [4/50] Poutine (Course: Canadian Food)
2025-11-18 15:19:37,761 - INFO -     DB Dish ID: 171640, V2 Dish ID: 10069
2025-11-18 15:19:40,112 - INFO -     No modifiers found for this dish
2025-11-18 15:19:40,112 - INFO - 
  [5/50] Bacon Poutine (Course: Canadian Food)
2025-11-18 15:19:40,112 - INFO -     DB Dish ID: 171641, V2 Dish ID: 10070
2025-11-18 15:19:42,464 - INFO -     No modifiers found for this dish
2025-11-18 15:19:42,465 - INFO - 
  [6/50] Chicken Wings (Course: Canadian Food)
2025-11-18 15:19:42,465 - INFO -     DB Dish ID: 171642, V2 Dish ID: 10071
2025-11-18 15:19:44,807 - INFO -     No modifiers found for this dish
2025-11-18 15:19:44,807 - INFO - 
  [7/50] Zucchini (10) (Course: Canadian Food)
2025-11-18 15:19:44,807 - INFO -     DB Dish ID: 171643, V2 Dish ID: 10072
2025-11-18 15:19:47,444 - INFO -     No modifiers found for this dish
2025-11-18 15:19:47,444 - INFO - 
  [8/50] Cheese Sticks (6) (Course: Canadian Food)
2025-11-18 15:19:47,444 - INFO -     DB Dish ID: 171644, V2 Dish ID: 10073
2025-11-18 15:19:49,807 - INFO -     No modifiers found for this dish
2025-11-18 15:19:49,807 - INFO - 
  [9/50] Onion Rings (Course: Canadian Food)
2025-11-18 15:19:49,807 - INFO -     DB Dish ID: 171645, V2 Dish ID: 10074
2025-11-18 15:19:52,145 - INFO -     No modifiers found for this dish
2025-11-18 15:19:52,145 - INFO - 
  [10/50] Spaghetti (Course: Italian Food)
2025-11-18 15:19:52,145 - INFO -     DB Dish ID: 171646, V2 Dish ID: 10062
2025-11-18 15:19:54,532 - INFO -     No modifiers found for this dish
2025-11-18 15:19:54,532 - INFO - 
  [11/50] Lasagna (Course: Italian Food)
2025-11-18 15:19:54,532 - INFO -     DB Dish ID: 171647, V2 Dish ID: 10063
2025-11-18 15:19:56,890 - INFO -     No modifiers found for this dish
2025-11-18 15:19:56,890 - INFO - 
  [12/50] Combination Spaghetti (Course: Italian Food)
2025-11-18 15:19:56,890 - INFO -     DB Dish ID: 171648, V2 Dish ID: 10064
2025-11-18 15:19:59,260 - INFO -     No modifiers found for this dish
2025-11-18 15:19:59,260 - INFO - 
  [13/50] Combination Lasagna (Course: Italian Food)
2025-11-18 15:19:59,260 - INFO -     DB Dish ID: 171649, V2 Dish ID: 10065
2025-11-18 15:20:01,696 - INFO -     No modifiers found for this dish
2025-11-18 15:20:01,696 - INFO - 
  [14/50] Garlic Bread (Course: Italian Food)
2025-11-18 15:20:01,696 - INFO -     DB Dish ID: 171650, V2 Dish ID: 10066
2025-11-18 15:20:04,064 - INFO -     No modifiers found for this dish
2025-11-18 15:20:04,064 - INFO - 
  [15/50] Garlic Cheese Bread (Course: Italian Food)
2025-11-18 15:20:04,064 - INFO -     DB Dish ID: 171651, V2 Dish ID: 10067
2025-11-18 15:20:06,451 - INFO -     No modifiers found for this dish
2025-11-18 15:20:06,452 - INFO - 
  [16/50] Pepperoni Sub (Course: Subs)
2025-11-18 15:20:06,452 - INFO -     DB Dish ID: 171652, V2 Dish ID: 10052
2025-11-18 15:20:08,795 - INFO -     No modifiers found for this dish
2025-11-18 15:20:08,796 - INFO - 
  [17/50] Ham Sub (Course: Subs)
2025-11-18 15:20:08,796 - INFO -     DB Dish ID: 171653, V2 Dish ID: 10053
2025-11-18 15:20:11,144 - INFO -     No modifiers found for this dish
2025-11-18 15:20:11,144 - INFO - 
  [18/50] Roast Beef Sub (Course: Subs)
2025-11-18 15:20:11,144 - INFO -     DB Dish ID: 171654, V2 Dish ID: 10054
2025-11-18 15:20:13,507 - INFO -     No modifiers found for this dish
2025-11-18 15:20:13,507 - INFO - 
  [19/50] Steak Marie Special Sub (Course: Subs)
2025-11-18 15:20:13,507 - INFO -     DB Dish ID: 171655, V2 Dish ID: 10055
2025-11-18 15:20:15,965 - INFO -     No modifiers found for this dish
2025-11-18 15:20:15,965 - INFO - 
  [20/50] Combination Sub (Course: Subs)
2025-11-18 15:20:15,965 - INFO -     DB Dish ID: 171656, V2 Dish ID: 10056
2025-11-18 15:20:18,320 - INFO -     No modifiers found for this dish
2025-11-18 15:20:18,320 - INFO - 
  [21/50] Steak and Pepperoni Sub (Course: Subs)
2025-11-18 15:20:18,320 - INFO -     DB Dish ID: 171657, V2 Dish ID: 10057
2025-11-18 15:20:20,684 - INFO -     No modifiers found for this dish
2025-11-18 15:20:20,684 - INFO - 
  [22/50] Pizza Sub (Course: Subs)
2025-11-18 15:20:20,685 - INFO -     DB Dish ID: 171658, V2 Dish ID: 10058
2025-11-18 15:20:23,241 - INFO -     No modifiers found for this dish
2025-11-18 15:20:23,241 - INFO - 
  [23/50] Chicken BBQ Sub (Course: Subs)
2025-11-18 15:20:23,241 - INFO -     DB Dish ID: 171659, V2 Dish ID: 10059
2025-11-18 15:20:25,696 - INFO -     No modifiers found for this dish
2025-11-18 15:20:25,696 - INFO - 
  [24/50] Chicken Teriyaki Sub (Course: Subs)
2025-11-18 15:20:25,696 - INFO -     DB Dish ID: 171660, V2 Dish ID: 10060
2025-11-18 15:20:28,040 - INFO -     No modifiers found for this dish
2025-11-18 15:20:28,040 - INFO - 
  [25/50] Fried Chicken Sub (Course: Subs)
2025-11-18 15:20:28,040 - INFO -     DB Dish ID: 171661, V2 Dish ID: 10061
2025-11-18 15:20:30,408 - INFO -     No modifiers found for this dish
2025-11-18 15:20:30,408 - INFO - 
  [26/50] Cheese Pizza (Course: Pizza)
2025-11-18 15:20:30,408 - INFO -     DB Dish ID: 171662, V2 Dish ID: 10079
2025-11-18 15:20:34,094 - INFO -     No modifiers found for this dish
2025-11-18 15:20:34,094 - INFO - 
  [27/50] 1 Topping Pizza (Course: Pizza)
2025-11-18 15:20:34,094 - INFO -     DB Dish ID: 171663, V2 Dish ID: 10080
2025-11-18 15:20:36,633 - INFO -     No modifiers found for this dish
2025-11-18 15:20:36,633 - INFO - 
  [28/50] Combination Pizza (Course: Pizza)
2025-11-18 15:20:36,633 - INFO -     DB Dish ID: 171664, V2 Dish ID: 10081
2025-11-18 15:20:39,079 - INFO -     No modifiers found for this dish
2025-11-18 15:20:39,080 - INFO - 
  [29/50] Marie Special Pizza (Course: Pizza)
2025-11-18 15:20:39,080 - INFO -     DB Dish ID: 171665, V2 Dish ID: 10082
2025-11-18 15:20:41,431 - INFO -     No modifiers found for this dish
2025-11-18 15:20:41,431 - INFO - 
  [30/50] Hawaiian Pizza (Course: Pizza)
2025-11-18 15:20:41,431 - INFO -     DB Dish ID: 171666, V2 Dish ID: 10083
2025-11-18 15:20:43,784 - INFO -     No modifiers found for this dish
2025-11-18 15:20:43,784 - INFO - 
  [31/50] Vegetarian Pizza (Course: Pizza)
2025-11-18 15:20:43,784 - INFO -     DB Dish ID: 171667, V2 Dish ID: 10084
2025-11-18 15:20:46,130 - INFO -     No modifiers found for this dish
2025-11-18 15:20:46,130 - INFO - 
  [32/50] Seafood Pizza (Course: Pizza)
2025-11-18 15:20:46,130 - INFO -     DB Dish ID: 171668, V2 Dish ID: 10085
2025-11-18 15:20:48,476 - INFO -     No modifiers found for this dish
2025-11-18 15:20:48,476 - INFO - 
  [33/50] Greek Pizza (Course: Pizza)
2025-11-18 15:20:48,476 - INFO -     DB Dish ID: 171669, V2 Dish ID: 10086
2025-11-18 15:20:50,856 - INFO -     No modifiers found for this dish
2025-11-18 15:20:50,856 - INFO - 
  [34/50] Marie Deluxe Pizza (Course: Pizza)
2025-11-18 15:20:50,856 - INFO -     DB Dish ID: 171670, V2 Dish ID: 10087
2025-11-18 15:20:53,223 - INFO -     No modifiers found for this dish
2025-11-18 15:20:53,223 - INFO - 
  [35/50] Meat Lovers Pizza (Course: Pizza)
2025-11-18 15:20:53,223 - INFO -     DB Dish ID: 171671, V2 Dish ID: 10088
2025-11-18 15:20:55,577 - INFO -     No modifiers found for this dish
2025-11-18 15:20:55,577 - INFO - 
  [36/50] Chicken Pizza (Course: Pizza)
2025-11-18 15:20:55,578 - INFO -     DB Dish ID: 171672, V2 Dish ID: 10089
2025-11-18 15:20:57,969 - INFO -     No modifiers found for this dish
2025-11-18 15:20:57,970 - INFO - 
  [37/50] Dipping Sauces (Course: Pizza)
2025-11-18 15:20:57,970 - INFO -     DB Dish ID: 171673, V2 Dish ID: 10348
2025-11-18 15:21:00,359 - INFO -     No modifiers found for this dish
2025-11-18 15:21:00,360 - INFO - 
  [38/50] Marie Special Salad (Course: Salads)
2025-11-18 15:21:00,360 - INFO -     DB Dish ID: 171674, V2 Dish ID: 10075
2025-11-18 15:21:02,738 - INFO -     No modifiers found for this dish
2025-11-18 15:21:02,738 - INFO - 
  [39/50] Caesar Salad (Course: Salads)
2025-11-18 15:21:02,738 - INFO -     DB Dish ID: 171675, V2 Dish ID: 10076
2025-11-18 15:21:05,141 - INFO -     No modifiers found for this dish
2025-11-18 15:21:05,141 - INFO - 
  [40/50] Greek Salad (Course: Salads)
2025-11-18 15:21:05,141 - INFO -     DB Dish ID: 171676, V2 Dish ID: 10077
2025-11-18 15:21:07,504 - INFO -     No modifiers found for this dish
2025-11-18 15:21:07,504 - INFO - 
  [41/50] Chicken Caesar Salad (Course: Salads)
2025-11-18 15:21:07,504 - INFO -     DB Dish ID: 171677, V2 Dish ID: 10078
2025-11-18 15:21:09,890 - INFO -     No modifiers found for this dish
2025-11-18 15:21:09,890 - INFO - 
  [42/50] Pepsi (Course: Drinks)
2025-11-18 15:21:09,890 - INFO -     DB Dish ID: 171678, V2 Dish ID: 10090
2025-11-18 15:21:12,301 - INFO -     No modifiers found for this dish
2025-11-18 15:21:12,301 - INFO - 
  [43/50] Coke (Course: Drinks)
2025-11-18 15:21:12,301 - INFO -     DB Dish ID: 171679, V2 Dish ID: 10091
2025-11-18 15:21:14,657 - INFO -     No modifiers found for this dish
2025-11-18 15:21:14,658 - INFO - 
  [44/50] Diet Coke (Course: Drinks)
2025-11-18 15:21:14,658 - INFO -     DB Dish ID: 171680, V2 Dish ID: 10092
2025-11-18 15:21:17,027 - INFO -     No modifiers found for this dish
2025-11-18 15:21:17,027 - INFO - 
  [45/50] Diet Pepsi (Course: Drinks)
2025-11-18 15:21:17,027 - INFO -     DB Dish ID: 171681, V2 Dish ID: 10093
2025-11-18 15:21:19,402 - INFO -     No modifiers found for this dish
2025-11-18 15:21:19,402 - INFO - 
  [46/50] Coke Zero (Course: Drinks)
2025-11-18 15:21:19,402 - INFO -     DB Dish ID: 171682, V2 Dish ID: 10094
2025-11-18 15:21:21,811 - INFO -     No modifiers found for this dish
2025-11-18 15:21:21,812 - INFO - 
  [47/50] 7 Up (Course: Drinks)
2025-11-18 15:21:21,812 - INFO -     DB Dish ID: 171683, V2 Dish ID: 10095
2025-11-18 15:21:24,267 - INFO -     No modifiers found for this dish
2025-11-18 15:21:24,267 - INFO - 
  [48/50] Orange Crush (Course: Drinks)
2025-11-18 15:21:24,267 - INFO -     DB Dish ID: 171684, V2 Dish ID: 10096
2025-11-18 15:21:26,671 - INFO -     No modifiers found for this dish
2025-11-18 15:21:26,671 - INFO - 
  [49/50] Iced Tea (Course: Drinks)
2025-11-18 15:21:26,672 - INFO -     DB Dish ID: 171685, V2 Dish ID: 10097
2025-11-18 15:21:29,030 - INFO -     No modifiers found for this dish
2025-11-18 15:21:29,030 - INFO - 
  [50/50] Bottled Water (Course: Drinks)
2025-11-18 15:21:29,030 - INFO -     DB Dish ID: 171686, V2 Dish ID: 10098
2025-11-18 15:21:31,395 - INFO -     No modifiers found for this dish
2025-11-18 15:21:31,396 - INFO -   JSON saved: restaurant_976_modifiers.json
2025-11-18 15:21:31,396 - INFO - 
================================================================================
2025-11-18 15:21:31,396 - INFO - [10/10] PROCESSING: Sushi Presse
2025-11-18 15:21:31,396 - INFO - ================================================================================
2025-11-18 15:21:31,396 - INFO - DB ID: 1020
2025-11-18 15:21:31,847 - INFO - Found 166 dishes to process
2025-11-18 15:21:31,848 - INFO - V2 Restaurant ID: 1285
2025-11-18 15:21:31,848 - INFO - 
  [1/166] Alibaba (Course: Latest)
2025-11-18 15:21:31,848 - INFO -     DB Dish ID: 170723, V2 Dish ID: 7034
2025-11-18 15:21:34,367 - INFO -     No modifiers found for this dish
2025-11-18 15:21:34,367 - INFO - 
  [2/166] Piranha (Course: Latest)
2025-11-18 15:21:34,367 - INFO -     DB Dish ID: 170724, V2 Dish ID: 7035
2025-11-18 15:21:36,861 - INFO -     No modifiers found for this dish
2025-11-18 15:21:36,861 - INFO - 
  [3/166] TransFormer (Course: Latest)
2025-11-18 15:21:36,861 - INFO -     DB Dish ID: 170725, V2 Dish ID: 7036
2025-11-18 15:21:39,349 - INFO -     No modifiers found for this dish
2025-11-18 15:21:39,349 - INFO - 
  [4/166] Spiderman (Course: Latest)
2025-11-18 15:21:39,349 - INFO -     DB Dish ID: 170726, V2 Dish ID: 7037
2025-11-18 15:21:41,830 - INFO -     No modifiers found for this dish
2025-11-18 15:21:41,830 - INFO - 
  [5/166] Hell-Boy (Course: Latest)
2025-11-18 15:21:41,830 - INFO -     DB Dish ID: 170727, V2 Dish ID: 7038
2025-11-18 15:21:44,350 - INFO -     No modifiers found for this dish
2025-11-18 15:21:44,350 - INFO - 
  [6/166] Frozen (Course: Latest)
2025-11-18 15:21:44,350 - INFO -     DB Dish ID: 170728, V2 Dish ID: 7039
2025-11-18 15:21:46,845 - INFO -     No modifiers found for this dish
2025-11-18 15:21:46,846 - INFO - 
  [7/166] Venom (Course: Latest)
2025-11-18 15:21:46,846 - INFO -     DB Dish ID: 170729, V2 Dish ID: 7040
2025-11-18 15:21:49,345 - INFO -     No modifiers found for this dish
2025-11-18 15:21:49,345 - INFO - 
  [8/166] Lobster DeLux (Course: Latest)
2025-11-18 15:21:49,345 - INFO -     DB Dish ID: 170730, V2 Dish ID: 7041
2025-11-18 15:21:51,856 - INFO -     No modifiers found for this dish
2025-11-18 15:21:51,856 - INFO - 
  [9/166] Shrimp Tempura (Course: Chef's Specialties)
2025-11-18 15:21:51,856 - INFO -     DB Dish ID: 170731, V2 Dish ID: 7042
2025-11-18 15:21:54,382 - INFO -     No modifiers found for this dish
2025-11-18 15:21:54,382 - INFO - 
  [10/166] Ebi Tempura Maki (Course: Chef's Specialties)
2025-11-18 15:21:54,382 - INFO -     DB Dish ID: 170732, V2 Dish ID: 7043
2025-11-18 15:21:56,855 - INFO -     No modifiers found for this dish
2025-11-18 15:21:56,855 - INFO - 
  [11/166] Tiger Eye (Course: Chef's Specialties)
2025-11-18 15:21:56,856 - INFO -     DB Dish ID: 170733, V2 Dish ID: 7044
2025-11-18 15:21:59,380 - INFO -     No modifiers found for this dish
2025-11-18 15:21:59,380 - INFO - 
  [12/166] Dragon Eye (Course: Chef's Specialties)
2025-11-18 15:21:59,380 - INFO -     DB Dish ID: 170734, V2 Dish ID: 7045
2025-11-18 15:22:01,877 - INFO -     No modifiers found for this dish
2025-11-18 15:22:01,877 - INFO - 
  [13/166] Pizza Sushi with Seafood (Course: Chef's Specialties)
2025-11-18 15:22:01,877 - INFO -     DB Dish ID: 170735, V2 Dish ID: 7046
2025-11-18 15:22:04,362 - INFO -     No modifiers found for this dish
2025-11-18 15:22:04,362 - INFO - 
  [14/166] Pizza Sushi with Smoked Salmon (Course: Chef's Specialties)
2025-11-18 15:22:04,362 - INFO -     DB Dish ID: 170736, V2 Dish ID: 7047
2025-11-18 15:22:06,857 - INFO -     No modifiers found for this dish
2025-11-18 15:22:06,857 - INFO - 
  [15/166] The Sun (Course: Chef's Specialties)
2025-11-18 15:22:06,857 - INFO -     DB Dish ID: 170737, V2 Dish ID: 7048
2025-11-18 15:22:09,360 - INFO -     No modifiers found for this dish
2025-11-18 15:22:09,360 - INFO - 
  [16/166] Dragon Ballz (Course: Chef's Specialties)
2025-11-18 15:22:09,360 - INFO -     DB Dish ID: 170738, V2 Dish ID: 7049
2025-11-18 15:22:11,870 - INFO -     No modifiers found for this dish
2025-11-18 15:22:11,870 - INFO - 
  [17/166] Vege Pizza (Course: Chef's Specialties)
2025-11-18 15:22:11,870 - INFO -     DB Dish ID: 170739, V2 Dish ID: 9626
2025-11-18 15:22:14,373 - INFO -     No modifiers found for this dish
2025-11-18 15:22:14,373 - INFO - 
  [18/166] Madame 5 (Course: Chef's Specialties)
2025-11-18 15:22:14,373 - INFO -     DB Dish ID: 170740, V2 Dish ID: 7050
2025-11-18 15:22:16,871 - INFO -     No modifiers found for this dish
2025-11-18 15:22:16,871 - INFO - 
  [19/166] Scallop Tempura Maki (Course: Chef's Specialties)
2025-11-18 15:22:16,871 - INFO -     DB Dish ID: 170741, V2 Dish ID: 7051
2025-11-18 15:22:19,370 - INFO -     No modifiers found for this dish
2025-11-18 15:22:19,370 - INFO - 
  [20/166] La Perle D'orient (Course: Chef's Specialties)
2025-11-18 15:22:19,370 - INFO -     DB Dish ID: 170742, V2 Dish ID: 7052
2025-11-18 15:22:21,850 - INFO -     No modifiers found for this dish
2025-11-18 15:22:21,850 - INFO - 
  [21/166] Lobster Pizza (Course: Chef's Specialties)
2025-11-18 15:22:21,850 - INFO -     DB Dish ID: 170743, V2 Dish ID: 7053
2025-11-18 15:22:24,357 - INFO -     No modifiers found for this dish
2025-11-18 15:22:24,357 - INFO - 
  [22/166] 01. Kunsei (Course: Nigiri / Sashimi)
2025-11-18 15:22:24,357 - INFO -     DB Dish ID: 170744, V2 Dish ID: 7054
2025-11-18 15:22:26,852 - INFO -     No modifiers found for this dish
2025-11-18 15:22:26,852 - INFO - 
  [23/166] 02. Syake (Course: Nigiri / Sashimi)
2025-11-18 15:22:26,852 - INFO -     DB Dish ID: 170745, V2 Dish ID: 7055
2025-11-18 15:22:29,337 - INFO -     No modifiers found for this dish
2025-11-18 15:22:29,337 - INFO - 
  [24/166] 03. Tai (Course: Nigiri / Sashimi)
2025-11-18 15:22:29,337 - INFO -     DB Dish ID: 170746, V2 Dish ID: 7056
2025-11-18 15:22:31,900 - INFO -     No modifiers found for this dish
2025-11-18 15:22:31,900 - INFO - 
  [25/166] 04. Ebi (Course: Nigiri / Sashimi)
2025-11-18 15:22:31,900 - INFO -     DB Dish ID: 170747, V2 Dish ID: 7057
2025-11-18 15:22:34,476 - INFO -     No modifiers found for this dish
2025-11-18 15:22:34,476 - INFO - 
  [26/166] 05. Inari (Course: Nigiri / Sashimi)
2025-11-18 15:22:34,476 - INFO -     DB Dish ID: 170748, V2 Dish ID: 7058
2025-11-18 15:22:37,005 - INFO -     No modifiers found for this dish
2025-11-18 15:22:37,005 - INFO - 
  [27/166] 06. Maguro (Course: Nigiri / Sashimi)
2025-11-18 15:22:37,005 - INFO -     DB Dish ID: 170749, V2 Dish ID: 7059
2025-11-18 15:22:39,489 - INFO -     No modifiers found for this dish
2025-11-18 15:22:39,489 - INFO - 
  [28/166] 07. Unagi (Course: Nigiri / Sashimi)
2025-11-18 15:22:39,489 - INFO -     DB Dish ID: 170750, V2 Dish ID: 7060
2025-11-18 15:22:42,019 - INFO -     No modifiers found for this dish
2025-11-18 15:22:42,019 - INFO - 
  [29/166] 08. Hotategai (Course: Nigiri / Sashimi)
2025-11-18 15:22:42,019 - INFO -     DB Dish ID: 170751, V2 Dish ID: 7061
2025-11-18 15:22:44,507 - INFO -     No modifiers found for this dish
2025-11-18 15:22:44,507 - INFO - 
  [30/166] 09. Kani-Kama (Course: Nigiri / Sashimi)
2025-11-18 15:22:44,507 - INFO -     DB Dish ID: 170752, V2 Dish ID: 7062
2025-11-18 15:22:46,998 - INFO -     No modifiers found for this dish
2025-11-18 15:22:46,998 - INFO - 
  [31/166] 10. Tamago (Course: Nigiri / Sashimi)
2025-11-18 15:22:46,998 - INFO -     DB Dish ID: 170753, V2 Dish ID: 7063
2025-11-18 15:22:49,484 - INFO -     No modifiers found for this dish
2025-11-18 15:22:49,484 - INFO - 
  [32/166] 11. Tobiko (Course: Nigiri / Sashimi)
2025-11-18 15:22:49,484 - INFO -     DB Dish ID: 170754, V2 Dish ID: 7064
2025-11-18 15:22:51,964 - INFO -     No modifiers found for this dish
2025-11-18 15:22:51,964 - INFO - 
  [33/166] 12. Massago (Course: Nigiri / Sashimi)
2025-11-18 15:22:51,964 - INFO -     DB Dish ID: 170755, V2 Dish ID: 7065
2025-11-18 15:22:54,490 - INFO -     No modifiers found for this dish
2025-11-18 15:22:54,490 - INFO - 
  [34/166] 13. Syake Tempura (Course: Nigiri / Sashimi)
2025-11-18 15:22:54,490 - INFO -     DB Dish ID: 170756, V2 Dish ID: 7066
2025-11-18 15:22:57,120 - INFO -     No modifiers found for this dish
2025-11-18 15:22:57,120 - INFO - 
  [35/166] 14. Maguro Tempura (Course: Nigiri / Sashimi)
2025-11-18 15:22:57,120 - INFO -     DB Dish ID: 170757, V2 Dish ID: 7070
2025-11-18 15:22:59,620 - INFO -     No modifiers found for this dish
2025-11-18 15:22:59,620 - INFO - 
  [36/166] 15. Hotategai Tempura (Course: Nigiri / Sashimi)
2025-11-18 15:22:59,620 - INFO -     DB Dish ID: 170758, V2 Dish ID: 7067
2025-11-18 15:23:02,127 - INFO -     No modifiers found for this dish
2025-11-18 15:23:02,127 - INFO - 
  [37/166] 16. Crab Tempura (Course: Nigiri / Sashimi)
2025-11-18 15:23:02,127 - INFO -     DB Dish ID: 170759, V2 Dish ID: 7068
2025-11-18 15:23:04,628 - INFO -     No modifiers found for this dish
2025-11-18 15:23:04,628 - INFO - 
  [38/166] 17. Shrimp Tempura (Course: Nigiri / Sashimi)
2025-11-18 15:23:04,628 - INFO -     DB Dish ID: 170760, V2 Dish ID: 7069
2025-11-18 15:23:07,126 - INFO -     No modifiers found for this dish
2025-11-18 15:23:07,126 - INFO - 
  [39/166] 18. Kappa Maki (Course: Hosomakis)
2025-11-18 15:23:07,126 - INFO -     DB Dish ID: 170761, V2 Dish ID: 7071
2025-11-18 15:23:09,710 - INFO -     No modifiers found for this dish
2025-11-18 15:23:09,710 - INFO - 
  [40/166] 19. Avocado Maki (Course: Hosomakis)
2025-11-18 15:23:09,710 - INFO -     DB Dish ID: 170762, V2 Dish ID: 7072
2025-11-18 15:23:12,245 - INFO -     No modifiers found for this dish
2025-11-18 15:23:12,245 - INFO - 
  [41/166] 20. Tofu Maki (Course: Hosomakis)
2025-11-18 15:23:12,245 - INFO -     DB Dish ID: 170763, V2 Dish ID: 7073
2025-11-18 15:23:14,758 - INFO -     No modifiers found for this dish
2025-11-18 15:23:14,759 - INFO - 
  [42/166] 21. Tamago Maki (Course: Hosomakis)
2025-11-18 15:23:14,759 - INFO -     DB Dish ID: 170764, V2 Dish ID: 7074
2025-11-18 15:23:17,262 - INFO -     No modifiers found for this dish
2025-11-18 15:23:17,263 - INFO - 
  [43/166] 22. Kanikama Maki (Course: Hosomakis)
2025-11-18 15:23:17,263 - INFO -     DB Dish ID: 170765, V2 Dish ID: 7075
2025-11-18 15:23:19,762 - INFO -     No modifiers found for this dish
2025-11-18 15:23:19,763 - INFO - 
  [44/166] 23. Crevette Maki (Course: Hosomakis)
2025-11-18 15:23:19,763 - INFO -     DB Dish ID: 170766, V2 Dish ID: 7076
2025-11-18 15:23:22,267 - INFO -     No modifiers found for this dish
2025-11-18 15:23:22,267 - INFO - 
  [45/166] 24. Crab Maki (Course: Hosomakis)
2025-11-18 15:23:22,267 - INFO -     DB Dish ID: 170767, V2 Dish ID: 7077
2025-11-18 15:23:24,760 - INFO -     No modifiers found for this dish
2025-11-18 15:23:24,761 - INFO - 
  [46/166] 25. Mango Maki (Course: Hosomakis)
2025-11-18 15:23:24,761 - INFO -     DB Dish ID: 170768, V2 Dish ID: 7078
2025-11-18 15:23:27,263 - INFO -     No modifiers found for this dish
2025-11-18 15:23:27,263 - INFO - 
  [47/166] 26. Oshinko Maki (Course: Hosomakis)
2025-11-18 15:23:27,263 - INFO -     DB Dish ID: 170769, V2 Dish ID: 7079
2025-11-18 15:23:29,796 - INFO -     No modifiers found for this dish
2025-11-18 15:23:29,796 - INFO - 
  [48/166] 27. Kunsei Spicy Maki (Course: Hosomakis)
2025-11-18 15:23:29,796 - INFO -     DB Dish ID: 170770, V2 Dish ID: 7080
2025-11-18 15:23:32,290 - INFO -     No modifiers found for this dish
2025-11-18 15:23:32,290 - INFO - 
  [49/166] 28. Syake Spicy Maki (Course: Hosomakis)
2025-11-18 15:23:32,290 - INFO -     DB Dish ID: 170771, V2 Dish ID: 7081
2025-11-18 15:23:34,814 - INFO -     No modifiers found for this dish
2025-11-18 15:23:34,814 - INFO - 
  [50/166] 29. Tekka Spicy Maki (Course: Hosomakis)
2025-11-18 15:23:34,814 - INFO -     DB Dish ID: 170772, V2 Dish ID: 7082
2025-11-18 15:23:37,344 - INFO -     No modifiers found for this dish
2025-11-18 15:23:37,344 - INFO - 
  [51/166] 30. Hotategai Spicy Maki (Course: Hosomakis)
2025-11-18 15:23:37,344 - INFO -     DB Dish ID: 170773, V2 Dish ID: 7083
2025-11-18 15:23:39,836 - INFO -     No modifiers found for this dish
2025-11-18 15:23:39,836 - INFO - 
  [52/166] 31. Tai SpicyMaki (Course: Hosomakis)
2025-11-18 15:23:39,836 - INFO -     DB Dish ID: 170774, V2 Dish ID: 7084
2025-11-18 15:23:42,324 - INFO -     No modifiers found for this dish
2025-11-18 15:23:42,324 - INFO - 
  [53/166] 32. Ika Hoso Maki (Course: Hosomakis)
2025-11-18 15:23:42,324 - INFO -     DB Dish ID: 170775, V2 Dish ID: 7085
2025-11-18 15:23:44,840 - INFO -     No modifiers found for this dish
2025-11-18 15:23:44,840 - INFO - 
  [54/166] 33. Ebi Crunch (Course: Hosomakis)
2025-11-18 15:23:44,841 - INFO -     DB Dish ID: 170776, V2 Dish ID: 9627
2025-11-18 15:23:47,361 - INFO -     No modifiers found for this dish
2025-11-18 15:23:47,361 - INFO - 
  [55/166] 34. Yam Maki (Course: Hosomakis)
2025-11-18 15:23:47,361 - INFO -     DB Dish ID: 170777, V2 Dish ID: 9628
2025-11-18 15:23:49,890 - INFO -     No modifiers found for this dish
2025-11-18 15:23:49,891 - INFO - 
  [56/166] 40. Bomber Man (Course: Maki Rice Paper)
2025-11-18 15:23:49,891 - INFO -     DB Dish ID: 170778, V2 Dish ID: 7086
2025-11-18 15:23:52,395 - INFO -     No modifiers found for this dish
2025-11-18 15:23:52,395 - INFO - 
  [57/166] 41. Bambi (Course: Maki Rice Paper)
2025-11-18 15:23:52,395 - INFO -     DB Dish ID: 170779, V2 Dish ID: 7087
2025-11-18 15:23:54,897 - INFO -     No modifiers found for this dish
2025-11-18 15:23:54,897 - INFO - 
  [58/166] 42. Buddha on Fire (veggie) (Course: Maki Rice Paper)
2025-11-18 15:23:54,897 - INFO -     DB Dish ID: 170780, V2 Dish ID: 7088
2025-11-18 15:23:57,414 - INFO -     No modifiers found for this dish
2025-11-18 15:23:57,414 - INFO - 
  [59/166] 43. Naruto (Course: Maki Rice Paper)
2025-11-18 15:23:57,414 - INFO -     DB Dish ID: 170781, V2 Dish ID: 7089
2025-11-18 15:23:59,960 - INFO -     No modifiers found for this dish
2025-11-18 15:23:59,960 - INFO - 
  [60/166] 44. Mango Tango (Course: Maki Rice Paper)
2025-11-18 15:23:59,960 - INFO -     DB Dish ID: 170782, V2 Dish ID: 7090
2025-11-18 15:24:02,494 - INFO -     No modifiers found for this dish
2025-11-18 15:24:02,495 - INFO - 
  [61/166] 12 Pieces. (Course: Assorted Plates)
2025-11-18 15:24:02,495 - INFO -     DB Dish ID: 170783, V2 Dish ID: 7091
2025-11-18 15:24:05,048 - INFO -     No modifiers found for this dish
2025-11-18 15:24:05,048 - INFO - 
  [62/166] 14 Pieces. (Course: Assorted Plates)
2025-11-18 15:24:05,048 - INFO -     DB Dish ID: 170784, V2 Dish ID: 7092
2025-11-18 15:24:07,549 - INFO -     No modifiers found for this dish
2025-11-18 15:24:07,549 - INFO - 
  [63/166] 16 pieces. (Course: Assorted Plates)
2025-11-18 15:24:07,549 - INFO -     DB Dish ID: 170785, V2 Dish ID: 7093
2025-11-18 15:24:10,123 - INFO -     No modifiers found for this dish
2025-11-18 15:24:10,123 - INFO - 
  [64/166] 20 Pieces. (Course: Assorted Plates)
2025-11-18 15:24:10,123 - INFO -     DB Dish ID: 170786, V2 Dish ID: 7094
2025-11-18 15:24:12,633 - INFO -     No modifiers found for this dish
2025-11-18 15:24:12,634 - INFO - 
  [65/166] 28 Pieces. (Course: Assorted Plates)
2025-11-18 15:24:12,634 - INFO -     DB Dish ID: 170787, V2 Dish ID: 7095
2025-11-18 15:24:15,136 - INFO -     No modifiers found for this dish
2025-11-18 15:24:15,136 - INFO - 
  [66/166] 36 Pieces. (Course: Assorted Plates)
2025-11-18 15:24:15,136 - INFO -     DB Dish ID: 170788, V2 Dish ID: 7096
2025-11-18 15:24:17,642 - INFO -     No modifiers found for this dish
2025-11-18 15:24:17,642 - INFO - 
  [67/166] 47 Pieces. (Course: Assorted Plates)
2025-11-18 15:24:17,642 - INFO -     DB Dish ID: 170789, V2 Dish ID: 7097
2025-11-18 15:24:20,153 - INFO -     No modifiers found for this dish
2025-11-18 15:24:20,153 - INFO - 
  [68/166] 58 Pieces. (Course: Assorted Plates)
2025-11-18 15:24:20,153 - INFO -     DB Dish ID: 170790, V2 Dish ID: 7098
2025-11-18 15:24:22,678 - INFO -     No modifiers found for this dish
2025-11-18 15:24:22,678 - INFO - 
  [69/166] 76 Pieces (Course: Assorted Plates)
2025-11-18 15:24:22,678 - INFO -     DB Dish ID: 170791, V2 Dish ID: 7099
2025-11-18 15:24:25,177 - INFO -     No modifiers found for this dish
2025-11-18 15:24:25,177 - INFO - 
  [70/166] 100 pieces. (Course: Assorted Plates)
2025-11-18 15:24:25,177 - INFO -     DB Dish ID: 170792, V2 Dish ID: 7100
2025-11-18 15:24:27,700 - INFO -     No modifiers found for this dish
2025-11-18 15:24:27,700 - INFO - 
  [71/166] 80. Vegetarian (Course: Futomakis)
2025-11-18 15:24:27,700 - INFO -     DB Dish ID: 170793, V2 Dish ID: 7101
2025-11-18 15:24:30,191 - INFO -     No modifiers found for this dish
2025-11-18 15:24:30,191 - INFO - 
  [72/166] 81. California (Course: Futomakis)
2025-11-18 15:24:30,191 - INFO -     DB Dish ID: 170794, V2 Dish ID: 7102
2025-11-18 15:24:32,691 - INFO -     No modifiers found for this dish
2025-11-18 15:24:32,691 - INFO - 
  [73/166] 82. Mexican (Course: Futomakis)
2025-11-18 15:24:32,691 - INFO -     DB Dish ID: 170795, V2 Dish ID: 7103
2025-11-18 15:24:35,273 - INFO -     No modifiers found for this dish
2025-11-18 15:24:35,273 - INFO - 
  [74/166] 83. Spicy Salmon (Course: Futomakis)
2025-11-18 15:24:35,273 - INFO -     DB Dish ID: 170796, V2 Dish ID: 7104
2025-11-18 15:24:37,790 - INFO -     No modifiers found for this dish
2025-11-18 15:24:37,790 - INFO - 
  [75/166] 84. Spicy Tuna (Course: Futomakis)
2025-11-18 15:24:37,790 - INFO -     DB Dish ID: 170797, V2 Dish ID: 7105
2025-11-18 15:24:40,270 - INFO -     No modifiers found for this dish
2025-11-18 15:24:40,270 - INFO - 
  [76/166] 85. Kamikaze Tuna (Course: Futomakis)
2025-11-18 15:24:40,270 - INFO -     DB Dish ID: 170798, V2 Dish ID: 7106
2025-11-18 15:24:42,799 - INFO -     No modifiers found for this dish
2025-11-18 15:24:42,799 - INFO - 
  [77/166] 86. Kamikaze Salmon (Course: Futomakis)
2025-11-18 15:24:42,799 - INFO -     DB Dish ID: 170799, V2 Dish ID: 7107
2025-11-18 15:24:45,302 - INFO -     No modifiers found for this dish
2025-11-18 15:24:45,302 - INFO - 
  [78/166] 87. Boston (Course: Futomakis)
2025-11-18 15:24:45,302 - INFO -     DB Dish ID: 170800, V2 Dish ID: 7108
2025-11-18 15:24:47,809 - INFO -     No modifiers found for this dish
2025-11-18 15:24:47,809 - INFO - 
  [79/166] 88. New York (Course: Futomakis)
2025-11-18 15:24:47,809 - INFO -     DB Dish ID: 170801, V2 Dish ID: 7109
2025-11-18 15:24:50,304 - INFO -     No modifiers found for this dish
2025-11-18 15:24:50,304 - INFO - 
  [80/166] 89. Snow Spider (Course: Futomakis)
2025-11-18 15:24:50,304 - INFO -     DB Dish ID: 170802, V2 Dish ID: 7110
2025-11-18 15:24:52,815 - INFO -     No modifiers found for this dish
2025-11-18 15:24:52,815 - INFO - 
  [81/166] 90. Vege-Moxee (Course: Futomakis)
2025-11-18 15:24:52,815 - INFO -     DB Dish ID: 170803, V2 Dish ID: 7111
2025-11-18 15:24:55,314 - INFO -     No modifiers found for this dish
2025-11-18 15:24:55,314 - INFO - 
  [82/166] 91. Rainbow (Course: Futomakis)
2025-11-18 15:24:55,314 - INFO -     DB Dish ID: 170804, V2 Dish ID: 7112
2025-11-18 15:24:57,835 - INFO -     No modifiers found for this dish
2025-11-18 15:24:57,836 - INFO - 
  [83/166] 92. Eel Wheel (Course: Futomakis)
2025-11-18 15:24:57,836 - INFO -     DB Dish ID: 170805, V2 Dish ID: 7113
2025-11-18 15:25:00,544 - INFO -     No modifiers found for this dish
2025-11-18 15:25:00,545 - INFO - 
  [84/166] 93. Hawaii (Course: Futomakis)
2025-11-18 15:25:00,545 - INFO -     DB Dish ID: 170806, V2 Dish ID: 7114
2025-11-18 15:25:03,034 - INFO -     No modifiers found for this dish
2025-11-18 15:25:03,034 - INFO - 
  [85/166] 94. Chicken Teriyaki (Course: Futomakis)
2025-11-18 15:25:03,034 - INFO -     DB Dish ID: 170807, V2 Dish ID: 7115
2025-11-18 15:25:05,530 - INFO -     No modifiers found for this dish
2025-11-18 15:25:05,530 - INFO - 
  [86/166] 95. Spicy Shrimp (Course: Futomakis)
2025-11-18 15:25:05,530 - INFO -     DB Dish ID: 170808, V2 Dish ID: 7116
2025-11-18 15:25:08,009 - INFO -     No modifiers found for this dish
2025-11-18 15:25:08,009 - INFO - 
  [87/166] 96. Montreal (Course: Futomakis)
2025-11-18 15:25:08,009 - INFO -     DB Dish ID: 170809, V2 Dish ID: 7117
2025-11-18 15:25:10,516 - INFO -     No modifiers found for this dish
2025-11-18 15:25:10,516 - INFO - 
  [88/166] 97. Pacific (Course: Futomakis)
2025-11-18 15:25:10,516 - INFO -     DB Dish ID: 170810, V2 Dish ID: 7118
2025-11-18 15:25:13,041 - INFO -     No modifiers found for this dish
2025-11-18 15:25:13,041 - INFO - 
  [89/166] 98. Foma Roll (Course: Futomakis)
2025-11-18 15:25:13,041 - INFO -     DB Dish ID: 170811, V2 Dish ID: 7119
2025-11-18 15:25:15,556 - INFO -     No modifiers found for this dish
2025-11-18 15:25:15,556 - INFO - 
  [90/166] 99. Moxee (Course: Futomakis)
2025-11-18 15:25:15,557 - INFO -     DB Dish ID: 170812, V2 Dish ID: 7120
2025-11-18 15:25:18,136 - INFO -     No modifiers found for this dish
2025-11-18 15:25:18,137 - INFO - 
  [91/166] 100. Veggie Touki (Course: Futomakis)
2025-11-18 15:25:18,137 - INFO -     DB Dish ID: 170813, V2 Dish ID: 7121
2025-11-18 15:25:20,644 - INFO -     No modifiers found for this dish
2025-11-18 15:25:20,644 - INFO - 
  [92/166] 101. Shrimp Cocktail (Course: Futomakis)
2025-11-18 15:25:20,644 - INFO -     DB Dish ID: 170814, V2 Dish ID: 7122
2025-11-18 15:25:23,161 - INFO -     No modifiers found for this dish
2025-11-18 15:25:23,162 - INFO - 
  [93/166] 102. Kamika Unagi (Course: Futomakis)
2025-11-18 15:25:23,162 - INFO -     DB Dish ID: 170815, V2 Dish ID: 7123
2025-11-18 15:25:25,746 - INFO -     No modifiers found for this dish
2025-11-18 15:25:25,747 - INFO - 
  [94/166] 103. Ika Spicy (Course: Futomakis)
2025-11-18 15:25:25,747 - INFO -     DB Dish ID: 170816, V2 Dish ID: 7124
2025-11-18 15:25:28,231 - INFO -     No modifiers found for this dish
2025-11-18 15:25:28,231 - INFO - 
  [95/166] 104. Picasso (Course: Futomakis)
2025-11-18 15:25:28,231 - INFO -     DB Dish ID: 170817, V2 Dish ID: 7125
2025-11-18 15:25:30,737 - INFO -     No modifiers found for this dish
2025-11-18 15:25:30,737 - INFO - 
  [96/166] 105. Cali in The Night (Course: Futomakis)
2025-11-18 15:25:30,737 - INFO -     DB Dish ID: 170818, V2 Dish ID: 7126
2025-11-18 15:25:33,227 - INFO -     No modifiers found for this dish
2025-11-18 15:25:33,227 - INFO - 
  [97/166] 106. Chef's Roll (Course: Futomakis)
2025-11-18 15:25:33,227 - INFO -     DB Dish ID: 170819, V2 Dish ID: 7127
2025-11-18 15:25:35,845 - INFO -     No modifiers found for this dish
2025-11-18 15:25:35,845 - INFO - 
  [98/166] 107. Kimchi (Course: Futomakis)
2025-11-18 15:25:35,845 - INFO -     DB Dish ID: 170820, V2 Dish ID: 7128
2025-11-18 15:25:38,314 - INFO -     No modifiers found for this dish
2025-11-18 15:25:38,314 - INFO - 
  [99/166] 108. Salmon Teriyaki (Course: Futomakis)
2025-11-18 15:25:38,314 - INFO -     DB Dish ID: 170821, V2 Dish ID: 7129
2025-11-18 15:25:40,840 - INFO -     No modifiers found for this dish
2025-11-18 15:25:40,841 - INFO - 
  [100/166] 109. Yam Vege (Course: Futomakis)
2025-11-18 15:25:40,841 - INFO -     DB Dish ID: 170822, V2 Dish ID: 9629
2025-11-18 15:25:43,310 - INFO -     No modifiers found for this dish
2025-11-18 15:25:43,310 - INFO - 
  [101/166] 50. Sunrise (Course: Makis)
2025-11-18 15:25:43,310 - INFO -     DB Dish ID: 170823, V2 Dish ID: 7130
2025-11-18 15:25:45,779 - INFO -     No modifiers found for this dish
2025-11-18 15:25:45,779 - INFO - 
  [102/166] 51. West Coast (Course: Makis)
2025-11-18 15:25:45,779 - INFO -     DB Dish ID: 170824, V2 Dish ID: 7131
2025-11-18 15:25:48,248 - INFO -     No modifiers found for this dish
2025-11-18 15:25:48,248 - INFO - 
  [103/166] 52. Mini Kamikaze (Course: Makis)
2025-11-18 15:25:48,248 - INFO -     DB Dish ID: 170825, V2 Dish ID: 7132
2025-11-18 15:25:50,748 - INFO -     No modifiers found for this dish
2025-11-18 15:25:50,748 - INFO - 
  [104/166] 53. Capcode (Course: Makis)
2025-11-18 15:25:50,748 - INFO -     DB Dish ID: 170826, V2 Dish ID: 7133
2025-11-18 15:25:53,329 - INFO -     No modifiers found for this dish
2025-11-18 15:25:53,329 - INFO - 
  [105/166] 54. Una Kyu (Course: Makis)
2025-11-18 15:25:53,329 - INFO -     DB Dish ID: 170827, V2 Dish ID: 7134
2025-11-18 15:25:55,867 - INFO -     No modifiers found for this dish
2025-11-18 15:25:55,867 - INFO - 
  [106/166] 55. Cali L.A (Course: Makis)
2025-11-18 15:25:55,867 - INFO -     DB Dish ID: 170828, V2 Dish ID: 7135
2025-11-18 15:26:00,580 - INFO -     No modifiers found for this dish
2025-11-18 15:26:00,580 - INFO - 
  [107/166] 56. Two Salmon (Course: Makis)
2025-11-18 15:26:00,580 - INFO -     DB Dish ID: 170829, V2 Dish ID: 7136
2025-11-18 15:26:03,541 - INFO -     No modifiers found for this dish
2025-11-18 15:26:03,541 - INFO - 
  [108/166] 57. Spicy Crab (Course: Makis)
2025-11-18 15:26:03,541 - INFO -     DB Dish ID: 170830, V2 Dish ID: 7137
2025-11-18 15:26:06,040 - INFO -     No modifiers found for this dish
2025-11-18 15:26:06,040 - INFO - 
  [109/166] 58. Kanebi (Course: Makis)
2025-11-18 15:26:06,040 - INFO -     DB Dish ID: 170831, V2 Dish ID: 7138
2025-11-18 15:26:08,539 - INFO -     No modifiers found for this dish
2025-11-18 15:26:08,540 - INFO - 
  [110/166] 59. Ninja (Course: Makis)
2025-11-18 15:26:08,540 - INFO -     DB Dish ID: 170832, V2 Dish ID: 7139
2025-11-18 15:26:11,016 - INFO -     No modifiers found for this dish
2025-11-18 15:26:11,017 - INFO - 
  [111/166] 60. Pikachu (Course: Makis)
2025-11-18 15:26:11,017 - INFO -     DB Dish ID: 170833, V2 Dish ID: 7140
2025-11-18 15:26:13,526 - INFO -     No modifiers found for this dish
2025-11-18 15:26:13,526 - INFO - 
  [112/166] 61. Cheer Chicken (Course: Makis)
2025-11-18 15:26:13,526 - INFO -     DB Dish ID: 170834, V2 Dish ID: 7141
2025-11-18 15:26:16,034 - INFO -     No modifiers found for this dish
2025-11-18 15:26:16,034 - INFO - 
  [113/166] 62. Cheer Shrimp (Course: Makis)
2025-11-18 15:26:16,034 - INFO -     DB Dish ID: 170835, V2 Dish ID: 7142
2025-11-18 15:26:18,508 - INFO -     No modifiers found for this dish
2025-11-18 15:26:18,509 - INFO - 
  [114/166] 63. Butterfly (Course: Makis)
2025-11-18 15:26:18,509 - INFO -     DB Dish ID: 170836, V2 Dish ID: 7143
2025-11-18 15:26:21,023 - INFO -     No modifiers found for this dish
2025-11-18 15:26:21,023 - INFO - 
  [115/166] 64. Lady Gaga (Course: Makis)
2025-11-18 15:26:21,023 - INFO -     DB Dish ID: 170837, V2 Dish ID: 7144
2025-11-18 15:26:23,608 - INFO -     No modifiers found for this dish
2025-11-18 15:26:23,609 - INFO - 
  [116/166] 70. Vegetarian (Course: Spring Makis)
2025-11-18 15:26:23,609 - INFO -     DB Dish ID: 170838, V2 Dish ID: 7145
2025-11-18 15:26:26,085 - INFO -     No modifiers found for this dish
2025-11-18 15:26:26,085 - INFO - 
  [117/166] 71. Shrimps (Course: Spring Makis)
2025-11-18 15:26:26,085 - INFO -     DB Dish ID: 170839, V2 Dish ID: 7146
2025-11-18 15:26:28,563 - INFO -     No modifiers found for this dish
2025-11-18 15:26:28,563 - INFO - 
  [118/166] 72. Crab (Course: Spring Makis)
2025-11-18 15:26:28,563 - INFO -     DB Dish ID: 170840, V2 Dish ID: 7147
2025-11-18 15:26:31,057 - INFO -     No modifiers found for this dish
2025-11-18 15:26:31,057 - INFO - 
  [119/166] 73. Salmon (Course: Spring Makis)
2025-11-18 15:26:31,057 - INFO -     DB Dish ID: 170841, V2 Dish ID: 7148
2025-11-18 15:26:33,681 - INFO -     No modifiers found for this dish
2025-11-18 15:26:33,681 - INFO - 
  [120/166] 74. Red Tuna (Course: Spring Makis)
2025-11-18 15:26:33,682 - INFO -     DB Dish ID: 170842, V2 Dish ID: 7149
2025-11-18 15:26:36,270 - INFO -     No modifiers found for this dish
2025-11-18 15:26:36,270 - INFO - 
  [121/166] 76. Chicken (Course: Spring Makis)
2025-11-18 15:26:36,270 - INFO -     DB Dish ID: 170843, V2 Dish ID: 7150
2025-11-18 15:26:38,752 - INFO -     No modifiers found for this dish
2025-11-18 15:26:38,752 - INFO - 
  [122/166] 120. Vegetarian (Course: Tartar Makis)
2025-11-18 15:26:38,752 - INFO -     DB Dish ID: 170844, V2 Dish ID: 7151
2025-11-18 15:26:41,248 - INFO -     No modifiers found for this dish
2025-11-18 15:26:41,249 - INFO - 
  [123/166] 121. Shrimps (Course: Tartar Makis)
2025-11-18 15:26:41,249 - INFO -     DB Dish ID: 170845, V2 Dish ID: 7152
2025-11-18 15:26:43,741 - INFO -     No modifiers found for this dish
2025-11-18 15:26:43,742 - INFO - 
  [124/166] 122. Crab (Course: Tartar Makis)
2025-11-18 15:26:43,742 - INFO -     DB Dish ID: 170846, V2 Dish ID: 7153
2025-11-18 15:26:46,228 - INFO -     No modifiers found for this dish
2025-11-18 15:26:46,228 - INFO - 
  [125/166] 123. Salmon (Course: Tartar Makis)
2025-11-18 15:26:46,228 - INFO -     DB Dish ID: 170847, V2 Dish ID: 7154
2025-11-18 15:26:48,728 - INFO -     No modifiers found for this dish
2025-11-18 15:26:48,728 - INFO - 
  [126/166] 124. Tuna (Course: Tartar Makis)
2025-11-18 15:26:48,728 - INFO -     DB Dish ID: 170848, V2 Dish ID: 7155
2025-11-18 15:26:51,202 - INFO -     No modifiers found for this dish
2025-11-18 15:26:51,202 - INFO - 
  [127/166] 125. Scallop (Course: Tartar Makis)
2025-11-18 15:26:51,202 - INFO -     DB Dish ID: 170849, V2 Dish ID: 7156
2025-11-18 15:26:53,697 - INFO -     No modifiers found for this dish
2025-11-18 15:26:53,697 - INFO - 
  [128/166] 126. Smoked Salmon (Course: Tartar Makis)
2025-11-18 15:26:53,697 - INFO -     DB Dish ID: 170850, V2 Dish ID: 7157
2025-11-18 15:26:56,210 - INFO -     No modifiers found for this dish
2025-11-18 15:26:56,210 - INFO - 
  [129/166] 127. Squid (Course: Tartar Makis)
2025-11-18 15:26:56,210 - INFO -     DB Dish ID: 170851, V2 Dish ID: 7158
2025-11-18 15:26:58,718 - INFO -     No modifiers found for this dish
2025-11-18 15:26:58,718 - INFO - 
  [130/166] 138. Green Salad (Course: Salads)
2025-11-18 15:26:58,718 - INFO -     DB Dish ID: 170852, V2 Dish ID: 7159
2025-11-18 15:27:01,352 - INFO -     No modifiers found for this dish
2025-11-18 15:27:01,352 - INFO - 
  [131/166] 140. Wakame Salad (Course: Salads)
2025-11-18 15:27:01,352 - INFO -     DB Dish ID: 170853, V2 Dish ID: 7160
2025-11-18 15:27:03,837 - INFO -     No modifiers found for this dish
2025-11-18 15:27:03,837 - INFO - 
  [132/166] 142. Grilled Salmon (Course: Salads)
2025-11-18 15:27:03,837 - INFO -     DB Dish ID: 170854, V2 Dish ID: 7161
2025-11-18 15:27:06,340 - INFO -     No modifiers found for this dish
2025-11-18 15:27:06,340 - INFO - 
  [133/166] 130. Miso Veggie (Course: Miso Soup)
2025-11-18 15:27:06,341 - INFO -     DB Dish ID: 170855, V2 Dish ID: 7162
2025-11-18 15:27:08,865 - INFO -     No modifiers found for this dish
2025-11-18 15:27:08,865 - INFO - 
  [134/166] 131. Miso Shrimp (Course: Miso Soup)
2025-11-18 15:27:08,865 - INFO -     DB Dish ID: 170856, V2 Dish ID: 7163
2025-11-18 15:27:11,408 - INFO -     No modifiers found for this dish
2025-11-18 15:27:11,408 - INFO - 
  [135/166] 133. Miso Mixte (Course: Miso Soup)
2025-11-18 15:27:11,408 - INFO -     DB Dish ID: 170857, V2 Dish ID: 7164
2025-11-18 15:27:13,928 - INFO -     No modifiers found for this dish
2025-11-18 15:27:13,928 - INFO - 
  [136/166] 150. Strawberry and Banana (Course: Sushi Desserts)
2025-11-18 15:27:13,928 - INFO -     DB Dish ID: 170858, V2 Dish ID: 7165
2025-11-18 15:27:16,423 - INFO -     No modifiers found for this dish
2025-11-18 15:27:16,423 - INFO - 
  [137/166] 151. Pineapple and Banana (Course: Sushi Desserts)
2025-11-18 15:27:16,423 - INFO -     DB Dish ID: 170859, V2 Dish ID: 7166
2025-11-18 15:27:18,907 - INFO -     No modifiers found for this dish
2025-11-18 15:27:18,907 - INFO - 
  [138/166] 152. Mandarin and Banana (Course: Sushi Desserts)
2025-11-18 15:27:18,907 - INFO -     DB Dish ID: 170860, V2 Dish ID: 7167
2025-11-18 15:27:21,400 - INFO -     No modifiers found for this dish
2025-11-18 15:27:21,400 - INFO - 
  [139/166] 153. Avocado and Banana (Course: Sushi Desserts)
2025-11-18 15:27:21,400 - INFO -     DB Dish ID: 170861, V2 Dish ID: 7168
2025-11-18 15:27:23,904 - INFO -     No modifiers found for this dish
2025-11-18 15:27:23,904 - INFO - 
  [140/166] 154. Mango and Banana (Course: Sushi Desserts)
2025-11-18 15:27:23,904 - INFO -     DB Dish ID: 170862, V2 Dish ID: 7169
2025-11-18 15:27:26,407 - INFO -     No modifiers found for this dish
2025-11-18 15:27:26,407 - INFO - 
  [141/166] 155. Banane Flambée (Course: Sushi Desserts)
2025-11-18 15:27:26,407 - INFO -     DB Dish ID: 170863, V2 Dish ID: 7170
2025-11-18 15:27:28,924 - INFO -     No modifiers found for this dish
2025-11-18 15:27:28,924 - INFO - 
  [142/166] Poke 50 % (Course: Pokebols)
2025-11-18 15:27:28,924 - INFO -     DB Dish ID: 170864, V2 Dish ID: 7171
2025-11-18 15:27:31,422 - INFO -     No modifiers found for this dish
2025-11-18 15:27:31,422 - INFO - 
  [143/166] Poke Calmar (Course: Pokebols)
2025-11-18 15:27:31,422 - INFO -     DB Dish ID: 170865, V2 Dish ID: 7172
2025-11-18 15:27:33,922 - INFO -     No modifiers found for this dish
2025-11-18 15:27:33,922 - INFO - 
  [144/166] Poke Salmon Katsu (Course: Pokebols)
2025-11-18 15:27:33,922 - INFO -     DB Dish ID: 170866, V2 Dish ID: 7173
2025-11-18 15:27:36,410 - INFO -     No modifiers found for this dish
2025-11-18 15:27:36,410 - INFO - 
  [145/166] Poke Vegetarian (Course: Pokebols)
2025-11-18 15:27:36,411 - INFO -     DB Dish ID: 170867, V2 Dish ID: 7174
2025-11-18 15:27:39,001 - INFO -     No modifiers found for this dish
2025-11-18 15:27:39,001 - INFO - 
  [146/166] Poke Spicy Scallop (Course: Pokebols)
2025-11-18 15:27:39,001 - INFO -     DB Dish ID: 170868, V2 Dish ID: 7175
2025-11-18 15:27:41,498 - INFO -     No modifiers found for this dish
2025-11-18 15:27:41,499 - INFO - 
  [147/166] Poke Salmon Flambé (Course: Pokebols)
2025-11-18 15:27:41,499 - INFO -     DB Dish ID: 170869, V2 Dish ID: 7176
2025-11-18 15:27:43,986 - INFO -     No modifiers found for this dish
2025-11-18 15:27:43,986 - INFO - 
  [148/166] Poke Shrimp Tempura (Course: Pokebols)
2025-11-18 15:27:43,986 - INFO -     DB Dish ID: 170870, V2 Dish ID: 7177
2025-11-18 15:27:46,520 - INFO -     No modifiers found for this dish
2025-11-18 15:27:46,520 - INFO - 
  [149/166] Poke Salmon (Course: Pokebols)
2025-11-18 15:27:46,520 - INFO -     DB Dish ID: 170871, V2 Dish ID: 7178
2025-11-18 15:27:49,012 - INFO -     No modifiers found for this dish
2025-11-18 15:27:49,012 - INFO - 
  [150/166] Poke Tuna (Course: Pokebols)
2025-11-18 15:27:49,012 - INFO -     DB Dish ID: 170872, V2 Dish ID: 7179
2025-11-18 15:27:51,495 - INFO -     No modifiers found for this dish
2025-11-18 15:27:51,495 - INFO - 
  [151/166] Poke Delux (Course: Pokebols)
2025-11-18 15:27:51,495 - INFO -     DB Dish ID: 170873, V2 Dish ID: 7180
2025-11-18 15:27:54,009 - INFO -     No modifiers found for this dish
2025-11-18 15:27:54,009 - INFO - 
  [152/166] Poke Crab & Shrimp (Course: Pokebols)
2025-11-18 15:27:54,009 - INFO -     DB Dish ID: 170874, V2 Dish ID: 7181
2025-11-18 15:27:56,560 - INFO -     No modifiers found for this dish
2025-11-18 15:27:56,560 - INFO - 
  [153/166] Poke Lobster Salad (Course: Pokebols)
2025-11-18 15:27:56,560 - INFO -     DB Dish ID: 170875, V2 Dish ID: 7182
2025-11-18 15:27:59,078 - INFO -     No modifiers found for this dish
2025-11-18 15:27:59,079 - INFO - 
  [154/166] Poke Chicken Katsu (Course: Pokebols)
2025-11-18 15:27:59,079 - INFO -     DB Dish ID: 170876, V2 Dish ID: 7183
2025-11-18 15:28:01,593 - INFO -     No modifiers found for this dish
2025-11-18 15:28:01,593 - INFO - 
  [155/166] Poke Chirashi (Course: Pokebols)
2025-11-18 15:28:01,593 - INFO -     DB Dish ID: 170877, V2 Dish ID: 7184
2025-11-18 15:28:04,119 - INFO -     No modifiers found for this dish
2025-11-18 15:28:04,119 - INFO - 
  [156/166] Spicy Mayo (Course: Extras)
2025-11-18 15:28:04,119 - INFO -     DB Dish ID: 170878, V2 Dish ID: 7185
2025-11-18 15:28:06,628 - INFO -     No modifiers found for this dish
2025-11-18 15:28:06,628 - INFO - 
  [157/166] Wafu Sauce (Course: Extras)
2025-11-18 15:28:06,628 - INFO -     DB Dish ID: 170879, V2 Dish ID: 7186
2025-11-18 15:28:09,152 - INFO -     No modifiers found for this dish
2025-11-18 15:28:09,152 - INFO - 
  [158/166] Coca-Cola (Course: Drinks)
2025-11-18 15:28:09,152 - INFO -     DB Dish ID: 170880, V2 Dish ID: 7187
2025-11-18 15:28:11,674 - INFO -     No modifiers found for this dish
2025-11-18 15:28:11,674 - INFO - 
  [159/166] Diet Coca-Cola (Course: Drinks)
2025-11-18 15:28:11,674 - INFO -     DB Dish ID: 170881, V2 Dish ID: 7188
2025-11-18 15:28:14,161 - INFO -     No modifiers found for this dish
2025-11-18 15:28:14,161 - INFO - 
  [160/166] Pepsi (Course: Drinks)
2025-11-18 15:28:14,161 - INFO -     DB Dish ID: 170882, V2 Dish ID: 7189
2025-11-18 15:28:16,656 - INFO -     No modifiers found for this dish
2025-11-18 15:28:16,656 - INFO - 
  [161/166] 7 Up (Course: Drinks)
2025-11-18 15:28:16,656 - INFO -     DB Dish ID: 170883, V2 Dish ID: 7190
2025-11-18 15:28:19,172 - INFO -     No modifiers found for this dish
2025-11-18 15:28:19,172 - INFO - 
  [162/166] Diet Pepsi (Course: Drinks)
2025-11-18 15:28:19,172 - INFO -     DB Dish ID: 170884, V2 Dish ID: 7191
2025-11-18 15:28:21,677 - INFO -     No modifiers found for this dish
2025-11-18 15:28:21,677 - INFO - 
  [163/166] Orange Crush (Course: Drinks)
2025-11-18 15:28:21,677 - INFO -     DB Dish ID: 170885, V2 Dish ID: 7192
2025-11-18 15:28:24,284 - INFO -     No modifiers found for this dish
2025-11-18 15:28:24,284 - INFO - 
  [164/166] Root Beer (Course: Drinks)
2025-11-18 15:28:24,284 - INFO -     DB Dish ID: 170886, V2 Dish ID: 7193
2025-11-18 15:28:26,764 - INFO -     No modifiers found for this dish
2025-11-18 15:28:26,764 - INFO - 
  [165/166] Water (Course: Drinks)
2025-11-18 15:28:26,764 - INFO -     DB Dish ID: 170887, V2 Dish ID: 7194
2025-11-18 15:28:29,278 - INFO -     No modifiers found for this dish
2025-11-18 15:28:29,278 - INFO - 
  [166/166] Perrier (Course: Drinks)
2025-11-18 15:28:29,278 - INFO -     DB Dish ID: 170888, V2 Dish ID: 7195
2025-11-18 15:28:31,789 - INFO -     No modifiers found for this dish
2025-11-18 15:28:31,790 - INFO -   JSON saved: restaurant_1020_modifiers.json
2025-11-18 15:28:31,790 - INFO - 
================================================================================
2025-11-18 15:28:31,790 - INFO - PHASE 2 FRENCH SCRAPER - FINAL SUMMARY
2025-11-18 15:28:31,790 - INFO - ================================================================================
2025-11-18 15:28:31,790 - INFO - Duration: 0:50:31.667388
2025-11-18 15:28:31,790 - INFO - Restaurants processed: 10
2025-11-18 15:28:31,790 - INFO - Total dishes processed: 666
2025-11-18 15:28:31,790 - INFO - Successful: 666
2025-11-18 15:28:31,791 - INFO - Failed: 0
2025-11-18 15:28:31,791 - INFO - Total modifier groups found: 254
2025-11-18 15:28:31,791 - INFO - Output directory: C:\Users\santi\Menu.ca\Legacy Database\Migration Strategy\scraper\V2 Scrapper\phase2_french_output
2025-11-18 15:28:31,791 - INFO - Log file: phase2_french_scraper.log
2025-11-18 15:28:31,791 - INFO - ================================================================================
2025-11-18 15:28:32,923 - INFO - Browser stopped
2025-11-18 15:28:32,923 - INFO - 
Browser stopped
