[2025-12-08 16:36:26] [INFO] Logging to: C:\Users\santi\Menu.ca\Legacy Database\Migration Strategy\Scrapers\Menu Scrapers\logs\combo_phase1_20251208_163626.log
[2025-12-08 16:36:27] [INFO] Database connection established
[2025-12-08 16:36:27] [INFO] Found 162 restaurants with V1 IDs
[2025-12-08 16:36:27] [INFO] Database connection closed
[2025-12-08 16:36:27] [INFO] Starting Combo Scraper...
[2025-12-08 16:36:28] [INFO] Database connection established
[2025-12-08 16:36:28] [INFO] Browser and database connections established
[2025-12-08 16:36:28] [INFO] Logging in to https://menuadmin.menu.ca/...
[2025-12-08 16:36:32] [INFO] Found login form with name='username'
[2025-12-08 16:36:35] [INFO] Current URL after login: https://menuadmin.menu.ca/?p=restaurants
[2025-12-08 16:36:35] [INFO] Login successful - found restaurant list
[2025-12-08 16:36:35] [INFO] ============================================================
[2025-12-08 16:36:35] [INFO] Processing: Imilio's Pizzeria (V3: 7, V1: 89)
[2025-12-08 16:36:35] [INFO] ============================================================
[2025-12-08 16:36:35] [INFO] Navigating to combo groups: https://menuadmin.menu.ca/?p=restaurants&display=editRestaurant&restaurant=89&load=comboGroups&showLang=en
[2025-12-08 16:36:37] [INFO] Page URL after navigation: https://menuadmin.menu.ca/?p=restaurants&display=editRestaurant&restaurant=89&load=comboGroups&showLang=en
[2025-12-08 16:36:37] [INFO] Page HTML length: 146748 bytes
[2025-12-08 16:36:37] [INFO] Saved page HTML to debug_page.html
[2025-12-08 16:36:37] [INFO] Found 'editGroupJS' in page HTML
[2025-12-08 16:36:37] [INFO] Found 15 combo groups
[2025-12-08 16:36:37] [INFO] Processing combo group: Med. 3 Topping pizza (source_id=119)
[2025-12-08 16:38:11] [INFO] Processing combo group: Wings Sauces (source_id=120)
[2025-12-08 16:38:21] [INFO] Processing combo group: Donair sauce (source_id=122)
[2025-12-08 16:38:31] [INFO] Processing combo group: 2 Medium pizza 3 toppings (source_id=123)
[2025-12-08 16:40:04] [INFO] Processing combo group: Chef Salad Dressing & Extras (source_id=124)
[2025-12-08 16:40:09] [INFO] Processing combo group: One Topping Pizza (source_id=6673)
[2025-12-08 16:41:56] [INFO] Processing combo group: Two Toppings Pizza (source_id=6674)
[2025-12-08 16:43:45] [INFO] Processing combo group: Premium Toppings (source_id=6675)
[2025-12-08 16:45:22] [INFO] Processing combo group: Three Toppings Pizza (source_id=6676)
[2025-12-08 16:47:08] [INFO] Processing combo group: Large Pizza 3 Toppings (source_id=6678)
[2025-12-08 16:48:43] [INFO] Processing combo group: Premium Toppings Large (source_id=6679)
[2025-12-08 16:50:11] [INFO] Processing combo group: Medium Pizza 3 Toppings (source_id=6680)
[2025-12-08 16:51:50] [INFO] Processing combo group: Premium Toppings Medium (source_id=6681)
[2025-12-08 16:53:19] [INFO] Processing combo group: Premium Toppings Medium----1st pizza (source_id=6682)
[2025-12-08 16:54:47] [INFO] Processing combo group: Premium Toppings Medium---2nd pizza (source_id=6683)
[2025-12-08 16:56:15] [INFO] Results for Imilio's Pizzeria:
[2025-12-08 16:56:15] [INFO]   - Combo Groups: 15
[2025-12-08 16:56:15] [INFO]   - Sections: 30
[2025-12-08 16:56:15] [INFO]   - Modifier Groups: 191
[2025-12-08 16:56:15] [INFO]   - Modifiers: 1610
[2025-12-08 16:56:15] [INFO]   - Prices: 4356
[2025-12-08 16:56:15] [INFO] ============================================================
[2025-12-08 16:56:15] [INFO] Processing: Lucky Star Chinese Food (V3: 8, V1: 90)
[2025-12-08 16:56:15] [INFO] ============================================================
[2025-12-08 16:56:15] [INFO] Navigating to combo groups: https://menuadmin.menu.ca/?p=restaurants&display=editRestaurant&restaurant=90&load=comboGroups&showLang=en
[2025-12-08 16:56:18] [INFO] Page URL after navigation: https://menuadmin.menu.ca/?p=restaurants&display=editRestaurant&restaurant=90&load=comboGroups&showLang=en
[2025-12-08 16:56:18] [INFO] Page HTML length: 75234 bytes
[2025-12-08 16:56:18] [INFO] Saved page HTML to debug_page.html
[2025-12-08 16:56:18] [INFO] Found 'editGroupJS' in page HTML
[2025-12-08 16:56:18] [INFO] Found 0 combo groups
[2025-12-08 16:56:18] [INFO] No combo groups found for restaurant 8
[2025-12-08 16:56:18] [INFO] Results for Lucky Star Chinese Food:
[2025-12-08 16:56:18] [INFO]   - Combo Groups: 0
[2025-12-08 16:56:18] [INFO]   - Sections: 0
[2025-12-08 16:56:18] [INFO]   - Modifier Groups: 0
[2025-12-08 16:56:18] [INFO]   - Modifiers: 0
[2025-12-08 16:56:18] [INFO]   - Prices: 0
[2025-12-08 16:56:18] [INFO] ============================================================
[2025-12-08 16:56:18] [INFO] Processing: Mama Rosa (V3: 12, V1: 94)
[2025-12-08 16:56:18] [INFO] ============================================================
[2025-12-08 16:56:18] [INFO] Navigating to combo groups: https://menuadmin.menu.ca/?p=restaurants&display=editRestaurant&restaurant=94&load=comboGroups&showLang=en
[2025-12-08 16:56:20] [INFO] Page URL after navigation: https://menuadmin.menu.ca/?p=restaurants&display=editRestaurant&restaurant=94&load=comboGroups&showLang=en
[2025-12-08 16:56:20] [INFO] Page HTML length: 142467 bytes
[2025-12-08 16:56:20] [INFO] Saved page HTML to debug_page.html
[2025-12-08 16:56:20] [INFO] Found 'editGroupJS' in page HTML
[2025-12-08 16:56:20] [INFO] Found 24 combo groups
[2025-12-08 16:56:20] [INFO] Processing combo group: Special Offers - 2 for 1 (1 topping) (source_id=135)
[2025-12-08 16:57:48] [INFO] Processing combo group: Special Offers Dip (source_id=136)
[2025-12-08 16:58:01] [INFO] Processing combo group: Special Offers - 2 for 1 (2 toppings) (source_id=137)
[2025-12-08 16:59:25] [INFO] Processing combo group: Special Offers - 2 for 1 (3 toppings) (source_id=138)
[2025-12-08 17:00:50] [INFO] Processing combo group: Special Offer Wings Sauce (source_id=139)
[2025-12-08 17:01:04] [INFO] Processing combo group: Special Offer Mama's Meal Deal Pizza toppings (source_id=140)
[2025-12-08 17:02:26] [INFO] Processing combo group: Mama's Party Meal Deal (source_id=303)
[2025-12-08 17:03:58] [INFO] Processing combo group: 20 Wings (source_id=305)
[2025-12-08 17:04:13] [INFO] Processing combo group: Large Cheese Bread Sticks (source_id=306)
[2025-12-08 17:04:27] [INFO] Processing combo group: 2 Large Pizzas 3 Toppings (source_id=307)
[2025-12-08 17:05:46] [INFO] Processing combo group: Pizza Dips (source_id=308)
[2025-12-08 17:06:00] [INFO] Processing combo group: Wings Sauces (source_id=309)
[2025-12-08 17:06:14] [INFO] Processing combo group: Pizza Premium Toppings (source_id=310)
[2025-12-08 17:07:43] [INFO] Processing combo group: Premium Toppings for LARGE pizza (source_id=311)
[2025-12-08 17:09:07] [INFO] Processing combo group: Premium Toppings for 2x LARGE pizza (source_id=312)
[2025-12-08 17:10:32] [INFO] Processing combo group: One Item Pizza Toppings (source_id=334)
[2025-12-08 17:11:58] [INFO] Processing combo group: Premium Toppings Large (source_id=5155)
[2025-12-08 17:13:25] [INFO] Processing combo group: Premium Toppings Large ---1st Pizza (source_id=5156)
[2025-12-08 17:14:50] [INFO] Processing combo group: Premium Toppings Large ---2nd Pizza (source_id=5157)
[2025-12-08 17:16:14] [INFO] Processing combo group: Premium Toppings Twins ---1st pizza (source_id=5158)
[2025-12-08 17:17:38] [INFO] Processing combo group: Premium Toppings Twins---2nd Pizza (source_id=5159)
[2025-12-08 17:19:04] [INFO] Processing combo group: Large Pizza 3 Toppings (source_id=6188)
[2025-12-08 17:20:21] [INFO] Processing combo group: Premium Toppings Large (source_id=6189)
[2025-12-08 17:21:47] [INFO] Processing combo group: Large Chef Salad or Large Fries (source_id=6873)
[2025-12-08 17:21:52] [INFO] Results for Mama Rosa:
[2025-12-08 17:21:52] [INFO]   - Combo Groups: 24
[2025-12-08 17:21:52] [INFO]   - Sections: 32
[2025-12-08 17:21:52] [INFO]   - Modifier Groups: 238
[2025-12-08 17:21:52] [INFO]   - Modifiers: 1899
[2025-12-08 17:21:52] [INFO]   - Prices: 5899
[2025-12-08 17:21:52] [INFO] ============================================================
[2025-12-08 17:21:52] [INFO] Processing: Papa Joe's Pizza - Downtown (V3: 13, V1: 95)
[2025-12-08 17:21:52] [INFO] ============================================================
[2025-12-08 17:21:52] [INFO] Navigating to combo groups: https://menuadmin.menu.ca/?p=restaurants&display=editRestaurant&restaurant=95&load=comboGroups&showLang=en
[2025-12-08 17:21:55] [INFO] Page URL after navigation: https://menuadmin.menu.ca/?p=restaurants&display=editRestaurant&restaurant=95&load=comboGroups&showLang=en
[2025-12-08 17:21:55] [INFO] Page HTML length: 139347 bytes
[2025-12-08 17:21:55] [INFO] Saved page HTML to debug_page.html
[2025-12-08 17:21:55] [INFO] Found 'editGroupJS' in page HTML
[2025-12-08 17:21:55] [INFO] Found 40 combo groups
[2025-12-08 17:21:55] [INFO] Processing combo group: 2 Pizza Deal 1 Topping (source_id=142)
[2025-12-08 17:23:28] [INFO] Processing combo group: 2 Pizza Deal 2 Toppings (source_id=143)
[2025-12-08 17:24:59] [INFO] Processing combo group: 2 Pizza Deal 3 Toppings (source_id=144)
[2025-12-08 17:26:30] [INFO] Processing combo group: 2 Subs deal (source_id=176)
[2025-12-08 17:28:07] [INFO] Processing combo group: Family deal -Chef salad or fries (source_id=196)
[2025-12-08 17:28:08] [INFO] Processing combo group: Family deal- Large pizza with Fries (source_id=197)
[2025-12-08 17:29:42] [INFO] Processing combo group: Family deal- Wings sauce (source_id=198)
[2025-12-08 17:29:49] [INFO] Processing combo group: Large pizza deal - pizza toppings (source_id=199)
[2025-12-08 17:31:14] [INFO] Processing combo group: Pizza Dips upsell (source_id=200)
[2025-12-08 17:31:21] [INFO] Processing combo group: Pizza Combos Small - 3 toppings pizza (source_id=201)
[2025-12-08 17:32:47] [INFO] Processing combo group: Pizza Combos - Wings Sauces (source_id=202)
[2025-12-08 17:32:54] [INFO] Processing combo group: Family deal- Large pizza with Chef salad (source_id=203)
[2025-12-08 17:34:28] [INFO] Processing combo group: Medium pizza deal 3 toppings - with poutine (source_id=204)
[2025-12-08 17:35:53] [INFO] Processing combo group: Medium pizza deal 3 toppings - with wings (source_id=205)
[2025-12-08 17:37:22] [INFO] Processing combo group: Home Game Night Deal- 3 toppings (source_id=206)
[2025-12-08 17:38:47] [INFO] Processing combo group: Pasta Pairs deal (source_id=207)
[2025-12-08 17:38:53] [INFO] Processing combo group: Medium Pizza deal with cheesy garlic bread- 3 toppings (source_id=208)
[2025-12-08 17:40:19] [INFO] Processing combo group: Premium Toppings with dips (source_id=291)
[2025-12-08 17:42:00] [INFO] Processing combo group: One topping pizza (source_id=292)
[2025-12-08 17:43:43] [INFO] Processing combo group: 3 topping pizza chicken combo (source_id=1354)
[2025-12-08 17:45:08] [INFO] Processing combo group: pizza chicken combo med (source_id=1355)
[2025-12-08 17:46:31] [INFO] Processing combo group: Premium Toppings ----1st pizza (source_id=5579)
[2025-12-08 17:48:00] [INFO] Processing combo group: Premium Toppings ----2nd Pizza (source_id=5580)
[2025-12-08 17:49:31] [INFO] Processing combo group: Premium Toppings (source_id=5581)
[2025-12-08 17:51:02] [INFO] Processing combo group: Dips (source_id=5582)
[2025-12-08 17:51:08] [INFO] Processing combo group: Premium Toppings Small (source_id=5583)
[2025-12-08 17:52:36] [INFO] Processing combo group: 1st Dip Free (source_id=5584)
[2025-12-08 17:52:43] [INFO] Processing combo group: Premium Toppings Medium (source_id=5585)
[2025-12-08 17:54:12] [INFO] Processing combo group: Premium Toppings Large (source_id=5586)
[2025-12-08 17:55:40] [INFO] Processing combo group: 2 Dips Free (source_id=5587)
[2025-12-08 17:55:47] [INFO] Processing combo group: Large Pizza 3 Toppings (source_id=7631)
[2025-12-08 17:57:12] [INFO] Processing combo group: Medium Pizza 3 Toppings (source_id=7632)
[2025-12-08 17:58:36] [INFO] Processing combo group: Small Pizza 3 Toppings (source_id=7633)
[2025-12-08 18:00:00] [INFO] Processing combo group: Wings Sauces (source_id=7634)
[2025-12-08 18:00:07] [INFO] Processing combo group: 2 Large Pizza 6 Toppings combined (source_id=7635)
[2025-12-08 18:01:31] [INFO] Processing combo group: Premium Toppings Large ---1st pizza (source_id=7636)
[2025-12-08 18:03:00] [INFO] Processing combo group: Premium Toppings Large ---2nd pizza (source_id=7637)
[2025-12-08 18:04:30] [INFO] Processing combo group: 2 Medium Pizza 6 Toppings combined (source_id=7638)
[2025-12-08 18:05:55] [INFO] Processing combo group: Premium Toppings Medium---1st pizza (source_id=7639)
[2025-12-08 18:07:23] [INFO] Processing combo group: Premium Toppings Medium ---2nd pizza (source_id=7640)
[2025-12-08 18:08:53] [INFO] Results for Papa Joe's Pizza - Downtown:
[2025-12-08 18:08:53] [INFO]   - Combo Groups: 40
[2025-12-08 18:08:53] [INFO]   - Sections: 62
[2025-12-08 18:08:53] [INFO]   - Modifier Groups: 509
[2025-12-08 18:08:53] [INFO]   - Modifiers: 3676
[2025-12-08 18:08:53] [INFO]   - Prices: 10703
[2025-12-08 18:08:53] [INFO] ============================================================
[2025-12-08 18:08:53] [INFO] Processing: New Mee Fung Restaurant (V3: 15, V1: 101)
[2025-12-08 18:08:53] [INFO] ============================================================
[2025-12-08 18:08:53] [INFO] Navigating to combo groups: https://menuadmin.menu.ca/?p=restaurants&display=editRestaurant&restaurant=101&load=comboGroups&showLang=en
[2025-12-08 18:08:56] [INFO] Page URL after navigation: https://menuadmin.menu.ca/?p=restaurants&display=editRestaurant&restaurant=101&load=comboGroups&showLang=en
[2025-12-08 18:08:56] [INFO] Page HTML length: 145270 bytes
[2025-12-08 18:08:56] [INFO] Saved page HTML to debug_page.html
[2025-12-08 18:08:56] [INFO] Found 'editGroupJS' in page HTML
[2025-12-08 18:08:56] [INFO] Found 0 combo groups
[2025-12-08 18:08:56] [INFO] No combo groups found for restaurant 15
[2025-12-08 18:08:56] [INFO] Results for New Mee Fung Restaurant:
[2025-12-08 18:08:56] [INFO]   - Combo Groups: 0
[2025-12-08 18:08:56] [INFO]   - Sections: 0
[2025-12-08 18:08:56] [INFO]   - Modifier Groups: 0
[2025-12-08 18:08:56] [INFO]   - Modifiers: 0
[2025-12-08 18:08:56] [INFO]   - Prices: 0
[2025-12-08 18:08:56] [INFO] ============================================================
[2025-12-08 18:08:56] [INFO] Processing: House of Lasagna (V3: 22, V1: 117)
[2025-12-08 18:08:56] [INFO] ============================================================
[2025-12-08 18:08:56] [INFO] Navigating to combo groups: https://menuadmin.menu.ca/?p=restaurants&display=editRestaurant&restaurant=117&load=comboGroups&showLang=en
[2025-12-08 18:08:58] [INFO] Page URL after navigation: https://menuadmin.menu.ca/?p=restaurants&display=editRestaurant&restaurant=117&load=comboGroups&showLang=en
[2025-12-08 18:08:58] [INFO] Page HTML length: 88710 bytes
[2025-12-08 18:08:58] [INFO] Saved page HTML to debug_page.html
[2025-12-08 18:08:58] [INFO] Found 'editGroupJS' in page HTML
[2025-12-08 18:08:58] [INFO] Found 10 combo groups
[2025-12-08 18:08:58] [INFO] Processing combo group: 1 Item Pizza (source_id=562)
[2025-12-08 18:09:23] [INFO] Processing combo group: 2 Items Pizza (source_id=563)
[2025-12-08 18:09:49] [INFO] Processing combo group: 3 Items Pizza (source_id=564)
[2025-12-08 18:10:14] [INFO] Processing combo group: Premium Toppings (source_id=565)
[2025-12-08 18:10:38] [INFO] Processing combo group: Pizza Dips (source_id=566)
[2025-12-08 18:10:43] [INFO] Processing combo group: 2 Medium 3 toppings Pizza Wednesday Special (source_id=1223)
[2025-12-08 18:11:03] [INFO] Processing combo group: Premium Toppings Medium (source_id=1224)
[2025-12-08 18:11:26] [INFO] Processing combo group: Wings Sauces (source_id=1225)
[2025-12-08 18:11:31] [INFO] Processing combo group: Premium toppings wed 1st pizza (source_id=3214)
[2025-12-08 18:11:54] [INFO] Processing combo group: Premium toppings wed 2nd pizza (source_id=3215)
[2025-12-08 18:12:18] [INFO] Results for House of Lasagna:
[2025-12-08 18:12:18] [INFO]   - Combo Groups: 10
[2025-12-08 18:12:18] [INFO]   - Sections: 14
[2025-12-08 18:12:18] [INFO]   - Modifier Groups: 50
[2025-12-08 18:12:18] [INFO]   - Modifiers: 278
[2025-12-08 18:12:18] [INFO]   - Prices: 700
[2025-12-08 18:12:18] [INFO] ============================================================
[2025-12-08 18:12:18] [INFO] Processing: Eastview Pizza (V3: 28, V1: 124)
[2025-12-08 18:12:18] [INFO] ============================================================
[2025-12-08 18:12:18] [INFO] Navigating to combo groups: https://menuadmin.menu.ca/?p=restaurants&display=editRestaurant&restaurant=124&load=comboGroups&showLang=en
[2025-12-08 18:12:19] [INFO] Page URL after navigation: https://menuadmin.menu.ca/?p=restaurants&display=editRestaurant&restaurant=124&load=comboGroups&showLang=en
[2025-12-08 18:12:19] [INFO] Page HTML length: 125904 bytes
[2025-12-08 18:12:19] [INFO] Saved page HTML to debug_page.html
[2025-12-08 18:12:19] [INFO] Found 'editGroupJS' in page HTML
[2025-12-08 18:12:19] [INFO] Found 2 combo groups
[2025-12-08 18:12:19] [INFO] Processing combo group: One topping pizza (source_id=357)
[2025-12-08 18:13:05] [INFO] Processing combo group: One topping pizza - Premium Toppings (source_id=358)
[2025-12-08 18:13:56] [INFO] Results for Eastview Pizza:
[2025-12-08 18:13:56] [INFO]   - Combo Groups: 2
[2025-12-08 18:13:56] [INFO]   - Sections: 4
[2025-12-08 18:13:56] [INFO]   - Modifier Groups: 16
[2025-12-08 18:13:56] [INFO]   - Modifiers: 125
[2025-12-08 18:13:56] [INFO]   - Prices: 365
[2025-12-08 18:13:56] [INFO] ============================================================
[2025-12-08 18:13:56] [INFO] Processing: Milano (V3: 31, V1: 127)
[2025-12-08 18:13:56] [INFO] ============================================================
[2025-12-08 18:13:56] [INFO] Navigating to combo groups: https://menuadmin.menu.ca/?p=restaurants&display=editRestaurant&restaurant=127&load=comboGroups&showLang=en
[2025-12-08 18:13:58] [INFO] Page URL after navigation: https://menuadmin.menu.ca/?p=restaurants&display=editRestaurant&restaurant=127&load=comboGroups&showLang=en
[2025-12-08 18:13:58] [INFO] Page HTML length: 178410 bytes
[2025-12-08 18:13:58] [INFO] Saved page HTML to debug_page.html
[2025-12-08 18:13:58] [INFO] Found 'editGroupJS' in page HTML
[2025-12-08 18:13:58] [INFO] Found 42 combo groups
[2025-12-08 18:13:58] [INFO] Processing combo group: One Topping Pizza (source_id=575)
[2025-12-08 18:15:33] [INFO] Processing combo group: Pizza Premium Toppings (source_id=576)
[2025-12-08 18:17:01] [INFO] Processing combo group: 2 Pizza Deal 1 Topping (source_id=577)
[2025-12-08 18:18:31] [INFO] Processing combo group: 2 Pizza Deal 2 Toppings (source_id=578)
[2025-12-08 18:19:59] [INFO] Processing combo group: 2 Pizza Deal 3 Toppings (source_id=579)
[2025-12-08 18:21:28] [INFO] Processing combo group: 2 Pizza Deal 4 Toppings (source_id=580)
[2025-12-08 18:22:57] [INFO] Processing combo group: 2 Pizza Deal 5 Toppings (source_id=581)
[2025-12-08 18:24:29] [INFO] Processing combo group: 2 Pizza Deal Premium Toppings----1st Pizza (source_id=582)
[2025-12-08 18:25:57] [INFO] Processing combo group: 2 Pizza Deal Premium Toppings ---2nd Pizza (source_id=583)
[2025-12-08 18:27:29] [INFO] Processing combo group: Pizza Dips (source_id=598)
[2025-12-08 18:27:35] [INFO] Processing combo group: Large 4 Toppings E.S (source_id=599)
[2025-12-08 18:28:59] [INFO] Processing combo group: Premium Toppings Large (source_id=600)
[2025-12-08 18:30:25] [INFO] Processing combo group: Small Canadian Pizza E.S (source_id=601)
[2025-12-08 18:31:52] [INFO] Processing combo group: Medium Canadian Pizza E.S (source_id=602)
[2025-12-08 18:33:24] [INFO] Processing combo group: 2 Beef Donairs (source_id=603)
[2025-12-08 18:35:05] [INFO] Processing combo group: 1 Small pizza 3 Toppings E.S (source_id=604)
[2025-12-08 18:36:28] [INFO] Processing combo group: Wings Sauces (source_id=605)
[2025-12-08 18:36:34] [INFO] Processing combo group: Premium Toppings Small (source_id=606)
[2025-12-08 18:38:03] [INFO] Processing combo group: 1 Medium Pizza 3 Toppings E.S (source_id=607)
[2025-12-08 18:39:25] [INFO] Processing combo group: Premium Toppings Medium (source_id=608)
[2025-12-08 18:40:53] [INFO] Processing combo group: 1 Large Pizza 3 Toppings E.S (source_id=609)
[2025-12-08 18:42:15] [INFO] Processing combo group: Premium Toppings Large (source_id=610)
[2025-12-08 18:43:46] [INFO] Processing combo group: Large Chef or Caesar Salad (source_id=611)
[2025-12-08 18:43:46] [INFO] Processing combo group: Hockey Night special (source_id=1421)
[2025-12-08 18:45:15] [INFO] Processing combo group: Large Pizza 1 topping (source_id=3083)
[2025-12-08 18:46:40] [INFO] Processing combo group: 2 Medium 3 Toppings Pizza (source_id=5632)
[2025-12-08 18:48:05] [INFO] Processing combo group: Premium Toppings Medium----1st Pizza (source_id=5633)
[2025-12-08 18:49:34] [INFO] Processing combo group: Premium Toppings Medium----2nd pizza (source_id=5634)
[2025-12-08 18:51:02] [INFO] Processing combo group: 2 Large 3 Toppings (source_id=5635)
[2025-12-08 18:52:24] [INFO] Processing combo group: Premium Toppings Large ---1st pizza (source_id=5636)
[2025-12-08 18:53:50] [INFO] Processing combo group: Premium Toppings Large ---2nd pizza (source_id=5637)
[2025-12-08 18:55:17] [INFO] Processing combo group: Half Priced Extra Cheese (source_id=6435)
[2025-12-08 18:55:28] [INFO] Processing combo group: 1 Pizza 3 Toppings (The Perfect Combo Meal Deal)(S,M,L) (source_id=6860)
[2025-12-08 18:57:00] [INFO] Processing combo group: Premium Toppings S,M,L (source_id=6861)
[2025-12-08 18:58:29] [INFO] Processing combo group: Vegan Nondairy Cheese Substitute 1st pizza (source_id=7090)
[2025-12-08 18:58:32] [INFO] Processing combo group: Vegan Nondairy Cheese Substitute 2nd pizza (source_id=7091)
[2025-12-08 18:58:36] [INFO] Processing combo group: 2 Pizza Deal 1 Topping VEGAN (source_id=7458)
[2025-12-08 19:00:04] [INFO] Processing combo group: 2 Pizza Deal 2 Toppings VEGAN (source_id=7459)
[2025-12-08 19:01:32] [INFO] Processing combo group: 2 Pizza Deal 3 Toppings VEGAN (source_id=7460)
[2025-12-08 19:02:59] [INFO] Processing combo group: Premium Toppings 1st Pizza VEGAN (source_id=7461)
[2025-12-08 19:04:25] [INFO] Processing combo group: Premium Toppings 2nd Pizza VEGAN (source_id=7462)
[2025-12-08 19:05:53] [INFO] Processing combo group: Dips VEGAN (source_id=7463)
[2025-12-08 19:05:59] [INFO] Results for Milano:
[2025-12-08 19:05:59] [INFO]   - Combo Groups: 42
[2025-12-08 19:05:59] [INFO]   - Sections: 66
[2025-12-08 19:05:59] [INFO]   - Modifier Groups: 384
[2025-12-08 19:05:59] [INFO]   - Modifiers: 4128
[2025-12-08 19:05:59] [INFO]   - Prices: 11828
[2025-12-08 19:05:59] [INFO] ============================================================
[2025-12-08 19:05:59] [INFO] Processing: Kiki Lebanese Pineview Pizza (V3: 44, V1: 142)
[2025-12-08 19:05:59] [INFO] ============================================================
[2025-12-08 19:05:59] [INFO] Navigating to combo groups: https://menuadmin.menu.ca/?p=restaurants&display=editRestaurant&restaurant=142&load=comboGroups&showLang=en
[2025-12-08 19:06:03] [INFO] Page URL after navigation: https://menuadmin.menu.ca/?p=restaurants&display=editRestaurant&restaurant=142&load=comboGroups&showLang=en
[2025-12-08 19:06:03] [INFO] Page HTML length: 185443 bytes
[2025-12-08 19:06:03] [INFO] Saved page HTML to debug_page.html
[2025-12-08 19:06:03] [INFO] Found 'editGroupJS' in page HTML
[2025-12-08 19:06:03] [INFO] Found 53 combo groups
[2025-12-08 19:06:03] [INFO] Processing combo group: One item pizza (source_id=450)
[2025-12-08 19:07:13] [INFO] Processing combo group: Two items pizza (source_id=451)
[2025-12-08 19:08:22] [INFO] Processing combo group: Three items pizza (source_id=452)
[2025-12-08 19:09:31] [INFO] Processing combo group: Pizza Premium Toppings (source_id=453)
[2025-12-08 19:10:35] [INFO] Processing combo group: Large 3 items pizza (source_id=454)
[2025-12-08 19:11:37] [INFO] Processing combo group: Large 3 items pizza Premium Toppings (source_id=455)
[2025-12-08 19:12:40] [INFO] Processing combo group: Wings sauces (source_id=456)
[2025-12-08 19:12:51] [INFO] Processing combo group: Chef or Caesar salad (source_id=457)
[2025-12-08 19:12:54] [INFO] Processing combo group: Pizza Dips (source_id=549)
[2025-12-08 19:13:05] [INFO] Processing combo group: Small Sandwich Lunch Special (source_id=584)
[2025-12-08 19:14:21] [INFO] Processing combo group: Small 3 toppings (source_id=2606)
[2025-12-08 19:15:29] [INFO] Processing combo group: small 3 topping premium (source_id=2609)
[2025-12-08 19:16:33] [INFO] Processing combo group: 2 sandwiches 2 salads (source_id=2610)
[2025-12-08 19:17:42] [INFO] Processing combo group: Med 3 top (source_id=2611)
[2025-12-08 19:18:46] [INFO] Processing combo group: Large 3 top (source_id=2612)
[2025-12-08 19:19:54] [INFO] Processing combo group: X-Large 3 top (source_id=2613)
[2025-12-08 19:21:03] [INFO] Processing combo group: 2 small pizza 1 top (source_id=2620)
[2025-12-08 19:22:10] [INFO] Processing combo group: 2 small pizza-prem 1 (source_id=2621)
[2025-12-08 19:23:13] [INFO] Processing combo group: 2 small pizza - prem 2 (source_id=2622)
[2025-12-08 19:24:14] [INFO] Processing combo group: 2 small pizza 2 top (source_id=2623)
[2025-12-08 19:25:16] [INFO] Processing combo group: 2 small pizza with 3 top (source_id=2624)
[2025-12-08 19:26:18] [INFO] Processing combo group: 2 med pizza 1 top (source_id=2625)
[2025-12-08 19:27:22] [INFO] Processing combo group: 2 med pizza- prem 1 (source_id=2626)
[2025-12-08 19:28:23] [INFO] Processing combo group: 2 med pizza - prem 2 (source_id=2627)
[2025-12-08 19:29:23] [INFO] Processing combo group: 2 med pizza 2 top (source_id=2628)
[2025-12-08 19:30:25] [INFO] Processing combo group: 2 med pizza 3 top (source_id=2629)
[2025-12-08 19:31:28] [INFO] Processing combo group: 2 large pizza 1 top (source_id=2630)
[2025-12-08 19:32:29] [INFO] Processing combo group: 2 large pizza -prem 1 (source_id=2632)
[2025-12-08 19:33:29] [INFO] Processing combo group: 2 large pizza - prem 2 (source_id=2633)
[2025-12-08 19:34:29] [INFO] Processing combo group: 2 large pizza 2 top (source_id=2634)
[2025-12-08 19:35:30] [INFO] Processing combo group: 2 large pizza 3 top (source_id=2635)
[2025-12-08 19:36:32] [INFO] Processing combo group: Twins Pizza 1 Topping (source_id=2644)
[2025-12-08 19:37:42] [INFO] Processing combo group: Premium Toppings Twins----1st pizza (source_id=2645)
[2025-12-08 19:38:44] [INFO] Processing combo group: Premium Toppings Twins----2nd pizza (source_id=2646)
[2025-12-08 19:39:46] [INFO] Processing combo group: Combo 1 (source_id=2650)
[2025-12-08 19:39:47] [INFO] Processing combo group: Large Pizza 3 toppings (source_id=2651)
[2025-12-08 19:40:49] [INFO] Processing combo group: Premium Toppings large (source_id=2652)
[2025-12-08 19:41:52] [INFO] Processing combo group: Large Chef or Caesar Salad (source_id=2653)
[2025-12-08 19:41:53] [INFO] Processing combo group: Twins 1 Topping (source_id=5378)
[2025-12-08 19:43:02] [INFO] Processing combo group: Twins 2 Toppings (source_id=5379)
[2025-12-08 19:44:09] [INFO] Processing combo group: Twins 3 Toppings (source_id=5380)
[2025-12-08 19:45:19] [INFO] Processing combo group: Premium Toppings----1st Pizza (source_id=5381)
[2025-12-08 19:46:23] [INFO] Processing combo group: Premium Toppings-----2nd Pizza (source_id=5382)
[2025-12-08 19:47:30] [INFO] Processing combo group: Medium Pizza 3 Toppings (source_id=5383)
[2025-12-08 19:48:36] [INFO] Processing combo group: Premium Toppings Medium (source_id=5384)
[2025-12-08 19:49:41] [INFO] Processing combo group: Premium Toppings XLarge (source_id=5385)
[2025-12-08 19:50:45] [INFO] Processing combo group: 2 Subs (source_id=5386)
[2025-12-08 19:50:55] [INFO] Processing combo group: Any 2 Lebanese Sandwiches (source_id=5387)
[2025-12-08 19:52:12] [INFO] Processing combo group: Any 2 Beef or Chicken Plate (source_id=5388)
[2025-12-08 19:52:19] [INFO] Processing combo group: 2 Salads (source_id=5389)
[2025-12-08 19:52:23] [INFO] Processing combo group: Any 2 Greek Platters (source_id=5390)
[2025-12-08 19:52:24] [INFO] Processing combo group: 1 Greek Platter (source_id=5391)
[2025-12-08 19:52:25] [INFO] Processing combo group: Large Chef or Caesar Salad (source_id=6708)
[2025-12-08 19:52:28] [INFO] Results for Kiki Lebanese Pineview Pizza:
[2025-12-08 19:52:28] [INFO]   - Combo Groups: 53
[2025-12-08 19:52:28] [INFO]   - Sections: 74
[2025-12-08 19:52:28] [INFO]   - Modifier Groups: 798
[2025-12-08 19:52:28] [INFO]   - Modifiers: 4760
[2025-12-08 19:52:28] [INFO]   - Prices: 8985
[2025-12-08 19:52:28] [INFO] ============================================================
[2025-12-08 19:52:28] [INFO] Processing: Bobbie's Pizza & Subs (V3: 45, V1: 143)
[2025-12-08 19:52:28] [INFO] ============================================================
[2025-12-08 19:52:28] [INFO] Navigating to combo groups: https://menuadmin.menu.ca/?p=restaurants&display=editRestaurant&restaurant=143&load=comboGroups&showLang=en
[2025-12-08 19:52:32] [INFO] Page URL after navigation: https://menuadmin.menu.ca/?p=restaurants&display=editRestaurant&restaurant=143&load=comboGroups&showLang=en
[2025-12-08 19:52:32] [INFO] Page HTML length: 147897 bytes
[2025-12-08 19:52:32] [INFO] Saved page HTML to debug_page.html
[2025-12-08 19:52:32] [INFO] Found 'editGroupJS' in page HTML
[2025-12-08 19:52:32] [INFO] Found 20 combo groups
[2025-12-08 19:52:32] [INFO] Processing combo group: 1 Item pizza (source_id=413)
[2025-12-08 19:54:15] [INFO] Processing combo group: Premium Toppings and Dips (source_id=414)
[2025-12-08 19:56:01] [INFO] Processing combo group: Twin Pizza 1 topping (source_id=415)
[2025-12-08 19:57:34] [INFO] Processing combo group: Twin Pizza 2 toppings (source_id=416)
[2025-12-08 19:59:10] [INFO] Processing combo group: Twin Pizza 3 toppings (source_id=417)
[2025-12-08 20:00:43] [INFO] Processing combo group: Pizza Dips (source_id=418)
[2025-12-08 20:00:54] [INFO] Processing combo group: Premium Toppings Twin pizza (source_id=439)
[2025-12-08 20:02:32] [INFO] Processing combo group: Premium toppings twin pizza------first pizza (source_id=448)
[2025-12-08 20:04:07] [INFO] Processing combo group: Premium toppings twin pizza------second pizza (source_id=449)
[2025-12-08 20:05:44] [INFO] Processing combo group: Dips (updated) (source_id=2669)
[2025-12-08 20:05:56] [INFO] Processing combo group: Medium pizza 3 toppings (source_id=2670)
[2025-12-08 20:07:27] [INFO] Processing combo group: Large pizza 3 toppings (source_id=2671)
[2025-12-08 20:08:59] [INFO] Processing combo group: Xlarge pizza 3 toppings (source_id=2672)
[2025-12-08 20:10:30] [INFO] Processing combo group: Premium toppings medium pizza (source_id=2673)
[2025-12-08 20:12:09] [INFO] Processing combo group: Premium toppings large pizza (source_id=2674)
[2025-12-08 20:13:42] [INFO] Processing combo group: Premium toppings xlarge pizza (source_id=2675)
[2025-12-08 20:15:13] [INFO] Processing combo group: Wings sauces (source_id=2676)
[2025-12-08 20:15:24] [INFO] Processing combo group: Salads for pizza and wings specials (source_id=2677)
[2025-12-08 20:15:26] [INFO] Processing combo group: 2 beef donairs (source_id=2678)
[2025-12-08 20:17:09] [INFO] Processing combo group: 2 chicken shawarma (source_id=2679)
[2025-12-08 20:18:54] [INFO] Results for Bobbie's Pizza & Subs:
[2025-12-08 20:18:54] [INFO]   - Combo Groups: 20
[2025-12-08 20:18:54] [INFO]   - Sections: 30
[2025-12-08 20:18:54] [INFO]   - Modifier Groups: 215
[2025-12-08 20:18:54] [INFO]   - Modifiers: 2033
[2025-12-08 20:18:54] [INFO]   - Prices: 5861
[2025-12-08 20:18:54] [INFO] ============================================================
[2025-12-08 20:18:54] [INFO] Processing: Mr Mozzarella - Nepean (V3: 47, V1: 145)
[2025-12-08 20:18:54] [INFO] ============================================================
[2025-12-08 20:18:54] [INFO] Navigating to combo groups: https://menuadmin.menu.ca/?p=restaurants&display=editRestaurant&restaurant=145&load=comboGroups&showLang=en
[2025-12-08 20:18:58] [INFO] Page URL after navigation: https://menuadmin.menu.ca/?p=restaurants&display=editRestaurant&restaurant=145&load=comboGroups&showLang=en
[2025-12-08 20:18:58] [INFO] Page HTML length: 187336 bytes
[2025-12-08 20:18:58] [INFO] Saved page HTML to debug_page.html
[2025-12-08 20:18:58] [INFO] Found 'editGroupJS' in page HTML
[2025-12-08 20:18:58] [INFO] Found 36 combo groups
[2025-12-08 20:18:58] [INFO] Processing combo group: One Item Pizza (source_id=389)
[2025-12-08 20:20:13] [INFO] Processing combo group: Two Items Pizza (source_id=390)
[2025-12-08 20:21:29] [INFO] Processing combo group: Three Items Pizza (source_id=391)
[2025-12-08 20:22:44] [INFO] Processing combo group: Premium Toppings (source_id=392)
[2025-12-08 20:24:13] [INFO] Processing combo group: Twins Pizza (source_id=393)
[2025-12-08 20:25:30] [INFO] Processing combo group: Pizza Dips (source_id=394)
[2025-12-08 20:25:41] [INFO] Processing combo group: Small Pizza 3 Toppings (source_id=395)
[2025-12-08 20:26:46] [INFO] Processing combo group: Wings cooking method and sauces (source_id=396)
[2025-12-08 20:27:01] [INFO] Processing combo group: Premium toppings Small pizza (source_id=397)
[2025-12-08 20:28:10] [INFO] Processing combo group: Medium Pizza 3 Toppings (source_id=398)
[2025-12-08 20:29:15] [INFO] Processing combo group: Premium toppings Medium pizza (source_id=399)
[2025-12-08 20:30:20] [INFO] Processing combo group: Large Pizza 3 Toppings (source_id=400)
[2025-12-08 20:31:24] [INFO] Processing combo group: Premium toppings Large pizza (source_id=401)
[2025-12-08 20:32:31] [INFO] Processing combo group: 2 Medium Pizzas Combo 1 from 2 (source_id=402)
[2025-12-08 20:33:37] [INFO] Processing combo group: 2 Medium Pizzas Combo 2 from 2 (source_id=403)
[2025-12-08 20:34:41] [INFO] Processing combo group: Premium Toppings for 2 medium pizza 1 from 2 (source_id=404)
[2025-12-08 20:35:46] [INFO] Processing combo group: Premium Toppings for 2 medium pizza 2 from 2 (source_id=405)
[2025-12-08 20:36:51] [INFO] Processing combo group: 4 Large pizza Deal (source_id=406)
[2025-12-08 20:37:54] [INFO] Processing combo group: 4 Large Pizzas Pepperoni or Cheese Deal (source_id=407)
[2025-12-08 20:37:58] [INFO] Processing combo group: 2 Large Pizzas Party Special (source_id=408)
[2025-12-08 20:39:00] [INFO] Processing combo group: 2 Large Pizzas Party Special Premium toppings (source_id=409)
[2025-12-08 20:40:05] [INFO] Processing combo group: Wings cooking method and 2 sauces (source_id=435)
[2025-12-08 20:40:19] [INFO] Processing combo group: Wings cooking method and 3 suaces (source_id=436)
[2025-12-08 20:40:32] [INFO] Processing combo group: 2 Large Pizza Deal Premium toppings-----1st Pizza (source_id=587)
[2025-12-08 20:41:37] [INFO] Processing combo group: 2 Large Pizza Deal Premium toppings-----2nd Pizza (source_id=588)
[2025-12-08 20:42:42] [INFO] Processing combo group: Large Pizza 3 Toppings (source_id=3533)
[2025-12-08 20:43:45] [INFO] Processing combo group: 2 Large Pizza 6 Toppings Combined (source_id=3534)
[2025-12-08 20:44:48] [INFO] Processing combo group: 1st Dip Free (source_id=3535)
[2025-12-08 20:44:58] [INFO] Processing combo group: 2 Dips free (source_id=4124)
[2025-12-08 20:45:08] [INFO] Processing combo group: Wings cooking Method and Sauces for Small (source_id=4957)
[2025-12-08 20:45:21] [INFO] Processing combo group: Wings cooking method and sauces Medium (source_id=4958)
[2025-12-08 20:45:33] [INFO] Processing combo group: Wings cooking method and sauces Large (source_id=4959)
[2025-12-08 20:45:45] [INFO] Processing combo group: 2 Large Pizza 6 Toppings combined (source_id=5604)
[2025-12-08 20:46:47] [INFO] Processing combo group: X-Large Pizza 3 Toppings (source_id=8141)
[2025-12-08 20:47:49] [INFO] Processing combo group: Premium Toppings X-Large (source_id=8142)
[2025-12-08 20:48:54] [INFO] Processing combo group: Wings cooking method and sauces X-Large (source_id=8143)
[2025-12-08 20:49:06] [INFO] Results for Mr Mozzarella - Nepean:
[2025-12-08 20:49:06] [INFO]   - Combo Groups: 36
[2025-12-08 20:49:06] [INFO]   - Sections: 59
[2025-12-08 20:49:06] [INFO]   - Modifier Groups: 243
[2025-12-08 20:49:06] [INFO]   - Modifiers: 2565
[2025-12-08 20:49:06] [INFO]   - Prices: 6615
[2025-12-08 20:49:06] [INFO] ============================================================
[2025-12-08 20:49:06] [INFO] Processing: Merivale Pizza & Wings (V3: 48, V1: 146)
[2025-12-08 20:49:06] [INFO] ============================================================
[2025-12-08 20:49:06] [INFO] Navigating to combo groups: https://menuadmin.menu.ca/?p=restaurants&display=editRestaurant&restaurant=146&load=comboGroups&showLang=en
[2025-12-08 20:49:10] [INFO] Page URL after navigation: https://menuadmin.menu.ca/?p=restaurants&display=editRestaurant&restaurant=146&load=comboGroups&showLang=en
[2025-12-08 20:49:10] [INFO] Page HTML length: 106529 bytes
[2025-12-08 20:49:10] [INFO] Saved page HTML to debug_page.html
[2025-12-08 20:49:10] [INFO] Found 'editGroupJS' in page HTML
[2025-12-08 20:49:10] [INFO] Found 24 combo groups
[2025-12-08 20:49:10] [INFO] Processing combo group: 1 Large Pizza 3 toppings F.S (source_id=782)
[2025-12-08 20:49:40] [INFO] Processing combo group: Wings sauces (source_id=783)
[2025-12-08 20:49:47] [INFO] Processing combo group: 1 Medium Pizza 3 Toppings F.S (source_id=784)
[2025-12-08 20:50:17] [INFO] Processing combo group: 1 Small Pizza 3 toppings F.S (source_id=785)
[2025-12-08 20:50:49] [INFO] Processing combo group: 2 Large Pizzas 3 Toppings F.S (source_id=786)
[2025-12-08 20:51:19] [INFO] Processing combo group: 2 Medium Pizzas 3 Toppings F.S (source_id=787)
[2025-12-08 20:51:50] [INFO] Processing combo group: Pizza Dips (source_id=788)
[2025-12-08 20:51:57] [INFO] Processing combo group: 3 Pasta Special (source_id=789)
[2025-12-08 20:51:58] [INFO] Processing combo group: 3 Subs Special (source_id=790)
[2025-12-08 20:51:59] [INFO] Processing combo group: 2 Large Pizza 2 Toppings T.S (source_id=791)
[2025-12-08 20:52:30] [INFO] Processing combo group: 2 Medium Pizza 2 Toppings T.S (source_id=792)
[2025-12-08 20:53:01] [INFO] Processing combo group: 2 Small Pizza 2 Toppings T.S (source_id=793)
[2025-12-08 20:53:31] [INFO] Processing combo group: Premium Toppings (source_id=1041)
[2025-12-08 20:54:05] [INFO] Processing combo group: Premium Toppings Small (source_id=1042)
[2025-12-08 20:54:39] [INFO] Processing combo group: Premium Toppings Medium (source_id=1043)
[2025-12-08 20:55:14] [INFO] Processing combo group: Premium Toppings Large (source_id=1044)
[2025-12-08 20:55:48] [INFO] Processing combo group: Premium Toppings Small------1st Pizza (source_id=1045)
[2025-12-08 20:56:22] [INFO] Processing combo group: Premium Toppings Small------2nd Pizza (source_id=1046)
[2025-12-08 20:56:56] [INFO] Processing combo group: Premium Toppings Medium-----1st Pizza (source_id=1047)
[2025-12-08 20:57:30] [INFO] Processing combo group: Premium Toppings Medium-----2nd Pizza (source_id=1048)
[2025-12-08 20:58:05] [INFO] Processing combo group: Premium Toppings Large----1st Pizza (source_id=1049)
[2025-12-08 20:58:39] [INFO] Processing combo group: Premium Toppings Large----2nd Pizza (source_id=1050)
[2025-12-08 20:59:13] [INFO] Processing combo group: One Topping Pizza (source_id=1051)
[2025-12-08 20:59:50] [INFO] Processing combo group: Two Toppings Pizza (source_id=1052)
[2025-12-08 21:00:28] [INFO] Results for Merivale Pizza & Wings:
[2025-12-08 21:00:28] [INFO]   - Combo Groups: 24
[2025-12-08 21:00:28] [INFO]   - Sections: 32
[2025-12-08 21:00:28] [INFO]   - Modifier Groups: 106
[2025-12-08 21:00:28] [INFO]   - Modifiers: 1080
[2025-12-08 21:00:28] [INFO]   - Prices: 2358
[2025-12-08 21:00:28] [INFO] ============================================================
[2025-12-08 21:00:28] [INFO] Processing: Milano (V3: 55, V1: 161)
[2025-12-08 21:00:28] [INFO] ============================================================
[2025-12-08 21:00:28] [INFO] Navigating to combo groups: https://menuadmin.menu.ca/?p=restaurants&display=editRestaurant&restaurant=161&load=comboGroups&showLang=en
[2025-12-08 21:00:32] [INFO] Page URL after navigation: https://menuadmin.menu.ca/?p=restaurants&display=editRestaurant&restaurant=161&load=comboGroups&showLang=en
[2025-12-08 21:00:32] [INFO] Page HTML length: 227457 bytes
[2025-12-08 21:00:32] [INFO] Saved page HTML to debug_page.html
[2025-12-08 21:00:32] [INFO] Found 'editGroupJS' in page HTML
[2025-12-08 21:00:32] [INFO] Found 39 combo groups
[2025-12-08 21:00:32] [INFO] Processing combo group: One Topping Pizza (source_id=567)
[2025-12-08 21:02:50] [INFO] Processing combo group: Two Toppings Pizza (source_id=568)
[2025-12-08 21:05:12] [INFO] Processing combo group: Pizza Premium Toppings (source_id=569)
[2025-12-08 21:07:17] [INFO] Processing combo group: 2 Pizza Deal 1 Topping (source_id=570)
[2025-12-08 21:09:28] [INFO] Processing combo group: 2 Pizza Deal 2 Toppings (source_id=571)
[2025-12-08 21:11:39] [INFO] Processing combo group: 2 Pizza Deal 3 Toppings (source_id=572)
[2025-12-08 21:13:49] [INFO] Processing combo group: 2 Pizza Deal Premium Toppings----1st Pizza (source_id=573)
[2025-12-08 21:15:54] [INFO] Processing combo group: 2 Pizza Deal Premium Toppings ---2nd Pizza (source_id=574)
[2025-12-08 21:17:58] [INFO] Processing combo group: Pizza Dips (source_id=758)
[2025-12-08 21:18:05] [INFO] Processing combo group: Donair Special (source_id=759)
[2025-12-08 21:18:24] [INFO] Processing combo group: 1 Medium Pizza max 3 toppings (source_id=760)
[2025-12-08 21:20:37] [INFO] Processing combo group: 1 Large Pizza 1 Topping E.S (source_id=761)
[2025-12-08 21:22:40] [INFO] Processing combo group: Premium Toppings Large (source_id=762)
[2025-12-08 21:24:42] [INFO] Processing combo group: 1st Dip Free (source_id=763)
[2025-12-08 21:24:50] [INFO] Processing combo group: 1 Large Pizza 3 Toppings E.S (source_id=764)
[2025-12-08 21:26:51] [INFO] Processing combo group: Wings sauces (source_id=765)
[2025-12-08 21:26:58] [INFO] Processing combo group: Premium Toppings Medium (source_id=4062)
[2025-12-08 21:29:02] [INFO] Processing combo group: Half Priced Extra Cheese --- 1st pizza (source_id=5403)
[2025-12-08 21:29:15] [INFO] Processing combo group: Half Priced Extra Cheese ---2nd pizza (source_id=5404)
[2025-12-08 21:29:29] [INFO] Processing combo group: Half Priced Extra Cheese (source_id=5405)
[2025-12-08 21:29:42] [INFO] Processing combo group: 2 Medium 3 Toppings (source_id=5644)
[2025-12-08 21:31:46] [INFO] Processing combo group: Premium Toppings Medium ----1st pizza (source_id=5645)
[2025-12-08 21:33:49] [INFO] Processing combo group: Premium Toppings Medium ---2nd pizza (source_id=5646)
[2025-12-08 21:35:52] [INFO] Processing combo group: 2 Large 3 Toppings (source_id=5647)
[2025-12-08 21:37:52] [INFO] Processing combo group: Premium Toppings Large ---1st Pizza (source_id=5648)
[2025-12-08 21:39:56] [INFO] Processing combo group: Premium Toppings Large ---2nd pizza (source_id=5649)
[2025-12-08 21:41:59] [INFO] Processing combo group: The Perfect Combo Deal crust and toppings (source_id=5828)
[2025-12-08 21:44:12] [INFO] Processing combo group: Premium Toppings (S,M,L) (source_id=5829)
[2025-12-08 21:46:15] [INFO] Processing combo group: 1 Medium 3 Toppings Pizza (source_id=6670)
[2025-12-08 21:48:15] [INFO] Processing combo group: 1 Small Pizza 3 Toppings (source_id=6671)
[2025-12-08 21:50:15] [INFO] Processing combo group: Premium Toppings Small (source_id=6672)
[2025-12-08 21:52:16] [INFO] Processing combo group: Vegan Nondairy Cheese Substitute 1st pizza (source_id=7094)
[2025-12-08 21:52:19] [INFO] Processing combo group: Vegan Nondairy Cheese Substitute 2nd pizza (source_id=7095)
[2025-12-08 21:52:23] [INFO] Processing combo group: 2 Pizza Deal 1 Topping (VEGAN) (source_id=7192)
[2025-12-08 21:54:26] [INFO] Processing combo group: 2 Pizza Deal 2 Toppings (VEGAN) (source_id=7193)
[2025-12-08 21:56:28] [INFO] Processing combo group: 2 Pizza Deal 3 Toppings (VEGAN) (source_id=7194)
[2025-12-08 21:58:31] [INFO] Processing combo group: 2 Pizza Deal Premium Toppings-----1st Pizza (VEGAN) (source_id=7195)
[2025-12-08 22:00:33] [INFO] Processing combo group: 2 Pizza Deal Premium Toppings-----2nd Pizza (VEGAN) (source_id=7196)
[2025-12-08 22:02:34] [INFO] Processing combo group: Dips VEGAN (source_id=7197)
[2025-12-08 22:02:41] [INFO] Results for Milano:
[2025-12-08 22:02:41] [INFO]   - Combo Groups: 39
[2025-12-08 22:02:41] [INFO]   - Sections: 58
[2025-12-08 22:02:41] [INFO]   - Modifier Groups: 536
[2025-12-08 22:02:41] [INFO]   - Modifiers: 5177
[2025-12-08 22:02:41] [INFO]   - Prices: 14440
[2025-12-08 22:02:41] [INFO] ============================================================
[2025-12-08 22:02:41] [INFO] Processing: Milano (V3: 57, V1: 164)
[2025-12-08 22:02:41] [INFO] ============================================================
[2025-12-08 22:02:41] [INFO] Navigating to combo groups: https://menuadmin.menu.ca/?p=restaurants&display=editRestaurant&restaurant=164&load=comboGroups&showLang=en
[2025-12-08 22:02:45] [INFO] Page URL after navigation: https://menuadmin.menu.ca/?p=restaurants&display=editRestaurant&restaurant=164&load=comboGroups&showLang=en
[2025-12-08 22:02:45] [INFO] Page HTML length: 230815 bytes
[2025-12-08 22:02:45] [INFO] Saved page HTML to debug_page.html
[2025-12-08 22:02:45] [INFO] Found 'editGroupJS' in page HTML
[2025-12-08 22:02:45] [INFO] Found 37 combo groups
[2025-12-08 22:02:45] [INFO] Processing combo group: One Topping (source_id=745)
[2025-12-08 22:04:24] [INFO] Processing combo group: Two Toppings (source_id=746)
[2025-12-08 22:06:01] [INFO] Processing combo group: Premium Toppings (source_id=747)
[2025-12-08 22:07:31] [INFO] Processing combo group: 2 Pizza Deal 1 Topping (source_id=748)
[2025-12-08 22:09:03] [INFO] Processing combo group: 2 Pizza Deal 2 Toppings (source_id=749)
[2025-12-08 22:10:37] [INFO] Processing combo group: 2 Pizza Deal 3 Toppings (source_id=750)
[2025-12-08 22:12:11] [INFO] Processing combo group: 2 Pizza Deal Premium Toppings-----1st Pizza (source_id=751)
[2025-12-08 22:13:41] [INFO] Processing combo group: 2 Pizza Deal Premium Toppings ---2nd Pizza (source_id=752)
[2025-12-08 22:15:19] [INFO] Processing combo group: 1 Medium Pizza 3 Toppings E.S (source_id=753)
[2025-12-08 22:16:45] [INFO] Processing combo group: Premium Toppings Medium (source_id=754)
[2025-12-08 22:18:14] [INFO] Processing combo group: Wings sauces (source_id=755)
[2025-12-08 22:18:29] [INFO] Processing combo group: 1 Large Pizza 3 Toppings E.S (source_id=756)
[2025-12-08 22:19:58] [INFO] Processing combo group: Premium Toppings Large (source_id=757)
[2025-12-08 22:21:31] [INFO] Processing combo group: Pizza Dips (source_id=767)
[2025-12-08 22:21:46] [INFO] Processing combo group: Dipping Sauces (source_id=2605)
[2025-12-08 22:22:00] [INFO] Processing combo group: Half Priced Extra Cheese ---1st pizza (source_id=5343)
[2025-12-08 22:22:19] [INFO] Processing combo group: Half Priced Extra Cheese --- 2nd pizza (source_id=5344)
[2025-12-08 22:22:39] [INFO] Processing combo group: 2 Medium 3 Toppings (source_id=5650)
[2025-12-08 22:24:12] [INFO] Processing combo group: Premium Toppings Medium----1st pizza (source_id=5651)
[2025-12-08 22:26:03] [INFO] Processing combo group: Premium Toppings Medium----2nd pizza (source_id=5652)
[2025-12-08 22:27:40] [INFO] Processing combo group: 2 Large 3 Toppings (source_id=5653)
[2025-12-08 22:29:21] [INFO] Processing combo group: Premium Toppings Large----1st pizza (source_id=5654)
[2025-12-08 22:31:14] [INFO] Processing combo group: Premium Toppings Large---2nd pizza (source_id=5655)
[2025-12-08 22:33:04] [INFO] Processing combo group: 1 Large 2 Toppings (source_id=6239)
[2025-12-08 22:34:47] [INFO] Processing combo group: 2 Dips Free (source_id=6240)
[2025-12-08 22:35:04] [INFO] Processing combo group: The Perfect Combo Deal - 3 toppings (source_id=6705)
[2025-12-08 22:36:54] [INFO] Processing combo group: Premium Toppings Small,Medium,Large (source_id=6706)
[2025-12-08 22:38:33] [INFO] Processing combo group: Premium Toppings Small,Medium,Large---2nd pizza (source_id=6707)
[2025-12-08 22:40:15] [INFO] Processing combo group: Vegan Nondairy Cheese Substitute 1st pizza (source_id=7096)
[2025-12-08 22:40:19] [INFO] Processing combo group: Vegan Nondairy Cheese Substitute 2nd pizza (source_id=7097)
[2025-12-08 22:40:23] [INFO] Processing combo group: 2 Pizza Deal 1 Topping (VEGAN) (source_id=7169)
[2025-12-08 22:41:55] [INFO] Processing combo group: 2 Pizza Deal 2 Toppings (VEGAN) (source_id=7170)
[2025-12-08 22:43:28] [INFO] Processing combo group: 2 Pizza Deal 3 Toppings (VEGAN) (source_id=7171)
[2025-12-08 22:44:56] [INFO] Processing combo group: 2 Pizza Deal Premium Toppings-----1st Pizza (VEGAN) (source_id=7172)
[2025-12-08 22:46:28] [INFO] Processing combo group: 2 Pizza Deal Premium Toppings-----2nd Pizza (VEGAN) (source_id=7173)
[2025-12-08 22:48:01] [INFO] Processing combo group: Dips for VEGAN COURSE (source_id=7174)
[2025-12-08 22:48:16] [INFO] Processing combo group: 1 Large Pizza 1 Topping (source_id=9345)
[2025-12-08 22:49:47] [INFO] Results for Milano:
[2025-12-08 22:49:47] [INFO]   - Combo Groups: 37
[2025-12-08 22:49:47] [INFO]   - Sections: 54
[2025-12-08 22:49:47] [INFO]   - Modifier Groups: 411
[2025-12-08 22:49:47] [INFO]   - Modifiers: 3386
[2025-12-08 22:49:47] [INFO]   - Prices: 10148
[2025-12-08 22:49:47] [INFO] ============================================================
[2025-12-08 22:49:47] [INFO] Processing: Milano (V3: 59, V1: 172)
[2025-12-08 22:49:47] [INFO] ============================================================
[2025-12-08 22:49:47] [INFO] Navigating to combo groups: https://menuadmin.menu.ca/?p=restaurants&display=editRestaurant&restaurant=172&load=comboGroups&showLang=en
[2025-12-08 22:49:51] [INFO] Page URL after navigation: https://menuadmin.menu.ca/?p=restaurants&display=editRestaurant&restaurant=172&load=comboGroups&showLang=en
[2025-12-08 22:49:51] [INFO] Page HTML length: 248882 bytes
[2025-12-08 22:49:51] [INFO] Saved page HTML to debug_page.html
[2025-12-08 22:49:51] [INFO] Found 'editGroupJS' in page HTML
[2025-12-08 22:49:51] [INFO] Found 37 combo groups
[2025-12-08 22:49:51] [INFO] Processing combo group: One Topping (source_id=768)
[2025-12-08 22:51:57] [INFO] Processing combo group: Two Toppings (source_id=769)
[2025-12-08 22:54:05] [INFO] Processing combo group: Premium Toppings (source_id=770)
[2025-12-08 22:56:01] [INFO] Processing combo group: 2 Pizza Deal 1 Topping (source_id=771)
[2025-12-08 22:57:56] [INFO] Processing combo group: 2 Pizza Deal 2 Toppings (source_id=772)
[2025-12-08 22:59:49] [INFO] Processing combo group: 2 Pizza Deal 3 Toppings (source_id=773)
[2025-12-08 23:01:43] [INFO] Processing combo group: 2 Pizza Deal Premium Toppings-----1st Pizza (source_id=774)
[2025-12-08 23:03:32] [INFO] Processing combo group: 2 Pizza Deal Premium Toppings ---2nd Pizza (source_id=775)
[2025-12-08 23:05:20] [INFO] Processing combo group: 1 Medium Pizza 3 Toppings E.S (source_id=776)
[2025-12-08 23:07:03] [INFO] Processing combo group: Premium Toppings Medium (source_id=777)
[2025-12-08 23:08:55] [INFO] Processing combo group: Wings sauces (source_id=778)
[2025-12-08 23:09:11] [INFO] Processing combo group: 1 Large Pizza 3 Toppings E.S (source_id=779)
[2025-12-08 23:10:58] [INFO] Processing combo group: Premium Toppings Large (source_id=780)
[2025-12-08 23:12:52] [INFO] Processing combo group: Pizza Dips (source_id=781)
[2025-12-08 23:13:07] [INFO] Processing combo group: Dipping Sauces (source_id=2663)
[2025-12-08 23:13:22] [INFO] Processing combo group: Half Priced Extra Cheese --- 1st pizza (source_id=5345)
[2025-12-08 23:13:37] [INFO] Processing combo group: Half Priced Extra Cheese --- 2nd pizza (source_id=5346)
[2025-12-08 23:13:51] [INFO] Processing combo group: 2 Medium 3 Toppings (source_id=5656)
[2025-12-08 23:15:41] [INFO] Processing combo group: Premium Toppings Medium----1st pizza (source_id=5657)
[2025-12-08 23:17:37] [INFO] Processing combo group: Premium Toppings Medium----2nd pizza (source_id=5658)
[2025-12-08 23:19:28] [INFO] Processing combo group: 2 Large 3 Toppings (source_id=5659)
[2025-12-08 23:21:15] [INFO] Processing combo group: Premium Toppings Large----1st pizza (source_id=5660)
[2025-12-08 23:23:06] [INFO] Processing combo group: Premium Toppings Large----2nd Pizza (source_id=5661)
[2025-12-08 23:25:00] [INFO] Processing combo group: The Perfect Combo Deal crust and toppings (source_id=5849)
[2025-12-08 23:27:00] [INFO] Processing combo group: Premium Toppings (S,M,L) (source_id=5850)
[2025-12-08 23:28:54] [INFO] Processing combo group: 1 Large Pizza with 2 toppings (source_id=6241)
[2025-12-08 23:30:44] [INFO] Processing combo group: 2 Dips Free (source_id=6242)
[2025-12-08 23:30:59] [INFO] Processing combo group: Vegan Nondairy Cheese Substitute 1st pizza (source_id=7098)
[2025-12-08 23:31:03] [INFO] Processing combo group: Vegan Nondairy Cheese Substitute 2nd pizza (source_id=7099)
[2025-12-08 23:31:06] [INFO] Processing combo group: 2 Pizza Deal 1 Topping VEGAN (source_id=7138)
[2025-12-08 23:33:00] [INFO] Processing combo group: 2 Pizza Deal 2 Toppings VEGAN (source_id=7139)
[2025-12-08 23:34:55] [INFO] Processing combo group: 2 Pizza Deal 3 Toppings VEGAN (source_id=7140)
[2025-12-08 23:36:47] [INFO] Processing combo group: Premium Toppings 1st Pizza VEGAN (source_id=7141)
[2025-12-08 23:38:37] [INFO] Processing combo group: Premium Toppings 2nd Pizza VEGAN (source_id=7142)
[2025-12-08 23:40:31] [INFO] Processing combo group: Dips for VEGAN (source_id=7143)
[2025-12-08 23:40:46] [INFO] Processing combo group: 1 Small-Medium-Large 1 Topping Pizza (source_id=8177)
[2025-12-08 23:42:43] [INFO] Processing combo group: 1st Dipping Sauce Free (source_id=8523)
[2025-12-08 23:42:58] [INFO] Results for Milano:
[2025-12-08 23:42:58] [INFO]   - Combo Groups: 37
[2025-12-08 23:42:58] [INFO]   - Sections: 54
[2025-12-08 23:42:58] [INFO]   - Modifier Groups: 400
[2025-12-08 23:42:58] [INFO]   - Modifiers: 4154
[2025-12-08 23:42:58] [INFO]   - Prices: 12227
[2025-12-08 23:42:58] [INFO] ============================================================
[2025-12-08 23:42:58] [INFO] Processing: Vanier Pizza & Subs (V3: 62, V1: 175)
[2025-12-08 23:42:58] [INFO] ============================================================
[2025-12-08 23:42:58] [INFO] Navigating to combo groups: https://menuadmin.menu.ca/?p=restaurants&display=editRestaurant&restaurant=175&load=comboGroups&showLang=en
[2025-12-08 23:43:01] [INFO] Page URL after navigation: https://menuadmin.menu.ca/?p=restaurants&display=editRestaurant&restaurant=175&load=comboGroups&showLang=en
[2025-12-08 23:43:01] [INFO] Page HTML length: 133702 bytes
[2025-12-08 23:43:01] [INFO] Saved page HTML to debug_page.html
[2025-12-08 23:43:01] [INFO] Found 'editGroupJS' in page HTML
[2025-12-08 23:43:02] [INFO] Found 29 combo groups
[2025-12-08 23:43:02] [INFO] Processing combo group: 1 Item Pizza (source_id=797)
[2025-12-08 23:43:50] [INFO] Processing combo group: 2 Items Pizza (source_id=798)
[2025-12-08 23:44:38] [INFO] Processing combo group: 3 Items Pizza (source_id=799)
[2025-12-08 23:45:25] [INFO] Processing combo group: Premium Toppings (source_id=800)
[2025-12-08 23:46:13] [INFO] Processing combo group: Large Pizza max 3 toppings (source_id=803)
[2025-12-08 23:46:50] [INFO] Processing combo group: Pizza Dips (source_id=863)
[2025-12-08 23:46:56] [INFO] Processing combo group: Large Pizza max 3 toppings- upsell (source_id=864)
[2025-12-08 23:47:33] [INFO] Processing combo group: Premium Toppings Large (source_id=865)
[2025-12-08 23:48:18] [INFO] Processing combo group: Medium Pizza max 3 Toppings (source_id=866)
[2025-12-08 23:48:54] [INFO] Processing combo group: Medium Pizza max 3 Toppings- upsell (source_id=867)
[2025-12-08 23:49:33] [INFO] Processing combo group: Premium Toppings Medium (source_id=868)
[2025-12-08 23:50:18] [INFO] Processing combo group: Small Pizza Deal (source_id=869)
[2025-12-08 23:50:55] [INFO] Processing combo group: Wings Sauces (source_id=870)
[2025-12-08 23:51:01] [INFO] Processing combo group: Premium Toppings Small (source_id=871)
[2025-12-08 23:51:47] [INFO] Processing combo group: Medium Pizza & Wings Deal (source_id=872)
[2025-12-08 23:52:24] [INFO] Processing combo group: Large Pizza & Wings Deal (source_id=873)
[2025-12-08 23:53:01] [INFO] Processing combo group: 2-4-1 Special - 2 Small Pizza (source_id=874)
[2025-12-08 23:53:38] [INFO] Processing combo group: 2-4-1 Special - 2 Medium Pizza (source_id=875)
[2025-12-08 23:54:15] [INFO] Processing combo group: 2-4-1 Special - 2 Large Pizza (source_id=876)
[2025-12-08 23:54:52] [INFO] Processing combo group: 2-4-1 Special - 2 X-Large Pizza (source_id=877)
[2025-12-08 23:55:28] [INFO] Processing combo group: Premium Toppings X-Large-----1st Pizza (source_id=878)
[2025-12-08 23:56:13] [INFO] Processing combo group: Premium Toppings X-Large-----2nd Pizza (source_id=879)
[2025-12-08 23:56:58] [INFO] Processing combo group: Premium Toppings Large-----1st Pizza (source_id=880)
[2025-12-08 23:57:43] [INFO] Processing combo group: Premium Toppings Large-----2nd Pizza (source_id=881)
[2025-12-08 23:58:29] [INFO] Processing combo group: Premium Toppings Medium-----1st Pizza (source_id=882)
[2025-12-08 23:59:14] [INFO] Processing combo group: Premium Toppings Medium-----2nd Pizza (source_id=883)
[2025-12-09 00:00:02] [INFO] Processing combo group: Premium Toppings Small------1st Pizza (source_id=884)
[2025-12-09 00:00:49] [INFO] Processing combo group: Premium Toppings Small------2nd Pizza (source_id=885)
[2025-12-09 00:01:35] [INFO] Processing combo group: 2 Subs at special price (source_id=886)
[2025-12-09 00:01:38] [INFO] Results for Vanier Pizza & Subs:
[2025-12-09 00:01:38] [INFO]   - Combo Groups: 29
[2025-12-09 00:01:38] [INFO]   - Sections: 29
[2025-12-09 00:01:38] [INFO]   - Modifier Groups: 169
[2025-12-09 00:01:38] [INFO]   - Modifiers: 1486
[2025-12-09 00:01:38] [INFO]   - Prices: 4348
[2025-12-09 00:01:38] [INFO] ============================================================
[2025-12-09 00:01:38] [INFO] Processing: Number One Chinese Take Out (V3: 65, V1: 179)
[2025-12-09 00:01:38] [INFO] ============================================================
[2025-12-09 00:01:38] [INFO] Navigating to combo groups: https://menuadmin.menu.ca/?p=restaurants&display=editRestaurant&restaurant=179&load=comboGroups&showLang=en
[2025-12-09 00:01:41] [INFO] Page URL after navigation: https://menuadmin.menu.ca/?p=restaurants&display=editRestaurant&restaurant=179&load=comboGroups&showLang=en
[2025-12-09 00:01:41] [INFO] Page HTML length: 73584 bytes
[2025-12-09 00:01:41] [INFO] Saved page HTML to debug_page.html
[2025-12-09 00:01:41] [INFO] Found 'editGroupJS' in page HTML
[2025-12-09 00:01:41] [INFO] Found 1 combo groups
[2025-12-09 00:01:41] [INFO] Processing combo group: Combination Plates (source_id=862)
[2025-12-09 00:01:42] [INFO] Results for Number One Chinese Take Out:
[2025-12-09 00:01:42] [INFO]   - Combo Groups: 1
[2025-12-09 00:01:42] [INFO]   - Sections: 0
[2025-12-09 00:01:42] [INFO]   - Modifier Groups: 0
[2025-12-09 00:01:42] [INFO]   - Modifiers: 0
[2025-12-09 00:01:42] [INFO]   - Prices: 0
[2025-12-09 00:01:42] [INFO] ============================================================
[2025-12-09 00:01:42] [INFO] Processing: Aylmer BBQ (V3: 69, V1: 183)
[2025-12-09 00:01:42] [INFO] ============================================================
[2025-12-09 00:01:42] [INFO] Navigating to combo groups: https://menuadmin.menu.ca/?p=restaurants&display=editRestaurant&restaurant=183&load=comboGroups&showLang=en
[2025-12-09 00:01:44] [INFO] Page URL after navigation: https://menuadmin.menu.ca/?p=restaurants&display=editRestaurant&restaurant=183&load=comboGroups&showLang=en
[2025-12-09 00:01:44] [INFO] Page HTML length: 122752 bytes
[2025-12-09 00:01:44] [INFO] Saved page HTML to debug_page.html
[2025-12-09 00:01:44] [INFO] Found 'editGroupJS' in page HTML
[2025-12-09 00:01:44] [INFO] Found 2 combo groups
[2025-12-09 00:01:44] [INFO] Processing combo group: Grande Special Large 1 Meat selection (source_id=9246)
[2025-12-09 00:01:53] [INFO] Processing combo group: Grande Special Large 2 vegetables selection (source_id=9247)
[2025-12-09 00:02:00] [INFO] Results for Aylmer BBQ:
[2025-12-09 00:02:00] [INFO]   - Combo Groups: 2
[2025-12-09 00:02:00] [INFO]   - Sections: 3
[2025-12-09 00:02:00] [INFO]   - Modifier Groups: 7
[2025-12-09 00:02:00] [INFO]   - Modifiers: 37
[2025-12-09 00:02:00] [INFO]   - Prices: 37
[2025-12-09 00:02:00] [INFO] ============================================================
[2025-12-09 00:02:00] [INFO] Processing: Papa Pizza - Hull (V3: 70, V1: 184)
[2025-12-09 00:02:00] [INFO] ============================================================
[2025-12-09 00:02:00] [INFO] Navigating to combo groups: https://menuadmin.menu.ca/?p=restaurants&display=editRestaurant&restaurant=184&load=comboGroups&showLang=en
[2025-12-09 00:02:02] [INFO] Page URL after navigation: https://menuadmin.menu.ca/?p=restaurants&display=editRestaurant&restaurant=184&load=comboGroups&showLang=en
[2025-12-09 00:02:02] [INFO] Page HTML length: 36529 bytes
[2025-12-09 00:02:02] [INFO] Saved page HTML to debug_page.html
[2025-12-09 00:02:02] [INFO] Found 'editGroupJS' in page HTML
[2025-12-09 00:02:02] [INFO] Found 0 combo groups
[2025-12-09 00:02:02] [INFO] No combo groups found for restaurant 70
[2025-12-09 00:02:02] [INFO] Results for Papa Pizza - Hull:
[2025-12-09 00:02:02] [INFO]   - Combo Groups: 0
[2025-12-09 00:02:02] [INFO]   - Sections: 0
[2025-12-09 00:02:02] [INFO]   - Modifier Groups: 0
[2025-12-09 00:02:02] [INFO]   - Modifiers: 0
[2025-12-09 00:02:02] [INFO]   - Prices: 0
[2025-12-09 00:02:02] [INFO] ============================================================
[2025-12-09 00:02:02] [INFO] Processing: Cathay Restaurants (V3: 72, V1: 187)
[2025-12-09 00:02:02] [INFO] ============================================================
[2025-12-09 00:02:02] [INFO] Navigating to combo groups: https://menuadmin.menu.ca/?p=restaurants&display=editRestaurant&restaurant=187&load=comboGroups&showLang=en
[2025-12-09 00:02:03] [INFO] Page URL after navigation: https://menuadmin.menu.ca/?p=restaurants&display=editRestaurant&restaurant=187&load=comboGroups&showLang=en
[2025-12-09 00:02:03] [INFO] Page HTML length: 78791 bytes
[2025-12-09 00:02:03] [INFO] Saved page HTML to debug_page.html
[2025-12-09 00:02:03] [INFO] Found 'editGroupJS' in page HTML
[2025-12-09 00:02:03] [INFO] Found 0 combo groups
[2025-12-09 00:02:03] [INFO] No combo groups found for restaurant 72
[2025-12-09 00:02:03] [INFO] Results for Cathay Restaurants:
[2025-12-09 00:02:03] [INFO]   - Combo Groups: 0
[2025-12-09 00:02:03] [INFO]   - Sections: 0
[2025-12-09 00:02:03] [INFO]   - Modifier Groups: 0
[2025-12-09 00:02:03] [INFO]   - Modifiers: 0
[2025-12-09 00:02:03] [INFO]   - Prices: 0
[2025-12-09 00:02:03] [INFO] ============================================================
[2025-12-09 00:02:03] [INFO] Processing: Milano (V3: 75, V1: 190)
[2025-12-09 00:02:03] [INFO] ============================================================
[2025-12-09 00:02:03] [INFO] Navigating to combo groups: https://menuadmin.menu.ca/?p=restaurants&display=editRestaurant&restaurant=190&load=comboGroups&showLang=en
[2025-12-09 00:02:04] [INFO] Page URL after navigation: https://menuadmin.menu.ca/?p=restaurants&display=editRestaurant&restaurant=190&load=comboGroups&showLang=en
[2025-12-09 00:02:04] [INFO] Page HTML length: 235766 bytes
[2025-12-09 00:02:04] [INFO] Saved page HTML to debug_page.html
[2025-12-09 00:02:04] [INFO] Found 'editGroupJS' in page HTML
[2025-12-09 00:02:05] [INFO] Found 35 combo groups
[2025-12-09 00:02:05] [INFO] Processing combo group: One Topping Pizza (source_id=931)
[2025-12-09 00:04:37] [INFO] Processing combo group: Two Toppings Pizza (source_id=932)
[2025-12-09 00:07:06] [INFO] Processing combo group: Premium Toppings (source_id=933)
[2025-12-09 00:09:25] [INFO] Processing combo group: Pizza Dips (source_id=934)
[2025-12-09 00:09:37] [INFO] Processing combo group: 2 Pizza Deal 2 Toppings (source_id=935)
[2025-12-09 00:12:02] [INFO] Processing combo group: 2 Pizza Deal 4 Toppings (source_id=936)
[2025-12-09 00:14:24] [INFO] Processing combo group: 2 Pizza Deal 6 Toppings (source_id=937)
[2025-12-09 00:16:46] [INFO] Processing combo group: Twins Pizza Premium Toppings-----1st Pizza (source_id=938)
[2025-12-09 00:19:04] [INFO] Processing combo group: Twins Pizza Premium Toppings-----2nd Pizza (source_id=939)
[2025-12-09 00:21:21] [INFO] Processing combo group: Medium Pizza 3 Toppings (source_id=940)
[2025-12-09 00:23:37] [INFO] Processing combo group: Premium Toppings Medium (source_id=941)
[2025-12-09 00:25:53] [INFO] Processing combo group: Wings Sauces (source_id=942)
[2025-12-09 00:26:06] [INFO] Processing combo group: 1 Large Pizza 3 Toppings (source_id=943)
[2025-12-09 00:28:18] [INFO] Processing combo group: Premium Toppings Large (source_id=944)
[2025-12-09 00:30:35] [INFO] Processing combo group: Large 4 Topping Pizza 2dips (source_id=1014)
[2025-12-09 00:33:01] [INFO] Processing combo group: Three Toppings (source_id=3012)
[2025-12-09 00:35:32] [INFO] Processing combo group: Donair Special (source_id=3013)
[2025-12-09 00:35:56] [INFO] Processing combo group: Half Priced Extra Cheese --- 1st Pizza (source_id=5360)
[2025-12-09 00:36:08] [INFO] Processing combo group: Half Priced Extra Cheese --- 2nd pizza (source_id=5361)
[2025-12-09 00:36:21] [INFO] Processing combo group: 2 Medium 3 Toppings (source_id=5668)
[2025-12-09 00:38:33] [INFO] Processing combo group: Premium Toppings Medium----1st pizza (source_id=5669)
[2025-12-09 00:40:53] [INFO] Processing combo group: Premium Toppings Medium----2nd pizza (source_id=5670)
[2025-12-09 00:43:12] [INFO] Processing combo group: 2 Large 3 Toppings (source_id=5671)
[2025-12-09 00:45:27] [INFO] Processing combo group: Premium Toppings Large----1st pizza (source_id=5672)
[2025-12-09 00:47:45] [INFO] Processing combo group: Premium Toppings Large-----2nd pizza (source_id=5673)
[2025-12-09 00:50:02] [INFO] Processing combo group: The Perfect Combo Deal crust and toppings (source_id=5826)
[2025-12-09 00:52:23] [INFO] Processing combo group: Premium Toppings (S,M,L) (source_id=5827)
[2025-12-09 00:54:42] [INFO] Processing combo group: Vegan Nondairy Cheese Substitute 1st pizza (source_id=7118)
[2025-12-09 00:54:46] [INFO] Processing combo group: Vegan Nondairy Cheese Substitute 2nd pizza (source_id=7119)
[2025-12-09 00:54:51] [INFO] Processing combo group: 2 Pizza Deal 1 Topping (VEGAN) (source_id=7198)
[2025-12-09 00:57:07] [INFO] Processing combo group: 2 Pizza Deal 2 Toppings (VEGAN) (source_id=7199)
[2025-12-09 00:59:23] [INFO] Processing combo group: 2 Pizza Deal 3 Toppings (VEGAN) (source_id=7200)
[2025-12-09 01:01:40] [INFO] Processing combo group: 2 Pizza Deal Premium Toppings-----1st Pizza (VEGAN) (source_id=7201)
[2025-12-09 01:03:59] [INFO] Processing combo group: 2 Pizza Deal Premium Toppings-----2nd Pizza (VEGAN) (source_id=7202)
[2025-12-09 01:06:16] [INFO] Processing combo group: Dips VEGAN (source_id=7203)
[2025-12-09 01:06:29] [INFO] Results for Milano:
[2025-12-09 01:06:29] [INFO]   - Combo Groups: 35
[2025-12-09 01:06:29] [INFO]   - Sections: 55
[2025-12-09 01:06:29] [INFO]   - Modifier Groups: 522
[2025-12-09 01:06:29] [INFO]   - Modifiers: 4998
[2025-12-09 01:06:29] [INFO]   - Prices: 15777
[2025-12-09 01:06:29] [INFO] ============================================================
[2025-12-09 01:06:29] [INFO] Processing: Lorenzo's Pizzeria - Vanier (V3: 77, V1: 192)
[2025-12-09 01:06:29] [INFO] ============================================================
[2025-12-09 01:06:29] [INFO] Navigating to combo groups: https://menuadmin.menu.ca/?p=restaurants&display=editRestaurant&restaurant=192&load=comboGroups&showLang=en
[2025-12-09 01:06:32] [INFO] Page URL after navigation: https://menuadmin.menu.ca/?p=restaurants&display=editRestaurant&restaurant=192&load=comboGroups&showLang=en
[2025-12-09 01:06:32] [INFO] Page HTML length: 165085 bytes
[2025-12-09 01:06:32] [INFO] Saved page HTML to debug_page.html
[2025-12-09 01:06:32] [INFO] Found 'editGroupJS' in page HTML
[2025-12-09 01:06:33] [INFO] Found 29 combo groups
[2025-12-09 01:06:33] [INFO] Processing combo group: One Topping (source_id=960)
[2025-12-09 01:07:16] [INFO] Processing combo group: Premium Toppings (source_id=961)
[2025-12-09 01:07:57] [INFO] Processing combo group: 2 donairs sandwiches (source_id=1024)
[2025-12-09 01:07:58] [INFO] Processing combo group: 2 donairs platters (source_id=1025)
[2025-12-09 01:07:59] [INFO] Processing combo group: Small Pizza 3 Toppings (source_id=1026)
[2025-12-09 01:08:36] [INFO] Processing combo group: Premium Toppings Small (source_id=1027)
[2025-12-09 01:09:16] [INFO] Processing combo group: Dips (source_id=1028)
[2025-12-09 01:09:24] [INFO] Processing combo group: Wings Sauces (source_id=1029)
[2025-12-09 01:09:32] [INFO] Processing combo group: Medium Pizza 3 Toppings (source_id=1030)
[2025-12-09 01:10:12] [INFO] Processing combo group: Premium Toppings Medium (source_id=1031)
[2025-12-09 01:10:53] [INFO] Processing combo group: Large Pizza 3 Toppings (source_id=1032)
[2025-12-09 01:11:30] [INFO] Processing combo group: Premium Toppings Large (source_id=1033)
[2025-12-09 01:12:10] [INFO] Processing combo group: 2 Small 2 Toppings (source_id=7421)
[2025-12-09 01:12:47] [INFO] Processing combo group: Premium Toppings Small----1st pizza (source_id=7422)
[2025-12-09 01:13:27] [INFO] Processing combo group: Premium Toppings Small ----2nd pizza (source_id=7423)
[2025-12-09 01:14:10] [INFO] Processing combo group: 2 Medium 2 Toppings (source_id=7424)
[2025-12-09 01:14:47] [INFO] Processing combo group: Premium Toppings Medium ----1st pizza (source_id=7425)
[2025-12-09 01:15:30] [INFO] Processing combo group: Premium Toppings Medium ---2nd pizza (source_id=7426)
[2025-12-09 01:16:10] [INFO] Processing combo group: 2 Large 2 Toppings (source_id=7427)
[2025-12-09 01:16:47] [INFO] Processing combo group: Premium Toppings Large ----1st pizza (source_id=7428)
[2025-12-09 01:17:27] [INFO] Processing combo group: Premium Toppings Large ---2nd pizza (source_id=7429)
[2025-12-09 01:18:08] [INFO] Processing combo group: First 2 Dips Free (source_id=8959)
[2025-12-09 01:18:16] [INFO] Processing combo group: Two Toppings (source_id=9324)
[2025-12-09 01:18:59] [INFO] Processing combo group: Three Toppings (source_id=62714)
[2025-12-09 01:19:42] [INFO] Processing combo group: Twins 2 Toppings (source_id=62715)
[2025-12-09 01:20:25] [INFO] Processing combo group: Twins 4 Toppings (source_id=62716)
[2025-12-09 01:21:09] [INFO] Processing combo group: Twins 6 Toppings (source_id=62717)
[2025-12-09 01:21:52] [INFO] Processing combo group: Premium toppings 1st Pizza (source_id=62718)
[2025-12-09 01:22:33] [INFO] Processing combo group: Premium toppings 2nd Pizza (source_id=62719)
[2025-12-09 01:23:14] [INFO] Results for Lorenzo's Pizzeria - Vanier:
[2025-12-09 01:23:14] [INFO]   - Combo Groups: 29
[2025-12-09 01:23:14] [INFO]   - Sections: 39
[2025-12-09 01:23:14] [INFO]   - Modifier Groups: 234
[2025-12-09 01:23:14] [INFO]   - Modifiers: 1689
[2025-12-09 01:23:14] [INFO]   - Prices: 3501
[2025-12-09 01:23:14] [INFO] ============================================================
[2025-12-09 01:23:14] [INFO] Processing: Season's Pizza (V3: 83, V1: 199)
[2025-12-09 01:23:14] [INFO] ============================================================
[2025-12-09 01:23:14] [INFO] Navigating to combo groups: https://menuadmin.menu.ca/?p=restaurants&display=editRestaurant&restaurant=199&load=comboGroups&showLang=en
[2025-12-09 01:23:18] [INFO] Page URL after navigation: https://menuadmin.menu.ca/?p=restaurants&display=editRestaurant&restaurant=199&load=comboGroups&showLang=en
[2025-12-09 01:23:18] [INFO] Page HTML length: 177485 bytes
[2025-12-09 01:23:18] [INFO] Saved page HTML to debug_page.html
[2025-12-09 01:23:18] [INFO] Found 'editGroupJS' in page HTML
[2025-12-09 01:23:18] [INFO] Found 28 combo groups
[2025-12-09 01:23:18] [INFO] Processing combo group: 2 For 1 Toppings (source_id=1540)
[2025-12-09 01:25:15] [INFO] Processing combo group: 1 Topping 2 for 1 (source_id=1541)
[2025-12-09 01:27:10] [INFO] Processing combo group: 2 Toppings 2 for1 (source_id=1542)
[2025-12-09 01:29:06] [INFO] Processing combo group: 3 Toppings 2 for 1 (source_id=1543)
[2025-12-09 01:31:02] [INFO] Processing combo group: Premium Toppings --1st pizza (source_id=1544)
[2025-12-09 01:33:00] [INFO] Processing combo group: Premium Toppings---2nd pizza (source_id=1545)
[2025-12-09 01:34:58] [INFO] Processing combo group: Dips (source_id=1558)
[2025-12-09 01:35:05] [INFO] Processing combo group: 1 topping single (source_id=1559)
[2025-12-09 01:37:06] [INFO] Processing combo group: 2 toppings single (source_id=1560)
[2025-12-09 01:39:06] [INFO] Processing combo group: 3 toppings single (source_id=1561)
[2025-12-09 01:41:06] [INFO] Processing combo group: premium ttoppings single (source_id=1562)
[2025-12-09 01:43:07] [INFO] Processing combo group: 1 Medium 3 Toppings Specials (source_id=1563)
[2025-12-09 01:44:55] [INFO] Processing combo group: Premium Toppings Medium (source_id=1564)
[2025-12-09 01:46:58] [INFO] Processing combo group: 1 Large 3 Toppings Special (source_id=1565)
[2025-12-09 01:48:48] [INFO] Processing combo group: Premium Toppings Large (source_id=1566)
[2025-12-09 01:50:49] [INFO] Processing combo group: 1 Small 3 Toppings Special (source_id=1567)
[2025-12-09 01:52:38] [INFO] Processing combo group: Premium Toppings Small (source_id=1568)
[2025-12-09 01:54:37] [INFO] Processing combo group: 2 Medium 3 toppings special (source_id=1569)
[2025-12-09 01:56:26] [INFO] Processing combo group: 2 Medium 2 toppings special (source_id=1570)
[2025-12-09 01:58:17] [INFO] Processing combo group: Make it large 3.60 (source_id=1571)
[2025-12-09 01:58:22] [INFO] Processing combo group: Make it large 4.50 (source_id=1572)
[2025-12-09 01:58:26] [INFO] Processing combo group: Wings Sauces (source_id=1573)
[2025-12-09 01:58:32] [INFO] Processing combo group: 1st Dip Free (source_id=1574)
[2025-12-09 01:58:38] [INFO] Processing combo group: Large Salad (source_id=1575)
[2025-12-09 01:58:41] [INFO] Processing combo group: Premium Toppings Medium-----1st Pizza (source_id=1576)
[2025-12-09 02:00:39] [INFO] Processing combo group: Premium Toppings Medium-----2nd Pizza (source_id=1577)
[2025-12-09 02:02:36] [INFO] Processing combo group: 2 Dips Free (source_id=1578)
[2025-12-09 02:02:42] [INFO] Processing combo group: Make it large 5.00 (source_id=6397)
[2025-12-09 02:02:47] [INFO] Results for Season's Pizza:
[2025-12-09 02:02:47] [INFO]   - Combo Groups: 28
[2025-12-09 02:02:47] [INFO]   - Sections: 28
[2025-12-09 02:02:47] [INFO]   - Modifier Groups: 292
[2025-12-09 02:02:47] [INFO]   - Modifiers: 2792
[2025-12-09 02:02:47] [INFO]   - Prices: 9955
[2025-12-09 02:02:47] [INFO] ============================================================
[2025-12-09 02:02:47] [INFO] Processing: The Original Georgie's (V3: 84, V1: 200)
[2025-12-09 02:02:47] [INFO] ============================================================
[2025-12-09 02:02:47] [INFO] Navigating to combo groups: https://menuadmin.menu.ca/?p=restaurants&display=editRestaurant&restaurant=200&load=comboGroups&showLang=en
[2025-12-09 02:02:51] [INFO] Page URL after navigation: https://menuadmin.menu.ca/?p=restaurants&display=editRestaurant&restaurant=200&load=comboGroups&showLang=en
[2025-12-09 02:02:51] [INFO] Page HTML length: 163458 bytes
[2025-12-09 02:02:51] [INFO] Saved page HTML to debug_page.html
[2025-12-09 02:02:51] [INFO] Found 'editGroupJS' in page HTML
[2025-12-09 02:02:51] [INFO] Found 16 combo groups
[2025-12-09 02:02:51] [INFO] Processing combo group: 1 item pizza (source_id=2664)
[2025-12-09 02:04:58] [INFO] Processing combo group: premium toppings (source_id=2665)
[2025-12-09 02:07:02] [INFO] Processing combo group: pizza dips (source_id=2666)
[2025-12-09 02:07:12] [INFO] Processing combo group: 2 Small 3 Toppings Pizza (source_id=5223)
[2025-12-09 02:09:11] [INFO] Processing combo group: Premium Toppings Small----1st pizza (source_id=5224)
[2025-12-09 02:11:13] [INFO] Processing combo group: Premium Toppings Small-----2nd Pizza (source_id=5225)
[2025-12-09 02:13:14] [INFO] Processing combo group: 2 Medium 3 Toppings Pizza (source_id=5226)
[2025-12-09 02:15:12] [INFO] Processing combo group: Premium Toppings Medium-----1st Pizza (source_id=5227)
[2025-12-09 02:17:14] [INFO] Processing combo group: Premium Toppings Medium-----2nd Pizza (source_id=5228)
[2025-12-09 02:19:18] [INFO] Processing combo group: 2 Large 3 Toppings Pizza (source_id=5229)
[2025-12-09 02:21:18] [INFO] Processing combo group: Premium Toppings Large----1st Pizza (source_id=5230)
[2025-12-09 02:23:20] [INFO] Processing combo group: Premium Toppings Large-----2nd Pizza (source_id=5231)
[2025-12-09 02:25:22] [INFO] Processing combo group: 2 Spaghetti Special (source_id=5232)
[2025-12-09 02:25:42] [INFO] Processing combo group: Wings Sauces (source_id=5233)
[2025-12-09 02:25:52] [INFO] Processing combo group: Small Pizza 3 Toppings (source_id=8698)
[2025-12-09 02:27:49] [INFO] Processing combo group: Premium toppings Small (source_id=8699)
[2025-12-09 02:29:53] [INFO] Results for The Original Georgie's:
[2025-12-09 02:29:53] [INFO]   - Combo Groups: 16
[2025-12-09 02:29:53] [INFO]   - Sections: 21
[2025-12-09 02:29:53] [INFO]   - Modifier Groups: 152
[2025-12-09 02:29:53] [INFO]   - Modifiers: 1879
[2025-12-09 02:29:53] [INFO]   - Prices: 6904
[2025-12-09 02:29:53] [INFO] ============================================================
[2025-12-09 02:29:53] [INFO] Processing: Champa Thai Cuisine (V3: 87, V1: 203)
[2025-12-09 02:29:53] [INFO] ============================================================
[2025-12-09 02:29:53] [INFO] Navigating to combo groups: https://menuadmin.menu.ca/?p=restaurants&display=editRestaurant&restaurant=203&load=comboGroups&showLang=en
[2025-12-09 02:29:56] [INFO] Page URL after navigation: https://menuadmin.menu.ca/?p=restaurants&display=editRestaurant&restaurant=203&load=comboGroups&showLang=en
[2025-12-09 02:29:56] [INFO] Page HTML length: 92563 bytes
[2025-12-09 02:29:56] [INFO] Saved page HTML to debug_page.html
[2025-12-09 02:29:56] [INFO] Found 'editGroupJS' in page HTML
[2025-12-09 02:29:56] [INFO] Found 0 combo groups
[2025-12-09 02:29:56] [INFO] No combo groups found for restaurant 87
[2025-12-09 02:29:56] [INFO] Results for Champa Thai Cuisine:
[2025-12-09 02:29:56] [INFO]   - Combo Groups: 0
[2025-12-09 02:29:56] [INFO]   - Sections: 0
[2025-12-09 02:29:56] [INFO]   - Modifier Groups: 0
[2025-12-09 02:29:56] [INFO]   - Modifiers: 0
[2025-12-09 02:29:56] [INFO]   - Prices: 0
[2025-12-09 02:29:56] [INFO] ============================================================
[2025-12-09 02:29:56] [INFO] Processing: Milano (V3: 88, V1: 204)
[2025-12-09 02:29:56] [INFO] ============================================================
[2025-12-09 02:29:56] [INFO] Navigating to combo groups: https://menuadmin.menu.ca/?p=restaurants&display=editRestaurant&restaurant=204&load=comboGroups&showLang=en
[2025-12-09 02:29:58] [INFO] Page URL after navigation: https://menuadmin.menu.ca/?p=restaurants&display=editRestaurant&restaurant=204&load=comboGroups&showLang=en
[2025-12-09 02:29:58] [INFO] Page HTML length: 264208 bytes
[2025-12-09 02:29:58] [INFO] Saved page HTML to debug_page.html
[2025-12-09 02:29:58] [INFO] Found 'editGroupJS' in page HTML
[2025-12-09 02:29:58] [INFO] Found 42 combo groups
[2025-12-09 02:29:58] [INFO] Processing combo group: One Topping (source_id=1063)
[2025-12-09 02:31:06] [INFO] Processing combo group: Two Toppings (source_id=1064)
[2025-12-09 02:32:14] [INFO] Processing combo group: Premium Toppings (source_id=1065)
[2025-12-09 02:33:13] [INFO] Processing combo group: Dips (source_id=1066)
[2025-12-09 02:33:27] [INFO] Processing combo group: 1 Topping Pizza Deal (source_id=1067)
[2025-12-09 02:34:30] [INFO] Processing combo group: 2 Toppings Pizza Deal (source_id=1068)
[2025-12-09 02:35:33] [INFO] Processing combo group: 3 Toppings Pizza Deal (source_id=1069)
[2025-12-09 02:36:36] [INFO] Processing combo group: Premium Toppings Pizza Deal ----1st pizza (source_id=1070)
[2025-12-09 02:37:35] [INFO] Processing combo group: Premium Toppings Pizza Deal ----2nd pizza (source_id=1071)
[2025-12-09 02:38:34] [INFO] Processing combo group: Large Pizza 3 Toppings (source_id=1072)
[2025-12-09 02:39:33] [INFO] Processing combo group: Premium Toppings large (source_id=1073)
[2025-12-09 02:40:31] [INFO] Processing combo group: Wings Sauces (source_id=1074)
[2025-12-09 02:40:46] [INFO] Processing combo group: Medium Pizza 3 Toppings (source_id=1075)
[2025-12-09 02:41:43] [INFO] Processing combo group: Premium Toppings medium (source_id=1076)
[2025-12-09 02:42:41] [INFO] Processing combo group: Donairs Special (source_id=1418)
[2025-12-09 02:42:56] [INFO] Processing combo group: 2 Large Shawarma (source_id=1419)
[2025-12-09 02:43:11] [INFO] Processing combo group: Half Priced Extra Cheese --- 1st pizza (source_id=5347)
[2025-12-09 02:43:27] [INFO] Processing combo group: Half Priced Extra Cheese --- 2nd pizza (source_id=5348)
[2025-12-09 02:43:44] [INFO] Processing combo group: 2 Medium 3 Toppings (source_id=5674)
[2025-12-09 02:44:41] [INFO] Processing combo group: Premium Toppings Medium----1st pizza (source_id=5675)
[2025-12-09 02:45:40] [INFO] Processing combo group: Premium Toppings Medium---2nd Pizza (source_id=5676)
[2025-12-09 02:46:38] [INFO] Processing combo group: 2 Large 3 Toppings (source_id=5677)
[2025-12-09 02:47:36] [INFO] Processing combo group: Premium Toppings large----1st pizza (source_id=5678)
[2025-12-09 02:48:34] [INFO] Processing combo group: Premium Toppings large----2nd pizza (source_id=5679)
[2025-12-09 02:49:35] [INFO] Processing combo group: The Perfect Combo Deal crust and toppings (source_id=5818)
[2025-12-09 02:50:40] [INFO] Processing combo group: Premium Toppings (S,M,L,XL) (source_id=5819)
[2025-12-09 02:51:39] [INFO] Processing combo group: Chicken Shawarma Special (source_id=6957)
[2025-12-09 02:51:54] [INFO] Processing combo group: Vegan Nondairy Cheese Substitute 1st pizza (source_id=7124)
[2025-12-09 02:51:57] [INFO] Processing combo group: Vegan Nondairy Cheese Substitute 2nd pizza (source_id=7125)
[2025-12-09 02:52:00] [INFO] Processing combo group: 2 Pizza Deal 1 Topping (VEGAN) (source_id=7350)
[2025-12-09 02:53:01] [INFO] Processing combo group: 2 Pizza Deal 2 Toppings (VEGAN) (source_id=7351)
[2025-12-09 02:54:01] [INFO] Processing combo group: 2 Pizza Deal 3 Toppings (VEGAN) (source_id=7352)
[2025-12-09 02:55:02] [INFO] Processing combo group: 2 Pizza Deal Premium Toppings-----1st Pizza (VEGAN) (source_id=7353)
[2025-12-09 02:56:03] [INFO] Processing combo group: 2 Pizza Deal Premium Toppings-----2nd Pizza (VEGAN) (source_id=7354)
[2025-12-09 02:57:02] [INFO] Processing combo group: Dips for VEGAN (source_id=7355)
[2025-12-09 02:57:12] [INFO] Processing combo group: 10 Classic Wings or 10 Boneless Bites (source_id=8853)
[2025-12-09 02:58:11] [INFO] Processing combo group: Small Pizza 3 Toppings (source_id=8854)
[2025-12-09 02:59:08] [INFO] Processing combo group: Premium Toppings Small (source_id=8855)
[2025-12-09 03:00:09] [INFO] Processing combo group: XL Pizza 3 Toppings (source_id=8856)
[2025-12-09 03:01:35] [INFO] Processing combo group: Premium Toppings XL (source_id=8857)
[2025-12-09 03:01:56] [ERROR] Error fetching combo group details: APIRequestContext.post: connect ETIMEDOUT 198.27.74.33:443
Call log:
  - → POST https://menuadmin.menu.ca/ajax/comboGroups.php?restaurant=204&showLang=en
    - user-agent: Mozilla/5.0 (Windows NT 10.0; Win64; x64) AppleWebKit/537.36 (KHTML, like Gecko) HeadlessChrome/140.0.7339.16 Safari/537.36
    - accept: */*
    - accept-encoding: gzip,deflate,br
    - content-type: application/x-www-form-urlencoded
    - content-length: 8
    - cookie: PHPSESSID=fu4r9390dponts7e7m7pjn4do4

[2025-12-09 03:01:56] [INFO] Processing combo group: 1st Dip Free (source_id=9258)
[2025-12-09 03:02:34] [INFO] Processing combo group: Medium Pizza 1 Topping (source_id=9259)
[2025-12-09 03:03:43] [INFO] Results for Milano:
[2025-12-09 03:03:43] [INFO]   - Combo Groups: 41
[2025-12-09 03:03:43] [INFO]   - Sections: 59
[2025-12-09 03:03:43] [INFO]   - Modifier Groups: 430
[2025-12-09 03:03:43] [INFO]   - Modifiers: 2901
[2025-12-09 03:03:43] [INFO]   - Prices: 7262
[2025-12-09 03:03:43] [INFO] ============================================================
[2025-12-09 03:03:43] [INFO] Processing: Milano (V3: 89, V1: 205)
[2025-12-09 03:03:43] [INFO] ============================================================
[2025-12-09 03:03:43] [INFO] Navigating to combo groups: https://menuadmin.menu.ca/?p=restaurants&display=editRestaurant&restaurant=205&load=comboGroups&showLang=en
[2025-12-09 03:03:50] [INFO] Page URL after navigation: https://menuadmin.menu.ca/?p=restaurants&display=editRestaurant&restaurant=205&load=comboGroups&showLang=en
[2025-12-09 03:03:50] [INFO] Page HTML length: 22192 bytes
[2025-12-09 03:03:50] [INFO] Saved page HTML to debug_page.html
[2025-12-09 03:03:50] [INFO] Found 'editGroupJS' in page HTML
[2025-12-09 03:03:50] [INFO] Found 0 combo groups
[2025-12-09 03:03:50] [INFO] No combo groups found for restaurant 89
[2025-12-09 03:03:50] [INFO] Results for Milano:
[2025-12-09 03:03:50] [INFO]   - Combo Groups: 0
[2025-12-09 03:03:50] [INFO]   - Sections: 0
[2025-12-09 03:03:50] [INFO]   - Modifier Groups: 0
[2025-12-09 03:03:50] [INFO]   - Modifiers: 0
[2025-12-09 03:03:50] [INFO]   - Prices: 0
[2025-12-09 03:03:50] [INFO] ============================================================
[2025-12-09 03:03:50] [INFO] Processing: Milano (V3: 90, V1: 206)
[2025-12-09 03:03:50] [INFO] ============================================================
[2025-12-09 03:03:50] [INFO] Navigating to combo groups: https://menuadmin.menu.ca/?p=restaurants&display=editRestaurant&restaurant=206&load=comboGroups&showLang=en
[2025-12-09 03:03:51] [INFO] Page URL after navigation: https://menuadmin.menu.ca/?p=restaurants&display=editRestaurant&restaurant=206&load=comboGroups&showLang=en
[2025-12-09 03:03:51] [INFO] Page HTML length: 165257 bytes
[2025-12-09 03:03:51] [INFO] Saved page HTML to debug_page.html
[2025-12-09 03:03:51] [INFO] Found 'editGroupJS' in page HTML
[2025-12-09 03:03:51] [INFO] Found 15 combo groups
[2025-12-09 03:03:51] [INFO] Processing combo group: 1 Topping (source_id=1085)
[2025-12-09 03:03:52] [INFO] Processing combo group: 2 Toppings (source_id=1086)
[2025-12-09 03:03:53] [INFO] Processing combo group: 3 Toppings (source_id=1087)
[2025-12-09 03:05:12] [INFO] Processing combo group: Premium Toppings (source_id=1088)
[2025-12-09 03:05:12] [INFO] Processing combo group: Dips (source_id=1207)
[2025-12-09 03:05:13] [INFO] Processing combo group: Half Priced Extra Cheese for Pizza (source_id=5399)
[2025-12-09 03:05:20] [INFO] Processing combo group: 2 Medium 3 Toppings (source_id=5692)
[2025-12-09 03:05:22] [INFO] Processing combo group: Premium Toppings Medium----1st pizza (source_id=5693)
[2025-12-09 03:05:23] [INFO] Processing combo group: Premium Toppings Medium----2nd pizza (source_id=5694)
[2025-12-09 03:05:24] [INFO] Processing combo group: 2 Large 3 Toppings (source_id=5695)
[2025-12-09 03:05:25] [INFO] Processing combo group: Premium Toppings Large----1st pizza (source_id=5696)
[2025-12-09 03:05:26] [INFO] Processing combo group: Premium Toppings Large----2nd pizza (source_id=5697)
[2025-12-09 03:05:27] [INFO] Processing combo group: Wings Sauces (source_id=5698)
[2025-12-09 03:05:28] [INFO] Processing combo group: The Perfect Combo Deal (SML) (source_id=6499)
[2025-12-09 03:05:29] [INFO] Processing combo group: Premium Toppings (SML) (source_id=6500)
[2025-12-09 03:05:30] [INFO] Results for Milano:
[2025-12-09 03:05:30] [INFO]   - Combo Groups: 15
[2025-12-09 03:05:30] [INFO]   - Sections: 4
[2025-12-09 03:05:30] [INFO]   - Modifier Groups: 19
[2025-12-09 03:05:30] [INFO]   - Modifiers: 104
[2025-12-09 03:05:30] [INFO]   - Prices: 343
[2025-12-09 03:05:30] [INFO] ============================================================
[2025-12-09 03:05:30] [INFO] Processing: Milano (V3: 91, V1: 207)
[2025-12-09 03:05:30] [INFO] ============================================================
[2025-12-09 03:05:30] [INFO] Navigating to combo groups: https://menuadmin.menu.ca/?p=restaurants&display=editRestaurant&restaurant=207&load=comboGroups&showLang=en
[2025-12-09 03:05:31] [INFO] Page URL after navigation: https://menuadmin.menu.ca/?p=restaurants&display=editRestaurant&restaurant=207&load=comboGroups&showLang=en
[2025-12-09 03:05:31] [INFO] Page HTML length: 22192 bytes
[2025-12-09 03:05:31] [INFO] Saved page HTML to debug_page.html
[2025-12-09 03:05:31] [INFO] Found 'editGroupJS' in page HTML
[2025-12-09 03:05:31] [INFO] Found 0 combo groups
[2025-12-09 03:05:31] [INFO] No combo groups found for restaurant 91
[2025-12-09 03:05:31] [INFO] Results for Milano:
[2025-12-09 03:05:31] [INFO]   - Combo Groups: 0
[2025-12-09 03:05:31] [INFO]   - Sections: 0
[2025-12-09 03:05:31] [INFO]   - Modifier Groups: 0
[2025-12-09 03:05:31] [INFO]   - Modifiers: 0
[2025-12-09 03:05:31] [INFO]   - Prices: 0
[2025-12-09 03:05:31] [INFO] ============================================================
[2025-12-09 03:05:31] [INFO] Processing: Milano (V3: 92, V1: 208)
[2025-12-09 03:05:31] [INFO] ============================================================
[2025-12-09 03:05:31] [INFO] Navigating to combo groups: https://menuadmin.menu.ca/?p=restaurants&display=editRestaurant&restaurant=208&load=comboGroups&showLang=en
[2025-12-09 03:05:32] [INFO] Page URL after navigation: https://menuadmin.menu.ca/?p=restaurants&display=editRestaurant&restaurant=208&load=comboGroups&showLang=en
[2025-12-09 03:05:32] [INFO] Page HTML length: 165016 bytes
[2025-12-09 03:05:32] [INFO] Saved page HTML to debug_page.html
[2025-12-09 03:05:32] [INFO] Found 'editGroupJS' in page HTML
[2025-12-09 03:05:32] [INFO] Found 27 combo groups
[2025-12-09 03:05:32] [INFO] Processing combo group: One Topping (source_id=1107)
[2025-12-09 03:05:33] [INFO] Processing combo group: Two Toppings (source_id=1108)
[2025-12-09 03:05:34] [INFO] Processing combo group: Premium Toppings (source_id=1109)
[2025-12-09 03:05:35] [INFO] Processing combo group: 1 Topping 2 pizza deal (source_id=1110)
[2025-12-09 03:05:36] [INFO] Processing combo group: 2 Toppings 2 pizza deal (source_id=1111)
[2025-12-09 03:05:37] [INFO] Processing combo group: 3 Toppings 2 pizza deal (source_id=1112)
[2025-12-09 03:05:38] [INFO] Processing combo group: 2 Pizza Deal Premium Toppings----1st Pizza (source_id=1113)
[2025-12-09 03:07:03] [INFO] Processing combo group: 2 Pizza Deal Premium Toppings ---2nd Pizza (source_id=1114)
[2025-12-09 03:07:04] [INFO] Processing combo group: Medium pizza 3 toppings special (source_id=1115)
[2025-12-09 03:07:05] [INFO] Processing combo group: Premium Toppings Medium (source_id=1116)
[2025-12-09 03:07:06] [INFO] Processing combo group: Large Pizza 3 toppings speciale (source_id=1117)
[2025-12-09 03:07:07] [INFO] Processing combo group: Premium Toppings Large (source_id=1118)
[2025-12-09 03:07:08] [INFO] Processing combo group: Wings Sauces (source_id=1119)
[2025-12-09 03:07:11] [INFO] Processing combo group: Pizza Dips (source_id=1179)
[2025-12-09 03:07:12] [INFO] Processing combo group: 2 Donairs Special (source_id=4123)
[2025-12-09 03:07:13] [INFO] Processing combo group: Half Priced Extra Cheese --- 1st pizza (source_id=5543)
[2025-12-09 03:07:14] [INFO] Processing combo group: Half Priced Extra Cheese --- 2nd pizza (source_id=5544)
[2025-12-09 03:07:15] [INFO] Processing combo group: 2 Medium 3 Toppings (source_id=5707)
[2025-12-09 03:07:15] [INFO] Processing combo group: Premium Toppings Medium----1st Pizza (source_id=5708)
[2025-12-09 03:07:16] [INFO] Processing combo group: Premium Toppings Medium----2nd Pizza (source_id=5709)
[2025-12-09 03:07:18] [INFO] Processing combo group: 2 Large 3 Toppings (source_id=5710)
[2025-12-09 03:07:19] [INFO] Processing combo group: Premium Toppings Large----1st pizza (source_id=5711)
[2025-12-09 03:07:20] [INFO] Processing combo group: Premium Toppings Large----2nd pizza (source_id=5712)
[2025-12-09 03:07:20] [INFO] Processing combo group: The Perfect Combo Deal (source_id=6972)
[2025-12-09 03:07:21] [INFO] Processing combo group: Premium Toppings S,M,L (source_id=6973)
[2025-12-09 03:07:22] [INFO] Processing combo group: Vegan Nondairy Cheese Substitute 1st pizza (source_id=7104)
[2025-12-09 03:07:23] [INFO] Processing combo group: Vegan Nondairy Cheese Substitute 2nd Pizza (source_id=7105)
[2025-12-09 03:07:24] [INFO] Results for Milano:
[2025-12-09 03:07:24] [INFO]   - Combo Groups: 27
[2025-12-09 03:07:24] [INFO]   - Sections: 1
[2025-12-09 03:07:24] [INFO]   - Modifier Groups: 10
[2025-12-09 03:07:24] [INFO]   - Modifiers: 102
[2025-12-09 03:07:24] [INFO]   - Prices: 316
[2025-12-09 03:07:24] [INFO] ============================================================
[2025-12-09 03:07:24] [INFO] Processing: Milano (V3: 93, V1: 209)
[2025-12-09 03:07:24] [INFO] ============================================================
[2025-12-09 03:07:24] [INFO] Navigating to combo groups: https://menuadmin.menu.ca/?p=restaurants&display=editRestaurant&restaurant=209&load=comboGroups&showLang=en
[2025-12-09 03:07:26] [INFO] Page URL after navigation: https://menuadmin.menu.ca/?p=restaurants&display=editRestaurant&restaurant=209&load=comboGroups&showLang=en
[2025-12-09 03:07:26] [INFO] Page HTML length: 22192 bytes
[2025-12-09 03:07:26] [INFO] Saved page HTML to debug_page.html
[2025-12-09 03:07:26] [INFO] Found 'editGroupJS' in page HTML
[2025-12-09 03:07:26] [INFO] Found 0 combo groups
[2025-12-09 03:07:26] [INFO] No combo groups found for restaurant 93
[2025-12-09 03:07:26] [INFO] Results for Milano:
[2025-12-09 03:07:26] [INFO]   - Combo Groups: 0
[2025-12-09 03:07:26] [INFO]   - Sections: 0
[2025-12-09 03:07:26] [INFO]   - Modifier Groups: 0
[2025-12-09 03:07:26] [INFO]   - Modifiers: 0
[2025-12-09 03:07:26] [INFO]   - Prices: 0
[2025-12-09 03:07:26] [INFO] ============================================================
[2025-12-09 03:07:26] [INFO] Processing: Milano (V3: 95, V1: 211)
[2025-12-09 03:07:26] [INFO] ============================================================
[2025-12-09 03:07:26] [INFO] Navigating to combo groups: https://menuadmin.menu.ca/?p=restaurants&display=editRestaurant&restaurant=211&load=comboGroups&showLang=en
[2025-12-09 03:07:27] [INFO] Page URL after navigation: https://menuadmin.menu.ca/?p=restaurants&display=editRestaurant&restaurant=211&load=comboGroups&showLang=en
[2025-12-09 03:07:27] [INFO] Page HTML length: 22192 bytes
[2025-12-09 03:07:27] [INFO] Saved page HTML to debug_page.html
[2025-12-09 03:07:27] [INFO] Found 'editGroupJS' in page HTML
[2025-12-09 03:07:27] [INFO] Found 0 combo groups
[2025-12-09 03:07:27] [INFO] No combo groups found for restaurant 95
[2025-12-09 03:07:27] [INFO] Results for Milano:
[2025-12-09 03:07:27] [INFO]   - Combo Groups: 0
[2025-12-09 03:07:27] [INFO]   - Sections: 0
[2025-12-09 03:07:27] [INFO]   - Modifier Groups: 0
[2025-12-09 03:07:27] [INFO]   - Modifiers: 0
[2025-12-09 03:07:27] [INFO]   - Prices: 0
[2025-12-09 03:07:27] [INFO] ============================================================
[2025-12-09 03:07:27] [INFO] Processing: Milano (V3: 97, V1: 213)
[2025-12-09 03:07:27] [INFO] ============================================================
[2025-12-09 03:07:27] [INFO] Navigating to combo groups: https://menuadmin.menu.ca/?p=restaurants&display=editRestaurant&restaurant=213&load=comboGroups&showLang=en
[2025-12-09 03:07:28] [INFO] Page URL after navigation: https://menuadmin.menu.ca/?p=restaurants&display=editRestaurant&restaurant=213&load=comboGroups&showLang=en
[2025-12-09 03:07:28] [INFO] Page HTML length: 22192 bytes
[2025-12-09 03:07:28] [INFO] Saved page HTML to debug_page.html
[2025-12-09 03:07:28] [INFO] Found 'editGroupJS' in page HTML
[2025-12-09 03:07:28] [INFO] Found 0 combo groups
[2025-12-09 03:07:28] [INFO] No combo groups found for restaurant 97
[2025-12-09 03:07:28] [INFO] Results for Milano:
[2025-12-09 03:07:28] [INFO]   - Combo Groups: 0
[2025-12-09 03:07:28] [INFO]   - Sections: 0
[2025-12-09 03:07:28] [INFO]   - Modifier Groups: 0
[2025-12-09 03:07:28] [INFO]   - Modifiers: 0
[2025-12-09 03:07:28] [INFO]   - Prices: 0
[2025-12-09 03:07:28] [INFO] ============================================================
[2025-12-09 03:07:28] [INFO] Processing: Ginkgo Garden (V3: 105, V1: 224)
[2025-12-09 03:07:28] [INFO] ============================================================
[2025-12-09 03:07:28] [INFO] Navigating to combo groups: https://menuadmin.menu.ca/?p=restaurants&display=editRestaurant&restaurant=224&load=comboGroups&showLang=en
[2025-12-09 03:07:29] [INFO] Page URL after navigation: https://menuadmin.menu.ca/?p=restaurants&display=editRestaurant&restaurant=224&load=comboGroups&showLang=en
[2025-12-09 03:07:29] [INFO] Page HTML length: 22192 bytes
[2025-12-09 03:07:29] [INFO] Saved page HTML to debug_page.html
[2025-12-09 03:07:29] [INFO] Found 'editGroupJS' in page HTML
[2025-12-09 03:07:29] [INFO] Found 0 combo groups
[2025-12-09 03:07:29] [INFO] No combo groups found for restaurant 105
[2025-12-09 03:07:29] [INFO] Results for Ginkgo Garden:
[2025-12-09 03:07:29] [INFO]   - Combo Groups: 0
[2025-12-09 03:07:29] [INFO]   - Sections: 0
[2025-12-09 03:07:29] [INFO]   - Modifier Groups: 0
[2025-12-09 03:07:29] [INFO]   - Modifiers: 0
[2025-12-09 03:07:29] [INFO]   - Prices: 0
[2025-12-09 03:07:29] [INFO] ============================================================
[2025-12-09 03:07:29] [INFO] Processing: Restaurant Le Choix (V3: 106, V1: 225)
[2025-12-09 03:07:29] [INFO] ============================================================
[2025-12-09 03:07:29] [INFO] Navigating to combo groups: https://menuadmin.menu.ca/?p=restaurants&display=editRestaurant&restaurant=225&load=comboGroups&showLang=en
[2025-12-09 03:07:31] [INFO] Page URL after navigation: https://menuadmin.menu.ca/?p=restaurants&display=editRestaurant&restaurant=225&load=comboGroups&showLang=en
[2025-12-09 03:07:31] [INFO] Page HTML length: 22192 bytes
[2025-12-09 03:07:31] [INFO] Saved page HTML to debug_page.html
[2025-12-09 03:07:31] [INFO] Found 'editGroupJS' in page HTML
[2025-12-09 03:07:31] [INFO] Found 0 combo groups
[2025-12-09 03:07:31] [INFO] No combo groups found for restaurant 106
[2025-12-09 03:07:31] [INFO] Results for Restaurant Le Choix:
[2025-12-09 03:07:31] [INFO]   - Combo Groups: 0
[2025-12-09 03:07:31] [INFO]   - Sections: 0
[2025-12-09 03:07:31] [INFO]   - Modifier Groups: 0
[2025-12-09 03:07:31] [INFO]   - Modifiers: 0
[2025-12-09 03:07:31] [INFO]   - Prices: 0
[2025-12-09 03:07:31] [INFO] ============================================================
[2025-12-09 03:07:31] [INFO] Processing: Restaurant Chez Gerry (V3: 109, V1: 228)
[2025-12-09 03:07:31] [INFO] ============================================================
[2025-12-09 03:07:31] [INFO] Navigating to combo groups: https://menuadmin.menu.ca/?p=restaurants&display=editRestaurant&restaurant=228&load=comboGroups&showLang=en
[2025-12-09 03:07:32] [INFO] Page URL after navigation: https://menuadmin.menu.ca/?p=restaurants&display=editRestaurant&restaurant=228&load=comboGroups&showLang=en
[2025-12-09 03:07:32] [INFO] Page HTML length: 22192 bytes
[2025-12-09 03:07:32] [INFO] Saved page HTML to debug_page.html
[2025-12-09 03:07:32] [INFO] Found 'editGroupJS' in page HTML
[2025-12-09 03:07:32] [INFO] Found 0 combo groups
[2025-12-09 03:07:32] [INFO] No combo groups found for restaurant 109
[2025-12-09 03:07:32] [INFO] Results for Restaurant Chez Gerry:
[2025-12-09 03:07:32] [INFO]   - Combo Groups: 0
[2025-12-09 03:07:32] [INFO]   - Sections: 0
[2025-12-09 03:07:32] [INFO]   - Modifier Groups: 0
[2025-12-09 03:07:32] [INFO]   - Modifiers: 0
[2025-12-09 03:07:32] [INFO]   - Prices: 0
[2025-12-09 03:07:32] [INFO] ============================================================
[2025-12-09 03:07:32] [INFO] Processing: Mano City Pizza (V3: 118, V1: 238)
[2025-12-09 03:07:32] [INFO] ============================================================
[2025-12-09 03:07:32] [INFO] Navigating to combo groups: https://menuadmin.menu.ca/?p=restaurants&display=editRestaurant&restaurant=238&load=comboGroups&showLang=en
[2025-12-09 03:07:35] [INFO] Page URL after navigation: https://menuadmin.menu.ca/?p=restaurants&display=editRestaurant&restaurant=238&load=comboGroups&showLang=en
[2025-12-09 03:07:35] [INFO] Page HTML length: 22192 bytes
[2025-12-09 03:07:35] [INFO] Saved page HTML to debug_page.html
[2025-12-09 03:07:35] [INFO] Found 'editGroupJS' in page HTML
[2025-12-09 03:07:35] [INFO] Found 0 combo groups
[2025-12-09 03:07:35] [INFO] No combo groups found for restaurant 118
[2025-12-09 03:07:35] [INFO] Results for Mano City Pizza:
[2025-12-09 03:07:35] [INFO]   - Combo Groups: 0
[2025-12-09 03:07:35] [INFO]   - Sections: 0
[2025-12-09 03:07:35] [INFO]   - Modifier Groups: 0
[2025-12-09 03:07:35] [INFO]   - Modifiers: 0
[2025-12-09 03:07:35] [INFO]   - Prices: 0
[2025-12-09 03:07:35] [INFO] ============================================================
[2025-12-09 03:07:35] [INFO] Processing: Hung Mein (V3: 119, V1: 239)
[2025-12-09 03:07:35] [INFO] ============================================================
[2025-12-09 03:07:35] [INFO] Navigating to combo groups: https://menuadmin.menu.ca/?p=restaurants&display=editRestaurant&restaurant=239&load=comboGroups&showLang=en
[2025-12-09 03:07:38] [INFO] Page URL after navigation: https://menuadmin.menu.ca/?p=restaurants&display=editRestaurant&restaurant=239&load=comboGroups&showLang=en
[2025-12-09 03:07:38] [INFO] Page HTML length: 22192 bytes
[2025-12-09 03:07:38] [INFO] Saved page HTML to debug_page.html
[2025-12-09 03:07:38] [INFO] Found 'editGroupJS' in page HTML
[2025-12-09 03:07:38] [INFO] Found 0 combo groups
[2025-12-09 03:07:38] [INFO] No combo groups found for restaurant 119
[2025-12-09 03:07:38] [INFO] Results for Hung Mein:
[2025-12-09 03:07:38] [INFO]   - Combo Groups: 0
[2025-12-09 03:07:38] [INFO]   - Sections: 0
[2025-12-09 03:07:38] [INFO]   - Modifier Groups: 0
[2025-12-09 03:07:38] [INFO]   - Modifiers: 0
[2025-12-09 03:07:38] [INFO]   - Prices: 0
[2025-12-09 03:07:38] [INFO] ============================================================
[2025-12-09 03:07:38] [INFO] Processing: Milano (V3: 123, V1: 245)
[2025-12-09 03:07:38] [INFO] ============================================================
[2025-12-09 03:07:38] [INFO] Navigating to combo groups: https://menuadmin.menu.ca/?p=restaurants&display=editRestaurant&restaurant=245&load=comboGroups&showLang=en
[2025-12-09 03:07:39] [INFO] Page URL after navigation: https://menuadmin.menu.ca/?p=restaurants&display=editRestaurant&restaurant=245&load=comboGroups&showLang=en
[2025-12-09 03:07:39] [INFO] Page HTML length: 22192 bytes
[2025-12-09 03:07:39] [INFO] Saved page HTML to debug_page.html
[2025-12-09 03:07:39] [INFO] Found 'editGroupJS' in page HTML
[2025-12-09 03:07:39] [INFO] Found 0 combo groups
[2025-12-09 03:07:39] [INFO] No combo groups found for restaurant 123
[2025-12-09 03:07:39] [INFO] Results for Milano:
[2025-12-09 03:07:39] [INFO]   - Combo Groups: 0
[2025-12-09 03:07:39] [INFO]   - Sections: 0
[2025-12-09 03:07:39] [INFO]   - Modifier Groups: 0
[2025-12-09 03:07:39] [INFO]   - Modifiers: 0
[2025-12-09 03:07:39] [INFO]   - Prices: 0
[2025-12-09 03:07:39] [INFO] ============================================================
[2025-12-09 03:07:39] [INFO] Processing: Carlo's Pizza (V3: 124, V1: 246)
[2025-12-09 03:07:39] [INFO] ============================================================
[2025-12-09 03:07:39] [INFO] Navigating to combo groups: https://menuadmin.menu.ca/?p=restaurants&display=editRestaurant&restaurant=246&load=comboGroups&showLang=en
[2025-12-09 03:07:40] [INFO] Page URL after navigation: https://menuadmin.menu.ca/?p=restaurants&display=editRestaurant&restaurant=246&load=comboGroups&showLang=en
[2025-12-09 03:07:40] [INFO] Page HTML length: 22192 bytes
[2025-12-09 03:07:40] [INFO] Saved page HTML to debug_page.html
[2025-12-09 03:07:40] [INFO] Found 'editGroupJS' in page HTML
[2025-12-09 03:07:40] [INFO] Found 0 combo groups
[2025-12-09 03:07:40] [INFO] No combo groups found for restaurant 124
[2025-12-09 03:07:40] [INFO] Results for Carlo's Pizza:
[2025-12-09 03:07:40] [INFO]   - Combo Groups: 0
[2025-12-09 03:07:40] [INFO]   - Sections: 0
[2025-12-09 03:07:40] [INFO]   - Modifier Groups: 0
[2025-12-09 03:07:40] [INFO]   - Modifiers: 0
[2025-12-09 03:07:40] [INFO]   - Prices: 0
[2025-12-09 03:07:40] [INFO] ============================================================
[2025-12-09 03:07:40] [INFO] Processing: Milano (V3: 126, V1: 248)
[2025-12-09 03:07:40] [INFO] ============================================================
[2025-12-09 03:07:40] [INFO] Navigating to combo groups: https://menuadmin.menu.ca/?p=restaurants&display=editRestaurant&restaurant=248&load=comboGroups&showLang=en
[2025-12-09 03:07:41] [INFO] Page URL after navigation: https://menuadmin.menu.ca/?p=restaurants&display=editRestaurant&restaurant=248&load=comboGroups&showLang=en
[2025-12-09 03:07:41] [INFO] Page HTML length: 22192 bytes
[2025-12-09 03:07:41] [INFO] Saved page HTML to debug_page.html
[2025-12-09 03:07:41] [INFO] Found 'editGroupJS' in page HTML
[2025-12-09 03:07:41] [INFO] Found 0 combo groups
[2025-12-09 03:07:41] [INFO] No combo groups found for restaurant 126
[2025-12-09 03:07:41] [INFO] Results for Milano:
[2025-12-09 03:07:41] [INFO]   - Combo Groups: 0
[2025-12-09 03:07:41] [INFO]   - Sections: 0
[2025-12-09 03:07:41] [INFO]   - Modifier Groups: 0
[2025-12-09 03:07:41] [INFO]   - Modifiers: 0
[2025-12-09 03:07:41] [INFO]   - Prices: 0
[2025-12-09 03:07:41] [INFO] ============================================================
[2025-12-09 03:07:41] [INFO] Processing: Centertown Donair & Pizza (V3: 131, V1: 255)
[2025-12-09 03:07:41] [INFO] ============================================================
[2025-12-09 03:07:41] [INFO] Navigating to combo groups: https://menuadmin.menu.ca/?p=restaurants&display=editRestaurant&restaurant=255&load=comboGroups&showLang=en
[2025-12-09 03:07:43] [INFO] Page URL after navigation: https://menuadmin.menu.ca/?p=restaurants&display=editRestaurant&restaurant=255&load=comboGroups&showLang=en
[2025-12-09 03:07:43] [INFO] Page HTML length: 22192 bytes
[2025-12-09 03:07:43] [INFO] Saved page HTML to debug_page.html
[2025-12-09 03:07:43] [INFO] Found 'editGroupJS' in page HTML
[2025-12-09 03:07:43] [INFO] Found 0 combo groups
[2025-12-09 03:07:43] [INFO] No combo groups found for restaurant 131
[2025-12-09 03:07:43] [INFO] Results for Centertown Donair & Pizza:
[2025-12-09 03:07:43] [INFO]   - Combo Groups: 0
[2025-12-09 03:07:43] [INFO]   - Sections: 0
[2025-12-09 03:07:43] [INFO]   - Modifier Groups: 0
[2025-12-09 03:07:43] [INFO]   - Modifiers: 0
[2025-12-09 03:07:43] [INFO]   - Prices: 0
[2025-12-09 03:07:43] [INFO] ============================================================
[2025-12-09 03:07:43] [INFO] Processing: Pizza Bravo (V3: 139, V1: 264)
[2025-12-09 03:07:43] [INFO] ============================================================
[2025-12-09 03:07:43] [INFO] Navigating to combo groups: https://menuadmin.menu.ca/?p=restaurants&display=editRestaurant&restaurant=264&load=comboGroups&showLang=en
[2025-12-09 03:07:44] [INFO] Page URL after navigation: https://menuadmin.menu.ca/?p=restaurants&display=editRestaurant&restaurant=264&load=comboGroups&showLang=en
[2025-12-09 03:07:44] [INFO] Page HTML length: 22192 bytes
[2025-12-09 03:07:44] [INFO] Saved page HTML to debug_page.html
[2025-12-09 03:07:44] [INFO] Found 'editGroupJS' in page HTML
[2025-12-09 03:07:44] [INFO] Found 0 combo groups
[2025-12-09 03:07:44] [INFO] No combo groups found for restaurant 139
[2025-12-09 03:07:44] [INFO] Results for Pizza Bravo:
[2025-12-09 03:07:44] [INFO]   - Combo Groups: 0
[2025-12-09 03:07:44] [INFO]   - Sections: 0
[2025-12-09 03:07:44] [INFO]   - Modifier Groups: 0
[2025-12-09 03:07:44] [INFO]   - Modifiers: 0
[2025-12-09 03:07:44] [INFO]   - Prices: 0
[2025-12-09 03:07:44] [INFO] ============================================================
[2025-12-09 03:07:44] [INFO] Processing: Tony's Pizza (V3: 143, V1: 275)
[2025-12-09 03:07:44] [INFO] ============================================================
[2025-12-09 03:07:44] [INFO] Navigating to combo groups: https://menuadmin.menu.ca/?p=restaurants&display=editRestaurant&restaurant=275&load=comboGroups&showLang=en
[2025-12-09 03:07:45] [INFO] Page URL after navigation: https://menuadmin.menu.ca/?p=restaurants&display=editRestaurant&restaurant=275&load=comboGroups&showLang=en
[2025-12-09 03:07:45] [INFO] Page HTML length: 22192 bytes
[2025-12-09 03:07:45] [INFO] Saved page HTML to debug_page.html
[2025-12-09 03:07:45] [INFO] Found 'editGroupJS' in page HTML
[2025-12-09 03:07:45] [INFO] Found 0 combo groups
[2025-12-09 03:07:45] [INFO] No combo groups found for restaurant 143
[2025-12-09 03:07:45] [INFO] Results for Tony's Pizza:
[2025-12-09 03:07:45] [INFO]   - Combo Groups: 0
[2025-12-09 03:07:45] [INFO]   - Sections: 0
[2025-12-09 03:07:45] [INFO]   - Modifier Groups: 0
[2025-12-09 03:07:45] [INFO]   - Modifiers: 0
[2025-12-09 03:07:45] [INFO]   - Prices: 0
[2025-12-09 03:07:45] [INFO] ============================================================
[2025-12-09 03:07:45] [INFO] Processing: Hong Kong Chinese Food Takeout (V3: 160, V1: 294)
[2025-12-09 03:07:45] [INFO] ============================================================
[2025-12-09 03:07:45] [INFO] Navigating to combo groups: https://menuadmin.menu.ca/?p=restaurants&display=editRestaurant&restaurant=294&load=comboGroups&showLang=en
[2025-12-09 03:07:46] [INFO] Page URL after navigation: https://menuadmin.menu.ca/?p=restaurants&display=editRestaurant&restaurant=294&load=comboGroups&showLang=en
[2025-12-09 03:07:46] [INFO] Page HTML length: 22192 bytes
[2025-12-09 03:07:46] [INFO] Saved page HTML to debug_page.html
[2025-12-09 03:07:46] [INFO] Found 'editGroupJS' in page HTML
[2025-12-09 03:07:46] [INFO] Found 0 combo groups
[2025-12-09 03:07:46] [INFO] No combo groups found for restaurant 160
[2025-12-09 03:07:46] [INFO] Results for Hong Kong Chinese Food Takeout:
[2025-12-09 03:07:46] [INFO]   - Combo Groups: 0
[2025-12-09 03:07:46] [INFO]   - Sections: 0
[2025-12-09 03:07:46] [INFO]   - Modifier Groups: 0
[2025-12-09 03:07:46] [INFO]   - Modifiers: 0
[2025-12-09 03:07:46] [INFO]   - Prices: 0
[2025-12-09 03:07:46] [INFO] ============================================================
[2025-12-09 03:07:46] [INFO] Processing: Lucky King Take Out (V3: 174, V1: 312)
[2025-12-09 03:07:46] [INFO] ============================================================
[2025-12-09 03:07:46] [INFO] Navigating to combo groups: https://menuadmin.menu.ca/?p=restaurants&display=editRestaurant&restaurant=312&load=comboGroups&showLang=en
[2025-12-09 03:07:48] [INFO] Page URL after navigation: https://menuadmin.menu.ca/?p=restaurants&display=editRestaurant&restaurant=312&load=comboGroups&showLang=en
[2025-12-09 03:07:48] [INFO] Page HTML length: 22562 bytes
[2025-12-09 03:07:48] [INFO] Saved page HTML to debug_page.html
[2025-12-09 03:07:48] [INFO] Found 'editGroupJS' in page HTML
[2025-12-09 03:07:48] [INFO] Found 0 combo groups
[2025-12-09 03:07:48] [INFO] No combo groups found for restaurant 174
[2025-12-09 03:07:48] [INFO] Results for Lucky King Take Out:
[2025-12-09 03:07:48] [INFO]   - Combo Groups: 0
[2025-12-09 03:07:48] [INFO]   - Sections: 0
[2025-12-09 03:07:48] [INFO]   - Modifier Groups: 0
[2025-12-09 03:07:48] [INFO]   - Modifiers: 0
[2025-12-09 03:07:48] [INFO]   - Prices: 0
[2025-12-09 03:07:48] [INFO] ============================================================
[2025-12-09 03:07:48] [INFO] Processing: Indian Punjabi Clay Oven (V3: 180, V1: 318)
[2025-12-09 03:07:48] [INFO] ============================================================
[2025-12-09 03:07:48] [INFO] Navigating to combo groups: https://menuadmin.menu.ca/?p=restaurants&display=editRestaurant&restaurant=318&load=comboGroups&showLang=en
[2025-12-09 03:07:49] [INFO] Page URL after navigation: https://menuadmin.menu.ca/?p=restaurants&display=editRestaurant&restaurant=318&load=comboGroups&showLang=en
[2025-12-09 03:07:49] [INFO] Page HTML length: 22192 bytes
[2025-12-09 03:07:49] [INFO] Saved page HTML to debug_page.html
[2025-12-09 03:07:49] [INFO] Found 'editGroupJS' in page HTML
[2025-12-09 03:07:49] [INFO] Found 0 combo groups
[2025-12-09 03:07:49] [INFO] No combo groups found for restaurant 180
[2025-12-09 03:07:49] [INFO] Results for Indian Punjabi Clay Oven:
[2025-12-09 03:07:49] [INFO]   - Combo Groups: 0
[2025-12-09 03:07:49] [INFO]   - Sections: 0
[2025-12-09 03:07:49] [INFO]   - Modifier Groups: 0
[2025-12-09 03:07:49] [INFO]   - Modifiers: 0
[2025-12-09 03:07:49] [INFO]   - Prices: 0
[2025-12-09 03:07:49] [INFO] ============================================================
[2025-12-09 03:07:49] [INFO] Processing: Milano (V3: 190, V1: 328)
[2025-12-09 03:07:49] [INFO] ============================================================
[2025-12-09 03:07:49] [INFO] Navigating to combo groups: https://menuadmin.menu.ca/?p=restaurants&display=editRestaurant&restaurant=328&load=comboGroups&showLang=en
[2025-12-09 03:07:51] [INFO] Page URL after navigation: https://menuadmin.menu.ca/?p=restaurants&display=editRestaurant&restaurant=328&load=comboGroups&showLang=en
[2025-12-09 03:07:51] [INFO] Page HTML length: 22192 bytes
[2025-12-09 03:07:51] [INFO] Saved page HTML to debug_page.html
[2025-12-09 03:07:51] [INFO] Found 'editGroupJS' in page HTML
[2025-12-09 03:07:51] [INFO] Found 0 combo groups
[2025-12-09 03:07:51] [INFO] No combo groups found for restaurant 190
[2025-12-09 03:07:51] [INFO] Results for Milano:
[2025-12-09 03:07:51] [INFO]   - Combo Groups: 0
[2025-12-09 03:07:51] [INFO]   - Sections: 0
[2025-12-09 03:07:51] [INFO]   - Modifier Groups: 0
[2025-12-09 03:07:51] [INFO]   - Modifiers: 0
[2025-12-09 03:07:51] [INFO]   - Prices: 0
[2025-12-09 03:07:51] [INFO] ============================================================
[2025-12-09 03:07:51] [INFO] Processing: Colonnade Pizza (V3: 196, V1: 334)
[2025-12-09 03:07:51] [INFO] ============================================================
[2025-12-09 03:07:51] [INFO] Navigating to combo groups: https://menuadmin.menu.ca/?p=restaurants&display=editRestaurant&restaurant=334&load=comboGroups&showLang=en
[2025-12-09 03:07:52] [INFO] Page URL after navigation: https://menuadmin.menu.ca/?p=restaurants&display=editRestaurant&restaurant=334&load=comboGroups&showLang=en
[2025-12-09 03:07:52] [INFO] Page HTML length: 22192 bytes
[2025-12-09 03:07:52] [INFO] Saved page HTML to debug_page.html
[2025-12-09 03:07:52] [INFO] Found 'editGroupJS' in page HTML
[2025-12-09 03:07:52] [INFO] Found 0 combo groups
[2025-12-09 03:07:52] [INFO] No combo groups found for restaurant 196
[2025-12-09 03:07:52] [INFO] Results for Colonnade Pizza:
[2025-12-09 03:07:52] [INFO]   - Combo Groups: 0
[2025-12-09 03:07:52] [INFO]   - Sections: 0
[2025-12-09 03:07:52] [INFO]   - Modifier Groups: 0
[2025-12-09 03:07:52] [INFO]   - Modifiers: 0
[2025-12-09 03:07:52] [INFO]   - Prices: 0
[2025-12-09 03:07:52] [INFO] ============================================================
[2025-12-09 03:07:52] [INFO] Processing: Pho Bo Ga King - Somerset (V3: 199, V1: 337)
[2025-12-09 03:07:52] [INFO] ============================================================
[2025-12-09 03:07:52] [INFO] Navigating to combo groups: https://menuadmin.menu.ca/?p=restaurants&display=editRestaurant&restaurant=337&load=comboGroups&showLang=en
[2025-12-09 03:07:54] [INFO] Page URL after navigation: https://menuadmin.menu.ca/?p=restaurants&display=editRestaurant&restaurant=337&load=comboGroups&showLang=en
[2025-12-09 03:07:54] [INFO] Page HTML length: 22192 bytes
[2025-12-09 03:07:54] [INFO] Saved page HTML to debug_page.html
[2025-12-09 03:07:54] [INFO] Found 'editGroupJS' in page HTML
[2025-12-09 03:07:54] [INFO] Found 0 combo groups
[2025-12-09 03:07:54] [INFO] No combo groups found for restaurant 199
[2025-12-09 03:07:54] [INFO] Results for Pho Bo Ga King - Somerset:
[2025-12-09 03:07:54] [INFO]   - Combo Groups: 0
[2025-12-09 03:07:54] [INFO]   - Sections: 0
[2025-12-09 03:07:54] [INFO]   - Modifier Groups: 0
[2025-12-09 03:07:54] [INFO]   - Modifiers: 0
[2025-12-09 03:07:54] [INFO]   - Prices: 0
[2025-12-09 03:07:54] [INFO] ============================================================
[2025-12-09 03:07:54] [INFO] Processing: Mont Liban Bakery & Shawarma (V3: 205, V1: 344)
[2025-12-09 03:07:54] [INFO] ============================================================
[2025-12-09 03:07:54] [INFO] Navigating to combo groups: https://menuadmin.menu.ca/?p=restaurants&display=editRestaurant&restaurant=344&load=comboGroups&showLang=en
[2025-12-09 03:07:55] [INFO] Page URL after navigation: https://menuadmin.menu.ca/?p=restaurants&display=editRestaurant&restaurant=344&load=comboGroups&showLang=en
[2025-12-09 03:07:55] [INFO] Page HTML length: 22192 bytes
[2025-12-09 03:07:55] [INFO] Saved page HTML to debug_page.html
[2025-12-09 03:07:55] [INFO] Found 'editGroupJS' in page HTML
[2025-12-09 03:07:55] [INFO] Found 0 combo groups
[2025-12-09 03:07:55] [INFO] No combo groups found for restaurant 205
[2025-12-09 03:07:55] [INFO] Results for Mont Liban Bakery & Shawarma:
[2025-12-09 03:07:55] [INFO]   - Combo Groups: 0
[2025-12-09 03:07:55] [INFO]   - Sections: 0
[2025-12-09 03:07:55] [INFO]   - Modifier Groups: 0
[2025-12-09 03:07:55] [INFO]   - Modifiers: 0
[2025-12-09 03:07:55] [INFO]   - Prices: 0
[2025-12-09 03:07:55] [INFO] ============================================================
[2025-12-09 03:07:55] [INFO] Processing: Erman Pizza (V3: 211, V1: 350)
[2025-12-09 03:07:55] [INFO] ============================================================
[2025-12-09 03:07:55] [INFO] Navigating to combo groups: https://menuadmin.menu.ca/?p=restaurants&display=editRestaurant&restaurant=350&load=comboGroups&showLang=en
[2025-12-09 03:07:56] [INFO] Page URL after navigation: https://menuadmin.menu.ca/?p=restaurants&display=editRestaurant&restaurant=350&load=comboGroups&showLang=en
[2025-12-09 03:07:56] [INFO] Page HTML length: 22192 bytes
[2025-12-09 03:07:56] [INFO] Saved page HTML to debug_page.html
[2025-12-09 03:07:56] [INFO] Found 'editGroupJS' in page HTML
[2025-12-09 03:07:56] [INFO] Found 0 combo groups
[2025-12-09 03:07:56] [INFO] No combo groups found for restaurant 211
[2025-12-09 03:07:56] [INFO] Results for Erman Pizza:
[2025-12-09 03:07:56] [INFO]   - Combo Groups: 0
[2025-12-09 03:07:56] [INFO]   - Sections: 0
[2025-12-09 03:07:56] [INFO]   - Modifier Groups: 0
[2025-12-09 03:07:56] [INFO]   - Modifiers: 0
[2025-12-09 03:07:56] [INFO]   - Prices: 0
[2025-12-09 03:07:56] [INFO] ============================================================
[2025-12-09 03:07:56] [INFO] Processing: New Mukut Restaurant Indian Cuisine (V3: 234, V1: 374)
[2025-12-09 03:07:56] [INFO] ============================================================
[2025-12-09 03:07:56] [INFO] Navigating to combo groups: https://menuadmin.menu.ca/?p=restaurants&display=editRestaurant&restaurant=374&load=comboGroups&showLang=en
[2025-12-09 03:07:58] [INFO] Page URL after navigation: https://menuadmin.menu.ca/?p=restaurants&display=editRestaurant&restaurant=374&load=comboGroups&showLang=en
[2025-12-09 03:07:58] [INFO] Page HTML length: 22192 bytes
[2025-12-09 03:07:58] [INFO] Saved page HTML to debug_page.html
[2025-12-09 03:07:58] [INFO] Found 'editGroupJS' in page HTML
[2025-12-09 03:07:58] [INFO] Found 0 combo groups
[2025-12-09 03:07:58] [INFO] No combo groups found for restaurant 234
[2025-12-09 03:07:58] [INFO] Results for New Mukut Restaurant Indian Cuisine:
[2025-12-09 03:07:58] [INFO]   - Combo Groups: 0
[2025-12-09 03:07:58] [INFO]   - Sections: 0
[2025-12-09 03:07:58] [INFO]   - Modifier Groups: 0
[2025-12-09 03:07:58] [INFO]   - Modifiers: 0
[2025-12-09 03:07:58] [INFO]   - Prices: 0
[2025-12-09 03:07:58] [INFO] ============================================================
[2025-12-09 03:07:58] [INFO] Processing: Beneci Pizza (V3: 241, V1: 383)
[2025-12-09 03:07:58] [INFO] ============================================================
[2025-12-09 03:07:58] [INFO] Navigating to combo groups: https://menuadmin.menu.ca/?p=restaurants&display=editRestaurant&restaurant=383&load=comboGroups&showLang=en
[2025-12-09 03:07:59] [INFO] Page URL after navigation: https://menuadmin.menu.ca/?p=restaurants&display=editRestaurant&restaurant=383&load=comboGroups&showLang=en
[2025-12-09 03:07:59] [INFO] Page HTML length: 22192 bytes
[2025-12-09 03:07:59] [INFO] Saved page HTML to debug_page.html
[2025-12-09 03:07:59] [INFO] Found 'editGroupJS' in page HTML
[2025-12-09 03:07:59] [INFO] Found 0 combo groups
[2025-12-09 03:07:59] [INFO] No combo groups found for restaurant 241
[2025-12-09 03:07:59] [INFO] Results for Beneci Pizza:
[2025-12-09 03:07:59] [INFO]   - Combo Groups: 0
[2025-12-09 03:07:59] [INFO]   - Sections: 0
[2025-12-09 03:07:59] [INFO]   - Modifier Groups: 0
[2025-12-09 03:07:59] [INFO]   - Modifiers: 0
[2025-12-09 03:07:59] [INFO]   - Prices: 0
[2025-12-09 03:07:59] [INFO] ============================================================
[2025-12-09 03:07:59] [INFO] Processing: Orchid Sushi (V3: 245, V1: 387)
[2025-12-09 03:07:59] [INFO] ============================================================
[2025-12-09 03:07:59] [INFO] Navigating to combo groups: https://menuadmin.menu.ca/?p=restaurants&display=editRestaurant&restaurant=387&load=comboGroups&showLang=en
[2025-12-09 03:08:00] [INFO] Page URL after navigation: https://menuadmin.menu.ca/?p=restaurants&display=editRestaurant&restaurant=387&load=comboGroups&showLang=en
[2025-12-09 03:08:00] [INFO] Page HTML length: 22192 bytes
[2025-12-09 03:08:00] [INFO] Saved page HTML to debug_page.html
[2025-12-09 03:08:00] [INFO] Found 'editGroupJS' in page HTML
[2025-12-09 03:08:00] [INFO] Found 0 combo groups
[2025-12-09 03:08:00] [INFO] No combo groups found for restaurant 245
[2025-12-09 03:08:00] [INFO] Results for Orchid Sushi:
[2025-12-09 03:08:00] [INFO]   - Combo Groups: 0
[2025-12-09 03:08:00] [INFO]   - Sections: 0
[2025-12-09 03:08:00] [INFO]   - Modifier Groups: 0
[2025-12-09 03:08:00] [INFO]   - Modifiers: 0
[2025-12-09 03:08:00] [INFO]   - Prices: 0
[2025-12-09 03:08:00] [INFO] ============================================================
[2025-12-09 03:08:00] [INFO] Processing: Milano (V3: 265, V1: 411)
[2025-12-09 03:08:00] [INFO] ============================================================
[2025-12-09 03:08:00] [INFO] Navigating to combo groups: https://menuadmin.menu.ca/?p=restaurants&display=editRestaurant&restaurant=411&load=comboGroups&showLang=en
[2025-12-09 03:08:01] [INFO] Page URL after navigation: https://menuadmin.menu.ca/?p=restaurants&display=editRestaurant&restaurant=411&load=comboGroups&showLang=en
[2025-12-09 03:08:01] [INFO] Page HTML length: 22192 bytes
[2025-12-09 03:08:01] [INFO] Saved page HTML to debug_page.html
[2025-12-09 03:08:01] [INFO] Found 'editGroupJS' in page HTML
[2025-12-09 03:08:01] [INFO] Found 0 combo groups
[2025-12-09 03:08:01] [INFO] No combo groups found for restaurant 265
[2025-12-09 03:08:01] [INFO] Results for Milano:
[2025-12-09 03:08:01] [INFO]   - Combo Groups: 0
[2025-12-09 03:08:01] [INFO]   - Sections: 0
[2025-12-09 03:08:01] [INFO]   - Modifier Groups: 0
[2025-12-09 03:08:01] [INFO]   - Modifiers: 0
[2025-12-09 03:08:01] [INFO]   - Prices: 0
[2025-12-09 03:08:01] [INFO] ============================================================
[2025-12-09 03:08:01] [INFO] Processing: Lucky Fortune (V3: 267, V1: 413)
[2025-12-09 03:08:01] [INFO] ============================================================
[2025-12-09 03:08:01] [INFO] Navigating to combo groups: https://menuadmin.menu.ca/?p=restaurants&display=editRestaurant&restaurant=413&load=comboGroups&showLang=en
[2025-12-09 03:08:03] [INFO] Page URL after navigation: https://menuadmin.menu.ca/?p=restaurants&display=editRestaurant&restaurant=413&load=comboGroups&showLang=en
[2025-12-09 03:08:03] [INFO] Page HTML length: 22192 bytes
[2025-12-09 03:08:03] [INFO] Saved page HTML to debug_page.html
[2025-12-09 03:08:03] [INFO] Found 'editGroupJS' in page HTML
[2025-12-09 03:08:03] [INFO] Found 0 combo groups
[2025-12-09 03:08:03] [INFO] No combo groups found for restaurant 267
[2025-12-09 03:08:03] [INFO] Results for Lucky Fortune:
[2025-12-09 03:08:03] [INFO]   - Combo Groups: 0
[2025-12-09 03:08:03] [INFO]   - Sections: 0
[2025-12-09 03:08:03] [INFO]   - Modifier Groups: 0
[2025-12-09 03:08:03] [INFO]   - Modifiers: 0
[2025-12-09 03:08:03] [INFO]   - Prices: 0
[2025-12-09 03:08:03] [INFO] ============================================================
[2025-12-09 03:08:03] [INFO] Processing: Shaan Tandoori (V3: 269, V1: 415)
[2025-12-09 03:08:03] [INFO] ============================================================
[2025-12-09 03:08:03] [INFO] Navigating to combo groups: https://menuadmin.menu.ca/?p=restaurants&display=editRestaurant&restaurant=415&load=comboGroups&showLang=en
[2025-12-09 03:08:05] [INFO] Page URL after navigation: https://menuadmin.menu.ca/?p=restaurants&display=editRestaurant&restaurant=415&load=comboGroups&showLang=en
[2025-12-09 03:08:05] [INFO] Page HTML length: 22192 bytes
[2025-12-09 03:08:05] [INFO] Saved page HTML to debug_page.html
[2025-12-09 03:08:05] [INFO] Found 'editGroupJS' in page HTML
[2025-12-09 03:08:05] [INFO] Found 0 combo groups
[2025-12-09 03:08:05] [INFO] No combo groups found for restaurant 269
[2025-12-09 03:08:05] [INFO] Results for Shaan Tandoori:
[2025-12-09 03:08:05] [INFO]   - Combo Groups: 0
[2025-12-09 03:08:05] [INFO]   - Sections: 0
[2025-12-09 03:08:05] [INFO]   - Modifier Groups: 0
[2025-12-09 03:08:05] [INFO]   - Modifiers: 0
[2025-12-09 03:08:05] [INFO]   - Prices: 0
[2025-12-09 03:08:05] [INFO] ============================================================
[2025-12-09 03:08:05] [INFO] Processing: JN Pizza (V3: 328, V1: 489)
[2025-12-09 03:08:05] [INFO] ============================================================
[2025-12-09 03:08:05] [INFO] Navigating to combo groups: https://menuadmin.menu.ca/?p=restaurants&display=editRestaurant&restaurant=489&load=comboGroups&showLang=en
[2025-12-09 03:08:06] [INFO] Page URL after navigation: https://menuadmin.menu.ca/?p=restaurants&display=editRestaurant&restaurant=489&load=comboGroups&showLang=en
[2025-12-09 03:08:06] [INFO] Page HTML length: 22192 bytes
[2025-12-09 03:08:06] [INFO] Saved page HTML to debug_page.html
[2025-12-09 03:08:06] [INFO] Found 'editGroupJS' in page HTML
[2025-12-09 03:08:06] [INFO] Found 0 combo groups
[2025-12-09 03:08:06] [INFO] No combo groups found for restaurant 328
[2025-12-09 03:08:06] [INFO] Results for JN Pizza:
[2025-12-09 03:08:06] [INFO]   - Combo Groups: 0
[2025-12-09 03:08:06] [INFO]   - Sections: 0
[2025-12-09 03:08:06] [INFO]   - Modifier Groups: 0
[2025-12-09 03:08:06] [INFO]   - Modifiers: 0
[2025-12-09 03:08:06] [INFO]   - Prices: 0
[2025-12-09 03:08:06] [INFO] ============================================================
[2025-12-09 03:08:06] [INFO] Processing: Milano (V3: 349, V1: 512)
[2025-12-09 03:08:06] [INFO] ============================================================
[2025-12-09 03:08:06] [INFO] Navigating to combo groups: https://menuadmin.menu.ca/?p=restaurants&display=editRestaurant&restaurant=512&load=comboGroups&showLang=en
[2025-12-09 03:08:07] [INFO] Page URL after navigation: https://menuadmin.menu.ca/?p=restaurants&display=editRestaurant&restaurant=512&load=comboGroups&showLang=en
[2025-12-09 03:08:07] [INFO] Page HTML length: 22192 bytes
[2025-12-09 03:08:07] [INFO] Saved page HTML to debug_page.html
[2025-12-09 03:08:07] [INFO] Found 'editGroupJS' in page HTML
[2025-12-09 03:08:08] [INFO] Found 0 combo groups
[2025-12-09 03:08:08] [INFO] No combo groups found for restaurant 349
[2025-12-09 03:08:08] [INFO] Results for Milano:
[2025-12-09 03:08:08] [INFO]   - Combo Groups: 0
[2025-12-09 03:08:08] [INFO]   - Sections: 0
[2025-12-09 03:08:08] [INFO]   - Modifier Groups: 0
[2025-12-09 03:08:08] [INFO]   - Modifiers: 0
[2025-12-09 03:08:08] [INFO]   - Prices: 0
[2025-12-09 03:08:08] [INFO] ============================================================
[2025-12-09 03:08:08] [INFO] Processing: Milano (V3: 350, V1: 513)
[2025-12-09 03:08:08] [INFO] ============================================================
[2025-12-09 03:08:08] [INFO] Navigating to combo groups: https://menuadmin.menu.ca/?p=restaurants&display=editRestaurant&restaurant=513&load=comboGroups&showLang=en
[2025-12-09 03:08:09] [INFO] Page URL after navigation: https://menuadmin.menu.ca/?p=restaurants&display=editRestaurant&restaurant=513&load=comboGroups&showLang=en
[2025-12-09 03:08:09] [INFO] Page HTML length: 22192 bytes
[2025-12-09 03:08:09] [INFO] Saved page HTML to debug_page.html
[2025-12-09 03:08:09] [INFO] Found 'editGroupJS' in page HTML
[2025-12-09 03:08:09] [INFO] Found 0 combo groups
[2025-12-09 03:08:09] [INFO] No combo groups found for restaurant 350
[2025-12-09 03:08:09] [INFO] Results for Milano:
[2025-12-09 03:08:09] [INFO]   - Combo Groups: 0
[2025-12-09 03:08:09] [INFO]   - Sections: 0
[2025-12-09 03:08:09] [INFO]   - Modifier Groups: 0
[2025-12-09 03:08:09] [INFO]   - Modifiers: 0
[2025-12-09 03:08:09] [INFO]   - Prices: 0
[2025-12-09 03:08:09] [INFO] ============================================================
[2025-12-09 03:08:09] [INFO] Processing: Xtreme Pizza (V3: 367, V1: 532)
[2025-12-09 03:08:09] [INFO] ============================================================
[2025-12-09 03:08:09] [INFO] Navigating to combo groups: https://menuadmin.menu.ca/?p=restaurants&display=editRestaurant&restaurant=532&load=comboGroups&showLang=en
[2025-12-09 03:08:10] [INFO] Page URL after navigation: https://menuadmin.menu.ca/?p=restaurants&display=editRestaurant&restaurant=532&load=comboGroups&showLang=en
[2025-12-09 03:08:10] [INFO] Page HTML length: 22192 bytes
[2025-12-09 03:08:10] [INFO] Saved page HTML to debug_page.html
[2025-12-09 03:08:10] [INFO] Found 'editGroupJS' in page HTML
[2025-12-09 03:08:10] [INFO] Found 0 combo groups
[2025-12-09 03:08:10] [INFO] No combo groups found for restaurant 367
[2025-12-09 03:08:10] [INFO] Results for Xtreme Pizza:
[2025-12-09 03:08:10] [INFO]   - Combo Groups: 0
[2025-12-09 03:08:10] [INFO]   - Sections: 0
[2025-12-09 03:08:10] [INFO]   - Modifier Groups: 0
[2025-12-09 03:08:10] [INFO]   - Modifiers: 0
[2025-12-09 03:08:10] [INFO]   - Prices: 0
[2025-12-09 03:08:10] [INFO] ============================================================
[2025-12-09 03:08:10] [INFO] Processing: Sachi Sushi (V3: 376, V1: 542)
[2025-12-09 03:08:10] [INFO] ============================================================
[2025-12-09 03:08:10] [INFO] Navigating to combo groups: https://menuadmin.menu.ca/?p=restaurants&display=editRestaurant&restaurant=542&load=comboGroups&showLang=en
[2025-12-09 03:08:11] [INFO] Page URL after navigation: https://menuadmin.menu.ca/?p=restaurants&display=editRestaurant&restaurant=542&load=comboGroups&showLang=en
[2025-12-09 03:08:11] [INFO] Page HTML length: 22192 bytes
[2025-12-09 03:08:11] [INFO] Saved page HTML to debug_page.html
[2025-12-09 03:08:11] [INFO] Found 'editGroupJS' in page HTML
[2025-12-09 03:08:11] [INFO] Found 0 combo groups
[2025-12-09 03:08:11] [INFO] No combo groups found for restaurant 376
[2025-12-09 03:08:11] [INFO] Results for Sachi Sushi:
[2025-12-09 03:08:11] [INFO]   - Combo Groups: 0
[2025-12-09 03:08:11] [INFO]   - Sections: 0
[2025-12-09 03:08:11] [INFO]   - Modifier Groups: 0
[2025-12-09 03:08:11] [INFO]   - Modifiers: 0
[2025-12-09 03:08:11] [INFO]   - Prices: 0
[2025-12-09 03:08:11] [INFO] ============================================================
[2025-12-09 03:08:11] [INFO] Processing: Papa Joe's Fried Chicken - Downtown (V3: 437, V1: 612)
[2025-12-09 03:08:11] [INFO] ============================================================
[2025-12-09 03:08:11] [INFO] Navigating to combo groups: https://menuadmin.menu.ca/?p=restaurants&display=editRestaurant&restaurant=612&load=comboGroups&showLang=en
[2025-12-09 03:08:13] [INFO] Page URL after navigation: https://menuadmin.menu.ca/?p=restaurants&display=editRestaurant&restaurant=612&load=comboGroups&showLang=en
[2025-12-09 03:08:13] [INFO] Page HTML length: 22192 bytes
[2025-12-09 03:08:13] [INFO] Saved page HTML to debug_page.html
[2025-12-09 03:08:13] [INFO] Found 'editGroupJS' in page HTML
[2025-12-09 03:08:13] [INFO] Found 0 combo groups
[2025-12-09 03:08:13] [INFO] No combo groups found for restaurant 437
[2025-12-09 03:08:13] [INFO] Results for Papa Joe's Fried Chicken - Downtown:
[2025-12-09 03:08:13] [INFO]   - Combo Groups: 0
[2025-12-09 03:08:13] [INFO]   - Sections: 0
[2025-12-09 03:08:13] [INFO]   - Modifier Groups: 0
[2025-12-09 03:08:13] [INFO]   - Modifiers: 0
[2025-12-09 03:08:13] [INFO]   - Prices: 0
[2025-12-09 03:08:13] [INFO] ============================================================
[2025-12-09 03:08:13] [INFO] Processing: iCook Pho You (V3: 479, V1: 669)
[2025-12-09 03:08:13] [INFO] ============================================================
[2025-12-09 03:08:13] [INFO] Navigating to combo groups: https://menuadmin.menu.ca/?p=restaurants&display=editRestaurant&restaurant=669&load=comboGroups&showLang=en
[2025-12-09 03:08:14] [INFO] Page URL after navigation: https://menuadmin.menu.ca/?p=restaurants&display=editRestaurant&restaurant=669&load=comboGroups&showLang=en
[2025-12-09 03:08:14] [INFO] Page HTML length: 22192 bytes
[2025-12-09 03:08:14] [INFO] Saved page HTML to debug_page.html
[2025-12-09 03:08:14] [INFO] Found 'editGroupJS' in page HTML
[2025-12-09 03:08:14] [INFO] Found 0 combo groups
[2025-12-09 03:08:14] [INFO] No combo groups found for restaurant 479
[2025-12-09 03:08:14] [INFO] Results for iCook Pho You:
[2025-12-09 03:08:14] [INFO]   - Combo Groups: 0
[2025-12-09 03:08:14] [INFO]   - Sections: 0
[2025-12-09 03:08:14] [INFO]   - Modifier Groups: 0
[2025-12-09 03:08:14] [INFO]   - Modifiers: 0
[2025-12-09 03:08:14] [INFO]   - Prices: 0
[2025-12-09 03:08:14] [INFO] ============================================================
[2025-12-09 03:08:14] [INFO] Processing: Light of India (V3: 491, V1: 695)
[2025-12-09 03:08:14] [INFO] ============================================================
[2025-12-09 03:08:14] [INFO] Navigating to combo groups: https://menuadmin.menu.ca/?p=restaurants&display=editRestaurant&restaurant=695&load=comboGroups&showLang=en
[2025-12-09 03:08:15] [INFO] Page URL after navigation: https://menuadmin.menu.ca/?p=restaurants&display=editRestaurant&restaurant=695&load=comboGroups&showLang=en
[2025-12-09 03:08:15] [INFO] Page HTML length: 22192 bytes
[2025-12-09 03:08:15] [INFO] Saved page HTML to debug_page.html
[2025-12-09 03:08:15] [INFO] Found 'editGroupJS' in page HTML
[2025-12-09 03:08:15] [INFO] Found 0 combo groups
[2025-12-09 03:08:15] [INFO] No combo groups found for restaurant 491
[2025-12-09 03:08:15] [INFO] Results for Light of India:
[2025-12-09 03:08:15] [INFO]   - Combo Groups: 0
[2025-12-09 03:08:15] [INFO]   - Sections: 0
[2025-12-09 03:08:15] [INFO]   - Modifier Groups: 0
[2025-12-09 03:08:15] [INFO]   - Modifiers: 0
[2025-12-09 03:08:15] [INFO]   - Prices: 0
[2025-12-09 03:08:15] [INFO] ============================================================
[2025-12-09 03:08:15] [INFO] Processing: Rangoli (V3: 497, V1: 701)
[2025-12-09 03:08:15] [INFO] ============================================================
[2025-12-09 03:08:15] [INFO] Navigating to combo groups: https://menuadmin.menu.ca/?p=restaurants&display=editRestaurant&restaurant=701&load=comboGroups&showLang=en
[2025-12-09 03:08:16] [INFO] Page URL after navigation: https://menuadmin.menu.ca/?p=restaurants&display=editRestaurant&restaurant=701&load=comboGroups&showLang=en
[2025-12-09 03:08:16] [INFO] Page HTML length: 22192 bytes
[2025-12-09 03:08:16] [INFO] Saved page HTML to debug_page.html
[2025-12-09 03:08:16] [INFO] Found 'editGroupJS' in page HTML
[2025-12-09 03:08:17] [INFO] Found 0 combo groups
[2025-12-09 03:08:17] [INFO] No combo groups found for restaurant 497
[2025-12-09 03:08:17] [INFO] Results for Rangoli:
[2025-12-09 03:08:17] [INFO]   - Combo Groups: 0
[2025-12-09 03:08:17] [INFO]   - Sections: 0
[2025-12-09 03:08:17] [INFO]   - Modifier Groups: 0
[2025-12-09 03:08:17] [INFO]   - Modifiers: 0
[2025-12-09 03:08:17] [INFO]   - Prices: 0
[2025-12-09 03:08:17] [INFO] ============================================================
[2025-12-09 03:08:17] [INFO] Processing: New Hong Kong (V3: 502, V1: 707)
[2025-12-09 03:08:17] [INFO] ============================================================
[2025-12-09 03:08:17] [INFO] Navigating to combo groups: https://menuadmin.menu.ca/?p=restaurants&display=editRestaurant&restaurant=707&load=comboGroups&showLang=en
[2025-12-09 03:08:18] [INFO] Page URL after navigation: https://menuadmin.menu.ca/?p=restaurants&display=editRestaurant&restaurant=707&load=comboGroups&showLang=en
[2025-12-09 03:08:18] [INFO] Page HTML length: 22192 bytes
[2025-12-09 03:08:18] [INFO] Saved page HTML to debug_page.html
[2025-12-09 03:08:18] [INFO] Found 'editGroupJS' in page HTML
[2025-12-09 03:08:18] [INFO] Found 0 combo groups
[2025-12-09 03:08:18] [INFO] No combo groups found for restaurant 502
[2025-12-09 03:08:18] [INFO] Results for New Hong Kong:
[2025-12-09 03:08:18] [INFO]   - Combo Groups: 0
[2025-12-09 03:08:18] [INFO]   - Sections: 0
[2025-12-09 03:08:18] [INFO]   - Modifier Groups: 0
[2025-12-09 03:08:18] [INFO]   - Modifiers: 0
[2025-12-09 03:08:18] [INFO]   - Prices: 0
[2025-12-09 03:08:18] [INFO] ============================================================
[2025-12-09 03:08:18] [INFO] Processing: Pizza Lovers Hunt Club (V3: 507, V1: 712)
[2025-12-09 03:08:18] [INFO] ============================================================
[2025-12-09 03:08:18] [INFO] Navigating to combo groups: https://menuadmin.menu.ca/?p=restaurants&display=editRestaurant&restaurant=712&load=comboGroups&showLang=en
[2025-12-09 03:08:20] [INFO] Page URL after navigation: https://menuadmin.menu.ca/?p=restaurants&display=editRestaurant&restaurant=712&load=comboGroups&showLang=en
[2025-12-09 03:08:20] [INFO] Page HTML length: 22192 bytes
[2025-12-09 03:08:20] [INFO] Saved page HTML to debug_page.html
[2025-12-09 03:08:20] [INFO] Found 'editGroupJS' in page HTML
[2025-12-09 03:08:20] [INFO] Found 0 combo groups
[2025-12-09 03:08:20] [INFO] No combo groups found for restaurant 507
[2025-12-09 03:08:20] [INFO] Results for Pizza Lovers Hunt Club:
[2025-12-09 03:08:20] [INFO]   - Combo Groups: 0
[2025-12-09 03:08:20] [INFO]   - Sections: 0
[2025-12-09 03:08:20] [INFO]   - Modifier Groups: 0
[2025-12-09 03:08:20] [INFO]   - Modifiers: 0
[2025-12-09 03:08:20] [INFO]   - Prices: 0
[2025-12-09 03:08:20] [INFO] ============================================================
[2025-12-09 03:08:20] [INFO] Processing: Egg Roll Factory (V3: 511, V1: 716)
[2025-12-09 03:08:20] [INFO] ============================================================
[2025-12-09 03:08:20] [INFO] Navigating to combo groups: https://menuadmin.menu.ca/?p=restaurants&display=editRestaurant&restaurant=716&load=comboGroups&showLang=en
[2025-12-09 03:08:21] [INFO] Page URL after navigation: https://menuadmin.menu.ca/?p=restaurants&display=editRestaurant&restaurant=716&load=comboGroups&showLang=en
[2025-12-09 03:08:21] [INFO] Page HTML length: 22192 bytes
[2025-12-09 03:08:21] [INFO] Saved page HTML to debug_page.html
[2025-12-09 03:08:21] [INFO] Found 'editGroupJS' in page HTML
[2025-12-09 03:08:21] [INFO] Found 0 combo groups
[2025-12-09 03:08:21] [INFO] No combo groups found for restaurant 511
[2025-12-09 03:08:21] [INFO] Results for Egg Roll Factory:
[2025-12-09 03:08:21] [INFO]   - Combo Groups: 0
[2025-12-09 03:08:21] [INFO]   - Sections: 0
[2025-12-09 03:08:21] [INFO]   - Modifier Groups: 0
[2025-12-09 03:08:21] [INFO]   - Modifiers: 0
[2025-12-09 03:08:21] [INFO]   - Prices: 0
[2025-12-09 03:08:21] [INFO] ============================================================
[2025-12-09 03:08:21] [INFO] Processing: Napolis (V3: 515, V1: 721)
[2025-12-09 03:08:21] [INFO] ============================================================
[2025-12-09 03:08:21] [INFO] Navigating to combo groups: https://menuadmin.menu.ca/?p=restaurants&display=editRestaurant&restaurant=721&load=comboGroups&showLang=en
[2025-12-09 03:08:22] [INFO] Page URL after navigation: https://menuadmin.menu.ca/?p=restaurants&display=editRestaurant&restaurant=721&load=comboGroups&showLang=en
[2025-12-09 03:08:22] [INFO] Page HTML length: 22192 bytes
[2025-12-09 03:08:22] [INFO] Saved page HTML to debug_page.html
[2025-12-09 03:08:22] [INFO] Found 'editGroupJS' in page HTML
[2025-12-09 03:08:22] [INFO] Found 0 combo groups
[2025-12-09 03:08:22] [INFO] No combo groups found for restaurant 515
[2025-12-09 03:08:22] [INFO] Results for Napolis:
[2025-12-09 03:08:22] [INFO]   - Combo Groups: 0
[2025-12-09 03:08:22] [INFO]   - Sections: 0
[2025-12-09 03:08:22] [INFO]   - Modifier Groups: 0
[2025-12-09 03:08:22] [INFO]   - Modifiers: 0
[2025-12-09 03:08:22] [INFO]   - Prices: 0
[2025-12-09 03:08:22] [INFO] ============================================================
[2025-12-09 03:08:22] [INFO] Processing: HaNoi Pho (V3: 519, V1: 727)
[2025-12-09 03:08:22] [INFO] ============================================================
[2025-12-09 03:08:22] [INFO] Navigating to combo groups: https://menuadmin.menu.ca/?p=restaurants&display=editRestaurant&restaurant=727&load=comboGroups&showLang=en
[2025-12-09 03:08:23] [INFO] Page URL after navigation: https://menuadmin.menu.ca/?p=restaurants&display=editRestaurant&restaurant=727&load=comboGroups&showLang=en
[2025-12-09 03:08:23] [INFO] Page HTML length: 22192 bytes
[2025-12-09 03:08:23] [INFO] Saved page HTML to debug_page.html
[2025-12-09 03:08:23] [INFO] Found 'editGroupJS' in page HTML
[2025-12-09 03:08:23] [INFO] Found 0 combo groups
[2025-12-09 03:08:23] [INFO] No combo groups found for restaurant 519
[2025-12-09 03:08:23] [INFO] Results for HaNoi Pho:
[2025-12-09 03:08:23] [INFO]   - Combo Groups: 0
[2025-12-09 03:08:23] [INFO]   - Sections: 0
[2025-12-09 03:08:23] [INFO]   - Modifier Groups: 0
[2025-12-09 03:08:23] [INFO]   - Modifiers: 0
[2025-12-09 03:08:23] [INFO]   - Prices: 0
[2025-12-09 03:08:23] [INFO] ============================================================
[2025-12-09 03:08:23] [INFO] Processing: Palermo Pizzeria (V3: 521, V1: 729)
[2025-12-09 03:08:23] [INFO] ============================================================
[2025-12-09 03:08:23] [INFO] Navigating to combo groups: https://menuadmin.menu.ca/?p=restaurants&display=editRestaurant&restaurant=729&load=comboGroups&showLang=en
[2025-12-09 03:08:25] [INFO] Page URL after navigation: https://menuadmin.menu.ca/?p=restaurants&display=editRestaurant&restaurant=729&load=comboGroups&showLang=en
[2025-12-09 03:08:25] [INFO] Page HTML length: 22192 bytes
[2025-12-09 03:08:25] [INFO] Saved page HTML to debug_page.html
[2025-12-09 03:08:25] [INFO] Found 'editGroupJS' in page HTML
[2025-12-09 03:08:25] [INFO] Found 0 combo groups
[2025-12-09 03:08:25] [INFO] No combo groups found for restaurant 521
[2025-12-09 03:08:25] [INFO] Results for Palermo Pizzeria:
[2025-12-09 03:08:25] [INFO]   - Combo Groups: 0
[2025-12-09 03:08:25] [INFO]   - Sections: 0
[2025-12-09 03:08:25] [INFO]   - Modifier Groups: 0
[2025-12-09 03:08:25] [INFO]   - Modifiers: 0
[2025-12-09 03:08:25] [INFO]   - Prices: 0
[2025-12-09 03:08:25] [INFO] ============================================================
[2025-12-09 03:08:25] [INFO] Processing: Papa Grecque des Flandres (V3: 540, V1: 758)
[2025-12-09 03:08:25] [INFO] ============================================================
[2025-12-09 03:08:25] [INFO] Navigating to combo groups: https://menuadmin.menu.ca/?p=restaurants&display=editRestaurant&restaurant=758&load=comboGroups&showLang=en
[2025-12-09 03:08:26] [INFO] Page URL after navigation: https://menuadmin.menu.ca/?p=restaurants&display=editRestaurant&restaurant=758&load=comboGroups&showLang=en
[2025-12-09 03:08:26] [INFO] Page HTML length: 22192 bytes
[2025-12-09 03:08:26] [INFO] Saved page HTML to debug_page.html
[2025-12-09 03:08:26] [INFO] Found 'editGroupJS' in page HTML
[2025-12-09 03:08:26] [INFO] Found 0 combo groups
[2025-12-09 03:08:26] [INFO] No combo groups found for restaurant 540
[2025-12-09 03:08:26] [INFO] Results for Papa Grecque des Flandres:
[2025-12-09 03:08:26] [INFO]   - Combo Groups: 0
[2025-12-09 03:08:26] [INFO]   - Sections: 0
[2025-12-09 03:08:26] [INFO]   - Modifier Groups: 0
[2025-12-09 03:08:26] [INFO]   - Modifiers: 0
[2025-12-09 03:08:26] [INFO]   - Prices: 0
[2025-12-09 03:08:26] [INFO] ============================================================
[2025-12-09 03:08:26] [INFO] Processing: Aahar The Taste of India (V3: 561, V1: 781)
[2025-12-09 03:08:26] [INFO] ============================================================
[2025-12-09 03:08:26] [INFO] Navigating to combo groups: https://menuadmin.menu.ca/?p=restaurants&display=editRestaurant&restaurant=781&load=comboGroups&showLang=en
[2025-12-09 03:08:27] [INFO] Page URL after navigation: https://menuadmin.menu.ca/?p=restaurants&display=editRestaurant&restaurant=781&load=comboGroups&showLang=en
[2025-12-09 03:08:27] [INFO] Page HTML length: 22192 bytes
[2025-12-09 03:08:27] [INFO] Saved page HTML to debug_page.html
[2025-12-09 03:08:27] [INFO] Found 'editGroupJS' in page HTML
[2025-12-09 03:08:27] [INFO] Found 0 combo groups
[2025-12-09 03:08:27] [INFO] No combo groups found for restaurant 561
[2025-12-09 03:08:27] [INFO] Results for Aahar The Taste of India:
[2025-12-09 03:08:27] [INFO]   - Combo Groups: 0
[2025-12-09 03:08:27] [INFO]   - Sections: 0
[2025-12-09 03:08:27] [INFO]   - Modifier Groups: 0
[2025-12-09 03:08:27] [INFO]   - Modifiers: 0
[2025-12-09 03:08:27] [INFO]   - Prices: 0
[2025-12-09 03:08:27] [INFO] ============================================================
[2025-12-09 03:08:27] [INFO] Processing: Pizza des Hautes Plaines (V3: 562, V1: 782)
[2025-12-09 03:08:27] [INFO] ============================================================
[2025-12-09 03:08:27] [INFO] Navigating to combo groups: https://menuadmin.menu.ca/?p=restaurants&display=editRestaurant&restaurant=782&load=comboGroups&showLang=en
[2025-12-09 03:08:29] [INFO] Page URL after navigation: https://menuadmin.menu.ca/?p=restaurants&display=editRestaurant&restaurant=782&load=comboGroups&showLang=en
[2025-12-09 03:08:29] [INFO] Page HTML length: 22192 bytes
[2025-12-09 03:08:29] [INFO] Saved page HTML to debug_page.html
[2025-12-09 03:08:29] [INFO] Found 'editGroupJS' in page HTML
[2025-12-09 03:08:29] [INFO] Found 0 combo groups
[2025-12-09 03:08:29] [INFO] No combo groups found for restaurant 562
[2025-12-09 03:08:29] [INFO] Results for Pizza des Hautes Plaines:
[2025-12-09 03:08:29] [INFO]   - Combo Groups: 0
[2025-12-09 03:08:29] [INFO]   - Sections: 0
[2025-12-09 03:08:29] [INFO]   - Modifier Groups: 0
[2025-12-09 03:08:29] [INFO]   - Modifiers: 0
[2025-12-09 03:08:29] [INFO]   - Prices: 0
[2025-12-09 03:08:29] [INFO] ============================================================
[2025-12-09 03:08:29] [INFO] Processing: Milano (V3: 565, V1: 785)
[2025-12-09 03:08:29] [INFO] ============================================================
[2025-12-09 03:08:29] [INFO] Navigating to combo groups: https://menuadmin.menu.ca/?p=restaurants&display=editRestaurant&restaurant=785&load=comboGroups&showLang=en
[2025-12-09 03:08:30] [INFO] Page URL after navigation: https://menuadmin.menu.ca/?p=restaurants&display=editRestaurant&restaurant=785&load=comboGroups&showLang=en
[2025-12-09 03:08:30] [INFO] Page HTML length: 22192 bytes
[2025-12-09 03:08:30] [INFO] Saved page HTML to debug_page.html
[2025-12-09 03:08:30] [INFO] Found 'editGroupJS' in page HTML
[2025-12-09 03:08:30] [INFO] Found 0 combo groups
[2025-12-09 03:08:30] [INFO] No combo groups found for restaurant 565
[2025-12-09 03:08:30] [INFO] Results for Milano:
[2025-12-09 03:08:30] [INFO]   - Combo Groups: 0
[2025-12-09 03:08:30] [INFO]   - Sections: 0
[2025-12-09 03:08:30] [INFO]   - Modifier Groups: 0
[2025-12-09 03:08:30] [INFO]   - Modifiers: 0
[2025-12-09 03:08:30] [INFO]   - Prices: 0
[2025-12-09 03:08:30] [INFO] ============================================================
[2025-12-09 03:08:30] [INFO] Processing: Milano (V3: 569, V1: 789)
[2025-12-09 03:08:30] [INFO] ============================================================
[2025-12-09 03:08:30] [INFO] Navigating to combo groups: https://menuadmin.menu.ca/?p=restaurants&display=editRestaurant&restaurant=789&load=comboGroups&showLang=en
[2025-12-09 03:08:31] [INFO] Page URL after navigation: https://menuadmin.menu.ca/?p=restaurants&display=editRestaurant&restaurant=789&load=comboGroups&showLang=en
[2025-12-09 03:08:31] [INFO] Page HTML length: 22192 bytes
[2025-12-09 03:08:31] [INFO] Saved page HTML to debug_page.html
[2025-12-09 03:08:31] [INFO] Found 'editGroupJS' in page HTML
[2025-12-09 03:08:31] [INFO] Found 0 combo groups
[2025-12-09 03:08:31] [INFO] No combo groups found for restaurant 569
[2025-12-09 03:08:31] [INFO] Results for Milano:
[2025-12-09 03:08:31] [INFO]   - Combo Groups: 0
[2025-12-09 03:08:31] [INFO]   - Sections: 0
[2025-12-09 03:08:31] [INFO]   - Modifier Groups: 0
[2025-12-09 03:08:31] [INFO]   - Modifiers: 0
[2025-12-09 03:08:31] [INFO]   - Prices: 0
[2025-12-09 03:08:31] [INFO] ============================================================
[2025-12-09 03:08:31] [INFO] Processing: Crispy's (V3: 584, V1: 805)
[2025-12-09 03:08:31] [INFO] ============================================================
[2025-12-09 03:08:31] [INFO] Navigating to combo groups: https://menuadmin.menu.ca/?p=restaurants&display=editRestaurant&restaurant=805&load=comboGroups&showLang=en
[2025-12-09 03:08:33] [INFO] Page URL after navigation: https://menuadmin.menu.ca/?p=restaurants&display=editRestaurant&restaurant=805&load=comboGroups&showLang=en
[2025-12-09 03:08:33] [INFO] Page HTML length: 22192 bytes
[2025-12-09 03:08:33] [INFO] Saved page HTML to debug_page.html
[2025-12-09 03:08:33] [INFO] Found 'editGroupJS' in page HTML
[2025-12-09 03:08:33] [INFO] Found 0 combo groups
[2025-12-09 03:08:33] [INFO] No combo groups found for restaurant 584
[2025-12-09 03:08:33] [INFO] Results for Crispy's:
[2025-12-09 03:08:33] [INFO]   - Combo Groups: 0
[2025-12-09 03:08:33] [INFO]   - Sections: 0
[2025-12-09 03:08:33] [INFO]   - Modifier Groups: 0
[2025-12-09 03:08:33] [INFO]   - Modifiers: 0
[2025-12-09 03:08:33] [INFO]   - Prices: 0
[2025-12-09 03:08:33] [INFO] ============================================================
[2025-12-09 03:08:33] [INFO] Processing: Milano (V3: 586, V1: 807)
[2025-12-09 03:08:33] [INFO] ============================================================
[2025-12-09 03:08:33] [INFO] Navigating to combo groups: https://menuadmin.menu.ca/?p=restaurants&display=editRestaurant&restaurant=807&load=comboGroups&showLang=en
[2025-12-09 03:08:34] [INFO] Page URL after navigation: https://menuadmin.menu.ca/?p=restaurants&display=editRestaurant&restaurant=807&load=comboGroups&showLang=en
[2025-12-09 03:08:34] [INFO] Page HTML length: 22192 bytes
[2025-12-09 03:08:34] [INFO] Saved page HTML to debug_page.html
[2025-12-09 03:08:34] [INFO] Found 'editGroupJS' in page HTML
[2025-12-09 03:08:34] [INFO] Found 0 combo groups
[2025-12-09 03:08:34] [INFO] No combo groups found for restaurant 586
[2025-12-09 03:08:34] [INFO] Results for Milano:
[2025-12-09 03:08:34] [INFO]   - Combo Groups: 0
[2025-12-09 03:08:34] [INFO]   - Sections: 0
[2025-12-09 03:08:34] [INFO]   - Modifier Groups: 0
[2025-12-09 03:08:34] [INFO]   - Modifiers: 0
[2025-12-09 03:08:34] [INFO]   - Prices: 0
[2025-12-09 03:08:34] [INFO] ============================================================
[2025-12-09 03:08:34] [INFO] Processing: Milano (V3: 593, V1: 815)
[2025-12-09 03:08:34] [INFO] ============================================================
[2025-12-09 03:08:34] [INFO] Navigating to combo groups: https://menuadmin.menu.ca/?p=restaurants&display=editRestaurant&restaurant=815&load=comboGroups&showLang=en
[2025-12-09 03:08:36] [INFO] Page URL after navigation: https://menuadmin.menu.ca/?p=restaurants&display=editRestaurant&restaurant=815&load=comboGroups&showLang=en
[2025-12-09 03:08:36] [INFO] Page HTML length: 22192 bytes
[2025-12-09 03:08:36] [INFO] Saved page HTML to debug_page.html
[2025-12-09 03:08:36] [INFO] Found 'editGroupJS' in page HTML
[2025-12-09 03:08:36] [INFO] Found 0 combo groups
[2025-12-09 03:08:36] [INFO] No combo groups found for restaurant 593
[2025-12-09 03:08:36] [INFO] Results for Milano:
[2025-12-09 03:08:36] [INFO]   - Combo Groups: 0
[2025-12-09 03:08:36] [INFO]   - Sections: 0
[2025-12-09 03:08:36] [INFO]   - Modifier Groups: 0
[2025-12-09 03:08:36] [INFO]   - Modifiers: 0
[2025-12-09 03:08:36] [INFO]   - Prices: 0
[2025-12-09 03:08:36] [INFO] ============================================================
[2025-12-09 03:08:36] [INFO] Processing: Supreme Pizzeria (V3: 595, V1: 817)
[2025-12-09 03:08:36] [INFO] ============================================================
[2025-12-09 03:08:36] [INFO] Navigating to combo groups: https://menuadmin.menu.ca/?p=restaurants&display=editRestaurant&restaurant=817&load=comboGroups&showLang=en
[2025-12-09 03:08:37] [INFO] Page URL after navigation: https://menuadmin.menu.ca/?p=restaurants&display=editRestaurant&restaurant=817&load=comboGroups&showLang=en
[2025-12-09 03:08:37] [INFO] Page HTML length: 22192 bytes
[2025-12-09 03:08:37] [INFO] Saved page HTML to debug_page.html
[2025-12-09 03:08:37] [INFO] Found 'editGroupJS' in page HTML
[2025-12-09 03:08:37] [INFO] Found 0 combo groups
[2025-12-09 03:08:37] [INFO] No combo groups found for restaurant 595
[2025-12-09 03:08:37] [INFO] Results for Supreme Pizzeria:
[2025-12-09 03:08:37] [INFO]   - Combo Groups: 0
[2025-12-09 03:08:37] [INFO]   - Sections: 0
[2025-12-09 03:08:37] [INFO]   - Modifier Groups: 0
[2025-12-09 03:08:37] [INFO]   - Modifiers: 0
[2025-12-09 03:08:37] [INFO]   - Prices: 0
[2025-12-09 03:08:37] [INFO] ============================================================
[2025-12-09 03:08:37] [INFO] Processing: Sushi Fleury (V3: 596, V1: 818)
[2025-12-09 03:08:37] [INFO] ============================================================
[2025-12-09 03:08:37] [INFO] Navigating to combo groups: https://menuadmin.menu.ca/?p=restaurants&display=editRestaurant&restaurant=818&load=comboGroups&showLang=en
[2025-12-09 03:08:38] [INFO] Page URL after navigation: https://menuadmin.menu.ca/?p=restaurants&display=editRestaurant&restaurant=818&load=comboGroups&showLang=en
[2025-12-09 03:08:38] [INFO] Page HTML length: 22192 bytes
[2025-12-09 03:08:38] [INFO] Saved page HTML to debug_page.html
[2025-12-09 03:08:38] [INFO] Found 'editGroupJS' in page HTML
[2025-12-09 03:08:38] [INFO] Found 0 combo groups
[2025-12-09 03:08:38] [INFO] No combo groups found for restaurant 596
[2025-12-09 03:08:38] [INFO] Results for Sushi Fleury:
[2025-12-09 03:08:38] [INFO]   - Combo Groups: 0
[2025-12-09 03:08:38] [INFO]   - Sections: 0
[2025-12-09 03:08:38] [INFO]   - Modifier Groups: 0
[2025-12-09 03:08:38] [INFO]   - Modifiers: 0
[2025-12-09 03:08:38] [INFO]   - Prices: 0
[2025-12-09 03:08:38] [INFO] ============================================================
[2025-12-09 03:08:38] [INFO] Processing: Milano (V3: 601, V1: 824)
[2025-12-09 03:08:38] [INFO] ============================================================
[2025-12-09 03:08:38] [INFO] Navigating to combo groups: https://menuadmin.menu.ca/?p=restaurants&display=editRestaurant&restaurant=824&load=comboGroups&showLang=en
[2025-12-09 03:08:39] [INFO] Page URL after navigation: https://menuadmin.menu.ca/?p=restaurants&display=editRestaurant&restaurant=824&load=comboGroups&showLang=en
[2025-12-09 03:08:39] [INFO] Page HTML length: 22192 bytes
[2025-12-09 03:08:39] [INFO] Saved page HTML to debug_page.html
[2025-12-09 03:08:39] [INFO] Found 'editGroupJS' in page HTML
[2025-12-09 03:08:39] [INFO] Found 0 combo groups
[2025-12-09 03:08:39] [INFO] No combo groups found for restaurant 601
[2025-12-09 03:08:39] [INFO] Results for Milano:
[2025-12-09 03:08:39] [INFO]   - Combo Groups: 0
[2025-12-09 03:08:39] [INFO]   - Sections: 0
[2025-12-09 03:08:39] [INFO]   - Modifier Groups: 0
[2025-12-09 03:08:39] [INFO]   - Modifiers: 0
[2025-12-09 03:08:39] [INFO]   - Prices: 0
[2025-12-09 03:08:39] [INFO] ============================================================
[2025-12-09 03:08:39] [INFO] Processing: Papa Pizza Cantley (V3: 602, V1: 825)
[2025-12-09 03:08:39] [INFO] ============================================================
[2025-12-09 03:08:39] [INFO] Navigating to combo groups: https://menuadmin.menu.ca/?p=restaurants&display=editRestaurant&restaurant=825&load=comboGroups&showLang=en
[2025-12-09 03:08:41] [INFO] Page URL after navigation: https://menuadmin.menu.ca/?p=restaurants&display=editRestaurant&restaurant=825&load=comboGroups&showLang=en
[2025-12-09 03:08:41] [INFO] Page HTML length: 22192 bytes
[2025-12-09 03:08:41] [INFO] Saved page HTML to debug_page.html
[2025-12-09 03:08:41] [INFO] Found 'editGroupJS' in page HTML
[2025-12-09 03:08:41] [INFO] Found 0 combo groups
[2025-12-09 03:08:41] [INFO] No combo groups found for restaurant 602
[2025-12-09 03:08:41] [INFO] Results for Papa Pizza Cantley:
[2025-12-09 03:08:41] [INFO]   - Combo Groups: 0
[2025-12-09 03:08:41] [INFO]   - Sections: 0
[2025-12-09 03:08:41] [INFO]   - Modifier Groups: 0
[2025-12-09 03:08:41] [INFO]   - Modifiers: 0
[2025-12-09 03:08:41] [INFO]   - Prices: 0
[2025-12-09 03:08:41] [INFO] ============================================================
[2025-12-09 03:08:41] [INFO] Processing: Aroy Thai (V3: 607, V1: 830)
[2025-12-09 03:08:41] [INFO] ============================================================
[2025-12-09 03:08:41] [INFO] Navigating to combo groups: https://menuadmin.menu.ca/?p=restaurants&display=editRestaurant&restaurant=830&load=comboGroups&showLang=en
[2025-12-09 03:08:42] [INFO] Page URL after navigation: https://menuadmin.menu.ca/?p=restaurants&display=editRestaurant&restaurant=830&load=comboGroups&showLang=en
[2025-12-09 03:08:42] [INFO] Page HTML length: 22192 bytes
[2025-12-09 03:08:42] [INFO] Saved page HTML to debug_page.html
[2025-12-09 03:08:42] [INFO] Found 'editGroupJS' in page HTML
[2025-12-09 03:08:42] [INFO] Found 0 combo groups
[2025-12-09 03:08:42] [INFO] No combo groups found for restaurant 607
[2025-12-09 03:08:42] [INFO] Results for Aroy Thai:
[2025-12-09 03:08:42] [INFO]   - Combo Groups: 0
[2025-12-09 03:08:42] [INFO]   - Sections: 0
[2025-12-09 03:08:42] [INFO]   - Modifier Groups: 0
[2025-12-09 03:08:42] [INFO]   - Modifiers: 0
[2025-12-09 03:08:42] [INFO]   - Prices: 0
[2025-12-09 03:08:42] [INFO] ============================================================
[2025-12-09 03:08:42] [INFO] Processing: Marina Pizza des Flandres  (V3: 614, V1: 838)
[2025-12-09 03:08:42] [INFO] ============================================================
[2025-12-09 03:08:42] [INFO] Navigating to combo groups: https://menuadmin.menu.ca/?p=restaurants&display=editRestaurant&restaurant=838&load=comboGroups&showLang=en
[2025-12-09 03:08:43] [INFO] Page URL after navigation: https://menuadmin.menu.ca/?p=restaurants&display=editRestaurant&restaurant=838&load=comboGroups&showLang=en
[2025-12-09 03:08:43] [INFO] Page HTML length: 22192 bytes
[2025-12-09 03:08:43] [INFO] Saved page HTML to debug_page.html
[2025-12-09 03:08:43] [INFO] Found 'editGroupJS' in page HTML
[2025-12-09 03:08:43] [INFO] Found 0 combo groups
[2025-12-09 03:08:43] [INFO] No combo groups found for restaurant 614
[2025-12-09 03:08:43] [INFO] Results for Marina Pizza des Flandres :
[2025-12-09 03:08:43] [INFO]   - Combo Groups: 0
[2025-12-09 03:08:43] [INFO]   - Sections: 0
[2025-12-09 03:08:43] [INFO]   - Modifier Groups: 0
[2025-12-09 03:08:43] [INFO]   - Modifiers: 0
[2025-12-09 03:08:43] [INFO]   - Prices: 0
[2025-12-09 03:08:43] [INFO] ============================================================
[2025-12-09 03:08:43] [INFO] Processing: Papa Grecque Maloney  (V3: 616, V1: 840)
[2025-12-09 03:08:43] [INFO] ============================================================
[2025-12-09 03:08:43] [INFO] Navigating to combo groups: https://menuadmin.menu.ca/?p=restaurants&display=editRestaurant&restaurant=840&load=comboGroups&showLang=en
[2025-12-09 03:08:44] [INFO] Page URL after navigation: https://menuadmin.menu.ca/?p=restaurants&display=editRestaurant&restaurant=840&load=comboGroups&showLang=en
[2025-12-09 03:08:44] [INFO] Page HTML length: 22192 bytes
[2025-12-09 03:08:44] [INFO] Saved page HTML to debug_page.html
[2025-12-09 03:08:44] [INFO] Found 'editGroupJS' in page HTML
[2025-12-09 03:08:45] [INFO] Found 0 combo groups
[2025-12-09 03:08:45] [INFO] No combo groups found for restaurant 616
[2025-12-09 03:08:45] [INFO] Results for Papa Grecque Maloney :
[2025-12-09 03:08:45] [INFO]   - Combo Groups: 0
[2025-12-09 03:08:45] [INFO]   - Sections: 0
[2025-12-09 03:08:45] [INFO]   - Modifier Groups: 0
[2025-12-09 03:08:45] [INFO]   - Modifiers: 0
[2025-12-09 03:08:45] [INFO]   - Prices: 0
[2025-12-09 03:08:45] [INFO] ============================================================
[2025-12-09 03:08:45] [INFO] Processing: Milano (V3: 624, V1: 850)
[2025-12-09 03:08:45] [INFO] ============================================================
[2025-12-09 03:08:45] [INFO] Navigating to combo groups: https://menuadmin.menu.ca/?p=restaurants&display=editRestaurant&restaurant=850&load=comboGroups&showLang=en
[2025-12-09 03:08:46] [INFO] Page URL after navigation: https://menuadmin.menu.ca/?p=restaurants&display=editRestaurant&restaurant=850&load=comboGroups&showLang=en
[2025-12-09 03:08:46] [INFO] Page HTML length: 22192 bytes
[2025-12-09 03:08:46] [INFO] Saved page HTML to debug_page.html
[2025-12-09 03:08:46] [INFO] Found 'editGroupJS' in page HTML
[2025-12-09 03:08:46] [INFO] Found 0 combo groups
[2025-12-09 03:08:46] [INFO] No combo groups found for restaurant 624
[2025-12-09 03:08:46] [INFO] Results for Milano:
[2025-12-09 03:08:46] [INFO]   - Combo Groups: 0
[2025-12-09 03:08:46] [INFO]   - Sections: 0
[2025-12-09 03:08:46] [INFO]   - Modifier Groups: 0
[2025-12-09 03:08:46] [INFO]   - Modifiers: 0
[2025-12-09 03:08:46] [INFO]   - Prices: 0
[2025-12-09 03:08:46] [INFO] ============================================================
[2025-12-09 03:08:46] [INFO] Processing: Asia Garden Ottawa (V3: 630, V1: 856)
[2025-12-09 03:08:46] [INFO] ============================================================
[2025-12-09 03:08:46] [INFO] Navigating to combo groups: https://menuadmin.menu.ca/?p=restaurants&display=editRestaurant&restaurant=856&load=comboGroups&showLang=en
[2025-12-09 03:08:47] [INFO] Page URL after navigation: https://menuadmin.menu.ca/?p=restaurants&display=editRestaurant&restaurant=856&load=comboGroups&showLang=en
[2025-12-09 03:08:47] [INFO] Page HTML length: 22192 bytes
[2025-12-09 03:08:47] [INFO] Saved page HTML to debug_page.html
[2025-12-09 03:08:47] [INFO] Found 'editGroupJS' in page HTML
[2025-12-09 03:08:47] [INFO] Found 0 combo groups
[2025-12-09 03:08:47] [INFO] No combo groups found for restaurant 630
[2025-12-09 03:08:47] [INFO] Results for Asia Garden Ottawa:
[2025-12-09 03:08:47] [INFO]   - Combo Groups: 0
[2025-12-09 03:08:47] [INFO]   - Sections: 0
[2025-12-09 03:08:47] [INFO]   - Modifier Groups: 0
[2025-12-09 03:08:47] [INFO]   - Modifiers: 0
[2025-12-09 03:08:47] [INFO]   - Prices: 0
[2025-12-09 03:08:47] [INFO] ============================================================
[2025-12-09 03:08:47] [INFO] Processing: Joes Family Pizzeria (V3: 636, V1: 863)
[2025-12-09 03:08:47] [INFO] ============================================================
[2025-12-09 03:08:47] [INFO] Navigating to combo groups: https://menuadmin.menu.ca/?p=restaurants&display=editRestaurant&restaurant=863&load=comboGroups&showLang=en
[2025-12-09 03:08:48] [INFO] Page URL after navigation: https://menuadmin.menu.ca/?p=restaurants&display=editRestaurant&restaurant=863&load=comboGroups&showLang=en
[2025-12-09 03:08:48] [INFO] Page HTML length: 22192 bytes
[2025-12-09 03:08:48] [INFO] Saved page HTML to debug_page.html
[2025-12-09 03:08:48] [INFO] Found 'editGroupJS' in page HTML
[2025-12-09 03:08:48] [INFO] Found 0 combo groups
[2025-12-09 03:08:48] [INFO] No combo groups found for restaurant 636
[2025-12-09 03:08:48] [INFO] Results for Joes Family Pizzeria:
[2025-12-09 03:08:48] [INFO]   - Combo Groups: 0
[2025-12-09 03:08:48] [INFO]   - Sections: 0
[2025-12-09 03:08:48] [INFO]   - Modifier Groups: 0
[2025-12-09 03:08:48] [INFO]   - Modifiers: 0
[2025-12-09 03:08:48] [INFO]   - Prices: 0
[2025-12-09 03:08:48] [INFO] ============================================================
[2025-12-09 03:08:48] [INFO] Processing: Digby's Restaurant (V3: 638, V1: 865)
[2025-12-09 03:08:48] [INFO] ============================================================
[2025-12-09 03:08:48] [INFO] Navigating to combo groups: https://menuadmin.menu.ca/?p=restaurants&display=editRestaurant&restaurant=865&load=comboGroups&showLang=en
[2025-12-09 03:08:50] [INFO] Page URL after navigation: https://menuadmin.menu.ca/?p=restaurants&display=editRestaurant&restaurant=865&load=comboGroups&showLang=en
[2025-12-09 03:08:50] [INFO] Page HTML length: 22192 bytes
[2025-12-09 03:08:50] [INFO] Saved page HTML to debug_page.html
[2025-12-09 03:08:50] [INFO] Found 'editGroupJS' in page HTML
[2025-12-09 03:08:50] [INFO] Found 0 combo groups
[2025-12-09 03:08:50] [INFO] No combo groups found for restaurant 638
[2025-12-09 03:08:50] [INFO] Results for Digby's Restaurant:
[2025-12-09 03:08:50] [INFO]   - Combo Groups: 0
[2025-12-09 03:08:50] [INFO]   - Sections: 0
[2025-12-09 03:08:50] [INFO]   - Modifier Groups: 0
[2025-12-09 03:08:50] [INFO]   - Modifiers: 0
[2025-12-09 03:08:50] [INFO]   - Prices: 0
[2025-12-09 03:08:50] [INFO] ============================================================
[2025-12-09 03:08:50] [INFO] Processing: China Moon (V3: 641, V1: 869)
[2025-12-09 03:08:50] [INFO] ============================================================
[2025-12-09 03:08:50] [INFO] Navigating to combo groups: https://menuadmin.menu.ca/?p=restaurants&display=editRestaurant&restaurant=869&load=comboGroups&showLang=en
[2025-12-09 03:08:52] [INFO] Page URL after navigation: https://menuadmin.menu.ca/?p=restaurants&display=editRestaurant&restaurant=869&load=comboGroups&showLang=en
[2025-12-09 03:08:52] [INFO] Page HTML length: 22192 bytes
[2025-12-09 03:08:52] [INFO] Saved page HTML to debug_page.html
[2025-12-09 03:08:52] [INFO] Found 'editGroupJS' in page HTML
[2025-12-09 03:08:52] [INFO] Found 0 combo groups
[2025-12-09 03:08:52] [INFO] No combo groups found for restaurant 641
[2025-12-09 03:08:52] [INFO] Results for China Moon:
[2025-12-09 03:08:52] [INFO]   - Combo Groups: 0
[2025-12-09 03:08:52] [INFO]   - Sections: 0
[2025-12-09 03:08:52] [INFO]   - Modifier Groups: 0
[2025-12-09 03:08:52] [INFO]   - Modifiers: 0
[2025-12-09 03:08:52] [INFO]   - Prices: 0
[2025-12-09 03:08:52] [INFO] ============================================================
[2025-12-09 03:08:52] [INFO] Processing: Mozza Pizza Hull (V3: 644, V1: 872)
[2025-12-09 03:08:52] [INFO] ============================================================
[2025-12-09 03:08:52] [INFO] Navigating to combo groups: https://menuadmin.menu.ca/?p=restaurants&display=editRestaurant&restaurant=872&load=comboGroups&showLang=en
[2025-12-09 03:08:53] [INFO] Page URL after navigation: https://menuadmin.menu.ca/?p=restaurants&display=editRestaurant&restaurant=872&load=comboGroups&showLang=en
[2025-12-09 03:08:53] [INFO] Page HTML length: 22192 bytes
[2025-12-09 03:08:53] [INFO] Saved page HTML to debug_page.html
[2025-12-09 03:08:53] [INFO] Found 'editGroupJS' in page HTML
[2025-12-09 03:08:53] [INFO] Found 0 combo groups
[2025-12-09 03:08:53] [INFO] No combo groups found for restaurant 644
[2025-12-09 03:08:53] [INFO] Results for Mozza Pizza Hull:
[2025-12-09 03:08:53] [INFO]   - Combo Groups: 0
[2025-12-09 03:08:53] [INFO]   - Sections: 0
[2025-12-09 03:08:53] [INFO]   - Modifier Groups: 0
[2025-12-09 03:08:53] [INFO]   - Modifiers: 0
[2025-12-09 03:08:53] [INFO]   - Prices: 0
[2025-12-09 03:08:53] [INFO] ============================================================
[2025-12-09 03:08:53] [INFO] Processing: JC Royal Thai Cuisine (V3: 646, V1: 874)
[2025-12-09 03:08:53] [INFO] ============================================================
[2025-12-09 03:08:53] [INFO] Navigating to combo groups: https://menuadmin.menu.ca/?p=restaurants&display=editRestaurant&restaurant=874&load=comboGroups&showLang=en
[2025-12-09 03:08:55] [INFO] Page URL after navigation: https://menuadmin.menu.ca/?p=restaurants&display=editRestaurant&restaurant=874&load=comboGroups&showLang=en
[2025-12-09 03:08:55] [INFO] Page HTML length: 22564 bytes
[2025-12-09 03:08:55] [INFO] Saved page HTML to debug_page.html
[2025-12-09 03:08:55] [INFO] Found 'editGroupJS' in page HTML
[2025-12-09 03:08:55] [INFO] Found 0 combo groups
[2025-12-09 03:08:55] [INFO] No combo groups found for restaurant 646
[2025-12-09 03:08:55] [INFO] Results for JC Royal Thai Cuisine:
[2025-12-09 03:08:55] [INFO]   - Combo Groups: 0
[2025-12-09 03:08:55] [INFO]   - Sections: 0
[2025-12-09 03:08:55] [INFO]   - Modifier Groups: 0
[2025-12-09 03:08:55] [INFO]   - Modifiers: 0
[2025-12-09 03:08:55] [INFO]   - Prices: 0
[2025-12-09 03:08:55] [INFO] ============================================================
[2025-12-09 03:08:55] [INFO] Processing: Milano (V3: 651, V1: 879)
[2025-12-09 03:08:55] [INFO] ============================================================
[2025-12-09 03:08:55] [INFO] Navigating to combo groups: https://menuadmin.menu.ca/?p=restaurants&display=editRestaurant&restaurant=879&load=comboGroups&showLang=en
[2025-12-09 03:08:56] [INFO] Page URL after navigation: https://menuadmin.menu.ca/?p=restaurants&display=editRestaurant&restaurant=879&load=comboGroups&showLang=en
[2025-12-09 03:08:56] [INFO] Page HTML length: 22192 bytes
[2025-12-09 03:08:56] [INFO] Saved page HTML to debug_page.html
[2025-12-09 03:08:56] [INFO] Found 'editGroupJS' in page HTML
[2025-12-09 03:08:56] [INFO] Found 0 combo groups
[2025-12-09 03:08:56] [INFO] No combo groups found for restaurant 651
[2025-12-09 03:08:56] [INFO] Results for Milano:
[2025-12-09 03:08:56] [INFO]   - Combo Groups: 0
[2025-12-09 03:08:56] [INFO]   - Sections: 0
[2025-12-09 03:08:56] [INFO]   - Modifier Groups: 0
[2025-12-09 03:08:56] [INFO]   - Modifiers: 0
[2025-12-09 03:08:56] [INFO]   - Prices: 0
[2025-12-09 03:08:56] [INFO] ============================================================
[2025-12-09 03:08:56] [INFO] Processing: Milano (V3: 660, V1: 889)
[2025-12-09 03:08:56] [INFO] ============================================================
[2025-12-09 03:08:56] [INFO] Navigating to combo groups: https://menuadmin.menu.ca/?p=restaurants&display=editRestaurant&restaurant=889&load=comboGroups&showLang=en
[2025-12-09 03:08:57] [INFO] Page URL after navigation: https://menuadmin.menu.ca/?p=restaurants&display=editRestaurant&restaurant=889&load=comboGroups&showLang=en
[2025-12-09 03:08:57] [INFO] Page HTML length: 22192 bytes
[2025-12-09 03:08:57] [INFO] Saved page HTML to debug_page.html
[2025-12-09 03:08:57] [INFO] Found 'editGroupJS' in page HTML
[2025-12-09 03:08:57] [INFO] Found 0 combo groups
[2025-12-09 03:08:57] [INFO] No combo groups found for restaurant 660
[2025-12-09 03:08:57] [INFO] Results for Milano:
[2025-12-09 03:08:57] [INFO]   - Combo Groups: 0
[2025-12-09 03:08:57] [INFO]   - Sections: 0
[2025-12-09 03:08:57] [INFO]   - Modifier Groups: 0
[2025-12-09 03:08:57] [INFO]   - Modifiers: 0
[2025-12-09 03:08:57] [INFO]   - Prices: 0
[2025-12-09 03:08:57] [INFO] ============================================================
[2025-12-09 03:08:57] [INFO] Processing: Milano (V3: 680, V1: 913)
[2025-12-09 03:08:57] [INFO] ============================================================
[2025-12-09 03:08:57] [INFO] Navigating to combo groups: https://menuadmin.menu.ca/?p=restaurants&display=editRestaurant&restaurant=913&load=comboGroups&showLang=en
[2025-12-09 03:09:01] [INFO] Page URL after navigation: https://menuadmin.menu.ca/?p=restaurants&display=editRestaurant&restaurant=913&load=comboGroups&showLang=en
[2025-12-09 03:09:01] [INFO] Page HTML length: 22192 bytes
[2025-12-09 03:09:01] [INFO] Saved page HTML to debug_page.html
[2025-12-09 03:09:01] [INFO] Found 'editGroupJS' in page HTML
[2025-12-09 03:09:01] [INFO] Found 0 combo groups
[2025-12-09 03:09:01] [INFO] No combo groups found for restaurant 680
[2025-12-09 03:09:01] [INFO] Results for Milano:
[2025-12-09 03:09:01] [INFO]   - Combo Groups: 0
[2025-12-09 03:09:01] [INFO]   - Sections: 0
[2025-12-09 03:09:01] [INFO]   - Modifier Groups: 0
[2025-12-09 03:09:01] [INFO]   - Modifiers: 0
[2025-12-09 03:09:01] [INFO]   - Prices: 0
[2025-12-09 03:09:01] [INFO] ============================================================
[2025-12-09 03:09:01] [INFO] Processing: Oka's Hull (V3: 681, V1: 914)
[2025-12-09 03:09:01] [INFO] ============================================================
[2025-12-09 03:09:01] [INFO] Navigating to combo groups: https://menuadmin.menu.ca/?p=restaurants&display=editRestaurant&restaurant=914&load=comboGroups&showLang=en
[2025-12-09 03:09:08] [INFO] Page URL after navigation: https://menuadmin.menu.ca/?p=restaurants&display=editRestaurant&restaurant=914&load=comboGroups&showLang=en
[2025-12-09 03:09:08] [INFO] Page HTML length: 22192 bytes
[2025-12-09 03:09:08] [INFO] Saved page HTML to debug_page.html
[2025-12-09 03:09:08] [INFO] Found 'editGroupJS' in page HTML
[2025-12-09 03:09:08] [INFO] Found 0 combo groups
[2025-12-09 03:09:08] [INFO] No combo groups found for restaurant 681
[2025-12-09 03:09:08] [INFO] Results for Oka's Hull:
[2025-12-09 03:09:08] [INFO]   - Combo Groups: 0
[2025-12-09 03:09:08] [INFO]   - Sections: 0
[2025-12-09 03:09:08] [INFO]   - Modifier Groups: 0
[2025-12-09 03:09:08] [INFO]   - Modifiers: 0
[2025-12-09 03:09:08] [INFO]   - Prices: 0
[2025-12-09 03:09:08] [INFO] ============================================================
[2025-12-09 03:09:08] [INFO] Processing: Pizza Maisonneuve (V3: 696, V1: 930)
[2025-12-09 03:09:08] [INFO] ============================================================
[2025-12-09 03:09:08] [INFO] Navigating to combo groups: https://menuadmin.menu.ca/?p=restaurants&display=editRestaurant&restaurant=930&load=comboGroups&showLang=en
[2025-12-09 03:09:09] [INFO] Page URL after navigation: https://menuadmin.menu.ca/?p=restaurants&display=editRestaurant&restaurant=930&load=comboGroups&showLang=en
[2025-12-09 03:09:09] [INFO] Page HTML length: 22192 bytes
[2025-12-09 03:09:09] [INFO] Saved page HTML to debug_page.html
[2025-12-09 03:09:09] [INFO] Found 'editGroupJS' in page HTML
[2025-12-09 03:09:09] [INFO] Found 0 combo groups
[2025-12-09 03:09:09] [INFO] No combo groups found for restaurant 696
[2025-12-09 03:09:09] [INFO] Results for Pizza Maisonneuve:
[2025-12-09 03:09:09] [INFO]   - Combo Groups: 0
[2025-12-09 03:09:09] [INFO]   - Sections: 0
[2025-12-09 03:09:09] [INFO]   - Modifier Groups: 0
[2025-12-09 03:09:09] [INFO]   - Modifiers: 0
[2025-12-09 03:09:09] [INFO]   - Prices: 0
[2025-12-09 03:09:09] [INFO] ============================================================
[2025-12-09 03:09:09] [INFO] Processing: Milano (V3: 701, V1: 937)
[2025-12-09 03:09:09] [INFO] ============================================================
[2025-12-09 03:09:09] [INFO] Navigating to combo groups: https://menuadmin.menu.ca/?p=restaurants&display=editRestaurant&restaurant=937&load=comboGroups&showLang=en
[2025-12-09 03:09:11] [INFO] Page URL after navigation: https://menuadmin.menu.ca/?p=restaurants&display=editRestaurant&restaurant=937&load=comboGroups&showLang=en
[2025-12-09 03:09:11] [INFO] Page HTML length: 22192 bytes
[2025-12-09 03:09:11] [INFO] Saved page HTML to debug_page.html
[2025-12-09 03:09:11] [INFO] Found 'editGroupJS' in page HTML
[2025-12-09 03:09:11] [INFO] Found 0 combo groups
[2025-12-09 03:09:11] [INFO] No combo groups found for restaurant 701
[2025-12-09 03:09:11] [INFO] Results for Milano:
[2025-12-09 03:09:11] [INFO]   - Combo Groups: 0
[2025-12-09 03:09:11] [INFO]   - Sections: 0
[2025-12-09 03:09:11] [INFO]   - Modifier Groups: 0
[2025-12-09 03:09:11] [INFO]   - Modifiers: 0
[2025-12-09 03:09:11] [INFO]   - Prices: 0
[2025-12-09 03:09:11] [INFO] ============================================================
[2025-12-09 03:09:11] [INFO] Processing: Supreme Pizzeria (V3: 711, V1: 947)
[2025-12-09 03:09:11] [INFO] ============================================================
[2025-12-09 03:09:11] [INFO] Navigating to combo groups: https://menuadmin.menu.ca/?p=restaurants&display=editRestaurant&restaurant=947&load=comboGroups&showLang=en
[2025-12-09 03:09:12] [INFO] Page URL after navigation: https://menuadmin.menu.ca/?p=restaurants&display=editRestaurant&restaurant=947&load=comboGroups&showLang=en
[2025-12-09 03:09:12] [INFO] Page HTML length: 22192 bytes
[2025-12-09 03:09:12] [INFO] Saved page HTML to debug_page.html
[2025-12-09 03:09:12] [INFO] Found 'editGroupJS' in page HTML
[2025-12-09 03:09:12] [INFO] Found 0 combo groups
[2025-12-09 03:09:12] [INFO] No combo groups found for restaurant 711
[2025-12-09 03:09:12] [INFO] Results for Supreme Pizzeria:
[2025-12-09 03:09:12] [INFO]   - Combo Groups: 0
[2025-12-09 03:09:12] [INFO]   - Sections: 0
[2025-12-09 03:09:12] [INFO]   - Modifier Groups: 0
[2025-12-09 03:09:12] [INFO]   - Modifiers: 0
[2025-12-09 03:09:12] [INFO]   - Prices: 0
[2025-12-09 03:09:12] [INFO] ============================================================
[2025-12-09 03:09:12] [INFO] Processing: Patate Lou Lou (V3: 712, V1: 948)
[2025-12-09 03:09:12] [INFO] ============================================================
[2025-12-09 03:09:12] [INFO] Navigating to combo groups: https://menuadmin.menu.ca/?p=restaurants&display=editRestaurant&restaurant=948&load=comboGroups&showLang=en
[2025-12-09 03:09:13] [INFO] Page URL after navigation: https://menuadmin.menu.ca/?p=restaurants&display=editRestaurant&restaurant=948&load=comboGroups&showLang=en
[2025-12-09 03:09:13] [INFO] Page HTML length: 22192 bytes
[2025-12-09 03:09:13] [INFO] Saved page HTML to debug_page.html
[2025-12-09 03:09:13] [INFO] Found 'editGroupJS' in page HTML
[2025-12-09 03:09:13] [INFO] Found 0 combo groups
[2025-12-09 03:09:13] [INFO] No combo groups found for restaurant 712
[2025-12-09 03:09:13] [INFO] Results for Patate Lou Lou:
[2025-12-09 03:09:13] [INFO]   - Combo Groups: 0
[2025-12-09 03:09:13] [INFO]   - Sections: 0
[2025-12-09 03:09:13] [INFO]   - Modifier Groups: 0
[2025-12-09 03:09:13] [INFO]   - Modifiers: 0
[2025-12-09 03:09:13] [INFO]   - Prices: 0
[2025-12-09 03:09:13] [INFO] ============================================================
[2025-12-09 03:09:13] [INFO] Processing: Ogilvie Pizza (V3: 714, V1: 951)
[2025-12-09 03:09:13] [INFO] ============================================================
[2025-12-09 03:09:13] [INFO] Navigating to combo groups: https://menuadmin.menu.ca/?p=restaurants&display=editRestaurant&restaurant=951&load=comboGroups&showLang=en
[2025-12-09 03:09:14] [INFO] Page URL after navigation: https://menuadmin.menu.ca/?p=restaurants&display=editRestaurant&restaurant=951&load=comboGroups&showLang=en
[2025-12-09 03:09:14] [INFO] Page HTML length: 22192 bytes
[2025-12-09 03:09:14] [INFO] Saved page HTML to debug_page.html
[2025-12-09 03:09:14] [INFO] Found 'editGroupJS' in page HTML
[2025-12-09 03:09:14] [INFO] Found 0 combo groups
[2025-12-09 03:09:14] [INFO] No combo groups found for restaurant 714
[2025-12-09 03:09:14] [INFO] Results for Ogilvie Pizza:
[2025-12-09 03:09:14] [INFO]   - Combo Groups: 0
[2025-12-09 03:09:14] [INFO]   - Sections: 0
[2025-12-09 03:09:14] [INFO]   - Modifier Groups: 0
[2025-12-09 03:09:14] [INFO]   - Modifiers: 0
[2025-12-09 03:09:14] [INFO]   - Prices: 0
[2025-12-09 03:09:14] [INFO] ============================================================
[2025-12-09 03:09:14] [INFO] Processing: La Poutinerie Ogilvie (V3: 715, V1: 952)
[2025-12-09 03:09:14] [INFO] ============================================================
[2025-12-09 03:09:14] [INFO] Navigating to combo groups: https://menuadmin.menu.ca/?p=restaurants&display=editRestaurant&restaurant=952&load=comboGroups&showLang=en
[2025-12-09 03:09:16] [INFO] Page URL after navigation: https://menuadmin.menu.ca/?p=restaurants&display=editRestaurant&restaurant=952&load=comboGroups&showLang=en
[2025-12-09 03:09:16] [INFO] Page HTML length: 22192 bytes
[2025-12-09 03:09:16] [INFO] Saved page HTML to debug_page.html
[2025-12-09 03:09:16] [INFO] Found 'editGroupJS' in page HTML
[2025-12-09 03:09:16] [INFO] Found 0 combo groups
[2025-12-09 03:09:16] [INFO] No combo groups found for restaurant 715
[2025-12-09 03:09:16] [INFO] Results for La Poutinerie Ogilvie:
[2025-12-09 03:09:16] [INFO]   - Combo Groups: 0
[2025-12-09 03:09:16] [INFO]   - Sections: 0
[2025-12-09 03:09:16] [INFO]   - Modifier Groups: 0
[2025-12-09 03:09:16] [INFO]   - Modifiers: 0
[2025-12-09 03:09:16] [INFO]   - Prices: 0
[2025-12-09 03:09:16] [INFO] ============================================================
[2025-12-09 03:09:16] [INFO] Processing: PizzaRama (V3: 716, V1: 953)
[2025-12-09 03:09:16] [INFO] ============================================================
[2025-12-09 03:09:16] [INFO] Navigating to combo groups: https://menuadmin.menu.ca/?p=restaurants&display=editRestaurant&restaurant=953&load=comboGroups&showLang=en
[2025-12-09 03:09:17] [INFO] Page URL after navigation: https://menuadmin.menu.ca/?p=restaurants&display=editRestaurant&restaurant=953&load=comboGroups&showLang=en
[2025-12-09 03:09:17] [INFO] Page HTML length: 22192 bytes
[2025-12-09 03:09:17] [INFO] Saved page HTML to debug_page.html
[2025-12-09 03:09:17] [INFO] Found 'editGroupJS' in page HTML
[2025-12-09 03:09:17] [INFO] Found 0 combo groups
[2025-12-09 03:09:17] [INFO] No combo groups found for restaurant 716
[2025-12-09 03:09:17] [INFO] Results for PizzaRama:
[2025-12-09 03:09:17] [INFO]   - Combo Groups: 0
[2025-12-09 03:09:17] [INFO]   - Sections: 0
[2025-12-09 03:09:17] [INFO]   - Modifier Groups: 0
[2025-12-09 03:09:17] [INFO]   - Modifiers: 0
[2025-12-09 03:09:17] [INFO]   - Prices: 0
[2025-12-09 03:09:17] [INFO] ============================================================
[2025-12-09 03:09:17] [INFO] Processing: La Maison Pho (V3: 721, V1: 959)
[2025-12-09 03:09:17] [INFO] ============================================================
[2025-12-09 03:09:17] [INFO] Navigating to combo groups: https://menuadmin.menu.ca/?p=restaurants&display=editRestaurant&restaurant=959&load=comboGroups&showLang=en
[2025-12-09 03:09:18] [INFO] Page URL after navigation: https://menuadmin.menu.ca/?p=restaurants&display=editRestaurant&restaurant=959&load=comboGroups&showLang=en
[2025-12-09 03:09:18] [INFO] Page HTML length: 22192 bytes
[2025-12-09 03:09:18] [INFO] Saved page HTML to debug_page.html
[2025-12-09 03:09:18] [INFO] Found 'editGroupJS' in page HTML
[2025-12-09 03:09:18] [INFO] Found 0 combo groups
[2025-12-09 03:09:18] [INFO] No combo groups found for restaurant 721
[2025-12-09 03:09:18] [INFO] Results for La Maison Pho:
[2025-12-09 03:09:18] [INFO]   - Combo Groups: 0
[2025-12-09 03:09:18] [INFO]   - Sections: 0
[2025-12-09 03:09:18] [INFO]   - Modifier Groups: 0
[2025-12-09 03:09:18] [INFO]   - Modifiers: 0
[2025-12-09 03:09:18] [INFO]   - Prices: 0
[2025-12-09 03:09:18] [INFO] ============================================================
[2025-12-09 03:09:18] [INFO] Processing: Pizza Joanna (V3: 726, V1: 964)
[2025-12-09 03:09:18] [INFO] ============================================================
[2025-12-09 03:09:18] [INFO] Navigating to combo groups: https://menuadmin.menu.ca/?p=restaurants&display=editRestaurant&restaurant=964&load=comboGroups&showLang=en
[2025-12-09 03:09:21] [INFO] Page URL after navigation: https://menuadmin.menu.ca/?p=restaurants&display=editRestaurant&restaurant=964&load=comboGroups&showLang=en
[2025-12-09 03:09:21] [INFO] Page HTML length: 22192 bytes
[2025-12-09 03:09:21] [INFO] Saved page HTML to debug_page.html
[2025-12-09 03:09:21] [INFO] Found 'editGroupJS' in page HTML
[2025-12-09 03:09:21] [INFO] Found 0 combo groups
[2025-12-09 03:09:21] [INFO] No combo groups found for restaurant 726
[2025-12-09 03:09:21] [INFO] Results for Pizza Joanna:
[2025-12-09 03:09:21] [INFO]   - Combo Groups: 0
[2025-12-09 03:09:21] [INFO]   - Sections: 0
[2025-12-09 03:09:21] [INFO]   - Modifier Groups: 0
[2025-12-09 03:09:21] [INFO]   - Modifiers: 0
[2025-12-09 03:09:21] [INFO]   - Prices: 0
[2025-12-09 03:09:21] [INFO] ============================================================
[2025-12-09 03:09:21] [INFO] Processing: La Maison du Burger (V3: 727, V1: 965)
[2025-12-09 03:09:21] [INFO] ============================================================
[2025-12-09 03:09:21] [INFO] Navigating to combo groups: https://menuadmin.menu.ca/?p=restaurants&display=editRestaurant&restaurant=965&load=comboGroups&showLang=en
[2025-12-09 03:09:22] [INFO] Page URL after navigation: https://menuadmin.menu.ca/?p=restaurants&display=editRestaurant&restaurant=965&load=comboGroups&showLang=en
[2025-12-09 03:09:22] [INFO] Page HTML length: 22192 bytes
[2025-12-09 03:09:22] [INFO] Saved page HTML to debug_page.html
[2025-12-09 03:09:22] [INFO] Found 'editGroupJS' in page HTML
[2025-12-09 03:09:22] [INFO] Found 0 combo groups
[2025-12-09 03:09:22] [INFO] No combo groups found for restaurant 727
[2025-12-09 03:09:22] [INFO] Results for La Maison du Burger:
[2025-12-09 03:09:22] [INFO]   - Combo Groups: 0
[2025-12-09 03:09:22] [INFO]   - Sections: 0
[2025-12-09 03:09:22] [INFO]   - Modifier Groups: 0
[2025-12-09 03:09:22] [INFO]   - Modifiers: 0
[2025-12-09 03:09:22] [INFO]   - Prices: 0
[2025-12-09 03:09:22] [INFO] ============================================================
[2025-12-09 03:09:22] [INFO] Processing: Friendly Restaurant and Pizzeria (V3: 730, V1: 968)
[2025-12-09 03:09:22] [INFO] ============================================================
[2025-12-09 03:09:22] [INFO] Navigating to combo groups: https://menuadmin.menu.ca/?p=restaurants&display=editRestaurant&restaurant=968&load=comboGroups&showLang=en
[2025-12-09 03:09:23] [INFO] Page URL after navigation: https://menuadmin.menu.ca/?p=restaurants&display=editRestaurant&restaurant=968&load=comboGroups&showLang=en
[2025-12-09 03:09:23] [INFO] Page HTML length: 22192 bytes
[2025-12-09 03:09:23] [INFO] Saved page HTML to debug_page.html
[2025-12-09 03:09:23] [INFO] Found 'editGroupJS' in page HTML
[2025-12-09 03:09:23] [INFO] Found 0 combo groups
[2025-12-09 03:09:23] [INFO] No combo groups found for restaurant 730
[2025-12-09 03:09:23] [INFO] Results for Friendly Restaurant and Pizzeria:
[2025-12-09 03:09:23] [INFO]   - Combo Groups: 0
[2025-12-09 03:09:23] [INFO]   - Sections: 0
[2025-12-09 03:09:23] [INFO]   - Modifier Groups: 0
[2025-12-09 03:09:23] [INFO]   - Modifiers: 0
[2025-12-09 03:09:23] [INFO]   - Prices: 0
[2025-12-09 03:09:23] [INFO] ============================================================
[2025-12-09 03:09:23] [INFO] Processing: Amicci Pizza (V3: 735, V1: 973)
[2025-12-09 03:09:23] [INFO] ============================================================
[2025-12-09 03:09:23] [INFO] Navigating to combo groups: https://menuadmin.menu.ca/?p=restaurants&display=editRestaurant&restaurant=973&load=comboGroups&showLang=en
[2025-12-09 03:09:27] [INFO] Page URL after navigation: https://menuadmin.menu.ca/?p=restaurants&display=editRestaurant&restaurant=973&load=comboGroups&showLang=en
[2025-12-09 03:09:27] [INFO] Page HTML length: 22192 bytes
[2025-12-09 03:09:27] [INFO] Saved page HTML to debug_page.html
[2025-12-09 03:09:27] [INFO] Found 'editGroupJS' in page HTML
[2025-12-09 03:09:27] [INFO] Found 0 combo groups
[2025-12-09 03:09:27] [INFO] No combo groups found for restaurant 735
[2025-12-09 03:09:27] [INFO] Results for Amicci Pizza:
[2025-12-09 03:09:27] [INFO]   - Combo Groups: 0
[2025-12-09 03:09:27] [INFO]   - Sections: 0
[2025-12-09 03:09:27] [INFO]   - Modifier Groups: 0
[2025-12-09 03:09:27] [INFO]   - Modifiers: 0
[2025-12-09 03:09:27] [INFO]   - Prices: 0
[2025-12-09 03:09:27] [INFO] ============================================================
[2025-12-09 03:09:27] [INFO] Processing: Greber Pizza et Shawarma (V3: 736, V1: 974)
[2025-12-09 03:09:27] [INFO] ============================================================
[2025-12-09 03:09:27] [INFO] Navigating to combo groups: https://menuadmin.menu.ca/?p=restaurants&display=editRestaurant&restaurant=974&load=comboGroups&showLang=en
[2025-12-09 03:09:28] [INFO] Page URL after navigation: https://menuadmin.menu.ca/?p=restaurants&display=editRestaurant&restaurant=974&load=comboGroups&showLang=en
[2025-12-09 03:09:28] [INFO] Page HTML length: 22192 bytes
[2025-12-09 03:09:28] [INFO] Saved page HTML to debug_page.html
[2025-12-09 03:09:28] [INFO] Found 'editGroupJS' in page HTML
[2025-12-09 03:09:28] [INFO] Found 0 combo groups
[2025-12-09 03:09:28] [INFO] No combo groups found for restaurant 736
[2025-12-09 03:09:28] [INFO] Results for Greber Pizza et Shawarma:
[2025-12-09 03:09:28] [INFO]   - Combo Groups: 0
[2025-12-09 03:09:28] [INFO]   - Sections: 0
[2025-12-09 03:09:28] [INFO]   - Modifier Groups: 0
[2025-12-09 03:09:28] [INFO]   - Modifiers: 0
[2025-12-09 03:09:28] [INFO]   - Prices: 0
[2025-12-09 03:09:28] [INFO] ============================================================
[2025-12-09 03:09:28] [INFO] Processing: Sala Thai (V3: 745, V1: 983)
[2025-12-09 03:09:28] [INFO] ============================================================
[2025-12-09 03:09:28] [INFO] Navigating to combo groups: https://menuadmin.menu.ca/?p=restaurants&display=editRestaurant&restaurant=983&load=comboGroups&showLang=en
[2025-12-09 03:09:29] [INFO] Page URL after navigation: https://menuadmin.menu.ca/?p=restaurants&display=editRestaurant&restaurant=983&load=comboGroups&showLang=en
[2025-12-09 03:09:29] [INFO] Page HTML length: 22192 bytes
[2025-12-09 03:09:29] [INFO] Saved page HTML to debug_page.html
[2025-12-09 03:09:29] [INFO] Found 'editGroupJS' in page HTML
[2025-12-09 03:09:29] [INFO] Found 0 combo groups
[2025-12-09 03:09:29] [INFO] No combo groups found for restaurant 745
[2025-12-09 03:09:29] [INFO] Results for Sala Thai:
[2025-12-09 03:09:29] [INFO]   - Combo Groups: 0
[2025-12-09 03:09:29] [INFO]   - Sections: 0
[2025-12-09 03:09:29] [INFO]   - Modifier Groups: 0
[2025-12-09 03:09:29] [INFO]   - Modifiers: 0
[2025-12-09 03:09:29] [INFO]   - Prices: 0
[2025-12-09 03:09:29] [INFO] ============================================================
[2025-12-09 03:09:29] [INFO] Processing: Milano (V3: 749, V1: 987)
[2025-12-09 03:09:29] [INFO] ============================================================
[2025-12-09 03:09:29] [INFO] Navigating to combo groups: https://menuadmin.menu.ca/?p=restaurants&display=editRestaurant&restaurant=987&load=comboGroups&showLang=en
[2025-12-09 03:09:31] [INFO] Page URL after navigation: https://menuadmin.menu.ca/?p=restaurants&display=editRestaurant&restaurant=987&load=comboGroups&showLang=en
[2025-12-09 03:09:31] [INFO] Page HTML length: 22192 bytes
[2025-12-09 03:09:31] [INFO] Saved page HTML to debug_page.html
[2025-12-09 03:09:31] [INFO] Found 'editGroupJS' in page HTML
[2025-12-09 03:09:31] [INFO] Found 0 combo groups
[2025-12-09 03:09:31] [INFO] No combo groups found for restaurant 749
[2025-12-09 03:09:31] [INFO] Results for Milano:
[2025-12-09 03:09:31] [INFO]   - Combo Groups: 0
[2025-12-09 03:09:31] [INFO]   - Sections: 0
[2025-12-09 03:09:31] [INFO]   - Modifier Groups: 0
[2025-12-09 03:09:31] [INFO]   - Modifiers: 0
[2025-12-09 03:09:31] [INFO]   - Prices: 0
[2025-12-09 03:09:31] [INFO] ============================================================
[2025-12-09 03:09:31] [INFO] Processing: Milano (V3: 751, V1: 989)
[2025-12-09 03:09:31] [INFO] ============================================================
[2025-12-09 03:09:31] [INFO] Navigating to combo groups: https://menuadmin.menu.ca/?p=restaurants&display=editRestaurant&restaurant=989&load=comboGroups&showLang=en
[2025-12-09 03:09:32] [INFO] Page URL after navigation: https://menuadmin.menu.ca/?p=restaurants&display=editRestaurant&restaurant=989&load=comboGroups&showLang=en
[2025-12-09 03:09:32] [INFO] Page HTML length: 22192 bytes
[2025-12-09 03:09:32] [INFO] Saved page HTML to debug_page.html
[2025-12-09 03:09:32] [INFO] Found 'editGroupJS' in page HTML
[2025-12-09 03:09:32] [INFO] Found 0 combo groups
[2025-12-09 03:09:32] [INFO] No combo groups found for restaurant 751
[2025-12-09 03:09:32] [INFO] Results for Milano:
[2025-12-09 03:09:32] [INFO]   - Combo Groups: 0
[2025-12-09 03:09:32] [INFO]   - Sections: 0
[2025-12-09 03:09:32] [INFO]   - Modifier Groups: 0
[2025-12-09 03:09:32] [INFO]   - Modifiers: 0
[2025-12-09 03:09:32] [INFO]   - Prices: 0
[2025-12-09 03:09:32] [INFO] ============================================================
[2025-12-09 03:09:32] [INFO] Processing: Little Gyros Greek Grill (V3: 756, V1: 998)
[2025-12-09 03:09:32] [INFO] ============================================================
[2025-12-09 03:09:32] [INFO] Navigating to combo groups: https://menuadmin.menu.ca/?p=restaurants&display=editRestaurant&restaurant=998&load=comboGroups&showLang=en
[2025-12-09 03:09:35] [INFO] Page URL after navigation: https://menuadmin.menu.ca/?p=restaurants&display=editRestaurant&restaurant=998&load=comboGroups&showLang=en
[2025-12-09 03:09:35] [INFO] Page HTML length: 22192 bytes
[2025-12-09 03:09:35] [INFO] Saved page HTML to debug_page.html
[2025-12-09 03:09:35] [INFO] Found 'editGroupJS' in page HTML
[2025-12-09 03:09:35] [INFO] Found 0 combo groups
[2025-12-09 03:09:35] [INFO] No combo groups found for restaurant 756
[2025-12-09 03:09:35] [INFO] Results for Little Gyros Greek Grill:
[2025-12-09 03:09:35] [INFO]   - Combo Groups: 0
[2025-12-09 03:09:35] [INFO]   - Sections: 0
[2025-12-09 03:09:35] [INFO]   - Modifier Groups: 0
[2025-12-09 03:09:35] [INFO]   - Modifiers: 0
[2025-12-09 03:09:35] [INFO]   - Prices: 0
[2025-12-09 03:09:35] [INFO] ============================================================
[2025-12-09 03:09:35] [INFO] Processing: Colonnade Pizza (V3: 783, V1: 1025)
[2025-12-09 03:09:35] [INFO] ============================================================
[2025-12-09 03:09:35] [INFO] Navigating to combo groups: https://menuadmin.menu.ca/?p=restaurants&display=editRestaurant&restaurant=1025&load=comboGroups&showLang=en
[2025-12-09 03:09:36] [INFO] Page URL after navigation: https://menuadmin.menu.ca/?p=restaurants&display=editRestaurant&restaurant=1025&load=comboGroups&showLang=en
[2025-12-09 03:09:36] [INFO] Page HTML length: 22210 bytes
[2025-12-09 03:09:36] [INFO] Saved page HTML to debug_page.html
[2025-12-09 03:09:36] [INFO] Found 'editGroupJS' in page HTML
[2025-12-09 03:09:36] [INFO] Found 0 combo groups
[2025-12-09 03:09:36] [INFO] No combo groups found for restaurant 783
[2025-12-09 03:09:36] [INFO] Results for Colonnade Pizza:
[2025-12-09 03:09:36] [INFO]   - Combo Groups: 0
[2025-12-09 03:09:36] [INFO]   - Sections: 0
[2025-12-09 03:09:36] [INFO]   - Modifier Groups: 0
[2025-12-09 03:09:36] [INFO]   - Modifiers: 0
[2025-12-09 03:09:36] [INFO]   - Prices: 0
[2025-12-09 03:09:36] [INFO] ============================================================
[2025-12-09 03:09:36] [INFO] Processing: Colonnade Pizza (V3: 784, V1: 1027)
[2025-12-09 03:09:36] [INFO] ============================================================
[2025-12-09 03:09:36] [INFO] Navigating to combo groups: https://menuadmin.menu.ca/?p=restaurants&display=editRestaurant&restaurant=1027&load=comboGroups&showLang=en
[2025-12-09 03:09:37] [INFO] Page URL after navigation: https://menuadmin.menu.ca/?p=restaurants&display=editRestaurant&restaurant=1027&load=comboGroups&showLang=en
[2025-12-09 03:09:37] [INFO] Page HTML length: 22210 bytes
[2025-12-09 03:09:37] [INFO] Saved page HTML to debug_page.html
[2025-12-09 03:09:37] [INFO] Found 'editGroupJS' in page HTML
[2025-12-09 03:09:37] [INFO] Found 0 combo groups
[2025-12-09 03:09:37] [INFO] No combo groups found for restaurant 784
[2025-12-09 03:09:37] [INFO] Results for Colonnade Pizza:
[2025-12-09 03:09:37] [INFO]   - Combo Groups: 0
[2025-12-09 03:09:37] [INFO]   - Sections: 0
[2025-12-09 03:09:37] [INFO]   - Modifier Groups: 0
[2025-12-09 03:09:37] [INFO]   - Modifiers: 0
[2025-12-09 03:09:37] [INFO]   - Prices: 0
[2025-12-09 03:09:37] [INFO] ============================================================
[2025-12-09 03:09:37] [INFO] Processing: Colonnade Pizza (V3: 785, V1: 1028)
[2025-12-09 03:09:37] [INFO] ============================================================
[2025-12-09 03:09:37] [INFO] Navigating to combo groups: https://menuadmin.menu.ca/?p=restaurants&display=editRestaurant&restaurant=1028&load=comboGroups&showLang=en
[2025-12-09 03:09:38] [INFO] Page URL after navigation: https://menuadmin.menu.ca/?p=restaurants&display=editRestaurant&restaurant=1028&load=comboGroups&showLang=en
[2025-12-09 03:09:38] [INFO] Page HTML length: 22210 bytes
[2025-12-09 03:09:38] [INFO] Saved page HTML to debug_page.html
[2025-12-09 03:09:38] [INFO] Found 'editGroupJS' in page HTML
[2025-12-09 03:09:38] [INFO] Found 0 combo groups
[2025-12-09 03:09:38] [INFO] No combo groups found for restaurant 785
[2025-12-09 03:09:38] [INFO] Results for Colonnade Pizza:
[2025-12-09 03:09:38] [INFO]   - Combo Groups: 0
[2025-12-09 03:09:38] [INFO]   - Sections: 0
[2025-12-09 03:09:38] [INFO]   - Modifier Groups: 0
[2025-12-09 03:09:38] [INFO]   - Modifiers: 0
[2025-12-09 03:09:38] [INFO]   - Prices: 0
[2025-12-09 03:09:38] [INFO] ============================================================
[2025-12-09 03:09:38] [INFO] Processing: Poutinerie Quï¿½becurds Hull (V3: 789, V1: 1032)
[2025-12-09 03:09:38] [INFO] ============================================================
[2025-12-09 03:09:38] [INFO] Navigating to combo groups: https://menuadmin.menu.ca/?p=restaurants&display=editRestaurant&restaurant=1032&load=comboGroups&showLang=en
[2025-12-09 03:09:40] [INFO] Page URL after navigation: https://menuadmin.menu.ca/?p=restaurants&display=editRestaurant&restaurant=1032&load=comboGroups&showLang=en
[2025-12-09 03:09:40] [INFO] Page HTML length: 22210 bytes
[2025-12-09 03:09:40] [INFO] Saved page HTML to debug_page.html
[2025-12-09 03:09:40] [INFO] Found 'editGroupJS' in page HTML
[2025-12-09 03:09:40] [INFO] Found 0 combo groups
[2025-12-09 03:09:40] [INFO] No combo groups found for restaurant 789
[2025-12-09 03:09:40] [INFO] Results for Poutinerie Quï¿½becurds Hull:
[2025-12-09 03:09:40] [INFO]   - Combo Groups: 0
[2025-12-09 03:09:40] [INFO]   - Sections: 0
[2025-12-09 03:09:40] [INFO]   - Modifier Groups: 0
[2025-12-09 03:09:40] [INFO]   - Modifiers: 0
[2025-12-09 03:09:40] [INFO]   - Prices: 0
[2025-12-09 03:09:40] [INFO] ============================================================
[2025-12-09 03:09:40] [INFO] Processing: Nachos Loco Hull (V3: 790, V1: 1033)
[2025-12-09 03:09:40] [INFO] ============================================================
[2025-12-09 03:09:40] [INFO] Navigating to combo groups: https://menuadmin.menu.ca/?p=restaurants&display=editRestaurant&restaurant=1033&load=comboGroups&showLang=en
[2025-12-09 03:09:41] [INFO] Page URL after navigation: https://menuadmin.menu.ca/?p=restaurants&display=editRestaurant&restaurant=1033&load=comboGroups&showLang=en
[2025-12-09 03:09:41] [INFO] Page HTML length: 22210 bytes
[2025-12-09 03:09:41] [INFO] Saved page HTML to debug_page.html
[2025-12-09 03:09:41] [INFO] Found 'editGroupJS' in page HTML
[2025-12-09 03:09:41] [INFO] Found 0 combo groups
[2025-12-09 03:09:41] [INFO] No combo groups found for restaurant 790
[2025-12-09 03:09:41] [INFO] Results for Nachos Loco Hull:
[2025-12-09 03:09:41] [INFO]   - Combo Groups: 0
[2025-12-09 03:09:41] [INFO]   - Sections: 0
[2025-12-09 03:09:41] [INFO]   - Modifier Groups: 0
[2025-12-09 03:09:41] [INFO]   - Modifiers: 0
[2025-12-09 03:09:41] [INFO]   - Prices: 0
[2025-12-09 03:09:41] [INFO] ============================================================
[2025-12-09 03:09:41] [INFO] Processing: Dumpling Bowl (V3: 792, V1: 1035)
[2025-12-09 03:09:41] [INFO] ============================================================
[2025-12-09 03:09:41] [INFO] Navigating to combo groups: https://menuadmin.menu.ca/?p=restaurants&display=editRestaurant&restaurant=1035&load=comboGroups&showLang=en
[2025-12-09 03:09:42] [INFO] Page URL after navigation: https://menuadmin.menu.ca/?p=restaurants&display=editRestaurant&restaurant=1035&load=comboGroups&showLang=en
[2025-12-09 03:09:42] [INFO] Page HTML length: 22210 bytes
[2025-12-09 03:09:42] [INFO] Saved page HTML to debug_page.html
[2025-12-09 03:09:42] [INFO] Found 'editGroupJS' in page HTML
[2025-12-09 03:09:42] [INFO] Found 0 combo groups
[2025-12-09 03:09:42] [INFO] No combo groups found for restaurant 792
[2025-12-09 03:09:42] [INFO] Results for Dumpling Bowl:
[2025-12-09 03:09:42] [INFO]   - Combo Groups: 0
[2025-12-09 03:09:42] [INFO]   - Sections: 0
[2025-12-09 03:09:42] [INFO]   - Modifier Groups: 0
[2025-12-09 03:09:42] [INFO]   - Modifiers: 0
[2025-12-09 03:09:42] [INFO]   - Prices: 0
[2025-12-09 03:09:42] [INFO] ============================================================
[2025-12-09 03:09:42] [INFO] Processing: Papa Pizza Chem. de Masson (V3: 795, V1: 1039)
[2025-12-09 03:09:42] [INFO] ============================================================
[2025-12-09 03:09:42] [INFO] Navigating to combo groups: https://menuadmin.menu.ca/?p=restaurants&display=editRestaurant&restaurant=1039&load=comboGroups&showLang=en
[2025-12-09 03:09:49] [INFO] Page URL after navigation: https://menuadmin.menu.ca/?p=restaurants&display=editRestaurant&restaurant=1039&load=comboGroups&showLang=en
[2025-12-09 03:09:49] [INFO] Page HTML length: 22210 bytes
[2025-12-09 03:09:49] [INFO] Saved page HTML to debug_page.html
[2025-12-09 03:09:49] [INFO] Found 'editGroupJS' in page HTML
[2025-12-09 03:09:49] [INFO] Found 0 combo groups
[2025-12-09 03:09:49] [INFO] No combo groups found for restaurant 795
[2025-12-09 03:09:49] [INFO] Results for Papa Pizza Chem. de Masson:
[2025-12-09 03:09:49] [INFO]   - Combo Groups: 0
[2025-12-09 03:09:49] [INFO]   - Sections: 0
[2025-12-09 03:09:49] [INFO]   - Modifier Groups: 0
[2025-12-09 03:09:49] [INFO]   - Modifiers: 0
[2025-12-09 03:09:49] [INFO]   - Prices: 0
[2025-12-09 03:09:49] [INFO] ============================================================
[2025-12-09 03:09:49] [INFO] Processing: Papa Burger (V3: 797, V1: 1041)
[2025-12-09 03:09:49] [INFO] ============================================================
[2025-12-09 03:09:49] [INFO] Navigating to combo groups: https://menuadmin.menu.ca/?p=restaurants&display=editRestaurant&restaurant=1041&load=comboGroups&showLang=en
[2025-12-09 03:10:00] [INFO] Page URL after navigation: https://menuadmin.menu.ca/?p=restaurants&display=editRestaurant&restaurant=1041&load=comboGroups&showLang=en
[2025-12-09 03:10:00] [INFO] Page HTML length: 22210 bytes
[2025-12-09 03:10:00] [INFO] Saved page HTML to debug_page.html
[2025-12-09 03:10:00] [INFO] Found 'editGroupJS' in page HTML
[2025-12-09 03:10:00] [INFO] Found 0 combo groups
[2025-12-09 03:10:00] [INFO] No combo groups found for restaurant 797
[2025-12-09 03:10:00] [INFO] Results for Papa Burger:
[2025-12-09 03:10:00] [INFO]   - Combo Groups: 0
[2025-12-09 03:10:00] [INFO]   - Sections: 0
[2025-12-09 03:10:00] [INFO]   - Modifier Groups: 0
[2025-12-09 03:10:00] [INFO]   - Modifiers: 0
[2025-12-09 03:10:00] [INFO]   - Prices: 0
[2025-12-09 03:10:00] [INFO] ============================================================
[2025-12-09 03:10:00] [INFO] Processing: Kabylie Pizza (V3: 798, V1: 1042)
[2025-12-09 03:10:00] [INFO] ============================================================
[2025-12-09 03:10:00] [INFO] Navigating to combo groups: https://menuadmin.menu.ca/?p=restaurants&display=editRestaurant&restaurant=1042&load=comboGroups&showLang=en
[2025-12-09 03:10:02] [INFO] Page URL after navigation: https://menuadmin.menu.ca/?p=restaurants&display=editRestaurant&restaurant=1042&load=comboGroups&showLang=en
[2025-12-09 03:10:02] [INFO] Page HTML length: 22210 bytes
[2025-12-09 03:10:02] [INFO] Saved page HTML to debug_page.html
[2025-12-09 03:10:02] [INFO] Found 'editGroupJS' in page HTML
[2025-12-09 03:10:02] [INFO] Found 0 combo groups
[2025-12-09 03:10:02] [INFO] No combo groups found for restaurant 798
[2025-12-09 03:10:02] [INFO] Results for Kabylie Pizza:
[2025-12-09 03:10:02] [INFO]   - Combo Groups: 0
[2025-12-09 03:10:02] [INFO]   - Sections: 0
[2025-12-09 03:10:02] [INFO]   - Modifier Groups: 0
[2025-12-09 03:10:02] [INFO]   - Modifiers: 0
[2025-12-09 03:10:02] [INFO]   - Prices: 0
[2025-12-09 03:10:02] [INFO] ============================================================
[2025-12-09 03:10:02] [INFO] Processing: Nachos Loco Gatineau (V3: 801, V1: 1045)
[2025-12-09 03:10:02] [INFO] ============================================================
[2025-12-09 03:10:02] [INFO] Navigating to combo groups: https://menuadmin.menu.ca/?p=restaurants&display=editRestaurant&restaurant=1045&load=comboGroups&showLang=en
[2025-12-09 03:10:03] [INFO] Page URL after navigation: https://menuadmin.menu.ca/?p=restaurants&display=editRestaurant&restaurant=1045&load=comboGroups&showLang=en
[2025-12-09 03:10:03] [INFO] Page HTML length: 22210 bytes
[2025-12-09 03:10:03] [INFO] Saved page HTML to debug_page.html
[2025-12-09 03:10:03] [INFO] Found 'editGroupJS' in page HTML
[2025-12-09 03:10:03] [INFO] Found 0 combo groups
[2025-12-09 03:10:03] [INFO] No combo groups found for restaurant 801
[2025-12-09 03:10:03] [INFO] Results for Nachos Loco Gatineau:
[2025-12-09 03:10:03] [INFO]   - Combo Groups: 0
[2025-12-09 03:10:03] [INFO]   - Sections: 0
[2025-12-09 03:10:03] [INFO]   - Modifier Groups: 0
[2025-12-09 03:10:03] [INFO]   - Modifiers: 0
[2025-12-09 03:10:03] [INFO]   - Prices: 0
[2025-12-09 03:10:03] [INFO] ============================================================
[2025-12-09 03:10:03] [INFO] Processing: Crispy's Bank Street (V3: 806, V1: 1050)
[2025-12-09 03:10:03] [INFO] ============================================================
[2025-12-09 03:10:03] [INFO] Navigating to combo groups: https://menuadmin.menu.ca/?p=restaurants&display=editRestaurant&restaurant=1050&load=comboGroups&showLang=en
[2025-12-09 03:10:04] [INFO] Page URL after navigation: https://menuadmin.menu.ca/?p=restaurants&display=editRestaurant&restaurant=1050&load=comboGroups&showLang=en
[2025-12-09 03:10:04] [INFO] Page HTML length: 22210 bytes
[2025-12-09 03:10:04] [INFO] Saved page HTML to debug_page.html
[2025-12-09 03:10:04] [INFO] Found 'editGroupJS' in page HTML
[2025-12-09 03:10:04] [INFO] Found 0 combo groups
[2025-12-09 03:10:04] [INFO] No combo groups found for restaurant 806
[2025-12-09 03:10:04] [INFO] Results for Crispy's Bank Street:
[2025-12-09 03:10:04] [INFO]   - Combo Groups: 0
[2025-12-09 03:10:04] [INFO]   - Sections: 0
[2025-12-09 03:10:04] [INFO]   - Modifier Groups: 0
[2025-12-09 03:10:04] [INFO]   - Modifiers: 0
[2025-12-09 03:10:04] [INFO]   - Prices: 0
[2025-12-09 03:10:04] [INFO] ============================================================
[2025-12-09 03:10:04] [INFO] Processing: Oh My Grill (V3: 807, V1: 1051)
[2025-12-09 03:10:04] [INFO] ============================================================
[2025-12-09 03:10:04] [INFO] Navigating to combo groups: https://menuadmin.menu.ca/?p=restaurants&display=editRestaurant&restaurant=1051&load=comboGroups&showLang=en
[2025-12-09 03:10:06] [INFO] Page URL after navigation: https://menuadmin.menu.ca/?p=restaurants&display=editRestaurant&restaurant=1051&load=comboGroups&showLang=en
[2025-12-09 03:10:06] [INFO] Page HTML length: 22210 bytes
[2025-12-09 03:10:06] [INFO] Saved page HTML to debug_page.html
[2025-12-09 03:10:06] [INFO] Found 'editGroupJS' in page HTML
[2025-12-09 03:10:06] [INFO] Found 0 combo groups
[2025-12-09 03:10:06] [INFO] No combo groups found for restaurant 807
[2025-12-09 03:10:06] [INFO] Results for Oh My Grill:
[2025-12-09 03:10:06] [INFO]   - Combo Groups: 0
[2025-12-09 03:10:06] [INFO]   - Sections: 0
[2025-12-09 03:10:06] [INFO]   - Modifier Groups: 0
[2025-12-09 03:10:06] [INFO]   - Modifiers: 0
[2025-12-09 03:10:06] [INFO]   - Prices: 0
[2025-12-09 03:10:06] [INFO] ============================================================
[2025-12-09 03:10:06] [INFO] Processing: Papa Grecque Cantley (V3: 810, V1: 1054)
[2025-12-09 03:10:06] [INFO] ============================================================
[2025-12-09 03:10:06] [INFO] Navigating to combo groups: https://menuadmin.menu.ca/?p=restaurants&display=editRestaurant&restaurant=1054&load=comboGroups&showLang=en
[2025-12-09 03:10:07] [INFO] Page URL after navigation: https://menuadmin.menu.ca/?p=restaurants&display=editRestaurant&restaurant=1054&load=comboGroups&showLang=en
[2025-12-09 03:10:07] [INFO] Page HTML length: 22210 bytes
[2025-12-09 03:10:07] [INFO] Saved page HTML to debug_page.html
[2025-12-09 03:10:07] [INFO] Found 'editGroupJS' in page HTML
[2025-12-09 03:10:07] [INFO] Found 0 combo groups
[2025-12-09 03:10:07] [INFO] No combo groups found for restaurant 810
[2025-12-09 03:10:07] [INFO] Results for Papa Grecque Cantley:
[2025-12-09 03:10:07] [INFO]   - Combo Groups: 0
[2025-12-09 03:10:07] [INFO]   - Sections: 0
[2025-12-09 03:10:07] [INFO]   - Modifier Groups: 0
[2025-12-09 03:10:07] [INFO]   - Modifiers: 0
[2025-12-09 03:10:07] [INFO]   - Prices: 0
[2025-12-09 03:10:07] [INFO] ============================================================
[2025-12-09 03:10:07] [INFO] Processing: Golden Center Pizza (V3: 815, V1: 1059)
[2025-12-09 03:10:07] [INFO] ============================================================
[2025-12-09 03:10:07] [INFO] Navigating to combo groups: https://menuadmin.menu.ca/?p=restaurants&display=editRestaurant&restaurant=1059&load=comboGroups&showLang=en
[2025-12-09 03:10:08] [INFO] Page URL after navigation: https://menuadmin.menu.ca/?p=restaurants&display=editRestaurant&restaurant=1059&load=comboGroups&showLang=en
[2025-12-09 03:10:08] [INFO] Page HTML length: 22210 bytes
[2025-12-09 03:10:08] [INFO] Saved page HTML to debug_page.html
[2025-12-09 03:10:08] [INFO] Found 'editGroupJS' in page HTML
[2025-12-09 03:10:08] [INFO] Found 0 combo groups
[2025-12-09 03:10:08] [INFO] No combo groups found for restaurant 815
[2025-12-09 03:10:08] [INFO] Results for Golden Center Pizza:
[2025-12-09 03:10:08] [INFO]   - Combo Groups: 0
[2025-12-09 03:10:08] [INFO]   - Sections: 0
[2025-12-09 03:10:08] [INFO]   - Modifier Groups: 0
[2025-12-09 03:10:08] [INFO]   - Modifiers: 0
[2025-12-09 03:10:08] [INFO]   - Prices: 0
[2025-12-09 03:10:08] [INFO] ============================================================
[2025-12-09 03:10:08] [INFO] Processing: Dï¿½panneur Gï¿½nï¿½reux (V3: 816, V1: 1060)
[2025-12-09 03:10:08] [INFO] ============================================================
[2025-12-09 03:10:08] [INFO] Navigating to combo groups: https://menuadmin.menu.ca/?p=restaurants&display=editRestaurant&restaurant=1060&load=comboGroups&showLang=en
[2025-12-09 03:10:09] [INFO] Page URL after navigation: https://menuadmin.menu.ca/?p=restaurants&display=editRestaurant&restaurant=1060&load=comboGroups&showLang=en
[2025-12-09 03:10:09] [INFO] Page HTML length: 22210 bytes
[2025-12-09 03:10:09] [INFO] Saved page HTML to debug_page.html
[2025-12-09 03:10:09] [INFO] Found 'editGroupJS' in page HTML
[2025-12-09 03:10:09] [INFO] Found 0 combo groups
[2025-12-09 03:10:09] [INFO] No combo groups found for restaurant 816
[2025-12-09 03:10:09] [INFO] Results for Dï¿½panneur Gï¿½nï¿½reux:
[2025-12-09 03:10:09] [INFO]   - Combo Groups: 0
[2025-12-09 03:10:09] [INFO]   - Sections: 0
[2025-12-09 03:10:09] [INFO]   - Modifier Groups: 0
[2025-12-09 03:10:09] [INFO]   - Modifiers: 0
[2025-12-09 03:10:09] [INFO]   - Prices: 0
[2025-12-09 03:10:09] [INFO] ============================================================
[2025-12-09 03:10:09] [INFO] Processing: Milano (V3: 818, V1: 1062)
[2025-12-09 03:10:09] [INFO] ============================================================
[2025-12-09 03:10:09] [INFO] Navigating to combo groups: https://menuadmin.menu.ca/?p=restaurants&display=editRestaurant&restaurant=1062&load=comboGroups&showLang=en
[2025-12-09 03:10:11] [INFO] Page URL after navigation: https://menuadmin.menu.ca/?p=restaurants&display=editRestaurant&restaurant=1062&load=comboGroups&showLang=en
[2025-12-09 03:10:11] [INFO] Page HTML length: 22210 bytes
[2025-12-09 03:10:11] [INFO] Saved page HTML to debug_page.html
[2025-12-09 03:10:11] [INFO] Found 'editGroupJS' in page HTML
[2025-12-09 03:10:11] [INFO] Found 0 combo groups
[2025-12-09 03:10:11] [INFO] No combo groups found for restaurant 818
[2025-12-09 03:10:11] [INFO] Results for Milano:
[2025-12-09 03:10:11] [INFO]   - Combo Groups: 0
[2025-12-09 03:10:11] [INFO]   - Sections: 0
[2025-12-09 03:10:11] [INFO]   - Modifier Groups: 0
[2025-12-09 03:10:11] [INFO]   - Modifiers: 0
[2025-12-09 03:10:11] [INFO]   - Prices: 0
[2025-12-09 03:10:11] [INFO] ============================================================
[2025-12-09 03:10:11] [INFO] Processing: Milano (V3: 819, V1: 1063)
[2025-12-09 03:10:11] [INFO] ============================================================
[2025-12-09 03:10:11] [INFO] Navigating to combo groups: https://menuadmin.menu.ca/?p=restaurants&display=editRestaurant&restaurant=1063&load=comboGroups&showLang=en
[2025-12-09 03:10:14] [INFO] Page URL after navigation: https://menuadmin.menu.ca/?p=restaurants&display=editRestaurant&restaurant=1063&load=comboGroups&showLang=en
[2025-12-09 03:10:14] [INFO] Page HTML length: 22210 bytes
[2025-12-09 03:10:14] [INFO] Saved page HTML to debug_page.html
[2025-12-09 03:10:14] [INFO] Found 'editGroupJS' in page HTML
[2025-12-09 03:10:14] [INFO] Found 0 combo groups
[2025-12-09 03:10:14] [INFO] No combo groups found for restaurant 819
[2025-12-09 03:10:14] [INFO] Results for Milano:
[2025-12-09 03:10:14] [INFO]   - Combo Groups: 0
[2025-12-09 03:10:14] [INFO]   - Sections: 0
[2025-12-09 03:10:14] [INFO]   - Modifier Groups: 0
[2025-12-09 03:10:14] [INFO]   - Modifiers: 0
[2025-12-09 03:10:14] [INFO]   - Prices: 0
[2025-12-09 03:10:14] [INFO] ============================================================
[2025-12-09 03:10:14] [INFO] Processing: Vieux Hull Pizza (V3: 820, V1: 1064)
[2025-12-09 03:10:14] [INFO] ============================================================
[2025-12-09 03:10:14] [INFO] Navigating to combo groups: https://menuadmin.menu.ca/?p=restaurants&display=editRestaurant&restaurant=1064&load=comboGroups&showLang=en
[2025-12-09 03:10:15] [INFO] Page URL after navigation: https://menuadmin.menu.ca/?p=restaurants&display=editRestaurant&restaurant=1064&load=comboGroups&showLang=en
[2025-12-09 03:10:15] [INFO] Page HTML length: 36547 bytes
[2025-12-09 03:10:15] [INFO] Saved page HTML to debug_page.html
[2025-12-09 03:10:15] [INFO] Found 'editGroupJS' in page HTML
[2025-12-09 03:10:15] [INFO] Found 0 combo groups
[2025-12-09 03:10:15] [INFO] No combo groups found for restaurant 820
[2025-12-09 03:10:15] [INFO] Results for Vieux Hull Pizza:
[2025-12-09 03:10:15] [INFO]   - Combo Groups: 0
[2025-12-09 03:10:15] [INFO]   - Sections: 0
[2025-12-09 03:10:15] [INFO]   - Modifier Groups: 0
[2025-12-09 03:10:15] [INFO]   - Modifiers: 0
[2025-12-09 03:10:15] [INFO]   - Prices: 0
[2025-12-09 03:10:15] [INFO] ============================================================
[2025-12-09 03:10:15] [INFO] Processing: Milano (V3: 821, V1: 1065)
[2025-12-09 03:10:15] [INFO] ============================================================
[2025-12-09 03:10:15] [INFO] Navigating to combo groups: https://menuadmin.menu.ca/?p=restaurants&display=editRestaurant&restaurant=1065&load=comboGroups&showLang=en
[2025-12-09 03:10:16] [INFO] Page URL after navigation: https://menuadmin.menu.ca/?p=restaurants&display=editRestaurant&restaurant=1065&load=comboGroups&showLang=en
[2025-12-09 03:10:16] [INFO] Page HTML length: 22210 bytes
[2025-12-09 03:10:16] [INFO] Saved page HTML to debug_page.html
[2025-12-09 03:10:16] [INFO] Found 'editGroupJS' in page HTML
[2025-12-09 03:10:16] [INFO] Found 0 combo groups
[2025-12-09 03:10:16] [INFO] No combo groups found for restaurant 821
[2025-12-09 03:10:16] [INFO] Results for Milano:
[2025-12-09 03:10:16] [INFO]   - Combo Groups: 0
[2025-12-09 03:10:16] [INFO]   - Sections: 0
[2025-12-09 03:10:16] [INFO]   - Modifier Groups: 0
[2025-12-09 03:10:16] [INFO]   - Modifiers: 0
[2025-12-09 03:10:16] [INFO]   - Prices: 0
[2025-12-09 03:10:16] [INFO] ============================================================
[2025-12-09 03:10:16] [INFO] Processing: Papa Burger Maloney (V3: 822, V1: 1066)
[2025-12-09 03:10:16] [INFO] ============================================================
[2025-12-09 03:10:16] [INFO] Navigating to combo groups: https://menuadmin.menu.ca/?p=restaurants&display=editRestaurant&restaurant=1066&load=comboGroups&showLang=en
[2025-12-09 03:10:18] [INFO] Page URL after navigation: https://menuadmin.menu.ca/?p=restaurants&display=editRestaurant&restaurant=1066&load=comboGroups&showLang=en
[2025-12-09 03:10:18] [INFO] Page HTML length: 22210 bytes
[2025-12-09 03:10:18] [INFO] Saved page HTML to debug_page.html
[2025-12-09 03:10:18] [INFO] Found 'editGroupJS' in page HTML
[2025-12-09 03:10:18] [INFO] Found 0 combo groups
[2025-12-09 03:10:18] [INFO] No combo groups found for restaurant 822
[2025-12-09 03:10:18] [INFO] Results for Papa Burger Maloney:
[2025-12-09 03:10:18] [INFO]   - Combo Groups: 0
[2025-12-09 03:10:18] [INFO]   - Sections: 0
[2025-12-09 03:10:18] [INFO]   - Modifier Groups: 0
[2025-12-09 03:10:18] [INFO]   - Modifiers: 0
[2025-12-09 03:10:18] [INFO]   - Prices: 0
[2025-12-09 03:10:18] [INFO] ============================================================
[2025-12-09 03:10:18] [INFO] Processing: Prima Pizza (V3: 824, V1: 1069)
[2025-12-09 03:10:18] [INFO] ============================================================
[2025-12-09 03:10:18] [INFO] Navigating to combo groups: https://menuadmin.menu.ca/?p=restaurants&display=editRestaurant&restaurant=1069&load=comboGroups&showLang=en
[2025-12-09 03:10:19] [INFO] Page URL after navigation: https://menuadmin.menu.ca/?p=restaurants&display=editRestaurant&restaurant=1069&load=comboGroups&showLang=en
[2025-12-09 03:10:19] [INFO] Page HTML length: 22210 bytes
[2025-12-09 03:10:19] [INFO] Saved page HTML to debug_page.html
[2025-12-09 03:10:19] [INFO] Found 'editGroupJS' in page HTML
[2025-12-09 03:10:19] [INFO] Found 0 combo groups
[2025-12-09 03:10:19] [INFO] No combo groups found for restaurant 824
[2025-12-09 03:10:19] [INFO] Results for Prima Pizza:
[2025-12-09 03:10:19] [INFO]   - Combo Groups: 0
[2025-12-09 03:10:19] [INFO]   - Sections: 0
[2025-12-09 03:10:19] [INFO]   - Modifier Groups: 0
[2025-12-09 03:10:19] [INFO]   - Modifiers: 0
[2025-12-09 03:10:19] [INFO]   - Prices: 0
[2025-12-09 03:10:19] [INFO] ============================================================
[2025-12-09 03:10:19] [INFO] Processing: La Nawab V2 (V3: 825, V1: 1070)
[2025-12-09 03:10:19] [INFO] ============================================================
[2025-12-09 03:10:19] [INFO] Navigating to combo groups: https://menuadmin.menu.ca/?p=restaurants&display=editRestaurant&restaurant=1070&load=comboGroups&showLang=en
[2025-12-09 03:10:20] [INFO] Page URL after navigation: https://menuadmin.menu.ca/?p=restaurants&display=editRestaurant&restaurant=1070&load=comboGroups&showLang=en
[2025-12-09 03:10:20] [INFO] Page HTML length: 22210 bytes
[2025-12-09 03:10:20] [INFO] Saved page HTML to debug_page.html
[2025-12-09 03:10:20] [INFO] Found 'editGroupJS' in page HTML
[2025-12-09 03:10:20] [INFO] Found 0 combo groups
[2025-12-09 03:10:20] [INFO] No combo groups found for restaurant 825
[2025-12-09 03:10:20] [INFO] Results for La Nawab V2:
[2025-12-09 03:10:20] [INFO]   - Combo Groups: 0
[2025-12-09 03:10:20] [INFO]   - Sections: 0
[2025-12-09 03:10:20] [INFO]   - Modifier Groups: 0
[2025-12-09 03:10:20] [INFO]   - Modifiers: 0
[2025-12-09 03:10:20] [INFO]   - Prices: 0
[2025-12-09 03:10:20] [INFO] ============================================================
[2025-12-09 03:10:20] [INFO] Processing: Pizzalicious (V3: 829, V1: 1074)
[2025-12-09 03:10:20] [INFO] ============================================================
[2025-12-09 03:10:20] [INFO] Navigating to combo groups: https://menuadmin.menu.ca/?p=restaurants&display=editRestaurant&restaurant=1074&load=comboGroups&showLang=en
[2025-12-09 03:10:22] [INFO] Page URL after navigation: https://menuadmin.menu.ca/?p=restaurants&display=editRestaurant&restaurant=1074&load=comboGroups&showLang=en
[2025-12-09 03:10:22] [INFO] Page HTML length: 85398 bytes
[2025-12-09 03:10:22] [INFO] Saved page HTML to debug_page.html
[2025-12-09 03:10:22] [INFO] Found 'editGroupJS' in page HTML
[2025-12-09 03:10:22] [INFO] Found 2 combo groups
[2025-12-09 03:10:22] [INFO] Processing combo group: CALZONE Meat Toppings (source_id=9083)
[2025-12-09 03:10:43] [INFO] Processing combo group: Calzone Veggie Toppings (source_id=9084)
[2025-12-09 03:10:50] [INFO] Results for Pizzalicious:
[2025-12-09 03:10:50] [INFO]   - Combo Groups: 2
[2025-12-09 03:10:50] [INFO]   - Sections: 1
[2025-12-09 03:10:50] [INFO]   - Modifier Groups: 3
[2025-12-09 03:10:50] [INFO]   - Modifiers: 32
[2025-12-09 03:10:50] [INFO]   - Prices: 82
[2025-12-09 03:10:50] [INFO] ============================================================
[2025-12-09 03:10:50] [INFO] Processing: All Out Burger (V3: 833, V1: 1080)
[2025-12-09 03:10:50] [INFO] ============================================================
[2025-12-09 03:10:50] [INFO] Navigating to combo groups: https://menuadmin.menu.ca/?p=restaurants&display=editRestaurant&restaurant=1080&load=comboGroups&showLang=en
[2025-12-09 03:10:51] [INFO] Page URL after navigation: https://menuadmin.menu.ca/?p=restaurants&display=editRestaurant&restaurant=1080&load=comboGroups&showLang=en
[2025-12-09 03:10:51] [INFO] Page HTML length: 22210 bytes
[2025-12-09 03:10:51] [INFO] Saved page HTML to debug_page.html
[2025-12-09 03:10:51] [INFO] Found 'editGroupJS' in page HTML
[2025-12-09 03:10:51] [INFO] Found 0 combo groups
[2025-12-09 03:10:51] [INFO] No combo groups found for restaurant 833
[2025-12-09 03:10:51] [INFO] Results for All Out Burger:
[2025-12-09 03:10:51] [INFO]   - Combo Groups: 0
[2025-12-09 03:10:51] [INFO]   - Sections: 0
[2025-12-09 03:10:51] [INFO]   - Modifier Groups: 0
[2025-12-09 03:10:51] [INFO]   - Modifiers: 0
[2025-12-09 03:10:51] [INFO]   - Prices: 0
[2025-12-09 03:10:51] [INFO] ============================================================
[2025-12-09 03:10:51] [INFO] Processing: Milano (V3: 835, V1: 1082)
[2025-12-09 03:10:51] [INFO] ============================================================
[2025-12-09 03:10:51] [INFO] Navigating to combo groups: https://menuadmin.menu.ca/?p=restaurants&display=editRestaurant&restaurant=1082&load=comboGroups&showLang=en
[2025-12-09 03:10:55] [INFO] Page URL after navigation: https://menuadmin.menu.ca/?p=restaurants&display=editRestaurant&restaurant=1082&load=comboGroups&showLang=en
[2025-12-09 03:10:55] [INFO] Page HTML length: 22210 bytes
[2025-12-09 03:10:55] [INFO] Saved page HTML to debug_page.html
[2025-12-09 03:10:55] [INFO] Found 'editGroupJS' in page HTML
[2025-12-09 03:10:55] [INFO] Found 0 combo groups
[2025-12-09 03:10:55] [INFO] No combo groups found for restaurant 835
[2025-12-09 03:10:55] [INFO] Results for Milano:
[2025-12-09 03:10:55] [INFO]   - Combo Groups: 0
[2025-12-09 03:10:55] [INFO]   - Sections: 0
[2025-12-09 03:10:55] [INFO]   - Modifier Groups: 0
[2025-12-09 03:10:55] [INFO]   - Modifiers: 0
[2025-12-09 03:10:55] [INFO]   - Prices: 0
[2025-12-09 03:10:55] [INFO] ============================================================
[2025-12-09 03:10:55] [INFO] Processing: Souvlaki Souvlaki (V3: 836, V1: 1083)
[2025-12-09 03:10:55] [INFO] ============================================================
[2025-12-09 03:10:55] [INFO] Navigating to combo groups: https://menuadmin.menu.ca/?p=restaurants&display=editRestaurant&restaurant=1083&load=comboGroups&showLang=en
[2025-12-09 03:10:57] [INFO] Page URL after navigation: https://menuadmin.menu.ca/?p=restaurants&display=editRestaurant&restaurant=1083&load=comboGroups&showLang=en
[2025-12-09 03:10:57] [INFO] Page HTML length: 22210 bytes
[2025-12-09 03:10:57] [INFO] Saved page HTML to debug_page.html
[2025-12-09 03:10:57] [INFO] Found 'editGroupJS' in page HTML
[2025-12-09 03:10:57] [INFO] Found 0 combo groups
[2025-12-09 03:10:57] [INFO] No combo groups found for restaurant 836
[2025-12-09 03:10:57] [INFO] Results for Souvlaki Souvlaki:
[2025-12-09 03:10:57] [INFO]   - Combo Groups: 0
[2025-12-09 03:10:57] [INFO]   - Sections: 0
[2025-12-09 03:10:57] [INFO]   - Modifier Groups: 0
[2025-12-09 03:10:57] [INFO]   - Modifiers: 0
[2025-12-09 03:10:57] [INFO]   - Prices: 0
[2025-12-09 03:10:57] [INFO] ============================================================
[2025-12-09 03:10:57] [INFO] Processing: Milano (V3: 837, V1: 1084)
[2025-12-09 03:10:57] [INFO] ============================================================
[2025-12-09 03:10:57] [INFO] Navigating to combo groups: https://menuadmin.menu.ca/?p=restaurants&display=editRestaurant&restaurant=1084&load=comboGroups&showLang=en
[2025-12-09 03:10:58] [INFO] Page URL after navigation: https://menuadmin.menu.ca/?p=restaurants&display=editRestaurant&restaurant=1084&load=comboGroups&showLang=en
[2025-12-09 03:10:58] [INFO] Page HTML length: 104121 bytes
[2025-12-09 03:10:58] [INFO] Saved page HTML to debug_page.html
[2025-12-09 03:10:58] [INFO] Found 'editGroupJS' in page HTML
[2025-12-09 03:10:58] [INFO] Found 16 combo groups
[2025-12-09 03:10:58] [INFO] Processing combo group: 1 Topping Pizza (source_id=9276)
[2025-12-09 03:11:34] [INFO] Processing combo group: 2 Toppings Pizza (source_id=9277)
[2025-12-09 03:12:13] [INFO] Processing combo group: Premium toppings (source_id=9278)
[2025-12-09 03:12:48] [INFO] Processing combo group: Dips (source_id=9279)
[2025-12-09 03:12:56] [INFO] Processing combo group: Large Pizza 3 Toppings (source_id=9280)
[2025-12-09 03:13:22] [INFO] Processing combo group: Premium toppings Large (source_id=9281)
[2025-12-09 03:13:56] [INFO] Processing combo group: Medium Pizza 3 Toppings (source_id=9282)
[2025-12-09 03:14:22] [INFO] Processing combo group: Premium toppings Medium (source_id=9283)
[2025-12-09 03:14:56] [INFO] Processing combo group: The Perfect Combo Deal (M,L) (source_id=9284)
[2025-12-09 03:15:26] [INFO] Processing combo group: Premium toppings (M,L) (source_id=9285)
[2025-12-09 03:16:01] [INFO] Processing combo group: Wings Sauces (source_id=9286)
[2025-12-09 03:16:09] [INFO] Processing combo group: Twins Pizza 1 Topping (source_id=9287)
[2025-12-09 03:16:42] [INFO] Processing combo group: Twins Pizza 2 Toppings (source_id=9288)
[2025-12-09 03:17:15] [INFO] Processing combo group: Twins Pizzas 3 Toppings (source_id=9289)
[2025-12-09 03:17:48] [INFO] Processing combo group: Premium toppings -1st pizza (source_id=9290)
[2025-12-09 03:18:22] [INFO] Processing combo group: Premium toppings - 2nd pizza (source_id=9291)
[2025-12-09 03:18:57] [INFO] Results for Milano:
[2025-12-09 03:18:57] [INFO]   - Combo Groups: 16
[2025-12-09 03:18:57] [INFO]   - Sections: 24
[2025-12-09 03:18:57] [INFO]   - Modifier Groups: 70
[2025-12-09 03:18:57] [INFO]   - Modifiers: 584
[2025-12-09 03:18:57] [INFO]   - Prices: 1904
[2025-12-09 03:18:57] [INFO] ============================================================
[2025-12-09 03:18:57] [INFO] Processing: Milano (V3: 840, V1: 1087)
[2025-12-09 03:18:57] [INFO] ============================================================
[2025-12-09 03:18:57] [INFO] Navigating to combo groups: https://menuadmin.menu.ca/?p=restaurants&display=editRestaurant&restaurant=1087&load=comboGroups&showLang=en
[2025-12-09 03:19:00] [INFO] Page URL after navigation: https://menuadmin.menu.ca/?p=restaurants&display=editRestaurant&restaurant=1087&load=comboGroups&showLang=en
[2025-12-09 03:19:00] [INFO] Page HTML length: 169950 bytes
[2025-12-09 03:19:00] [INFO] Saved page HTML to debug_page.html
[2025-12-09 03:19:00] [INFO] Found 'editGroupJS' in page HTML
[2025-12-09 03:19:00] [INFO] Found 16 combo groups
[2025-12-09 03:19:00] [INFO] Processing combo group: 1 Topping 2 pizza deal (source_id=9306)
[2025-12-09 03:20:12] [INFO] Processing combo group: 2 Toppings 2 pizza deal (source_id=9307)
[2025-12-09 03:21:26] [INFO] Processing combo group: 3 Toppings 2 pizza deal (source_id=9308)
[2025-12-09 03:21:56] [ERROR] Error fetching combo group details: APIRequestContext.post: Timeout 30000ms exceeded.
Call log:
  - → POST https://menuadmin.menu.ca/ajax/comboGroups.php?restaurant=1087&showLang=en
    - user-agent: Mozilla/5.0 (Windows NT 10.0; Win64; x64) AppleWebKit/537.36 (KHTML, like Gecko) HeadlessChrome/140.0.7339.16 Safari/537.36
    - accept: */*
    - accept-encoding: gzip,deflate,br
    - content-type: application/x-www-form-urlencoded
    - content-length: 8
    - cookie: PHPSESSID=fu4r9390dponts7e7m7pjn4do4

[2025-12-09 03:21:56] [INFO] Processing combo group: Premium toppings special ----1st pizza (source_id=9309)
[2025-12-09 03:22:17] [ERROR] Error fetching combo group details: APIRequestContext.post: read ECONNRESET
Call log:
  - → POST https://menuadmin.menu.ca/ajax/comboGroups.php?restaurant=1087&showLang=en
    - user-agent: Mozilla/5.0 (Windows NT 10.0; Win64; x64) AppleWebKit/537.36 (KHTML, like Gecko) HeadlessChrome/140.0.7339.16 Safari/537.36
    - accept: */*
    - accept-encoding: gzip,deflate,br
    - content-type: application/x-www-form-urlencoded
    - content-length: 8
    - cookie: PHPSESSID=fu4r9390dponts7e7m7pjn4do4

[2025-12-09 03:22:17] [INFO] Processing combo group: Premium toppings special-----2nd pizza (source_id=9310)
[2025-12-09 03:22:38] [ERROR] Error fetching combo group details: APIRequestContext.post: connect ETIMEDOUT 198.27.74.33:443
Call log:
  - → POST https://menuadmin.menu.ca/ajax/comboGroups.php?restaurant=1087&showLang=en
    - user-agent: Mozilla/5.0 (Windows NT 10.0; Win64; x64) AppleWebKit/537.36 (KHTML, like Gecko) HeadlessChrome/140.0.7339.16 Safari/537.36
    - accept: */*
    - accept-encoding: gzip,deflate,br
    - content-type: application/x-www-form-urlencoded
    - content-length: 8
    - cookie: PHPSESSID=fu4r9390dponts7e7m7pjn4do4

[2025-12-09 03:22:38] [INFO] Processing combo group: Half Priced Extra Cheese --- 1st pizza (source_id=9311)
[2025-12-09 03:22:46] [INFO] Processing combo group: Half Priced Extra Cheese --- 2nd pizza (source_id=9312)
[2025-12-09 03:22:53] [INFO] Processing combo group: Vegan Nondairy Cheese Substitute 1st pizza (source_id=9313)
[2025-12-09 03:22:57] [INFO] Processing combo group: Vegan Nondairy Cheese Substitute 2nd pizza (source_id=9314)
[2025-12-09 03:23:00] [INFO] Processing combo group: 2 Pizza Deal 1 Topping (VEGAN) (source_id=9315)
[2025-12-09 03:24:08] [INFO] Processing combo group: 2 Pizza Deal 2 Toppings (VEGAN) (source_id=9316)
[2025-12-09 03:25:15] [INFO] Processing combo group: 2 Pizza Deal 3 Toppings (VEGAN) (source_id=9317)
[2025-12-09 03:26:22] [INFO] Processing combo group: 2 Pizza Deal Premium Toppings-----1st Pizza (VEGAN) (source_id=9318)
[2025-12-09 03:27:33] [INFO] Processing combo group: 2 Pizza Deal Premium Toppings-----2nd Pizza (VEGAN) (source_id=9319)
[2025-12-09 03:28:44] [INFO] Processing combo group: Pizza Dips (source_id=9320)
[2025-12-09 03:28:51] [INFO] Processing combo group: Dips for VEGAN (source_id=9321)
[2025-12-09 03:28:58] [INFO] Results for Milano:
[2025-12-09 03:28:58] [INFO]   - Combo Groups: 13
[2025-12-09 03:28:58] [INFO]   - Sections: 18
[2025-12-09 03:28:58] [INFO]   - Modifier Groups: 85
[2025-12-09 03:28:58] [INFO]   - Modifiers: 769
[2025-12-09 03:28:58] [INFO]   - Prices: 2001
[2025-12-09 03:28:58] [INFO] ============================================================
[2025-12-09 03:28:58] [INFO] Processing: All Out Burger (V3: 841, V1: 1088)
[2025-12-09 03:28:58] [INFO] ============================================================
[2025-12-09 03:28:58] [INFO] Navigating to combo groups: https://menuadmin.menu.ca/?p=restaurants&display=editRestaurant&restaurant=1088&load=comboGroups&showLang=en
[2025-12-09 03:29:02] [INFO] Page URL after navigation: https://menuadmin.menu.ca/?p=restaurants&display=editRestaurant&restaurant=1088&load=comboGroups&showLang=en
[2025-12-09 03:29:02] [INFO] Page HTML length: 78539 bytes
[2025-12-09 03:29:02] [INFO] Saved page HTML to debug_page.html
[2025-12-09 03:29:02] [INFO] Found 'editGroupJS' in page HTML
[2025-12-09 03:29:02] [INFO] Found 1 combo groups
[2025-12-09 03:29:02] [INFO] Processing combo group: Any 3 Burgers Special (source_id=9322)
[2025-12-09 03:29:05] [INFO] Results for All Out Burger:
[2025-12-09 03:29:05] [INFO]   - Combo Groups: 1
[2025-12-09 03:29:05] [INFO]   - Sections: 1
[2025-12-09 03:29:05] [INFO]   - Modifier Groups: 2
[2025-12-09 03:29:05] [INFO]   - Modifiers: 5
[2025-12-09 03:29:05] [INFO]   - Prices: 5
[2025-12-09 03:29:05] [INFO] ============================================================
[2025-12-09 03:29:05] [INFO] Processing: Milano (V3: 842, V1: 1089)
[2025-12-09 03:29:05] [INFO] ============================================================
[2025-12-09 03:29:05] [INFO] Navigating to combo groups: https://menuadmin.menu.ca/?p=restaurants&display=editRestaurant&restaurant=1089&load=comboGroups&showLang=en
[2025-12-09 03:29:07] [INFO] Page URL after navigation: https://menuadmin.menu.ca/?p=restaurants&display=editRestaurant&restaurant=1089&load=comboGroups&showLang=en
[2025-12-09 03:29:07] [INFO] Page HTML length: 104111 bytes
[2025-12-09 03:29:07] [INFO] Saved page HTML to debug_page.html
[2025-12-09 03:29:07] [INFO] Found 'editGroupJS' in page HTML
[2025-12-09 03:29:07] [INFO] Found 16 combo groups
[2025-12-09 03:29:07] [INFO] Processing combo group: 1 Topping Pizza (source_id=9329)
[2025-12-09 03:29:43] [INFO] Processing combo group: 2 Toppings Pizza (source_id=9330)
[2025-12-09 03:30:20] [INFO] Processing combo group: Premium toppings (source_id=9331)
[2025-12-09 03:30:56] [INFO] Processing combo group: Dips (source_id=9332)
[2025-12-09 03:31:04] [INFO] Processing combo group: Twins 1 Topping (source_id=9333)
[2025-12-09 03:31:38] [INFO] Processing combo group: Twins 2 Toppings (source_id=9334)
[2025-12-09 03:32:13] [INFO] Processing combo group: Twins 3 Toppings (source_id=9335)
[2025-12-09 03:32:47] [INFO] Processing combo group: Premium Toppings 1st Pizza (source_id=9336)
[2025-12-09 03:33:20] [INFO] Processing combo group: Premium Toppings 2nd Pizza (source_id=9337)
[2025-12-09 03:33:54] [INFO] Processing combo group: Large Pizza 3 Toppings (source_id=9338)
[2025-12-09 03:34:22] [INFO] Processing combo group: Premium toppings Large (source_id=9339)
[2025-12-09 03:34:55] [INFO] Processing combo group: Medium Pizza 3 Toppings (source_id=9340)
[2025-12-09 03:35:22] [INFO] Processing combo group: Premium toppings Medium (source_id=9341)
[2025-12-09 03:35:58] [INFO] Processing combo group: Perfect Combo Deal (ML) (source_id=9342)
[2025-12-09 03:36:28] [INFO] Processing combo group: Premium toppings ML (source_id=9343)
[2025-12-09 03:37:02] [INFO] Processing combo group: Wings Sauces (source_id=9344)
[2025-12-09 03:37:09] [INFO] Results for Milano:
[2025-12-09 03:37:09] [INFO]   - Combo Groups: 16
[2025-12-09 03:37:09] [INFO]   - Sections: 24
[2025-12-09 03:37:09] [INFO]   - Modifier Groups: 64
[2025-12-09 03:37:09] [INFO]   - Modifiers: 594
[2025-12-09 03:37:09] [INFO]   - Prices: 1915
[2025-12-09 03:37:09] [INFO] ============================================================
[2025-12-09 03:37:09] [INFO] Processing: Mykonos Greek Grill (V3: 845, V1: 1092)
[2025-12-09 03:37:09] [INFO] ============================================================
[2025-12-09 03:37:09] [INFO] Navigating to combo groups: https://menuadmin.menu.ca/?p=restaurants&display=editRestaurant&restaurant=1092&load=comboGroups&showLang=en
[2025-12-09 03:37:11] [INFO] Page URL after navigation: https://menuadmin.menu.ca/?p=restaurants&display=editRestaurant&restaurant=1092&load=comboGroups&showLang=en
[2025-12-09 03:37:11] [INFO] Page HTML length: 49739 bytes
[2025-12-09 03:37:11] [INFO] Saved page HTML to debug_page.html
[2025-12-09 03:37:11] [INFO] Found 'editGroupJS' in page HTML
[2025-12-09 03:37:11] [INFO] Found 0 combo groups
[2025-12-09 03:37:11] [INFO] No combo groups found for restaurant 845
[2025-12-09 03:37:11] [INFO] Results for Mykonos Greek Grill:
[2025-12-09 03:37:11] [INFO]   - Combo Groups: 0
[2025-12-09 03:37:11] [INFO]   - Sections: 0
[2025-12-09 03:37:11] [INFO]   - Modifier Groups: 0
[2025-12-09 03:37:11] [INFO]   - Modifiers: 0
[2025-12-09 03:37:11] [INFO]   - Prices: 0
[2025-12-09 03:37:11] [INFO] ============================================================
[2025-12-09 03:37:11] [INFO] Processing: Mykonos Greek Grill (V3: 846, V1: 1093)
[2025-12-09 03:37:11] [INFO] ============================================================
[2025-12-09 03:37:11] [INFO] Navigating to combo groups: https://menuadmin.menu.ca/?p=restaurants&display=editRestaurant&restaurant=1093&load=comboGroups&showLang=en
[2025-12-09 03:37:12] [INFO] Page URL after navigation: https://menuadmin.menu.ca/?p=restaurants&display=editRestaurant&restaurant=1093&load=comboGroups&showLang=en
[2025-12-09 03:37:12] [INFO] Page HTML length: 49995 bytes
[2025-12-09 03:37:12] [INFO] Saved page HTML to debug_page.html
[2025-12-09 03:37:12] [INFO] Found 'editGroupJS' in page HTML
[2025-12-09 03:37:12] [INFO] Found 0 combo groups
[2025-12-09 03:37:12] [INFO] No combo groups found for restaurant 846
[2025-12-09 03:37:12] [INFO] Results for Mykonos Greek Grill:
[2025-12-09 03:37:12] [INFO]   - Combo Groups: 0
[2025-12-09 03:37:12] [INFO]   - Sections: 0
[2025-12-09 03:37:12] [INFO]   - Modifier Groups: 0
[2025-12-09 03:37:12] [INFO]   - Modifiers: 0
[2025-12-09 03:37:12] [INFO]   - Prices: 0
[2025-12-09 03:37:12] [INFO] ============================================================
[2025-12-09 03:37:12] [INFO] Processing: Sushiyana (V3: 847, V1: 1094)
[2025-12-09 03:37:12] [INFO] ============================================================
[2025-12-09 03:37:12] [INFO] Navigating to combo groups: https://menuadmin.menu.ca/?p=restaurants&display=editRestaurant&restaurant=1094&load=comboGroups&showLang=en
[2025-12-09 03:37:13] [INFO] Page URL after navigation: https://menuadmin.menu.ca/?p=restaurants&display=editRestaurant&restaurant=1094&load=comboGroups&showLang=en
[2025-12-09 03:37:13] [INFO] Page HTML length: 80337 bytes
[2025-12-09 03:37:13] [INFO] Saved page HTML to debug_page.html
[2025-12-09 03:37:13] [INFO] Found 'editGroupJS' in page HTML
[2025-12-09 03:37:14] [INFO] Found 0 combo groups
[2025-12-09 03:37:14] [INFO] No combo groups found for restaurant 847
[2025-12-09 03:37:14] [INFO] Results for Sushiyana:
[2025-12-09 03:37:14] [INFO]   - Combo Groups: 0
[2025-12-09 03:37:14] [INFO]   - Sections: 0
[2025-12-09 03:37:14] [INFO]   - Modifier Groups: 0
[2025-12-09 03:37:14] [INFO]   - Modifiers: 0
[2025-12-09 03:37:14] [INFO]   - Prices: 0
[2025-12-09 03:37:14] [INFO] ============================================================
[2025-12-09 03:37:14] [INFO] Processing: Ting's Kitchen (V3: 941, V1: 694)
[2025-12-09 03:37:14] [INFO] ============================================================
[2025-12-09 03:37:14] [INFO] Navigating to combo groups: https://menuadmin.menu.ca/?p=restaurants&display=editRestaurant&restaurant=694&load=comboGroups&showLang=en
[2025-12-09 03:37:15] [INFO] Page URL after navigation: https://menuadmin.menu.ca/?p=restaurants&display=editRestaurant&restaurant=694&load=comboGroups&showLang=en
[2025-12-09 03:37:15] [INFO] Page HTML length: 103139 bytes
[2025-12-09 03:37:15] [INFO] Saved page HTML to debug_page.html
[2025-12-09 03:37:15] [INFO] Found 'editGroupJS' in page HTML
[2025-12-09 03:37:15] [INFO] Found 0 combo groups
[2025-12-09 03:37:15] [INFO] No combo groups found for restaurant 941
[2025-12-09 03:37:15] [INFO] Results for Ting's Kitchen:
[2025-12-09 03:37:15] [INFO]   - Combo Groups: 0
[2025-12-09 03:37:15] [INFO]   - Sections: 0
[2025-12-09 03:37:15] [INFO]   - Modifier Groups: 0
[2025-12-09 03:37:15] [INFO]   - Modifiers: 0
[2025-12-09 03:37:15] [INFO]   - Prices: 0
[2025-12-09 03:37:15] [INFO] ============================================================
[2025-12-09 03:37:15] [INFO] Processing: Charm Thai Cuisine (V3: 943, V1: 323)
[2025-12-09 03:37:15] [INFO] ============================================================
[2025-12-09 03:37:15] [INFO] Navigating to combo groups: https://menuadmin.menu.ca/?p=restaurants&display=editRestaurant&restaurant=323&load=comboGroups&showLang=en
[2025-12-09 03:37:16] [INFO] Page URL after navigation: https://menuadmin.menu.ca/?p=restaurants&display=editRestaurant&restaurant=323&load=comboGroups&showLang=en
[2025-12-09 03:37:16] [INFO] Page HTML length: 96015 bytes
[2025-12-09 03:37:16] [INFO] Saved page HTML to debug_page.html
[2025-12-09 03:37:16] [INFO] Found 'editGroupJS' in page HTML
[2025-12-09 03:37:16] [INFO] Found 0 combo groups
[2025-12-09 03:37:16] [INFO] No combo groups found for restaurant 943
[2025-12-09 03:37:16] [INFO] Results for Charm Thai Cuisine:
[2025-12-09 03:37:16] [INFO]   - Combo Groups: 0
[2025-12-09 03:37:16] [INFO]   - Sections: 0
[2025-12-09 03:37:16] [INFO]   - Modifier Groups: 0
[2025-12-09 03:37:16] [INFO]   - Modifiers: 0
[2025-12-09 03:37:16] [INFO]   - Prices: 0
[2025-12-09 03:37:16] [INFO] ============================================================
[2025-12-09 03:37:16] [INFO] Processing: La Famiglia on the Danforth (V3: 984, V1: 364)
[2025-12-09 03:37:16] [INFO] ============================================================
[2025-12-09 03:37:16] [INFO] Navigating to combo groups: https://menuadmin.menu.ca/?p=restaurants&display=editRestaurant&restaurant=364&load=comboGroups&showLang=en
[2025-12-09 03:37:18] [INFO] Page URL after navigation: https://menuadmin.menu.ca/?p=restaurants&display=editRestaurant&restaurant=364&load=comboGroups&showLang=en
[2025-12-09 03:37:18] [INFO] Page HTML length: 113159 bytes
[2025-12-09 03:37:18] [INFO] Saved page HTML to debug_page.html
[2025-12-09 03:37:18] [INFO] Found 'editGroupJS' in page HTML
[2025-12-09 03:37:18] [INFO] Found 6 combo groups
[2025-12-09 03:37:18] [INFO] Processing combo group: Clam casina pizza (source_id=2161)
[2025-12-09 03:37:26] [INFO] Processing combo group: Pizza toppings for clam pizza (source_id=2162)
[2025-12-09 03:38:20] [INFO] Processing combo group: Pizza dips (source_id=2175)
[2025-12-09 03:38:29] [INFO] Processing combo group: Hawaiian pizza sauce (source_id=2176)
[2025-12-09 03:38:37] [INFO] Processing combo group: Pizza toppings (source_id=2177)
[2025-12-09 03:39:32] [INFO] Processing combo group: Subs for the lunch menu (source_id=2178)
[2025-12-09 03:39:32] [INFO] Results for La Famiglia on the Danforth:
[2025-12-09 03:39:32] [INFO]   - Combo Groups: 6
[2025-12-09 03:39:32] [INFO]   - Sections: 5
[2025-12-09 03:39:32] [INFO]   - Modifier Groups: 23
[2025-12-09 03:39:32] [INFO]   - Modifiers: 172
[2025-12-09 03:39:33] [INFO]   - Prices: 526
[2025-12-09 03:39:33] [INFO] ============================================================
[2025-12-09 03:39:33] [INFO] Processing: Yorgo's - Nepean (V3: 985, V1: 547)
[2025-12-09 03:39:33] [INFO] ============================================================
[2025-12-09 03:39:33] [INFO] Navigating to combo groups: https://menuadmin.menu.ca/?p=restaurants&display=editRestaurant&restaurant=547&load=comboGroups&showLang=en
[2025-12-09 03:39:34] [INFO] Page URL after navigation: https://menuadmin.menu.ca/?p=restaurants&display=editRestaurant&restaurant=547&load=comboGroups&showLang=en
[2025-12-09 03:39:34] [INFO] Page HTML length: 131573 bytes
[2025-12-09 03:39:34] [INFO] Saved page HTML to debug_page.html
[2025-12-09 03:39:34] [INFO] Found 'editGroupJS' in page HTML
[2025-12-09 03:39:34] [INFO] Found 20 combo groups
[2025-12-09 03:39:34] [INFO] Processing combo group: One topping (source_id=3277)
[2025-12-09 03:40:21] [INFO] Processing combo group: 2 toppings (source_id=3278)
[2025-12-09 03:41:07] [INFO] Processing combo group: Premium toppings (source_id=3279)
[2025-12-09 03:41:51] [INFO] Processing combo group: Dips (source_id=3280)
[2025-12-09 03:41:58] [INFO] Processing combo group: 2 pizzas 1 topping (source_id=3281)
[2025-12-09 03:42:42] [INFO] Processing combo group: 2 pizzas 2 toppings (source_id=3282)
[2025-12-09 03:43:28] [INFO] Processing combo group: 2 pizzas 3 toppings (source_id=3283)
[2025-12-09 03:44:11] [INFO] Processing combo group: Premium toppings -----1st pizza (source_id=3284)
[2025-12-09 03:44:54] [INFO] Processing combo group: Premium toppings--------------2nd pizza (source_id=3285)
[2025-12-09 03:45:37] [INFO] Processing combo group: Large pizza 3 toppings (source_id=3286)
[2025-12-09 03:46:14] [INFO] Processing combo group: Premium toppings large (source_id=3287)
[2025-12-09 03:46:57] [INFO] Processing combo group: Wings Sauces (source_id=3288)
[2025-12-09 03:47:04] [INFO] Processing combo group: Medium pizza 3 toppings (source_id=3289)
[2025-12-09 03:47:41] [INFO] Processing combo group: Premium toppings medium (source_id=3290)
[2025-12-09 03:48:23] [INFO] Processing combo group: 2 large 6 toppings (source_id=3291)
[2025-12-09 03:48:59] [INFO] Processing combo group: Premium toppings large--------------1st pizza (source_id=3292)
[2025-12-09 03:49:42] [INFO] Processing combo group: Premium toppings large-----------2nd pizza (source_id=3293)
[2025-12-09 03:50:24] [INFO] Processing combo group: 2 medium 6 toppings (source_id=3294)
[2025-12-09 03:51:01] [INFO] Processing combo group: Premium toppings medium----------1st pizza (source_id=3295)
[2025-12-09 03:51:44] [INFO] Processing combo group: Premium toppings medium----------2nd pizza (source_id=3296)
[2025-12-09 03:52:26] [INFO] Results for Yorgo's - Nepean:
[2025-12-09 03:52:26] [INFO]   - Combo Groups: 20
[2025-12-09 03:52:26] [INFO]   - Sections: 29
[2025-12-09 03:52:26] [INFO]   - Modifier Groups: 152
[2025-12-09 03:52:26] [INFO]   - Modifiers: 1099
[2025-12-09 03:52:26] [INFO]   - Prices: 2949
[2025-12-09 03:52:26] [INFO] ============================================================
[2025-12-09 03:52:26] [INFO] Processing: Econo Pizza (V3: 1009, V1: 1095)
[2025-12-09 03:52:26] [INFO] ============================================================
[2025-12-09 03:52:26] [INFO] Navigating to combo groups: https://menuadmin.menu.ca/?p=restaurants&display=editRestaurant&restaurant=1095&load=comboGroups&showLang=en
[2025-12-09 03:52:29] [INFO] Page URL after navigation: https://menuadmin.menu.ca/?p=restaurants&display=editRestaurant&restaurant=1095&load=comboGroups&showLang=en
[2025-12-09 03:52:29] [INFO] Page HTML length: 44214 bytes
[2025-12-09 03:52:29] [INFO] Saved page HTML to debug_page.html
[2025-12-09 03:52:29] [INFO] Found 'editGroupJS' in page HTML
[2025-12-09 03:52:30] [INFO] Found 0 combo groups
[2025-12-09 03:52:30] [INFO] No combo groups found for restaurant 1009
[2025-12-09 03:52:30] [INFO] Results for Econo Pizza:
[2025-12-09 03:52:30] [INFO]   - Combo Groups: 0
[2025-12-09 03:52:30] [INFO]   - Sections: 0
[2025-12-09 03:52:30] [INFO]   - Modifier Groups: 0
[2025-12-09 03:52:30] [INFO]   - Modifiers: 0
[2025-12-09 03:52:30] [INFO]   - Prices: 0
[2025-12-09 03:52:30] [INFO] ============================================================
[2025-12-09 03:52:30] [INFO] Processing: Lemongrass Thai Cuisine (V3: 1010, V1: 219)
[2025-12-09 03:52:30] [INFO] ============================================================
[2025-12-09 03:52:30] [INFO] Navigating to combo groups: https://menuadmin.menu.ca/?p=restaurants&display=editRestaurant&restaurant=219&load=comboGroups&showLang=en
[2025-12-09 03:52:31] [INFO] Page URL after navigation: https://menuadmin.menu.ca/?p=restaurants&display=editRestaurant&restaurant=219&load=comboGroups&showLang=en
[2025-12-09 03:52:31] [INFO] Page HTML length: 63259 bytes
[2025-12-09 03:52:31] [INFO] Saved page HTML to debug_page.html
[2025-12-09 03:52:31] [INFO] Found 'editGroupJS' in page HTML
[2025-12-09 03:52:31] [INFO] Found 0 combo groups
[2025-12-09 03:52:31] [INFO] No combo groups found for restaurant 1010
[2025-12-09 03:52:31] [INFO] Results for Lemongrass Thai Cuisine:
[2025-12-09 03:52:31] [INFO]   - Combo Groups: 0
[2025-12-09 03:52:31] [INFO]   - Sections: 0
[2025-12-09 03:52:31] [INFO]   - Modifier Groups: 0
[2025-12-09 03:52:31] [INFO]   - Modifiers: 0
[2025-12-09 03:52:31] [INFO]   - Prices: 0
[2025-12-09 03:52:31] [INFO] ============================================================
[2025-12-09 03:52:31] [INFO] Processing: Mozza Pizza Gatineau (V3: 1011, V1: 132)
[2025-12-09 03:52:31] [INFO] ============================================================
[2025-12-09 03:52:31] [INFO] Navigating to combo groups: https://menuadmin.menu.ca/?p=restaurants&display=editRestaurant&restaurant=132&load=comboGroups&showLang=en
[2025-12-09 03:52:32] [INFO] Page URL after navigation: https://menuadmin.menu.ca/?p=restaurants&display=editRestaurant&restaurant=132&load=comboGroups&showLang=en
[2025-12-09 03:52:32] [INFO] Page HTML length: 36529 bytes
[2025-12-09 03:52:32] [INFO] Saved page HTML to debug_page.html
[2025-12-09 03:52:32] [INFO] Found 'editGroupJS' in page HTML
[2025-12-09 03:52:32] [INFO] Found 0 combo groups
[2025-12-09 03:52:32] [INFO] No combo groups found for restaurant 1011
[2025-12-09 03:52:32] [INFO] Results for Mozza Pizza Gatineau:
[2025-12-09 03:52:32] [INFO]   - Combo Groups: 0
[2025-12-09 03:52:32] [INFO]   - Sections: 0
[2025-12-09 03:52:32] [INFO]   - Modifier Groups: 0
[2025-12-09 03:52:32] [INFO]   - Modifiers: 0
[2025-12-09 03:52:32] [INFO]   - Prices: 0
[2025-12-09 03:52:32] [INFO] ============================================================
[2025-12-09 03:52:32] [INFO] Processing: Papa Pizza Des Flandres (V3: 1012, V1: 231)
[2025-12-09 03:52:32] [INFO] ============================================================
[2025-12-09 03:52:32] [INFO] Navigating to combo groups: https://menuadmin.menu.ca/?p=restaurants&display=editRestaurant&restaurant=231&load=comboGroups&showLang=en
[2025-12-09 03:52:33] [INFO] Page URL after navigation: https://menuadmin.menu.ca/?p=restaurants&display=editRestaurant&restaurant=231&load=comboGroups&showLang=en
[2025-12-09 03:52:33] [INFO] Page HTML length: 36529 bytes
[2025-12-09 03:52:33] [INFO] Saved page HTML to debug_page.html
[2025-12-09 03:52:33] [INFO] Found 'editGroupJS' in page HTML
[2025-12-09 03:52:33] [INFO] Found 0 combo groups
[2025-12-09 03:52:33] [INFO] No combo groups found for restaurant 1012
[2025-12-09 03:52:33] [INFO] Results for Papa Pizza Des Flandres:
[2025-12-09 03:52:33] [INFO]   - Combo Groups: 0
[2025-12-09 03:52:33] [INFO]   - Sections: 0
[2025-12-09 03:52:33] [INFO]   - Modifier Groups: 0
[2025-12-09 03:52:33] [INFO]   - Modifiers: 0
[2025-12-09 03:52:33] [INFO]   - Prices: 0
[2025-12-09 03:52:33] [INFO] ============================================================
[2025-12-09 03:52:33] [INFO] Processing: Papa Pizza Maloney (V3: 1013, V1: 346)
[2025-12-09 03:52:33] [INFO] ============================================================
[2025-12-09 03:52:33] [INFO] Navigating to combo groups: https://menuadmin.menu.ca/?p=restaurants&display=editRestaurant&restaurant=346&load=comboGroups&showLang=en
[2025-12-09 03:52:35] [INFO] Page URL after navigation: https://menuadmin.menu.ca/?p=restaurants&display=editRestaurant&restaurant=346&load=comboGroups&showLang=en
[2025-12-09 03:52:35] [INFO] Page HTML length: 36529 bytes
[2025-12-09 03:52:35] [INFO] Saved page HTML to debug_page.html
[2025-12-09 03:52:35] [INFO] Found 'editGroupJS' in page HTML
[2025-12-09 03:52:35] [INFO] Found 0 combo groups
[2025-12-09 03:52:35] [INFO] No combo groups found for restaurant 1013
[2025-12-09 03:52:35] [INFO] Results for Papa Pizza Maloney:
[2025-12-09 03:52:35] [INFO]   - Combo Groups: 0
[2025-12-09 03:52:35] [INFO]   - Sections: 0
[2025-12-09 03:52:35] [INFO]   - Modifier Groups: 0
[2025-12-09 03:52:35] [INFO]   - Modifiers: 0
[2025-12-09 03:52:35] [INFO]   - Prices: 0
[2025-12-09 03:52:35] [INFO] ============================================================
[2025-12-09 03:52:35] [INFO] Processing: Papa Pizza Val-Des-Monts (V3: 1014, V1: 703)
[2025-12-09 03:52:35] [INFO] ============================================================
[2025-12-09 03:52:35] [INFO] Navigating to combo groups: https://menuadmin.menu.ca/?p=restaurants&display=editRestaurant&restaurant=703&load=comboGroups&showLang=en
[2025-12-09 03:52:36] [INFO] Page URL after navigation: https://menuadmin.menu.ca/?p=restaurants&display=editRestaurant&restaurant=703&load=comboGroups&showLang=en
[2025-12-09 03:52:36] [INFO] Page HTML length: 36529 bytes
[2025-12-09 03:52:36] [INFO] Saved page HTML to debug_page.html
[2025-12-09 03:52:36] [INFO] Found 'editGroupJS' in page HTML
[2025-12-09 03:52:36] [INFO] Found 0 combo groups
[2025-12-09 03:52:36] [INFO] No combo groups found for restaurant 1014
[2025-12-09 03:52:36] [INFO] Results for Papa Pizza Val-Des-Monts:
[2025-12-09 03:52:36] [INFO]   - Combo Groups: 0
[2025-12-09 03:52:36] [INFO]   - Sections: 0
[2025-12-09 03:52:36] [INFO]   - Modifier Groups: 0
[2025-12-09 03:52:36] [INFO]   - Modifiers: 0
[2025-12-09 03:52:36] [INFO]   - Prices: 0
[2025-12-09 03:52:36] [INFO] ============================================================
[2025-12-09 03:52:36] [INFO] Processing: Poutinerie Québecurds Gatineau (V3: 1015, V1: 1046)
[2025-12-09 03:52:36] [INFO] ============================================================
[2025-12-09 03:52:36] [INFO] Navigating to combo groups: https://menuadmin.menu.ca/?p=restaurants&display=editRestaurant&restaurant=1046&load=comboGroups&showLang=en
[2025-12-09 03:52:37] [INFO] Page URL after navigation: https://menuadmin.menu.ca/?p=restaurants&display=editRestaurant&restaurant=1046&load=comboGroups&showLang=en
[2025-12-09 03:52:37] [INFO] Page HTML length: 83362 bytes
[2025-12-09 03:52:37] [INFO] Saved page HTML to debug_page.html
[2025-12-09 03:52:37] [INFO] Found 'editGroupJS' in page HTML
[2025-12-09 03:52:37] [INFO] Found 20 combo groups
[2025-12-09 03:52:37] [INFO] Processing combo group: Create Your Poutine (potatoes + toppings) (source_id=8780)
[2025-12-09 03:53:09] [INFO] Processing combo group: Create Your Poutine Cheese Selection + Extra Cheese (source_id=8781)
[2025-12-09 03:53:34] [INFO] Processing combo group: Create Your Poutine Sauce + Extra Sauce (source_id=8782)
[2025-12-09 03:53:42] [INFO] Processing combo group: Poutine---Fries + Vegetables Toppings (source_id=8783)
[2025-12-09 03:54:09] [INFO] Processing combo group: Poutine----Protein (source_id=8784)
[2025-12-09 03:54:36] [INFO] Processing combo group: Poutine----Cheese + Extra Cheese (source_id=8785)
[2025-12-09 03:55:01] [INFO] Processing combo group: Poutine----Sauce + Extra Sauce (source_id=8786)
[2025-12-09 03:55:09] [INFO] Processing combo group: 1st Small Poutine SELECTION (source_id=9128)
[2025-12-09 03:55:15] [INFO] Processing combo group: 1st Small Poutine---Fries + Vegetables Toppings (source_id=9129)
[2025-12-09 03:55:40] [INFO] Processing combo group: 1st Small Poutine----Protein (source_id=9130)
[2025-12-09 03:56:04] [INFO] Processing combo group: 1st Small Poutine----Cheese + Extra Cheese (source_id=9131)
[2025-12-09 03:56:29] [INFO] Processing combo group: 1st Small Poutine----Sauce + Extra Sauce (source_id=9132)
[2025-12-09 03:56:37] [INFO] Processing combo group: 2nd Small Poutine SELECTION (source_id=9133)
[2025-12-09 03:56:42] [INFO] Processing combo group: 2nd Small Poutine---Fries + Vegetables Toppings (source_id=9134)
[2025-12-09 03:57:08] [INFO] Processing combo group: 2nd Small Poutine----Protein (source_id=9135)
[2025-12-09 03:57:31] [INFO] Processing combo group: 2nd Small Poutine----Cheese + Extra Cheese (source_id=9136)
[2025-12-09 03:57:56] [INFO] Processing combo group: 2nd Small Poutine----Sauce + Extra Sauce (source_id=9137)
[2025-12-09 03:58:04] [INFO] Processing combo group: Small Poutine Selection (source_id=9138)
[2025-12-09 03:58:10] [INFO] Processing combo group: 6 Mini Donuts (source_id=9139)
[2025-12-09 03:58:39] [INFO] Processing combo group: 6 Mini Churros (source_id=9140)
[2025-12-09 03:59:07] [INFO] Results for Poutinerie Québecurds Gatineau:
[2025-12-09 03:59:07] [INFO]   - Combo Groups: 20
[2025-12-09 03:59:07] [INFO]   - Sections: 34
[2025-12-09 03:59:07] [INFO]   - Modifier Groups: 119
[2025-12-09 03:59:07] [INFO]   - Modifiers: 932
[2025-12-09 03:59:07] [INFO]   - Prices: 998
[2025-12-09 03:59:07] [INFO] ============================================================
[2025-12-09 03:59:07] [INFO] Processing: Roulas Grecque et Pizza (V3: 1016, V1: 173)
[2025-12-09 03:59:07] [INFO] ============================================================
[2025-12-09 03:59:07] [INFO] Navigating to combo groups: https://menuadmin.menu.ca/?p=restaurants&display=editRestaurant&restaurant=173&load=comboGroups&showLang=en
[2025-12-09 03:59:09] [INFO] Page URL after navigation: https://menuadmin.menu.ca/?p=restaurants&display=editRestaurant&restaurant=173&load=comboGroups&showLang=en
[2025-12-09 03:59:09] [INFO] Page HTML length: 36529 bytes
[2025-12-09 03:59:09] [INFO] Saved page HTML to debug_page.html
[2025-12-09 03:59:09] [INFO] Found 'editGroupJS' in page HTML
[2025-12-09 03:59:09] [INFO] Found 0 combo groups
[2025-12-09 03:59:09] [INFO] No combo groups found for restaurant 1016
[2025-12-09 03:59:09] [INFO] Results for Roulas Grecque et Pizza:
[2025-12-09 03:59:09] [INFO]   - Combo Groups: 0
[2025-12-09 03:59:09] [INFO]   - Sections: 0
[2025-12-09 03:59:09] [INFO]   - Modifier Groups: 0
[2025-12-09 03:59:09] [INFO]   - Modifiers: 0
[2025-12-09 03:59:09] [INFO]   - Prices: 0
[2025-12-09 03:59:09] [INFO] ============================================================
[2025-12-09 03:59:09] [INFO] Processing: Sushi Express Chambly (V3: 1017, V1: 511)
[2025-12-09 03:59:09] [INFO] ============================================================
[2025-12-09 03:59:09] [INFO] Navigating to combo groups: https://menuadmin.menu.ca/?p=restaurants&display=editRestaurant&restaurant=511&load=comboGroups&showLang=en
[2025-12-09 03:59:10] [INFO] Page URL after navigation: https://menuadmin.menu.ca/?p=restaurants&display=editRestaurant&restaurant=511&load=comboGroups&showLang=en
[2025-12-09 03:59:10] [INFO] Page HTML length: 36529 bytes
[2025-12-09 03:59:10] [INFO] Saved page HTML to debug_page.html
[2025-12-09 03:59:10] [INFO] Found 'editGroupJS' in page HTML
[2025-12-09 03:59:10] [INFO] Found 0 combo groups
[2025-12-09 03:59:10] [INFO] No combo groups found for restaurant 1017
[2025-12-09 03:59:10] [INFO] Results for Sushi Express Chambly:
[2025-12-09 03:59:10] [INFO]   - Combo Groups: 0
[2025-12-09 03:59:10] [INFO]   - Sections: 0
[2025-12-09 03:59:10] [INFO]   - Modifier Groups: 0
[2025-12-09 03:59:10] [INFO]   - Modifiers: 0
[2025-12-09 03:59:10] [INFO]   - Prices: 0
[2025-12-09 03:59:10] [INFO] Stopping Combo Scraper...
[2025-12-09 03:59:10] [INFO] Database connection closed
[2025-12-09 03:59:10] [INFO] All connections closed
[2025-12-09 03:59:10] [INFO] Summary CSV written to: C:\Users\santi\Menu.ca\Legacy Database\Migration Strategy\Scrapers\Menu Scrapers\logs\combo_phase1_summary_20251209_035910.csv
[2025-12-09 03:59:10] [INFO] ============================================================
[2025-12-09 03:59:10] [INFO] PHASE 1 COMPLETE
[2025-12-09 03:59:10] [INFO] ============================================================
[2025-12-09 03:59:10] [INFO] Restaurants processed: 162
[2025-12-09 03:59:10] [INFO]   - Success: 31
[2025-12-09 03:59:10] [INFO]   - No combos: 131
[2025-12-09 03:59:10] [INFO]   - Errors: 0
[2025-12-09 03:59:10] [INFO]   - Skipped: 0
[2025-12-09 03:59:10] [INFO] 
[2025-12-09 03:59:10] [INFO] Total combo groups: 696
[2025-12-09 03:59:10] [INFO] Total sections: 944
[2025-12-09 03:59:10] [INFO] Total modifier groups: 6450
[2025-12-09 03:59:10] [INFO] Total modifiers: 55046
[2025-12-09 03:59:10] [INFO] Total prices: 153308
