2025-12-26 18:20:36,629 - INFO - Logging to: C:\Users\santi\Menu.ca\Legacy Database\Migration Strategy\Scrapers\Menu Scrapers\V1 Scrapper\logs\french_modifier_scraper_20251226_182036.log
2025-12-26 18:20:36,629 - INFO - ============================================================
2025-12-26 18:20:36,629 - INFO - FRENCH MODIFIER GROUP SCRAPER
2025-12-26 18:20:36,629 - INFO - ============================================================
2025-12-26 18:20:36,629 - INFO - Restaurants to process: 9
2025-12-26 18:20:37,060 - INFO - Navigating to CRM login page...
2025-12-26 18:20:38,074 - INFO - Filling login credentials...
2025-12-26 18:20:39,070 - INFO - Login successful
2025-12-26 18:20:39,070 - INFO - ----------------------------------------
2025-12-26 18:20:39,071 - INFO - Processing: La Maison du Burger (V3: 727, V1: 965)
2025-12-26 18:20:39,072 - INFO - Navigating to modifier groups page: https://menuadmin.menu.ca/?p=restaurants&display=editRestaurant&restaurant=965&load=ingredientGroups&showLang=fr
2025-12-26 18:20:40,094 - DEBUG - Expanding all modifier group divs...
2025-12-26 18:20:40,616 - DEBUG - Group 9733: 5 active modifiers
2025-12-26 18:20:40,616 - DEBUG - Group 9734: 24 active modifiers
2025-12-26 18:20:40,616 - DEBUG - Group 9735: 2 active modifiers
2025-12-26 18:20:40,616 - DEBUG - Group 9736: 3 active modifiers
2025-12-26 18:20:40,616 - DEBUG - Group 9737: 3 active modifiers
2025-12-26 18:20:40,616 - DEBUG - Group 9738: 5 active modifiers
2025-12-26 18:20:40,616 - DEBUG - Group 10500: 4 active modifiers
2025-12-26 18:20:40,616 - DEBUG - Group 11132: 18 active modifiers
2025-12-26 18:20:40,617 - DEBUG - Group 11133: 1 active modifiers
2025-12-26 18:20:40,617 - DEBUG - Group 11134: 11 active modifiers
2025-12-26 18:20:40,617 - DEBUG - Group 11460: 3 active modifiers
2025-12-26 18:20:40,617 - DEBUG - Group 11461: 7 active modifiers
2025-12-26 18:20:40,617 - DEBUG - Group 11462: 11 active modifiers
2025-12-26 18:20:40,617 - DEBUG - Group 11463: 3 active modifiers
2025-12-26 18:20:40,660 - INFO - Processing modifier group: Wings Sauces (ID: 9733)
2025-12-26 18:20:40,864 - INFO -   Found 9 modifiers (5 active, 4 inactive)
2025-12-26 18:20:40,870 - INFO - Processing modifier group: Classic Burgers Selection (ID: 9734)
2025-12-26 18:20:41,524 - INFO -   Found 62 modifiers (24 active, 38 inactive)
2025-12-26 18:20:41,527 - INFO - Processing modifier group: Gourmet Burgers Selection (ID: 9735)
2025-12-26 18:20:42,279 - INFO -   Found 62 modifiers (2 active, 60 inactive)
2025-12-26 18:20:42,284 - INFO - Processing modifier group: Pouine Selection (Custom ING) (ID: 9736)
2025-12-26 18:20:43,758 - INFO -   Found 62 modifiers (3 active, 59 inactive)
2025-12-26 18:20:43,778 - INFO - Processing modifier group: Poutine Selection (Side DISHES) (ID: 9737)
2025-12-26 18:20:43,983 - INFO -   Found 4 modifiers (3 active, 1 inactive)
2025-12-26 18:20:44,002 - INFO - Processing modifier group: Drinks can (ID: 9738)
2025-12-26 18:20:44,216 - INFO -   Found 5 modifiers (5 active, 0 inactive)
2025-12-26 18:20:44,237 - INFO - Processing modifier group: Mini Beignets Dips (ID: 10500)
2025-12-26 18:20:44,730 - INFO -   Found 9 modifiers (4 active, 5 inactive)
2025-12-26 18:20:44,749 - INFO - Processing modifier group: Special 1 Burger Selection (ID: 11132)
2025-12-26 18:20:47,853 - INFO -   Found 62 modifiers (18 active, 44 inactive)
2025-12-26 18:20:47,874 - INFO - Processing modifier group: Upgrade fries to Poutine (ID: 11133)
2025-12-26 18:20:48,120 - INFO -   Found 4 modifiers (1 active, 3 inactive)
2025-12-26 18:20:48,141 - INFO - Processing modifier group: Special 3 Poutine Selection (ID: 11134)
2025-12-26 18:20:51,401 - INFO -   Found 62 modifiers (11 active, 51 inactive)
2025-12-26 18:20:51,423 - INFO - Processing modifier group: Burger Geant Selection (ID: 11460)
2025-12-26 18:20:54,294 - INFO -   Found 62 modifiers (3 active, 59 inactive)
2025-12-26 18:20:54,312 - INFO - Processing modifier group: Les Burgers Nouveaux (ID: 11461)
2025-12-26 18:20:57,363 - INFO -   Found 62 modifiers (7 active, 55 inactive)
2025-12-26 18:20:57,384 - INFO - Processing modifier group: Burgers Classique (ID: 11462)
2025-12-26 18:21:00,306 - INFO -   Found 62 modifiers (11 active, 51 inactive)
2025-12-26 18:21:00,324 - INFO - Processing modifier group: Burgers Farcies (ID: 11463)
2025-12-26 18:21:03,501 - INFO -   Found 62 modifiers (3 active, 59 inactive)
2025-12-26 18:21:03,502 - INFO - Total modifier groups extracted: 14
2025-12-26 18:21:03,876 - INFO - Database connected (attempt 1)
2025-12-26 18:21:03,947 - DEBUG - Modifier group already exists: Wings Sauces (ID: 52)
2025-12-26 18:21:04,160 - DEBUG - Upserted modifier: Trempette Anniversaire (V1 ID: 48138, DB ID: 65419)
2025-12-26 18:21:04,522 - DEBUG - Upserted modifier: Trempettes au Caramel Salé (V1 ID: 48139, DB ID: 65421)
2025-12-26 18:21:04,881 - DEBUG - Upserted modifier: Trempettes Biscuit et Crème (V1 ID: 48140, DB ID: 65423)
2025-12-26 18:21:05,231 - DEBUG - Upserted modifier: Trempettes Chocolat Fudge (V1 ID: 48141, DB ID: 65425)
2025-12-26 18:21:05,573 - DEBUG - Upserted modifier: Sauce douce (V1 ID: 44311, DB ID: 65427)
2025-12-26 18:21:05,918 - DEBUG - Upserted modifier: Sauce épicé (V1 ID: 44312, DB ID: 65428)
2025-12-26 18:21:06,272 - DEBUG - Upserted modifier: Sauce BBQ (V1 ID: 44313, DB ID: 65430)
2025-12-26 18:21:06,641 - DEBUG - Upserted modifier: Miel et ail (V1 ID: 44314, DB ID: 65432)
2025-12-26 18:21:06,994 - DEBUG - Upserted modifier: Ranch (V1 ID: 44315, DB ID: 65434)
2025-12-26 18:21:07,359 - DEBUG - Modifier group already exists: Classic Burgers Selection (ID: 54)
2025-12-26 18:21:07,568 - DEBUG - Upserted modifier: Tex Mex Burger (V1 ID: 52299, DB ID: 65436)
2025-12-26 18:21:07,919 - DEBUG - Upserted modifier: Smokey Mountain Burger (V1 ID: 52300, DB ID: 65438)
2025-12-26 18:21:08,270 - DEBUG - Upserted modifier: Nacho Burger (V1 ID: 52301, DB ID: 65440)
2025-12-26 18:21:08,633 - DEBUG - Upserted modifier: Burger Balsamique au Fromage Bleu (V1 ID: 52302, DB ID: 65441)
2025-12-26 18:21:08,992 - DEBUG - Upserted modifier: Crazy Cheesy Burger (V1 ID: 52303, DB ID: 65442)
2025-12-26 18:21:09,340 - DEBUG - Upserted modifier: Cave Man Burger (V1 ID: 52304, DB ID: 65443)
2025-12-26 18:21:09,722 - DEBUG - Upserted modifier: Burger Balsamique au Fromage Bleu HIDE (V1 ID: 53360, DB ID: 65444)
2025-12-26 18:21:10,066 - DEBUG - Upserted modifier: Burger Farci Maison HIDE (V1 ID: 53361, DB ID: 65445)
2025-12-26 18:21:10,400 - DEBUG - Upserted modifier: Burger Rondelle (V1 ID: 53225, DB ID: 65446)
2025-12-26 18:21:10,738 - DEBUG - Upserted modifier: Burger Balsamique au Fromage Bleu (V1 ID: 53226, DB ID: 65447)
2025-12-26 18:21:11,078 - DEBUG - Upserted modifier: Burger Épicé Jack (V1 ID: 53227, DB ID: 65448)
2025-12-26 18:21:11,426 - DEBUG - Upserted modifier: Burger Farci Maison (V1 ID: 53228, DB ID: 65449)
2025-12-26 18:21:11,788 - DEBUG - Upserted modifier: Burger Farci Épicé HIDE (V1 ID: 53229, DB ID: 65451)
2025-12-26 18:21:12,139 - DEBUG - Upserted modifier: Burger Philly Steak (V1 ID: 53230, DB ID: 65453)
2025-12-26 18:21:12,513 - DEBUG - Upserted modifier: Burger Habanero (V1 ID: 53231, DB ID: 65455)
2025-12-26 18:21:12,868 - DEBUG - Upserted modifier: Burger Habanero (V1 ID: 53232, DB ID: 65457)
2025-12-26 18:21:13,218 - DEBUG - Upserted modifier: Burger Poutine HIDE (V1 ID: 53233, DB ID: 65459)
2025-12-26 18:21:13,568 - DEBUG - Upserted modifier: Crazy Burger HIDE (V1 ID: 53234, DB ID: 65460)
2025-12-26 18:21:13,921 - DEBUG - Upserted modifier: Burger Vegas HIDE (V1 ID: 53235, DB ID: 65462)
2025-12-26 18:21:14,259 - DEBUG - Upserted modifier: Burger La Meat Lover HIDE (V1 ID: 53236, DB ID: 65464)
2025-12-26 18:21:14,619 - DEBUG - Upserted modifier: Burger au Poulet Piquant HIDE (V1 ID: 53237, DB ID: 65466)
2025-12-26 18:21:14,977 - DEBUG - Upserted modifier: Burger Extrême HIDE (V1 ID: 50719, DB ID: 65468)
2025-12-26 18:21:15,346 - DEBUG - Upserted modifier: Burger au Poulet Piquant (V1 ID: 51341, DB ID: 65470)
2025-12-26 18:21:15,720 - DEBUG - Upserted modifier: Burger Farci Signature HIDE (V1 ID: 51342, DB ID: 65472)
2025-12-26 18:21:16,072 - DEBUG - Upserted modifier: Burger Québécois (V1 ID: 44316, DB ID: 65474)
2025-12-26 18:21:16,430 - DEBUG - Upserted modifier: Burger Ultime (V1 ID: 44317, DB ID: 65476)
2025-12-26 18:21:16,778 - DEBUG - Upserted modifier: Burger Jumbo (V1 ID: 44318, DB ID: 65478)
2025-12-26 18:21:17,139 - DEBUG - Upserted modifier: Burger Jack (V1 ID: 44319, DB ID: 65479)
2025-12-26 18:21:17,494 - DEBUG - Upserted modifier: Burger Festive (V1 ID: 44320, DB ID: 65481)
2025-12-26 18:21:17,856 - DEBUG - Upserted modifier: Burger Poutine (V1 ID: 44321, DB ID: 65483)
2025-12-26 18:21:18,215 - DEBUG - Upserted modifier: Burger au Poulet Croustillant (V1 ID: 44323, DB ID: 65485)
2025-12-26 18:21:18,554 - DEBUG - Upserted modifier: Burger World (V1 ID: 44322, DB ID: 65487)
2025-12-26 18:21:18,930 - DEBUG - Upserted modifier: Burger Vieux Hull (V1 ID: 44324, DB ID: 65489)
2025-12-26 18:21:19,274 - DEBUG - Upserted modifier: Burger au Poulet Piquant (V1 ID: 44328, DB ID: 65491)
2025-12-26 18:21:19,650 - DEBUG - Upserted modifier: Burger Champignons Sautées (V1 ID: 45043, DB ID: 65494)
2025-12-26 18:21:20,016 - DEBUG - Upserted modifier: Burger Original (V1 ID: 45044, DB ID: 65496)
2025-12-26 18:21:20,380 - DEBUG - Upserted modifier: Burger Suprème (V1 ID: 45045, DB ID: 65498)
2025-12-26 18:21:20,747 - DEBUG - Upserted modifier: Crazy Burger (V1 ID: 45046, DB ID: 65499)
2025-12-26 18:21:21,102 - DEBUG - Upserted modifier: Burger Canadienne (V1 ID: 50164, DB ID: 65501)
2025-12-26 18:21:21,452 - DEBUG - Upserted modifier: Burger Vegas (V1 ID: 50165, DB ID: 65503)
2025-12-26 18:21:21,801 - DEBUG - Upserted modifier: Burger La Meat Lover (V1 ID: 44327, DB ID: 65505)
2025-12-26 18:21:22,160 - DEBUG - Upserted modifier: Burger World (V1 ID: 48633, DB ID: 65507)
2025-12-26 18:21:22,521 - DEBUG - Upserted modifier: Burger Mexicaine (V1 ID: 48634, DB ID: 65509)
2025-12-26 18:21:22,854 - DEBUG - Upserted modifier: Burger La Hawaïenne (V1 ID: 44325, DB ID: 65510)
2025-12-26 18:21:23,209 - DEBUG - Upserted modifier: Burger La Favori (V1 ID: 44326, DB ID: 65512)
2025-12-26 18:21:23,560 - DEBUG - Upserted modifier: Burger Farci de Fromage (V1 ID: 44329, DB ID: 65514)
2025-12-26 18:21:23,908 - DEBUG - Upserted modifier: Burger Farci Signature (V1 ID: 44330, DB ID: 65516)
2025-12-26 18:21:24,251 - DEBUG - Upserted modifier: Burger Farci Épicé (V1 ID: 44331, DB ID: 65518)
2025-12-26 18:21:24,632 - DEBUG - Upserted modifier: Burger Farci La Maison (V1 ID: 44332, DB ID: 65520)
2025-12-26 18:21:24,994 - DEBUG - Upserted modifier: Burger Grecque (V1 ID: 45047, DB ID: 65522)
2025-12-26 18:21:25,342 - DEBUG - Upserted modifier: Burger Le Favori (V1 ID: 48632, DB ID: 65524)
2025-12-26 18:21:25,695 - DEBUG - Upserted modifier: Poutine Classique (V1 ID: 44333, DB ID: 65525)
2025-12-26 18:21:26,045 - DEBUG - Upserted modifier: Poutine Canadienne (V1 ID: 44334, DB ID: 65527)
2025-12-26 18:21:26,396 - DEBUG - Upserted modifier: Poutine La Meat Lover (V1 ID: 44335, DB ID: 65529)
2025-12-26 18:21:26,764 - DEBUG - Upserted modifier: Poutine Italienne (V1 ID: 51540, DB ID: 65531)
2025-12-26 18:21:27,103 - DEBUG - Upserted modifier: Poutine au Sauce Chipotle (V1 ID: 51541, DB ID: 65533)
2025-12-26 18:21:27,473 - DEBUG - Upserted modifier: Poutine Végé Sans Fromage (V1 ID: 51542, DB ID: 65534)
2025-12-26 18:21:27,832 - DEBUG - Upserted modifier: Poutine au Poulet Buffalo (V1 ID: 51543, DB ID: 65535)
2025-12-26 18:21:28,181 - DEBUG - Upserted modifier: Poutine Montréal (V1 ID: 51544, DB ID: 65536)
2025-12-26 18:21:28,556 - DEBUG - Upserted modifier: Poutine Philly Steak (V1 ID: 51545, DB ID: 65537)
2025-12-26 18:21:28,928 - DEBUG - Upserted modifier: Poutine Rondelles (V1 ID: 51546, DB ID: 65538)
2025-12-26 18:21:29,280 - DEBUG - Upserted modifier: Poutine Las Vegas (V1 ID: 51547, DB ID: 65539)
2025-12-26 18:21:29,639 - DEBUG - Modifier group already exists: Gourmet Burgers Selection (ID: 63)
2025-12-26 18:21:29,855 - DEBUG - Upserted modifier: Tex Mex Burger (V1 ID: 52299, DB ID: 65540)
2025-12-26 18:21:30,210 - DEBUG - Upserted modifier: Smokey Mountain Burger (V1 ID: 52300, DB ID: 65541)
2025-12-26 18:21:30,556 - DEBUG - Upserted modifier: Nacho Burger (V1 ID: 52301, DB ID: 65542)
2025-12-26 18:21:30,920 - DEBUG - Upserted modifier: Burger Balsamique au Fromage Bleu (V1 ID: 52302, DB ID: 65543)
2025-12-26 18:21:31,269 - DEBUG - Upserted modifier: Crazy Cheesy Burger (V1 ID: 52303, DB ID: 65544)
2025-12-26 18:21:31,614 - DEBUG - Upserted modifier: Cave Man Burger (V1 ID: 52304, DB ID: 65545)
2025-12-26 18:21:31,983 - DEBUG - Upserted modifier: Burger Balsamique au Fromage Bleu HIDE (V1 ID: 53360, DB ID: 65546)
2025-12-26 18:21:32,335 - DEBUG - Upserted modifier: Burger Farci Maison HIDE (V1 ID: 53361, DB ID: 65547)
2025-12-26 18:21:32,678 - DEBUG - Upserted modifier: Burger Rondelle (V1 ID: 53225, DB ID: 65548)
2025-12-26 18:21:33,028 - DEBUG - Upserted modifier: Burger Balsamique au Fromage Bleu (V1 ID: 53226, DB ID: 65549)
2025-12-26 18:21:33,397 - DEBUG - Upserted modifier: Burger Épicé Jack (V1 ID: 53227, DB ID: 65550)
2025-12-26 18:21:33,752 - DEBUG - Upserted modifier: Burger Farci Maison (V1 ID: 53228, DB ID: 65551)
2025-12-26 18:21:34,091 - DEBUG - Upserted modifier: Burger Farci Épicé HIDE (V1 ID: 53229, DB ID: 65552)
2025-12-26 18:21:34,434 - DEBUG - Upserted modifier: Burger Philly Steak (V1 ID: 53230, DB ID: 65553)
2025-12-26 18:21:34,799 - DEBUG - Upserted modifier: Burger Habanero (V1 ID: 53231, DB ID: 65554)
2025-12-26 18:21:35,142 - DEBUG - Upserted modifier: Burger Habanero (V1 ID: 53232, DB ID: 65555)
2025-12-26 18:21:35,485 - DEBUG - Upserted modifier: Burger Poutine HIDE (V1 ID: 53233, DB ID: 65556)
2025-12-26 18:21:35,843 - DEBUG - Upserted modifier: Crazy Burger HIDE (V1 ID: 53234, DB ID: 65557)
2025-12-26 18:21:36,197 - DEBUG - Upserted modifier: Burger Vegas HIDE (V1 ID: 53235, DB ID: 65558)
2025-12-26 18:21:36,541 - DEBUG - Upserted modifier: Burger La Meat Lover HIDE (V1 ID: 53236, DB ID: 65560)
2025-12-26 18:21:36,900 - DEBUG - Upserted modifier: Burger au Poulet Piquant HIDE (V1 ID: 53237, DB ID: 65562)
2025-12-26 18:21:37,244 - DEBUG - Upserted modifier: Burger Extrême HIDE (V1 ID: 50719, DB ID: 65564)
2025-12-26 18:21:37,589 - DEBUG - Upserted modifier: Burger au Poulet Piquant (V1 ID: 51341, DB ID: 65566)
2025-12-26 18:21:37,933 - DEBUG - Upserted modifier: Burger Farci Signature HIDE (V1 ID: 51342, DB ID: 65568)
2025-12-26 18:21:38,269 - DEBUG - Upserted modifier: Burger Québécois (V1 ID: 44316, DB ID: 65570)
2025-12-26 18:21:38,618 - DEBUG - Upserted modifier: Burger Ultime (V1 ID: 44317, DB ID: 65572)
2025-12-26 18:21:38,956 - DEBUG - Upserted modifier: Burger Jumbo (V1 ID: 44318, DB ID: 65574)
2025-12-26 18:21:39,302 - DEBUG - Upserted modifier: Burger Jack (V1 ID: 44319, DB ID: 65576)
2025-12-26 18:21:39,651 - DEBUG - Upserted modifier: Burger Festive (V1 ID: 44320, DB ID: 65578)
2025-12-26 18:21:39,994 - DEBUG - Upserted modifier: Burger Poutine (V1 ID: 44321, DB ID: 65580)
2025-12-26 18:21:40,322 - DEBUG - Upserted modifier: Burger au Poulet Croustillant (V1 ID: 44323, DB ID: 65582)
2025-12-26 18:21:40,664 - DEBUG - Upserted modifier: Burger World (V1 ID: 44322, DB ID: 65583)
2025-12-26 18:21:41,004 - DEBUG - Upserted modifier: Burger Vieux Hull (V1 ID: 44324, DB ID: 65585)
2025-12-26 18:21:41,339 - DEBUG - Upserted modifier: Burger au Poulet Piquant (V1 ID: 44328, DB ID: 65587)
2025-12-26 18:21:41,689 - DEBUG - Upserted modifier: Burger Champignons Sautées (V1 ID: 45043, DB ID: 65589)
2025-12-26 18:21:42,031 - DEBUG - Upserted modifier: Burger Original (V1 ID: 45044, DB ID: 65591)
2025-12-26 18:21:42,371 - DEBUG - Upserted modifier: Burger Suprème (V1 ID: 45045, DB ID: 65593)
2025-12-26 18:21:42,724 - DEBUG - Upserted modifier: Crazy Burger (V1 ID: 45046, DB ID: 65594)
2025-12-26 18:21:43,067 - DEBUG - Upserted modifier: Burger Canadienne (V1 ID: 50164, DB ID: 65596)
2025-12-26 18:21:43,418 - DEBUG - Upserted modifier: Burger Vegas (V1 ID: 50165, DB ID: 65598)
2025-12-26 18:21:43,760 - DEBUG - Upserted modifier: Burger La Meat Lover (V1 ID: 44327, DB ID: 65600)
2025-12-26 18:21:44,093 - DEBUG - Upserted modifier: Burger World (V1 ID: 48633, DB ID: 65602)
2025-12-26 18:21:44,461 - DEBUG - Upserted modifier: Burger Mexicaine (V1 ID: 48634, DB ID: 65604)
2025-12-26 18:21:44,803 - DEBUG - Upserted modifier: Burger La Hawaïenne (V1 ID: 44325, DB ID: 65606)
2025-12-26 18:21:45,147 - DEBUG - Upserted modifier: Burger La Favori (V1 ID: 44326, DB ID: 65608)
2025-12-26 18:21:45,490 - DEBUG - Upserted modifier: Burger Farci de Fromage (V1 ID: 44329, DB ID: 65610)
2025-12-26 18:21:45,835 - DEBUG - Upserted modifier: Burger Farci Signature (V1 ID: 44330, DB ID: 65612)
2025-12-26 18:21:46,195 - DEBUG - Upserted modifier: Burger Farci Épicé (V1 ID: 44331, DB ID: 65614)
2025-12-26 18:21:46,546 - DEBUG - Upserted modifier: Burger Farci La Maison (V1 ID: 44332, DB ID: 65616)
2025-12-26 18:21:46,896 - DEBUG - Upserted modifier: Burger Grecque (V1 ID: 45047, DB ID: 65618)
2025-12-26 18:21:47,243 - DEBUG - Upserted modifier: Burger Le Favori (V1 ID: 48632, DB ID: 65620)
2025-12-26 18:21:47,597 - DEBUG - Upserted modifier: Poutine Classique (V1 ID: 44333, DB ID: 65622)
2025-12-26 18:21:47,942 - DEBUG - Upserted modifier: Poutine Canadienne (V1 ID: 44334, DB ID: 65624)
2025-12-26 18:21:48,292 - DEBUG - Upserted modifier: Poutine La Meat Lover (V1 ID: 44335, DB ID: 65626)
2025-12-26 18:21:48,658 - DEBUG - Upserted modifier: Poutine Italienne (V1 ID: 51540, DB ID: 65628)
2025-12-26 18:21:49,010 - DEBUG - Upserted modifier: Poutine au Sauce Chipotle (V1 ID: 51541, DB ID: 65630)
2025-12-26 18:21:49,360 - DEBUG - Upserted modifier: Poutine Végé Sans Fromage (V1 ID: 51542, DB ID: 65631)
2025-12-26 18:21:49,701 - DEBUG - Upserted modifier: Poutine au Poulet Buffalo (V1 ID: 51543, DB ID: 65633)
2025-12-26 18:21:50,060 - DEBUG - Upserted modifier: Poutine Montréal (V1 ID: 51544, DB ID: 65634)
2025-12-26 18:21:50,415 - DEBUG - Upserted modifier: Poutine Philly Steak (V1 ID: 51545, DB ID: 65636)
2025-12-26 18:21:50,768 - DEBUG - Upserted modifier: Poutine Rondelles (V1 ID: 51546, DB ID: 65637)
2025-12-26 18:21:51,142 - DEBUG - Upserted modifier: Poutine Las Vegas (V1 ID: 51547, DB ID: 65639)
2025-12-26 18:21:51,516 - DEBUG - Modifier group already exists: Pouine Selection (Custom ING) (ID: 70)
2025-12-26 18:21:51,721 - DEBUG - Upserted modifier: Tex Mex Burger (V1 ID: 52299, DB ID: 65640)
2025-12-26 18:21:52,068 - DEBUG - Upserted modifier: Smokey Mountain Burger (V1 ID: 52300, DB ID: 65642)
2025-12-26 18:21:52,413 - DEBUG - Upserted modifier: Nacho Burger (V1 ID: 52301, DB ID: 65643)
2025-12-26 18:21:52,778 - DEBUG - Upserted modifier: Burger Balsamique au Fromage Bleu (V1 ID: 52302, DB ID: 65645)
2025-12-26 18:21:53,114 - DEBUG - Upserted modifier: Crazy Cheesy Burger (V1 ID: 52303, DB ID: 65646)
2025-12-26 18:21:53,453 - DEBUG - Upserted modifier: Cave Man Burger (V1 ID: 52304, DB ID: 65648)
2025-12-26 18:21:53,813 - DEBUG - Upserted modifier: Burger Balsamique au Fromage Bleu HIDE (V1 ID: 53360, DB ID: 65649)
2025-12-26 18:21:54,160 - DEBUG - Upserted modifier: Burger Farci Maison HIDE (V1 ID: 53361, DB ID: 65651)
2025-12-26 18:21:54,512 - DEBUG - Upserted modifier: Burger Rondelle (V1 ID: 53225, DB ID: 65652)
2025-12-26 18:21:54,868 - DEBUG - Upserted modifier: Burger Balsamique au Fromage Bleu (V1 ID: 53226, DB ID: 65653)
2025-12-26 18:21:55,210 - DEBUG - Upserted modifier: Burger Épicé Jack (V1 ID: 53227, DB ID: 65655)
2025-12-26 18:21:55,562 - DEBUG - Upserted modifier: Burger Farci Maison (V1 ID: 53228, DB ID: 65656)
2025-12-26 18:21:55,926 - DEBUG - Upserted modifier: Burger Farci Épicé HIDE (V1 ID: 53229, DB ID: 65658)
2025-12-26 18:21:56,269 - DEBUG - Upserted modifier: Burger Philly Steak (V1 ID: 53230, DB ID: 65659)
2025-12-26 18:21:56,617 - DEBUG - Upserted modifier: Burger Habanero (V1 ID: 53231, DB ID: 65661)
2025-12-26 18:21:56,960 - DEBUG - Upserted modifier: Burger Habanero (V1 ID: 53232, DB ID: 65662)
2025-12-26 18:21:57,318 - DEBUG - Upserted modifier: Burger Poutine HIDE (V1 ID: 53233, DB ID: 65664)
2025-12-26 18:21:57,664 - DEBUG - Upserted modifier: Crazy Burger HIDE (V1 ID: 53234, DB ID: 65665)
2025-12-26 18:21:58,008 - DEBUG - Upserted modifier: Burger Vegas HIDE (V1 ID: 53235, DB ID: 65667)
2025-12-26 18:21:58,380 - DEBUG - Upserted modifier: Burger La Meat Lover HIDE (V1 ID: 53236, DB ID: 65668)
2025-12-26 18:21:58,706 - DEBUG - Upserted modifier: Burger au Poulet Piquant HIDE (V1 ID: 53237, DB ID: 65669)
2025-12-26 18:21:59,042 - DEBUG - Upserted modifier: Burger Extrême HIDE (V1 ID: 50719, DB ID: 65671)
2025-12-26 18:21:59,434 - DEBUG - Upserted modifier: Burger au Poulet Piquant (V1 ID: 51341, DB ID: 65672)
2025-12-26 18:21:59,771 - DEBUG - Upserted modifier: Burger Farci Signature HIDE (V1 ID: 51342, DB ID: 65674)
2025-12-26 18:22:00,128 - DEBUG - Upserted modifier: Burger Québécois (V1 ID: 44316, DB ID: 65675)
2025-12-26 18:22:00,477 - DEBUG - Upserted modifier: Burger Ultime (V1 ID: 44317, DB ID: 65677)
2025-12-26 18:22:00,817 - DEBUG - Upserted modifier: Burger Jumbo (V1 ID: 44318, DB ID: 65678)
2025-12-26 18:22:01,168 - DEBUG - Upserted modifier: Burger Jack (V1 ID: 44319, DB ID: 65680)
2025-12-26 18:22:01,524 - DEBUG - Upserted modifier: Burger Festive (V1 ID: 44320, DB ID: 65681)
2025-12-26 18:22:01,877 - DEBUG - Upserted modifier: Burger Poutine (V1 ID: 44321, DB ID: 65683)
2025-12-26 18:22:02,228 - DEBUG - Upserted modifier: Burger au Poulet Croustillant (V1 ID: 44323, DB ID: 65684)
2025-12-26 18:22:02,581 - DEBUG - Upserted modifier: Burger World (V1 ID: 44322, DB ID: 65685)
2025-12-26 18:22:02,928 - DEBUG - Upserted modifier: Burger Vieux Hull (V1 ID: 44324, DB ID: 65687)
2025-12-26 18:22:03,254 - DEBUG - Upserted modifier: Burger au Poulet Piquant (V1 ID: 44328, DB ID: 65688)
2025-12-26 18:22:03,595 - DEBUG - Upserted modifier: Burger Champignons Sautées (V1 ID: 45043, DB ID: 65690)
2025-12-26 18:22:03,931 - DEBUG - Upserted modifier: Burger Original (V1 ID: 45044, DB ID: 65691)
2025-12-26 18:22:04,265 - DEBUG - Upserted modifier: Burger Suprème (V1 ID: 45045, DB ID: 65692)
2025-12-26 18:22:04,601 - DEBUG - Upserted modifier: Crazy Burger (V1 ID: 45046, DB ID: 65694)
2025-12-26 18:22:04,943 - DEBUG - Upserted modifier: Burger Canadienne (V1 ID: 50164, DB ID: 65695)
2025-12-26 18:22:05,275 - DEBUG - Upserted modifier: Burger Vegas (V1 ID: 50165, DB ID: 65697)
2025-12-26 18:22:05,632 - DEBUG - Upserted modifier: Burger La Meat Lover (V1 ID: 44327, DB ID: 65698)
2025-12-26 18:22:05,998 - DEBUG - Upserted modifier: Burger World (V1 ID: 48633, DB ID: 65700)
2025-12-26 18:22:06,352 - DEBUG - Upserted modifier: Burger Mexicaine (V1 ID: 48634, DB ID: 65701)
2025-12-26 18:22:06,703 - DEBUG - Upserted modifier: Burger La Hawaïenne (V1 ID: 44325, DB ID: 65703)
2025-12-26 18:22:07,089 - DEBUG - Upserted modifier: Burger La Favori (V1 ID: 44326, DB ID: 65704)
2025-12-26 18:22:07,425 - DEBUG - Upserted modifier: Burger Farci de Fromage (V1 ID: 44329, DB ID: 65705)
2025-12-26 18:22:07,755 - DEBUG - Upserted modifier: Burger Farci Signature (V1 ID: 44330, DB ID: 65707)
2025-12-26 18:22:08,089 - DEBUG - Upserted modifier: Burger Farci Épicé (V1 ID: 44331, DB ID: 65708)
2025-12-26 18:22:08,448 - DEBUG - Upserted modifier: Burger Farci La Maison (V1 ID: 44332, DB ID: 65710)
2025-12-26 18:22:08,787 - DEBUG - Upserted modifier: Burger Grecque (V1 ID: 45047, DB ID: 65711)
2025-12-26 18:22:09,131 - DEBUG - Upserted modifier: Burger Le Favori (V1 ID: 48632, DB ID: 65713)
2025-12-26 18:22:09,474 - DEBUG - Upserted modifier: Poutine Classique (V1 ID: 44333, DB ID: 65714)
2025-12-26 18:22:09,814 - DEBUG - Upserted modifier: Poutine Canadienne (V1 ID: 44334, DB ID: 65716)
2025-12-26 18:22:10,165 - DEBUG - Upserted modifier: Poutine La Meat Lover (V1 ID: 44335, DB ID: 65717)
2025-12-26 18:22:10,520 - DEBUG - Upserted modifier: Poutine Italienne (V1 ID: 51540, DB ID: 65718)
2025-12-26 18:22:10,884 - DEBUG - Upserted modifier: Poutine au Sauce Chipotle (V1 ID: 51541, DB ID: 65720)
2025-12-26 18:22:11,242 - DEBUG - Upserted modifier: Poutine Végé Sans Fromage (V1 ID: 51542, DB ID: 65721)
2025-12-26 18:22:11,602 - DEBUG - Upserted modifier: Poutine au Poulet Buffalo (V1 ID: 51543, DB ID: 65723)
2025-12-26 18:22:11,978 - DEBUG - Upserted modifier: Poutine Montréal (V1 ID: 51544, DB ID: 65724)
2025-12-26 18:22:12,370 - DEBUG - Upserted modifier: Poutine Philly Steak (V1 ID: 51545, DB ID: 65726)
2025-12-26 18:22:12,713 - DEBUG - Upserted modifier: Poutine Rondelles (V1 ID: 51546, DB ID: 65727)
2025-12-26 18:22:13,053 - DEBUG - Upserted modifier: Poutine Las Vegas (V1 ID: 51547, DB ID: 65729)
2025-12-26 18:22:13,389 - DEBUG - Modifier group already exists: Poutine Selection (Side DISHES) (ID: 71)
2025-12-26 18:22:13,604 - DEBUG - Upserted modifier: Poutine Classique (V1 ID: 44336, DB ID: 65730)
2025-12-26 18:22:13,962 - DEBUG - Upserted modifier: Poutine Canadienne (V1 ID: 44337, DB ID: 65732)
2025-12-26 18:22:14,305 - DEBUG - Upserted modifier: Poutine La Meat Lover (V1 ID: 44338, DB ID: 65733)
2025-12-26 18:22:14,666 - DEBUG - Upserted modifier: Poutine (V1 ID: 51539, DB ID: 65735)
2025-12-26 18:22:15,028 - DEBUG - Modifier group already exists: Drinks can (ID: 72)
2025-12-26 18:22:15,250 - DEBUG - Upserted modifier: Ginger Ale (V1 ID: 44339, DB ID: 65737)
2025-12-26 18:22:15,587 - DEBUG - Upserted modifier: Orange Crush (V1 ID: 44340, DB ID: 65738)
2025-12-26 18:22:15,944 - DEBUG - Upserted modifier: Pepsi (V1 ID: 44341, DB ID: 65739)
2025-12-26 18:22:16,312 - DEBUG - Upserted modifier: Diet Pepsi (V1 ID: 44342, DB ID: 65741)
2025-12-26 18:22:16,662 - DEBUG - Upserted modifier: 7 Up (V1 ID: 44343, DB ID: 65742)
2025-12-26 18:22:17,009 - DEBUG - Modifier group already exists: Mini Beignets Dips (ID: 73)
2025-12-26 18:22:17,217 - DEBUG - Upserted modifier: Trempette Anniversaire (V1 ID: 48138, DB ID: 65744)
2025-12-26 18:22:17,574 - DEBUG - Upserted modifier: Trempettes au Caramel Salé (V1 ID: 48139, DB ID: 65746)
2025-12-26 18:22:17,910 - DEBUG - Upserted modifier: Trempettes Biscuit et Crème (V1 ID: 48140, DB ID: 65747)
2025-12-26 18:22:18,252 - DEBUG - Upserted modifier: Trempettes Chocolat Fudge (V1 ID: 48141, DB ID: 65748)
2025-12-26 18:22:18,616 - DEBUG - Upserted modifier: Sauce douce (V1 ID: 44311, DB ID: 65750)
2025-12-26 18:22:18,966 - DEBUG - Upserted modifier: Sauce épicé (V1 ID: 44312, DB ID: 65751)
2025-12-26 18:22:19,319 - DEBUG - Upserted modifier: Sauce BBQ (V1 ID: 44313, DB ID: 65753)
2025-12-26 18:22:19,662 - DEBUG - Upserted modifier: Miel et ail (V1 ID: 44314, DB ID: 65754)
2025-12-26 18:22:20,010 - DEBUG - Upserted modifier: Ranch (V1 ID: 44315, DB ID: 65755)
2025-12-26 18:22:20,352 - DEBUG - Modifier group already exists: Special 1 Burger Selection (ID: 74)
2025-12-26 18:22:20,571 - DEBUG - Upserted modifier: Tex Mex Burger (V1 ID: 52299, DB ID: 65757)
2025-12-26 18:22:20,922 - DEBUG - Upserted modifier: Smokey Mountain Burger (V1 ID: 52300, DB ID: 65759)
2025-12-26 18:22:21,276 - DEBUG - Upserted modifier: Nacho Burger (V1 ID: 52301, DB ID: 65760)
2025-12-26 18:22:21,614 - DEBUG - Upserted modifier: Burger Balsamique au Fromage Bleu (V1 ID: 52302, DB ID: 65762)
2025-12-26 18:22:21,957 - DEBUG - Upserted modifier: Crazy Cheesy Burger (V1 ID: 52303, DB ID: 65763)
2025-12-26 18:22:22,327 - DEBUG - Upserted modifier: Cave Man Burger (V1 ID: 52304, DB ID: 65764)
2025-12-26 18:22:22,688 - DEBUG - Upserted modifier: Burger Balsamique au Fromage Bleu HIDE (V1 ID: 53360, DB ID: 65766)
2025-12-26 18:22:23,033 - DEBUG - Upserted modifier: Burger Farci Maison HIDE (V1 ID: 53361, DB ID: 65767)
2025-12-26 18:22:23,377 - DEBUG - Upserted modifier: Burger Rondelle (V1 ID: 53225, DB ID: 65769)
2025-12-26 18:22:23,729 - DEBUG - Upserted modifier: Burger Balsamique au Fromage Bleu (V1 ID: 53226, DB ID: 65770)
2025-12-26 18:22:24,074 - DEBUG - Upserted modifier: Burger Épicé Jack (V1 ID: 53227, DB ID: 65772)
2025-12-26 18:22:24,417 - DEBUG - Upserted modifier: Burger Farci Maison (V1 ID: 53228, DB ID: 65773)
2025-12-26 18:22:24,758 - DEBUG - Upserted modifier: Burger Farci Épicé HIDE (V1 ID: 53229, DB ID: 65775)
2025-12-26 18:22:25,100 - DEBUG - Upserted modifier: Burger Philly Steak (V1 ID: 53230, DB ID: 65776)
2025-12-26 18:22:25,441 - DEBUG - Upserted modifier: Burger Habanero (V1 ID: 53231, DB ID: 65778)
2025-12-26 18:22:25,811 - DEBUG - Upserted modifier: Burger Habanero (V1 ID: 53232, DB ID: 65779)
2025-12-26 18:22:26,162 - DEBUG - Upserted modifier: Burger Poutine HIDE (V1 ID: 53233, DB ID: 65780)
2025-12-26 18:22:26,512 - DEBUG - Upserted modifier: Crazy Burger HIDE (V1 ID: 53234, DB ID: 65782)
2025-12-26 18:22:26,855 - DEBUG - Upserted modifier: Burger Vegas HIDE (V1 ID: 53235, DB ID: 65783)
2025-12-26 18:22:27,196 - DEBUG - Upserted modifier: Burger La Meat Lover HIDE (V1 ID: 53236, DB ID: 65785)
2025-12-26 18:22:27,551 - DEBUG - Upserted modifier: Burger au Poulet Piquant HIDE (V1 ID: 53237, DB ID: 65786)
2025-12-26 18:22:27,904 - DEBUG - Upserted modifier: Burger Extrême HIDE (V1 ID: 50719, DB ID: 65788)
2025-12-26 18:22:28,258 - DEBUG - Upserted modifier: Burger au Poulet Piquant (V1 ID: 51341, DB ID: 65789)
2025-12-26 18:22:28,613 - DEBUG - Upserted modifier: Burger Farci Signature HIDE (V1 ID: 51342, DB ID: 65791)
2025-12-26 18:22:28,957 - DEBUG - Upserted modifier: Burger Québécois (V1 ID: 44316, DB ID: 65792)
2025-12-26 18:22:29,292 - DEBUG - Upserted modifier: Burger Ultime (V1 ID: 44317, DB ID: 65794)
2025-12-26 18:22:29,639 - DEBUG - Upserted modifier: Burger Jumbo (V1 ID: 44318, DB ID: 65795)
2025-12-26 18:22:29,991 - DEBUG - Upserted modifier: Burger Jack (V1 ID: 44319, DB ID: 65796)
2025-12-26 18:22:30,341 - DEBUG - Upserted modifier: Burger Festive (V1 ID: 44320, DB ID: 65798)
2025-12-26 18:22:30,701 - DEBUG - Upserted modifier: Burger Poutine (V1 ID: 44321, DB ID: 65799)
2025-12-26 18:22:31,055 - DEBUG - Upserted modifier: Burger au Poulet Croustillant (V1 ID: 44323, DB ID: 65801)
2025-12-26 18:22:31,418 - DEBUG - Upserted modifier: Burger World (V1 ID: 44322, DB ID: 65802)
2025-12-26 18:22:31,792 - DEBUG - Upserted modifier: Burger Vieux Hull (V1 ID: 44324, DB ID: 65804)
2025-12-26 18:22:32,130 - DEBUG - Upserted modifier: Burger au Poulet Piquant (V1 ID: 44328, DB ID: 65805)
2025-12-26 18:22:32,485 - DEBUG - Upserted modifier: Burger Champignons Sautées (V1 ID: 45043, DB ID: 65807)
2025-12-26 18:22:32,827 - DEBUG - Upserted modifier: Burger Original (V1 ID: 45044, DB ID: 65808)
2025-12-26 18:22:33,175 - DEBUG - Upserted modifier: Burger Suprème (V1 ID: 45045, DB ID: 65809)
2025-12-26 18:22:33,523 - DEBUG - Upserted modifier: Crazy Burger (V1 ID: 45046, DB ID: 65811)
2025-12-26 18:22:33,857 - DEBUG - Upserted modifier: Burger Canadienne (V1 ID: 50164, DB ID: 65812)
2025-12-26 18:22:34,226 - DEBUG - Upserted modifier: Burger Vegas (V1 ID: 50165, DB ID: 65814)
2025-12-26 18:22:34,579 - DEBUG - Upserted modifier: Burger La Meat Lover (V1 ID: 44327, DB ID: 65816)
2025-12-26 18:22:35,013 - DEBUG - Upserted modifier: Burger World (V1 ID: 48633, DB ID: 65818)
2025-12-26 18:22:35,382 - DEBUG - Upserted modifier: Burger Mexicaine (V1 ID: 48634, DB ID: 65820)
2025-12-26 18:22:35,736 - DEBUG - Upserted modifier: Burger La Hawaïenne (V1 ID: 44325, DB ID: 65822)
2025-12-26 18:22:36,107 - DEBUG - Upserted modifier: Burger La Favori (V1 ID: 44326, DB ID: 65824)
2025-12-26 18:22:36,469 - DEBUG - Upserted modifier: Burger Farci de Fromage (V1 ID: 44329, DB ID: 65826)
2025-12-26 18:22:36,819 - DEBUG - Upserted modifier: Burger Farci Signature (V1 ID: 44330, DB ID: 65828)
2025-12-26 18:22:37,163 - DEBUG - Upserted modifier: Burger Farci Épicé (V1 ID: 44331, DB ID: 65830)
2025-12-26 18:22:37,509 - DEBUG - Upserted modifier: Burger Farci La Maison (V1 ID: 44332, DB ID: 65832)
2025-12-26 18:22:37,888 - DEBUG - Upserted modifier: Burger Grecque (V1 ID: 45047, DB ID: 65834)
2025-12-26 18:22:38,225 - DEBUG - Upserted modifier: Burger Le Favori (V1 ID: 48632, DB ID: 65836)
2025-12-26 18:22:38,574 - DEBUG - Upserted modifier: Poutine Classique (V1 ID: 44333, DB ID: 65837)
2025-12-26 18:22:38,961 - DEBUG - Upserted modifier: Poutine Canadienne (V1 ID: 44334, DB ID: 65839)
2025-12-26 18:22:39,308 - DEBUG - Upserted modifier: Poutine La Meat Lover (V1 ID: 44335, DB ID: 65841)
2025-12-26 18:22:39,657 - DEBUG - Upserted modifier: Poutine Italienne (V1 ID: 51540, DB ID: 65843)
2025-12-26 18:22:40,006 - DEBUG - Upserted modifier: Poutine au Sauce Chipotle (V1 ID: 51541, DB ID: 65845)
2025-12-26 18:22:40,347 - DEBUG - Upserted modifier: Poutine Végé Sans Fromage (V1 ID: 51542, DB ID: 65847)
2025-12-26 18:22:40,701 - DEBUG - Upserted modifier: Poutine au Poulet Buffalo (V1 ID: 51543, DB ID: 65848)
2025-12-26 18:22:41,040 - DEBUG - Upserted modifier: Poutine Montréal (V1 ID: 51544, DB ID: 65850)
2025-12-26 18:22:41,418 - DEBUG - Upserted modifier: Poutine Philly Steak (V1 ID: 51545, DB ID: 65852)
2025-12-26 18:22:41,765 - DEBUG - Upserted modifier: Poutine Rondelles (V1 ID: 51546, DB ID: 65854)
2025-12-26 18:22:42,107 - DEBUG - Upserted modifier: Poutine Las Vegas (V1 ID: 51547, DB ID: 65856)
2025-12-26 18:22:42,452 - DEBUG - Modifier group already exists: Upgrade fries to Poutine (ID: 75)
2025-12-26 18:22:42,668 - DEBUG - Upserted modifier: Poutine Classique (V1 ID: 44336, DB ID: 65859)
2025-12-26 18:22:43,136 - DEBUG - Upserted modifier: Poutine Canadienne (V1 ID: 44337, DB ID: 65860)
2025-12-26 18:22:43,690 - DEBUG - Upserted modifier: Poutine La Meat Lover (V1 ID: 44338, DB ID: 65862)
2025-12-26 18:22:44,138 - DEBUG - Upserted modifier: Poutine (V1 ID: 51539, DB ID: 65864)
2025-12-26 18:22:44,548 - DEBUG - Modifier group already exists: Special 3 Poutine Selection (ID: 76)
2025-12-26 18:22:44,789 - DEBUG - Upserted modifier: Tex Mex Burger (V1 ID: 52299, DB ID: 65866)
2025-12-26 18:22:45,312 - DEBUG - Upserted modifier: Smokey Mountain Burger (V1 ID: 52300, DB ID: 65868)
2025-12-26 18:22:45,968 - DEBUG - Upserted modifier: Nacho Burger (V1 ID: 52301, DB ID: 65870)
2025-12-26 18:22:46,753 - DEBUG - Upserted modifier: Burger Balsamique au Fromage Bleu (V1 ID: 52302, DB ID: 65871)
2025-12-26 18:22:47,402 - DEBUG - Upserted modifier: Crazy Cheesy Burger (V1 ID: 52303, DB ID: 65873)
2025-12-26 18:22:48,186 - DEBUG - Upserted modifier: Cave Man Burger (V1 ID: 52304, DB ID: 65875)
2025-12-26 18:22:48,756 - DEBUG - Upserted modifier: Burger Balsamique au Fromage Bleu HIDE (V1 ID: 53360, DB ID: 65877)
2025-12-26 18:22:49,201 - DEBUG - Upserted modifier: Burger Farci Maison HIDE (V1 ID: 53361, DB ID: 65879)
2025-12-26 18:22:49,598 - DEBUG - Upserted modifier: Burger Rondelle (V1 ID: 53225, DB ID: 65881)
2025-12-26 18:22:50,113 - DEBUG - Upserted modifier: Burger Balsamique au Fromage Bleu (V1 ID: 53226, DB ID: 65884)
2025-12-26 18:22:50,460 - DEBUG - Upserted modifier: Burger Épicé Jack (V1 ID: 53227, DB ID: 65885)
2025-12-26 18:22:50,870 - DEBUG - Upserted modifier: Burger Farci Maison (V1 ID: 53228, DB ID: 65887)
2025-12-26 18:22:51,271 - DEBUG - Upserted modifier: Burger Farci Épicé HIDE (V1 ID: 53229, DB ID: 65889)
2025-12-26 18:22:51,611 - DEBUG - Upserted modifier: Burger Philly Steak (V1 ID: 53230, DB ID: 65891)
2025-12-26 18:22:52,020 - DEBUG - Upserted modifier: Burger Habanero (V1 ID: 53231, DB ID: 65893)
2025-12-26 18:22:52,369 - DEBUG - Upserted modifier: Burger Habanero (V1 ID: 53232, DB ID: 65895)
2025-12-26 18:22:52,728 - DEBUG - Upserted modifier: Burger Poutine HIDE (V1 ID: 53233, DB ID: 65897)
2025-12-26 18:22:53,091 - DEBUG - Upserted modifier: Crazy Burger HIDE (V1 ID: 53234, DB ID: 65899)
2025-12-26 18:22:53,434 - DEBUG - Upserted modifier: Burger Vegas HIDE (V1 ID: 53235, DB ID: 65901)
2025-12-26 18:22:53,771 - DEBUG - Upserted modifier: Burger La Meat Lover HIDE (V1 ID: 53236, DB ID: 65902)
2025-12-26 18:22:54,118 - DEBUG - Upserted modifier: Burger au Poulet Piquant HIDE (V1 ID: 53237, DB ID: 65904)
2025-12-26 18:22:54,475 - DEBUG - Upserted modifier: Burger Extrême HIDE (V1 ID: 50719, DB ID: 65906)
2025-12-26 18:22:54,834 - DEBUG - Upserted modifier: Burger au Poulet Piquant (V1 ID: 51341, DB ID: 65908)
2025-12-26 18:22:55,181 - DEBUG - Upserted modifier: Burger Farci Signature HIDE (V1 ID: 51342, DB ID: 65910)
2025-12-26 18:22:55,514 - DEBUG - Upserted modifier: Burger Québécois (V1 ID: 44316, DB ID: 65912)
2025-12-26 18:22:55,855 - DEBUG - Upserted modifier: Burger Ultime (V1 ID: 44317, DB ID: 65914)
2025-12-26 18:22:56,208 - DEBUG - Upserted modifier: Burger Jumbo (V1 ID: 44318, DB ID: 65916)
2025-12-26 18:22:56,562 - DEBUG - Upserted modifier: Burger Jack (V1 ID: 44319, DB ID: 65917)
2025-12-26 18:22:56,897 - DEBUG - Upserted modifier: Burger Festive (V1 ID: 44320, DB ID: 65919)
2025-12-26 18:22:57,234 - DEBUG - Upserted modifier: Burger Poutine (V1 ID: 44321, DB ID: 65921)
2025-12-26 18:22:57,577 - DEBUG - Upserted modifier: Burger au Poulet Croustillant (V1 ID: 44323, DB ID: 65923)
2025-12-26 18:22:57,931 - DEBUG - Upserted modifier: Burger World (V1 ID: 44322, DB ID: 65925)
2025-12-26 18:22:58,287 - DEBUG - Upserted modifier: Burger Vieux Hull (V1 ID: 44324, DB ID: 65927)
2025-12-26 18:22:58,641 - DEBUG - Upserted modifier: Burger au Poulet Piquant (V1 ID: 44328, DB ID: 65929)
2025-12-26 18:22:59,003 - DEBUG - Upserted modifier: Burger Champignons Sautées (V1 ID: 45043, DB ID: 65930)
2025-12-26 18:22:59,357 - DEBUG - Upserted modifier: Burger Original (V1 ID: 45044, DB ID: 65931)
2025-12-26 18:22:59,702 - DEBUG - Upserted modifier: Burger Suprème (V1 ID: 45045, DB ID: 65932)
2025-12-26 18:23:00,042 - DEBUG - Upserted modifier: Crazy Burger (V1 ID: 45046, DB ID: 65933)
2025-12-26 18:23:00,407 - DEBUG - Upserted modifier: Burger Canadienne (V1 ID: 50164, DB ID: 65934)
2025-12-26 18:23:00,759 - DEBUG - Upserted modifier: Burger Vegas (V1 ID: 50165, DB ID: 65935)
2025-12-26 18:23:01,098 - DEBUG - Upserted modifier: Burger La Meat Lover (V1 ID: 44327, DB ID: 65936)
2025-12-26 18:23:01,437 - DEBUG - Upserted modifier: Burger World (V1 ID: 48633, DB ID: 65938)
2025-12-26 18:23:01,793 - DEBUG - Upserted modifier: Burger Mexicaine (V1 ID: 48634, DB ID: 65940)
2025-12-26 18:23:02,147 - DEBUG - Upserted modifier: Burger La Hawaïenne (V1 ID: 44325, DB ID: 65942)
2025-12-26 18:23:02,488 - DEBUG - Upserted modifier: Burger La Favori (V1 ID: 44326, DB ID: 65944)
2025-12-26 18:23:02,839 - DEBUG - Upserted modifier: Burger Farci de Fromage (V1 ID: 44329, DB ID: 65946)
2025-12-26 18:23:03,173 - DEBUG - Upserted modifier: Burger Farci Signature (V1 ID: 44330, DB ID: 65948)
2025-12-26 18:23:03,515 - DEBUG - Upserted modifier: Burger Farci Épicé (V1 ID: 44331, DB ID: 65950)
2025-12-26 18:23:03,868 - DEBUG - Upserted modifier: Burger Farci La Maison (V1 ID: 44332, DB ID: 65952)
2025-12-26 18:23:04,224 - DEBUG - Upserted modifier: Burger Grecque (V1 ID: 45047, DB ID: 65954)
2025-12-26 18:23:04,564 - DEBUG - Upserted modifier: Burger Le Favori (V1 ID: 48632, DB ID: 65956)
2025-12-26 18:23:04,912 - DEBUG - Upserted modifier: Poutine Classique (V1 ID: 44333, DB ID: 65957)
2025-12-26 18:23:05,261 - DEBUG - Upserted modifier: Poutine Canadienne (V1 ID: 44334, DB ID: 65958)
2025-12-26 18:23:05,610 - DEBUG - Upserted modifier: Poutine La Meat Lover (V1 ID: 44335, DB ID: 65959)
2025-12-26 18:23:05,954 - DEBUG - Upserted modifier: Poutine Italienne (V1 ID: 51540, DB ID: 65960)
2025-12-26 18:23:06,312 - DEBUG - Upserted modifier: Poutine au Sauce Chipotle (V1 ID: 51541, DB ID: 65961)
2025-12-26 18:23:06,654 - DEBUG - Upserted modifier: Poutine Végé Sans Fromage (V1 ID: 51542, DB ID: 65962)
2025-12-26 18:23:06,996 - DEBUG - Upserted modifier: Poutine au Poulet Buffalo (V1 ID: 51543, DB ID: 65963)
2025-12-26 18:23:07,355 - DEBUG - Upserted modifier: Poutine Montréal (V1 ID: 51544, DB ID: 65964)
2025-12-26 18:23:07,702 - DEBUG - Upserted modifier: Poutine Philly Steak (V1 ID: 51545, DB ID: 65965)
2025-12-26 18:23:08,052 - DEBUG - Upserted modifier: Poutine Rondelles (V1 ID: 51546, DB ID: 65966)
2025-12-26 18:23:08,405 - DEBUG - Upserted modifier: Poutine Las Vegas (V1 ID: 51547, DB ID: 65967)
2025-12-26 18:23:08,753 - DEBUG - Modifier group already exists: Burger Geant Selection (ID: 79)
2025-12-26 18:23:08,958 - DEBUG - Upserted modifier: Tex Mex Burger (V1 ID: 52299, DB ID: 65968)
2025-12-26 18:23:09,319 - DEBUG - Upserted modifier: Smokey Mountain Burger (V1 ID: 52300, DB ID: 65969)
2025-12-26 18:23:09,691 - DEBUG - Upserted modifier: Nacho Burger (V1 ID: 52301, DB ID: 65970)
2025-12-26 18:23:10,048 - DEBUG - Upserted modifier: Burger Balsamique au Fromage Bleu (V1 ID: 52302, DB ID: 65971)
2025-12-26 18:23:10,401 - DEBUG - Upserted modifier: Crazy Cheesy Burger (V1 ID: 52303, DB ID: 65972)
2025-12-26 18:23:10,748 - DEBUG - Upserted modifier: Cave Man Burger (V1 ID: 52304, DB ID: 65973)
2025-12-26 18:23:11,117 - DEBUG - Upserted modifier: Burger Balsamique au Fromage Bleu HIDE (V1 ID: 53360, DB ID: 65974)
2025-12-26 18:23:11,459 - DEBUG - Upserted modifier: Burger Farci Maison HIDE (V1 ID: 53361, DB ID: 65975)
2025-12-26 18:23:11,807 - DEBUG - Upserted modifier: Burger Rondelle (V1 ID: 53225, DB ID: 65976)
2025-12-26 18:23:12,152 - DEBUG - Upserted modifier: Burger Balsamique au Fromage Bleu (V1 ID: 53226, DB ID: 65977)
2025-12-26 18:23:12,494 - DEBUG - Upserted modifier: Burger Épicé Jack (V1 ID: 53227, DB ID: 65978)
2025-12-26 18:23:12,849 - DEBUG - Upserted modifier: Burger Farci Maison (V1 ID: 53228, DB ID: 65979)
2025-12-26 18:23:13,203 - DEBUG - Upserted modifier: Burger Farci Épicé HIDE (V1 ID: 53229, DB ID: 65980)
2025-12-26 18:23:13,589 - DEBUG - Upserted modifier: Burger Philly Steak (V1 ID: 53230, DB ID: 65981)
2025-12-26 18:23:13,940 - DEBUG - Upserted modifier: Burger Habanero (V1 ID: 53231, DB ID: 65982)
2025-12-26 18:23:14,300 - DEBUG - Upserted modifier: Burger Habanero (V1 ID: 53232, DB ID: 65983)
2025-12-26 18:23:14,671 - DEBUG - Upserted modifier: Burger Poutine HIDE (V1 ID: 53233, DB ID: 65984)
2025-12-26 18:23:15,042 - DEBUG - Upserted modifier: Crazy Burger HIDE (V1 ID: 53234, DB ID: 65985)
2025-12-26 18:23:15,388 - DEBUG - Upserted modifier: Burger Vegas HIDE (V1 ID: 53235, DB ID: 65987)
2025-12-26 18:23:15,728 - DEBUG - Upserted modifier: Burger La Meat Lover HIDE (V1 ID: 53236, DB ID: 65989)
2025-12-26 18:23:16,077 - DEBUG - Upserted modifier: Burger au Poulet Piquant HIDE (V1 ID: 53237, DB ID: 65991)
2025-12-26 18:23:16,427 - DEBUG - Upserted modifier: Burger Extrême HIDE (V1 ID: 50719, DB ID: 65993)
2025-12-26 18:23:16,777 - DEBUG - Upserted modifier: Burger au Poulet Piquant (V1 ID: 51341, DB ID: 65995)
2025-12-26 18:23:17,128 - DEBUG - Upserted modifier: Burger Farci Signature HIDE (V1 ID: 51342, DB ID: 65997)
2025-12-26 18:23:17,468 - DEBUG - Upserted modifier: Burger Québécois (V1 ID: 44316, DB ID: 65999)
2025-12-26 18:23:17,819 - DEBUG - Upserted modifier: Burger Ultime (V1 ID: 44317, DB ID: 66001)
2025-12-26 18:23:18,163 - DEBUG - Upserted modifier: Burger Jumbo (V1 ID: 44318, DB ID: 66003)
2025-12-26 18:23:18,518 - DEBUG - Upserted modifier: Burger Jack (V1 ID: 44319, DB ID: 66005)
2025-12-26 18:23:18,860 - DEBUG - Upserted modifier: Burger Festive (V1 ID: 44320, DB ID: 66007)
2025-12-26 18:23:19,205 - DEBUG - Upserted modifier: Burger Poutine (V1 ID: 44321, DB ID: 66009)
2025-12-26 18:23:19,551 - DEBUG - Upserted modifier: Burger au Poulet Croustillant (V1 ID: 44323, DB ID: 66011)
2025-12-26 18:23:19,896 - DEBUG - Upserted modifier: Burger World (V1 ID: 44322, DB ID: 66013)
2025-12-26 18:23:20,248 - DEBUG - Upserted modifier: Burger Vieux Hull (V1 ID: 44324, DB ID: 66014)
2025-12-26 18:23:20,590 - DEBUG - Upserted modifier: Burger au Poulet Piquant (V1 ID: 44328, DB ID: 66016)
2025-12-26 18:23:20,931 - DEBUG - Upserted modifier: Burger Champignons Sautées (V1 ID: 45043, DB ID: 66017)
2025-12-26 18:23:21,286 - DEBUG - Upserted modifier: Burger Original (V1 ID: 45044, DB ID: 66019)
2025-12-26 18:23:21,638 - DEBUG - Upserted modifier: Burger Suprème (V1 ID: 45045, DB ID: 66020)
2025-12-26 18:23:21,999 - DEBUG - Upserted modifier: Crazy Burger (V1 ID: 45046, DB ID: 66022)
2025-12-26 18:23:22,361 - DEBUG - Upserted modifier: Burger Canadienne (V1 ID: 50164, DB ID: 66023)
2025-12-26 18:23:22,700 - DEBUG - Upserted modifier: Burger Vegas (V1 ID: 50165, DB ID: 66024)
2025-12-26 18:23:23,041 - DEBUG - Upserted modifier: Burger La Meat Lover (V1 ID: 44327, DB ID: 66026)
2025-12-26 18:23:23,402 - DEBUG - Upserted modifier: Burger World (V1 ID: 48633, DB ID: 66027)
2025-12-26 18:23:23,754 - DEBUG - Upserted modifier: Burger Mexicaine (V1 ID: 48634, DB ID: 66029)
2025-12-26 18:23:24,114 - DEBUG - Upserted modifier: Burger La Hawaïenne (V1 ID: 44325, DB ID: 66030)
2025-12-26 18:23:24,469 - DEBUG - Upserted modifier: Burger La Favori (V1 ID: 44326, DB ID: 66032)
2025-12-26 18:23:24,816 - DEBUG - Upserted modifier: Burger Farci de Fromage (V1 ID: 44329, DB ID: 66033)
2025-12-26 18:23:25,164 - DEBUG - Upserted modifier: Burger Farci Signature (V1 ID: 44330, DB ID: 66035)
2025-12-26 18:23:25,525 - DEBUG - Upserted modifier: Burger Farci Épicé (V1 ID: 44331, DB ID: 66036)
2025-12-26 18:23:25,890 - DEBUG - Upserted modifier: Burger Farci La Maison (V1 ID: 44332, DB ID: 66038)
2025-12-26 18:23:26,232 - DEBUG - Upserted modifier: Burger Grecque (V1 ID: 45047, DB ID: 66039)
2025-12-26 18:23:26,593 - DEBUG - Upserted modifier: Burger Le Favori (V1 ID: 48632, DB ID: 66040)
2025-12-26 18:23:26,948 - DEBUG - Upserted modifier: Poutine Classique (V1 ID: 44333, DB ID: 66042)
2025-12-26 18:23:27,309 - DEBUG - Upserted modifier: Poutine Canadienne (V1 ID: 44334, DB ID: 66044)
2025-12-26 18:23:27,673 - DEBUG - Upserted modifier: Poutine La Meat Lover (V1 ID: 44335, DB ID: 66046)
2025-12-26 18:23:28,022 - DEBUG - Upserted modifier: Poutine Italienne (V1 ID: 51540, DB ID: 66048)
2025-12-26 18:23:28,370 - DEBUG - Upserted modifier: Poutine au Sauce Chipotle (V1 ID: 51541, DB ID: 66050)
2025-12-26 18:23:28,755 - DEBUG - Upserted modifier: Poutine Végé Sans Fromage (V1 ID: 51542, DB ID: 66052)
2025-12-26 18:23:29,126 - DEBUG - Upserted modifier: Poutine au Poulet Buffalo (V1 ID: 51543, DB ID: 66054)
2025-12-26 18:23:29,498 - DEBUG - Upserted modifier: Poutine Montréal (V1 ID: 51544, DB ID: 66056)
2025-12-26 18:23:29,863 - DEBUG - Upserted modifier: Poutine Philly Steak (V1 ID: 51545, DB ID: 66058)
2025-12-26 18:23:30,220 - DEBUG - Upserted modifier: Poutine Rondelles (V1 ID: 51546, DB ID: 66060)
2025-12-26 18:23:30,573 - DEBUG - Upserted modifier: Poutine Las Vegas (V1 ID: 51547, DB ID: 66061)
2025-12-26 18:23:30,911 - DEBUG - Modifier group already exists: Les Burgers Nouveaux (ID: 83)
2025-12-26 18:23:31,130 - DEBUG - Upserted modifier: Tex Mex Burger (V1 ID: 52299, DB ID: 66064)
2025-12-26 18:23:31,486 - DEBUG - Upserted modifier: Smokey Mountain Burger (V1 ID: 52300, DB ID: 66066)
2025-12-26 18:23:31,822 - DEBUG - Upserted modifier: Nacho Burger (V1 ID: 52301, DB ID: 66068)
2025-12-26 18:23:32,176 - DEBUG - Upserted modifier: Burger Balsamique au Fromage Bleu (V1 ID: 52302, DB ID: 66070)
2025-12-26 18:23:32,530 - DEBUG - Upserted modifier: Crazy Cheesy Burger (V1 ID: 52303, DB ID: 66072)
2025-12-26 18:23:32,913 - DEBUG - Upserted modifier: Cave Man Burger (V1 ID: 52304, DB ID: 66074)
2025-12-26 18:23:33,280 - DEBUG - Upserted modifier: Burger Balsamique au Fromage Bleu HIDE (V1 ID: 53360, DB ID: 66076)
2025-12-26 18:23:33,654 - DEBUG - Upserted modifier: Burger Farci Maison HIDE (V1 ID: 53361, DB ID: 66078)
2025-12-26 18:23:34,020 - DEBUG - Upserted modifier: Burger Rondelle (V1 ID: 53225, DB ID: 66080)
2025-12-26 18:23:34,403 - DEBUG - Upserted modifier: Burger Balsamique au Fromage Bleu (V1 ID: 53226, DB ID: 66082)
2025-12-26 18:23:34,746 - DEBUG - Upserted modifier: Burger Épicé Jack (V1 ID: 53227, DB ID: 66084)
2025-12-26 18:23:35,091 - DEBUG - Upserted modifier: Burger Farci Maison (V1 ID: 53228, DB ID: 66086)
2025-12-26 18:23:35,436 - DEBUG - Upserted modifier: Burger Farci Épicé HIDE (V1 ID: 53229, DB ID: 66087)
2025-12-26 18:23:35,791 - DEBUG - Upserted modifier: Burger Philly Steak (V1 ID: 53230, DB ID: 66089)
2025-12-26 18:23:36,154 - DEBUG - Upserted modifier: Burger Habanero (V1 ID: 53231, DB ID: 66091)
2025-12-26 18:23:36,495 - DEBUG - Upserted modifier: Burger Habanero (V1 ID: 53232, DB ID: 66093)
2025-12-26 18:23:36,840 - DEBUG - Upserted modifier: Burger Poutine HIDE (V1 ID: 53233, DB ID: 66095)
2025-12-26 18:23:37,181 - DEBUG - Upserted modifier: Crazy Burger HIDE (V1 ID: 53234, DB ID: 66097)
2025-12-26 18:23:37,541 - DEBUG - Upserted modifier: Burger Vegas HIDE (V1 ID: 53235, DB ID: 66099)
2025-12-26 18:23:37,895 - DEBUG - Upserted modifier: Burger La Meat Lover HIDE (V1 ID: 53236, DB ID: 66101)
2025-12-26 18:23:38,276 - DEBUG - Upserted modifier: Burger au Poulet Piquant HIDE (V1 ID: 53237, DB ID: 66103)
2025-12-26 18:23:38,631 - DEBUG - Upserted modifier: Burger Extrême HIDE (V1 ID: 50719, DB ID: 66105)
2025-12-26 18:23:38,997 - DEBUG - Upserted modifier: Burger au Poulet Piquant (V1 ID: 51341, DB ID: 66107)
2025-12-26 18:23:39,349 - DEBUG - Upserted modifier: Burger Farci Signature HIDE (V1 ID: 51342, DB ID: 66109)
2025-12-26 18:23:39,706 - DEBUG - Upserted modifier: Burger Québécois (V1 ID: 44316, DB ID: 66111)
2025-12-26 18:23:40,042 - DEBUG - Upserted modifier: Burger Ultime (V1 ID: 44317, DB ID: 66113)
2025-12-26 18:23:40,392 - DEBUG - Upserted modifier: Burger Jumbo (V1 ID: 44318, DB ID: 66115)
2025-12-26 18:23:40,749 - DEBUG - Upserted modifier: Burger Jack (V1 ID: 44319, DB ID: 66117)
2025-12-26 18:23:41,106 - DEBUG - Upserted modifier: Burger Festive (V1 ID: 44320, DB ID: 66119)
2025-12-26 18:23:41,460 - DEBUG - Upserted modifier: Burger Poutine (V1 ID: 44321, DB ID: 66120)
2025-12-26 18:23:41,803 - DEBUG - Upserted modifier: Burger au Poulet Croustillant (V1 ID: 44323, DB ID: 66122)
2025-12-26 18:23:42,144 - DEBUG - Upserted modifier: Burger World (V1 ID: 44322, DB ID: 66124)
2025-12-26 18:23:42,512 - DEBUG - Upserted modifier: Burger Vieux Hull (V1 ID: 44324, DB ID: 66126)
2025-12-26 18:23:42,855 - DEBUG - Upserted modifier: Burger au Poulet Piquant (V1 ID: 44328, DB ID: 66128)
2025-12-26 18:23:43,202 - DEBUG - Upserted modifier: Burger Champignons Sautées (V1 ID: 45043, DB ID: 66130)
2025-12-26 18:23:43,551 - DEBUG - Upserted modifier: Burger Original (V1 ID: 45044, DB ID: 66132)
2025-12-26 18:23:43,930 - DEBUG - Upserted modifier: Burger Suprème (V1 ID: 45045, DB ID: 66134)
2025-12-26 18:23:44,268 - DEBUG - Upserted modifier: Crazy Burger (V1 ID: 45046, DB ID: 66136)
2025-12-26 18:23:44,631 - DEBUG - Upserted modifier: Burger Canadienne (V1 ID: 50164, DB ID: 66138)
2025-12-26 18:23:45,011 - DEBUG - Upserted modifier: Burger Vegas (V1 ID: 50165, DB ID: 66140)
2025-12-26 18:23:45,352 - DEBUG - Upserted modifier: Burger La Meat Lover (V1 ID: 44327, DB ID: 66142)
2025-12-26 18:23:45,705 - DEBUG - Upserted modifier: Burger World (V1 ID: 48633, DB ID: 66144)
2025-12-26 18:23:46,062 - DEBUG - Upserted modifier: Burger Mexicaine (V1 ID: 48634, DB ID: 66146)
2025-12-26 18:23:46,418 - DEBUG - Upserted modifier: Burger La Hawaïenne (V1 ID: 44325, DB ID: 66148)
2025-12-26 18:23:46,760 - DEBUG - Upserted modifier: Burger La Favori (V1 ID: 44326, DB ID: 66150)
2025-12-26 18:23:47,112 - DEBUG - Upserted modifier: Burger Farci de Fromage (V1 ID: 44329, DB ID: 66152)
2025-12-26 18:23:47,455 - DEBUG - Upserted modifier: Burger Farci Signature (V1 ID: 44330, DB ID: 66154)
2025-12-26 18:23:47,797 - DEBUG - Upserted modifier: Burger Farci Épicé (V1 ID: 44331, DB ID: 66156)
2025-12-26 18:23:48,149 - DEBUG - Upserted modifier: Burger Farci La Maison (V1 ID: 44332, DB ID: 66158)
2025-12-26 18:23:48,512 - DEBUG - Upserted modifier: Burger Grecque (V1 ID: 45047, DB ID: 66159)
2025-12-26 18:23:48,863 - DEBUG - Upserted modifier: Burger Le Favori (V1 ID: 48632, DB ID: 66161)
2025-12-26 18:23:49,202 - DEBUG - Upserted modifier: Poutine Classique (V1 ID: 44333, DB ID: 66163)
2025-12-26 18:23:49,545 - DEBUG - Upserted modifier: Poutine Canadienne (V1 ID: 44334, DB ID: 66165)
2025-12-26 18:23:49,902 - DEBUG - Upserted modifier: Poutine La Meat Lover (V1 ID: 44335, DB ID: 66167)
2025-12-26 18:23:50,242 - DEBUG - Upserted modifier: Poutine Italienne (V1 ID: 51540, DB ID: 66169)
2025-12-26 18:23:50,586 - DEBUG - Upserted modifier: Poutine au Sauce Chipotle (V1 ID: 51541, DB ID: 66171)
2025-12-26 18:23:50,934 - DEBUG - Upserted modifier: Poutine Végé Sans Fromage (V1 ID: 51542, DB ID: 66173)
2025-12-26 18:23:51,296 - DEBUG - Upserted modifier: Poutine au Poulet Buffalo (V1 ID: 51543, DB ID: 66175)
2025-12-26 18:23:51,641 - DEBUG - Upserted modifier: Poutine Montréal (V1 ID: 51544, DB ID: 66177)
2025-12-26 18:23:51,991 - DEBUG - Upserted modifier: Poutine Philly Steak (V1 ID: 51545, DB ID: 66179)
2025-12-26 18:23:52,346 - DEBUG - Upserted modifier: Poutine Rondelles (V1 ID: 51546, DB ID: 66181)
2025-12-26 18:23:52,694 - DEBUG - Upserted modifier: Poutine Las Vegas (V1 ID: 51547, DB ID: 66183)
2025-12-26 18:23:53,034 - DEBUG - Modifier group already exists: Burgers Classique (ID: 90)
2025-12-26 18:23:53,245 - DEBUG - Upserted modifier: Tex Mex Burger (V1 ID: 52299, DB ID: 66185)
2025-12-26 18:23:53,598 - DEBUG - Upserted modifier: Smokey Mountain Burger (V1 ID: 52300, DB ID: 66187)
2025-12-26 18:23:53,933 - DEBUG - Upserted modifier: Nacho Burger (V1 ID: 52301, DB ID: 66188)
2025-12-26 18:23:54,288 - DEBUG - Upserted modifier: Burger Balsamique au Fromage Bleu (V1 ID: 52302, DB ID: 66190)
2025-12-26 18:23:54,618 - DEBUG - Upserted modifier: Crazy Cheesy Burger (V1 ID: 52303, DB ID: 66191)
2025-12-26 18:23:54,953 - DEBUG - Upserted modifier: Cave Man Burger (V1 ID: 52304, DB ID: 66193)
2025-12-26 18:23:55,303 - DEBUG - Upserted modifier: Burger Balsamique au Fromage Bleu HIDE (V1 ID: 53360, DB ID: 66194)
2025-12-26 18:23:55,653 - DEBUG - Upserted modifier: Burger Farci Maison HIDE (V1 ID: 53361, DB ID: 66196)
2025-12-26 18:23:56,004 - DEBUG - Upserted modifier: Burger Rondelle (V1 ID: 53225, DB ID: 66197)
2025-12-26 18:23:56,348 - DEBUG - Upserted modifier: Burger Balsamique au Fromage Bleu (V1 ID: 53226, DB ID: 66198)
2025-12-26 18:23:56,698 - DEBUG - Upserted modifier: Burger Épicé Jack (V1 ID: 53227, DB ID: 66200)
2025-12-26 18:23:57,067 - DEBUG - Upserted modifier: Burger Farci Maison (V1 ID: 53228, DB ID: 66201)
2025-12-26 18:23:57,425 - DEBUG - Upserted modifier: Burger Farci Épicé HIDE (V1 ID: 53229, DB ID: 66203)
2025-12-26 18:23:57,774 - DEBUG - Upserted modifier: Burger Philly Steak (V1 ID: 53230, DB ID: 66204)
2025-12-26 18:23:58,123 - DEBUG - Upserted modifier: Burger Habanero (V1 ID: 53231, DB ID: 66206)
2025-12-26 18:23:58,476 - DEBUG - Upserted modifier: Burger Habanero (V1 ID: 53232, DB ID: 66207)
2025-12-26 18:23:58,841 - DEBUG - Upserted modifier: Burger Poutine HIDE (V1 ID: 53233, DB ID: 66209)
2025-12-26 18:23:59,209 - DEBUG - Upserted modifier: Crazy Burger HIDE (V1 ID: 53234, DB ID: 66210)
2025-12-26 18:23:59,556 - DEBUG - Upserted modifier: Burger Vegas HIDE (V1 ID: 53235, DB ID: 66212)
2025-12-26 18:23:59,907 - DEBUG - Upserted modifier: Burger La Meat Lover HIDE (V1 ID: 53236, DB ID: 66213)
2025-12-26 18:24:00,264 - DEBUG - Upserted modifier: Burger au Poulet Piquant HIDE (V1 ID: 53237, DB ID: 66214)
2025-12-26 18:24:00,621 - DEBUG - Upserted modifier: Burger Extrême HIDE (V1 ID: 50719, DB ID: 66216)
2025-12-26 18:24:00,969 - DEBUG - Upserted modifier: Burger au Poulet Piquant (V1 ID: 51341, DB ID: 66218)
2025-12-26 18:24:01,333 - DEBUG - Upserted modifier: Burger Farci Signature HIDE (V1 ID: 51342, DB ID: 66220)
2025-12-26 18:24:01,680 - DEBUG - Upserted modifier: Burger Québécois (V1 ID: 44316, DB ID: 66222)
2025-12-26 18:24:02,045 - DEBUG - Upserted modifier: Burger Ultime (V1 ID: 44317, DB ID: 66224)
2025-12-26 18:24:02,405 - DEBUG - Upserted modifier: Burger Jumbo (V1 ID: 44318, DB ID: 66226)
2025-12-26 18:24:02,737 - DEBUG - Upserted modifier: Burger Jack (V1 ID: 44319, DB ID: 66228)
2025-12-26 18:24:03,090 - DEBUG - Upserted modifier: Burger Festive (V1 ID: 44320, DB ID: 66230)
2025-12-26 18:24:03,431 - DEBUG - Upserted modifier: Burger Poutine (V1 ID: 44321, DB ID: 66232)
2025-12-26 18:24:03,772 - DEBUG - Upserted modifier: Burger au Poulet Croustillant (V1 ID: 44323, DB ID: 66234)
2025-12-26 18:24:04,120 - DEBUG - Upserted modifier: Burger World (V1 ID: 44322, DB ID: 66236)
2025-12-26 18:24:04,480 - DEBUG - Upserted modifier: Burger Vieux Hull (V1 ID: 44324, DB ID: 66238)
2025-12-26 18:24:04,812 - DEBUG - Upserted modifier: Burger au Poulet Piquant (V1 ID: 44328, DB ID: 66240)
2025-12-26 18:24:05,156 - DEBUG - Upserted modifier: Burger Champignons Sautées (V1 ID: 45043, DB ID: 66241)
2025-12-26 18:24:05,505 - DEBUG - Upserted modifier: Burger Original (V1 ID: 45044, DB ID: 66243)
2025-12-26 18:24:05,846 - DEBUG - Upserted modifier: Burger Suprème (V1 ID: 45045, DB ID: 66245)
2025-12-26 18:24:06,183 - DEBUG - Upserted modifier: Crazy Burger (V1 ID: 45046, DB ID: 66247)
2025-12-26 18:24:06,552 - DEBUG - Upserted modifier: Burger Canadienne (V1 ID: 50164, DB ID: 66249)
2025-12-26 18:24:06,904 - DEBUG - Upserted modifier: Burger Vegas (V1 ID: 50165, DB ID: 66251)
2025-12-26 18:24:07,265 - DEBUG - Upserted modifier: Burger La Meat Lover (V1 ID: 44327, DB ID: 66253)
2025-12-26 18:24:07,606 - DEBUG - Upserted modifier: Burger World (V1 ID: 48633, DB ID: 66255)
2025-12-26 18:24:07,954 - DEBUG - Upserted modifier: Burger Mexicaine (V1 ID: 48634, DB ID: 66257)
2025-12-26 18:24:08,300 - DEBUG - Upserted modifier: Burger La Hawaïenne (V1 ID: 44325, DB ID: 66259)
2025-12-26 18:24:08,660 - DEBUG - Upserted modifier: Burger La Favori (V1 ID: 44326, DB ID: 66261)
2025-12-26 18:24:09,015 - DEBUG - Upserted modifier: Burger Farci de Fromage (V1 ID: 44329, DB ID: 66263)
2025-12-26 18:24:09,361 - DEBUG - Upserted modifier: Burger Farci Signature (V1 ID: 44330, DB ID: 66265)
2025-12-26 18:24:09,709 - DEBUG - Upserted modifier: Burger Farci Épicé (V1 ID: 44331, DB ID: 66267)
2025-12-26 18:24:10,052 - DEBUG - Upserted modifier: Burger Farci La Maison (V1 ID: 44332, DB ID: 66269)
2025-12-26 18:24:10,406 - DEBUG - Upserted modifier: Burger Grecque (V1 ID: 45047, DB ID: 66270)
2025-12-26 18:24:10,762 - DEBUG - Upserted modifier: Burger Le Favori (V1 ID: 48632, DB ID: 66272)
2025-12-26 18:24:11,103 - DEBUG - Upserted modifier: Poutine Classique (V1 ID: 44333, DB ID: 66274)
2025-12-26 18:24:11,438 - DEBUG - Upserted modifier: Poutine Canadienne (V1 ID: 44334, DB ID: 66276)
2025-12-26 18:24:11,789 - DEBUG - Upserted modifier: Poutine La Meat Lover (V1 ID: 44335, DB ID: 66278)
2025-12-26 18:24:12,130 - DEBUG - Upserted modifier: Poutine Italienne (V1 ID: 51540, DB ID: 66280)
2025-12-26 18:24:12,468 - DEBUG - Upserted modifier: Poutine au Sauce Chipotle (V1 ID: 51541, DB ID: 66282)
2025-12-26 18:24:12,841 - DEBUG - Upserted modifier: Poutine Végé Sans Fromage (V1 ID: 51542, DB ID: 66284)
2025-12-26 18:24:13,209 - DEBUG - Upserted modifier: Poutine au Poulet Buffalo (V1 ID: 51543, DB ID: 66286)
2025-12-26 18:24:13,568 - DEBUG - Upserted modifier: Poutine Montréal (V1 ID: 51544, DB ID: 66288)
2025-12-26 18:24:13,924 - DEBUG - Upserted modifier: Poutine Philly Steak (V1 ID: 51545, DB ID: 66290)
2025-12-26 18:24:14,274 - DEBUG - Upserted modifier: Poutine Rondelles (V1 ID: 51546, DB ID: 66292)
2025-12-26 18:24:14,633 - DEBUG - Upserted modifier: Poutine Las Vegas (V1 ID: 51547, DB ID: 66294)
2025-12-26 18:24:14,992 - DEBUG - Modifier group already exists: Burgers Farcies (ID: 95)
2025-12-26 18:24:15,203 - DEBUG - Upserted modifier: Tex Mex Burger (V1 ID: 52299, DB ID: 66296)
2025-12-26 18:24:15,540 - DEBUG - Upserted modifier: Smokey Mountain Burger (V1 ID: 52300, DB ID: 66298)
2025-12-26 18:24:15,879 - DEBUG - Upserted modifier: Nacho Burger (V1 ID: 52301, DB ID: 66300)
2025-12-26 18:24:16,232 - DEBUG - Upserted modifier: Burger Balsamique au Fromage Bleu (V1 ID: 52302, DB ID: 66302)
2025-12-26 18:24:16,614 - DEBUG - Upserted modifier: Crazy Cheesy Burger (V1 ID: 52303, DB ID: 66304)
2025-12-26 18:24:16,967 - DEBUG - Upserted modifier: Cave Man Burger (V1 ID: 52304, DB ID: 66306)
2025-12-26 18:24:17,320 - DEBUG - Upserted modifier: Burger Balsamique au Fromage Bleu HIDE (V1 ID: 53360, DB ID: 66308)
2025-12-26 18:24:17,672 - DEBUG - Upserted modifier: Burger Farci Maison HIDE (V1 ID: 53361, DB ID: 66310)
2025-12-26 18:24:18,023 - DEBUG - Upserted modifier: Burger Rondelle (V1 ID: 53225, DB ID: 66312)
2025-12-26 18:24:18,366 - DEBUG - Upserted modifier: Burger Balsamique au Fromage Bleu (V1 ID: 53226, DB ID: 66314)
2025-12-26 18:24:18,716 - DEBUG - Upserted modifier: Burger Épicé Jack (V1 ID: 53227, DB ID: 66316)
2025-12-26 18:24:19,064 - DEBUG - Upserted modifier: Burger Farci Maison (V1 ID: 53228, DB ID: 66318)
2025-12-26 18:24:19,411 - DEBUG - Upserted modifier: Burger Farci Épicé HIDE (V1 ID: 53229, DB ID: 66320)
2025-12-26 18:24:19,766 - DEBUG - Upserted modifier: Burger Philly Steak (V1 ID: 53230, DB ID: 66322)
2025-12-26 18:24:20,110 - DEBUG - Upserted modifier: Burger Habanero (V1 ID: 53231, DB ID: 66324)
2025-12-26 18:24:20,481 - DEBUG - Upserted modifier: Burger Habanero (V1 ID: 53232, DB ID: 66326)
2025-12-26 18:24:20,832 - DEBUG - Upserted modifier: Burger Poutine HIDE (V1 ID: 53233, DB ID: 66328)
2025-12-26 18:24:21,170 - DEBUG - Upserted modifier: Crazy Burger HIDE (V1 ID: 53234, DB ID: 66329)
2025-12-26 18:24:21,515 - DEBUG - Upserted modifier: Burger Vegas HIDE (V1 ID: 53235, DB ID: 66331)
2025-12-26 18:24:21,874 - DEBUG - Upserted modifier: Burger La Meat Lover HIDE (V1 ID: 53236, DB ID: 66333)
2025-12-26 18:24:22,213 - DEBUG - Upserted modifier: Burger au Poulet Piquant HIDE (V1 ID: 53237, DB ID: 66335)
2025-12-26 18:24:22,561 - DEBUG - Upserted modifier: Burger Extrême HIDE (V1 ID: 50719, DB ID: 66337)
2025-12-26 18:24:22,914 - DEBUG - Upserted modifier: Burger au Poulet Piquant (V1 ID: 51341, DB ID: 66339)
2025-12-26 18:24:23,268 - DEBUG - Upserted modifier: Burger Farci Signature HIDE (V1 ID: 51342, DB ID: 66341)
2025-12-26 18:24:23,626 - DEBUG - Upserted modifier: Burger Québécois (V1 ID: 44316, DB ID: 66343)
2025-12-26 18:24:23,985 - DEBUG - Upserted modifier: Burger Ultime (V1 ID: 44317, DB ID: 66345)
2025-12-26 18:24:24,343 - DEBUG - Upserted modifier: Burger Jumbo (V1 ID: 44318, DB ID: 66347)
2025-12-26 18:24:24,696 - DEBUG - Upserted modifier: Burger Jack (V1 ID: 44319, DB ID: 66349)
2025-12-26 18:24:25,073 - DEBUG - Upserted modifier: Burger Festive (V1 ID: 44320, DB ID: 66351)
2025-12-26 18:24:25,416 - DEBUG - Upserted modifier: Burger Poutine (V1 ID: 44321, DB ID: 66353)
2025-12-26 18:24:25,768 - DEBUG - Upserted modifier: Burger au Poulet Croustillant (V1 ID: 44323, DB ID: 66355)
2025-12-26 18:24:26,116 - DEBUG - Upserted modifier: Burger World (V1 ID: 44322, DB ID: 66357)
2025-12-26 18:24:26,483 - DEBUG - Upserted modifier: Burger Vieux Hull (V1 ID: 44324, DB ID: 66359)
2025-12-26 18:24:26,853 - DEBUG - Upserted modifier: Burger au Poulet Piquant (V1 ID: 44328, DB ID: 66361)
2025-12-26 18:24:27,193 - DEBUG - Upserted modifier: Burger Champignons Sautées (V1 ID: 45043, DB ID: 66363)
2025-12-26 18:24:27,549 - DEBUG - Upserted modifier: Burger Original (V1 ID: 45044, DB ID: 66365)
2025-12-26 18:24:27,889 - DEBUG - Upserted modifier: Burger Suprème (V1 ID: 45045, DB ID: 66367)
2025-12-26 18:24:28,230 - DEBUG - Upserted modifier: Crazy Burger (V1 ID: 45046, DB ID: 66368)
2025-12-26 18:24:28,593 - DEBUG - Upserted modifier: Burger Canadienne (V1 ID: 50164, DB ID: 66370)
2025-12-26 18:24:28,956 - DEBUG - Upserted modifier: Burger Vegas (V1 ID: 50165, DB ID: 66371)
2025-12-26 18:24:29,288 - DEBUG - Upserted modifier: Burger La Meat Lover (V1 ID: 44327, DB ID: 66373)
2025-12-26 18:24:29,625 - DEBUG - Upserted modifier: Burger World (V1 ID: 48633, DB ID: 66374)
2025-12-26 18:24:29,982 - DEBUG - Upserted modifier: Burger Mexicaine (V1 ID: 48634, DB ID: 66375)
2025-12-26 18:24:30,340 - DEBUG - Upserted modifier: Burger La Hawaïenne (V1 ID: 44325, DB ID: 66377)
2025-12-26 18:24:30,692 - DEBUG - Upserted modifier: Burger La Favori (V1 ID: 44326, DB ID: 66378)
2025-12-26 18:24:31,030 - DEBUG - Upserted modifier: Burger Farci de Fromage (V1 ID: 44329, DB ID: 66380)
2025-12-26 18:24:31,373 - DEBUG - Upserted modifier: Burger Farci Signature (V1 ID: 44330, DB ID: 66381)
2025-12-26 18:24:31,729 - DEBUG - Upserted modifier: Burger Farci Épicé (V1 ID: 44331, DB ID: 66383)
2025-12-26 18:24:32,076 - DEBUG - Upserted modifier: Burger Farci La Maison (V1 ID: 44332, DB ID: 66384)
2025-12-26 18:24:32,430 - DEBUG - Upserted modifier: Burger Grecque (V1 ID: 45047, DB ID: 66386)
2025-12-26 18:24:32,788 - DEBUG - Upserted modifier: Burger Le Favori (V1 ID: 48632, DB ID: 66387)
2025-12-26 18:24:33,152 - DEBUG - Upserted modifier: Poutine Classique (V1 ID: 44333, DB ID: 66389)
2025-12-26 18:24:33,497 - DEBUG - Upserted modifier: Poutine Canadienne (V1 ID: 44334, DB ID: 66390)
2025-12-26 18:24:33,845 - DEBUG - Upserted modifier: Poutine La Meat Lover (V1 ID: 44335, DB ID: 66391)
2025-12-26 18:24:34,201 - DEBUG - Upserted modifier: Poutine Italienne (V1 ID: 51540, DB ID: 66393)
2025-12-26 18:24:34,548 - DEBUG - Upserted modifier: Poutine au Sauce Chipotle (V1 ID: 51541, DB ID: 66394)
2025-12-26 18:24:34,910 - DEBUG - Upserted modifier: Poutine Végé Sans Fromage (V1 ID: 51542, DB ID: 66395)
2025-12-26 18:24:35,250 - DEBUG - Upserted modifier: Poutine au Poulet Buffalo (V1 ID: 51543, DB ID: 66396)
2025-12-26 18:24:35,596 - DEBUG - Upserted modifier: Poutine Montréal (V1 ID: 51544, DB ID: 66397)
2025-12-26 18:24:35,946 - DEBUG - Upserted modifier: Poutine Philly Steak (V1 ID: 51545, DB ID: 66398)
2025-12-26 18:24:36,285 - DEBUG - Upserted modifier: Poutine Rondelles (V1 ID: 51546, DB ID: 66399)
2025-12-26 18:24:36,661 - DEBUG - Upserted modifier: Poutine Las Vegas (V1 ID: 51547, DB ID: 66400)
2025-12-26 18:24:37,014 - INFO -   Groups: 14, Modifiers: 589, Prices: 589
2025-12-26 18:24:37,015 - INFO - ----------------------------------------
2025-12-26 18:24:37,018 - INFO - Processing: Mozza Pizza Gatineau (V3: 1011, V1: 132)
2025-12-26 18:24:37,019 - INFO - Navigating to modifier groups page: https://menuadmin.menu.ca/?p=restaurants&display=editRestaurant&restaurant=132&load=ingredientGroups&showLang=fr
2025-12-26 18:24:38,000 - DEBUG - Expanding all modifier group divs...
2025-12-26 18:24:38,539 - DEBUG - Group 1363: 19 active modifiers
2025-12-26 18:24:38,539 - DEBUG - Group 1364: 10 active modifiers
2025-12-26 18:24:38,539 - DEBUG - Group 1365: 9 active modifiers
2025-12-26 18:24:38,539 - DEBUG - Group 1366: 5 active modifiers
2025-12-26 18:24:38,539 - DEBUG - Group 1367: 4 active modifiers
2025-12-26 18:24:38,539 - DEBUG - Group 1368: 4 active modifiers
2025-12-26 18:24:38,540 - DEBUG - Group 1369: 3 active modifiers
2025-12-26 18:24:38,540 - DEBUG - Group 1370: 1 active modifiers
2025-12-26 18:24:38,645 - INFO - Processing modifier group: Pizza Toppings FR (ID: 1363)
2025-12-26 18:24:39,680 - INFO -   Found 27 modifiers (19 active, 8 inactive)
2025-12-26 18:24:39,699 - INFO - Processing modifier group: Pizza Toppings without Premium (ID: 1364)
2025-12-26 18:24:40,909 - INFO -   Found 27 modifiers (10 active, 17 inactive)
2025-12-26 18:24:40,930 - INFO - Processing modifier group: Premium Toppings (ID: 1365)
2025-12-26 18:24:42,259 - INFO -   Found 27 modifiers (9 active, 18 inactive)
2025-12-26 18:24:42,284 - INFO - Processing modifier group: Pizza Crust Type (ID: 1366)
2025-12-26 18:24:42,496 - INFO -   Found 5 modifiers (5 active, 0 inactive)
2025-12-26 18:24:42,514 - INFO - Processing modifier group: Pizza Crust Type without Stuffed crust (ID: 1367)
2025-12-26 18:24:42,713 - INFO -   Found 5 modifiers (3 active, 2 inactive)
2025-12-26 18:24:42,731 - INFO - Processing modifier group: Pizza Dips (ID: 1368)
2025-12-26 18:24:43,055 - INFO -   Found 7 modifiers (4 active, 3 inactive)
2025-12-26 18:24:43,078 - INFO - Processing modifier group: Wings Sauces Fr (ID: 1369)
2025-12-26 18:24:43,447 - INFO -   Found 7 modifiers (3 active, 4 inactive)
2025-12-26 18:24:43,466 - INFO - Processing modifier group: Wings Poutine (ID: 1370)
2025-12-26 18:24:43,745 - INFO -   Found 5 modifiers (1 active, 4 inactive)
2025-12-26 18:24:43,746 - INFO - Total modifier groups extracted: 8
2025-12-26 18:24:43,869 - DEBUG - Modifier group already exists: Pizza Toppings FR (ID: 39)
2025-12-26 18:24:44,082 - DEBUG - Upserted modifier: Jambon HIDE (V1 ID: 39689, DB ID: 66401)
2025-12-26 18:24:44,439 - DEBUG - Upserted modifier: Poulet HIDE (V1 ID: 39690, DB ID: 66402)
2025-12-26 18:24:44,781 - DEBUG - Upserted modifier: Bacon HIDE (V1 ID: 39691, DB ID: 66403)
2025-12-26 18:24:45,133 - DEBUG - Upserted modifier: Mozzarella Pizza (V1 ID: 49228, DB ID: 66404)
2025-12-26 18:24:45,483 - DEBUG - Upserted modifier: Mozzarella (V1 ID: 6859, DB ID: 66405)
2025-12-26 18:24:45,838 - DEBUG - Upserted modifier: Canadienne (V1 ID: 6870, DB ID: 66406)
2025-12-26 18:24:46,197 - DEBUG - Upserted modifier: Au Fromage (V1 ID: 37615, DB ID: 66408)
2025-12-26 18:24:46,532 - DEBUG - Upserted modifier: La Western (V1 ID: 36862, DB ID: 66410)
2025-12-26 18:24:46,882 - DEBUG - Upserted modifier: Poivrons Verts (V1 ID: 6465, DB ID: 66412)
2025-12-26 18:24:47,640 - DEBUG - Upserted modifier: Piments Forts (V1 ID: 6466, DB ID: 66415)
2025-12-26 18:24:48,417 - DEBUG - Upserted modifier: Oignons (V1 ID: 6467, DB ID: 66418)
2025-12-26 18:24:49,184 - DEBUG - Upserted modifier: Oignons Rouges (V1 ID: 6468, DB ID: 66420)
2025-12-26 18:24:49,942 - DEBUG - Upserted modifier: Tomate (V1 ID: 6469, DB ID: 66422)
2025-12-26 18:24:50,713 - DEBUG - Upserted modifier: Olives Vertes (V1 ID: 6470, DB ID: 66424)
2025-12-26 18:24:51,515 - DEBUG - Upserted modifier: Olives Noires (V1 ID: 6471, DB ID: 66426)
2025-12-26 18:24:52,340 - DEBUG - Upserted modifier: Champignon (V1 ID: 6472, DB ID: 66428)
2025-12-26 18:24:53,120 - DEBUG - Upserted modifier: Brocoli (V1 ID: 6473, DB ID: 66430)
2025-12-26 18:24:53,857 - DEBUG - Upserted modifier: Ananas (V1 ID: 6477, DB ID: 66432)
2025-12-26 18:24:54,619 - DEBUG - Upserted modifier: Fromage Feta (V1 ID: 6474, DB ID: 66434)
2025-12-26 18:24:55,443 - DEBUG - Upserted modifier: Double Fromage (V1 ID: 6478, DB ID: 66436)
2025-12-26 18:24:56,202 - DEBUG - Upserted modifier: Saucisse Italienne (V1 ID: 6460, DB ID: 66438)
2025-12-26 18:24:56,978 - DEBUG - Upserted modifier: Boulettes de Viande (V1 ID: 6461, DB ID: 66440)
2025-12-26 18:24:57,798 - DEBUG - Upserted modifier: Poulet (V1 ID: 6462, DB ID: 66443)
2025-12-26 18:24:58,557 - DEBUG - Upserted modifier: Beef Hachée (V1 ID: 6463, DB ID: 66445)
2025-12-26 18:24:59,337 - DEBUG - Upserted modifier: Pepperoni (V1 ID: 6457, DB ID: 66447)
2025-12-26 18:25:00,083 - DEBUG - Upserted modifier: Jambon (V1 ID: 6458, DB ID: 66448)
2025-12-26 18:25:00,836 - DEBUG - Upserted modifier: Bacon (V1 ID: 6459, DB ID: 66450)
2025-12-26 18:25:01,592 - DEBUG - Modifier group already exists: Pizza Toppings without Premium (ID: 40)
2025-12-26 18:25:01,806 - DEBUG - Upserted modifier: Jambon HIDE (V1 ID: 39689, DB ID: 66453)
2025-12-26 18:25:02,163 - DEBUG - Upserted modifier: Poulet HIDE (V1 ID: 39690, DB ID: 66454)
2025-12-26 18:25:02,514 - DEBUG - Upserted modifier: Bacon HIDE (V1 ID: 39691, DB ID: 66456)
2025-12-26 18:25:02,864 - DEBUG - Upserted modifier: Mozzarella Pizza (V1 ID: 49228, DB ID: 66457)
2025-12-26 18:25:03,219 - DEBUG - Upserted modifier: Mozzarella (V1 ID: 6859, DB ID: 66458)
2025-12-26 18:25:03,549 - DEBUG - Upserted modifier: Canadienne (V1 ID: 6870, DB ID: 66460)
2025-12-26 18:25:03,890 - DEBUG - Upserted modifier: Au Fromage (V1 ID: 37615, DB ID: 66462)
2025-12-26 18:25:04,235 - DEBUG - Upserted modifier: La Western (V1 ID: 36862, DB ID: 66464)
2025-12-26 18:25:04,585 - DEBUG - Upserted modifier: Poivrons Verts (V1 ID: 6465, DB ID: 66466)
2025-12-26 18:25:05,362 - DEBUG - Upserted modifier: Piments Forts (V1 ID: 6466, DB ID: 66469)
2025-12-26 18:25:06,119 - DEBUG - Upserted modifier: Oignons (V1 ID: 6467, DB ID: 66473)
2025-12-26 18:25:06,901 - DEBUG - Upserted modifier: Oignons Rouges (V1 ID: 6468, DB ID: 66476)
2025-12-26 18:25:07,666 - DEBUG - Upserted modifier: Tomate (V1 ID: 6469, DB ID: 66479)
2025-12-26 18:25:08,443 - DEBUG - Upserted modifier: Olives Vertes (V1 ID: 6470, DB ID: 66482)
2025-12-26 18:25:09,216 - DEBUG - Upserted modifier: Olives Noires (V1 ID: 6471, DB ID: 66486)
2025-12-26 18:25:10,005 - DEBUG - Upserted modifier: Champignon (V1 ID: 6472, DB ID: 66488)
2025-12-26 18:25:10,786 - DEBUG - Upserted modifier: Brocoli (V1 ID: 6473, DB ID: 66491)
2025-12-26 18:25:11,539 - DEBUG - Upserted modifier: Ananas (V1 ID: 6477, DB ID: 66495)
2025-12-26 18:25:12,368 - DEBUG - Upserted modifier: Fromage Feta (V1 ID: 6474, DB ID: 66497)
2025-12-26 18:25:13,125 - DEBUG - Upserted modifier: Double Fromage (V1 ID: 6478, DB ID: 66501)
2025-12-26 18:25:13,899 - DEBUG - Upserted modifier: Saucisse Italienne (V1 ID: 6460, DB ID: 66504)
2025-12-26 18:25:14,662 - DEBUG - Upserted modifier: Boulettes de Viande (V1 ID: 6461, DB ID: 66507)
2025-12-26 18:25:15,411 - DEBUG - Upserted modifier: Poulet (V1 ID: 6462, DB ID: 66509)
2025-12-26 18:25:16,197 - DEBUG - Upserted modifier: Beef Hachée (V1 ID: 6463, DB ID: 66511)
2025-12-26 18:25:16,944 - DEBUG - Upserted modifier: Pepperoni (V1 ID: 6457, DB ID: 66513)
2025-12-26 18:25:17,735 - DEBUG - Upserted modifier: Jambon (V1 ID: 6458, DB ID: 66515)
2025-12-26 18:25:18,511 - DEBUG - Upserted modifier: Bacon (V1 ID: 6459, DB ID: 66517)
2025-12-26 18:25:19,304 - DEBUG - Modifier group already exists: Premium Toppings (ID: 41)
2025-12-26 18:25:19,517 - DEBUG - Upserted modifier: Jambon HIDE (V1 ID: 39689, DB ID: 66519)
2025-12-26 18:25:19,868 - DEBUG - Upserted modifier: Poulet HIDE (V1 ID: 39690, DB ID: 66520)
2025-12-26 18:25:20,212 - DEBUG - Upserted modifier: Bacon HIDE (V1 ID: 39691, DB ID: 66522)
2025-12-26 18:25:20,561 - DEBUG - Upserted modifier: Mozzarella Pizza (V1 ID: 49228, DB ID: 66523)
2025-12-26 18:25:20,893 - DEBUG - Upserted modifier: Mozzarella (V1 ID: 6859, DB ID: 66525)
2025-12-26 18:25:21,237 - DEBUG - Upserted modifier: Canadienne (V1 ID: 6870, DB ID: 66526)
2025-12-26 18:25:21,573 - DEBUG - Upserted modifier: Au Fromage (V1 ID: 37615, DB ID: 66528)
2025-12-26 18:25:21,917 - DEBUG - Upserted modifier: La Western (V1 ID: 36862, DB ID: 66529)
2025-12-26 18:25:22,252 - DEBUG - Upserted modifier: Poivrons Verts (V1 ID: 6465, DB ID: 66531)
2025-12-26 18:25:23,025 - DEBUG - Upserted modifier: Piments Forts (V1 ID: 6466, DB ID: 66533)
2025-12-26 18:25:23,789 - DEBUG - Upserted modifier: Oignons (V1 ID: 6467, DB ID: 66535)
2025-12-26 18:25:24,581 - DEBUG - Upserted modifier: Oignons Rouges (V1 ID: 6468, DB ID: 66537)
2025-12-26 18:25:25,334 - DEBUG - Upserted modifier: Tomate (V1 ID: 6469, DB ID: 66539)
2025-12-26 18:25:26,102 - DEBUG - Upserted modifier: Olives Vertes (V1 ID: 6470, DB ID: 66541)
2025-12-26 18:25:26,853 - DEBUG - Upserted modifier: Olives Noires (V1 ID: 6471, DB ID: 66543)
2025-12-26 18:25:27,629 - DEBUG - Upserted modifier: Champignon (V1 ID: 6472, DB ID: 66545)
2025-12-26 18:25:28,396 - DEBUG - Upserted modifier: Brocoli (V1 ID: 6473, DB ID: 66547)
2025-12-26 18:25:29,155 - DEBUG - Upserted modifier: Ananas (V1 ID: 6477, DB ID: 66548)
2025-12-26 18:25:29,909 - DEBUG - Upserted modifier: Fromage Feta (V1 ID: 6474, DB ID: 66551)
2025-12-26 18:25:30,669 - DEBUG - Upserted modifier: Double Fromage (V1 ID: 6478, DB ID: 66554)
2025-12-26 18:25:31,435 - DEBUG - Upserted modifier: Saucisse Italienne (V1 ID: 6460, DB ID: 66557)
2025-12-26 18:25:32,198 - DEBUG - Upserted modifier: Boulettes de Viande (V1 ID: 6461, DB ID: 66560)
2025-12-26 18:25:32,950 - DEBUG - Upserted modifier: Poulet (V1 ID: 6462, DB ID: 66563)
2025-12-26 18:25:33,691 - DEBUG - Upserted modifier: Beef Hachée (V1 ID: 6463, DB ID: 66566)
2025-12-26 18:25:34,442 - DEBUG - Upserted modifier: Pepperoni (V1 ID: 6457, DB ID: 66569)
2025-12-26 18:25:35,222 - DEBUG - Upserted modifier: Jambon (V1 ID: 6458, DB ID: 66572)
2025-12-26 18:25:35,988 - DEBUG - Upserted modifier: Bacon (V1 ID: 6459, DB ID: 66575)
2025-12-26 18:25:36,738 - DEBUG - Modifier group already exists: Pizza Crust Type (ID: 42)
2025-12-26 18:25:36,945 - DEBUG - Upserted modifier: Régulière (V1 ID: 6840, DB ID: 66579)
2025-12-26 18:25:37,296 - DEBUG - Upserted modifier: Mince (V1 ID: 6479, DB ID: 66580)
2025-12-26 18:25:37,659 - DEBUG - Upserted modifier: Épaisse (V1 ID: 6483, DB ID: 66582)
2025-12-26 18:25:38,020 - DEBUG - Upserted modifier: Bourré Cheddar (V1 ID: 6481, DB ID: 66584)
2025-12-26 18:25:38,800 - DEBUG - Upserted modifier: Bourré Mozzarella (V1 ID: 6482, DB ID: 66587)
2025-12-26 18:25:39,573 - DEBUG - Modifier group already exists: Pizza Crust Type without Stuffed crust (ID: 43)
2025-12-26 18:25:39,771 - DEBUG - Upserted modifier: Régulière (V1 ID: 6840, DB ID: 66591)
2025-12-26 18:25:40,124 - DEBUG - Upserted modifier: Mince (V1 ID: 6479, DB ID: 66593)
2025-12-26 18:25:40,489 - DEBUG - Upserted modifier: Épaisse (V1 ID: 6483, DB ID: 66594)
2025-12-26 18:25:40,845 - DEBUG - Upserted modifier: Bourré Cheddar (V1 ID: 6481, DB ID: 66596)
2025-12-26 18:25:41,623 - DEBUG - Upserted modifier: Bourré Mozzarella (V1 ID: 6482, DB ID: 66598)
2025-12-26 18:25:42,366 - DEBUG - Modifier group already exists: Pizza Dips (ID: 44)
2025-12-26 18:25:42,567 - DEBUG - Upserted modifier: Ail (V1 ID: 6484, DB ID: 66600)
2025-12-26 18:25:42,910 - DEBUG - Upserted modifier: Marinara (V1 ID: 6485, DB ID: 66601)
2025-12-26 18:25:43,265 - DEBUG - Upserted modifier: Ranch (V1 ID: 6486, DB ID: 66603)
2025-12-26 18:25:43,631 - DEBUG - Upserted modifier: Cheddar (V1 ID: 6487, DB ID: 66604)
2025-12-26 18:25:43,979 - DEBUG - Upserted modifier: Red Hot (V1 ID: 6488, DB ID: 66606)
2025-12-26 18:25:44,332 - DEBUG - Upserted modifier: BBQ (V1 ID: 6489, DB ID: 66607)
2025-12-26 18:25:44,678 - DEBUG - Upserted modifier: Miel et Ail (V1 ID: 6490, DB ID: 66609)
2025-12-26 18:25:45,021 - DEBUG - Modifier group already exists: Wings Sauces Fr (ID: 45)
2025-12-26 18:25:45,236 - DEBUG - Upserted modifier: Ail (V1 ID: 6484, DB ID: 66610)
2025-12-26 18:25:45,582 - DEBUG - Upserted modifier: Marinara (V1 ID: 6485, DB ID: 66612)
2025-12-26 18:25:45,927 - DEBUG - Upserted modifier: Ranch (V1 ID: 6486, DB ID: 66613)
2025-12-26 18:25:46,275 - DEBUG - Upserted modifier: Cheddar (V1 ID: 6487, DB ID: 66615)
2025-12-26 18:25:46,643 - DEBUG - Upserted modifier: Red Hot (V1 ID: 6488, DB ID: 66616)
2025-12-26 18:25:46,989 - DEBUG - Upserted modifier: BBQ (V1 ID: 6489, DB ID: 66618)
2025-12-26 18:25:47,334 - DEBUG - Upserted modifier: Miel et Ail (V1 ID: 6490, DB ID: 66619)
2025-12-26 18:25:47,671 - DEBUG - Modifier group already exists: Wings Poutine (ID: 46)
2025-12-26 18:25:47,871 - DEBUG - Upserted modifier: Poutine (V1 ID: 6491, DB ID: 66621)
2025-12-26 18:25:48,211 - DEBUG - Upserted modifier: Végétarienne (V1 ID: 6866, DB ID: 66622)
2025-12-26 18:25:48,550 - DEBUG - Upserted modifier: Mexicaine (V1 ID: 6868, DB ID: 66624)
2025-12-26 18:25:48,894 - DEBUG - Upserted modifier: Grecque (V1 ID: 6869, DB ID: 66625)
2025-12-26 18:25:49,241 - DEBUG - Upserted modifier: Canadienne (V1 ID: 6871, DB ID: 66627)
2025-12-26 18:25:49,597 - INFO -   Groups: 8, Modifiers: 110, Prices: 293
2025-12-26 18:25:49,598 - INFO - ----------------------------------------
2025-12-26 18:25:49,598 - INFO - Processing: Mozza Pizza Hull (V3: 644, V1: 872)
2025-12-26 18:25:49,598 - INFO - Navigating to modifier groups page: https://menuadmin.menu.ca/?p=restaurants&display=editRestaurant&restaurant=872&load=ingredientGroups&showLang=fr
2025-12-26 18:25:50,581 - DEBUG - Expanding all modifier group divs...
2025-12-26 18:25:51,120 - DEBUG - Group 8288: 20 active modifiers
2025-12-26 18:25:51,120 - DEBUG - Group 8289: 10 active modifiers
2025-12-26 18:25:51,120 - DEBUG - Group 8290: 10 active modifiers
2025-12-26 18:25:51,120 - DEBUG - Group 8291: 7 active modifiers
2025-12-26 18:25:51,120 - DEBUG - Group 8292: 4 active modifiers
2025-12-26 18:25:51,121 - DEBUG - Group 8293: 3 active modifiers
2025-12-26 18:25:51,121 - DEBUG - Group 8294: 3 active modifiers
2025-12-26 18:25:51,121 - DEBUG - Group 8295: 1 active modifiers
2025-12-26 18:25:51,121 - DEBUG - Group 10722: 11 active modifiers
2025-12-26 18:25:51,121 - DEBUG - Group 11388: 3 active modifiers
2025-12-26 18:25:51,121 - DEBUG - Group 11389: 3 active modifiers
2025-12-26 18:25:51,121 - DEBUG - Group 13626: 5 active modifiers
2025-12-26 18:25:51,121 - DEBUG - Group 13629: 3 active modifiers
2025-12-26 18:25:51,209 - INFO - Processing modifier group: Pizza Toppings FR (ID: 8288)
2025-12-26 18:25:52,556 - INFO -   Found 35 modifiers (20 active, 15 inactive)
2025-12-26 18:25:52,575 - INFO - Processing modifier group: Pizza Toppings without Premium (ID: 8289)
2025-12-26 18:25:54,071 - INFO -   Found 35 modifiers (10 active, 25 inactive)
2025-12-26 18:25:54,090 - INFO - Processing modifier group: Premium Toppings (ID: 8290)
2025-12-26 18:25:55,596 - INFO -   Found 35 modifiers (10 active, 25 inactive)
2025-12-26 18:25:55,616 - INFO - Processing modifier group: Pizza Crust Type (ID: 8291)
2025-12-26 18:25:55,786 - INFO -   Found 5 modifiers (5 active, 0 inactive)
2025-12-26 18:25:55,804 - INFO - Processing modifier group: Pizza Crust Type without Stuffed crust (ID: 8292)
2025-12-26 18:25:56,017 - INFO -   Found 5 modifiers (3 active, 2 inactive)
2025-12-26 18:25:56,036 - INFO - Processing modifier group: Pizza Dips (ID: 8293)
2025-12-26 18:25:56,328 - INFO -   Found 7 modifiers (3 active, 4 inactive)
2025-12-26 18:25:56,347 - INFO - Processing modifier group: Wings Sauces Fr (ID: 8294)
2025-12-26 18:25:56,662 - INFO -   Found 7 modifiers (3 active, 4 inactive)
2025-12-26 18:25:56,682 - INFO - Processing modifier group: Wings Poutine (ID: 8295)
2025-12-26 18:25:56,962 - INFO -   Found 6 modifiers (1 active, 5 inactive)
2025-12-26 18:25:56,976 - INFO - Processing modifier group: Drinks (ID: 10722)
2025-12-26 18:25:57,319 - INFO -   Found 11 modifiers (11 active, 0 inactive)
2025-12-26 18:25:57,339 - INFO - Processing modifier group: DEALS- Trio Burger Selection (ID: 11388)
2025-12-26 18:25:58,983 - INFO -   Found 35 modifiers (3 active, 32 inactive)
2025-12-26 18:25:59,001 - INFO - Processing modifier group: DEALS - Trio Burger Poutine Selection (ID: 11389)
2025-12-26 18:25:59,372 - INFO -   Found 8 modifiers (3 active, 5 inactive)
2025-12-26 18:25:59,390 - INFO - Processing modifier group: Mozza Boz Sides (ID: 13626)
2025-12-26 18:25:59,715 - INFO -   Found 8 modifiers (5 active, 3 inactive)
2025-12-26 18:25:59,734 - INFO - Processing modifier group: NAAN Meat Selection (ID: 13629)
2025-12-26 18:26:01,393 - INFO -   Found 35 modifiers (3 active, 32 inactive)
2025-12-26 18:26:01,394 - INFO - Total modifier groups extracted: 13
2025-12-26 18:26:01,514 - DEBUG - Modifier group already exists: Pizza Toppings FR (ID: 108)
2025-12-26 18:26:01,727 - DEBUG - Upserted modifier: Jambon HIDE (V1 ID: 39693, DB ID: 66647)
2025-12-26 18:26:02,079 - DEBUG - Upserted modifier: Poulet HIDE (V1 ID: 39694, DB ID: 66649)
2025-12-26 18:26:02,433 - DEBUG - Upserted modifier: Bacon HIDE (V1 ID: 39695, DB ID: 66650)
2025-12-26 18:26:02,773 - DEBUG - Upserted modifier: Burger Poulet (V1 ID: 53030, DB ID: 66652)
2025-12-26 18:26:03,124 - DEBUG - Upserted modifier: Hamburger (V1 ID: 53031, DB ID: 66653)
2025-12-26 18:26:03,474 - DEBUG - Upserted modifier: Cheeseburger (V1 ID: 53032, DB ID: 66655)
2025-12-26 18:26:03,819 - DEBUG - Upserted modifier: Poulet (V1 ID: 59956, DB ID: 66656)
2025-12-26 18:26:04,154 - DEBUG - Upserted modifier: Boeuf (V1 ID: 59957, DB ID: 66658)
2025-12-26 18:26:04,498 - DEBUG - Upserted modifier: Steak (V1 ID: 59958, DB ID: 66659)
2025-12-26 18:26:04,854 - DEBUG - Upserted modifier: Canadienne HIDE (V1 ID: 49384, DB ID: 66660)
2025-12-26 18:26:05,200 - DEBUG - Upserted modifier: La Western HIDE (V1 ID: 49386, DB ID: 66662)
2025-12-26 18:26:05,545 - DEBUG - Upserted modifier: Mozzarella (V1 ID: 37650, DB ID: 66663)
2025-12-26 18:26:05,887 - DEBUG - Upserted modifier: Canadienne (V1 ID: 37654, DB ID: 66665)
2025-12-26 18:26:06,229 - DEBUG - Upserted modifier: La Western (V1 ID: 37656, DB ID: 66666)
2025-12-26 18:26:06,579 - DEBUG - Upserted modifier: Au Fromage (V1 ID: 37657, DB ID: 66668)
2025-12-26 18:26:06,933 - DEBUG - Upserted modifier: Poivrons Verts (V1 ID: 37624, DB ID: 66669)
2025-12-26 18:26:07,701 - DEBUG - Upserted modifier: Piments Forts (V1 ID: 37625, DB ID: 66671)
2025-12-26 18:26:08,461 - DEBUG - Upserted modifier: Oignons (V1 ID: 37626, DB ID: 66673)
2025-12-26 18:26:09,237 - DEBUG - Upserted modifier: Oignons Rouges (V1 ID: 37627, DB ID: 66675)
2025-12-26 18:26:10,009 - DEBUG - Upserted modifier: Tomate (V1 ID: 37628, DB ID: 66677)
2025-12-26 18:26:10,780 - DEBUG - Upserted modifier: Olives Vertes (V1 ID: 37629, DB ID: 66679)
2025-12-26 18:26:11,549 - DEBUG - Upserted modifier: Olives Noires (V1 ID: 37630, DB ID: 66681)
2025-12-26 18:26:12,307 - DEBUG - Upserted modifier: Champignon (V1 ID: 37631, DB ID: 66683)
2025-12-26 18:26:13,052 - DEBUG - Upserted modifier: Brocoli (V1 ID: 37632, DB ID: 66686)
2025-12-26 18:26:13,818 - DEBUG - Upserted modifier: Ananas (V1 ID: 37634, DB ID: 66690)
2025-12-26 18:26:14,595 - DEBUG - Upserted modifier: Fromage Feta (V1 ID: 37633, DB ID: 66693)
2025-12-26 18:26:15,352 - DEBUG - Upserted modifier: Fromage (V1 ID: 37635, DB ID: 66695)
2025-12-26 18:26:16,118 - DEBUG - Upserted modifier: Saucisse Italienne (V1 ID: 37619, DB ID: 66697)
2025-12-26 18:26:16,932 - DEBUG - Upserted modifier: Boulettes de Viande (V1 ID: 37620, DB ID: 66699)
2025-12-26 18:26:17,675 - DEBUG - Upserted modifier: Poulet (V1 ID: 37621, DB ID: 66701)
2025-12-26 18:26:18,469 - DEBUG - Upserted modifier: Beef Hachée (V1 ID: 37622, DB ID: 66703)
2025-12-26 18:26:19,222 - DEBUG - Upserted modifier: Viande Fumée (V1 ID: 37623, DB ID: 66705)
2025-12-26 18:26:20,006 - DEBUG - Upserted modifier: Pepperoni (V1 ID: 37616, DB ID: 66707)
2025-12-26 18:26:20,777 - DEBUG - Upserted modifier: Jambon (V1 ID: 37617, DB ID: 66709)
2025-12-26 18:26:21,555 - DEBUG - Upserted modifier: Bacon (V1 ID: 37618, DB ID: 66711)
2025-12-26 18:26:22,317 - DEBUG - Modifier group already exists: Pizza Toppings without Premium (ID: 112)
2025-12-26 18:26:22,535 - DEBUG - Upserted modifier: Jambon HIDE (V1 ID: 39693, DB ID: 66713)
2025-12-26 18:26:22,884 - DEBUG - Upserted modifier: Poulet HIDE (V1 ID: 39694, DB ID: 66714)
2025-12-26 18:26:23,225 - DEBUG - Upserted modifier: Bacon HIDE (V1 ID: 39695, DB ID: 66716)
2025-12-26 18:26:23,577 - DEBUG - Upserted modifier: Burger Poulet (V1 ID: 53030, DB ID: 66717)
2025-12-26 18:26:23,927 - DEBUG - Upserted modifier: Hamburger (V1 ID: 53031, DB ID: 66719)
2025-12-26 18:26:24,270 - DEBUG - Upserted modifier: Cheeseburger (V1 ID: 53032, DB ID: 66720)
2025-12-26 18:26:24,615 - DEBUG - Upserted modifier: Poulet (V1 ID: 59956, DB ID: 66722)
2025-12-26 18:26:24,956 - DEBUG - Upserted modifier: Boeuf (V1 ID: 59957, DB ID: 66723)
2025-12-26 18:26:25,301 - DEBUG - Upserted modifier: Steak (V1 ID: 59958, DB ID: 66724)
2025-12-26 18:26:25,632 - DEBUG - Upserted modifier: Canadienne HIDE (V1 ID: 49384, DB ID: 66726)
2025-12-26 18:26:25,972 - DEBUG - Upserted modifier: La Western HIDE (V1 ID: 49386, DB ID: 66727)
2025-12-26 18:26:26,311 - DEBUG - Upserted modifier: Mozzarella (V1 ID: 37650, DB ID: 66729)
2025-12-26 18:26:26,668 - DEBUG - Upserted modifier: Canadienne (V1 ID: 37654, DB ID: 66730)
2025-12-26 18:26:27,020 - DEBUG - Upserted modifier: La Western (V1 ID: 37656, DB ID: 66732)
2025-12-26 18:26:27,379 - DEBUG - Upserted modifier: Au Fromage (V1 ID: 37657, DB ID: 66733)
2025-12-26 18:26:27,724 - DEBUG - Upserted modifier: Poivrons Verts (V1 ID: 37624, DB ID: 66735)
2025-12-26 18:26:28,468 - DEBUG - Upserted modifier: Piments Forts (V1 ID: 37625, DB ID: 66737)
2025-12-26 18:26:29,226 - DEBUG - Upserted modifier: Oignons (V1 ID: 37626, DB ID: 66738)
2025-12-26 18:26:29,994 - DEBUG - Upserted modifier: Oignons Rouges (V1 ID: 37627, DB ID: 66741)
2025-12-26 18:26:30,759 - DEBUG - Upserted modifier: Tomate (V1 ID: 37628, DB ID: 66744)
2025-12-26 18:26:31,520 - DEBUG - Upserted modifier: Olives Vertes (V1 ID: 37629, DB ID: 66746)
2025-12-26 18:26:32,283 - DEBUG - Upserted modifier: Olives Noires (V1 ID: 37630, DB ID: 66750)
2025-12-26 18:26:33,029 - DEBUG - Upserted modifier: Champignon (V1 ID: 37631, DB ID: 66753)
2025-12-26 18:26:33,780 - DEBUG - Upserted modifier: Brocoli (V1 ID: 37632, DB ID: 66756)
2025-12-26 18:26:34,560 - DEBUG - Upserted modifier: Ananas (V1 ID: 37634, DB ID: 66759)
2025-12-26 18:26:35,298 - DEBUG - Upserted modifier: Fromage Feta (V1 ID: 37633, DB ID: 66762)
2025-12-26 18:26:36,080 - DEBUG - Upserted modifier: Fromage (V1 ID: 37635, DB ID: 66766)
2025-12-26 18:26:36,859 - DEBUG - Upserted modifier: Saucisse Italienne (V1 ID: 37619, DB ID: 66769)
2025-12-26 18:26:37,625 - DEBUG - Upserted modifier: Boulettes de Viande (V1 ID: 37620, DB ID: 66771)
2025-12-26 18:26:38,392 - DEBUG - Upserted modifier: Poulet (V1 ID: 37621, DB ID: 66772)
2025-12-26 18:26:39,160 - DEBUG - Upserted modifier: Beef Hachée (V1 ID: 37622, DB ID: 66773)
2025-12-26 18:26:39,926 - DEBUG - Upserted modifier: Viande Fumée (V1 ID: 37623, DB ID: 66774)
2025-12-26 18:26:40,691 - DEBUG - Upserted modifier: Pepperoni (V1 ID: 37616, DB ID: 66775)
2025-12-26 18:26:41,432 - DEBUG - Upserted modifier: Jambon (V1 ID: 37617, DB ID: 66776)
2025-12-26 18:26:42,204 - DEBUG - Upserted modifier: Bacon (V1 ID: 37618, DB ID: 66777)
2025-12-26 18:26:42,970 - DEBUG - Modifier group already exists: Premium Toppings (ID: 113)
2025-12-26 18:26:43,172 - DEBUG - Upserted modifier: Jambon HIDE (V1 ID: 39693, DB ID: 66778)
2025-12-26 18:26:43,536 - DEBUG - Upserted modifier: Poulet HIDE (V1 ID: 39694, DB ID: 66779)
2025-12-26 18:26:43,883 - DEBUG - Upserted modifier: Bacon HIDE (V1 ID: 39695, DB ID: 66780)
2025-12-26 18:26:44,230 - DEBUG - Upserted modifier: Burger Poulet (V1 ID: 53030, DB ID: 66781)
2025-12-26 18:26:44,598 - DEBUG - Upserted modifier: Hamburger (V1 ID: 53031, DB ID: 66782)
2025-12-26 18:26:44,977 - DEBUG - Upserted modifier: Cheeseburger (V1 ID: 53032, DB ID: 66783)
2025-12-26 18:26:45,316 - DEBUG - Upserted modifier: Poulet (V1 ID: 59956, DB ID: 66784)
2025-12-26 18:26:45,660 - DEBUG - Upserted modifier: Boeuf (V1 ID: 59957, DB ID: 66785)
2025-12-26 18:26:46,004 - DEBUG - Upserted modifier: Steak (V1 ID: 59958, DB ID: 66786)
2025-12-26 18:26:46,352 - DEBUG - Upserted modifier: Canadienne HIDE (V1 ID: 49384, DB ID: 66787)
2025-12-26 18:26:46,689 - DEBUG - Upserted modifier: La Western HIDE (V1 ID: 49386, DB ID: 66788)
2025-12-26 18:26:47,051 - DEBUG - Upserted modifier: Mozzarella (V1 ID: 37650, DB ID: 66789)
2025-12-26 18:26:47,397 - DEBUG - Upserted modifier: Canadienne (V1 ID: 37654, DB ID: 66790)
2025-12-26 18:26:47,729 - DEBUG - Upserted modifier: La Western (V1 ID: 37656, DB ID: 66791)
2025-12-26 18:26:48,117 - DEBUG - Upserted modifier: Au Fromage (V1 ID: 37657, DB ID: 66792)
2025-12-26 18:26:48,462 - DEBUG - Upserted modifier: Poivrons Verts (V1 ID: 37624, DB ID: 66793)
2025-12-26 18:26:49,202 - DEBUG - Upserted modifier: Piments Forts (V1 ID: 37625, DB ID: 66794)
2025-12-26 18:26:49,959 - DEBUG - Upserted modifier: Oignons (V1 ID: 37626, DB ID: 66795)
2025-12-26 18:26:50,730 - DEBUG - Upserted modifier: Oignons Rouges (V1 ID: 37627, DB ID: 66796)
2025-12-26 18:26:51,543 - DEBUG - Upserted modifier: Tomate (V1 ID: 37628, DB ID: 66797)
2025-12-26 18:26:52,319 - DEBUG - Upserted modifier: Olives Vertes (V1 ID: 37629, DB ID: 66798)
2025-12-26 18:26:53,072 - DEBUG - Upserted modifier: Olives Noires (V1 ID: 37630, DB ID: 66799)
2025-12-26 18:26:53,863 - DEBUG - Upserted modifier: Champignon (V1 ID: 37631, DB ID: 66800)
2025-12-26 18:26:54,659 - DEBUG - Upserted modifier: Brocoli (V1 ID: 37632, DB ID: 66801)
2025-12-26 18:26:55,438 - DEBUG - Upserted modifier: Ananas (V1 ID: 37634, DB ID: 66802)
2025-12-26 18:26:56,215 - DEBUG - Upserted modifier: Fromage Feta (V1 ID: 37633, DB ID: 66803)
2025-12-26 18:26:57,008 - DEBUG - Upserted modifier: Fromage (V1 ID: 37635, DB ID: 66804)
2025-12-26 18:26:57,760 - DEBUG - Upserted modifier: Saucisse Italienne (V1 ID: 37619, DB ID: 66805)
2025-12-26 18:26:58,538 - DEBUG - Upserted modifier: Boulettes de Viande (V1 ID: 37620, DB ID: 66806)
2025-12-26 18:26:59,285 - DEBUG - Upserted modifier: Poulet (V1 ID: 37621, DB ID: 66807)
2025-12-26 18:27:00,057 - DEBUG - Upserted modifier: Beef Hachée (V1 ID: 37622, DB ID: 66808)
2025-12-26 18:27:00,820 - DEBUG - Upserted modifier: Viande Fumée (V1 ID: 37623, DB ID: 66809)
2025-12-26 18:27:01,598 - DEBUG - Upserted modifier: Pepperoni (V1 ID: 37616, DB ID: 66810)
2025-12-26 18:27:02,371 - DEBUG - Upserted modifier: Jambon (V1 ID: 37617, DB ID: 66811)
2025-12-26 18:27:03,142 - DEBUG - Upserted modifier: Bacon (V1 ID: 37618, DB ID: 66812)
2025-12-26 18:27:03,901 - DEBUG - Modifier group already exists: Pizza Crust Type (ID: 115)
2025-12-26 18:27:04,114 - DEBUG - Upserted modifier: Mince (V1 ID: 37636, DB ID: 66813)
2025-12-26 18:27:04,476 - DEBUG - Upserted modifier: Régulière (V1 ID: 37649, DB ID: 66814)
2025-12-26 18:27:04,836 - DEBUG - Upserted modifier: Épaisse (V1 ID: 37640, DB ID: 66815)
2025-12-26 18:27:05,188 - DEBUG - Upserted modifier: Bourré Cheddar (V1 ID: 37638, DB ID: 66816)
2025-12-26 18:27:05,974 - DEBUG - Upserted modifier: Bourré Mozzarella (V1 ID: 37639, DB ID: 66817)
2025-12-26 18:27:06,758 - DEBUG - Modifier group already exists: Pizza Crust Type without Stuffed crust (ID: 116)
2025-12-26 18:27:06,962 - DEBUG - Upserted modifier: Mince (V1 ID: 37636, DB ID: 66818)
2025-12-26 18:27:07,306 - DEBUG - Upserted modifier: Régulière (V1 ID: 37649, DB ID: 66819)
2025-12-26 18:27:07,657 - DEBUG - Upserted modifier: Épaisse (V1 ID: 37640, DB ID: 66820)
2025-12-26 18:27:08,002 - DEBUG - Upserted modifier: Bourré Cheddar (V1 ID: 37638, DB ID: 66821)
2025-12-26 18:27:08,759 - DEBUG - Upserted modifier: Bourré Mozzarella (V1 ID: 37639, DB ID: 66822)
2025-12-26 18:27:09,523 - DEBUG - Modifier group already exists: Pizza Dips (ID: 117)
2025-12-26 18:27:09,733 - DEBUG - Upserted modifier: Ail (V1 ID: 37641, DB ID: 66823)
2025-12-26 18:27:10,092 - DEBUG - Upserted modifier: Ranch (V1 ID: 37643, DB ID: 66824)
2025-12-26 18:27:10,441 - DEBUG - Upserted modifier: Cheddar (V1 ID: 37644, DB ID: 66825)
2025-12-26 18:27:10,790 - DEBUG - Upserted modifier: Marinara (V1 ID: 37642, DB ID: 66826)
2025-12-26 18:27:11,134 - DEBUG - Upserted modifier: Red Hot (V1 ID: 37645, DB ID: 66827)
2025-12-26 18:27:11,488 - DEBUG - Upserted modifier: BBQ (V1 ID: 37646, DB ID: 66828)
2025-12-26 18:27:11,847 - DEBUG - Upserted modifier: Miel et Ail (V1 ID: 37647, DB ID: 66829)
2025-12-26 18:27:12,183 - DEBUG - Modifier group already exists: Wings Sauces Fr (ID: 118)
2025-12-26 18:27:12,393 - DEBUG - Upserted modifier: Ail (V1 ID: 37641, DB ID: 66830)
2025-12-26 18:27:12,744 - DEBUG - Upserted modifier: Ranch (V1 ID: 37643, DB ID: 66831)
2025-12-26 18:27:13,112 - DEBUG - Upserted modifier: Cheddar (V1 ID: 37644, DB ID: 66832)
2025-12-26 18:27:13,444 - DEBUG - Upserted modifier: Marinara (V1 ID: 37642, DB ID: 66833)
2025-12-26 18:27:13,804 - DEBUG - Upserted modifier: Red Hot (V1 ID: 37645, DB ID: 66834)
2025-12-26 18:27:14,145 - DEBUG - Upserted modifier: BBQ (V1 ID: 37646, DB ID: 66835)
2025-12-26 18:27:14,486 - DEBUG - Upserted modifier: Miel et Ail (V1 ID: 37647, DB ID: 66836)
2025-12-26 18:27:14,840 - DEBUG - Modifier group already exists: Wings Poutine (ID: 119)
2025-12-26 18:27:15,039 - DEBUG - Upserted modifier: Canadienne HIDE (V1 ID: 49385, DB ID: 66837)
2025-12-26 18:27:15,405 - DEBUG - Upserted modifier: Poutine (V1 ID: 37648, DB ID: 66838)
2025-12-26 18:27:15,763 - DEBUG - Upserted modifier: Végétarienne (V1 ID: 37651, DB ID: 66839)
2025-12-26 18:27:16,106 - DEBUG - Upserted modifier: Mexicaine (V1 ID: 37652, DB ID: 66840)
2025-12-26 18:27:16,464 - DEBUG - Upserted modifier: Grecque (V1 ID: 37653, DB ID: 66841)
2025-12-26 18:27:16,812 - DEBUG - Upserted modifier: Canadienne (V1 ID: 37655, DB ID: 66842)
2025-12-26 18:27:17,169 - DEBUG - Modifier group already exists: Drinks (ID: 120)
2025-12-26 18:27:17,381 - DEBUG - Upserted modifier: Pepsi (V1 ID: 49387, DB ID: 66843)
2025-12-26 18:27:17,739 - DEBUG - Upserted modifier: Pepsi Diète (V1 ID: 49388, DB ID: 66844)
2025-12-26 18:27:18,079 - DEBUG - Upserted modifier: 7 Up (V1 ID: 49389, DB ID: 66845)
2025-12-26 18:27:18,443 - DEBUG - Upserted modifier: Ginger Ale (V1 ID: 49390, DB ID: 66846)
2025-12-26 18:27:18,802 - DEBUG - Upserted modifier: Mountain Dew (V1 ID: 49391, DB ID: 66847)
2025-12-26 18:27:19,138 - DEBUG - Upserted modifier: Mountain Dew Voltage (V1 ID: 49392, DB ID: 66848)
2025-12-26 18:27:19,486 - DEBUG - Upserted modifier: Brisk (V1 ID: 49393, DB ID: 66849)
2025-12-26 18:27:19,829 - DEBUG - Upserted modifier: Dr. Pepper (V1 ID: 49394, DB ID: 66850)
2025-12-26 18:27:20,177 - DEBUG - Upserted modifier: Crush Orange (V1 ID: 49395, DB ID: 66851)
2025-12-26 18:27:20,522 - DEBUG - Upserted modifier: Crush Cream Soda (V1 ID: 49396, DB ID: 66852)
2025-12-26 18:27:20,870 - DEBUG - Upserted modifier: Mug Root Beer (V1 ID: 49397, DB ID: 66853)
2025-12-26 18:27:21,232 - DEBUG - Modifier group already exists: DEALS- Trio Burger Selection (ID: 122)
2025-12-26 18:27:21,446 - DEBUG - Upserted modifier: Jambon HIDE (V1 ID: 39693, DB ID: 66854)
2025-12-26 18:27:21,836 - DEBUG - Upserted modifier: Poulet HIDE (V1 ID: 39694, DB ID: 66855)
2025-12-26 18:27:22,186 - DEBUG - Upserted modifier: Bacon HIDE (V1 ID: 39695, DB ID: 66856)
2025-12-26 18:27:22,551 - DEBUG - Upserted modifier: Burger Poulet (V1 ID: 53030, DB ID: 66857)
2025-12-26 18:27:22,884 - DEBUG - Upserted modifier: Hamburger (V1 ID: 53031, DB ID: 66858)
2025-12-26 18:27:23,234 - DEBUG - Upserted modifier: Cheeseburger (V1 ID: 53032, DB ID: 66859)
2025-12-26 18:27:23,585 - DEBUG - Upserted modifier: Poulet (V1 ID: 59956, DB ID: 66860)
2025-12-26 18:27:23,919 - DEBUG - Upserted modifier: Boeuf (V1 ID: 59957, DB ID: 66861)
2025-12-26 18:27:24,264 - DEBUG - Upserted modifier: Steak (V1 ID: 59958, DB ID: 66862)
2025-12-26 18:27:24,627 - DEBUG - Upserted modifier: Canadienne HIDE (V1 ID: 49384, DB ID: 66863)
2025-12-26 18:27:24,994 - DEBUG - Upserted modifier: La Western HIDE (V1 ID: 49386, DB ID: 66864)
2025-12-26 18:27:25,361 - DEBUG - Upserted modifier: Mozzarella (V1 ID: 37650, DB ID: 66865)
2025-12-26 18:27:25,703 - DEBUG - Upserted modifier: Canadienne (V1 ID: 37654, DB ID: 66866)
2025-12-26 18:27:26,053 - DEBUG - Upserted modifier: La Western (V1 ID: 37656, DB ID: 66867)
2025-12-26 18:27:26,418 - DEBUG - Upserted modifier: Au Fromage (V1 ID: 37657, DB ID: 66868)
2025-12-26 18:27:26,778 - DEBUG - Upserted modifier: Poivrons Verts (V1 ID: 37624, DB ID: 66869)
2025-12-26 18:27:27,531 - DEBUG - Upserted modifier: Piments Forts (V1 ID: 37625, DB ID: 66870)
2025-12-26 18:27:28,284 - DEBUG - Upserted modifier: Oignons (V1 ID: 37626, DB ID: 66871)
2025-12-26 18:27:29,049 - DEBUG - Upserted modifier: Oignons Rouges (V1 ID: 37627, DB ID: 66872)
2025-12-26 18:27:29,827 - DEBUG - Upserted modifier: Tomate (V1 ID: 37628, DB ID: 66874)
2025-12-26 18:27:30,576 - DEBUG - Upserted modifier: Olives Vertes (V1 ID: 37629, DB ID: 66877)
2025-12-26 18:27:31,362 - DEBUG - Upserted modifier: Olives Noires (V1 ID: 37630, DB ID: 66880)
2025-12-26 18:27:32,118 - DEBUG - Upserted modifier: Champignon (V1 ID: 37631, DB ID: 66883)
2025-12-26 18:27:32,853 - DEBUG - Upserted modifier: Brocoli (V1 ID: 37632, DB ID: 66886)
2025-12-26 18:27:33,614 - DEBUG - Upserted modifier: Ananas (V1 ID: 37634, DB ID: 66890)
2025-12-26 18:27:34,414 - DEBUG - Upserted modifier: Fromage Feta (V1 ID: 37633, DB ID: 66893)
2025-12-26 18:27:35,172 - DEBUG - Upserted modifier: Fromage (V1 ID: 37635, DB ID: 66896)
2025-12-26 18:27:35,930 - DEBUG - Upserted modifier: Saucisse Italienne (V1 ID: 37619, DB ID: 66898)
2025-12-26 18:27:36,685 - DEBUG - Upserted modifier: Boulettes de Viande (V1 ID: 37620, DB ID: 66900)
2025-12-26 18:27:37,443 - DEBUG - Upserted modifier: Poulet (V1 ID: 37621, DB ID: 66902)
2025-12-26 18:27:38,237 - DEBUG - Upserted modifier: Beef Hachée (V1 ID: 37622, DB ID: 66904)
2025-12-26 18:27:39,008 - DEBUG - Upserted modifier: Viande Fumée (V1 ID: 37623, DB ID: 66906)
2025-12-26 18:27:39,781 - DEBUG - Upserted modifier: Pepperoni (V1 ID: 37616, DB ID: 66908)
2025-12-26 18:27:40,533 - DEBUG - Upserted modifier: Jambon (V1 ID: 37617, DB ID: 66910)
2025-12-26 18:27:41,289 - DEBUG - Upserted modifier: Bacon (V1 ID: 37618, DB ID: 66912)
2025-12-26 18:27:42,067 - DEBUG - Modifier group already exists: DEALS - Trio Burger Poutine Selection (ID: 123)
2025-12-26 18:27:42,268 - DEBUG - Upserted modifier: Poutine (V1 ID: 53033, DB ID: 66914)
2025-12-26 18:27:42,630 - DEBUG - Upserted modifier: Frites (V1 ID: 59945, DB ID: 66915)
2025-12-26 18:27:42,995 - DEBUG - Upserted modifier: Poutine Viande Fumée (V1 ID: 53034, DB ID: 66917)
2025-12-26 18:27:43,339 - DEBUG - Upserted modifier: Poutine (V1 ID: 59946, DB ID: 66918)
2025-12-26 18:27:43,699 - DEBUG - Upserted modifier: Poutine Poulet (V1 ID: 53035, DB ID: 66920)
2025-12-26 18:27:44,074 - DEBUG - Upserted modifier: Jalapenos (V1 ID: 59947, DB ID: 66921)
2025-12-26 18:27:44,429 - DEBUG - Upserted modifier: Rondelles d’oignons (V1 ID: 59948, DB ID: 66923)
2025-12-26 18:27:44,782 - DEBUG - Upserted modifier: Batonnets de fromage (V1 ID: 59949, DB ID: 66924)
2025-12-26 18:27:45,125 - DEBUG - Modifier group already exists: Mozza Boz Sides (ID: 124)
2025-12-26 18:27:45,359 - DEBUG - Upserted modifier: Poutine (V1 ID: 53033, DB ID: 66926)
2025-12-26 18:27:45,695 - DEBUG - Upserted modifier: Frites (V1 ID: 59945, DB ID: 66927)
2025-12-26 18:27:46,039 - DEBUG - Upserted modifier: Poutine Viande Fumée (V1 ID: 53034, DB ID: 66929)
2025-12-26 18:27:46,369 - DEBUG - Upserted modifier: Poutine (V1 ID: 59946, DB ID: 66930)
2025-12-26 18:27:46,718 - DEBUG - Upserted modifier: Poutine Poulet (V1 ID: 53035, DB ID: 66932)
2025-12-26 18:27:47,072 - DEBUG - Upserted modifier: Jalapenos (V1 ID: 59947, DB ID: 66933)
2025-12-26 18:27:47,426 - DEBUG - Upserted modifier: Rondelles d’oignons (V1 ID: 59948, DB ID: 66935)
2025-12-26 18:27:47,777 - DEBUG - Upserted modifier: Batonnets de fromage (V1 ID: 59949, DB ID: 66936)
2025-12-26 18:27:48,139 - DEBUG - Modifier group already exists: NAAN Meat Selection (ID: 126)
2025-12-26 18:27:48,371 - DEBUG - Upserted modifier: Jambon HIDE (V1 ID: 39693, DB ID: 66938)
2025-12-26 18:27:48,722 - DEBUG - Upserted modifier: Poulet HIDE (V1 ID: 39694, DB ID: 66939)
2025-12-26 18:27:49,057 - DEBUG - Upserted modifier: Bacon HIDE (V1 ID: 39695, DB ID: 66941)
2025-12-26 18:27:49,391 - DEBUG - Upserted modifier: Burger Poulet (V1 ID: 53030, DB ID: 66942)
2025-12-26 18:27:49,744 - DEBUG - Upserted modifier: Hamburger (V1 ID: 53031, DB ID: 66944)
2025-12-26 18:27:50,096 - DEBUG - Upserted modifier: Cheeseburger (V1 ID: 53032, DB ID: 66945)
2025-12-26 18:27:50,438 - DEBUG - Upserted modifier: Poulet (V1 ID: 59956, DB ID: 66947)
2025-12-26 18:27:50,781 - DEBUG - Upserted modifier: Boeuf (V1 ID: 59957, DB ID: 66948)
2025-12-26 18:27:51,130 - DEBUG - Upserted modifier: Steak (V1 ID: 59958, DB ID: 66949)
2025-12-26 18:27:51,485 - DEBUG - Upserted modifier: Canadienne HIDE (V1 ID: 49384, DB ID: 66951)
2025-12-26 18:27:51,827 - DEBUG - Upserted modifier: La Western HIDE (V1 ID: 49386, DB ID: 66952)
2025-12-26 18:27:52,309 - DEBUG - Upserted modifier: Mozzarella (V1 ID: 37650, DB ID: 66954)
2025-12-26 18:27:52,813 - DEBUG - Upserted modifier: Canadienne (V1 ID: 37654, DB ID: 66956)
2025-12-26 18:27:53,208 - DEBUG - Upserted modifier: La Western (V1 ID: 37656, DB ID: 66958)
2025-12-26 18:27:53,553 - DEBUG - Upserted modifier: Au Fromage (V1 ID: 37657, DB ID: 66960)
2025-12-26 18:27:53,900 - DEBUG - Upserted modifier: Poivrons Verts (V1 ID: 37624, DB ID: 66962)
2025-12-26 18:27:54,765 - DEBUG - Upserted modifier: Piments Forts (V1 ID: 37625, DB ID: 66965)
2025-12-26 18:27:55,891 - DEBUG - Upserted modifier: Oignons (V1 ID: 37626, DB ID: 66968)
2025-12-26 18:27:57,024 - DEBUG - Upserted modifier: Oignons Rouges (V1 ID: 37627, DB ID: 66971)
2025-12-26 18:27:58,153 - DEBUG - Upserted modifier: Tomate (V1 ID: 37628, DB ID: 66974)
2025-12-26 18:27:59,085 - DEBUG - Upserted modifier: Olives Vertes (V1 ID: 37629, DB ID: 66977)
2025-12-26 18:27:59,832 - DEBUG - Upserted modifier: Olives Noires (V1 ID: 37630, DB ID: 66980)
2025-12-26 18:28:00,606 - DEBUG - Upserted modifier: Champignon (V1 ID: 37631, DB ID: 66984)
2025-12-26 18:28:01,370 - DEBUG - Upserted modifier: Brocoli (V1 ID: 37632, DB ID: 66987)
2025-12-26 18:28:02,164 - DEBUG - Upserted modifier: Ananas (V1 ID: 37634, DB ID: 66990)
2025-12-26 18:28:02,942 - DEBUG - Upserted modifier: Fromage Feta (V1 ID: 37633, DB ID: 66993)
2025-12-26 18:28:03,685 - DEBUG - Upserted modifier: Fromage (V1 ID: 37635, DB ID: 66996)
2025-12-26 18:28:04,449 - DEBUG - Upserted modifier: Saucisse Italienne (V1 ID: 37619, DB ID: 66998)
2025-12-26 18:28:05,217 - DEBUG - Upserted modifier: Boulettes de Viande (V1 ID: 37620, DB ID: 67000)
2025-12-26 18:28:05,970 - DEBUG - Upserted modifier: Poulet (V1 ID: 37621, DB ID: 67002)
2025-12-26 18:28:06,717 - DEBUG - Upserted modifier: Beef Hachée (V1 ID: 37622, DB ID: 67004)
2025-12-26 18:28:07,462 - DEBUG - Upserted modifier: Viande Fumée (V1 ID: 37623, DB ID: 67006)
2025-12-26 18:28:08,226 - DEBUG - Upserted modifier: Pepperoni (V1 ID: 37616, DB ID: 67008)
2025-12-26 18:28:09,018 - DEBUG - Upserted modifier: Jambon (V1 ID: 37617, DB ID: 67010)
2025-12-26 18:28:09,782 - DEBUG - Upserted modifier: Bacon (V1 ID: 37618, DB ID: 67012)
2025-12-26 18:28:10,538 - INFO -   Groups: 13, Modifiers: 232, Prices: 544
2025-12-26 18:28:10,538 - INFO - ----------------------------------------
2025-12-26 18:28:10,538 - INFO - Processing: Papa Pizza Des Flandres (V3: 1012, V1: 231)
2025-12-26 18:28:10,539 - INFO - Navigating to modifier groups page: https://menuadmin.menu.ca/?p=restaurants&display=editRestaurant&restaurant=231&load=ingredientGroups&showLang=fr
2025-12-26 18:28:11,431 - DEBUG - Expanding all modifier group divs...
2025-12-26 18:28:11,972 - DEBUG - Group 1785: 2 active modifiers
2025-12-26 18:28:11,972 - DEBUG - Group 1786: 4 active modifiers
2025-12-26 18:28:11,972 - DEBUG - Group 1787: 2 active modifiers
2025-12-26 18:28:11,973 - DEBUG - Group 1788: 4 active modifiers
2025-12-26 18:28:11,973 - DEBUG - Group 1789: 2 active modifiers
2025-12-26 18:28:11,973 - DEBUG - Group 1790: 1 active modifiers
2025-12-26 18:28:11,973 - DEBUG - Group 1791: 2 active modifiers
2025-12-26 18:28:11,973 - DEBUG - Group 1792: 18 active modifiers
2025-12-26 18:28:11,973 - DEBUG - Group 1793: 3 active modifiers
2025-12-26 18:28:11,973 - DEBUG - Group 4936: 2 active modifiers
2025-12-26 18:28:11,973 - DEBUG - Group 10250: 8 active modifiers
2025-12-26 18:28:11,973 - DEBUG - Group 10423: 4 active modifiers
2025-12-26 18:28:11,973 - DEBUG - Group 10503: 4 active modifiers
2025-12-26 18:28:11,973 - DEBUG - Group 11424: 4 active modifiers
2025-12-26 18:28:11,974 - DEBUG - Group 11425: 3 active modifiers
2025-12-26 18:28:11,974 - DEBUG - Group 11426: 2 active modifiers
2025-12-26 18:28:12,045 - INFO - Processing modifier group: Burgers extra (ID: 1785)
2025-12-26 18:28:12,294 - INFO -   Found 8 modifiers (2 active, 6 inactive)
2025-12-26 18:28:12,313 - INFO - Processing modifier group: Wings Sauces (ID: 1786)
2025-12-26 18:28:12,911 - INFO -   Found 15 modifiers (4 active, 11 inactive)
2025-12-26 18:28:12,925 - INFO - Processing modifier group: Nachos extra (ID: 1787)
2025-12-26 18:28:13,260 - INFO -   Found 8 modifiers (2 active, 6 inactive)
2025-12-26 18:28:13,284 - INFO - Processing modifier group: Burgers ing (ID: 1788)
2025-12-26 18:28:14,748 - INFO -   Found 36 modifiers (4 active, 32 inactive)
2025-12-26 18:28:14,763 - INFO - Processing modifier group: poutine extra fromage and sauce (ID: 1789)
2025-12-26 18:28:15,131 - INFO -   Found 8 modifiers (2 active, 6 inactive)
2025-12-26 18:28:15,147 - INFO - Processing modifier group: Upgrade to Poutine (ID: 1790)
2025-12-26 18:28:15,479 - INFO -   Found 8 modifiers (1 active, 7 inactive)
2025-12-26 18:28:15,493 - INFO - Processing modifier group: Subs sauces (ID: 1791)
2025-12-26 18:28:15,920 - INFO -   Found 15 modifiers (2 active, 13 inactive)
2025-12-26 18:28:15,931 - INFO - Processing modifier group: Pizza Toppings (ID: 1792)
2025-12-26 18:28:17,177 - INFO -   Found 36 modifiers (18 active, 18 inactive)
2025-12-26 18:28:17,188 - INFO - Processing modifier group: Pizza Dips (ID: 1793)
2025-12-26 18:28:17,832 - INFO -   Found 15 modifiers (3 active, 12 inactive)
2025-12-26 18:28:17,850 - INFO - Processing modifier group: Sauces Viande Fumee Sub (ID: 4936)
2025-12-26 18:28:18,352 - INFO -   Found 15 modifiers (2 active, 13 inactive)
2025-12-26 18:28:18,370 - INFO - Processing modifier group: Subs Selection for Sous Marin Vous (ID: 10250)
2025-12-26 18:28:19,941 - INFO -   Found 36 modifiers (8 active, 28 inactive)
2025-12-26 18:28:19,959 - INFO - Processing modifier group: Mini Beignets Options (ID: 10423)
2025-12-26 18:28:21,611 - INFO -   Found 36 modifiers (4 active, 32 inactive)
2025-12-26 18:28:21,630 - INFO - Processing modifier group: Mini Beignets Dips (ID: 10503)
2025-12-26 18:28:22,267 - INFO -   Found 15 modifiers (4 active, 11 inactive)
2025-12-26 18:28:22,284 - INFO - Processing modifier group: Custom ingredients for Burgers (ID: 11424)
2025-12-26 18:28:23,940 - INFO -   Found 36 modifiers (4 active, 32 inactive)
2025-12-26 18:28:23,958 - INFO - Processing modifier group: Drinks (ID: 11425)
2025-12-26 18:28:24,073 - INFO -   Found 3 modifiers (3 active, 0 inactive)
2025-12-26 18:28:24,090 - INFO - Processing modifier group: Gyro Combos Side Dishes (ID: 11426)
2025-12-26 18:28:24,226 - INFO -   Found 3 modifiers (2 active, 1 inactive)
2025-12-26 18:28:24,228 - INFO - Total modifier groups extracted: 16
2025-12-26 18:28:24,329 - DEBUG - Modifier group already exists: Burgers extra (ID: 128)
2025-12-26 18:28:24,528 - DEBUG - Upserted modifier: Fromage (V1 ID: 8243, DB ID: 67038)
2025-12-26 18:28:24,864 - DEBUG - Upserted modifier: Bacon (V1 ID: 8244, DB ID: 67040)
2025-12-26 18:28:25,222 - DEBUG - Upserted modifier: Poulet (V1 ID: 8249, DB ID: 67042)
2025-12-26 18:28:25,576 - DEBUG - Upserted modifier: Sauce (V1 ID: 8253, DB ID: 67044)
2025-12-26 18:28:25,937 - DEBUG - Upserted modifier: Poutine (V1 ID: 8254, DB ID: 67046)
2025-12-26 18:28:26,270 - DEBUG - Upserted modifier: Poulet (V1 ID: 34993, DB ID: 67048)
2025-12-26 18:28:26,622 - DEBUG - Upserted modifier: Boeuf (V1 ID: 34994, DB ID: 67050)
2025-12-26 18:28:26,968 - DEBUG - Upserted modifier: Frites (V1 ID: 14573, DB ID: 67052)
2025-12-26 18:28:27,323 - DEBUG - Modifier group already exists: Wings Sauces (ID: 129)
2025-12-26 18:28:27,534 - DEBUG - Upserted modifier: Trempette Anniversaire (V1 ID: 48150, DB ID: 67054)
2025-12-26 18:28:27,891 - DEBUG - Upserted modifier: Trempettes au Caramel Salé (V1 ID: 48151, DB ID: 67056)
2025-12-26 18:28:28,247 - DEBUG - Upserted modifier: Trempettes Biscuit et Crème (V1 ID: 48152, DB ID: 67058)
2025-12-26 18:28:28,603 - DEBUG - Upserted modifier: Trempettes Chocolat Fudge (V1 ID: 48153, DB ID: 67060)
2025-12-26 18:28:28,949 - DEBUG - Upserted modifier: Moutarde (V1 ID: 23084, DB ID: 67062)
2025-12-26 18:28:29,287 - DEBUG - Upserted modifier: Ail (V1 ID: 8239, DB ID: 67064)
2025-12-26 18:28:29,641 - DEBUG - Upserted modifier: Cheddar (V1 ID: 8240, DB ID: 67066)
2025-12-26 18:28:29,998 - DEBUG - Upserted modifier: Ranch (V1 ID: 8241, DB ID: 67068)
2025-12-26 18:28:30,347 - DEBUG - Upserted modifier: Marinara (V1 ID: 8242, DB ID: 67070)
2025-12-26 18:28:30,688 - DEBUG - Upserted modifier: Douce (V1 ID: 8245, DB ID: 67072)
2025-12-26 18:28:31,034 - DEBUG - Upserted modifier: Moyenne (V1 ID: 8246, DB ID: 67074)
2025-12-26 18:28:31,364 - DEBUG - Upserted modifier: Fort (V1 ID: 8247, DB ID: 67075)
2025-12-26 18:28:31,706 - DEBUG - Upserted modifier: Miel et Ail (V1 ID: 8248, DB ID: 67077)
2025-12-26 18:28:32,063 - DEBUG - Upserted modifier: Mayonnaise (V1 ID: 8256, DB ID: 67078)
2025-12-26 18:28:32,409 - DEBUG - Upserted modifier: Sauce à l’ail (V1 ID: 8257, DB ID: 67080)
2025-12-26 18:28:32,754 - DEBUG - Modifier group already exists: Nachos extra (ID: 130)
2025-12-26 18:28:32,970 - DEBUG - Upserted modifier: Fromage (V1 ID: 8243, DB ID: 67081)
2025-12-26 18:28:33,310 - DEBUG - Upserted modifier: Bacon (V1 ID: 8244, DB ID: 67083)
2025-12-26 18:28:33,650 - DEBUG - Upserted modifier: Poulet (V1 ID: 8249, DB ID: 67084)
2025-12-26 18:28:33,989 - DEBUG - Upserted modifier: Sauce (V1 ID: 8253, DB ID: 67086)
2025-12-26 18:28:34,332 - DEBUG - Upserted modifier: Poutine (V1 ID: 8254, DB ID: 67087)
2025-12-26 18:28:34,676 - DEBUG - Upserted modifier: Poulet (V1 ID: 34993, DB ID: 67089)
2025-12-26 18:28:35,030 - DEBUG - Upserted modifier: Boeuf (V1 ID: 34994, DB ID: 67090)
2025-12-26 18:28:35,378 - DEBUG - Upserted modifier: Frites (V1 ID: 14573, DB ID: 67092)
2025-12-26 18:28:35,714 - DEBUG - Modifier group already exists: Burgers ing (ID: 132)
2025-12-26 18:28:35,941 - DEBUG - Upserted modifier: Steak Style Philadelphia Grande (V1 ID: 46887, DB ID: 67093)
2025-12-26 18:28:36,298 - DEBUG - Upserted modifier: La Québecoise Grande (V1 ID: 46888, DB ID: 67095)
2025-12-26 18:28:36,646 - DEBUG - Upserted modifier: Hoagie Pizza Sub Grande (V1 ID: 46889, DB ID: 67096)
2025-12-26 18:28:36,999 - DEBUG - Upserted modifier: Le Jambon Grande (V1 ID: 46890, DB ID: 67098)
2025-12-26 18:28:37,351 - DEBUG - Upserted modifier: Le Combiné Grande (V1 ID: 46891, DB ID: 67099)
2025-12-26 18:28:37,714 - DEBUG - Upserted modifier: Le Club Sub Grande (V1 ID: 46892, DB ID: 67101)
2025-12-26 18:28:38,095 - DEBUG - Upserted modifier: Le Super Super Grande (V1 ID: 46893, DB ID: 67102)
2025-12-26 18:28:38,463 - DEBUG - Upserted modifier: Donair Grande (V1 ID: 46894, DB ID: 67103)
2025-12-26 18:28:38,808 - DEBUG - Upserted modifier: Chocolat (V1 ID: 47749, DB ID: 67105)
2025-12-26 18:28:39,151 - DEBUG - Upserted modifier: Canelle (V1 ID: 47750, DB ID: 67106)
2025-12-26 18:28:39,503 - DEBUG - Upserted modifier: Fruits (V1 ID: 47751, DB ID: 67108)
2025-12-26 18:28:39,858 - DEBUG - Upserted modifier: Sucre époudré (V1 ID: 47752, DB ID: 67109)
2025-12-26 18:28:40,198 - DEBUG - Upserted modifier: Oignons (V1 ID: 53161, DB ID: 67111)
2025-12-26 18:28:40,538 - DEBUG - Upserted modifier: Moutard (V1 ID: 53162, DB ID: 67112)
2025-12-26 18:28:40,875 - DEBUG - Upserted modifier: Cornichons (V1 ID: 53163, DB ID: 67114)
2025-12-26 18:28:41,230 - DEBUG - Upserted modifier: Condiment (V1 ID: 53164, DB ID: 67115)
2025-12-26 18:28:41,574 - DEBUG - Upserted modifier: Pepperoni (V1 ID: 8221, DB ID: 67117)
2025-12-26 18:28:42,314 - DEBUG - Upserted modifier: Bacon (V1 ID: 8222, DB ID: 67119)
2025-12-26 18:28:43,078 - DEBUG - Upserted modifier: Jambon (V1 ID: 8227, DB ID: 67121)
2025-12-26 18:28:43,820 - DEBUG - Upserted modifier: Poulet (V1 ID: 8233, DB ID: 67123)
2025-12-26 18:28:44,602 - DEBUG - Upserted modifier: Saucisse Italienne (V1 ID: 8235, DB ID: 67124)
2025-12-26 18:28:45,350 - DEBUG - Upserted modifier: Viande Fumée (V1 ID: 8238, DB ID: 67126)
2025-12-26 18:28:46,118 - DEBUG - Upserted modifier: Fromage Feta (V1 ID: 8237, DB ID: 67128)
2025-12-26 18:28:46,859 - DEBUG - Upserted modifier: Champignons (V1 ID: 8223, DB ID: 67130)
2025-12-26 18:28:47,615 - DEBUG - Upserted modifier: Poivrons Verts (V1 ID: 8224, DB ID: 67132)
2025-12-26 18:28:48,374 - DEBUG - Upserted modifier: Origan (V1 ID: 8225, DB ID: 67136)
2025-12-26 18:28:49,123 - DEBUG - Upserted modifier: Basilic (V1 ID: 8226, DB ID: 67139)
2025-12-26 18:28:49,891 - DEBUG - Upserted modifier: Ananas (V1 ID: 8228, DB ID: 67142)
2025-12-26 18:28:50,691 - DEBUG - Upserted modifier: Olives (V1 ID: 8229, DB ID: 67145)
2025-12-26 18:28:51,443 - DEBUG - Upserted modifier: Tomates (V1 ID: 8230, DB ID: 67148)
2025-12-26 18:28:52,227 - DEBUG - Upserted modifier: Oignons (V1 ID: 8231, DB ID: 67151)
2025-12-26 18:28:52,610 - DEBUG - Upserted modifier: Piments Forts (V1 ID: 8232, DB ID: 67153)
2025-12-26 18:28:52,978 - DEBUG - Upserted modifier: Oignons Rouges (V1 ID: 8234, DB ID: 67155)
2025-12-26 18:28:53,796 - DEBUG - Upserted modifier: Olives Noires (V1 ID: 8236, DB ID: 67158)
2025-12-26 18:28:54,613 - DEBUG - Upserted modifier: Moutarde (V1 ID: 8251, DB ID: 67161)
2025-12-26 18:28:54,963 - DEBUG - Upserted modifier: Relish (V1 ID: 8252, DB ID: 67163)
2025-12-26 18:28:55,324 - DEBUG - Modifier group already exists: poutine extra fromage and sauce (ID: 134)
2025-12-26 18:28:55,531 - DEBUG - Upserted modifier: Fromage (V1 ID: 8243, DB ID: 67166)
2025-12-26 18:28:55,898 - DEBUG - Upserted modifier: Bacon (V1 ID: 8244, DB ID: 67168)
2025-12-26 18:28:56,251 - DEBUG - Upserted modifier: Poulet (V1 ID: 8249, DB ID: 67170)
2025-12-26 18:28:56,594 - DEBUG - Upserted modifier: Sauce (V1 ID: 8253, DB ID: 67172)
2025-12-26 18:28:56,932 - DEBUG - Upserted modifier: Poutine (V1 ID: 8254, DB ID: 67174)
2025-12-26 18:28:57,276 - DEBUG - Upserted modifier: Poulet (V1 ID: 34993, DB ID: 67176)
2025-12-26 18:28:57,621 - DEBUG - Upserted modifier: Boeuf (V1 ID: 34994, DB ID: 67178)
2025-12-26 18:28:57,973 - DEBUG - Upserted modifier: Frites (V1 ID: 14573, DB ID: 67180)
2025-12-26 18:28:58,321 - DEBUG - Modifier group already exists: Upgrade to Poutine (ID: 135)
2025-12-26 18:28:58,528 - DEBUG - Upserted modifier: Fromage (V1 ID: 8243, DB ID: 67182)
2025-12-26 18:28:58,887 - DEBUG - Upserted modifier: Bacon (V1 ID: 8244, DB ID: 67184)
2025-12-26 18:28:59,209 - DEBUG - Upserted modifier: Poulet (V1 ID: 8249, DB ID: 67186)
2025-12-26 18:28:59,563 - DEBUG - Upserted modifier: Sauce (V1 ID: 8253, DB ID: 67188)
2025-12-26 18:28:59,904 - DEBUG - Upserted modifier: Poutine (V1 ID: 8254, DB ID: 67190)
2025-12-26 18:29:00,246 - DEBUG - Upserted modifier: Poulet (V1 ID: 34993, DB ID: 67192)
2025-12-26 18:29:00,581 - DEBUG - Upserted modifier: Boeuf (V1 ID: 34994, DB ID: 67194)
2025-12-26 18:29:00,927 - DEBUG - Upserted modifier: Frites (V1 ID: 14573, DB ID: 67196)
2025-12-26 18:29:01,281 - DEBUG - Modifier group already exists: Subs sauces (ID: 136)
2025-12-26 18:29:01,514 - DEBUG - Upserted modifier: Trempette Anniversaire (V1 ID: 48150, DB ID: 67198)
2025-12-26 18:29:01,876 - DEBUG - Upserted modifier: Trempettes au Caramel Salé (V1 ID: 48151, DB ID: 67200)
2025-12-26 18:29:02,227 - DEBUG - Upserted modifier: Trempettes Biscuit et Crème (V1 ID: 48152, DB ID: 67202)
2025-12-26 18:29:02,553 - DEBUG - Upserted modifier: Trempettes Chocolat Fudge (V1 ID: 48153, DB ID: 67204)
2025-12-26 18:29:02,906 - DEBUG - Upserted modifier: Moutarde (V1 ID: 23084, DB ID: 67206)
2025-12-26 18:29:03,245 - DEBUG - Upserted modifier: Ail (V1 ID: 8239, DB ID: 67208)
2025-12-26 18:29:03,587 - DEBUG - Upserted modifier: Cheddar (V1 ID: 8240, DB ID: 67210)
2025-12-26 18:29:03,961 - DEBUG - Upserted modifier: Ranch (V1 ID: 8241, DB ID: 67212)
2025-12-26 18:29:04,329 - DEBUG - Upserted modifier: Marinara (V1 ID: 8242, DB ID: 67214)
2025-12-26 18:29:04,692 - DEBUG - Upserted modifier: Douce (V1 ID: 8245, DB ID: 67216)
2025-12-26 18:29:05,032 - DEBUG - Upserted modifier: Moyenne (V1 ID: 8246, DB ID: 67218)
2025-12-26 18:29:05,404 - DEBUG - Upserted modifier: Fort (V1 ID: 8247, DB ID: 67220)
2025-12-26 18:29:05,747 - DEBUG - Upserted modifier: Miel et Ail (V1 ID: 8248, DB ID: 67222)
2025-12-26 18:29:06,084 - DEBUG - Upserted modifier: Mayonnaise (V1 ID: 8256, DB ID: 67224)
2025-12-26 18:29:06,421 - DEBUG - Upserted modifier: Sauce à l’ail (V1 ID: 8257, DB ID: 67226)
2025-12-26 18:29:06,776 - DEBUG - Modifier group already exists: Pizza Toppings (ID: 137)
2025-12-26 18:29:06,980 - DEBUG - Upserted modifier: Steak Style Philadelphia Grande (V1 ID: 46887, DB ID: 67229)
2025-12-26 18:29:07,325 - DEBUG - Upserted modifier: La Québecoise Grande (V1 ID: 46888, DB ID: 67230)
2025-12-26 18:29:07,673 - DEBUG - Upserted modifier: Hoagie Pizza Sub Grande (V1 ID: 46889, DB ID: 67232)
2025-12-26 18:29:08,036 - DEBUG - Upserted modifier: Le Jambon Grande (V1 ID: 46890, DB ID: 67233)
2025-12-26 18:29:08,400 - DEBUG - Upserted modifier: Le Combiné Grande (V1 ID: 46891, DB ID: 67234)
2025-12-26 18:29:08,739 - DEBUG - Upserted modifier: Le Club Sub Grande (V1 ID: 46892, DB ID: 67236)
2025-12-26 18:29:09,084 - DEBUG - Upserted modifier: Le Super Super Grande (V1 ID: 46893, DB ID: 67237)
2025-12-26 18:29:09,428 - DEBUG - Upserted modifier: Donair Grande (V1 ID: 46894, DB ID: 67239)
2025-12-26 18:29:09,798 - DEBUG - Upserted modifier: Chocolat (V1 ID: 47749, DB ID: 67240)
2025-12-26 18:29:10,145 - DEBUG - Upserted modifier: Canelle (V1 ID: 47750, DB ID: 67242)
2025-12-26 18:29:10,510 - DEBUG - Upserted modifier: Fruits (V1 ID: 47751, DB ID: 67243)
2025-12-26 18:29:10,849 - DEBUG - Upserted modifier: Sucre époudré (V1 ID: 47752, DB ID: 67245)
2025-12-26 18:29:11,198 - DEBUG - Upserted modifier: Oignons (V1 ID: 53161, DB ID: 67246)
2025-12-26 18:29:11,549 - DEBUG - Upserted modifier: Moutard (V1 ID: 53162, DB ID: 67248)
2025-12-26 18:29:11,905 - DEBUG - Upserted modifier: Cornichons (V1 ID: 53163, DB ID: 67249)
2025-12-26 18:29:12,248 - DEBUG - Upserted modifier: Condiment (V1 ID: 53164, DB ID: 67250)
2025-12-26 18:29:12,594 - DEBUG - Upserted modifier: Pepperoni (V1 ID: 8221, DB ID: 67252)
2025-12-26 18:29:13,339 - DEBUG - Upserted modifier: Bacon (V1 ID: 8222, DB ID: 67254)
2025-12-26 18:29:14,109 - DEBUG - Upserted modifier: Jambon (V1 ID: 8227, DB ID: 67256)
2025-12-26 18:29:14,863 - DEBUG - Upserted modifier: Poulet (V1 ID: 8233, DB ID: 67258)
2025-12-26 18:29:15,601 - DEBUG - Upserted modifier: Saucisse Italienne (V1 ID: 8235, DB ID: 67260)
2025-12-26 18:29:16,377 - DEBUG - Upserted modifier: Viande Fumée (V1 ID: 8238, DB ID: 67262)
2025-12-26 18:29:17,161 - DEBUG - Upserted modifier: Fromage Feta (V1 ID: 8237, DB ID: 67264)
2025-12-26 18:29:17,938 - DEBUG - Upserted modifier: Champignons (V1 ID: 8223, DB ID: 67266)
2025-12-26 18:29:18,753 - DEBUG - Upserted modifier: Poivrons Verts (V1 ID: 8224, DB ID: 67268)
2025-12-26 18:29:19,527 - DEBUG - Upserted modifier: Origan (V1 ID: 8225, DB ID: 67270)
2025-12-26 18:29:20,317 - DEBUG - Upserted modifier: Basilic (V1 ID: 8226, DB ID: 67272)
2025-12-26 18:29:21,101 - DEBUG - Upserted modifier: Ananas (V1 ID: 8228, DB ID: 67274)
2025-12-26 18:29:21,891 - DEBUG - Upserted modifier: Olives (V1 ID: 8229, DB ID: 67276)
2025-12-26 18:29:22,648 - DEBUG - Upserted modifier: Tomates (V1 ID: 8230, DB ID: 67278)
2025-12-26 18:29:23,444 - DEBUG - Upserted modifier: Oignons (V1 ID: 8231, DB ID: 67280)
2025-12-26 18:29:24,211 - DEBUG - Upserted modifier: Piments Forts (V1 ID: 8232, DB ID: 67282)
2025-12-26 18:29:24,971 - DEBUG - Upserted modifier: Oignons Rouges (V1 ID: 8234, DB ID: 67285)
2025-12-26 18:29:25,741 - DEBUG - Upserted modifier: Olives Noires (V1 ID: 8236, DB ID: 67289)
2025-12-26 18:29:26,520 - DEBUG - Upserted modifier: Moutarde (V1 ID: 8251, DB ID: 67292)
2025-12-26 18:29:26,869 - DEBUG - Upserted modifier: Relish (V1 ID: 8252, DB ID: 67294)
2025-12-26 18:29:27,213 - DEBUG - Modifier group already exists: Pizza Dips (ID: 140)
2025-12-26 18:29:27,429 - DEBUG - Upserted modifier: Trempette Anniversaire (V1 ID: 48150, DB ID: 67296)
2025-12-26 18:29:27,788 - DEBUG - Upserted modifier: Trempettes au Caramel Salé (V1 ID: 48151, DB ID: 67298)
2025-12-26 18:29:28,136 - DEBUG - Upserted modifier: Trempettes Biscuit et Crème (V1 ID: 48152, DB ID: 67300)
2025-12-26 18:29:28,471 - DEBUG - Upserted modifier: Trempettes Chocolat Fudge (V1 ID: 48153, DB ID: 67302)
2025-12-26 18:29:28,816 - DEBUG - Upserted modifier: Moutarde (V1 ID: 23084, DB ID: 67304)
2025-12-26 18:29:29,162 - DEBUG - Upserted modifier: Ail (V1 ID: 8239, DB ID: 67306)
2025-12-26 18:29:29,531 - DEBUG - Upserted modifier: Cheddar (V1 ID: 8240, DB ID: 67308)
2025-12-26 18:29:29,905 - DEBUG - Upserted modifier: Ranch (V1 ID: 8241, DB ID: 67310)
2025-12-26 18:29:30,247 - DEBUG - Upserted modifier: Marinara (V1 ID: 8242, DB ID: 67312)
2025-12-26 18:29:30,623 - DEBUG - Upserted modifier: Douce (V1 ID: 8245, DB ID: 67314)
2025-12-26 18:29:30,970 - DEBUG - Upserted modifier: Moyenne (V1 ID: 8246, DB ID: 67316)
2025-12-26 18:29:31,322 - DEBUG - Upserted modifier: Fort (V1 ID: 8247, DB ID: 67318)
2025-12-26 18:29:31,704 - DEBUG - Upserted modifier: Miel et Ail (V1 ID: 8248, DB ID: 67320)
2025-12-26 18:29:32,052 - DEBUG - Upserted modifier: Mayonnaise (V1 ID: 8256, DB ID: 67322)
2025-12-26 18:29:32,416 - DEBUG - Upserted modifier: Sauce à l’ail (V1 ID: 8257, DB ID: 67324)
2025-12-26 18:29:32,762 - DEBUG - Modifier group already exists: Sauces Viande Fumee Sub (ID: 141)
2025-12-26 18:29:32,985 - DEBUG - Upserted modifier: Trempette Anniversaire (V1 ID: 48150, DB ID: 67326)
2025-12-26 18:29:33,326 - DEBUG - Upserted modifier: Trempettes au Caramel Salé (V1 ID: 48151, DB ID: 67328)
2025-12-26 18:29:33,689 - DEBUG - Upserted modifier: Trempettes Biscuit et Crème (V1 ID: 48152, DB ID: 67330)
2025-12-26 18:29:34,055 - DEBUG - Upserted modifier: Trempettes Chocolat Fudge (V1 ID: 48153, DB ID: 67332)
2025-12-26 18:29:34,414 - DEBUG - Upserted modifier: Moutarde (V1 ID: 23084, DB ID: 67334)
2025-12-26 18:29:34,784 - DEBUG - Upserted modifier: Ail (V1 ID: 8239, DB ID: 67336)
2025-12-26 18:29:35,119 - DEBUG - Upserted modifier: Cheddar (V1 ID: 8240, DB ID: 67338)
2025-12-26 18:29:35,457 - DEBUG - Upserted modifier: Ranch (V1 ID: 8241, DB ID: 67340)
2025-12-26 18:29:35,804 - DEBUG - Upserted modifier: Marinara (V1 ID: 8242, DB ID: 67342)
2025-12-26 18:29:36,178 - DEBUG - Upserted modifier: Douce (V1 ID: 8245, DB ID: 67344)
2025-12-26 18:29:36,526 - DEBUG - Upserted modifier: Moyenne (V1 ID: 8246, DB ID: 67346)
2025-12-26 18:29:36,907 - DEBUG - Upserted modifier: Fort (V1 ID: 8247, DB ID: 67349)
2025-12-26 18:29:37,260 - DEBUG - Upserted modifier: Miel et Ail (V1 ID: 8248, DB ID: 67350)
2025-12-26 18:29:37,634 - DEBUG - Upserted modifier: Mayonnaise (V1 ID: 8256, DB ID: 67352)
2025-12-26 18:29:37,992 - DEBUG - Upserted modifier: Sauce à l’ail (V1 ID: 8257, DB ID: 67354)
2025-12-26 18:29:38,340 - DEBUG - Modifier group already exists: Subs Selection for Sous Marin Vous (ID: 145)
2025-12-26 18:29:38,569 - DEBUG - Upserted modifier: Steak Style Philadelphia Grande (V1 ID: 46887, DB ID: 67356)
2025-12-26 18:29:38,904 - DEBUG - Upserted modifier: La Québecoise Grande (V1 ID: 46888, DB ID: 67358)
2025-12-26 18:29:39,235 - DEBUG - Upserted modifier: Hoagie Pizza Sub Grande (V1 ID: 46889, DB ID: 67360)
2025-12-26 18:29:39,584 - DEBUG - Upserted modifier: Le Jambon Grande (V1 ID: 46890, DB ID: 67362)
2025-12-26 18:29:39,931 - DEBUG - Upserted modifier: Le Combiné Grande (V1 ID: 46891, DB ID: 67364)
2025-12-26 18:29:40,260 - DEBUG - Upserted modifier: Le Club Sub Grande (V1 ID: 46892, DB ID: 67366)
2025-12-26 18:29:40,593 - DEBUG - Upserted modifier: Le Super Super Grande (V1 ID: 46893, DB ID: 67368)
2025-12-26 18:29:40,948 - DEBUG - Upserted modifier: Donair Grande (V1 ID: 46894, DB ID: 67370)
2025-12-26 18:29:41,296 - DEBUG - Upserted modifier: Chocolat (V1 ID: 47749, DB ID: 67372)
2025-12-26 18:29:41,641 - DEBUG - Upserted modifier: Canelle (V1 ID: 47750, DB ID: 67374)
2025-12-26 18:29:41,988 - DEBUG - Upserted modifier: Fruits (V1 ID: 47751, DB ID: 67376)
2025-12-26 18:29:42,315 - DEBUG - Upserted modifier: Sucre époudré (V1 ID: 47752, DB ID: 67378)
2025-12-26 18:29:42,687 - DEBUG - Upserted modifier: Oignons (V1 ID: 53161, DB ID: 67380)
2025-12-26 18:29:43,023 - DEBUG - Upserted modifier: Moutard (V1 ID: 53162, DB ID: 67382)
2025-12-26 18:29:43,382 - DEBUG - Upserted modifier: Cornichons (V1 ID: 53163, DB ID: 67384)
2025-12-26 18:29:43,733 - DEBUG - Upserted modifier: Condiment (V1 ID: 53164, DB ID: 67385)
2025-12-26 18:29:44,072 - DEBUG - Upserted modifier: Pepperoni (V1 ID: 8221, DB ID: 67387)
2025-12-26 18:29:44,830 - DEBUG - Upserted modifier: Bacon (V1 ID: 8222, DB ID: 67389)
2025-12-26 18:29:45,582 - DEBUG - Upserted modifier: Jambon (V1 ID: 8227, DB ID: 67391)
2025-12-26 18:29:46,355 - DEBUG - Upserted modifier: Poulet (V1 ID: 8233, DB ID: 67393)
2025-12-26 18:29:47,173 - DEBUG - Upserted modifier: Saucisse Italienne (V1 ID: 8235, DB ID: 67395)
2025-12-26 18:29:47,967 - DEBUG - Upserted modifier: Viande Fumée (V1 ID: 8238, DB ID: 67397)
2025-12-26 18:29:48,736 - DEBUG - Upserted modifier: Fromage Feta (V1 ID: 8237, DB ID: 67399)
2025-12-26 18:29:49,517 - DEBUG - Upserted modifier: Champignons (V1 ID: 8223, DB ID: 67401)
2025-12-26 18:29:50,266 - DEBUG - Upserted modifier: Poivrons Verts (V1 ID: 8224, DB ID: 67403)
2025-12-26 18:29:51,028 - DEBUG - Upserted modifier: Origan (V1 ID: 8225, DB ID: 67405)
2025-12-26 18:29:51,808 - DEBUG - Upserted modifier: Basilic (V1 ID: 8226, DB ID: 67407)
2025-12-26 18:29:52,599 - DEBUG - Upserted modifier: Ananas (V1 ID: 8228, DB ID: 67409)
2025-12-26 18:29:53,365 - DEBUG - Upserted modifier: Olives (V1 ID: 8229, DB ID: 67411)
2025-12-26 18:29:54,136 - DEBUG - Upserted modifier: Tomates (V1 ID: 8230, DB ID: 67413)
2025-12-26 18:29:54,957 - DEBUG - Upserted modifier: Oignons (V1 ID: 8231, DB ID: 67415)
2025-12-26 18:29:55,780 - DEBUG - Upserted modifier: Piments Forts (V1 ID: 8232, DB ID: 67417)
2025-12-26 18:29:56,593 - DEBUG - Upserted modifier: Oignons Rouges (V1 ID: 8234, DB ID: 67419)
2025-12-26 18:29:57,372 - DEBUG - Upserted modifier: Olives Noires (V1 ID: 8236, DB ID: 67421)
2025-12-26 18:29:58,129 - DEBUG - Upserted modifier: Moutarde (V1 ID: 8251, DB ID: 67423)
2025-12-26 18:29:58,488 - DEBUG - Upserted modifier: Relish (V1 ID: 8252, DB ID: 67424)
2025-12-26 18:29:58,831 - DEBUG - Modifier group already exists: Mini Beignets Options (ID: 146)
2025-12-26 18:29:59,031 - DEBUG - Upserted modifier: Steak Style Philadelphia Grande (V1 ID: 46887, DB ID: 67426)
2025-12-26 18:29:59,372 - DEBUG - Upserted modifier: La Québecoise Grande (V1 ID: 46888, DB ID: 67427)
2025-12-26 18:29:59,709 - DEBUG - Upserted modifier: Hoagie Pizza Sub Grande (V1 ID: 46889, DB ID: 67429)
2025-12-26 18:30:00,055 - DEBUG - Upserted modifier: Le Jambon Grande (V1 ID: 46890, DB ID: 67430)
2025-12-26 18:30:00,424 - DEBUG - Upserted modifier: Le Combiné Grande (V1 ID: 46891, DB ID: 67432)
2025-12-26 18:30:00,796 - DEBUG - Upserted modifier: Le Club Sub Grande (V1 ID: 46892, DB ID: 67434)
2025-12-26 18:30:01,137 - DEBUG - Upserted modifier: Le Super Super Grande (V1 ID: 46893, DB ID: 67436)
2025-12-26 18:30:01,484 - DEBUG - Upserted modifier: Donair Grande (V1 ID: 46894, DB ID: 67438)
2025-12-26 18:30:01,862 - DEBUG - Upserted modifier: Chocolat (V1 ID: 47749, DB ID: 67440)
2025-12-26 18:30:02,238 - DEBUG - Upserted modifier: Canelle (V1 ID: 47750, DB ID: 67442)
2025-12-26 18:30:02,602 - DEBUG - Upserted modifier: Fruits (V1 ID: 47751, DB ID: 67444)
2025-12-26 18:30:02,956 - DEBUG - Upserted modifier: Sucre époudré (V1 ID: 47752, DB ID: 67446)
2025-12-26 18:30:03,296 - DEBUG - Upserted modifier: Oignons (V1 ID: 53161, DB ID: 67448)
2025-12-26 18:30:03,650 - DEBUG - Upserted modifier: Moutard (V1 ID: 53162, DB ID: 67450)
2025-12-26 18:30:03,999 - DEBUG - Upserted modifier: Cornichons (V1 ID: 53163, DB ID: 67452)
2025-12-26 18:30:04,357 - DEBUG - Upserted modifier: Condiment (V1 ID: 53164, DB ID: 67454)
2025-12-26 18:30:04,722 - DEBUG - Upserted modifier: Pepperoni (V1 ID: 8221, DB ID: 67456)
2025-12-26 18:30:05,484 - DEBUG - Upserted modifier: Bacon (V1 ID: 8222, DB ID: 67459)
2025-12-26 18:30:06,250 - DEBUG - Upserted modifier: Jambon (V1 ID: 8227, DB ID: 67461)
2025-12-26 18:30:07,009 - DEBUG - Upserted modifier: Poulet (V1 ID: 8233, DB ID: 67464)
2025-12-26 18:30:07,798 - DEBUG - Upserted modifier: Saucisse Italienne (V1 ID: 8235, DB ID: 67467)
2025-12-26 18:30:08,567 - DEBUG - Upserted modifier: Viande Fumée (V1 ID: 8238, DB ID: 67471)
2025-12-26 18:30:09,330 - DEBUG - Upserted modifier: Fromage Feta (V1 ID: 8237, DB ID: 67474)
2025-12-26 18:30:10,134 - DEBUG - Upserted modifier: Champignons (V1 ID: 8223, DB ID: 67477)
2025-12-26 18:30:10,932 - DEBUG - Upserted modifier: Poivrons Verts (V1 ID: 8224, DB ID: 67480)
2025-12-26 18:30:11,719 - DEBUG - Upserted modifier: Origan (V1 ID: 8225, DB ID: 67483)
2025-12-26 18:30:12,510 - DEBUG - Upserted modifier: Basilic (V1 ID: 8226, DB ID: 67486)
2025-12-26 18:30:13,288 - DEBUG - Upserted modifier: Ananas (V1 ID: 8228, DB ID: 67490)
2025-12-26 18:30:14,084 - DEBUG - Upserted modifier: Olives (V1 ID: 8229, DB ID: 67493)
2025-12-26 18:30:14,884 - DEBUG - Upserted modifier: Tomates (V1 ID: 8230, DB ID: 67496)
2025-12-26 18:30:15,645 - DEBUG - Upserted modifier: Oignons (V1 ID: 8231, DB ID: 67499)
2025-12-26 18:30:16,404 - DEBUG - Upserted modifier: Piments Forts (V1 ID: 8232, DB ID: 67502)
2025-12-26 18:30:17,151 - DEBUG - Upserted modifier: Oignons Rouges (V1 ID: 8234, DB ID: 67505)
2025-12-26 18:30:17,950 - DEBUG - Upserted modifier: Olives Noires (V1 ID: 8236, DB ID: 67508)
2025-12-26 18:30:18,760 - DEBUG - Upserted modifier: Moutarde (V1 ID: 8251, DB ID: 67511)
2025-12-26 18:30:19,105 - DEBUG - Upserted modifier: Relish (V1 ID: 8252, DB ID: 67513)
2025-12-26 18:30:19,440 - DEBUG - Modifier group already exists: Mini Beignets Dips (ID: 148)
2025-12-26 18:30:19,637 - DEBUG - Upserted modifier: Trempette Anniversaire (V1 ID: 48150, DB ID: 67516)
2025-12-26 18:30:20,002 - DEBUG - Upserted modifier: Trempettes au Caramel Salé (V1 ID: 48151, DB ID: 67517)
2025-12-26 18:30:20,352 - DEBUG - Upserted modifier: Trempettes Biscuit et Crème (V1 ID: 48152, DB ID: 67519)
2025-12-26 18:30:20,704 - DEBUG - Upserted modifier: Trempettes Chocolat Fudge (V1 ID: 48153, DB ID: 67521)
2025-12-26 18:30:21,045 - DEBUG - Upserted modifier: Moutarde (V1 ID: 23084, DB ID: 67523)
2025-12-26 18:30:21,403 - DEBUG - Upserted modifier: Ail (V1 ID: 8239, DB ID: 67525)
2025-12-26 18:30:21,760 - DEBUG - Upserted modifier: Cheddar (V1 ID: 8240, DB ID: 67527)
2025-12-26 18:30:22,118 - DEBUG - Upserted modifier: Ranch (V1 ID: 8241, DB ID: 67529)
2025-12-26 18:30:22,471 - DEBUG - Upserted modifier: Marinara (V1 ID: 8242, DB ID: 67531)
2025-12-26 18:30:22,840 - DEBUG - Upserted modifier: Douce (V1 ID: 8245, DB ID: 67533)
2025-12-26 18:30:23,188 - DEBUG - Upserted modifier: Moyenne (V1 ID: 8246, DB ID: 67535)
2025-12-26 18:30:23,524 - DEBUG - Upserted modifier: Fort (V1 ID: 8247, DB ID: 67537)
2025-12-26 18:30:23,877 - DEBUG - Upserted modifier: Miel et Ail (V1 ID: 8248, DB ID: 67539)
2025-12-26 18:30:24,233 - DEBUG - Upserted modifier: Mayonnaise (V1 ID: 8256, DB ID: 67541)
2025-12-26 18:30:24,585 - DEBUG - Upserted modifier: Sauce à l’ail (V1 ID: 8257, DB ID: 67543)
2025-12-26 18:30:24,931 - DEBUG - Modifier group already exists: Custom ingredients for Burgers (ID: 149)
2025-12-26 18:30:25,155 - DEBUG - Upserted modifier: Steak Style Philadelphia Grande (V1 ID: 46887, DB ID: 67546)
2025-12-26 18:30:25,505 - DEBUG - Upserted modifier: La Québecoise Grande (V1 ID: 46888, DB ID: 67548)
2025-12-26 18:30:25,849 - DEBUG - Upserted modifier: Hoagie Pizza Sub Grande (V1 ID: 46889, DB ID: 67550)
2025-12-26 18:30:26,187 - DEBUG - Upserted modifier: Le Jambon Grande (V1 ID: 46890, DB ID: 67552)
2025-12-26 18:30:26,523 - DEBUG - Upserted modifier: Le Combiné Grande (V1 ID: 46891, DB ID: 67554)
2025-12-26 18:30:26,867 - DEBUG - Upserted modifier: Le Club Sub Grande (V1 ID: 46892, DB ID: 67556)
2025-12-26 18:30:27,212 - DEBUG - Upserted modifier: Le Super Super Grande (V1 ID: 46893, DB ID: 67558)
2025-12-26 18:30:27,555 - DEBUG - Upserted modifier: Donair Grande (V1 ID: 46894, DB ID: 67560)
2025-12-26 18:30:27,932 - DEBUG - Upserted modifier: Chocolat (V1 ID: 47749, DB ID: 67562)
2025-12-26 18:30:28,277 - DEBUG - Upserted modifier: Canelle (V1 ID: 47750, DB ID: 67564)
2025-12-26 18:30:28,614 - DEBUG - Upserted modifier: Fruits (V1 ID: 47751, DB ID: 67566)
2025-12-26 18:30:28,953 - DEBUG - Upserted modifier: Sucre époudré (V1 ID: 47752, DB ID: 67567)
2025-12-26 18:30:29,301 - DEBUG - Upserted modifier: Oignons (V1 ID: 53161, DB ID: 67569)
2025-12-26 18:30:29,661 - DEBUG - Upserted modifier: Moutard (V1 ID: 53162, DB ID: 67571)
2025-12-26 18:30:30,017 - DEBUG - Upserted modifier: Cornichons (V1 ID: 53163, DB ID: 67573)
2025-12-26 18:30:30,363 - DEBUG - Upserted modifier: Condiment (V1 ID: 53164, DB ID: 67574)
2025-12-26 18:30:30,707 - DEBUG - Upserted modifier: Pepperoni (V1 ID: 8221, DB ID: 67575)
2025-12-26 18:30:31,455 - DEBUG - Upserted modifier: Bacon (V1 ID: 8222, DB ID: 67579)
2025-12-26 18:30:32,210 - DEBUG - Upserted modifier: Jambon (V1 ID: 8227, DB ID: 67582)
2025-12-26 18:30:32,977 - DEBUG - Upserted modifier: Poulet (V1 ID: 8233, DB ID: 67585)
2025-12-26 18:30:33,740 - DEBUG - Upserted modifier: Saucisse Italienne (V1 ID: 8235, DB ID: 67588)
2025-12-26 18:30:34,495 - DEBUG - Upserted modifier: Viande Fumée (V1 ID: 8238, DB ID: 67591)
2025-12-26 18:30:35,249 - DEBUG - Upserted modifier: Fromage Feta (V1 ID: 8237, DB ID: 67594)
2025-12-26 18:30:36,033 - DEBUG - Upserted modifier: Champignons (V1 ID: 8223, DB ID: 67597)
2025-12-26 18:30:36,838 - DEBUG - Upserted modifier: Poivrons Verts (V1 ID: 8224, DB ID: 67600)
2025-12-26 18:30:37,591 - DEBUG - Upserted modifier: Origan (V1 ID: 8225, DB ID: 67604)
2025-12-26 18:30:38,354 - DEBUG - Upserted modifier: Basilic (V1 ID: 8226, DB ID: 67607)
2025-12-26 18:30:39,103 - DEBUG - Upserted modifier: Ananas (V1 ID: 8228, DB ID: 67609)
2025-12-26 18:30:39,842 - DEBUG - Upserted modifier: Olives (V1 ID: 8229, DB ID: 67611)
2025-12-26 18:30:40,594 - DEBUG - Upserted modifier: Tomates (V1 ID: 8230, DB ID: 67613)
2025-12-26 18:30:41,358 - DEBUG - Upserted modifier: Oignons (V1 ID: 8231, DB ID: 67615)
2025-12-26 18:30:42,180 - DEBUG - Upserted modifier: Piments Forts (V1 ID: 8232, DB ID: 67617)
2025-12-26 18:30:42,966 - DEBUG - Upserted modifier: Oignons Rouges (V1 ID: 8234, DB ID: 67619)
2025-12-26 18:30:43,757 - DEBUG - Upserted modifier: Olives Noires (V1 ID: 8236, DB ID: 67621)
2025-12-26 18:30:44,547 - DEBUG - Upserted modifier: Moutarde (V1 ID: 8251, DB ID: 67624)
2025-12-26 18:30:44,891 - DEBUG - Upserted modifier: Relish (V1 ID: 8252, DB ID: 67625)
2025-12-26 18:30:45,234 - DEBUG - Modifier group already exists: Drinks (ID: 152)
2025-12-26 18:30:45,445 - DEBUG - Upserted modifier: Pepsi (V1 ID: 53165, DB ID: 67627)
2025-12-26 18:30:45,793 - DEBUG - Upserted modifier: Diet Pepsi (V1 ID: 53166, DB ID: 67628)
2025-12-26 18:30:46,145 - DEBUG - Upserted modifier: 7 Up (V1 ID: 53167, DB ID: 67630)
2025-12-26 18:30:46,518 - DEBUG - Modifier group already exists: Gyro Combos Side Dishes (ID: 153)
2025-12-26 18:30:46,724 - DEBUG - Upserted modifier: Salade (V1 ID: 53168, DB ID: 67631)
2025-12-26 18:30:47,082 - DEBUG - Upserted modifier: Patates (V1 ID: 53169, DB ID: 67633)
2025-12-26 18:30:47,424 - DEBUG - Upserted modifier: Frites (V1 ID: 14574, DB ID: 67634)
2025-12-26 18:30:47,765 - INFO -   Groups: 16, Modifiers: 293, Prices: 557
2025-12-26 18:30:47,766 - INFO - ----------------------------------------
2025-12-26 18:30:47,767 - INFO - Processing: Papa Pizza Maloney (V3: 1013, V1: 346)
2025-12-26 18:30:47,767 - INFO - Navigating to modifier groups page: https://menuadmin.menu.ca/?p=restaurants&display=editRestaurant&restaurant=346&load=ingredientGroups&showLang=fr
2025-12-26 18:30:48,696 - DEBUG - Expanding all modifier group divs...
2025-12-26 18:30:49,235 - DEBUG - Group 4343: 18 active modifiers
2025-12-26 18:30:49,235 - DEBUG - Group 4344: 2 active modifiers
2025-12-26 18:30:49,236 - DEBUG - Group 4345: 4 active modifiers
2025-12-26 18:30:49,236 - DEBUG - Group 4346: 2 active modifiers
2025-12-26 18:30:49,236 - DEBUG - Group 4347: 4 active modifiers
2025-12-26 18:30:49,236 - DEBUG - Group 4348: 2 active modifiers
2025-12-26 18:30:49,236 - DEBUG - Group 4349: 1 active modifiers
2025-12-26 18:30:49,236 - DEBUG - Group 4350: 2 active modifiers
2025-12-26 18:30:49,236 - DEBUG - Group 4351: 3 active modifiers
2025-12-26 18:30:49,236 - DEBUG - Group 4935: 2 active modifiers
2025-12-26 18:30:49,236 - DEBUG - Group 9806: 9 active modifiers
2025-12-26 18:30:49,236 - DEBUG - Group 10251: 8 active modifiers
2025-12-26 18:30:49,236 - DEBUG - Group 10424: 4 active modifiers
2025-12-26 18:30:49,237 - DEBUG - Group 10504: 4 active modifiers
2025-12-26 18:30:49,330 - INFO - Processing modifier group: Pizza Toppings NEW (ID: 4343)
2025-12-26 18:30:50,577 - INFO -   Found 33 modifiers (18 active, 15 inactive)
2025-12-26 18:30:50,587 - INFO - Processing modifier group: Burgers Extra NEW (ID: 4344)
2025-12-26 18:30:50,975 - INFO -   Found 8 modifiers (2 active, 6 inactive)
2025-12-26 18:30:50,993 - INFO - Processing modifier group: Wings Sauces NEW (ID: 4345)
2025-12-26 18:30:51,636 - INFO -   Found 15 modifiers (4 active, 11 inactive)
2025-12-26 18:30:51,653 - INFO - Processing modifier group: Nachos Extra NEW (ID: 4346)
2025-12-26 18:30:52,021 - INFO -   Found 8 modifiers (2 active, 6 inactive)
2025-12-26 18:30:52,040 - INFO - Processing modifier group: Burgers Ingredients NEW (ID: 4347)
2025-12-26 18:30:53,554 - INFO -   Found 33 modifiers (4 active, 29 inactive)
2025-12-26 18:30:53,571 - INFO - Processing modifier group: Poutine Extra Fromage and Sauce NEW (ID: 4348)
2025-12-26 18:30:53,950 - INFO -   Found 8 modifiers (2 active, 6 inactive)
2025-12-26 18:30:53,971 - INFO - Processing modifier group: Upgrade to Poutine NEW (ID: 4349)
2025-12-26 18:30:54,344 - INFO -   Found 8 modifiers (1 active, 7 inactive)
2025-12-26 18:30:54,361 - INFO - Processing modifier group: Subs Sauces NEW (ID: 4350)
2025-12-26 18:30:55,042 - INFO -   Found 15 modifiers (2 active, 13 inactive)
2025-12-26 18:30:55,060 - INFO - Processing modifier group: Pizza Dips NEW (ID: 4351)
2025-12-26 18:30:55,720 - INFO -   Found 15 modifiers (3 active, 12 inactive)
2025-12-26 18:30:55,730 - INFO - Processing modifier group: Sauces Viande Fumee Sub (ID: 4935)
2025-12-26 18:30:56,468 - INFO -   Found 15 modifiers (2 active, 13 inactive)
2025-12-26 18:30:56,484 - INFO - Processing modifier group: Drinks can (ID: 9806)
2025-12-26 18:30:56,953 - INFO -   Found 13 modifiers (9 active, 4 inactive)
2025-12-26 18:30:56,969 - INFO - Processing modifier group: Subs Selection for Sous Marin Vous (ID: 10251)
2025-12-26 18:30:58,334 - INFO -   Found 33 modifiers (8 active, 25 inactive)
2025-12-26 18:30:58,349 - INFO - Processing modifier group: Mini Beignets Options (ID: 10424)
2025-12-26 18:30:59,969 - INFO -   Found 33 modifiers (4 active, 29 inactive)
2025-12-26 18:31:00,034 - INFO - Processing modifier group: Mini Beignets Dips (ID: 10504)
2025-12-26 18:31:00,734 - INFO -   Found 15 modifiers (4 active, 11 inactive)
2025-12-26 18:31:00,735 - INFO - Total modifier groups extracted: 14
2025-12-26 18:31:00,910 - DEBUG - Modifier group already exists: Pizza Toppings NEW (ID: 154)
2025-12-26 18:31:01,162 - DEBUG - Upserted modifier: Steak Style Philadelphia Grande (V1 ID: 46895, DB ID: 67658)
2025-12-26 18:31:01,528 - DEBUG - Upserted modifier: La Québécoise Grande (V1 ID: 46896, DB ID: 67659)
2025-12-26 18:31:02,077 - DEBUG - Upserted modifier: Hoagie Pizza Sub Grande (V1 ID: 46897, DB ID: 67660)
2025-12-26 18:31:02,528 - DEBUG - Upserted modifier: Le Super Super Grande (V1 ID: 46898, DB ID: 67661)
2025-12-26 18:31:02,878 - DEBUG - Upserted modifier: La Jambon Grande (V1 ID: 46899, DB ID: 67662)
2025-12-26 18:31:03,247 - DEBUG - Upserted modifier: Le Club Sub Grande (V1 ID: 46900, DB ID: 67663)
2025-12-26 18:31:03,619 - DEBUG - Upserted modifier: Donair Grande (V1 ID: 46901, DB ID: 67664)
2025-12-26 18:31:03,997 - DEBUG - Upserted modifier: Le Combiné Grande (V1 ID: 46902, DB ID: 67665)
2025-12-26 18:31:04,362 - DEBUG - Upserted modifier: Chocolat (V1 ID: 47753, DB ID: 67666)
2025-12-26 18:31:04,721 - DEBUG - Upserted modifier: Canelle (V1 ID: 47754, DB ID: 67667)
2025-12-26 18:31:05,098 - DEBUG - Upserted modifier: Fruits (V1 ID: 47755, DB ID: 67668)
2025-12-26 18:31:05,451 - DEBUG - Upserted modifier: Sucre époudré (V1 ID: 47756, DB ID: 67669)
2025-12-26 18:31:05,796 - DEBUG - Upserted modifier: Une Garniture (V1 ID: 20962, DB ID: 67670)
2025-12-26 18:31:06,202 - DEBUG - Upserted modifier: Pepperoni (V1 ID: 12803, DB ID: 67671)
2025-12-26 18:31:07,002 - DEBUG - Upserted modifier: Bacon (V1 ID: 12804, DB ID: 67672)
2025-12-26 18:31:07,977 - DEBUG - Upserted modifier: Jambon (V1 ID: 12809, DB ID: 67673)
2025-12-26 18:31:08,799 - DEBUG - Upserted modifier: Poulet (V1 ID: 12815, DB ID: 67674)
2025-12-26 18:31:09,624 - DEBUG - Upserted modifier: Saucisse Italienne (V1 ID: 12818, DB ID: 67675)
2025-12-26 18:31:10,499 - DEBUG - Upserted modifier: Viande Fumée (V1 ID: 20915, DB ID: 67676)
2025-12-26 18:31:11,310 - DEBUG - Upserted modifier: Fromage Feta (V1 ID: 12821, DB ID: 67677)
2025-12-26 18:31:12,281 - DEBUG - Upserted modifier: Champignons (V1 ID: 12805, DB ID: 67678)
2025-12-26 18:31:13,086 - DEBUG - Upserted modifier: Poivrons Verts (V1 ID: 12806, DB ID: 67679)
2025-12-26 18:31:13,999 - DEBUG - Upserted modifier: Origan (V1 ID: 12807, DB ID: 67680)
2025-12-26 18:31:14,837 - DEBUG - Upserted modifier: Basilic (V1 ID: 12808, DB ID: 67681)
2025-12-26 18:31:15,692 - DEBUG - Upserted modifier: Ananas (V1 ID: 12810, DB ID: 67682)
2025-12-26 18:31:16,610 - DEBUG - Upserted modifier: Olives (V1 ID: 12811, DB ID: 67683)
2025-12-26 18:31:17,471 - DEBUG - Upserted modifier: Tomates (V1 ID: 12812, DB ID: 67684)
2025-12-26 18:31:18,387 - DEBUG - Upserted modifier: Oignons (V1 ID: 12813, DB ID: 67685)
2025-12-26 18:31:19,179 - DEBUG - Upserted modifier: Piments Forts (V1 ID: 12814, DB ID: 67686)
2025-12-26 18:31:20,114 - DEBUG - Upserted modifier: Oignons Rouges (V1 ID: 12817, DB ID: 67687)
2025-12-26 18:31:20,896 - DEBUG - Upserted modifier: Olives Noires (V1 ID: 12820, DB ID: 67688)
2025-12-26 18:31:21,714 - DEBUG - Upserted modifier: Moutarde (V1 ID: 20916, DB ID: 67689)
2025-12-26 18:31:22,207 - DEBUG - Upserted modifier: Relish (V1 ID: 20917, DB ID: 67690)
2025-12-26 18:31:22,574 - DEBUG - Modifier group already exists: Burgers Extra NEW (ID: 157)
2025-12-26 18:31:22,818 - DEBUG - Upserted modifier: Poulet (V1 ID: 34991, DB ID: 67691)
2025-12-26 18:31:23,228 - DEBUG - Upserted modifier: Boeuf (V1 ID: 34992, DB ID: 67693)
2025-12-26 18:31:23,658 - DEBUG - Upserted modifier: Fromage (V1 ID: 20918, DB ID: 67695)
2025-12-26 18:31:24,106 - DEBUG - Upserted modifier: Bacon (V1 ID: 20919, DB ID: 67697)
2025-12-26 18:31:24,556 - DEBUG - Upserted modifier: Poulet (V1 ID: 20920, DB ID: 67698)
2025-12-26 18:31:24,928 - DEBUG - Upserted modifier: Sauce (V1 ID: 20921, DB ID: 67700)
2025-12-26 18:31:25,327 - DEBUG - Upserted modifier: Poutine (V1 ID: 20922, DB ID: 67703)
2025-12-26 18:31:25,676 - DEBUG - Upserted modifier: Frites (V1 ID: 20923, DB ID: 67705)
2025-12-26 18:31:26,086 - DEBUG - Modifier group already exists: Wings Sauces NEW (ID: 158)
2025-12-26 18:31:26,327 - DEBUG - Upserted modifier: Trempette Anniversaire (V1 ID: 48154, DB ID: 67707)
2025-12-26 18:31:26,727 - DEBUG - Upserted modifier: Trempettes au Caramel Salé (V1 ID: 48155, DB ID: 67709)
2025-12-26 18:31:27,135 - DEBUG - Upserted modifier: Trempettes Biscuit et Crème (V1 ID: 48156, DB ID: 67711)
2025-12-26 18:31:27,520 - DEBUG - Upserted modifier: Trempettes Chocolat Fudge (V1 ID: 48157, DB ID: 67713)
2025-12-26 18:31:27,883 - DEBUG - Upserted modifier: Moutarde (V1 ID: 23083, DB ID: 67715)
2025-12-26 18:31:28,373 - DEBUG - Upserted modifier: Ail (V1 ID: 20924, DB ID: 67717)
2025-12-26 18:31:28,779 - DEBUG - Upserted modifier: Cheddar (V1 ID: 20925, DB ID: 67719)
2025-12-26 18:31:29,179 - DEBUG - Upserted modifier: Ranch (V1 ID: 20926, DB ID: 67721)
2025-12-26 18:31:29,642 - DEBUG - Upserted modifier: Marinara (V1 ID: 20927, DB ID: 67723)
2025-12-26 18:31:30,017 - DEBUG - Upserted modifier: Douce (V1 ID: 20928, DB ID: 67725)
2025-12-26 18:31:30,376 - DEBUG - Upserted modifier: Moyenne (V1 ID: 20929, DB ID: 67727)
2025-12-26 18:31:30,726 - DEBUG - Upserted modifier: Fort (V1 ID: 20930, DB ID: 67729)
2025-12-26 18:31:31,088 - DEBUG - Upserted modifier: Miel et Ail (V1 ID: 20931, DB ID: 67731)
2025-12-26 18:31:31,441 - DEBUG - Upserted modifier: Mayonnaise (V1 ID: 20932, DB ID: 67733)
2025-12-26 18:31:32,057 - DEBUG - Upserted modifier: Sauce à l’ail (V1 ID: 20933, DB ID: 67735)
2025-12-26 18:31:32,460 - DEBUG - Modifier group already exists: Nachos Extra NEW (ID: 159)
2025-12-26 18:31:32,686 - DEBUG - Upserted modifier: Poulet (V1 ID: 34991, DB ID: 67738)
2025-12-26 18:31:33,097 - DEBUG - Upserted modifier: Boeuf (V1 ID: 34992, DB ID: 67740)
2025-12-26 18:31:33,450 - DEBUG - Upserted modifier: Fromage (V1 ID: 20918, DB ID: 67742)
2025-12-26 18:31:33,796 - DEBUG - Upserted modifier: Bacon (V1 ID: 20919, DB ID: 67744)
2025-12-26 18:31:34,177 - DEBUG - Upserted modifier: Poulet (V1 ID: 20920, DB ID: 67746)
2025-12-26 18:31:34,520 - DEBUG - Upserted modifier: Sauce (V1 ID: 20921, DB ID: 67747)
2025-12-26 18:31:34,891 - DEBUG - Upserted modifier: Poutine (V1 ID: 20922, DB ID: 67749)
2025-12-26 18:31:35,243 - DEBUG - Upserted modifier: Frites (V1 ID: 20923, DB ID: 67751)
2025-12-26 18:31:35,630 - DEBUG - Modifier group already exists: Burgers Ingredients NEW (ID: 160)
2025-12-26 18:31:35,838 - DEBUG - Upserted modifier: Steak Style Philadelphia Grande (V1 ID: 46895, DB ID: 67754)
2025-12-26 18:31:36,206 - DEBUG - Upserted modifier: La Québécoise Grande (V1 ID: 46896, DB ID: 67756)
2025-12-26 18:31:36,578 - DEBUG - Upserted modifier: Hoagie Pizza Sub Grande (V1 ID: 46897, DB ID: 67758)
2025-12-26 18:31:36,939 - DEBUG - Upserted modifier: Le Super Super Grande (V1 ID: 46898, DB ID: 67760)
2025-12-26 18:31:37,304 - DEBUG - Upserted modifier: La Jambon Grande (V1 ID: 46899, DB ID: 67762)
2025-12-26 18:31:37,665 - DEBUG - Upserted modifier: Le Club Sub Grande (V1 ID: 46900, DB ID: 67764)
2025-12-26 18:31:38,018 - DEBUG - Upserted modifier: Donair Grande (V1 ID: 46901, DB ID: 67766)
2025-12-26 18:31:38,392 - DEBUG - Upserted modifier: Le Combiné Grande (V1 ID: 46902, DB ID: 67768)
2025-12-26 18:31:38,771 - DEBUG - Upserted modifier: Chocolat (V1 ID: 47753, DB ID: 67770)
2025-12-26 18:31:39,138 - DEBUG - Upserted modifier: Canelle (V1 ID: 47754, DB ID: 67771)
2025-12-26 18:31:39,530 - DEBUG - Upserted modifier: Fruits (V1 ID: 47755, DB ID: 67773)
2025-12-26 18:31:39,899 - DEBUG - Upserted modifier: Sucre époudré (V1 ID: 47756, DB ID: 67775)
2025-12-26 18:31:40,285 - DEBUG - Upserted modifier: Une Garniture (V1 ID: 20962, DB ID: 67777)
2025-12-26 18:31:40,663 - DEBUG - Upserted modifier: Pepperoni (V1 ID: 12803, DB ID: 67779)
2025-12-26 18:31:41,477 - DEBUG - Upserted modifier: Bacon (V1 ID: 12804, DB ID: 67782)
2025-12-26 18:31:42,408 - DEBUG - Upserted modifier: Jambon (V1 ID: 12809, DB ID: 67786)
2025-12-26 18:31:43,244 - DEBUG - Upserted modifier: Poulet (V1 ID: 12815, DB ID: 67789)
2025-12-26 18:31:44,062 - DEBUG - Upserted modifier: Saucisse Italienne (V1 ID: 12818, DB ID: 67792)
2025-12-26 18:31:44,873 - DEBUG - Upserted modifier: Viande Fumée (V1 ID: 20915, DB ID: 67795)
2025-12-26 18:31:45,661 - DEBUG - Upserted modifier: Fromage Feta (V1 ID: 12821, DB ID: 67798)
2025-12-26 18:31:46,534 - DEBUG - Upserted modifier: Champignons (V1 ID: 12805, DB ID: 67802)
2025-12-26 18:31:47,404 - DEBUG - Upserted modifier: Poivrons Verts (V1 ID: 12806, DB ID: 67805)
2025-12-26 18:31:48,331 - DEBUG - Upserted modifier: Origan (V1 ID: 12807, DB ID: 67808)
2025-12-26 18:31:49,163 - DEBUG - Upserted modifier: Basilic (V1 ID: 12808, DB ID: 67810)
2025-12-26 18:31:50,005 - DEBUG - Upserted modifier: Ananas (V1 ID: 12810, DB ID: 67814)
2025-12-26 18:31:50,804 - DEBUG - Upserted modifier: Olives (V1 ID: 12811, DB ID: 67817)
2025-12-26 18:31:51,587 - DEBUG - Upserted modifier: Tomates (V1 ID: 12812, DB ID: 67820)
2025-12-26 18:31:52,599 - DEBUG - Upserted modifier: Oignons (V1 ID: 12813, DB ID: 67823)
2025-12-26 18:31:52,976 - DEBUG - Upserted modifier: Piments Forts (V1 ID: 12814, DB ID: 67825)
2025-12-26 18:31:53,353 - DEBUG - Upserted modifier: Oignons Rouges (V1 ID: 12817, DB ID: 67827)
2025-12-26 18:31:54,186 - DEBUG - Upserted modifier: Olives Noires (V1 ID: 12820, DB ID: 67830)
2025-12-26 18:31:55,151 - DEBUG - Upserted modifier: Moutarde (V1 ID: 20916, DB ID: 67834)
2025-12-26 18:31:55,512 - DEBUG - Upserted modifier: Relish (V1 ID: 20917, DB ID: 67836)
2025-12-26 18:31:55,878 - DEBUG - Modifier group already exists: Poutine Extra Fromage and Sauce NEW (ID: 162)
2025-12-26 18:31:56,128 - DEBUG - Upserted modifier: Poulet (V1 ID: 34991, DB ID: 67838)
2025-12-26 18:31:56,489 - DEBUG - Upserted modifier: Boeuf (V1 ID: 34992, DB ID: 67840)
2025-12-26 18:31:56,882 - DEBUG - Upserted modifier: Fromage (V1 ID: 20918, DB ID: 67842)
2025-12-26 18:31:57,270 - DEBUG - Upserted modifier: Bacon (V1 ID: 20919, DB ID: 67844)
2025-12-26 18:31:57,727 - DEBUG - Upserted modifier: Poulet (V1 ID: 20920, DB ID: 67846)
2025-12-26 18:31:58,133 - DEBUG - Upserted modifier: Sauce (V1 ID: 20921, DB ID: 67848)
2025-12-26 18:31:58,506 - DEBUG - Upserted modifier: Poutine (V1 ID: 20922, DB ID: 67850)
2025-12-26 18:31:58,895 - DEBUG - Upserted modifier: Frites (V1 ID: 20923, DB ID: 67852)
2025-12-26 18:31:59,266 - DEBUG - Modifier group already exists: Upgrade to Poutine NEW (ID: 163)
2025-12-26 18:31:59,488 - DEBUG - Upserted modifier: Poulet (V1 ID: 34991, DB ID: 67854)
2025-12-26 18:31:59,841 - DEBUG - Upserted modifier: Boeuf (V1 ID: 34992, DB ID: 67856)
2025-12-26 18:32:00,196 - DEBUG - Upserted modifier: Fromage (V1 ID: 20918, DB ID: 67858)
2025-12-26 18:32:00,564 - DEBUG - Upserted modifier: Bacon (V1 ID: 20919, DB ID: 67860)
2025-12-26 18:32:00,920 - DEBUG - Upserted modifier: Poulet (V1 ID: 20920, DB ID: 67862)
2025-12-26 18:32:01,336 - DEBUG - Upserted modifier: Sauce (V1 ID: 20921, DB ID: 67864)
2025-12-26 18:32:01,725 - DEBUG - Upserted modifier: Poutine (V1 ID: 20922, DB ID: 67866)
2025-12-26 18:32:02,259 - DEBUG - Upserted modifier: Frites (V1 ID: 20923, DB ID: 67868)
2025-12-26 18:32:02,636 - DEBUG - Modifier group already exists: Subs Sauces NEW (ID: 164)
2025-12-26 18:32:02,875 - DEBUG - Upserted modifier: Trempette Anniversaire (V1 ID: 48154, DB ID: 67870)
2025-12-26 18:32:03,253 - DEBUG - Upserted modifier: Trempettes au Caramel Salé (V1 ID: 48155, DB ID: 67872)
2025-12-26 18:32:03,726 - DEBUG - Upserted modifier: Trempettes Biscuit et Crème (V1 ID: 48156, DB ID: 67874)
2025-12-26 18:32:04,142 - DEBUG - Upserted modifier: Trempettes Chocolat Fudge (V1 ID: 48157, DB ID: 67876)
2025-12-26 18:32:04,509 - DEBUG - Upserted modifier: Moutarde (V1 ID: 23083, DB ID: 67878)
2025-12-26 18:32:04,896 - DEBUG - Upserted modifier: Ail (V1 ID: 20924, DB ID: 67880)
2025-12-26 18:32:05,287 - DEBUG - Upserted modifier: Cheddar (V1 ID: 20925, DB ID: 67882)
2025-12-26 18:32:05,646 - DEBUG - Upserted modifier: Ranch (V1 ID: 20926, DB ID: 67884)
2025-12-26 18:32:06,028 - DEBUG - Upserted modifier: Marinara (V1 ID: 20927, DB ID: 67886)
2025-12-26 18:32:06,403 - DEBUG - Upserted modifier: Douce (V1 ID: 20928, DB ID: 67888)
2025-12-26 18:32:06,776 - DEBUG - Upserted modifier: Moyenne (V1 ID: 20929, DB ID: 67890)
2025-12-26 18:32:07,234 - DEBUG - Upserted modifier: Fort (V1 ID: 20930, DB ID: 67892)
2025-12-26 18:32:07,681 - DEBUG - Upserted modifier: Miel et Ail (V1 ID: 20931, DB ID: 67894)
2025-12-26 18:32:08,075 - DEBUG - Upserted modifier: Mayonnaise (V1 ID: 20932, DB ID: 67896)
2025-12-26 18:32:08,468 - DEBUG - Upserted modifier: Sauce à l’ail (V1 ID: 20933, DB ID: 67898)
2025-12-26 18:32:08,828 - DEBUG - Modifier group already exists: Pizza Dips NEW (ID: 165)
2025-12-26 18:32:09,070 - DEBUG - Upserted modifier: Trempette Anniversaire (V1 ID: 48154, DB ID: 67900)
2025-12-26 18:32:09,449 - DEBUG - Upserted modifier: Trempettes au Caramel Salé (V1 ID: 48155, DB ID: 67902)
2025-12-26 18:32:09,836 - DEBUG - Upserted modifier: Trempettes Biscuit et Crème (V1 ID: 48156, DB ID: 67904)
2025-12-26 18:32:10,188 - DEBUG - Upserted modifier: Trempettes Chocolat Fudge (V1 ID: 48157, DB ID: 67906)
2025-12-26 18:32:10,617 - DEBUG - Upserted modifier: Moutarde (V1 ID: 23083, DB ID: 67909)
2025-12-26 18:32:11,016 - DEBUG - Upserted modifier: Ail (V1 ID: 20924, DB ID: 67911)
2025-12-26 18:32:11,386 - DEBUG - Upserted modifier: Cheddar (V1 ID: 20925, DB ID: 67913)
2025-12-26 18:32:11,748 - DEBUG - Upserted modifier: Ranch (V1 ID: 20926, DB ID: 67915)
2025-12-26 18:32:12,205 - DEBUG - Upserted modifier: Marinara (V1 ID: 20927, DB ID: 67917)
2025-12-26 18:32:12,598 - DEBUG - Upserted modifier: Douce (V1 ID: 20928, DB ID: 67919)
2025-12-26 18:32:12,968 - DEBUG - Upserted modifier: Moyenne (V1 ID: 20929, DB ID: 67921)
2025-12-26 18:32:13,334 - DEBUG - Upserted modifier: Fort (V1 ID: 20930, DB ID: 67923)
2025-12-26 18:32:13,734 - DEBUG - Upserted modifier: Miel et Ail (V1 ID: 20931, DB ID: 67924)
2025-12-26 18:32:14,094 - DEBUG - Upserted modifier: Mayonnaise (V1 ID: 20932, DB ID: 67925)
2025-12-26 18:32:14,475 - DEBUG - Upserted modifier: Sauce à l’ail (V1 ID: 20933, DB ID: 67927)
2025-12-26 18:32:14,882 - DEBUG - Modifier group already exists: Sauces Viande Fumee Sub (ID: 167)
2025-12-26 18:32:15,106 - DEBUG - Upserted modifier: Trempette Anniversaire (V1 ID: 48154, DB ID: 67929)
2025-12-26 18:32:15,475 - DEBUG - Upserted modifier: Trempettes au Caramel Salé (V1 ID: 48155, DB ID: 67930)
2025-12-26 18:32:15,841 - DEBUG - Upserted modifier: Trempettes Biscuit et Crème (V1 ID: 48156, DB ID: 67931)
2025-12-26 18:32:16,226 - DEBUG - Upserted modifier: Trempettes Chocolat Fudge (V1 ID: 48157, DB ID: 67933)
2025-12-26 18:32:16,620 - DEBUG - Upserted modifier: Moutarde (V1 ID: 23083, DB ID: 67934)
2025-12-26 18:32:16,971 - DEBUG - Upserted modifier: Ail (V1 ID: 20924, DB ID: 67936)
2025-12-26 18:32:17,321 - DEBUG - Upserted modifier: Cheddar (V1 ID: 20925, DB ID: 67937)
2025-12-26 18:32:17,664 - DEBUG - Upserted modifier: Ranch (V1 ID: 20926, DB ID: 67939)
2025-12-26 18:32:18,099 - DEBUG - Upserted modifier: Marinara (V1 ID: 20927, DB ID: 67940)
2025-12-26 18:32:18,445 - DEBUG - Upserted modifier: Douce (V1 ID: 20928, DB ID: 67942)
2025-12-26 18:32:18,923 - DEBUG - Upserted modifier: Moyenne (V1 ID: 20929, DB ID: 67943)
2025-12-26 18:32:19,331 - DEBUG - Upserted modifier: Fort (V1 ID: 20930, DB ID: 67944)
2025-12-26 18:32:19,728 - DEBUG - Upserted modifier: Miel et Ail (V1 ID: 20931, DB ID: 67946)
2025-12-26 18:32:20,100 - DEBUG - Upserted modifier: Mayonnaise (V1 ID: 20932, DB ID: 67947)
2025-12-26 18:32:20,485 - DEBUG - Upserted modifier: Sauce à l’ail (V1 ID: 20933, DB ID: 67949)
2025-12-26 18:32:20,874 - DEBUG - Modifier group already exists: Drinks can (ID: 168)
2025-12-26 18:32:21,080 - DEBUG - Upserted modifier: Pepsi (V1 ID: 44591, DB ID: 67951)
2025-12-26 18:32:21,436 - DEBUG - Upserted modifier: Diet Pepsi (V1 ID: 44592, DB ID: 67952)
2025-12-26 18:32:21,877 - DEBUG - Upserted modifier: 7 Up (V1 ID: 44593, DB ID: 67953)
2025-12-26 18:32:22,419 - DEBUG - Upserted modifier: Orange Crush (V1 ID: 44594, DB ID: 67955)
2025-12-26 18:32:22,796 - DEBUG - Upserted modifier: Brisk (V1 ID: 44595, DB ID: 67956)
2025-12-26 18:32:23,160 - DEBUG - Upserted modifier: Ginger Ale (V1 ID: 44596, DB ID: 67958)
2025-12-26 18:32:23,525 - DEBUG - Upserted modifier: Cream Soda (V1 ID: 44597, DB ID: 67959)
2025-12-26 18:32:23,890 - DEBUG - Upserted modifier: Orange Juice (V1 ID: 44598, DB ID: 67961)
2025-12-26 18:32:24,265 - DEBUG - Upserted modifier: Root Beer (V1 ID: 44599, DB ID: 67962)
2025-12-26 18:32:24,629 - DEBUG - Upserted modifier: Grape Crush (V1 ID: 45201, DB ID: 67964)
2025-12-26 18:32:24,997 - DEBUG - Upserted modifier: Iced Tea (V1 ID: 45202, DB ID: 67965)
2025-12-26 18:32:25,358 - DEBUG - Upserted modifier: Mountain Dew (V1 ID: 45203, DB ID: 67966)
2025-12-26 18:32:25,714 - DEBUG - Upserted modifier: Juice (V1 ID: 45204, DB ID: 67968)
2025-12-26 18:32:26,131 - DEBUG - Modifier group already exists: Subs Selection for Sous Marin Vous (ID: 169)
2025-12-26 18:32:26,361 - DEBUG - Upserted modifier: Steak Style Philadelphia Grande (V1 ID: 46895, DB ID: 67970)
2025-12-26 18:32:26,748 - DEBUG - Upserted modifier: La Québécoise Grande (V1 ID: 46896, DB ID: 67971)
2025-12-26 18:32:27,389 - DEBUG - Upserted modifier: Hoagie Pizza Sub Grande (V1 ID: 46897, DB ID: 67973)
2025-12-26 18:32:27,816 - DEBUG - Upserted modifier: Le Super Super Grande (V1 ID: 46898, DB ID: 67974)
2025-12-26 18:32:28,189 - DEBUG - Upserted modifier: La Jambon Grande (V1 ID: 46899, DB ID: 67975)
2025-12-26 18:32:28,575 - DEBUG - Upserted modifier: Le Club Sub Grande (V1 ID: 46900, DB ID: 67977)
2025-12-26 18:32:28,963 - DEBUG - Upserted modifier: Donair Grande (V1 ID: 46901, DB ID: 67978)
2025-12-26 18:32:29,329 - DEBUG - Upserted modifier: Le Combiné Grande (V1 ID: 46902, DB ID: 67980)
2025-12-26 18:32:29,729 - DEBUG - Upserted modifier: Chocolat (V1 ID: 47753, DB ID: 67981)
2025-12-26 18:32:30,135 - DEBUG - Upserted modifier: Canelle (V1 ID: 47754, DB ID: 67983)
2025-12-26 18:32:30,506 - DEBUG - Upserted modifier: Fruits (V1 ID: 47755, DB ID: 67984)
2025-12-26 18:32:30,891 - DEBUG - Upserted modifier: Sucre époudré (V1 ID: 47756, DB ID: 67986)
2025-12-26 18:32:31,250 - DEBUG - Upserted modifier: Une Garniture (V1 ID: 20962, DB ID: 67987)
2025-12-26 18:32:31,612 - DEBUG - Upserted modifier: Pepperoni (V1 ID: 12803, DB ID: 67988)
2025-12-26 18:32:32,495 - DEBUG - Upserted modifier: Bacon (V1 ID: 12804, DB ID: 67991)
2025-12-26 18:32:33,334 - DEBUG - Upserted modifier: Jambon (V1 ID: 12809, DB ID: 67994)
2025-12-26 18:32:34,284 - DEBUG - Upserted modifier: Poulet (V1 ID: 12815, DB ID: 67997)
2025-12-26 18:32:35,170 - DEBUG - Upserted modifier: Saucisse Italienne (V1 ID: 12818, DB ID: 68000)
2025-12-26 18:32:36,054 - DEBUG - Upserted modifier: Viande Fumée (V1 ID: 20915, DB ID: 68003)
2025-12-26 18:32:36,927 - DEBUG - Upserted modifier: Fromage Feta (V1 ID: 12821, DB ID: 68007)
2025-12-26 18:32:37,857 - DEBUG - Upserted modifier: Champignons (V1 ID: 12805, DB ID: 68009)
2025-12-26 18:32:38,690 - DEBUG - Upserted modifier: Poivrons Verts (V1 ID: 12806, DB ID: 68012)
2025-12-26 18:32:39,545 - DEBUG - Upserted modifier: Origan (V1 ID: 12807, DB ID: 68016)
2025-12-26 18:32:40,493 - DEBUG - Upserted modifier: Basilic (V1 ID: 12808, DB ID: 68019)
2025-12-26 18:32:41,351 - DEBUG - Upserted modifier: Ananas (V1 ID: 12810, DB ID: 68022)
2025-12-26 18:32:42,354 - DEBUG - Upserted modifier: Olives (V1 ID: 12811, DB ID: 68025)
2025-12-26 18:32:43,165 - DEBUG - Upserted modifier: Tomates (V1 ID: 12812, DB ID: 68029)
2025-12-26 18:32:44,021 - DEBUG - Upserted modifier: Oignons (V1 ID: 12813, DB ID: 68032)
2025-12-26 18:32:44,976 - DEBUG - Upserted modifier: Piments Forts (V1 ID: 12814, DB ID: 68034)
2025-12-26 18:32:45,843 - DEBUG - Upserted modifier: Oignons Rouges (V1 ID: 12817, DB ID: 68036)
2025-12-26 18:32:46,686 - DEBUG - Upserted modifier: Olives Noires (V1 ID: 12820, DB ID: 68038)
2025-12-26 18:32:47,472 - DEBUG - Upserted modifier: Moutarde (V1 ID: 20916, DB ID: 68040)
2025-12-26 18:32:47,839 - DEBUG - Upserted modifier: Relish (V1 ID: 20917, DB ID: 68041)
2025-12-26 18:32:48,289 - DEBUG - Modifier group already exists: Mini Beignets Options (ID: 171)
2025-12-26 18:32:48,539 - DEBUG - Upserted modifier: Steak Style Philadelphia Grande (V1 ID: 46895, DB ID: 68043)
2025-12-26 18:32:49,083 - DEBUG - Upserted modifier: La Québécoise Grande (V1 ID: 46896, DB ID: 68044)
2025-12-26 18:32:49,633 - DEBUG - Upserted modifier: Hoagie Pizza Sub Grande (V1 ID: 46897, DB ID: 68046)
2025-12-26 18:32:50,031 - DEBUG - Upserted modifier: Le Super Super Grande (V1 ID: 46898, DB ID: 68047)
2025-12-26 18:32:50,401 - DEBUG - Upserted modifier: La Jambon Grande (V1 ID: 46899, DB ID: 68049)
2025-12-26 18:32:50,893 - DEBUG - Upserted modifier: Le Club Sub Grande (V1 ID: 46900, DB ID: 68050)
2025-12-26 18:32:51,427 - DEBUG - Upserted modifier: Donair Grande (V1 ID: 46901, DB ID: 68052)
2025-12-26 18:32:52,162 - DEBUG - Upserted modifier: Le Combiné Grande (V1 ID: 46902, DB ID: 68053)
2025-12-26 18:32:52,688 - DEBUG - Upserted modifier: Chocolat (V1 ID: 47753, DB ID: 68054)
2025-12-26 18:32:53,181 - DEBUG - Upserted modifier: Canelle (V1 ID: 47754, DB ID: 68056)
2025-12-26 18:32:53,828 - DEBUG - Upserted modifier: Fruits (V1 ID: 47755, DB ID: 68057)
2025-12-26 18:32:54,486 - DEBUG - Upserted modifier: Sucre époudré (V1 ID: 47756, DB ID: 68059)
2025-12-26 18:32:54,999 - DEBUG - Upserted modifier: Une Garniture (V1 ID: 20962, DB ID: 68060)
2025-12-26 18:32:55,465 - DEBUG - Upserted modifier: Pepperoni (V1 ID: 12803, DB ID: 68062)
