2025-12-28 11:39:36,966 - INFO - Logging to: C:\Users\santi\Menu.ca\Legacy Database\Migration Strategy\Scrapers\Menu Scrapers\V1 Scrapper\logs\missing_french_modifiers_20251228_113936.log
2025-12-28 11:39:36,967 - INFO - ============================================================
2025-12-28 11:39:36,967 - INFO - FRENCH MODIFIER SCRAPER - Missing Restaurants
2025-12-28 11:39:36,968 - INFO - ============================================================
2025-12-28 11:39:37,417 - INFO - Navigating to CRM login page (attempt 1)...
2025-12-28 11:39:38,599 - INFO - Filling login credentials...
2025-12-28 11:39:39,589 - INFO - Login successful
2025-12-28 11:39:39,590 - INFO - ----------------------------------------
2025-12-28 11:39:39,590 - INFO - [1/20] Processing: Erman Pizza
2025-12-28 11:39:39,590 - INFO - Navigating to modifier groups page: https://menuadmin.menu.ca/?p=restaurants&display=editRestaurant&restaurant=350&load=ingredientGroups&showLang=fr
2025-12-28 11:39:40,650 - DEBUG - Expanding all modifier group divs...
2025-12-28 11:39:41,170 - DEBUG - Group 2759: 2 active modifiers
2025-12-28 11:39:41,170 - DEBUG - Group 2760: 23 active modifiers
2025-12-28 11:39:41,170 - DEBUG - Group 2762: 12 active modifiers
2025-12-28 11:39:41,170 - DEBUG - Group 2763: 1 active modifiers
2025-12-28 11:39:41,170 - DEBUG - Group 2764: 6 active modifiers
2025-12-28 11:39:41,170 - DEBUG - Group 2771: 15 active modifiers
2025-12-28 11:39:41,170 - DEBUG - Group 2772: 8 active modifiers
2025-12-28 11:39:41,170 - DEBUG - Group 2773: 8 active modifiers
2025-12-28 11:39:41,170 - DEBUG - Group 2774: 22 active modifiers
2025-12-28 11:39:41,170 - DEBUG - Group 2850: 6 active modifiers
2025-12-28 11:39:41,170 - DEBUG - Group 2851: 3 active modifiers
2025-12-28 11:39:41,170 - DEBUG - Group 2852: 4 active modifiers
2025-12-28 11:39:41,194 - INFO - Processing modifier group: Crust Type (ID: 2759)
2025-12-28 11:39:41,219 - INFO -   Found 2 modifiers (2 active, 0 inactive)
2025-12-28 11:39:41,224 - INFO - Processing modifier group: Pizza Toppings (ID: 2760)
2025-12-28 11:39:41,636 - INFO -   Found 45 modifiers (23 active, 22 inactive)
2025-12-28 11:39:41,640 - INFO - Processing modifier group: Submarines extra (ID: 2762)
2025-12-28 11:39:42,065 - INFO -   Found 45 modifiers (12 active, 33 inactive)
2025-12-28 11:39:42,069 - INFO - Processing modifier group: Extra wing (ID: 2763)
2025-12-28 11:39:42,134 - INFO -   Found 6 modifiers (1 active, 5 inactive)
2025-12-28 11:39:42,138 - INFO - Processing modifier group: Poutines extra Toppings (ID: 2764)
2025-12-28 11:39:42,586 - INFO -   Found 45 modifiers (6 active, 39 inactive)
2025-12-28 11:39:42,590 - INFO - Processing modifier group: Pizza Toppings without Premium (ID: 2771)
2025-12-28 11:39:42,993 - INFO -   Found 45 modifiers (15 active, 30 inactive)
2025-12-28 11:39:42,997 - INFO - Processing modifier group: Premium Toppings (ID: 2772)
2025-12-28 11:39:43,431 - INFO -   Found 45 modifiers (8 active, 37 inactive)
2025-12-28 11:39:43,435 - INFO - Processing modifier group: Premium Toppings for X-Large Pizzas (ID: 2773)
2025-12-28 11:39:43,861 - INFO -   Found 45 modifiers (8 active, 37 inactive)
2025-12-28 11:39:43,865 - INFO - Processing modifier group: Pizza Toppings without Sauce a la viande (ID: 2774)
2025-12-28 11:39:44,246 - INFO -   Found 45 modifiers (22 active, 23 inactive)
2025-12-28 11:39:44,251 - INFO - Processing modifier group: Drinks can (ID: 2850)
2025-12-28 11:39:44,298 - INFO -   Found 6 modifiers (6 active, 0 inactive)
2025-12-28 11:39:44,301 - INFO - Processing modifier group: Drinks 2L (ID: 2851)
2025-12-28 11:39:44,359 - INFO -   Found 6 modifiers (3 active, 3 inactive)
2025-12-28 11:39:44,362 - INFO - Processing modifier group: Specialite Italiennes extras (ID: 2852)
2025-12-28 11:39:44,417 - INFO -   Found 6 modifiers (4 active, 2 inactive)
2025-12-28 11:39:44,417 - INFO - Total modifier groups extracted: 12
2025-12-28 11:39:44,765 - INFO - Database connected (attempt 1)
2025-12-28 11:39:45,301 - INFO - Inserted modifier group: Crust Type (ID: 2468)
2025-12-28 11:39:45,497 - DEBUG - Upserted modifier: Épaisse (V1 ID: 12343, DB ID: 131336)
2025-12-28 11:39:45,995 - DEBUG - Upserted modifier: Mince (V1 ID: 12344, DB ID: 131337)
2025-12-28 11:39:46,699 - INFO - Inserted modifier group: Pizza Toppings (ID: 2469)
2025-12-28 11:39:46,878 - DEBUG - Upserted modifier: Ail (V1 ID: 12320, DB ID: 131338)
2025-12-28 11:39:47,415 - DEBUG - Upserted modifier: Piments Chili (V1 ID: 12321, DB ID: 131339)
2025-12-28 11:39:48,026 - DEBUG - Upserted modifier: Sauce Extra (V1 ID: 12322, DB ID: 131340)
2025-12-28 11:39:48,570 - DEBUG - Upserted modifier: Sauce Suicide (V1 ID: 12323, DB ID: 131341)
2025-12-28 11:39:49,125 - DEBUG - Upserted modifier: Sauce Légère (V1 ID: 12324, DB ID: 131342)
2025-12-28 11:39:49,565 - DEBUG - Upserted modifier: Sauce Mexicaine (V1 ID: 12325, DB ID: 131343)
2025-12-28 11:39:50,047 - DEBUG - Upserted modifier: Fromage Feta (V1 ID: 12326, DB ID: 131344)
2025-12-28 11:39:51,138 - DEBUG - Upserted modifier: Bacon (V1 ID: 12327, DB ID: 131345)
2025-12-28 11:39:52,196 - DEBUG - Upserted modifier: Jambon (V1 ID: 12328, DB ID: 131346)
2025-12-28 11:39:53,255 - DEBUG - Upserted modifier: Brocoli (V1 ID: 12329, DB ID: 131347)
2025-12-28 11:39:54,298 - DEBUG - Upserted modifier: Épinard (V1 ID: 12330, DB ID: 131348)
2025-12-28 11:39:55,355 - DEBUG - Upserted modifier: Boeuf (V1 ID: 12331, DB ID: 131349)
2025-12-28 11:39:56,450 - DEBUG - Upserted modifier: Poulet (V1 ID: 12332, DB ID: 131350)
2025-12-28 11:39:57,562 - DEBUG - Upserted modifier: Oignons (V1 ID: 12333, DB ID: 131351)
2025-12-28 11:39:58,659 - DEBUG - Upserted modifier: Olives Vertes (V1 ID: 12334, DB ID: 131352)
2025-12-28 11:39:59,754 - DEBUG - Upserted modifier: Olives Noires (V1 ID: 12335, DB ID: 131353)
2025-12-28 11:40:01,059 - DEBUG - Upserted modifier: Piments Verts (V1 ID: 12336, DB ID: 131354)
2025-12-28 11:40:02,845 - DEBUG - Upserted modifier: Piments Forts (V1 ID: 12337, DB ID: 131355)
2025-12-28 11:40:04,691 - DEBUG - Upserted modifier: Ananas (V1 ID: 12338, DB ID: 131356)
2025-12-28 11:40:05,885 - DEBUG - Upserted modifier: Tomates Tranchées (V1 ID: 12339, DB ID: 131357)
2025-12-28 11:40:07,001 - DEBUG - Upserted modifier: Saucisse Italienne (V1 ID: 12340, DB ID: 131358)
2025-12-28 11:40:08,035 - DEBUG - Upserted modifier: Viande Fumée (V1 ID: 12341, DB ID: 131359)
2025-12-28 11:40:09,135 - DEBUG - Upserted modifier: Sauce Italienne à la Viande (V1 ID: 12342, DB ID: 131360)
2025-12-28 11:40:10,213 - DEBUG - Upserted modifier: Steak (V1 ID: 12345, DB ID: 131361)
2025-12-28 11:40:10,843 - DEBUG - Upserted modifier: Pepperoni (V1 ID: 12346, DB ID: 131362)
2025-12-28 11:40:11,500 - DEBUG - Upserted modifier: Poulet (V1 ID: 12347, DB ID: 131363)
2025-12-28 11:40:12,099 - DEBUG - Upserted modifier: Champignons (V1 ID: 12348, DB ID: 131364)
2025-12-28 11:40:12,723 - DEBUG - Upserted modifier: Piments Verts (V1 ID: 12349, DB ID: 131365)
2025-12-28 11:40:13,328 - DEBUG - Upserted modifier: Tomates (V1 ID: 12350, DB ID: 131366)
2025-12-28 11:40:13,925 - DEBUG - Upserted modifier: Oignons (V1 ID: 12351, DB ID: 131367)
2025-12-28 11:40:14,532 - DEBUG - Upserted modifier: Salade (V1 ID: 12352, DB ID: 131368)
2025-12-28 11:40:15,144 - DEBUG - Upserted modifier: Laitue (V1 ID: 12353, DB ID: 131369)
2025-12-28 11:40:15,788 - DEBUG - Upserted modifier: Fromage (V1 ID: 12354, DB ID: 131370)
2025-12-28 11:40:16,412 - DEBUG - Upserted modifier: Sauce Maison (V1 ID: 12355, DB ID: 131371)
2025-12-28 11:40:17,018 - DEBUG - Upserted modifier: Viande Fumée (V1 ID: 12356, DB ID: 131372)
2025-12-28 11:40:17,628 - DEBUG - Upserted modifier: 8 Ailes (V1 ID: 12358, DB ID: 131373)
2025-12-28 11:40:18,101 - DEBUG - Upserted modifier: 10 Ailes (V1 ID: 12359, DB ID: 131374)
2025-12-28 11:40:18,572 - DEBUG - Upserted modifier: 15 Ailes (V1 ID: 12360, DB ID: 131375)
2025-12-28 11:40:19,027 - DEBUG - Upserted modifier: 20 Ailes (V1 ID: 12361, DB ID: 131376)
2025-12-28 11:40:19,482 - DEBUG - Upserted modifier: Sauce à Poutine (V1 ID: 12362, DB ID: 131377)
2025-12-28 11:40:20,398 - DEBUG - Upserted modifier: Viande Fumée (V1 ID: 12363, DB ID: 131378)
2025-12-28 11:40:21,311 - DEBUG - Upserted modifier: Pepperoni (V1 ID: 12364, DB ID: 131379)
2025-12-28 11:40:22,207 - DEBUG - Upserted modifier: Jambon (V1 ID: 12365, DB ID: 131380)
2025-12-28 11:40:23,116 - DEBUG - Upserted modifier: Champignons (V1 ID: 12366, DB ID: 131381)
2025-12-28 11:40:24,051 - DEBUG - Upserted modifier: Bacon (V1 ID: 12367, DB ID: 131382)
2025-12-28 11:40:25,133 - INFO - Inserted modifier group: Submarines extra (ID: 2470)
2025-12-28 11:40:25,291 - DEBUG - Upserted modifier: Ail (V1 ID: 12320, DB ID: 131383)
2025-12-28 11:40:25,791 - DEBUG - Upserted modifier: Piments Chili (V1 ID: 12321, DB ID: 131384)
2025-12-28 11:40:26,275 - DEBUG - Upserted modifier: Sauce Extra (V1 ID: 12322, DB ID: 131385)
2025-12-28 11:40:26,759 - DEBUG - Upserted modifier: Sauce Suicide (V1 ID: 12323, DB ID: 131386)
2025-12-28 11:40:27,231 - DEBUG - Upserted modifier: Sauce Légère (V1 ID: 12324, DB ID: 131387)
2025-12-28 11:40:27,699 - DEBUG - Upserted modifier: Sauce Mexicaine (V1 ID: 12325, DB ID: 131388)
2025-12-28 11:40:28,158 - DEBUG - Upserted modifier: Fromage Feta (V1 ID: 12326, DB ID: 131389)
2025-12-28 11:40:29,240 - DEBUG - Upserted modifier: Bacon (V1 ID: 12327, DB ID: 131390)
2025-12-28 11:40:30,385 - DEBUG - Upserted modifier: Jambon (V1 ID: 12328, DB ID: 131391)
2025-12-28 11:40:31,455 - DEBUG - Upserted modifier: Brocoli (V1 ID: 12329, DB ID: 131392)
2025-12-28 11:40:32,569 - DEBUG - Upserted modifier: Épinard (V1 ID: 12330, DB ID: 131393)
2025-12-28 11:40:33,660 - DEBUG - Upserted modifier: Boeuf (V1 ID: 12331, DB ID: 131394)
2025-12-28 11:40:34,712 - DEBUG - Upserted modifier: Poulet (V1 ID: 12332, DB ID: 131395)
2025-12-28 11:40:35,850 - DEBUG - Upserted modifier: Oignons (V1 ID: 12333, DB ID: 131396)
2025-12-28 11:40:36,923 - DEBUG - Upserted modifier: Olives Vertes (V1 ID: 12334, DB ID: 131397)
2025-12-28 11:40:38,080 - DEBUG - Upserted modifier: Olives Noires (V1 ID: 12335, DB ID: 131398)
2025-12-28 11:40:39,220 - DEBUG - Upserted modifier: Piments Verts (V1 ID: 12336, DB ID: 131399)
2025-12-28 11:40:40,335 - DEBUG - Upserted modifier: Piments Forts (V1 ID: 12337, DB ID: 131400)
2025-12-28 11:40:41,410 - DEBUG - Upserted modifier: Ananas (V1 ID: 12338, DB ID: 131401)
2025-12-28 11:40:42,505 - DEBUG - Upserted modifier: Tomates Tranchées (V1 ID: 12339, DB ID: 131402)
2025-12-28 11:40:43,561 - DEBUG - Upserted modifier: Saucisse Italienne (V1 ID: 12340, DB ID: 131403)
2025-12-28 11:40:44,787 - DEBUG - Upserted modifier: Viande Fumée (V1 ID: 12341, DB ID: 131404)
2025-12-28 11:40:45,902 - DEBUG - Upserted modifier: Sauce Italienne à la Viande (V1 ID: 12342, DB ID: 131405)
2025-12-28 11:40:47,002 - DEBUG - Upserted modifier: Steak (V1 ID: 12345, DB ID: 131406)
2025-12-28 11:40:47,624 - DEBUG - Upserted modifier: Pepperoni (V1 ID: 12346, DB ID: 131407)
2025-12-28 11:40:48,248 - DEBUG - Upserted modifier: Poulet (V1 ID: 12347, DB ID: 131408)
2025-12-28 11:40:48,867 - DEBUG - Upserted modifier: Champignons (V1 ID: 12348, DB ID: 131409)
2025-12-28 11:40:49,471 - DEBUG - Upserted modifier: Piments Verts (V1 ID: 12349, DB ID: 131410)
2025-12-28 11:40:50,109 - DEBUG - Upserted modifier: Tomates (V1 ID: 12350, DB ID: 131411)
2025-12-28 11:40:50,753 - DEBUG - Upserted modifier: Oignons (V1 ID: 12351, DB ID: 131412)
2025-12-28 11:40:51,382 - DEBUG - Upserted modifier: Salade (V1 ID: 12352, DB ID: 131413)
2025-12-28 11:40:52,044 - DEBUG - Upserted modifier: Laitue (V1 ID: 12353, DB ID: 131414)
2025-12-28 11:40:52,695 - DEBUG - Upserted modifier: Fromage (V1 ID: 12354, DB ID: 131415)
2025-12-28 11:40:53,305 - DEBUG - Upserted modifier: Sauce Maison (V1 ID: 12355, DB ID: 131416)
2025-12-28 11:40:53,954 - DEBUG - Upserted modifier: Viande Fumée (V1 ID: 12356, DB ID: 131417)
2025-12-28 11:40:54,584 - DEBUG - Upserted modifier: 8 Ailes (V1 ID: 12358, DB ID: 131418)
2025-12-28 11:40:55,071 - DEBUG - Upserted modifier: 10 Ailes (V1 ID: 12359, DB ID: 131419)
2025-12-28 11:40:55,566 - DEBUG - Upserted modifier: 15 Ailes (V1 ID: 12360, DB ID: 131420)
2025-12-28 11:40:56,056 - DEBUG - Upserted modifier: 20 Ailes (V1 ID: 12361, DB ID: 131421)
2025-12-28 11:40:56,778 - DEBUG - Upserted modifier: Sauce à Poutine (V1 ID: 12362, DB ID: 131422)
2025-12-28 11:40:57,695 - DEBUG - Upserted modifier: Viande Fumée (V1 ID: 12363, DB ID: 131423)
2025-12-28 11:40:58,641 - DEBUG - Upserted modifier: Pepperoni (V1 ID: 12364, DB ID: 131424)
2025-12-28 11:40:59,612 - DEBUG - Upserted modifier: Jambon (V1 ID: 12365, DB ID: 131427)
2025-12-28 11:41:00,582 - DEBUG - Upserted modifier: Champignons (V1 ID: 12366, DB ID: 131429)
2025-12-28 11:41:01,529 - DEBUG - Upserted modifier: Bacon (V1 ID: 12367, DB ID: 131432)
2025-12-28 11:41:02,717 - INFO - Inserted modifier group: Extra wing (ID: 2474)
2025-12-28 11:41:02,899 - DEBUG - Upserted modifier: Aile (V1 ID: 12357, DB ID: 131436)
2025-12-28 11:41:03,358 - DEBUG - Upserted modifier: Aile (V1 ID: 44246, DB ID: 131438)
2025-12-28 11:41:03,819 - DEBUG - Upserted modifier: Viande (V1 ID: 12783, DB ID: 131440)
2025-12-28 11:41:04,613 - DEBUG - Upserted modifier: Sauce (V1 ID: 12784, DB ID: 131442)
2025-12-28 11:41:05,499 - DEBUG - Upserted modifier: Fromage (V1 ID: 12785, DB ID: 131443)
2025-12-28 11:41:06,474 - DEBUG - Upserted modifier: Légumes (V1 ID: 12786, DB ID: 131444)
2025-12-28 11:41:07,416 - INFO - Inserted modifier group: Poutines extra Toppings (ID: 2476)
2025-12-28 11:41:07,577 - DEBUG - Upserted modifier: Ail (V1 ID: 12320, DB ID: 131447)
2025-12-28 11:41:08,062 - DEBUG - Upserted modifier: Piments Chili (V1 ID: 12321, DB ID: 131449)
2025-12-28 11:41:08,550 - DEBUG - Upserted modifier: Sauce Extra (V1 ID: 12322, DB ID: 131451)
2025-12-28 11:41:09,008 - DEBUG - Upserted modifier: Sauce Suicide (V1 ID: 12323, DB ID: 131453)
2025-12-28 11:41:09,461 - DEBUG - Upserted modifier: Sauce Légère (V1 ID: 12324, DB ID: 131455)
2025-12-28 11:41:09,897 - DEBUG - Upserted modifier: Sauce Mexicaine (V1 ID: 12325, DB ID: 131457)
2025-12-28 11:41:10,375 - DEBUG - Upserted modifier: Fromage Feta (V1 ID: 12326, DB ID: 131459)
2025-12-28 11:41:11,499 - DEBUG - Upserted modifier: Bacon (V1 ID: 12327, DB ID: 131462)
2025-12-28 11:41:12,664 - DEBUG - Upserted modifier: Jambon (V1 ID: 12328, DB ID: 131466)
2025-12-28 11:41:13,762 - DEBUG - Upserted modifier: Brocoli (V1 ID: 12329, DB ID: 131469)
2025-12-28 11:41:15,080 - DEBUG - Upserted modifier: Épinard (V1 ID: 12330, DB ID: 131472)
2025-12-28 11:41:16,159 - DEBUG - Upserted modifier: Boeuf (V1 ID: 12331, DB ID: 131476)
2025-12-28 11:41:17,347 - DEBUG - Upserted modifier: Poulet (V1 ID: 12332, DB ID: 131478)
2025-12-28 11:41:18,593 - DEBUG - Upserted modifier: Oignons (V1 ID: 12333, DB ID: 131482)
2025-12-28 11:41:19,825 - DEBUG - Upserted modifier: Olives Vertes (V1 ID: 12334, DB ID: 131486)
2025-12-28 11:41:20,959 - DEBUG - Upserted modifier: Olives Noires (V1 ID: 12335, DB ID: 131489)
2025-12-28 11:41:22,035 - DEBUG - Upserted modifier: Piments Verts (V1 ID: 12336, DB ID: 131492)
2025-12-28 11:41:23,160 - DEBUG - Upserted modifier: Piments Forts (V1 ID: 12337, DB ID: 131496)
2025-12-28 11:41:24,274 - DEBUG - Upserted modifier: Ananas (V1 ID: 12338, DB ID: 131499)
2025-12-28 11:41:25,344 - DEBUG - Upserted modifier: Tomates Tranchées (V1 ID: 12339, DB ID: 131502)
2025-12-28 11:41:26,396 - DEBUG - Upserted modifier: Saucisse Italienne (V1 ID: 12340, DB ID: 131505)
2025-12-28 11:41:27,488 - DEBUG - Upserted modifier: Viande Fumée (V1 ID: 12341, DB ID: 131508)
2025-12-28 11:41:28,530 - DEBUG - Upserted modifier: Sauce Italienne à la Viande (V1 ID: 12342, DB ID: 131512)
2025-12-28 11:41:29,626 - DEBUG - Upserted modifier: Steak (V1 ID: 12345, DB ID: 131515)
2025-12-28 11:41:30,268 - DEBUG - Upserted modifier: Pepperoni (V1 ID: 12346, DB ID: 131517)
2025-12-28 11:41:30,941 - DEBUG - Upserted modifier: Poulet (V1 ID: 12347, DB ID: 131520)
2025-12-28 11:41:31,574 - DEBUG - Upserted modifier: Champignons (V1 ID: 12348, DB ID: 131522)
2025-12-28 11:41:32,166 - DEBUG - Upserted modifier: Piments Verts (V1 ID: 12349, DB ID: 131524)
2025-12-28 11:41:32,767 - DEBUG - Upserted modifier: Tomates (V1 ID: 12350, DB ID: 131527)
2025-12-28 11:41:33,387 - DEBUG - Upserted modifier: Oignons (V1 ID: 12351, DB ID: 131529)
2025-12-28 11:41:33,981 - DEBUG - Upserted modifier: Salade (V1 ID: 12352, DB ID: 131531)
2025-12-28 11:41:34,586 - DEBUG - Upserted modifier: Laitue (V1 ID: 12353, DB ID: 131533)
2025-12-28 11:41:35,220 - DEBUG - Upserted modifier: Fromage (V1 ID: 12354, DB ID: 131536)
2025-12-28 11:41:35,900 - DEBUG - Upserted modifier: Sauce Maison (V1 ID: 12355, DB ID: 131538)
2025-12-28 11:41:36,532 - DEBUG - Upserted modifier: Viande Fumée (V1 ID: 12356, DB ID: 131540)
2025-12-28 11:41:37,156 - DEBUG - Upserted modifier: 8 Ailes (V1 ID: 12358, DB ID: 131542)
2025-12-28 11:41:37,592 - DEBUG - Upserted modifier: 10 Ailes (V1 ID: 12359, DB ID: 131544)
2025-12-28 11:41:38,023 - DEBUG - Upserted modifier: 15 Ailes (V1 ID: 12360, DB ID: 131546)
2025-12-28 11:41:38,489 - DEBUG - Upserted modifier: 20 Ailes (V1 ID: 12361, DB ID: 131548)
2025-12-28 11:41:38,940 - DEBUG - Upserted modifier: Sauce à Poutine (V1 ID: 12362, DB ID: 131551)
2025-12-28 11:41:39,879 - DEBUG - Upserted modifier: Viande Fumée (V1 ID: 12363, DB ID: 131553)
2025-12-28 11:41:40,818 - DEBUG - Upserted modifier: Pepperoni (V1 ID: 12364, DB ID: 131556)
2025-12-28 11:41:41,738 - DEBUG - Upserted modifier: Jambon (V1 ID: 12365, DB ID: 131559)
2025-12-28 11:41:42,626 - DEBUG - Upserted modifier: Champignons (V1 ID: 12366, DB ID: 131562)
2025-12-28 11:41:43,555 - DEBUG - Upserted modifier: Bacon (V1 ID: 12367, DB ID: 131564)
2025-12-28 11:41:44,596 - INFO - Inserted modifier group: Pizza Toppings without Premium (ID: 2488)
2025-12-28 11:41:44,750 - DEBUG - Upserted modifier: Ail (V1 ID: 12320, DB ID: 131566)
2025-12-28 11:41:45,205 - DEBUG - Upserted modifier: Piments Chili (V1 ID: 12321, DB ID: 131567)
2025-12-28 11:41:45,669 - DEBUG - Upserted modifier: Sauce Extra (V1 ID: 12322, DB ID: 131568)
2025-12-28 11:41:46,125 - DEBUG - Upserted modifier: Sauce Suicide (V1 ID: 12323, DB ID: 131569)
2025-12-28 11:41:46,578 - DEBUG - Upserted modifier: Sauce Légère (V1 ID: 12324, DB ID: 131570)
2025-12-28 11:41:47,022 - DEBUG - Upserted modifier: Sauce Mexicaine (V1 ID: 12325, DB ID: 131572)
2025-12-28 11:41:47,483 - DEBUG - Upserted modifier: Fromage Feta (V1 ID: 12326, DB ID: 131574)
2025-12-28 11:41:48,549 - DEBUG - Upserted modifier: Bacon (V1 ID: 12327, DB ID: 131576)
2025-12-28 11:41:49,629 - DEBUG - Upserted modifier: Jambon (V1 ID: 12328, DB ID: 131577)
2025-12-28 11:41:50,691 - DEBUG - Upserted modifier: Brocoli (V1 ID: 12329, DB ID: 131580)
2025-12-28 11:41:51,794 - DEBUG - Upserted modifier: Épinard (V1 ID: 12330, DB ID: 131584)
2025-12-28 11:41:52,841 - DEBUG - Upserted modifier: Boeuf (V1 ID: 12331, DB ID: 131587)
2025-12-28 11:41:53,948 - DEBUG - Upserted modifier: Poulet (V1 ID: 12332, DB ID: 131591)
2025-12-28 11:41:55,109 - DEBUG - Upserted modifier: Oignons (V1 ID: 12333, DB ID: 131594)
2025-12-28 11:41:56,230 - DEBUG - Upserted modifier: Olives Vertes (V1 ID: 12334, DB ID: 131597)
2025-12-28 11:41:57,358 - DEBUG - Upserted modifier: Olives Noires (V1 ID: 12335, DB ID: 131601)
2025-12-28 11:41:58,457 - DEBUG - Upserted modifier: Piments Verts (V1 ID: 12336, DB ID: 131604)
2025-12-28 11:41:59,554 - DEBUG - Upserted modifier: Piments Forts (V1 ID: 12337, DB ID: 131607)
2025-12-28 11:42:00,689 - DEBUG - Upserted modifier: Ananas (V1 ID: 12338, DB ID: 131608)
2025-12-28 11:42:01,840 - DEBUG - Upserted modifier: Tomates Tranchées (V1 ID: 12339, DB ID: 131611)
2025-12-28 11:42:03,013 - DEBUG - Upserted modifier: Saucisse Italienne (V1 ID: 12340, DB ID: 131615)
2025-12-28 11:42:04,119 - DEBUG - Upserted modifier: Viande Fumée (V1 ID: 12341, DB ID: 131616)
2025-12-28 11:42:05,266 - DEBUG - Upserted modifier: Sauce Italienne à la Viande (V1 ID: 12342, DB ID: 131617)
2025-12-28 11:42:06,330 - DEBUG - Upserted modifier: Steak (V1 ID: 12345, DB ID: 131618)
2025-12-28 11:42:06,945 - DEBUG - Upserted modifier: Pepperoni (V1 ID: 12346, DB ID: 131619)
2025-12-28 11:42:07,565 - DEBUG - Upserted modifier: Poulet (V1 ID: 12347, DB ID: 131620)
2025-12-28 11:42:08,201 - DEBUG - Upserted modifier: Champignons (V1 ID: 12348, DB ID: 131621)
2025-12-28 11:42:08,859 - DEBUG - Upserted modifier: Piments Verts (V1 ID: 12349, DB ID: 131622)
2025-12-28 11:42:09,501 - DEBUG - Upserted modifier: Tomates (V1 ID: 12350, DB ID: 131623)
2025-12-28 11:42:10,164 - DEBUG - Upserted modifier: Oignons (V1 ID: 12351, DB ID: 131624)
2025-12-28 11:42:10,814 - DEBUG - Upserted modifier: Salade (V1 ID: 12352, DB ID: 131625)
2025-12-28 11:42:11,482 - DEBUG - Upserted modifier: Laitue (V1 ID: 12353, DB ID: 131626)
2025-12-28 11:42:12,115 - DEBUG - Upserted modifier: Fromage (V1 ID: 12354, DB ID: 131627)
2025-12-28 11:42:12,745 - DEBUG - Upserted modifier: Sauce Maison (V1 ID: 12355, DB ID: 131628)
2025-12-28 11:42:13,361 - DEBUG - Upserted modifier: Viande Fumée (V1 ID: 12356, DB ID: 131629)
2025-12-28 11:42:13,986 - DEBUG - Upserted modifier: 8 Ailes (V1 ID: 12358, DB ID: 131630)
2025-12-28 11:42:14,453 - DEBUG - Upserted modifier: 10 Ailes (V1 ID: 12359, DB ID: 131631)
2025-12-28 11:42:14,945 - DEBUG - Upserted modifier: 15 Ailes (V1 ID: 12360, DB ID: 131632)
2025-12-28 11:42:15,408 - DEBUG - Upserted modifier: 20 Ailes (V1 ID: 12361, DB ID: 131633)
2025-12-28 11:42:15,860 - DEBUG - Upserted modifier: Sauce à Poutine (V1 ID: 12362, DB ID: 131634)
2025-12-28 11:42:16,803 - DEBUG - Upserted modifier: Viande Fumée (V1 ID: 12363, DB ID: 131635)
2025-12-28 11:42:17,740 - DEBUG - Upserted modifier: Pepperoni (V1 ID: 12364, DB ID: 131636)
2025-12-28 11:42:18,640 - DEBUG - Upserted modifier: Jambon (V1 ID: 12365, DB ID: 131637)
2025-12-28 11:42:19,648 - DEBUG - Upserted modifier: Champignons (V1 ID: 12366, DB ID: 131638)
2025-12-28 11:42:20,626 - DEBUG - Upserted modifier: Bacon (V1 ID: 12367, DB ID: 131639)
2025-12-28 11:42:21,748 - INFO - Inserted modifier group: Premium Toppings (ID: 2492)
2025-12-28 11:42:21,902 - DEBUG - Upserted modifier: Ail (V1 ID: 12320, DB ID: 131640)
2025-12-28 11:42:22,349 - DEBUG - Upserted modifier: Piments Chili (V1 ID: 12321, DB ID: 131641)
2025-12-28 11:42:22,819 - DEBUG - Upserted modifier: Sauce Extra (V1 ID: 12322, DB ID: 131642)
2025-12-28 11:42:23,270 - DEBUG - Upserted modifier: Sauce Suicide (V1 ID: 12323, DB ID: 131643)
2025-12-28 11:42:23,720 - DEBUG - Upserted modifier: Sauce Légère (V1 ID: 12324, DB ID: 131644)
2025-12-28 11:42:24,215 - DEBUG - Upserted modifier: Sauce Mexicaine (V1 ID: 12325, DB ID: 131645)
2025-12-28 11:42:24,668 - DEBUG - Upserted modifier: Fromage Feta (V1 ID: 12326, DB ID: 131646)
2025-12-28 11:42:25,745 - DEBUG - Upserted modifier: Bacon (V1 ID: 12327, DB ID: 131647)
2025-12-28 11:42:26,813 - DEBUG - Upserted modifier: Jambon (V1 ID: 12328, DB ID: 131648)
2025-12-28 11:42:27,977 - DEBUG - Upserted modifier: Brocoli (V1 ID: 12329, DB ID: 131649)
2025-12-28 11:42:29,063 - DEBUG - Upserted modifier: Épinard (V1 ID: 12330, DB ID: 131650)
2025-12-28 11:42:30,167 - DEBUG - Upserted modifier: Boeuf (V1 ID: 12331, DB ID: 131651)
2025-12-28 11:42:31,238 - DEBUG - Upserted modifier: Poulet (V1 ID: 12332, DB ID: 131652)
2025-12-28 11:42:32,331 - DEBUG - Upserted modifier: Oignons (V1 ID: 12333, DB ID: 131653)
2025-12-28 11:42:33,394 - DEBUG - Upserted modifier: Olives Vertes (V1 ID: 12334, DB ID: 131654)
2025-12-28 11:42:34,507 - DEBUG - Upserted modifier: Olives Noires (V1 ID: 12335, DB ID: 131655)
2025-12-28 11:42:35,690 - DEBUG - Upserted modifier: Piments Verts (V1 ID: 12336, DB ID: 131656)
2025-12-28 11:42:36,792 - DEBUG - Upserted modifier: Piments Forts (V1 ID: 12337, DB ID: 131657)
2025-12-28 11:42:37,865 - DEBUG - Upserted modifier: Ananas (V1 ID: 12338, DB ID: 131658)
2025-12-28 11:42:38,977 - DEBUG - Upserted modifier: Tomates Tranchées (V1 ID: 12339, DB ID: 131659)
2025-12-28 11:42:40,062 - DEBUG - Upserted modifier: Saucisse Italienne (V1 ID: 12340, DB ID: 131660)
2025-12-28 11:42:41,211 - DEBUG - Upserted modifier: Viande Fumée (V1 ID: 12341, DB ID: 131661)
2025-12-28 11:42:42,339 - DEBUG - Upserted modifier: Sauce Italienne à la Viande (V1 ID: 12342, DB ID: 131662)
2025-12-28 11:42:43,460 - DEBUG - Upserted modifier: Steak (V1 ID: 12345, DB ID: 131663)
2025-12-28 11:42:44,060 - DEBUG - Upserted modifier: Pepperoni (V1 ID: 12346, DB ID: 131664)
2025-12-28 11:42:44,744 - DEBUG - Upserted modifier: Poulet (V1 ID: 12347, DB ID: 131665)
2025-12-28 11:42:45,408 - DEBUG - Upserted modifier: Champignons (V1 ID: 12348, DB ID: 131666)
2025-12-28 11:42:46,045 - DEBUG - Upserted modifier: Piments Verts (V1 ID: 12349, DB ID: 131667)
2025-12-28 11:42:46,661 - DEBUG - Upserted modifier: Tomates (V1 ID: 12350, DB ID: 131668)
2025-12-28 11:42:47,258 - DEBUG - Upserted modifier: Oignons (V1 ID: 12351, DB ID: 131669)
2025-12-28 11:42:47,889 - DEBUG - Upserted modifier: Salade (V1 ID: 12352, DB ID: 131670)
2025-12-28 11:42:48,486 - DEBUG - Upserted modifier: Laitue (V1 ID: 12353, DB ID: 131671)
2025-12-28 11:42:49,103 - DEBUG - Upserted modifier: Fromage (V1 ID: 12354, DB ID: 131672)
2025-12-28 11:42:49,735 - DEBUG - Upserted modifier: Sauce Maison (V1 ID: 12355, DB ID: 131673)
2025-12-28 11:42:50,363 - DEBUG - Upserted modifier: Viande Fumée (V1 ID: 12356, DB ID: 131674)
2025-12-28 11:42:50,988 - DEBUG - Upserted modifier: 8 Ailes (V1 ID: 12358, DB ID: 131675)
2025-12-28 11:42:51,508 - DEBUG - Upserted modifier: 10 Ailes (V1 ID: 12359, DB ID: 131676)
2025-12-28 11:42:51,965 - DEBUG - Upserted modifier: 15 Ailes (V1 ID: 12360, DB ID: 131677)
2025-12-28 11:42:52,423 - DEBUG - Upserted modifier: 20 Ailes (V1 ID: 12361, DB ID: 131678)
2025-12-28 11:42:52,884 - DEBUG - Upserted modifier: Sauce à Poutine (V1 ID: 12362, DB ID: 131679)
2025-12-28 11:42:53,830 - DEBUG - Upserted modifier: Viande Fumée (V1 ID: 12363, DB ID: 131680)
2025-12-28 11:42:54,805 - DEBUG - Upserted modifier: Pepperoni (V1 ID: 12364, DB ID: 131681)
2025-12-28 11:42:55,750 - DEBUG - Upserted modifier: Jambon (V1 ID: 12365, DB ID: 131682)
2025-12-28 11:42:56,676 - DEBUG - Upserted modifier: Champignons (V1 ID: 12366, DB ID: 131683)
2025-12-28 11:42:57,627 - DEBUG - Upserted modifier: Bacon (V1 ID: 12367, DB ID: 131684)
2025-12-28 11:42:58,675 - INFO - Inserted modifier group: Premium Toppings for X-Large Pizzas (ID: 2493)
2025-12-28 11:42:58,832 - DEBUG - Upserted modifier: Ail (V1 ID: 12320, DB ID: 131685)
2025-12-28 11:42:59,369 - DEBUG - Upserted modifier: Piments Chili (V1 ID: 12321, DB ID: 131686)
2025-12-28 11:42:59,880 - DEBUG - Upserted modifier: Sauce Extra (V1 ID: 12322, DB ID: 131687)
2025-12-28 11:43:00,359 - DEBUG - Upserted modifier: Sauce Suicide (V1 ID: 12323, DB ID: 131688)
2025-12-28 11:43:00,809 - DEBUG - Upserted modifier: Sauce Légère (V1 ID: 12324, DB ID: 131689)
2025-12-28 11:43:01,259 - DEBUG - Upserted modifier: Sauce Mexicaine (V1 ID: 12325, DB ID: 131690)
2025-12-28 11:43:01,716 - DEBUG - Upserted modifier: Fromage Feta (V1 ID: 12326, DB ID: 131691)
2025-12-28 11:43:02,790 - DEBUG - Upserted modifier: Bacon (V1 ID: 12327, DB ID: 131692)
2025-12-28 11:43:04,147 - DEBUG - Upserted modifier: Jambon (V1 ID: 12328, DB ID: 131693)
2025-12-28 11:43:05,271 - DEBUG - Upserted modifier: Brocoli (V1 ID: 12329, DB ID: 131694)
2025-12-28 11:43:06,430 - DEBUG - Upserted modifier: Épinard (V1 ID: 12330, DB ID: 131695)
2025-12-28 11:43:07,562 - DEBUG - Upserted modifier: Boeuf (V1 ID: 12331, DB ID: 131696)
2025-12-28 11:43:08,756 - DEBUG - Upserted modifier: Poulet (V1 ID: 12332, DB ID: 131697)
2025-12-28 11:43:09,855 - DEBUG - Upserted modifier: Oignons (V1 ID: 12333, DB ID: 131698)
2025-12-28 11:43:11,021 - DEBUG - Upserted modifier: Olives Vertes (V1 ID: 12334, DB ID: 131699)
2025-12-28 11:43:12,221 - DEBUG - Upserted modifier: Olives Noires (V1 ID: 12335, DB ID: 131700)
2025-12-28 11:43:13,291 - DEBUG - Upserted modifier: Piments Verts (V1 ID: 12336, DB ID: 131701)
2025-12-28 11:43:14,341 - DEBUG - Upserted modifier: Piments Forts (V1 ID: 12337, DB ID: 131702)
2025-12-28 11:43:15,499 - DEBUG - Upserted modifier: Ananas (V1 ID: 12338, DB ID: 131703)
2025-12-28 11:43:16,585 - DEBUG - Upserted modifier: Tomates Tranchées (V1 ID: 12339, DB ID: 131704)
2025-12-28 11:43:17,659 - DEBUG - Upserted modifier: Saucisse Italienne (V1 ID: 12340, DB ID: 131705)
2025-12-28 11:43:18,730 - DEBUG - Upserted modifier: Viande Fumée (V1 ID: 12341, DB ID: 131706)
2025-12-28 11:43:19,798 - DEBUG - Upserted modifier: Sauce Italienne à la Viande (V1 ID: 12342, DB ID: 131707)
2025-12-28 11:43:20,868 - DEBUG - Upserted modifier: Steak (V1 ID: 12345, DB ID: 131708)
2025-12-28 11:43:21,498 - DEBUG - Upserted modifier: Pepperoni (V1 ID: 12346, DB ID: 131709)
2025-12-28 11:43:22,104 - DEBUG - Upserted modifier: Poulet (V1 ID: 12347, DB ID: 131710)
2025-12-28 11:43:22,726 - DEBUG - Upserted modifier: Champignons (V1 ID: 12348, DB ID: 131711)
2025-12-28 11:43:23,400 - DEBUG - Upserted modifier: Piments Verts (V1 ID: 12349, DB ID: 131712)
2025-12-28 11:43:24,009 - DEBUG - Upserted modifier: Tomates (V1 ID: 12350, DB ID: 131713)
2025-12-28 11:43:24,616 - DEBUG - Upserted modifier: Oignons (V1 ID: 12351, DB ID: 131714)
2025-12-28 11:43:25,232 - DEBUG - Upserted modifier: Salade (V1 ID: 12352, DB ID: 131715)
2025-12-28 11:43:25,844 - DEBUG - Upserted modifier: Laitue (V1 ID: 12353, DB ID: 131716)
2025-12-28 11:43:26,487 - DEBUG - Upserted modifier: Fromage (V1 ID: 12354, DB ID: 131717)
2025-12-28 11:43:27,090 - DEBUG - Upserted modifier: Sauce Maison (V1 ID: 12355, DB ID: 131718)
2025-12-28 11:43:27,693 - DEBUG - Upserted modifier: Viande Fumée (V1 ID: 12356, DB ID: 131719)
2025-12-28 11:43:28,283 - DEBUG - Upserted modifier: 8 Ailes (V1 ID: 12358, DB ID: 131720)
2025-12-28 11:43:28,736 - DEBUG - Upserted modifier: 10 Ailes (V1 ID: 12359, DB ID: 131721)
2025-12-28 11:43:29,191 - DEBUG - Upserted modifier: 15 Ailes (V1 ID: 12360, DB ID: 131722)
2025-12-28 11:43:29,628 - DEBUG - Upserted modifier: 20 Ailes (V1 ID: 12361, DB ID: 131723)
2025-12-28 11:43:30,090 - DEBUG - Upserted modifier: Sauce à Poutine (V1 ID: 12362, DB ID: 131724)
2025-12-28 11:43:30,995 - DEBUG - Upserted modifier: Viande Fumée (V1 ID: 12363, DB ID: 131725)
2025-12-28 11:43:32,145 - DEBUG - Upserted modifier: Pepperoni (V1 ID: 12364, DB ID: 131726)
2025-12-28 11:43:33,177 - DEBUG - Upserted modifier: Jambon (V1 ID: 12365, DB ID: 131727)
2025-12-28 11:43:34,099 - DEBUG - Upserted modifier: Champignons (V1 ID: 12366, DB ID: 131728)
2025-12-28 11:43:35,035 - DEBUG - Upserted modifier: Bacon (V1 ID: 12367, DB ID: 131729)
2025-12-28 11:43:36,105 - INFO - Inserted modifier group: Pizza Toppings without Sauce a la viande (ID: 2494)
2025-12-28 11:43:36,263 - DEBUG - Upserted modifier: Ail (V1 ID: 12320, DB ID: 131730)
2025-12-28 11:43:36,737 - DEBUG - Upserted modifier: Piments Chili (V1 ID: 12321, DB ID: 131731)
2025-12-28 11:43:37,216 - DEBUG - Upserted modifier: Sauce Extra (V1 ID: 12322, DB ID: 131732)
2025-12-28 11:43:37,689 - DEBUG - Upserted modifier: Sauce Suicide (V1 ID: 12323, DB ID: 131733)
2025-12-28 11:43:38,151 - DEBUG - Upserted modifier: Sauce Légère (V1 ID: 12324, DB ID: 131734)
2025-12-28 11:43:38,627 - DEBUG - Upserted modifier: Sauce Mexicaine (V1 ID: 12325, DB ID: 131735)
2025-12-28 11:43:39,103 - DEBUG - Upserted modifier: Fromage Feta (V1 ID: 12326, DB ID: 131736)
2025-12-28 11:43:40,295 - DEBUG - Upserted modifier: Bacon (V1 ID: 12327, DB ID: 131737)
2025-12-28 11:43:41,482 - DEBUG - Upserted modifier: Jambon (V1 ID: 12328, DB ID: 131738)
2025-12-28 11:43:42,648 - DEBUG - Upserted modifier: Brocoli (V1 ID: 12329, DB ID: 131739)
2025-12-28 11:43:43,704 - DEBUG - Upserted modifier: Épinard (V1 ID: 12330, DB ID: 131740)
2025-12-28 11:43:44,809 - DEBUG - Upserted modifier: Boeuf (V1 ID: 12331, DB ID: 131741)
2025-12-28 11:43:45,929 - DEBUG - Upserted modifier: Poulet (V1 ID: 12332, DB ID: 131742)
2025-12-28 11:43:47,001 - DEBUG - Upserted modifier: Oignons (V1 ID: 12333, DB ID: 131743)
2025-12-28 11:43:48,042 - DEBUG - Upserted modifier: Olives Vertes (V1 ID: 12334, DB ID: 131744)
2025-12-28 11:43:49,118 - DEBUG - Upserted modifier: Olives Noires (V1 ID: 12335, DB ID: 131745)
2025-12-28 11:43:50,184 - DEBUG - Upserted modifier: Piments Verts (V1 ID: 12336, DB ID: 131746)
2025-12-28 11:43:51,290 - DEBUG - Upserted modifier: Piments Forts (V1 ID: 12337, DB ID: 131747)
2025-12-28 11:43:52,379 - DEBUG - Upserted modifier: Ananas (V1 ID: 12338, DB ID: 131748)
2025-12-28 11:43:53,449 - DEBUG - Upserted modifier: Tomates Tranchées (V1 ID: 12339, DB ID: 131749)
2025-12-28 11:43:54,498 - DEBUG - Upserted modifier: Saucisse Italienne (V1 ID: 12340, DB ID: 131750)
2025-12-28 11:43:55,641 - DEBUG - Upserted modifier: Viande Fumée (V1 ID: 12341, DB ID: 131751)
2025-12-28 11:43:56,765 - DEBUG - Upserted modifier: Sauce Italienne à la Viande (V1 ID: 12342, DB ID: 131752)
2025-12-28 11:43:57,877 - DEBUG - Upserted modifier: Steak (V1 ID: 12345, DB ID: 131753)
2025-12-28 11:43:58,497 - DEBUG - Upserted modifier: Pepperoni (V1 ID: 12346, DB ID: 131754)
2025-12-28 11:43:59,098 - DEBUG - Upserted modifier: Poulet (V1 ID: 12347, DB ID: 131755)
2025-12-28 11:43:59,722 - DEBUG - Upserted modifier: Champignons (V1 ID: 12348, DB ID: 131756)
2025-12-28 11:44:00,352 - DEBUG - Upserted modifier: Piments Verts (V1 ID: 12349, DB ID: 131757)
2025-12-28 11:44:00,985 - DEBUG - Upserted modifier: Tomates (V1 ID: 12350, DB ID: 131758)
2025-12-28 11:44:01,631 - DEBUG - Upserted modifier: Oignons (V1 ID: 12351, DB ID: 131759)
2025-12-28 11:44:02,271 - DEBUG - Upserted modifier: Salade (V1 ID: 12352, DB ID: 131760)
2025-12-28 11:44:02,859 - DEBUG - Upserted modifier: Laitue (V1 ID: 12353, DB ID: 131761)
2025-12-28 11:44:03,597 - DEBUG - Upserted modifier: Fromage (V1 ID: 12354, DB ID: 131762)
2025-12-28 11:44:04,222 - DEBUG - Upserted modifier: Sauce Maison (V1 ID: 12355, DB ID: 131763)
2025-12-28 11:44:04,843 - DEBUG - Upserted modifier: Viande Fumée (V1 ID: 12356, DB ID: 131764)
2025-12-28 11:44:05,452 - DEBUG - Upserted modifier: 8 Ailes (V1 ID: 12358, DB ID: 131765)
2025-12-28 11:44:05,908 - DEBUG - Upserted modifier: 10 Ailes (V1 ID: 12359, DB ID: 131766)
2025-12-28 11:44:06,362 - DEBUG - Upserted modifier: 15 Ailes (V1 ID: 12360, DB ID: 131767)
2025-12-28 11:44:06,825 - DEBUG - Upserted modifier: 20 Ailes (V1 ID: 12361, DB ID: 131768)
2025-12-28 11:44:07,275 - DEBUG - Upserted modifier: Sauce à Poutine (V1 ID: 12362, DB ID: 131769)
2025-12-28 11:44:08,229 - DEBUG - Upserted modifier: Viande Fumée (V1 ID: 12363, DB ID: 131770)
2025-12-28 11:44:09,199 - DEBUG - Upserted modifier: Pepperoni (V1 ID: 12364, DB ID: 131771)
2025-12-28 11:44:10,115 - DEBUG - Upserted modifier: Jambon (V1 ID: 12365, DB ID: 131772)
2025-12-28 11:44:11,027 - DEBUG - Upserted modifier: Champignons (V1 ID: 12366, DB ID: 131773)
2025-12-28 11:44:11,988 - DEBUG - Upserted modifier: Bacon (V1 ID: 12367, DB ID: 131774)
2025-12-28 11:44:13,094 - INFO - Inserted modifier group: Drinks can (ID: 2495)
2025-12-28 11:44:13,254 - DEBUG - Upserted modifier: Pepsi (V1 ID: 12777, DB ID: 131775)
2025-12-28 11:44:13,726 - DEBUG - Upserted modifier: Diet Pepsi (V1 ID: 12778, DB ID: 131776)
2025-12-28 11:44:14,215 - DEBUG - Upserted modifier: 7 Up (V1 ID: 12779, DB ID: 131777)
2025-12-28 11:44:14,701 - DEBUG - Upserted modifier: Cream Soda (V1 ID: 12780, DB ID: 131778)
2025-12-28 11:44:15,159 - DEBUG - Upserted modifier: Raisin Crush (V1 ID: 12781, DB ID: 131779)
2025-12-28 11:44:15,610 - DEBUG - Upserted modifier: Root Beer (V1 ID: 12782, DB ID: 131780)
2025-12-28 11:44:16,205 - INFO - Inserted modifier group: Drinks 2L (ID: 2496)
2025-12-28 11:44:16,357 - DEBUG - Upserted modifier: Pepsi (V1 ID: 12777, DB ID: 131781)
2025-12-28 11:44:16,815 - DEBUG - Upserted modifier: Diet Pepsi (V1 ID: 12778, DB ID: 131782)
2025-12-28 11:44:17,280 - DEBUG - Upserted modifier: 7 Up (V1 ID: 12779, DB ID: 131783)
2025-12-28 11:44:17,749 - DEBUG - Upserted modifier: Cream Soda (V1 ID: 12780, DB ID: 131784)
2025-12-28 11:44:18,210 - DEBUG - Upserted modifier: Raisin Crush (V1 ID: 12781, DB ID: 131785)
2025-12-28 11:44:18,676 - DEBUG - Upserted modifier: Root Beer (V1 ID: 12782, DB ID: 131786)
2025-12-28 11:44:19,334 - INFO - Inserted modifier group: Specialite Italiennes extras (ID: 2497)
2025-12-28 11:44:19,517 - DEBUG - Upserted modifier: Aile (V1 ID: 12357, DB ID: 131787)
2025-12-28 11:44:19,996 - DEBUG - Upserted modifier: Aile (V1 ID: 44246, DB ID: 131788)
2025-12-28 11:44:20,478 - DEBUG - Upserted modifier: Viande (V1 ID: 12783, DB ID: 131789)
2025-12-28 11:44:21,252 - DEBUG - Upserted modifier: Sauce (V1 ID: 12784, DB ID: 131790)
2025-12-28 11:44:22,030 - DEBUG - Upserted modifier: Fromage (V1 ID: 12785, DB ID: 131791)
2025-12-28 11:44:22,780 - DEBUG - Upserted modifier: Légumes (V1 ID: 12786, DB ID: 131792)
2025-12-28 11:44:23,397 - INFO -   Done: 12 groups, 341 modifiers, 1043 prices
2025-12-28 11:44:23,398 - INFO - ----------------------------------------
2025-12-28 11:44:23,398 - INFO - [2/20] Processing: Greber Pizza et Shawarma
2025-12-28 11:44:23,399 - INFO - Navigating to modifier groups page: https://menuadmin.menu.ca/?p=restaurants&display=editRestaurant&restaurant=974&load=ingredientGroups&showLang=fr
2025-12-28 11:44:24,219 - DEBUG - Expanding all modifier group divs...
2025-12-28 11:44:24,745 - DEBUG - Group 9880: 2 active modifiers
2025-12-28 11:44:24,745 - DEBUG - Group 9881: 14 active modifiers
2025-12-28 11:44:24,745 - DEBUG - Group 9882: 11 active modifiers
2025-12-28 11:44:24,745 - DEBUG - Group 9883: 2 active modifiers
2025-12-28 11:44:24,745 - DEBUG - Group 9884: 6 active modifiers
2025-12-28 11:44:24,745 - DEBUG - Group 9885: 2 active modifiers
2025-12-28 11:44:24,745 - DEBUG - Group 9886: 2 active modifiers
2025-12-28 11:44:24,745 - DEBUG - Group 9887: 10 active modifiers
2025-12-28 11:44:24,745 - DEBUG - Group 9888: 2 active modifiers
2025-12-28 11:44:24,745 - DEBUG - Group 9889: 4 active modifiers
2025-12-28 11:44:24,745 - DEBUG - Group 9890: 3 active modifiers
2025-12-28 11:44:24,745 - DEBUG - Group 9891: 5 active modifiers
2025-12-28 11:44:24,745 - DEBUG - Group 9892: 1 active modifiers
2025-12-28 11:44:24,745 - DEBUG - Group 9893: 1 active modifiers
2025-12-28 11:44:24,745 - DEBUG - Group 9894: 1 active modifiers
2025-12-28 11:44:24,745 - DEBUG - Group 9895: 1 active modifiers
2025-12-28 11:44:24,745 - DEBUG - Group 9896: 4 active modifiers
2025-12-28 11:44:24,745 - DEBUG - Group 9897: 3 active modifiers
2025-12-28 11:44:24,745 - DEBUG - Group 9898: 1 active modifiers
2025-12-28 11:44:24,745 - DEBUG - Group 9899: 6 active modifiers
2025-12-28 11:44:24,745 - DEBUG - Group 9900: 5 active modifiers
2025-12-28 11:44:24,745 - DEBUG - Group 10723: 3 active modifiers
2025-12-28 11:44:24,745 - DEBUG - Group 10724: 2 active modifiers
2025-12-28 11:44:24,745 - DEBUG - Group 11165: 2 active modifiers
2025-12-28 11:44:24,745 - DEBUG - Group 11166: 1 active modifiers
2025-12-28 11:44:24,775 - INFO - Processing modifier group: Crust type (ID: 9880)
2025-12-28 11:44:24,804 - INFO -   Found 2 modifiers (2 active, 0 inactive)
2025-12-28 11:44:24,809 - INFO - Processing modifier group: Pizza Toppings (ID: 9881)
2025-12-28 11:44:25,016 - INFO -   Found 23 modifiers (14 active, 9 inactive)
2025-12-28 11:44:25,020 - INFO - Processing modifier group: Pizza Toppings without Premium (ID: 9882)
2025-12-28 11:44:25,233 - INFO -   Found 23 modifiers (11 active, 12 inactive)
2025-12-28 11:44:25,237 - INFO - Processing modifier group: Premium Toppings (ID: 9883)
2025-12-28 11:44:25,478 - INFO -   Found 23 modifiers (2 active, 21 inactive)
2025-12-28 11:44:25,482 - INFO - Processing modifier group: Platter Selection (ID: 9884)
2025-12-28 11:44:25,662 - INFO -   Found 18 modifiers (6 active, 12 inactive)
2025-12-28 11:44:25,666 - INFO - Processing modifier group: Pasta Extras (ID: 9885)
2025-12-28 11:44:25,748 - INFO -   Found 8 modifiers (2 active, 6 inactive)
2025-12-28 11:44:25,752 - INFO - Processing modifier group: Hot or Cold Sub (ID: 9886)
2025-12-28 11:44:25,772 - INFO -   Found 2 modifiers (2 active, 0 inactive)
2025-12-28 11:44:25,776 - INFO - Processing modifier group: Sub Selection (ID: 9887)
2025-12-28 11:44:25,961 - INFO -   Found 18 modifiers (10 active, 8 inactive)
2025-12-28 11:44:25,965 - INFO - Processing modifier group: Dips (ID: 9888)
2025-12-28 11:44:26,111 - INFO -   Found 14 modifiers (2 active, 12 inactive)
2025-12-28 11:44:26,115 - INFO - Processing modifier group: Salad Dressings (ID: 9889)
2025-12-28 11:44:26,148 - INFO -   Found 4 modifiers (4 active, 0 inactive)
2025-12-28 11:44:26,154 - INFO - Processing modifier group: Donairs Sauces (ID: 9890)
2025-12-28 11:44:26,299 - INFO -   Found 14 modifiers (3 active, 11 inactive)
2025-12-28 11:44:26,302 - INFO - Processing modifier group: Drinks can (ID: 9891)
2025-12-28 11:44:26,341 - INFO -   Found 5 modifiers (5 active, 0 inactive)
2025-12-28 11:44:26,345 - INFO - Processing modifier group: Upgrade to poutine (ID: 9892)
2025-12-28 11:44:26,545 - INFO -   Found 18 modifiers (1 active, 17 inactive)
2025-12-28 11:44:26,548 - INFO - Processing modifier group: Extra Cheese for Club Sandwich (ID: 9893)
2025-12-28 11:44:26,638 - INFO -   Found 8 modifiers (1 active, 7 inactive)
2025-12-28 11:44:26,642 - INFO - Processing modifier group: Extra Cheese for Poutine (ID: 9894)
2025-12-28 11:44:26,729 - INFO -   Found 8 modifiers (1 active, 7 inactive)
2025-12-28 11:44:26,733 - INFO - Processing modifier group: Sauce for Fries (ID: 9895)
2025-12-28 11:44:26,825 - INFO -   Found 8 modifiers (1 active, 7 inactive)
2025-12-28 11:44:26,830 - INFO - Processing modifier group: Wings Sauces (ID: 9896)
2025-12-28 11:44:27,021 - INFO -   Found 14 modifiers (4 active, 10 inactive)
2025-12-28 11:44:27,028 - INFO - Processing modifier group: Shawarma Platters Sauces on Side (ID: 9897)
2025-12-28 11:44:27,245 - INFO -   Found 14 modifiers (3 active, 11 inactive)
2025-12-28 11:44:27,249 - INFO - Processing modifier group: Extra Pita 0.75 (ID: 9898)
2025-12-28 11:44:27,344 - INFO -   Found 8 modifiers (1 active, 7 inactive)
2025-12-28 11:44:27,349 - INFO - Processing modifier group: Sandwiches Custom Ing (ID: 9899)
2025-12-28 11:44:27,580 - INFO -   Found 23 modifiers (6 active, 17 inactive)
2025-12-28 11:44:27,584 - INFO - Processing modifier group: Shawarma Platters Custom Ing. (ID: 9900)
2025-12-28 11:44:27,836 - INFO -   Found 23 modifiers (5 active, 18 inactive)
2025-12-28 11:44:27,840 - INFO - Processing modifier group: Small Sandwich Selection (ID: 10723)
2025-12-28 11:44:28,083 - INFO -   Found 23 modifiers (3 active, 20 inactive)
2025-12-28 11:44:28,086 - INFO - Processing modifier group: Sauces for Small Sandwiches Trio (ID: 10724)
2025-12-28 11:44:28,245 - INFO -   Found 14 modifiers (2 active, 12 inactive)
2025-12-28 11:44:28,249 - INFO - Processing modifier group: Shawarma Platter Extras (meat + pita) (ID: 11165)
2025-12-28 11:44:28,327 - INFO -   Found 8 modifiers (2 active, 6 inactive)
2025-12-28 11:44:28,331 - INFO - Processing modifier group: Falafel Platter Extra Falafel (ID: 11166)
2025-12-28 11:44:28,414 - INFO -   Found 8 modifiers (1 active, 7 inactive)
2025-12-28 11:44:28,414 - INFO - Total modifier groups extracted: 25
2025-12-28 11:44:28,732 - INFO - Inserted modifier group: Crust type (ID: 2498)
2025-12-28 11:44:28,895 - DEBUG - Upserted modifier: Croûte Régulière (V1 ID: 45013, DB ID: 131793)
2025-12-28 11:44:29,373 - DEBUG - Upserted modifier: Croûte Mince (V1 ID: 45014, DB ID: 131794)
2025-12-28 11:44:29,995 - INFO - Inserted modifier group: Pizza Toppings (ID: 2499)
2025-12-28 11:44:30,146 - DEBUG - Upserted modifier: Cornichons (V1 ID: 45087, DB ID: 131795)
2025-12-28 11:44:30,610 - DEBUG - Upserted modifier: Oignons (V1 ID: 45088, DB ID: 131796)
2025-12-28 11:44:31,051 - DEBUG - Upserted modifier: Navets (V1 ID: 45089, DB ID: 131797)
2025-12-28 11:44:31,522 - DEBUG - Upserted modifier: Laitue (V1 ID: 45090, DB ID: 131798)
2025-12-28 11:44:32,006 - DEBUG - Upserted modifier: Tomates (V1 ID: 45091, DB ID: 131799)
2025-12-28 11:44:32,504 - DEBUG - Upserted modifier: Piments forts (V1 ID: 45092, DB ID: 131800)
2025-12-28 11:44:33,085 - DEBUG - Upserted modifier: Falafel (V1 ID: 49398, DB ID: 131801)
2025-12-28 11:44:33,592 - DEBUG - Upserted modifier: Gyros (V1 ID: 49399, DB ID: 131802)
2025-12-28 11:44:34,039 - DEBUG - Upserted modifier: Donair Boeuf (V1 ID: 49400, DB ID: 131803)
2025-12-28 11:44:34,510 - DEBUG - Upserted modifier: Sauce Extra (V1 ID: 45012, DB ID: 131804)
2025-12-28 11:44:35,495 - DEBUG - Upserted modifier: Champignons (V1 ID: 44999, DB ID: 131805)
2025-12-28 11:44:36,512 - DEBUG - Upserted modifier: Piments Verts (V1 ID: 45000, DB ID: 131806)
2025-12-28 11:44:37,493 - DEBUG - Upserted modifier: Pepperoni (V1 ID: 45001, DB ID: 131807)
2025-12-28 11:44:38,448 - DEBUG - Upserted modifier: Sauce à la viande (V1 ID: 45002, DB ID: 131808)
2025-12-28 11:44:39,413 - DEBUG - Upserted modifier: Oignons (V1 ID: 45003, DB ID: 131809)
2025-12-28 11:44:40,343 - DEBUG - Upserted modifier: Jambon (V1 ID: 45004, DB ID: 131810)
2025-12-28 11:44:41,249 - DEBUG - Upserted modifier: Tomates Fraîches (V1 ID: 45005, DB ID: 131811)
2025-12-28 11:44:42,145 - DEBUG - Upserted modifier: Bacon (V1 ID: 45006, DB ID: 131812)
2025-12-28 11:44:43,076 - DEBUG - Upserted modifier: Olives (V1 ID: 45007, DB ID: 131813)
2025-12-28 11:44:44,061 - DEBUG - Upserted modifier: Ananas (V1 ID: 45008, DB ID: 131814)
2025-12-28 11:44:45,009 - DEBUG - Upserted modifier: Piments Forts (V1 ID: 45009, DB ID: 131815)
2025-12-28 11:44:45,912 - DEBUG - Upserted modifier: Boeuf Haché (V1 ID: 45010, DB ID: 131816)
2025-12-28 11:44:46,837 - DEBUG - Upserted modifier: Fromage Extra (V1 ID: 45011, DB ID: 131817)
2025-12-28 11:44:47,917 - INFO - Inserted modifier group: Pizza Toppings without Premium (ID: 2500)
2025-12-28 11:44:48,076 - DEBUG - Upserted modifier: Cornichons (V1 ID: 45087, DB ID: 131818)
2025-12-28 11:44:48,533 - DEBUG - Upserted modifier: Oignons (V1 ID: 45088, DB ID: 131819)
2025-12-28 11:44:49,001 - DEBUG - Upserted modifier: Navets (V1 ID: 45089, DB ID: 131820)
2025-12-28 11:44:49,450 - DEBUG - Upserted modifier: Laitue (V1 ID: 45090, DB ID: 131821)
2025-12-28 11:44:49,895 - DEBUG - Upserted modifier: Tomates (V1 ID: 45091, DB ID: 131822)
2025-12-28 11:44:50,363 - DEBUG - Upserted modifier: Piments forts (V1 ID: 45092, DB ID: 131823)
2025-12-28 11:44:50,867 - DEBUG - Upserted modifier: Falafel (V1 ID: 49398, DB ID: 131824)
2025-12-28 11:44:51,345 - DEBUG - Upserted modifier: Gyros (V1 ID: 49399, DB ID: 131825)
2025-12-28 11:44:51,850 - DEBUG - Upserted modifier: Donair Boeuf (V1 ID: 49400, DB ID: 131826)
2025-12-28 11:44:52,336 - DEBUG - Upserted modifier: Sauce Extra (V1 ID: 45012, DB ID: 131827)
2025-12-28 11:44:53,320 - DEBUG - Upserted modifier: Champignons (V1 ID: 44999, DB ID: 131828)
2025-12-28 11:44:54,237 - DEBUG - Upserted modifier: Piments Verts (V1 ID: 45000, DB ID: 131829)
2025-12-28 11:44:55,214 - DEBUG - Upserted modifier: Pepperoni (V1 ID: 45001, DB ID: 131830)
2025-12-28 11:44:56,154 - DEBUG - Upserted modifier: Sauce à la viande (V1 ID: 45002, DB ID: 131831)
2025-12-28 11:44:57,099 - DEBUG - Upserted modifier: Oignons (V1 ID: 45003, DB ID: 131832)
2025-12-28 11:44:58,019 - DEBUG - Upserted modifier: Jambon (V1 ID: 45004, DB ID: 131833)
2025-12-28 11:44:58,914 - DEBUG - Upserted modifier: Tomates Fraîches (V1 ID: 45005, DB ID: 131834)
2025-12-28 11:44:59,930 - DEBUG - Upserted modifier: Bacon (V1 ID: 45006, DB ID: 131835)
2025-12-28 11:45:00,890 - DEBUG - Upserted modifier: Olives (V1 ID: 45007, DB ID: 131836)
2025-12-28 11:45:01,838 - DEBUG - Upserted modifier: Ananas (V1 ID: 45008, DB ID: 131837)
2025-12-28 11:45:02,761 - DEBUG - Upserted modifier: Piments Forts (V1 ID: 45009, DB ID: 131838)
2025-12-28 11:45:03,691 - DEBUG - Upserted modifier: Boeuf Haché (V1 ID: 45010, DB ID: 131839)
2025-12-28 11:45:04,606 - DEBUG - Upserted modifier: Fromage Extra (V1 ID: 45011, DB ID: 131840)
2025-12-28 11:45:05,658 - INFO - Inserted modifier group: Premium Toppings (ID: 2501)
2025-12-28 11:45:05,806 - DEBUG - Upserted modifier: Cornichons (V1 ID: 45087, DB ID: 131841)
2025-12-28 11:45:06,287 - DEBUG - Upserted modifier: Oignons (V1 ID: 45088, DB ID: 131842)
2025-12-28 11:45:06,734 - DEBUG - Upserted modifier: Navets (V1 ID: 45089, DB ID: 131843)
2025-12-28 11:45:07,175 - DEBUG - Upserted modifier: Laitue (V1 ID: 45090, DB ID: 131844)
2025-12-28 11:45:07,711 - DEBUG - Upserted modifier: Tomates (V1 ID: 45091, DB ID: 131845)
2025-12-28 11:45:08,170 - DEBUG - Upserted modifier: Piments forts (V1 ID: 45092, DB ID: 131846)
2025-12-28 11:45:08,644 - DEBUG - Upserted modifier: Falafel (V1 ID: 49398, DB ID: 131847)
2025-12-28 11:45:09,091 - DEBUG - Upserted modifier: Gyros (V1 ID: 49399, DB ID: 131848)
2025-12-28 11:45:09,561 - DEBUG - Upserted modifier: Donair Boeuf (V1 ID: 49400, DB ID: 131849)
2025-12-28 11:45:10,009 - DEBUG - Upserted modifier: Sauce Extra (V1 ID: 45012, DB ID: 131850)
2025-12-28 11:45:10,962 - DEBUG - Upserted modifier: Champignons (V1 ID: 44999, DB ID: 131851)
2025-12-28 11:45:11,873 - DEBUG - Upserted modifier: Piments Verts (V1 ID: 45000, DB ID: 131852)
2025-12-28 11:45:12,814 - DEBUG - Upserted modifier: Pepperoni (V1 ID: 45001, DB ID: 131853)
2025-12-28 11:45:13,756 - DEBUG - Upserted modifier: Sauce à la viande (V1 ID: 45002, DB ID: 131854)
2025-12-28 11:45:14,932 - DEBUG - Upserted modifier: Oignons (V1 ID: 45003, DB ID: 131855)
2025-12-28 11:45:15,906 - DEBUG - Upserted modifier: Jambon (V1 ID: 45004, DB ID: 131856)
2025-12-28 11:45:16,856 - DEBUG - Upserted modifier: Tomates Fraîches (V1 ID: 45005, DB ID: 131857)
2025-12-28 11:45:17,841 - DEBUG - Upserted modifier: Bacon (V1 ID: 45006, DB ID: 131858)
2025-12-28 11:45:18,802 - DEBUG - Upserted modifier: Olives (V1 ID: 45007, DB ID: 131859)
2025-12-28 11:45:19,723 - DEBUG - Upserted modifier: Ananas (V1 ID: 45008, DB ID: 131860)
2025-12-28 11:45:20,689 - DEBUG - Upserted modifier: Piments Forts (V1 ID: 45009, DB ID: 131861)
2025-12-28 11:45:21,636 - DEBUG - Upserted modifier: Boeuf Haché (V1 ID: 45010, DB ID: 131862)
2025-12-28 11:45:22,566 - DEBUG - Upserted modifier: Fromage Extra (V1 ID: 45011, DB ID: 131863)
2025-12-28 11:45:23,695 - INFO - Inserted modifier group: Platter Selection (ID: 2502)
2025-12-28 11:45:23,847 - DEBUG - Upserted modifier: Poutine (V1 ID: 45076, DB ID: 131864)
2025-12-28 11:45:24,315 - DEBUG - Upserted modifier: Club Sandwich (V1 ID: 45015, DB ID: 131865)
2025-12-28 11:45:24,766 - DEBUG - Upserted modifier: Poisson (V1 ID: 45016, DB ID: 131866)
2025-12-28 11:45:25,224 - DEBUG - Upserted modifier: Doigts de Poulet (V1 ID: 45017, DB ID: 131867)
2025-12-28 11:45:25,682 - DEBUG - Upserted modifier: Hamburger Steak (V1 ID: 45018, DB ID: 131868)
2025-12-28 11:45:26,136 - DEBUG - Upserted modifier: Poulet Chaud (V1 ID: 45019, DB ID: 131869)
2025-12-28 11:45:26,611 - DEBUG - Upserted modifier: Viande Fumée (V1 ID: 45020, DB ID: 131870)
2025-12-28 11:45:27,071 - DEBUG - Upserted modifier: Pizza Sub (V1 ID: 45025, DB ID: 131871)
2025-12-28 11:45:27,516 - DEBUG - Upserted modifier: Pepperoni Sub (V1 ID: 45026, DB ID: 131872)
2025-12-28 11:45:27,980 - DEBUG - Upserted modifier: Dinde Sub (V1 ID: 45027, DB ID: 131873)
2025-12-28 11:45:28,467 - DEBUG - Upserted modifier: Jambon Sub (V1 ID: 45028, DB ID: 131874)
2025-12-28 11:45:28,930 - DEBUG - Upserted modifier: Viande Fumée Sub (V1 ID: 45029, DB ID: 131875)
2025-12-28 11:45:29,384 - DEBUG - Upserted modifier: Garnie Sub (V1 ID: 45030, DB ID: 131876)
2025-12-28 11:45:29,840 - DEBUG - Upserted modifier: Boulettes de Viande Sub (V1 ID: 45031, DB ID: 131877)
2025-12-28 11:45:30,295 - DEBUG - Upserted modifier: Super Steak Sub (V1 ID: 45032, DB ID: 131878)
2025-12-28 11:45:30,758 - DEBUG - Upserted modifier: Super Poulet Sub (V1 ID: 45033, DB ID: 131879)
2025-12-28 11:45:31,230 - DEBUG - Upserted modifier: Hawaïenne Sub (V1 ID: 45034, DB ID: 131880)
2025-12-28 11:45:31,790 - DEBUG - Upserted modifier: Poutine (V1 ID: 51710, DB ID: 131881)
2025-12-28 11:45:32,437 - INFO - Inserted modifier group: Pasta Extras (ID: 2503)
2025-12-28 11:45:32,582 - DEBUG - Upserted modifier: Viande Extra (V1 ID: 51712, DB ID: 131882)
2025-12-28 11:45:33,065 - DEBUG - Upserted modifier: Falafel Extra (1mc) (V1 ID: 51713, DB ID: 131883)
2025-12-28 11:45:33,515 - DEBUG - Upserted modifier: Fromage Extra (V1 ID: 45077, DB ID: 131884)
2025-12-28 11:45:33,966 - DEBUG - Upserted modifier: Sauce (V1 ID: 45078, DB ID: 131885)
2025-12-28 11:45:34,446 - DEBUG - Upserted modifier: Extra Pita (V1 ID: 45086, DB ID: 131886)
2025-12-28 11:45:34,916 - DEBUG - Upserted modifier: Fromage Extra (V1 ID: 45021, DB ID: 131887)
2025-12-28 11:45:35,392 - DEBUG - Upserted modifier: Sauce Extra (V1 ID: 45022, DB ID: 131888)
2025-12-28 11:45:35,851 - DEBUG - Upserted modifier: Fromage Extra (V1 ID: 51711, DB ID: 131889)
2025-12-28 11:45:36,461 - INFO - Inserted modifier group: Hot or Cold Sub (ID: 2504)
2025-12-28 11:45:36,616 - DEBUG - Upserted modifier: Chaud (V1 ID: 45023, DB ID: 131890)
2025-12-28 11:45:37,072 - DEBUG - Upserted modifier: Froid (V1 ID: 45024, DB ID: 131891)
2025-12-28 11:45:37,692 - INFO - Inserted modifier group: Sub Selection (ID: 2505)
2025-12-28 11:45:37,846 - DEBUG - Upserted modifier: Poutine (V1 ID: 45076, DB ID: 131892)
2025-12-28 11:45:38,341 - DEBUG - Upserted modifier: Club Sandwich (V1 ID: 45015, DB ID: 131893)
2025-12-28 11:45:38,821 - DEBUG - Upserted modifier: Poisson (V1 ID: 45016, DB ID: 131894)
2025-12-28 11:45:39,327 - DEBUG - Upserted modifier: Doigts de Poulet (V1 ID: 45017, DB ID: 131895)
2025-12-28 11:45:39,838 - DEBUG - Upserted modifier: Hamburger Steak (V1 ID: 45018, DB ID: 131896)
2025-12-28 11:45:40,307 - DEBUG - Upserted modifier: Poulet Chaud (V1 ID: 45019, DB ID: 131897)
2025-12-28 11:45:40,758 - DEBUG - Upserted modifier: Viande Fumée (V1 ID: 45020, DB ID: 131898)
2025-12-28 11:45:41,213 - DEBUG - Upserted modifier: Pizza Sub (V1 ID: 45025, DB ID: 131899)
2025-12-28 11:45:41,687 - DEBUG - Upserted modifier: Pepperoni Sub (V1 ID: 45026, DB ID: 131900)
2025-12-28 11:45:42,159 - DEBUG - Upserted modifier: Dinde Sub (V1 ID: 45027, DB ID: 131901)
2025-12-28 11:45:42,611 - DEBUG - Upserted modifier: Jambon Sub (V1 ID: 45028, DB ID: 131902)
2025-12-28 11:45:43,068 - DEBUG - Upserted modifier: Viande Fumée Sub (V1 ID: 45029, DB ID: 131903)
2025-12-28 11:45:43,521 - DEBUG - Upserted modifier: Garnie Sub (V1 ID: 45030, DB ID: 131904)
2025-12-28 11:45:44,008 - DEBUG - Upserted modifier: Boulettes de Viande Sub (V1 ID: 45031, DB ID: 131905)
2025-12-28 11:45:44,472 - DEBUG - Upserted modifier: Super Steak Sub (V1 ID: 45032, DB ID: 131906)
2025-12-28 11:45:44,962 - DEBUG - Upserted modifier: Super Poulet Sub (V1 ID: 45033, DB ID: 131907)
2025-12-28 11:45:45,418 - DEBUG - Upserted modifier: Hawaïenne Sub (V1 ID: 45034, DB ID: 131908)
2025-12-28 11:45:45,889 - DEBUG - Upserted modifier: Poutine (V1 ID: 51710, DB ID: 131909)
2025-12-28 11:45:46,540 - INFO - Inserted modifier group: Dips (ID: 2506)
2025-12-28 11:45:46,691 - DEBUG - Upserted modifier: Ail (V1 ID: 45062, DB ID: 131910)
2025-12-28 11:45:47,179 - DEBUG - Upserted modifier: Ail maison (V1 ID: 45063, DB ID: 131911)
2025-12-28 11:45:47,704 - DEBUG - Upserted modifier: Ail (V1 ID: 45068, DB ID: 131912)
2025-12-28 11:45:48,211 - DEBUG - Upserted modifier: Mayo (V1 ID: 45069, DB ID: 131913)
2025-12-28 11:45:48,683 - DEBUG - Upserted modifier: Tahini (V1 ID: 45070, DB ID: 131914)
2025-12-28 11:45:49,186 - DEBUG - Upserted modifier: BBQ (V1 ID: 45079, DB ID: 131915)
2025-12-28 11:45:49,684 - DEBUG - Upserted modifier: Sauce Forte (V1 ID: 45080, DB ID: 131916)
2025-12-28 11:45:50,185 - DEBUG - Upserted modifier: Miel et Ail (V1 ID: 45081, DB ID: 131917)
2025-12-28 11:45:50,723 - DEBUG - Upserted modifier: Sauce Moyenne (V1 ID: 45082, DB ID: 131918)
2025-12-28 11:45:51,183 - DEBUG - Upserted modifier: Hummus (V1 ID: 45083, DB ID: 131919)
2025-12-28 11:45:51,648 - DEBUG - Upserted modifier: Ail (V1 ID: 45084, DB ID: 131920)
2025-12-28 11:45:52,119 - DEBUG - Upserted modifier: Tahini (V1 ID: 45085, DB ID: 131921)
2025-12-28 11:45:52,589 - DEBUG - Upserted modifier: Sauce à l’ail (V1 ID: 49401, DB ID: 131922)
2025-12-28 11:45:53,050 - DEBUG - Upserted modifier: Sauce tahini (V1 ID: 49402, DB ID: 131923)
2025-12-28 11:45:53,677 - INFO - Inserted modifier group: Salad Dressings (ID: 2507)
2025-12-28 11:45:53,831 - DEBUG - Upserted modifier: Italienne (V1 ID: 45064, DB ID: 131924)
2025-12-28 11:45:54,279 - DEBUG - Upserted modifier: César (V1 ID: 45065, DB ID: 131925)
2025-12-28 11:45:54,752 - DEBUG - Upserted modifier: Ail (V1 ID: 45066, DB ID: 131926)
2025-12-28 11:45:55,207 - DEBUG - Upserted modifier: Libanaise (V1 ID: 45067, DB ID: 131927)
2025-12-28 11:45:55,850 - INFO - Inserted modifier group: Donairs Sauces (ID: 2508)
2025-12-28 11:45:56,009 - DEBUG - Upserted modifier: Ail (V1 ID: 45062, DB ID: 131928)
2025-12-28 11:45:56,501 - DEBUG - Upserted modifier: Ail maison (V1 ID: 45063, DB ID: 131929)
2025-12-28 11:45:56,956 - DEBUG - Upserted modifier: Ail (V1 ID: 45068, DB ID: 131930)
2025-12-28 11:45:57,432 - DEBUG - Upserted modifier: Mayo (V1 ID: 45069, DB ID: 131931)
2025-12-28 11:45:57,901 - DEBUG - Upserted modifier: Tahini (V1 ID: 45070, DB ID: 131932)
2025-12-28 11:45:58,346 - DEBUG - Upserted modifier: BBQ (V1 ID: 45079, DB ID: 131933)
2025-12-28 11:45:58,834 - DEBUG - Upserted modifier: Sauce Forte (V1 ID: 45080, DB ID: 131934)
2025-12-28 11:45:59,290 - DEBUG - Upserted modifier: Miel et Ail (V1 ID: 45081, DB ID: 131935)
2025-12-28 11:45:59,768 - DEBUG - Upserted modifier: Sauce Moyenne (V1 ID: 45082, DB ID: 131936)
2025-12-28 11:46:00,223 - DEBUG - Upserted modifier: Hummus (V1 ID: 45083, DB ID: 131937)
2025-12-28 11:46:00,691 - DEBUG - Upserted modifier: Ail (V1 ID: 45084, DB ID: 131938)
2025-12-28 11:46:01,141 - DEBUG - Upserted modifier: Tahini (V1 ID: 45085, DB ID: 131939)
2025-12-28 11:46:01,610 - DEBUG - Upserted modifier: Sauce à l’ail (V1 ID: 49401, DB ID: 131940)
2025-12-28 11:46:02,085 - DEBUG - Upserted modifier: Sauce tahini (V1 ID: 49402, DB ID: 131941)
2025-12-28 11:46:02,739 - INFO - Inserted modifier group: Drinks can (ID: 2509)
2025-12-28 11:46:02,896 - DEBUG - Upserted modifier: Pepsi (V1 ID: 45071, DB ID: 131942)
2025-12-28 11:46:03,374 - DEBUG - Upserted modifier: Coke (V1 ID: 45072, DB ID: 131943)
2025-12-28 11:46:03,870 - DEBUG - Upserted modifier: Diet Pepsi (V1 ID: 45073, DB ID: 131944)
2025-12-28 11:46:04,326 - DEBUG - Upserted modifier: Diet Coke (V1 ID: 45074, DB ID: 131945)
2025-12-28 11:46:04,804 - DEBUG - Upserted modifier: 7Up (V1 ID: 45075, DB ID: 131946)
2025-12-28 11:46:05,450 - INFO - Inserted modifier group: Upgrade to poutine (ID: 2510)
2025-12-28 11:46:05,599 - DEBUG - Upserted modifier: Poutine (V1 ID: 45076, DB ID: 131947)
2025-12-28 11:46:06,067 - DEBUG - Upserted modifier: Club Sandwich (V1 ID: 45015, DB ID: 131948)
2025-12-28 11:46:06,574 - DEBUG - Upserted modifier: Poisson (V1 ID: 45016, DB ID: 131949)
2025-12-28 11:46:07,059 - DEBUG - Upserted modifier: Doigts de Poulet (V1 ID: 45017, DB ID: 131950)
2025-12-28 11:46:07,530 - DEBUG - Upserted modifier: Hamburger Steak (V1 ID: 45018, DB ID: 131951)
2025-12-28 11:46:08,006 - DEBUG - Upserted modifier: Poulet Chaud (V1 ID: 45019, DB ID: 131952)
2025-12-28 11:46:08,463 - DEBUG - Upserted modifier: Viande Fumée (V1 ID: 45020, DB ID: 131953)
2025-12-28 11:46:08,942 - DEBUG - Upserted modifier: Pizza Sub (V1 ID: 45025, DB ID: 131954)
2025-12-28 11:46:09,409 - DEBUG - Upserted modifier: Pepperoni Sub (V1 ID: 45026, DB ID: 131955)
2025-12-28 11:46:09,856 - DEBUG - Upserted modifier: Dinde Sub (V1 ID: 45027, DB ID: 131956)
2025-12-28 11:46:10,329 - DEBUG - Upserted modifier: Jambon Sub (V1 ID: 45028, DB ID: 131957)
2025-12-28 11:46:10,781 - DEBUG - Upserted modifier: Viande Fumée Sub (V1 ID: 45029, DB ID: 131958)
2025-12-28 11:46:11,242 - DEBUG - Upserted modifier: Garnie Sub (V1 ID: 45030, DB ID: 131959)
2025-12-28 11:46:11,740 - DEBUG - Upserted modifier: Boulettes de Viande Sub (V1 ID: 45031, DB ID: 131960)
2025-12-28 11:46:12,207 - DEBUG - Upserted modifier: Super Steak Sub (V1 ID: 45032, DB ID: 131961)
2025-12-28 11:46:12,661 - DEBUG - Upserted modifier: Super Poulet Sub (V1 ID: 45033, DB ID: 131962)
2025-12-28 11:46:13,124 - DEBUG - Upserted modifier: Hawaïenne Sub (V1 ID: 45034, DB ID: 131963)
2025-12-28 11:46:13,592 - DEBUG - Upserted modifier: Poutine (V1 ID: 51710, DB ID: 131964)
2025-12-28 11:46:14,208 - INFO - Inserted modifier group: Extra Cheese for Club Sandwich (ID: 2511)
2025-12-28 11:46:14,361 - DEBUG - Upserted modifier: Viande Extra (V1 ID: 51712, DB ID: 131965)
2025-12-28 11:46:14,846 - DEBUG - Upserted modifier: Falafel Extra (1mc) (V1 ID: 51713, DB ID: 131966)
2025-12-28 11:46:15,349 - DEBUG - Upserted modifier: Fromage Extra (V1 ID: 45077, DB ID: 131967)
2025-12-28 11:46:15,801 - DEBUG - Upserted modifier: Sauce (V1 ID: 45078, DB ID: 131968)
2025-12-28 11:46:16,264 - DEBUG - Upserted modifier: Extra Pita (V1 ID: 45086, DB ID: 131969)
2025-12-28 11:46:16,749 - DEBUG - Upserted modifier: Fromage Extra (V1 ID: 45021, DB ID: 131970)
2025-12-28 11:46:17,225 - DEBUG - Upserted modifier: Sauce Extra (V1 ID: 45022, DB ID: 131971)
2025-12-28 11:46:17,695 - DEBUG - Upserted modifier: Fromage Extra (V1 ID: 51711, DB ID: 131972)
2025-12-28 11:46:18,319 - INFO - Inserted modifier group: Extra Cheese for Poutine (ID: 2512)
2025-12-28 11:46:18,473 - DEBUG - Upserted modifier: Viande Extra (V1 ID: 51712, DB ID: 131973)
2025-12-28 11:46:18,960 - DEBUG - Upserted modifier: Falafel Extra (1mc) (V1 ID: 51713, DB ID: 131974)
2025-12-28 11:46:19,527 - DEBUG - Upserted modifier: Fromage Extra (V1 ID: 45077, DB ID: 131975)
2025-12-28 11:46:19,974 - DEBUG - Upserted modifier: Sauce (V1 ID: 45078, DB ID: 131976)
2025-12-28 11:46:20,443 - DEBUG - Upserted modifier: Extra Pita (V1 ID: 45086, DB ID: 131977)
2025-12-28 11:46:20,941 - DEBUG - Upserted modifier: Fromage Extra (V1 ID: 45021, DB ID: 131978)
2025-12-28 11:46:21,417 - DEBUG - Upserted modifier: Sauce Extra (V1 ID: 45022, DB ID: 131979)
2025-12-28 11:46:21,944 - DEBUG - Upserted modifier: Fromage Extra (V1 ID: 51711, DB ID: 131980)
2025-12-28 11:46:22,611 - INFO - Inserted modifier group: Sauce for Fries (ID: 2513)
2025-12-28 11:46:22,769 - DEBUG - Upserted modifier: Viande Extra (V1 ID: 51712, DB ID: 131981)
2025-12-28 11:46:23,248 - DEBUG - Upserted modifier: Falafel Extra (1mc) (V1 ID: 51713, DB ID: 131982)
2025-12-28 11:46:23,724 - DEBUG - Upserted modifier: Fromage Extra (V1 ID: 45077, DB ID: 131983)
2025-12-28 11:46:24,205 - DEBUG - Upserted modifier: Sauce (V1 ID: 45078, DB ID: 131984)
2025-12-28 11:46:24,653 - DEBUG - Upserted modifier: Extra Pita (V1 ID: 45086, DB ID: 131985)
2025-12-28 11:46:25,138 - DEBUG - Upserted modifier: Fromage Extra (V1 ID: 45021, DB ID: 131986)
2025-12-28 11:46:25,626 - DEBUG - Upserted modifier: Sauce Extra (V1 ID: 45022, DB ID: 131987)
2025-12-28 11:46:26,093 - DEBUG - Upserted modifier: Fromage Extra (V1 ID: 51711, DB ID: 131988)
2025-12-28 11:46:26,726 - INFO - Inserted modifier group: Wings Sauces (ID: 2514)
2025-12-28 11:46:26,888 - DEBUG - Upserted modifier: Ail (V1 ID: 45062, DB ID: 131989)
2025-12-28 11:46:27,341 - DEBUG - Upserted modifier: Ail maison (V1 ID: 45063, DB ID: 131990)
2025-12-28 11:46:27,864 - DEBUG - Upserted modifier: Ail (V1 ID: 45068, DB ID: 131991)
2025-12-28 11:46:28,307 - DEBUG - Upserted modifier: Mayo (V1 ID: 45069, DB ID: 131992)
2025-12-28 11:46:28,760 - DEBUG - Upserted modifier: Tahini (V1 ID: 45070, DB ID: 131993)
2025-12-28 11:46:29,226 - DEBUG - Upserted modifier: BBQ (V1 ID: 45079, DB ID: 131994)
2025-12-28 11:46:29,673 - DEBUG - Upserted modifier: Sauce Forte (V1 ID: 45080, DB ID: 131995)
2025-12-28 11:46:30,147 - DEBUG - Upserted modifier: Miel et Ail (V1 ID: 45081, DB ID: 131996)
2025-12-28 11:46:30,624 - DEBUG - Upserted modifier: Sauce Moyenne (V1 ID: 45082, DB ID: 131997)
2025-12-28 11:46:31,067 - DEBUG - Upserted modifier: Hummus (V1 ID: 45083, DB ID: 131998)
2025-12-28 11:46:31,540 - DEBUG - Upserted modifier: Ail (V1 ID: 45084, DB ID: 131999)
2025-12-28 11:46:32,001 - DEBUG - Upserted modifier: Tahini (V1 ID: 45085, DB ID: 132000)
2025-12-28 11:46:32,487 - DEBUG - Upserted modifier: Sauce à l’ail (V1 ID: 49401, DB ID: 132001)
2025-12-28 11:46:32,912 - DEBUG - Upserted modifier: Sauce tahini (V1 ID: 49402, DB ID: 132002)
2025-12-28 11:46:33,528 - INFO - Inserted modifier group: Shawarma Platters Sauces on Side (ID: 2515)
2025-12-28 11:46:33,700 - DEBUG - Upserted modifier: Ail (V1 ID: 45062, DB ID: 132003)
2025-12-28 11:46:34,198 - DEBUG - Upserted modifier: Ail maison (V1 ID: 45063, DB ID: 132004)
2025-12-28 11:46:34,721 - DEBUG - Upserted modifier: Ail (V1 ID: 45068, DB ID: 132005)
2025-12-28 11:46:35,242 - DEBUG - Upserted modifier: Mayo (V1 ID: 45069, DB ID: 132006)
2025-12-28 11:46:35,753 - DEBUG - Upserted modifier: Tahini (V1 ID: 45070, DB ID: 132007)
2025-12-28 11:46:36,214 - DEBUG - Upserted modifier: BBQ (V1 ID: 45079, DB ID: 132008)
2025-12-28 11:46:36,686 - DEBUG - Upserted modifier: Sauce Forte (V1 ID: 45080, DB ID: 132009)
2025-12-28 11:46:37,135 - DEBUG - Upserted modifier: Miel et Ail (V1 ID: 45081, DB ID: 132010)
2025-12-28 11:46:37,606 - DEBUG - Upserted modifier: Sauce Moyenne (V1 ID: 45082, DB ID: 132011)
2025-12-28 11:46:38,085 - DEBUG - Upserted modifier: Hummus (V1 ID: 45083, DB ID: 132012)
2025-12-28 11:46:38,529 - DEBUG - Upserted modifier: Ail (V1 ID: 45084, DB ID: 132013)
2025-12-28 11:46:38,990 - DEBUG - Upserted modifier: Tahini (V1 ID: 45085, DB ID: 132014)
2025-12-28 11:46:39,473 - DEBUG - Upserted modifier: Sauce à l’ail (V1 ID: 49401, DB ID: 132015)
2025-12-28 11:46:39,957 - DEBUG - Upserted modifier: Sauce tahini (V1 ID: 49402, DB ID: 132016)
2025-12-28 11:46:40,728 - INFO - Inserted modifier group: Extra Pita 0.75 (ID: 2516)
2025-12-28 11:46:40,897 - DEBUG - Upserted modifier: Viande Extra (V1 ID: 51712, DB ID: 132017)
2025-12-28 11:46:41,403 - DEBUG - Upserted modifier: Falafel Extra (1mc) (V1 ID: 51713, DB ID: 132018)
2025-12-28 11:46:41,889 - DEBUG - Upserted modifier: Fromage Extra (V1 ID: 45077, DB ID: 132019)
2025-12-28 11:46:42,339 - DEBUG - Upserted modifier: Sauce (V1 ID: 45078, DB ID: 132020)
2025-12-28 11:46:42,815 - DEBUG - Upserted modifier: Extra Pita (V1 ID: 45086, DB ID: 132021)
2025-12-28 11:46:43,315 - DEBUG - Upserted modifier: Fromage Extra (V1 ID: 45021, DB ID: 132022)
2025-12-28 11:46:43,828 - DEBUG - Upserted modifier: Sauce Extra (V1 ID: 45022, DB ID: 132023)
2025-12-28 11:46:44,319 - DEBUG - Upserted modifier: Fromage Extra (V1 ID: 51711, DB ID: 132024)
2025-12-28 11:46:44,976 - INFO - Inserted modifier group: Sandwiches Custom Ing (ID: 2517)
2025-12-28 11:46:45,135 - DEBUG - Upserted modifier: Cornichons (V1 ID: 45087, DB ID: 132025)
2025-12-28 11:46:45,597 - DEBUG - Upserted modifier: Oignons (V1 ID: 45088, DB ID: 132026)
2025-12-28 11:46:46,049 - DEBUG - Upserted modifier: Navets (V1 ID: 45089, DB ID: 132027)
2025-12-28 11:46:46,523 - DEBUG - Upserted modifier: Laitue (V1 ID: 45090, DB ID: 132028)
2025-12-28 11:46:46,984 - DEBUG - Upserted modifier: Tomates (V1 ID: 45091, DB ID: 132029)
2025-12-28 11:46:47,454 - DEBUG - Upserted modifier: Piments forts (V1 ID: 45092, DB ID: 132030)
2025-12-28 11:46:47,885 - DEBUG - Upserted modifier: Falafel (V1 ID: 49398, DB ID: 132031)
2025-12-28 11:46:48,337 - DEBUG - Upserted modifier: Gyros (V1 ID: 49399, DB ID: 132032)
2025-12-28 11:46:48,817 - DEBUG - Upserted modifier: Donair Boeuf (V1 ID: 49400, DB ID: 132033)
2025-12-28 11:46:49,309 - DEBUG - Upserted modifier: Sauce Extra (V1 ID: 45012, DB ID: 132034)
2025-12-28 11:46:50,300 - DEBUG - Upserted modifier: Champignons (V1 ID: 44999, DB ID: 132035)
2025-12-28 11:46:51,255 - DEBUG - Upserted modifier: Piments Verts (V1 ID: 45000, DB ID: 132036)
2025-12-28 11:46:52,313 - DEBUG - Upserted modifier: Pepperoni (V1 ID: 45001, DB ID: 132037)
2025-12-28 11:46:53,223 - DEBUG - Upserted modifier: Sauce à la viande (V1 ID: 45002, DB ID: 132038)
2025-12-28 11:46:54,217 - DEBUG - Upserted modifier: Oignons (V1 ID: 45003, DB ID: 132039)
2025-12-28 11:46:55,165 - DEBUG - Upserted modifier: Jambon (V1 ID: 45004, DB ID: 132040)
2025-12-28 11:46:56,112 - DEBUG - Upserted modifier: Tomates Fraîches (V1 ID: 45005, DB ID: 132041)
2025-12-28 11:46:57,009 - DEBUG - Upserted modifier: Bacon (V1 ID: 45006, DB ID: 132042)
2025-12-28 11:46:57,940 - DEBUG - Upserted modifier: Olives (V1 ID: 45007, DB ID: 132043)
2025-12-28 11:46:58,863 - DEBUG - Upserted modifier: Ananas (V1 ID: 45008, DB ID: 132044)
2025-12-28 11:46:59,872 - DEBUG - Upserted modifier: Piments Forts (V1 ID: 45009, DB ID: 132045)
2025-12-28 11:47:00,845 - DEBUG - Upserted modifier: Boeuf Haché (V1 ID: 45010, DB ID: 132046)
2025-12-28 11:47:01,836 - DEBUG - Upserted modifier: Fromage Extra (V1 ID: 45011, DB ID: 132047)
2025-12-28 11:47:02,930 - INFO - Inserted modifier group: Shawarma Platters Custom Ing. (ID: 2518)
2025-12-28 11:47:03,084 - DEBUG - Upserted modifier: Cornichons (V1 ID: 45087, DB ID: 132048)
2025-12-28 11:47:03,544 - DEBUG - Upserted modifier: Oignons (V1 ID: 45088, DB ID: 132049)
2025-12-28 11:47:04,026 - DEBUG - Upserted modifier: Navets (V1 ID: 45089, DB ID: 132050)
2025-12-28 11:47:04,469 - DEBUG - Upserted modifier: Laitue (V1 ID: 45090, DB ID: 132051)
2025-12-28 11:47:04,934 - DEBUG - Upserted modifier: Tomates (V1 ID: 45091, DB ID: 132052)
2025-12-28 11:47:05,409 - DEBUG - Upserted modifier: Piments forts (V1 ID: 45092, DB ID: 132053)
2025-12-28 11:47:05,909 - DEBUG - Upserted modifier: Falafel (V1 ID: 49398, DB ID: 132054)
2025-12-28 11:47:06,381 - DEBUG - Upserted modifier: Gyros (V1 ID: 49399, DB ID: 132055)
2025-12-28 11:47:06,856 - DEBUG - Upserted modifier: Donair Boeuf (V1 ID: 49400, DB ID: 132056)
2025-12-28 11:47:07,568 - DEBUG - Upserted modifier: Sauce Extra (V1 ID: 45012, DB ID: 132057)
2025-12-28 11:47:08,529 - DEBUG - Upserted modifier: Champignons (V1 ID: 44999, DB ID: 132058)
2025-12-28 11:47:09,512 - DEBUG - Upserted modifier: Piments Verts (V1 ID: 45000, DB ID: 132059)
2025-12-28 11:47:10,466 - DEBUG - Upserted modifier: Pepperoni (V1 ID: 45001, DB ID: 132060)
2025-12-28 11:47:11,381 - DEBUG - Upserted modifier: Sauce à la viande (V1 ID: 45002, DB ID: 132061)
2025-12-28 11:47:12,313 - DEBUG - Upserted modifier: Oignons (V1 ID: 45003, DB ID: 132062)
2025-12-28 11:47:13,232 - DEBUG - Upserted modifier: Jambon (V1 ID: 45004, DB ID: 132063)
2025-12-28 11:47:14,176 - DEBUG - Upserted modifier: Tomates Fraîches (V1 ID: 45005, DB ID: 132064)
2025-12-28 11:47:15,073 - DEBUG - Upserted modifier: Bacon (V1 ID: 45006, DB ID: 132065)
2025-12-28 11:47:16,109 - DEBUG - Upserted modifier: Olives (V1 ID: 45007, DB ID: 132066)
2025-12-28 11:47:17,012 - DEBUG - Upserted modifier: Ananas (V1 ID: 45008, DB ID: 132067)
2025-12-28 11:47:17,961 - DEBUG - Upserted modifier: Piments Forts (V1 ID: 45009, DB ID: 132068)
2025-12-28 11:47:18,862 - DEBUG - Upserted modifier: Boeuf Haché (V1 ID: 45010, DB ID: 132069)
2025-12-28 11:47:19,813 - DEBUG - Upserted modifier: Fromage Extra (V1 ID: 45011, DB ID: 132070)
2025-12-28 11:47:20,918 - INFO - Inserted modifier group: Small Sandwich Selection (ID: 2519)
2025-12-28 11:47:21,075 - DEBUG - Upserted modifier: Cornichons (V1 ID: 45087, DB ID: 132071)
2025-12-28 11:47:21,559 - DEBUG - Upserted modifier: Oignons (V1 ID: 45088, DB ID: 132072)
2025-12-28 11:47:22,029 - DEBUG - Upserted modifier: Navets (V1 ID: 45089, DB ID: 132073)
2025-12-28 11:47:22,489 - DEBUG - Upserted modifier: Laitue (V1 ID: 45090, DB ID: 132074)
2025-12-28 11:47:22,958 - DEBUG - Upserted modifier: Tomates (V1 ID: 45091, DB ID: 132075)
2025-12-28 11:47:23,454 - DEBUG - Upserted modifier: Piments forts (V1 ID: 45092, DB ID: 132076)
2025-12-28 11:47:23,923 - DEBUG - Upserted modifier: Falafel (V1 ID: 49398, DB ID: 132077)
2025-12-28 11:47:24,376 - DEBUG - Upserted modifier: Gyros (V1 ID: 49399, DB ID: 132078)
2025-12-28 11:47:24,862 - DEBUG - Upserted modifier: Donair Boeuf (V1 ID: 49400, DB ID: 132079)
2025-12-28 11:47:25,335 - DEBUG - Upserted modifier: Sauce Extra (V1 ID: 45012, DB ID: 132080)
2025-12-28 11:47:26,263 - DEBUG - Upserted modifier: Champignons (V1 ID: 44999, DB ID: 132081)
2025-12-28 11:47:27,197 - DEBUG - Upserted modifier: Piments Verts (V1 ID: 45000, DB ID: 132082)
2025-12-28 11:47:28,176 - DEBUG - Upserted modifier: Pepperoni (V1 ID: 45001, DB ID: 132083)
2025-12-28 11:47:29,137 - DEBUG - Upserted modifier: Sauce à la viande (V1 ID: 45002, DB ID: 132084)
2025-12-28 11:47:30,076 - DEBUG - Upserted modifier: Oignons (V1 ID: 45003, DB ID: 132085)
2025-12-28 11:47:31,032 - DEBUG - Upserted modifier: Jambon (V1 ID: 45004, DB ID: 132086)
2025-12-28 11:47:32,081 - DEBUG - Upserted modifier: Tomates Fraîches (V1 ID: 45005, DB ID: 132087)
2025-12-28 11:47:32,998 - DEBUG - Upserted modifier: Bacon (V1 ID: 45006, DB ID: 132088)
2025-12-28 11:47:33,932 - DEBUG - Upserted modifier: Olives (V1 ID: 45007, DB ID: 132089)
2025-12-28 11:47:34,898 - DEBUG - Upserted modifier: Ananas (V1 ID: 45008, DB ID: 132090)
2025-12-28 11:47:35,915 - DEBUG - Upserted modifier: Piments Forts (V1 ID: 45009, DB ID: 132091)
2025-12-28 11:47:36,854 - DEBUG - Upserted modifier: Boeuf Haché (V1 ID: 45010, DB ID: 132092)
2025-12-28 11:47:37,927 - DEBUG - Upserted modifier: Fromage Extra (V1 ID: 45011, DB ID: 132093)
2025-12-28 11:47:38,984 - INFO - Inserted modifier group: Sauces for Small Sandwiches Trio (ID: 2520)
2025-12-28 11:47:39,132 - DEBUG - Upserted modifier: Ail (V1 ID: 45062, DB ID: 132094)
2025-12-28 11:47:39,616 - DEBUG - Upserted modifier: Ail maison (V1 ID: 45063, DB ID: 132095)
2025-12-28 11:47:40,112 - DEBUG - Upserted modifier: Ail (V1 ID: 45068, DB ID: 132096)
2025-12-28 11:47:40,555 - DEBUG - Upserted modifier: Mayo (V1 ID: 45069, DB ID: 132097)
2025-12-28 11:47:41,101 - DEBUG - Upserted modifier: Tahini (V1 ID: 45070, DB ID: 132098)
2025-12-28 11:47:41,588 - DEBUG - Upserted modifier: BBQ (V1 ID: 45079, DB ID: 132099)
2025-12-28 11:47:42,059 - DEBUG - Upserted modifier: Sauce Forte (V1 ID: 45080, DB ID: 132100)
2025-12-28 11:47:42,519 - DEBUG - Upserted modifier: Miel et Ail (V1 ID: 45081, DB ID: 132101)
2025-12-28 11:47:43,000 - DEBUG - Upserted modifier: Sauce Moyenne (V1 ID: 45082, DB ID: 132102)
2025-12-28 11:47:43,541 - DEBUG - Upserted modifier: Hummus (V1 ID: 45083, DB ID: 132103)
2025-12-28 11:47:44,019 - DEBUG - Upserted modifier: Ail (V1 ID: 45084, DB ID: 132104)
2025-12-28 11:47:44,546 - DEBUG - Upserted modifier: Tahini (V1 ID: 45085, DB ID: 132105)
2025-12-28 11:47:45,042 - DEBUG - Upserted modifier: Sauce à l’ail (V1 ID: 49401, DB ID: 132106)
2025-12-28 11:47:45,497 - DEBUG - Upserted modifier: Sauce tahini (V1 ID: 49402, DB ID: 132107)
2025-12-28 11:47:46,149 - INFO - Inserted modifier group: Shawarma Platter Extras (meat + pita) (ID: 2521)
2025-12-28 11:47:46,326 - DEBUG - Upserted modifier: Viande Extra (V1 ID: 51712, DB ID: 132108)
2025-12-28 11:47:46,769 - DEBUG - Upserted modifier: Falafel Extra (1mc) (V1 ID: 51713, DB ID: 132109)
2025-12-28 11:47:47,238 - DEBUG - Upserted modifier: Fromage Extra (V1 ID: 45077, DB ID: 132110)
2025-12-28 11:47:47,696 - DEBUG - Upserted modifier: Sauce (V1 ID: 45078, DB ID: 132111)
2025-12-28 11:47:48,146 - DEBUG - Upserted modifier: Extra Pita (V1 ID: 45086, DB ID: 132112)
2025-12-28 11:47:48,618 - DEBUG - Upserted modifier: Fromage Extra (V1 ID: 45021, DB ID: 132113)
2025-12-28 11:47:49,080 - DEBUG - Upserted modifier: Sauce Extra (V1 ID: 45022, DB ID: 132114)
2025-12-28 11:47:49,556 - DEBUG - Upserted modifier: Fromage Extra (V1 ID: 51711, DB ID: 132115)
2025-12-28 11:47:50,181 - INFO - Inserted modifier group: Falafel Platter Extra Falafel (ID: 2522)
2025-12-28 11:47:50,352 - DEBUG - Upserted modifier: Viande Extra (V1 ID: 51712, DB ID: 132116)
2025-12-28 11:47:50,836 - DEBUG - Upserted modifier: Falafel Extra (1mc) (V1 ID: 51713, DB ID: 132117)
2025-12-28 11:47:51,294 - DEBUG - Upserted modifier: Fromage Extra (V1 ID: 45077, DB ID: 132118)
2025-12-28 11:47:51,752 - DEBUG - Upserted modifier: Sauce (V1 ID: 45078, DB ID: 132119)
2025-12-28 11:47:52,254 - DEBUG - Upserted modifier: Extra Pita (V1 ID: 45086, DB ID: 132120)
2025-12-28 11:47:52,697 - DEBUG - Upserted modifier: Fromage Extra (V1 ID: 45021, DB ID: 132121)
2025-12-28 11:47:53,171 - DEBUG - Upserted modifier: Sauce Extra (V1 ID: 45022, DB ID: 132122)
2025-12-28 11:47:53,611 - DEBUG - Upserted modifier: Fromage Extra (V1 ID: 51711, DB ID: 132123)
2025-12-28 11:47:53,917 - INFO -   Done: 25 groups, 331 modifiers, 583 prices
2025-12-28 11:47:53,918 - INFO - ----------------------------------------
2025-12-28 11:47:53,918 - INFO - [3/20] Processing: Kabylie Pizza
2025-12-28 11:47:53,918 - INFO - Navigating to modifier groups page: https://menuadmin.menu.ca/?p=restaurants&display=editRestaurant&restaurant=1042&load=ingredientGroups&showLang=fr
2025-12-28 11:47:54,755 - DEBUG - Expanding all modifier group divs...
2025-12-28 11:47:55,288 - DEBUG - Group 10935: 8 active modifiers
2025-12-28 11:47:55,288 - DEBUG - Group 10936: 4 active modifiers
2025-12-28 11:47:55,288 - DEBUG - Group 10937: 2 active modifiers
2025-12-28 11:47:55,288 - DEBUG - Group 10938: 7 active modifiers
2025-12-28 11:47:55,288 - DEBUG - Group 10939: 1 active modifiers
2025-12-28 11:47:55,288 - DEBUG - Group 10940: 3 active modifiers
2025-12-28 11:47:55,288 - DEBUG - Group 10941: 1 active modifiers
2025-12-28 11:47:55,288 - DEBUG - Group 10942: 2 active modifiers
2025-12-28 11:47:55,288 - DEBUG - Group 10943: 3 active modifiers
2025-12-28 11:47:55,288 - DEBUG - Group 10944: 37 active modifiers
2025-12-28 11:47:55,288 - DEBUG - Group 10945: 33 active modifiers
2025-12-28 11:47:55,288 - DEBUG - Group 10946: 4 active modifiers
2025-12-28 11:47:55,288 - DEBUG - Group 10947: 15 active modifiers
2025-12-28 11:47:55,288 - DEBUG - Group 10948: 6 active modifiers
2025-12-28 11:47:55,288 - DEBUG - Group 10949: 3 active modifiers
2025-12-28 11:47:55,288 - DEBUG - Group 10950: 6 active modifiers
2025-12-28 11:47:55,288 - DEBUG - Group 10951: 9 active modifiers
2025-12-28 11:47:55,312 - INFO - Processing modifier group: Choisissez votre quatuor SELECTION (ID: 10935)
2025-12-28 11:47:56,088 - INFO -   Found 61 modifiers (8 active, 53 inactive)
2025-12-28 11:47:56,091 - INFO - Processing modifier group: Salad Dressings (ID: 10936)
2025-12-28 11:47:56,128 - INFO -   Found 4 modifiers (4 active, 0 inactive)
2025-12-28 11:47:56,132 - INFO - Processing modifier group: Extras for Salads (ID: 10937)
2025-12-28 11:47:56,176 - INFO -   Found 4 modifiers (2 active, 2 inactive)
2025-12-28 11:47:56,180 - INFO - Processing modifier group: Wings Sauces (ID: 10938)
2025-12-28 11:47:56,389 - INFO -   Found 22 modifiers (7 active, 15 inactive)
2025-12-28 11:47:56,393 - INFO - Processing modifier group: Upgrade to Poutine (ID: 10939)
2025-12-28 11:47:56,431 - INFO -   Found 3 modifiers (1 active, 2 inactive)
2025-12-28 11:47:56,435 - INFO - Processing modifier group: Custom Ing for Poutines (ID: 10940)
2025-12-28 11:47:57,124 - INFO -   Found 61 modifiers (3 active, 58 inactive)
2025-12-28 11:47:57,128 - INFO - Processing modifier group: Upgrade to Poutine 5.00 (ID: 10941)
2025-12-28 11:47:57,170 - INFO -   Found 3 modifiers (1 active, 2 inactive)
2025-12-28 11:47:57,174 - INFO - Processing modifier group: Extras for Burgers (ID: 10942)
2025-12-28 11:47:57,220 - INFO -   Found 4 modifiers (2 active, 2 inactive)
2025-12-28 11:47:57,224 - INFO - Processing modifier group: Crust type (ID: 10943)
2025-12-28 11:47:57,252 - INFO -   Found 3 modifiers (3 active, 0 inactive)
2025-12-28 11:47:57,256 - INFO - Processing modifier group: Pizza Toppings (ID: 10944)
2025-12-28 11:47:57,786 - INFO -   Found 61 modifiers (37 active, 24 inactive)
2025-12-28 11:47:57,789 - INFO - Processing modifier group: Pizza Toppings without Premium (ID: 10945)
2025-12-28 11:47:58,289 - INFO -   Found 61 modifiers (33 active, 28 inactive)
2025-12-28 11:47:58,292 - INFO - Processing modifier group: Premium toppings (ID: 10946)
2025-12-28 11:47:59,176 - INFO -   Found 61 modifiers (4 active, 57 inactive)
2025-12-28 11:47:59,185 - INFO - Processing modifier group: Dips (ID: 10947)
2025-12-28 11:47:59,364 - INFO -   Found 22 modifiers (15 active, 7 inactive)
2025-12-28 11:47:59,367 - INFO - Processing modifier group: Drinks Can (ID: 10948)
2025-12-28 11:47:59,446 - INFO -   Found 9 modifiers (6 active, 3 inactive)
2025-12-28 11:47:59,450 - INFO - Processing modifier group: 2 Platters (ID: 10949)
2025-12-28 11:48:00,071 - INFO -   Found 61 modifiers (3 active, 58 inactive)
2025-12-28 11:48:00,075 - INFO - Processing modifier group: Drinks 2L (ID: 10950)
2025-12-28 11:48:00,157 - INFO -   Found 9 modifiers (6 active, 3 inactive)
2025-12-28 11:48:00,161 - INFO - Processing modifier group: Subs Selection (ID: 10951)
2025-12-28 11:48:00,774 - INFO -   Found 61 modifiers (9 active, 52 inactive)
2025-12-28 11:48:00,774 - INFO - Total modifier groups extracted: 17
2025-12-28 11:48:01,080 - INFO - Inserted modifier group: Choisissez votre quatuor SELECTION (ID: 2523)
2025-12-28 11:48:01,232 - DEBUG - Upserted modifier: Doigts de poulet (2 mcx) (V1 ID: 50496, DB ID: 132124)
2025-12-28 11:48:01,703 - DEBUG - Upserted modifier: Rondelles d’oignons (10 mcx) (V1 ID: 50497, DB ID: 132125)
2025-12-28 11:48:02,170 - DEBUG - Upserted modifier: Bâtonnets de fromage (2 mcx) (V1 ID: 50498, DB ID: 132126)
2025-12-28 11:48:02,638 - DEBUG - Upserted modifier: Bouchées au poulet (4 mcx) (V1 ID: 50499, DB ID: 132127)
2025-12-28 11:48:03,101 - DEBUG - Upserted modifier: Zucchini (6 mcx) (V1 ID: 50500, DB ID: 132128)
2025-12-28 11:48:03,562 - DEBUG - Upserted modifier: Patates (4 mcx) (V1 ID: 50501, DB ID: 132129)
2025-12-28 11:48:04,026 - DEBUG - Upserted modifier: Frites (V1 ID: 50502, DB ID: 132130)
2025-12-28 11:48:04,479 - DEBUG - Upserted modifier: Frites au poulet (8 mcx) (V1 ID: 50503, DB ID: 132131)
2025-12-28 11:48:04,922 - DEBUG - Upserted modifier: Bacon en tranches (V1 ID: 50518, DB ID: 132132)
2025-12-28 11:48:05,520 - DEBUG - Upserted modifier: Poulet (V1 ID: 50519, DB ID: 132133)
2025-12-28 11:48:06,145 - DEBUG - Upserted modifier: Fromage extra (V1 ID: 50520, DB ID: 132134)
2025-12-28 11:48:06,785 - DEBUG - Upserted modifier: Champignons frais (V1 ID: 50539, DB ID: 132135)
2025-12-28 11:48:07,724 - DEBUG - Upserted modifier: Poivrons verts (V1 ID: 50540, DB ID: 132136)
2025-12-28 11:48:08,639 - DEBUG - Upserted modifier: Olives vertes (V1 ID: 50541, DB ID: 132137)
2025-12-28 11:48:09,532 - DEBUG - Upserted modifier: Olives noires (V1 ID: 50542, DB ID: 132138)
2025-12-28 11:48:10,439 - DEBUG - Upserted modifier: Piments bananes (V1 ID: 50543, DB ID: 132139)
2025-12-28 11:48:11,387 - DEBUG - Upserted modifier: Oignons rouges (V1 ID: 50544, DB ID: 132140)
2025-12-28 11:48:12,322 - DEBUG - Upserted modifier: Tomates (V1 ID: 50545, DB ID: 132141)
2025-12-28 11:48:13,221 - DEBUG - Upserted modifier: Ananas (V1 ID: 50546, DB ID: 132142)
2025-12-28 11:48:14,122 - DEBUG - Upserted modifier: Brocoli (V1 ID: 50547, DB ID: 132143)
2025-12-28 11:48:15,086 - DEBUG - Upserted modifier: Épinards (V1 ID: 50548, DB ID: 132144)
2025-12-28 11:48:16,093 - DEBUG - Upserted modifier: Piments jalapeno (V1 ID: 50549, DB ID: 132145)
2025-12-28 11:48:16,996 - DEBUG - Upserted modifier: Poivrons rouges rôtis (V1 ID: 50550, DB ID: 132146)
2025-12-28 11:48:17,915 - DEBUG - Upserted modifier: Tomates séchés aux soleil (V1 ID: 50551, DB ID: 132147)
2025-12-28 11:48:18,837 - DEBUG - Upserted modifier: Artichauts (V1 ID: 50552, DB ID: 132148)
2025-12-28 11:48:19,720 - DEBUG - Upserted modifier: Frites (V1 ID: 50553, DB ID: 132149)
2025-12-28 11:48:20,641 - DEBUG - Upserted modifier: Pommes de terres coupé en tranches (V1 ID: 50554, DB ID: 132150)
2025-12-28 11:48:21,562 - DEBUG - Upserted modifier: Pepperoni classique (V1 ID: 50555, DB ID: 132151)
2025-12-28 11:48:22,492 - DEBUG - Upserted modifier: Pepperoni NY (V1 ID: 50556, DB ID: 132152)
2025-12-28 11:48:23,398 - DEBUG - Upserted modifier: Pepperoni Halal (V1 ID: 50557, DB ID: 132153)
2025-12-28 11:48:24,386 - DEBUG - Upserted modifier: Bacon en miettes (V1 ID: 50558, DB ID: 132154)
2025-12-28 11:48:25,284 - DEBUG - Upserted modifier: lanières de bacon (V1 ID: 50559, DB ID: 132155)
2025-12-28 11:48:26,269 - DEBUG - Upserted modifier: Salami (V1 ID: 50560, DB ID: 132156)
2025-12-28 11:48:27,182 - DEBUG - Upserted modifier: Boeuf (V1 ID: 50561, DB ID: 132157)
2025-12-28 11:48:28,084 - DEBUG - Upserted modifier: Boeuf Halal (V1 ID: 50562, DB ID: 132158)
2025-12-28 11:48:28,976 - DEBUG - Upserted modifier: Boulettes de viande (V1 ID: 50563, DB ID: 132159)
2025-12-28 11:48:29,897 - DEBUG - Upserted modifier: Poulet Halal (V1 ID: 50564, DB ID: 132160)
2025-12-28 11:48:30,837 - DEBUG - Upserted modifier: Poulet assaisonné (V1 ID: 50565, DB ID: 132161)
2025-12-28 11:48:31,835 - DEBUG - Upserted modifier: Saucisses Italiennes (V1 ID: 50566, DB ID: 132162)
2025-12-28 11:48:32,742 - DEBUG - Upserted modifier: Viandes fumées (V1 ID: 50567, DB ID: 132163)
2025-12-28 11:48:33,666 - DEBUG - Upserted modifier: Anchois (V1 ID: 50568, DB ID: 132164)
2025-12-28 11:48:34,572 - DEBUG - Upserted modifier: Jambon (V1 ID: 50569, DB ID: 132165)
2025-12-28 11:48:35,474 - DEBUG - Upserted modifier: Lanières de steak (V1 ID: 50570, DB ID: 132166)
2025-12-28 11:48:36,404 - DEBUG - Upserted modifier: Saucisse Chorizo (V1 ID: 50571, DB ID: 132167)
2025-12-28 11:48:37,315 - DEBUG - Upserted modifier: Fromage en grains (V1 ID: 50573, DB ID: 132168)
2025-12-28 11:48:38,239 - DEBUG - Upserted modifier: Extra fromage (V1 ID: 50574, DB ID: 132169)
2025-12-28 11:48:39,181 - DEBUG - Upserted modifier: Feta (V1 ID: 50575, DB ID: 132170)
2025-12-28 11:48:40,204 - DEBUG - Upserted modifier: Fromage végétalien Daiya (V1 ID: 50576, DB ID: 132171)
2025-12-28 11:48:41,179 - DEBUG - Upserted modifier: Hamburgeois (V1 ID: 50586, DB ID: 132172)
2025-12-28 11:48:41,626 - DEBUG - Upserted modifier: Hamburgeois au fromage (V1 ID: 50587, DB ID: 132173)
2025-12-28 11:48:42,083 - DEBUG - Upserted modifier: Hamburgeois au poulet (V1 ID: 50588, DB ID: 132174)
2025-12-28 11:48:42,546 - DEBUG - Upserted modifier: Sous-marin végétarien (V1 ID: 50592, DB ID: 132175)
2025-12-28 11:48:43,014 - DEBUG - Upserted modifier: Sous-marin pizza (V1 ID: 50593, DB ID: 132176)
2025-12-28 11:48:43,488 - DEBUG - Upserted modifier: BLT (V1 ID: 50594, DB ID: 132177)
2025-12-28 11:48:43,939 - DEBUG - Upserted modifier: Bifteck (V1 ID: 50595, DB ID: 132178)
2025-12-28 11:48:44,394 - DEBUG - Upserted modifier: Poulet cajun (V1 ID: 50596, DB ID: 132179)
2025-12-28 11:48:44,855 - DEBUG - Upserted modifier: Poulet cajun bacon (V1 ID: 50597, DB ID: 132180)
2025-12-28 11:48:45,306 - DEBUG - Upserted modifier: Sous-Marin Morceaux de poulet (V1 ID: 50598, DB ID: 132181)
2025-12-28 11:48:45,806 - DEBUG - Upserted modifier: Sous-Marin Morceaux de poulet buffalo (V1 ID: 50599, DB ID: 132182)
2025-12-28 11:48:46,283 - DEBUG - Upserted modifier: Poulet club (V1 ID: 50600, DB ID: 132183)
2025-12-28 11:48:46,764 - DEBUG - Upserted modifier: Hamburgeois HIDE (V1 ID: 53219, DB ID: 132184)
2025-12-28 11:48:47,362 - INFO - Inserted modifier group: Salad Dressings (ID: 2524)
2025-12-28 11:48:47,529 - DEBUG - Upserted modifier: Italienne (V1 ID: 50504, DB ID: 132185)
2025-12-28 11:48:48,057 - DEBUG - Upserted modifier: César (V1 ID: 50505, DB ID: 132186)
2025-12-28 11:48:48,519 - DEBUG - Upserted modifier: Ail crémeuse (V1 ID: 50506, DB ID: 132187)
2025-12-28 11:48:48,966 - DEBUG - Upserted modifier: Grecque (V1 ID: 50507, DB ID: 132188)
2025-12-28 11:48:49,545 - INFO - Inserted modifier group: Extras for Salads (ID: 2525)
2025-12-28 11:48:49,701 - DEBUG - Upserted modifier: Poulet assaisonné (V1 ID: 50508, DB ID: 132189)
2025-12-28 11:48:50,152 - DEBUG - Upserted modifier: Lanières de steak (V1 ID: 50509, DB ID: 132190)
2025-12-28 11:48:50,618 - DEBUG - Upserted modifier: Fromage (V1 ID: 50522, DB ID: 132191)
2025-12-28 11:48:51,076 - DEBUG - Upserted modifier: Bacon en tranches (V1 ID: 50523, DB ID: 132192)
2025-12-28 11:48:51,683 - INFO - Inserted modifier group: Wings Sauces (ID: 2526)
2025-12-28 11:48:51,844 - DEBUG - Upserted modifier: Miel et ail (V1 ID: 50510, DB ID: 132193)
2025-12-28 11:48:52,309 - DEBUG - Upserted modifier: Sauce aux prunes (V1 ID: 50511, DB ID: 132194)
2025-12-28 11:48:52,747 - DEBUG - Upserted modifier: Sauce sucrée au chil (V1 ID: 50512, DB ID: 132195)
2025-12-28 11:48:53,208 - DEBUG - Upserted modifier: BBQ (V1 ID: 50513, DB ID: 132196)
2025-12-28 11:48:53,673 - DEBUG - Upserted modifier: Moyen (V1 ID: 50514, DB ID: 132197)
2025-12-28 11:48:54,137 - DEBUG - Upserted modifier: Forte (V1 ID: 50515, DB ID: 132198)
2025-12-28 11:48:54,589 - DEBUG - Upserted modifier: Très Forte (V1 ID: 50516, DB ID: 132199)
2025-12-28 11:48:55,038 - DEBUG - Upserted modifier: Crémeuse à l’ail (V1 ID: 50524, DB ID: 132200)
2025-12-28 11:48:55,554 - DEBUG - Upserted modifier: Cheddar Chipotle (V1 ID: 50525, DB ID: 132201)
2025-12-28 11:48:56,022 - DEBUG - Upserted modifier: Ranch (V1 ID: 50526, DB ID: 132202)
2025-12-28 11:48:56,493 - DEBUG - Upserted modifier: Ranch et jalapeno (V1 ID: 50527, DB ID: 132203)
2025-12-28 11:48:56,941 - DEBUG - Upserted modifier: Fromage bleu (V1 ID: 50528, DB ID: 132204)
2025-12-28 11:48:57,417 - DEBUG - Upserted modifier: Marinara (V1 ID: 50529, DB ID: 132205)
2025-12-28 11:48:57,869 - DEBUG - Upserted modifier: Sauce forte (V1 ID: 50530, DB ID: 132206)
2025-12-28 11:48:58,331 - DEBUG - Upserted modifier: Sauce douce (V1 ID: 50531, DB ID: 132207)
2025-12-28 11:48:58,797 - DEBUG - Upserted modifier: Sauce ail et miel (V1 ID: 50532, DB ID: 132208)
2025-12-28 11:48:59,252 - DEBUG - Upserted modifier: BBQ (V1 ID: 50533, DB ID: 132209)
2025-12-28 11:48:59,716 - DEBUG - Upserted modifier: Sauce (V1 ID: 50534, DB ID: 132210)
2025-12-28 11:49:00,171 - DEBUG - Upserted modifier: Crème Sure (V1 ID: 50535, DB ID: 132211)
2025-12-28 11:49:00,634 - DEBUG - Upserted modifier: Sauce sucrée au Chili (V1 ID: 50536, DB ID: 132212)
2025-12-28 11:49:01,091 - DEBUG - Upserted modifier: Sauce aux prunes (V1 ID: 50537, DB ID: 132213)
2025-12-28 11:49:01,563 - DEBUG - Upserted modifier: Sauce tartare (V1 ID: 50538, DB ID: 132214)
2025-12-28 11:49:02,170 - INFO - Inserted modifier group: Upgrade to Poutine (ID: 2527)
2025-12-28 11:49:02,319 - DEBUG - Upserted modifier: Poutine Originale (V1 ID: 52038, DB ID: 132215)
2025-12-28 11:49:02,782 - DEBUG - Upserted modifier: Poutine Originale (V1 ID: 50517, DB ID: 132216)
2025-12-28 11:49:03,243 - DEBUG - Upserted modifier: Poutine Originale (V1 ID: 50521, DB ID: 132217)
2025-12-28 11:49:03,900 - INFO - Inserted modifier group: Custom Ing for Poutines (ID: 2528)
2025-12-28 11:49:04,064 - DEBUG - Upserted modifier: Doigts de poulet (2 mcx) (V1 ID: 50496, DB ID: 132218)
2025-12-28 11:49:04,527 - DEBUG - Upserted modifier: Rondelles d’oignons (10 mcx) (V1 ID: 50497, DB ID: 132219)
2025-12-28 11:49:04,982 - DEBUG - Upserted modifier: Bâtonnets de fromage (2 mcx) (V1 ID: 50498, DB ID: 132220)
2025-12-28 11:49:05,472 - DEBUG - Upserted modifier: Bouchées au poulet (4 mcx) (V1 ID: 50499, DB ID: 132221)
2025-12-28 11:49:05,932 - DEBUG - Upserted modifier: Zucchini (6 mcx) (V1 ID: 50500, DB ID: 132222)
2025-12-28 11:49:06,380 - DEBUG - Upserted modifier: Patates (4 mcx) (V1 ID: 50501, DB ID: 132223)
2025-12-28 11:49:06,838 - DEBUG - Upserted modifier: Frites (V1 ID: 50502, DB ID: 132224)
2025-12-28 11:49:07,316 - DEBUG - Upserted modifier: Frites au poulet (8 mcx) (V1 ID: 50503, DB ID: 132225)
2025-12-28 11:49:07,752 - DEBUG - Upserted modifier: Bacon en tranches (V1 ID: 50518, DB ID: 132226)
2025-12-28 11:49:08,404 - DEBUG - Upserted modifier: Poulet (V1 ID: 50519, DB ID: 132227)
2025-12-28 11:49:09,019 - DEBUG - Upserted modifier: Fromage extra (V1 ID: 50520, DB ID: 132228)
2025-12-28 11:49:09,635 - DEBUG - Upserted modifier: Champignons frais (V1 ID: 50539, DB ID: 132229)
2025-12-28 11:49:10,560 - DEBUG - Upserted modifier: Poivrons verts (V1 ID: 50540, DB ID: 132230)
2025-12-28 11:49:11,469 - DEBUG - Upserted modifier: Olives vertes (V1 ID: 50541, DB ID: 132231)
2025-12-28 11:49:12,466 - DEBUG - Upserted modifier: Olives noires (V1 ID: 50542, DB ID: 132232)
2025-12-28 11:49:13,381 - DEBUG - Upserted modifier: Piments bananes (V1 ID: 50543, DB ID: 132233)
2025-12-28 11:49:14,302 - DEBUG - Upserted modifier: Oignons rouges (V1 ID: 50544, DB ID: 132234)
2025-12-28 11:49:15,225 - DEBUG - Upserted modifier: Tomates (V1 ID: 50545, DB ID: 132235)
2025-12-28 11:49:16,175 - DEBUG - Upserted modifier: Ananas (V1 ID: 50546, DB ID: 132236)
2025-12-28 11:49:17,108 - DEBUG - Upserted modifier: Brocoli (V1 ID: 50547, DB ID: 132237)
2025-12-28 11:49:18,044 - DEBUG - Upserted modifier: Épinards (V1 ID: 50548, DB ID: 132238)
2025-12-28 11:49:18,939 - DEBUG - Upserted modifier: Piments jalapeno (V1 ID: 50549, DB ID: 132239)
2025-12-28 11:49:19,924 - DEBUG - Upserted modifier: Poivrons rouges rôtis (V1 ID: 50550, DB ID: 132240)
2025-12-28 11:49:20,842 - DEBUG - Upserted modifier: Tomates séchés aux soleil (V1 ID: 50551, DB ID: 132241)
2025-12-28 11:49:21,741 - DEBUG - Upserted modifier: Artichauts (V1 ID: 50552, DB ID: 132242)
2025-12-28 11:49:22,648 - DEBUG - Upserted modifier: Frites (V1 ID: 50553, DB ID: 132243)
2025-12-28 11:49:23,561 - DEBUG - Upserted modifier: Pommes de terres coupé en tranches (V1 ID: 50554, DB ID: 132244)
2025-12-28 11:49:24,487 - DEBUG - Upserted modifier: Pepperoni classique (V1 ID: 50555, DB ID: 132245)
2025-12-28 11:49:25,431 - DEBUG - Upserted modifier: Pepperoni NY (V1 ID: 50556, DB ID: 132246)
2025-12-28 11:49:26,319 - DEBUG - Upserted modifier: Pepperoni Halal (V1 ID: 50557, DB ID: 132247)
2025-12-28 11:49:27,223 - DEBUG - Upserted modifier: Bacon en miettes (V1 ID: 50558, DB ID: 132248)
2025-12-28 11:49:28,174 - DEBUG - Upserted modifier: lanières de bacon (V1 ID: 50559, DB ID: 132249)
2025-12-28 11:49:29,125 - DEBUG - Upserted modifier: Salami (V1 ID: 50560, DB ID: 132250)
2025-12-28 11:49:30,083 - DEBUG - Upserted modifier: Boeuf (V1 ID: 50561, DB ID: 132251)
2025-12-28 11:49:31,027 - DEBUG - Upserted modifier: Boeuf Halal (V1 ID: 50562, DB ID: 132252)
2025-12-28 11:49:31,952 - DEBUG - Upserted modifier: Boulettes de viande (V1 ID: 50563, DB ID: 132253)
2025-12-28 11:49:32,892 - DEBUG - Upserted modifier: Poulet Halal (V1 ID: 50564, DB ID: 132254)
2025-12-28 11:49:33,842 - DEBUG - Upserted modifier: Poulet assaisonné (V1 ID: 50565, DB ID: 132255)
2025-12-28 11:49:34,762 - DEBUG - Upserted modifier: Saucisses Italiennes (V1 ID: 50566, DB ID: 132256)
2025-12-28 11:49:35,724 - DEBUG - Upserted modifier: Viandes fumées (V1 ID: 50567, DB ID: 132257)
2025-12-28 11:49:36,698 - DEBUG - Upserted modifier: Anchois (V1 ID: 50568, DB ID: 132258)
2025-12-28 11:49:37,621 - DEBUG - Upserted modifier: Jambon (V1 ID: 50569, DB ID: 132259)
2025-12-28 11:49:38,538 - DEBUG - Upserted modifier: Lanières de steak (V1 ID: 50570, DB ID: 132260)
2025-12-28 11:49:39,494 - DEBUG - Upserted modifier: Saucisse Chorizo (V1 ID: 50571, DB ID: 132261)
2025-12-28 11:49:40,451 - DEBUG - Upserted modifier: Fromage en grains (V1 ID: 50573, DB ID: 132262)
2025-12-28 11:49:41,455 - DEBUG - Upserted modifier: Extra fromage (V1 ID: 50574, DB ID: 132263)
2025-12-28 11:49:42,444 - DEBUG - Upserted modifier: Feta (V1 ID: 50575, DB ID: 132264)
2025-12-28 11:49:43,394 - DEBUG - Upserted modifier: Fromage végétalien Daiya (V1 ID: 50576, DB ID: 132265)
2025-12-28 11:49:44,381 - DEBUG - Upserted modifier: Hamburgeois (V1 ID: 50586, DB ID: 132266)
2025-12-28 11:49:44,873 - DEBUG - Upserted modifier: Hamburgeois au fromage (V1 ID: 50587, DB ID: 132267)
2025-12-28 11:49:45,323 - DEBUG - Upserted modifier: Hamburgeois au poulet (V1 ID: 50588, DB ID: 132268)
2025-12-28 11:49:45,776 - DEBUG - Upserted modifier: Sous-marin végétarien (V1 ID: 50592, DB ID: 132269)
2025-12-28 11:49:46,230 - DEBUG - Upserted modifier: Sous-marin pizza (V1 ID: 50593, DB ID: 132270)
2025-12-28 11:49:46,683 - DEBUG - Upserted modifier: BLT (V1 ID: 50594, DB ID: 132271)
2025-12-28 11:49:47,141 - DEBUG - Upserted modifier: Bifteck (V1 ID: 50595, DB ID: 132272)
2025-12-28 11:49:47,600 - DEBUG - Upserted modifier: Poulet cajun (V1 ID: 50596, DB ID: 132273)
2025-12-28 11:49:48,060 - DEBUG - Upserted modifier: Poulet cajun bacon (V1 ID: 50597, DB ID: 132274)
2025-12-28 11:49:48,541 - DEBUG - Upserted modifier: Sous-Marin Morceaux de poulet (V1 ID: 50598, DB ID: 132275)
2025-12-28 11:49:49,012 - DEBUG - Upserted modifier: Sous-Marin Morceaux de poulet buffalo (V1 ID: 50599, DB ID: 132276)
2025-12-28 11:49:49,468 - DEBUG - Upserted modifier: Poulet club (V1 ID: 50600, DB ID: 132277)
2025-12-28 11:49:49,949 - DEBUG - Upserted modifier: Hamburgeois HIDE (V1 ID: 53219, DB ID: 132278)
2025-12-28 11:49:50,589 - INFO - Inserted modifier group: Upgrade to Poutine 5.00 (ID: 2529)
2025-12-28 11:49:50,744 - DEBUG - Upserted modifier: Poutine Originale (V1 ID: 52038, DB ID: 132279)
2025-12-28 11:49:51,356 - DEBUG - Upserted modifier: Poutine Originale (V1 ID: 50517, DB ID: 132280)
2025-12-28 11:49:51,929 - DEBUG - Upserted modifier: Poutine Originale (V1 ID: 50521, DB ID: 132281)
2025-12-28 11:49:52,619 - INFO - Inserted modifier group: Extras for Burgers (ID: 2530)
2025-12-28 11:49:52,781 - DEBUG - Upserted modifier: Poulet assaisonné (V1 ID: 50508, DB ID: 132282)
2025-12-28 11:49:53,265 - DEBUG - Upserted modifier: Lanières de steak (V1 ID: 50509, DB ID: 132283)
2025-12-28 11:49:53,727 - DEBUG - Upserted modifier: Fromage (V1 ID: 50522, DB ID: 132284)
2025-12-28 11:49:54,175 - DEBUG - Upserted modifier: Bacon en tranches (V1 ID: 50523, DB ID: 132285)
2025-12-28 11:49:54,795 - INFO - Inserted modifier group: Crust type (ID: 2531)
2025-12-28 11:49:54,973 - DEBUG - Upserted modifier: Croûte régulière (V1 ID: 50577, DB ID: 132286)
2025-12-28 11:49:55,461 - DEBUG - Upserted modifier: Croûte Sans Gluten (V1 ID: 50578, DB ID: 132287)
2025-12-28 11:49:56,421 - DEBUG - Upserted modifier: Pan Pizza (V1 ID: 50579, DB ID: 132288)
2025-12-28 11:49:57,514 - INFO - Inserted modifier group: Pizza Toppings (ID: 2532)
2025-12-28 11:49:57,681 - DEBUG - Upserted modifier: Doigts de poulet (2 mcx) (V1 ID: 50496, DB ID: 132289)
2025-12-28 11:49:58,192 - DEBUG - Upserted modifier: Rondelles d’oignons (10 mcx) (V1 ID: 50497, DB ID: 132290)
2025-12-28 11:49:58,640 - DEBUG - Upserted modifier: Bâtonnets de fromage (2 mcx) (V1 ID: 50498, DB ID: 132291)
2025-12-28 11:49:59,118 - DEBUG - Upserted modifier: Bouchées au poulet (4 mcx) (V1 ID: 50499, DB ID: 132292)
2025-12-28 11:49:59,665 - DEBUG - Upserted modifier: Zucchini (6 mcx) (V1 ID: 50500, DB ID: 132293)
2025-12-28 11:50:00,144 - DEBUG - Upserted modifier: Patates (4 mcx) (V1 ID: 50501, DB ID: 132294)
2025-12-28 11:50:00,608 - DEBUG - Upserted modifier: Frites (V1 ID: 50502, DB ID: 132295)
2025-12-28 11:50:01,082 - DEBUG - Upserted modifier: Frites au poulet (8 mcx) (V1 ID: 50503, DB ID: 132296)
2025-12-28 11:50:01,530 - DEBUG - Upserted modifier: Bacon en tranches (V1 ID: 50518, DB ID: 132297)
2025-12-28 11:50:02,143 - DEBUG - Upserted modifier: Poulet (V1 ID: 50519, DB ID: 132298)
2025-12-28 11:50:02,799 - DEBUG - Upserted modifier: Fromage extra (V1 ID: 50520, DB ID: 132299)
2025-12-28 11:50:03,412 - DEBUG - Upserted modifier: Champignons frais (V1 ID: 50539, DB ID: 132300)
2025-12-28 11:50:04,352 - DEBUG - Upserted modifier: Poivrons verts (V1 ID: 50540, DB ID: 132301)
2025-12-28 11:50:05,507 - DEBUG - Upserted modifier: Olives vertes (V1 ID: 50541, DB ID: 132302)
2025-12-28 11:50:07,013 - DEBUG - Upserted modifier: Olives noires (V1 ID: 50542, DB ID: 132303)
2025-12-28 11:50:08,652 - DEBUG - Upserted modifier: Piments bananes (V1 ID: 50543, DB ID: 132304)
2025-12-28 11:50:09,765 - DEBUG - Upserted modifier: Oignons rouges (V1 ID: 50544, DB ID: 132305)
2025-12-28 11:50:10,724 - DEBUG - Upserted modifier: Tomates (V1 ID: 50545, DB ID: 132306)
2025-12-28 11:50:11,677 - DEBUG - Upserted modifier: Ananas (V1 ID: 50546, DB ID: 132307)
2025-12-28 11:50:12,592 - DEBUG - Upserted modifier: Brocoli (V1 ID: 50547, DB ID: 132308)
2025-12-28 11:50:13,537 - DEBUG - Upserted modifier: Épinards (V1 ID: 50548, DB ID: 132309)
2025-12-28 11:50:14,490 - DEBUG - Upserted modifier: Piments jalapeno (V1 ID: 50549, DB ID: 132310)
2025-12-28 11:50:15,400 - DEBUG - Upserted modifier: Poivrons rouges rôtis (V1 ID: 50550, DB ID: 132311)
2025-12-28 11:50:16,368 - DEBUG - Upserted modifier: Tomates séchés aux soleil (V1 ID: 50551, DB ID: 132312)
2025-12-28 11:50:17,334 - DEBUG - Upserted modifier: Artichauts (V1 ID: 50552, DB ID: 132313)
2025-12-28 11:50:18,282 - DEBUG - Upserted modifier: Frites (V1 ID: 50553, DB ID: 132314)
2025-12-28 11:50:19,193 - DEBUG - Upserted modifier: Pommes de terres coupé en tranches (V1 ID: 50554, DB ID: 132315)
2025-12-28 11:50:20,125 - DEBUG - Upserted modifier: Pepperoni classique (V1 ID: 50555, DB ID: 132316)
2025-12-28 11:50:21,056 - DEBUG - Upserted modifier: Pepperoni NY (V1 ID: 50556, DB ID: 132317)
2025-12-28 11:50:21,985 - DEBUG - Upserted modifier: Pepperoni Halal (V1 ID: 50557, DB ID: 132318)
2025-12-28 11:50:22,898 - DEBUG - Upserted modifier: Bacon en miettes (V1 ID: 50558, DB ID: 132319)
2025-12-28 11:50:23,904 - DEBUG - Upserted modifier: lanières de bacon (V1 ID: 50559, DB ID: 132320)
2025-12-28 11:50:24,842 - DEBUG - Upserted modifier: Salami (V1 ID: 50560, DB ID: 132321)
2025-12-28 11:50:25,764 - DEBUG - Upserted modifier: Boeuf (V1 ID: 50561, DB ID: 132322)
2025-12-28 11:50:26,673 - DEBUG - Upserted modifier: Boeuf Halal (V1 ID: 50562, DB ID: 132323)
2025-12-28 11:50:27,618 - DEBUG - Upserted modifier: Boulettes de viande (V1 ID: 50563, DB ID: 132324)
2025-12-28 11:50:28,521 - DEBUG - Upserted modifier: Poulet Halal (V1 ID: 50564, DB ID: 132325)
2025-12-28 11:50:29,617 - DEBUG - Upserted modifier: Poulet assaisonné (V1 ID: 50565, DB ID: 132326)
2025-12-28 11:50:30,537 - DEBUG - Upserted modifier: Saucisses Italiennes (V1 ID: 50566, DB ID: 132327)
2025-12-28 11:50:31,505 - DEBUG - Upserted modifier: Viandes fumées (V1 ID: 50567, DB ID: 132328)
2025-12-28 11:50:32,427 - DEBUG - Upserted modifier: Anchois (V1 ID: 50568, DB ID: 132329)
2025-12-28 11:50:33,337 - DEBUG - Upserted modifier: Jambon (V1 ID: 50569, DB ID: 132330)
2025-12-28 11:50:34,260 - DEBUG - Upserted modifier: Lanières de steak (V1 ID: 50570, DB ID: 132331)
2025-12-28 11:50:35,224 - DEBUG - Upserted modifier: Saucisse Chorizo (V1 ID: 50571, DB ID: 132332)
2025-12-28 11:50:36,132 - DEBUG - Upserted modifier: Fromage en grains (V1 ID: 50573, DB ID: 132333)
2025-12-28 11:50:37,088 - DEBUG - Upserted modifier: Extra fromage (V1 ID: 50574, DB ID: 132334)
2025-12-28 11:50:38,079 - DEBUG - Upserted modifier: Feta (V1 ID: 50575, DB ID: 132335)
2025-12-28 11:50:39,117 - DEBUG - Upserted modifier: Fromage végétalien Daiya (V1 ID: 50576, DB ID: 132336)
2025-12-28 11:50:40,053 - DEBUG - Upserted modifier: Hamburgeois (V1 ID: 50586, DB ID: 132337)
2025-12-28 11:50:40,515 - DEBUG - Upserted modifier: Hamburgeois au fromage (V1 ID: 50587, DB ID: 132338)
2025-12-28 11:50:40,996 - DEBUG - Upserted modifier: Hamburgeois au poulet (V1 ID: 50588, DB ID: 132339)
2025-12-28 11:50:41,467 - DEBUG - Upserted modifier: Sous-marin végétarien (V1 ID: 50592, DB ID: 132340)
2025-12-28 11:50:41,920 - DEBUG - Upserted modifier: Sous-marin pizza (V1 ID: 50593, DB ID: 132341)
2025-12-28 11:50:42,389 - DEBUG - Upserted modifier: BLT (V1 ID: 50594, DB ID: 132342)
2025-12-28 11:50:42,867 - DEBUG - Upserted modifier: Bifteck (V1 ID: 50595, DB ID: 132343)
2025-12-28 11:50:43,350 - DEBUG - Upserted modifier: Poulet cajun (V1 ID: 50596, DB ID: 132344)
2025-12-28 11:50:43,814 - DEBUG - Upserted modifier: Poulet cajun bacon (V1 ID: 50597, DB ID: 132345)
2025-12-28 11:50:44,279 - DEBUG - Upserted modifier: Sous-Marin Morceaux de poulet (V1 ID: 50598, DB ID: 132346)
2025-12-28 11:50:44,751 - DEBUG - Upserted modifier: Sous-Marin Morceaux de poulet buffalo (V1 ID: 50599, DB ID: 132347)
2025-12-28 11:50:45,236 - DEBUG - Upserted modifier: Poulet club (V1 ID: 50600, DB ID: 132348)
2025-12-28 11:50:45,697 - DEBUG - Upserted modifier: Hamburgeois HIDE (V1 ID: 53219, DB ID: 132349)
2025-12-28 11:50:46,333 - INFO - Inserted modifier group: Pizza Toppings without Premium (ID: 2533)
2025-12-28 11:50:46,501 - DEBUG - Upserted modifier: Doigts de poulet (2 mcx) (V1 ID: 50496, DB ID: 132350)
2025-12-28 11:50:46,954 - DEBUG - Upserted modifier: Rondelles d’oignons (10 mcx) (V1 ID: 50497, DB ID: 132351)
2025-12-28 11:50:47,424 - DEBUG - Upserted modifier: Bâtonnets de fromage (2 mcx) (V1 ID: 50498, DB ID: 132352)
2025-12-28 11:50:47,880 - DEBUG - Upserted modifier: Bouchées au poulet (4 mcx) (V1 ID: 50499, DB ID: 132353)
2025-12-28 11:50:48,337 - DEBUG - Upserted modifier: Zucchini (6 mcx) (V1 ID: 50500, DB ID: 132354)
2025-12-28 11:50:48,809 - DEBUG - Upserted modifier: Patates (4 mcx) (V1 ID: 50501, DB ID: 132355)
2025-12-28 11:50:49,259 - DEBUG - Upserted modifier: Frites (V1 ID: 50502, DB ID: 132356)
2025-12-28 11:50:49,742 - DEBUG - Upserted modifier: Frites au poulet (8 mcx) (V1 ID: 50503, DB ID: 132357)
2025-12-28 11:50:50,197 - DEBUG - Upserted modifier: Bacon en tranches (V1 ID: 50518, DB ID: 132358)
2025-12-28 11:50:50,808 - DEBUG - Upserted modifier: Poulet (V1 ID: 50519, DB ID: 132359)
2025-12-28 11:50:51,454 - DEBUG - Upserted modifier: Fromage extra (V1 ID: 50520, DB ID: 132360)
2025-12-28 11:50:52,081 - DEBUG - Upserted modifier: Champignons frais (V1 ID: 50539, DB ID: 132361)
2025-12-28 11:50:53,071 - DEBUG - Upserted modifier: Poivrons verts (V1 ID: 50540, DB ID: 132362)
2025-12-28 11:50:54,010 - DEBUG - Upserted modifier: Olives vertes (V1 ID: 50541, DB ID: 132363)
2025-12-28 11:50:54,947 - DEBUG - Upserted modifier: Olives noires (V1 ID: 50542, DB ID: 132364)
2025-12-28 11:50:55,914 - DEBUG - Upserted modifier: Piments bananes (V1 ID: 50543, DB ID: 132365)
2025-12-28 11:50:56,885 - DEBUG - Upserted modifier: Oignons rouges (V1 ID: 50544, DB ID: 132366)
2025-12-28 11:50:57,835 - DEBUG - Upserted modifier: Tomates (V1 ID: 50545, DB ID: 132367)
2025-12-28 11:50:58,815 - DEBUG - Upserted modifier: Ananas (V1 ID: 50546, DB ID: 132368)
2025-12-28 11:50:59,713 - DEBUG - Upserted modifier: Brocoli (V1 ID: 50547, DB ID: 132369)
2025-12-28 11:51:00,670 - DEBUG - Upserted modifier: Épinards (V1 ID: 50548, DB ID: 132370)
2025-12-28 11:51:01,668 - DEBUG - Upserted modifier: Piments jalapeno (V1 ID: 50549, DB ID: 132371)
2025-12-28 11:51:02,625 - DEBUG - Upserted modifier: Poivrons rouges rôtis (V1 ID: 50550, DB ID: 132372)
2025-12-28 11:51:03,575 - DEBUG - Upserted modifier: Tomates séchés aux soleil (V1 ID: 50551, DB ID: 132373)
2025-12-28 11:51:04,637 - DEBUG - Upserted modifier: Artichauts (V1 ID: 50552, DB ID: 132374)
2025-12-28 11:51:05,578 - DEBUG - Upserted modifier: Frites (V1 ID: 50553, DB ID: 132375)
2025-12-28 11:51:06,737 - DEBUG - Upserted modifier: Pommes de terres coupé en tranches (V1 ID: 50554, DB ID: 132376)
2025-12-28 11:51:08,073 - DEBUG - Upserted modifier: Pepperoni classique (V1 ID: 50555, DB ID: 132377)
2025-12-28 11:51:09,220 - DEBUG - Upserted modifier: Pepperoni NY (V1 ID: 50556, DB ID: 132378)
2025-12-28 11:51:10,191 - DEBUG - Upserted modifier: Pepperoni Halal (V1 ID: 50557, DB ID: 132379)
2025-12-28 11:51:11,121 - DEBUG - Upserted modifier: Bacon en miettes (V1 ID: 50558, DB ID: 132380)
2025-12-28 11:51:12,187 - DEBUG - Upserted modifier: lanières de bacon (V1 ID: 50559, DB ID: 132381)
2025-12-28 11:51:13,088 - DEBUG - Upserted modifier: Salami (V1 ID: 50560, DB ID: 132382)
2025-12-28 11:51:14,038 - DEBUG - Upserted modifier: Boeuf (V1 ID: 50561, DB ID: 132383)
2025-12-28 11:51:15,072 - DEBUG - Upserted modifier: Boeuf Halal (V1 ID: 50562, DB ID: 132384)
2025-12-28 11:51:16,052 - DEBUG - Upserted modifier: Boulettes de viande (V1 ID: 50563, DB ID: 132385)
2025-12-28 11:51:17,080 - DEBUG - Upserted modifier: Poulet Halal (V1 ID: 50564, DB ID: 132386)
2025-12-28 11:51:18,101 - DEBUG - Upserted modifier: Poulet assaisonné (V1 ID: 50565, DB ID: 132387)
2025-12-28 11:51:19,065 - DEBUG - Upserted modifier: Saucisses Italiennes (V1 ID: 50566, DB ID: 132388)
2025-12-28 11:51:19,994 - DEBUG - Upserted modifier: Viandes fumées (V1 ID: 50567, DB ID: 132389)
2025-12-28 11:51:20,998 - DEBUG - Upserted modifier: Anchois (V1 ID: 50568, DB ID: 132390)
2025-12-28 11:51:21,927 - DEBUG - Upserted modifier: Jambon (V1 ID: 50569, DB ID: 132391)
2025-12-28 11:51:22,841 - DEBUG - Upserted modifier: Lanières de steak (V1 ID: 50570, DB ID: 132392)
2025-12-28 11:51:23,767 - DEBUG - Upserted modifier: Saucisse Chorizo (V1 ID: 50571, DB ID: 132393)
2025-12-28 11:51:24,671 - DEBUG - Upserted modifier: Fromage en grains (V1 ID: 50573, DB ID: 132394)
2025-12-28 11:51:25,678 - DEBUG - Upserted modifier: Extra fromage (V1 ID: 50574, DB ID: 132395)
2025-12-28 11:51:26,600 - DEBUG - Upserted modifier: Feta (V1 ID: 50575, DB ID: 132396)
2025-12-28 11:51:27,533 - DEBUG - Upserted modifier: Fromage végétalien Daiya (V1 ID: 50576, DB ID: 132397)
2025-12-28 11:51:28,434 - DEBUG - Upserted modifier: Hamburgeois (V1 ID: 50586, DB ID: 132398)
2025-12-28 11:51:28,905 - DEBUG - Upserted modifier: Hamburgeois au fromage (V1 ID: 50587, DB ID: 132399)
2025-12-28 11:51:29,393 - DEBUG - Upserted modifier: Hamburgeois au poulet (V1 ID: 50588, DB ID: 132400)
2025-12-28 11:51:29,845 - DEBUG - Upserted modifier: Sous-marin végétarien (V1 ID: 50592, DB ID: 132401)
2025-12-28 11:51:30,297 - DEBUG - Upserted modifier: Sous-marin pizza (V1 ID: 50593, DB ID: 132402)
2025-12-28 11:51:30,758 - DEBUG - Upserted modifier: BLT (V1 ID: 50594, DB ID: 132403)
2025-12-28 11:51:31,212 - DEBUG - Upserted modifier: Bifteck (V1 ID: 50595, DB ID: 132404)
2025-12-28 11:51:31,694 - DEBUG - Upserted modifier: Poulet cajun (V1 ID: 50596, DB ID: 132405)
2025-12-28 11:51:32,143 - DEBUG - Upserted modifier: Poulet cajun bacon (V1 ID: 50597, DB ID: 132406)
2025-12-28 11:51:32,596 - DEBUG - Upserted modifier: Sous-Marin Morceaux de poulet (V1 ID: 50598, DB ID: 132407)
2025-12-28 11:51:33,087 - DEBUG - Upserted modifier: Sous-Marin Morceaux de poulet buffalo (V1 ID: 50599, DB ID: 132408)
2025-12-28 11:51:33,562 - DEBUG - Upserted modifier: Poulet club (V1 ID: 50600, DB ID: 132409)
2025-12-28 11:51:34,029 - DEBUG - Upserted modifier: Hamburgeois HIDE (V1 ID: 53219, DB ID: 132410)
2025-12-28 11:51:34,658 - INFO - Inserted modifier group: Premium toppings (ID: 2534)
2025-12-28 11:51:34,806 - DEBUG - Upserted modifier: Doigts de poulet (2 mcx) (V1 ID: 50496, DB ID: 132411)
2025-12-28 11:51:35,264 - DEBUG - Upserted modifier: Rondelles d’oignons (10 mcx) (V1 ID: 50497, DB ID: 132412)
2025-12-28 11:51:35,713 - DEBUG - Upserted modifier: Bâtonnets de fromage (2 mcx) (V1 ID: 50498, DB ID: 132413)
2025-12-28 11:51:36,193 - DEBUG - Upserted modifier: Bouchées au poulet (4 mcx) (V1 ID: 50499, DB ID: 132414)
2025-12-28 11:51:36,687 - DEBUG - Upserted modifier: Zucchini (6 mcx) (V1 ID: 50500, DB ID: 132415)
2025-12-28 11:51:37,160 - DEBUG - Upserted modifier: Patates (4 mcx) (V1 ID: 50501, DB ID: 132416)
2025-12-28 11:51:37,609 - DEBUG - Upserted modifier: Frites (V1 ID: 50502, DB ID: 132417)
2025-12-28 11:51:38,056 - DEBUG - Upserted modifier: Frites au poulet (8 mcx) (V1 ID: 50503, DB ID: 132418)
2025-12-28 11:51:38,782 - DEBUG - Upserted modifier: Bacon en tranches (V1 ID: 50518, DB ID: 132419)
2025-12-28 11:51:39,462 - DEBUG - Upserted modifier: Poulet (V1 ID: 50519, DB ID: 132420)
2025-12-28 11:51:40,077 - DEBUG - Upserted modifier: Fromage extra (V1 ID: 50520, DB ID: 132421)
2025-12-28 11:51:40,708 - DEBUG - Upserted modifier: Champignons frais (V1 ID: 50539, DB ID: 132422)
2025-12-28 11:51:41,725 - DEBUG - Upserted modifier: Poivrons verts (V1 ID: 50540, DB ID: 132423)
2025-12-28 11:51:42,639 - DEBUG - Upserted modifier: Olives vertes (V1 ID: 50541, DB ID: 132424)
2025-12-28 11:51:43,677 - DEBUG - Upserted modifier: Olives noires (V1 ID: 50542, DB ID: 132425)
2025-12-28 11:51:44,626 - DEBUG - Upserted modifier: Piments bananes (V1 ID: 50543, DB ID: 132426)
2025-12-28 11:51:45,546 - DEBUG - Upserted modifier: Oignons rouges (V1 ID: 50544, DB ID: 132427)
2025-12-28 11:51:46,478 - DEBUG - Upserted modifier: Tomates (V1 ID: 50545, DB ID: 132428)
2025-12-28 11:51:47,399 - DEBUG - Upserted modifier: Ananas (V1 ID: 50546, DB ID: 132429)
2025-12-28 11:51:48,328 - DEBUG - Upserted modifier: Brocoli (V1 ID: 50547, DB ID: 132430)
2025-12-28 11:51:49,238 - DEBUG - Upserted modifier: Épinards (V1 ID: 50548, DB ID: 132431)
2025-12-28 11:51:50,146 - DEBUG - Upserted modifier: Piments jalapeno (V1 ID: 50549, DB ID: 132432)
2025-12-28 11:51:51,036 - DEBUG - Upserted modifier: Poivrons rouges rôtis (V1 ID: 50550, DB ID: 132433)
2025-12-28 11:51:51,967 - DEBUG - Upserted modifier: Tomates séchés aux soleil (V1 ID: 50551, DB ID: 132434)
2025-12-28 11:51:52,915 - DEBUG - Upserted modifier: Artichauts (V1 ID: 50552, DB ID: 132435)
2025-12-28 11:51:53,907 - DEBUG - Upserted modifier: Frites (V1 ID: 50553, DB ID: 132436)
2025-12-28 11:51:55,095 - DEBUG - Upserted modifier: Pommes de terres coupé en tranches (V1 ID: 50554, DB ID: 132437)
2025-12-28 11:51:56,178 - DEBUG - Upserted modifier: Pepperoni classique (V1 ID: 50555, DB ID: 132438)
2025-12-28 11:51:57,154 - DEBUG - Upserted modifier: Pepperoni NY (V1 ID: 50556, DB ID: 132439)
2025-12-28 11:51:58,084 - DEBUG - Upserted modifier: Pepperoni Halal (V1 ID: 50557, DB ID: 132440)
2025-12-28 11:51:59,053 - DEBUG - Upserted modifier: Bacon en miettes (V1 ID: 50558, DB ID: 132441)
2025-12-28 11:52:00,024 - DEBUG - Upserted modifier: lanières de bacon (V1 ID: 50559, DB ID: 132442)
2025-12-28 11:52:00,949 - DEBUG - Upserted modifier: Salami (V1 ID: 50560, DB ID: 132443)
2025-12-28 11:52:01,898 - DEBUG - Upserted modifier: Boeuf (V1 ID: 50561, DB ID: 132444)
2025-12-28 11:52:03,048 - DEBUG - Upserted modifier: Boeuf Halal (V1 ID: 50562, DB ID: 132445)
2025-12-28 11:52:04,207 - DEBUG - Upserted modifier: Boulettes de viande (V1 ID: 50563, DB ID: 132446)
2025-12-28 11:52:05,173 - DEBUG - Upserted modifier: Poulet Halal (V1 ID: 50564, DB ID: 132447)
2025-12-28 11:52:06,198 - DEBUG - Upserted modifier: Poulet assaisonné (V1 ID: 50565, DB ID: 132448)
2025-12-28 11:52:07,161 - DEBUG - Upserted modifier: Saucisses Italiennes (V1 ID: 50566, DB ID: 132449)
2025-12-28 11:52:08,072 - DEBUG - Upserted modifier: Viandes fumées (V1 ID: 50567, DB ID: 132450)
2025-12-28 11:52:09,000 - DEBUG - Upserted modifier: Anchois (V1 ID: 50568, DB ID: 132451)
2025-12-28 11:52:09,915 - DEBUG - Upserted modifier: Jambon (V1 ID: 50569, DB ID: 132452)
2025-12-28 11:52:10,940 - DEBUG - Upserted modifier: Lanières de steak (V1 ID: 50570, DB ID: 132453)
2025-12-28 11:52:11,874 - DEBUG - Upserted modifier: Saucisse Chorizo (V1 ID: 50571, DB ID: 132454)
2025-12-28 11:52:12,831 - DEBUG - Upserted modifier: Fromage en grains (V1 ID: 50573, DB ID: 132455)
2025-12-28 11:52:13,824 - DEBUG - Upserted modifier: Extra fromage (V1 ID: 50574, DB ID: 132456)
2025-12-28 11:52:14,768 - DEBUG - Upserted modifier: Feta (V1 ID: 50575, DB ID: 132457)
2025-12-28 11:52:15,703 - DEBUG - Upserted modifier: Fromage végétalien Daiya (V1 ID: 50576, DB ID: 132458)
2025-12-28 11:52:16,684 - DEBUG - Upserted modifier: Hamburgeois (V1 ID: 50586, DB ID: 132459)
2025-12-28 11:52:17,138 - DEBUG - Upserted modifier: Hamburgeois au fromage (V1 ID: 50587, DB ID: 132460)
2025-12-28 11:52:17,585 - DEBUG - Upserted modifier: Hamburgeois au poulet (V1 ID: 50588, DB ID: 132461)
2025-12-28 11:52:18,058 - DEBUG - Upserted modifier: Sous-marin végétarien (V1 ID: 50592, DB ID: 132462)
2025-12-28 11:52:18,516 - DEBUG - Upserted modifier: Sous-marin pizza (V1 ID: 50593, DB ID: 132463)
2025-12-28 11:52:18,969 - DEBUG - Upserted modifier: BLT (V1 ID: 50594, DB ID: 132464)
2025-12-28 11:52:19,418 - DEBUG - Upserted modifier: Bifteck (V1 ID: 50595, DB ID: 132465)
2025-12-28 11:52:19,884 - DEBUG - Upserted modifier: Poulet cajun (V1 ID: 50596, DB ID: 132466)
2025-12-28 11:52:20,357 - DEBUG - Upserted modifier: Poulet cajun bacon (V1 ID: 50597, DB ID: 132467)
2025-12-28 11:52:20,840 - DEBUG - Upserted modifier: Sous-Marin Morceaux de poulet (V1 ID: 50598, DB ID: 132468)
2025-12-28 11:52:21,330 - DEBUG - Upserted modifier: Sous-Marin Morceaux de poulet buffalo (V1 ID: 50599, DB ID: 132469)
2025-12-28 11:52:21,808 - DEBUG - Upserted modifier: Poulet club (V1 ID: 50600, DB ID: 132470)
2025-12-28 11:52:22,268 - DEBUG - Upserted modifier: Hamburgeois HIDE (V1 ID: 53219, DB ID: 132471)
2025-12-28 11:52:22,881 - INFO - Inserted modifier group: Dips (ID: 2535)
2025-12-28 11:52:23,041 - DEBUG - Upserted modifier: Miel et ail (V1 ID: 50510, DB ID: 132472)
2025-12-28 11:52:23,498 - DEBUG - Upserted modifier: Sauce aux prunes (V1 ID: 50511, DB ID: 132473)
2025-12-28 11:52:23,983 - DEBUG - Upserted modifier: Sauce sucrée au chil (V1 ID: 50512, DB ID: 132474)
2025-12-28 11:52:24,460 - DEBUG - Upserted modifier: BBQ (V1 ID: 50513, DB ID: 132475)
2025-12-28 11:52:24,922 - DEBUG - Upserted modifier: Moyen (V1 ID: 50514, DB ID: 132476)
2025-12-28 11:52:25,386 - DEBUG - Upserted modifier: Forte (V1 ID: 50515, DB ID: 132477)
2025-12-28 11:52:25,883 - DEBUG - Upserted modifier: Très Forte (V1 ID: 50516, DB ID: 132478)
2025-12-28 11:52:26,378 - DEBUG - Upserted modifier: Crémeuse à l’ail (V1 ID: 50524, DB ID: 132479)
2025-12-28 11:52:26,867 - DEBUG - Upserted modifier: Cheddar Chipotle (V1 ID: 50525, DB ID: 132480)
2025-12-28 11:52:27,303 - DEBUG - Upserted modifier: Ranch (V1 ID: 50526, DB ID: 132481)
2025-12-28 11:52:27,758 - DEBUG - Upserted modifier: Ranch et jalapeno (V1 ID: 50527, DB ID: 132482)
2025-12-28 11:52:28,236 - DEBUG - Upserted modifier: Fromage bleu (V1 ID: 50528, DB ID: 132483)
2025-12-28 11:52:28,690 - DEBUG - Upserted modifier: Marinara (V1 ID: 50529, DB ID: 132484)
2025-12-28 11:52:29,165 - DEBUG - Upserted modifier: Sauce forte (V1 ID: 50530, DB ID: 132485)
2025-12-28 11:52:29,622 - DEBUG - Upserted modifier: Sauce douce (V1 ID: 50531, DB ID: 132486)
2025-12-28 11:52:30,078 - DEBUG - Upserted modifier: Sauce ail et miel (V1 ID: 50532, DB ID: 132487)
2025-12-28 11:52:30,541 - DEBUG - Upserted modifier: BBQ (V1 ID: 50533, DB ID: 132488)
2025-12-28 11:52:30,999 - DEBUG - Upserted modifier: Sauce (V1 ID: 50534, DB ID: 132489)
2025-12-28 11:52:31,452 - DEBUG - Upserted modifier: Crème Sure (V1 ID: 50535, DB ID: 132490)
2025-12-28 11:52:31,909 - DEBUG - Upserted modifier: Sauce sucrée au Chili (V1 ID: 50536, DB ID: 132491)
2025-12-28 11:52:32,370 - DEBUG - Upserted modifier: Sauce aux prunes (V1 ID: 50537, DB ID: 132492)
2025-12-28 11:52:32,847 - DEBUG - Upserted modifier: Sauce tartare (V1 ID: 50538, DB ID: 132493)
2025-12-28 11:52:33,468 - INFO - Inserted modifier group: Drinks Can (ID: 2536)
2025-12-28 11:52:33,616 - DEBUG - Upserted modifier: Pepsi (V1 ID: 50580, DB ID: 132494)
2025-12-28 11:52:34,063 - DEBUG - Upserted modifier: Diet Pepsi (V1 ID: 50581, DB ID: 132495)
2025-12-28 11:52:34,545 - DEBUG - Upserted modifier: 7 Up (V1 ID: 50582, DB ID: 132496)
2025-12-28 11:52:35,021 - DEBUG - Upserted modifier: Fanta (V1 ID: 50583, DB ID: 132497)
2025-12-28 11:52:35,503 - DEBUG - Upserted modifier: Grape Crush (V1 ID: 50584, DB ID: 132498)
2025-12-28 11:52:35,970 - DEBUG - Upserted modifier: Cream Soda Crush (V1 ID: 50585, DB ID: 132499)
2025-12-28 11:52:36,450 - DEBUG - Upserted modifier: Orange Crush (V1 ID: 50589, DB ID: 132500)
2025-12-28 11:52:36,911 - DEBUG - Upserted modifier: Brisk Iced Tea (V1 ID: 50590, DB ID: 132501)
2025-12-28 11:52:37,408 - DEBUG - Upserted modifier: Schweppes Ginger Ale (V1 ID: 50591, DB ID: 132502)
2025-12-28 11:52:38,007 - INFO - Inserted modifier group: 2 Platters (ID: 2537)
2025-12-28 11:52:38,156 - DEBUG - Upserted modifier: Doigts de poulet (2 mcx) (V1 ID: 50496, DB ID: 132503)
2025-12-28 11:52:38,615 - DEBUG - Upserted modifier: Rondelles d’oignons (10 mcx) (V1 ID: 50497, DB ID: 132504)
2025-12-28 11:52:39,070 - DEBUG - Upserted modifier: Bâtonnets de fromage (2 mcx) (V1 ID: 50498, DB ID: 132505)
2025-12-28 11:52:39,530 - DEBUG - Upserted modifier: Bouchées au poulet (4 mcx) (V1 ID: 50499, DB ID: 132506)
2025-12-28 11:52:39,980 - DEBUG - Upserted modifier: Zucchini (6 mcx) (V1 ID: 50500, DB ID: 132507)
2025-12-28 11:52:40,455 - DEBUG - Upserted modifier: Patates (4 mcx) (V1 ID: 50501, DB ID: 132508)
2025-12-28 11:52:40,925 - DEBUG - Upserted modifier: Frites (V1 ID: 50502, DB ID: 132509)
2025-12-28 11:52:41,394 - DEBUG - Upserted modifier: Frites au poulet (8 mcx) (V1 ID: 50503, DB ID: 132510)
2025-12-28 11:52:41,882 - DEBUG - Upserted modifier: Bacon en tranches (V1 ID: 50518, DB ID: 132511)
2025-12-28 11:52:42,518 - DEBUG - Upserted modifier: Poulet (V1 ID: 50519, DB ID: 132512)
2025-12-28 11:52:43,120 - DEBUG - Upserted modifier: Fromage extra (V1 ID: 50520, DB ID: 132513)
2025-12-28 11:52:43,742 - DEBUG - Upserted modifier: Champignons frais (V1 ID: 50539, DB ID: 132514)
2025-12-28 11:52:44,682 - DEBUG - Upserted modifier: Poivrons verts (V1 ID: 50540, DB ID: 132515)
2025-12-28 11:52:45,694 - DEBUG - Upserted modifier: Olives vertes (V1 ID: 50541, DB ID: 132516)
2025-12-28 11:52:46,701 - DEBUG - Upserted modifier: Olives noires (V1 ID: 50542, DB ID: 132517)
2025-12-28 11:52:47,686 - DEBUG - Upserted modifier: Piments bananes (V1 ID: 50543, DB ID: 132518)
2025-12-28 11:52:48,616 - DEBUG - Upserted modifier: Oignons rouges (V1 ID: 50544, DB ID: 132519)
2025-12-28 11:52:49,524 - DEBUG - Upserted modifier: Tomates (V1 ID: 50545, DB ID: 132520)
2025-12-28 11:52:50,451 - DEBUG - Upserted modifier: Ananas (V1 ID: 50546, DB ID: 132521)
2025-12-28 11:52:51,377 - DEBUG - Upserted modifier: Brocoli (V1 ID: 50547, DB ID: 132522)
2025-12-28 11:52:52,326 - DEBUG - Upserted modifier: Épinards (V1 ID: 50548, DB ID: 132523)
2025-12-28 11:52:53,277 - DEBUG - Upserted modifier: Piments jalapeno (V1 ID: 50549, DB ID: 132524)
2025-12-28 11:52:54,220 - DEBUG - Upserted modifier: Poivrons rouges rôtis (V1 ID: 50550, DB ID: 132525)
2025-12-28 11:52:55,141 - DEBUG - Upserted modifier: Tomates séchés aux soleil (V1 ID: 50551, DB ID: 132526)
2025-12-28 11:52:56,049 - DEBUG - Upserted modifier: Artichauts (V1 ID: 50552, DB ID: 132527)
2025-12-28 11:52:57,000 - DEBUG - Upserted modifier: Frites (V1 ID: 50553, DB ID: 132528)
2025-12-28 11:52:57,961 - DEBUG - Upserted modifier: Pommes de terres coupé en tranches (V1 ID: 50554, DB ID: 132529)
2025-12-28 11:52:58,894 - DEBUG - Upserted modifier: Pepperoni classique (V1 ID: 50555, DB ID: 132530)
2025-12-28 11:52:59,817 - DEBUG - Upserted modifier: Pepperoni NY (V1 ID: 50556, DB ID: 132531)
2025-12-28 11:53:00,745 - DEBUG - Upserted modifier: Pepperoni Halal (V1 ID: 50557, DB ID: 132532)
2025-12-28 11:53:01,673 - DEBUG - Upserted modifier: Bacon en miettes (V1 ID: 50558, DB ID: 132533)
2025-12-28 11:53:02,789 - DEBUG - Upserted modifier: lanières de bacon (V1 ID: 50559, DB ID: 132534)
2025-12-28 11:53:03,882 - DEBUG - Upserted modifier: Salami (V1 ID: 50560, DB ID: 132535)
2025-12-28 11:53:05,098 - DEBUG - Upserted modifier: Boeuf (V1 ID: 50561, DB ID: 132536)
2025-12-28 11:53:06,216 - DEBUG - Upserted modifier: Boeuf Halal (V1 ID: 50562, DB ID: 132537)
2025-12-28 11:53:07,165 - DEBUG - Upserted modifier: Boulettes de viande (V1 ID: 50563, DB ID: 132538)
2025-12-28 11:53:08,137 - DEBUG - Upserted modifier: Poulet Halal (V1 ID: 50564, DB ID: 132539)
2025-12-28 11:53:09,083 - DEBUG - Upserted modifier: Poulet assaisonné (V1 ID: 50565, DB ID: 132540)
2025-12-28 11:53:09,997 - DEBUG - Upserted modifier: Saucisses Italiennes (V1 ID: 50566, DB ID: 132541)
2025-12-28 11:53:10,967 - DEBUG - Upserted modifier: Viandes fumées (V1 ID: 50567, DB ID: 132542)
2025-12-28 11:53:12,026 - DEBUG - Upserted modifier: Anchois (V1 ID: 50568, DB ID: 132543)
2025-12-28 11:53:13,010 - DEBUG - Upserted modifier: Jambon (V1 ID: 50569, DB ID: 132544)
2025-12-28 11:53:13,993 - DEBUG - Upserted modifier: Lanières de steak (V1 ID: 50570, DB ID: 132545)
2025-12-28 11:53:14,956 - DEBUG - Upserted modifier: Saucisse Chorizo (V1 ID: 50571, DB ID: 132546)
2025-12-28 11:53:15,874 - DEBUG - Upserted modifier: Fromage en grains (V1 ID: 50573, DB ID: 132547)
2025-12-28 11:53:16,857 - DEBUG - Upserted modifier: Extra fromage (V1 ID: 50574, DB ID: 132548)
2025-12-28 11:53:17,801 - DEBUG - Upserted modifier: Feta (V1 ID: 50575, DB ID: 132549)
2025-12-28 11:53:18,723 - DEBUG - Upserted modifier: Fromage végétalien Daiya (V1 ID: 50576, DB ID: 132550)
2025-12-28 11:53:19,648 - DEBUG - Upserted modifier: Hamburgeois (V1 ID: 50586, DB ID: 132551)
2025-12-28 11:53:20,136 - DEBUG - Upserted modifier: Hamburgeois au fromage (V1 ID: 50587, DB ID: 132552)
2025-12-28 11:53:20,601 - DEBUG - Upserted modifier: Hamburgeois au poulet (V1 ID: 50588, DB ID: 132553)
2025-12-28 11:53:21,166 - DEBUG - Upserted modifier: Sous-marin végétarien (V1 ID: 50592, DB ID: 132554)
2025-12-28 11:53:21,723 - DEBUG - Upserted modifier: Sous-marin pizza (V1 ID: 50593, DB ID: 132555)
2025-12-28 11:53:22,173 - DEBUG - Upserted modifier: BLT (V1 ID: 50594, DB ID: 132556)
2025-12-28 11:53:22,635 - DEBUG - Upserted modifier: Bifteck (V1 ID: 50595, DB ID: 132557)
2025-12-28 11:53:23,095 - DEBUG - Upserted modifier: Poulet cajun (V1 ID: 50596, DB ID: 132558)
2025-12-28 11:53:23,549 - DEBUG - Upserted modifier: Poulet cajun bacon (V1 ID: 50597, DB ID: 132559)
2025-12-28 11:53:24,040 - DEBUG - Upserted modifier: Sous-Marin Morceaux de poulet (V1 ID: 50598, DB ID: 132560)
2025-12-28 11:53:24,520 - DEBUG - Upserted modifier: Sous-Marin Morceaux de poulet buffalo (V1 ID: 50599, DB ID: 132561)
2025-12-28 11:53:24,971 - DEBUG - Upserted modifier: Poulet club (V1 ID: 50600, DB ID: 132562)
2025-12-28 11:53:25,454 - DEBUG - Upserted modifier: Hamburgeois HIDE (V1 ID: 53219, DB ID: 132563)
2025-12-28 11:53:26,067 - INFO - Inserted modifier group: Drinks 2L (ID: 2538)
2025-12-28 11:53:26,236 - DEBUG - Upserted modifier: Pepsi (V1 ID: 50580, DB ID: 132564)
2025-12-28 11:53:26,718 - DEBUG - Upserted modifier: Diet Pepsi (V1 ID: 50581, DB ID: 132565)
2025-12-28 11:53:27,206 - DEBUG - Upserted modifier: 7 Up (V1 ID: 50582, DB ID: 132566)
2025-12-28 11:53:27,672 - DEBUG - Upserted modifier: Fanta (V1 ID: 50583, DB ID: 132567)
2025-12-28 11:53:28,120 - DEBUG - Upserted modifier: Grape Crush (V1 ID: 50584, DB ID: 132568)
2025-12-28 11:53:28,626 - DEBUG - Upserted modifier: Cream Soda Crush (V1 ID: 50585, DB ID: 132569)
2025-12-28 11:53:29,100 - DEBUG - Upserted modifier: Orange Crush (V1 ID: 50589, DB ID: 132570)
2025-12-28 11:53:29,588 - DEBUG - Upserted modifier: Brisk Iced Tea (V1 ID: 50590, DB ID: 132571)
2025-12-28 11:53:30,077 - DEBUG - Upserted modifier: Schweppes Ginger Ale (V1 ID: 50591, DB ID: 132572)
2025-12-28 11:53:30,698 - INFO - Inserted modifier group: Subs Selection (ID: 2539)
2025-12-28 11:53:30,847 - DEBUG - Upserted modifier: Doigts de poulet (2 mcx) (V1 ID: 50496, DB ID: 132573)
2025-12-28 11:53:31,316 - DEBUG - Upserted modifier: Rondelles d’oignons (10 mcx) (V1 ID: 50497, DB ID: 132574)
2025-12-28 11:53:31,772 - DEBUG - Upserted modifier: Bâtonnets de fromage (2 mcx) (V1 ID: 50498, DB ID: 132575)
2025-12-28 11:53:32,286 - DEBUG - Upserted modifier: Bouchées au poulet (4 mcx) (V1 ID: 50499, DB ID: 132576)
2025-12-28 11:53:32,766 - DEBUG - Upserted modifier: Zucchini (6 mcx) (V1 ID: 50500, DB ID: 132577)
2025-12-28 11:53:33,235 - DEBUG - Upserted modifier: Patates (4 mcx) (V1 ID: 50501, DB ID: 132578)
2025-12-28 11:53:33,694 - DEBUG - Upserted modifier: Frites (V1 ID: 50502, DB ID: 132579)
2025-12-28 11:53:34,163 - DEBUG - Upserted modifier: Frites au poulet (8 mcx) (V1 ID: 50503, DB ID: 132580)
2025-12-28 11:53:34,630 - DEBUG - Upserted modifier: Bacon en tranches (V1 ID: 50518, DB ID: 132581)
2025-12-28 11:53:35,243 - DEBUG - Upserted modifier: Poulet (V1 ID: 50519, DB ID: 132582)
2025-12-28 11:53:35,831 - DEBUG - Upserted modifier: Fromage extra (V1 ID: 50520, DB ID: 132583)
2025-12-28 11:53:36,452 - DEBUG - Upserted modifier: Champignons frais (V1 ID: 50539, DB ID: 132584)
2025-12-28 11:53:37,393 - DEBUG - Upserted modifier: Poivrons verts (V1 ID: 50540, DB ID: 132585)
2025-12-28 11:53:38,355 - DEBUG - Upserted modifier: Olives vertes (V1 ID: 50541, DB ID: 132586)
2025-12-28 11:53:39,283 - DEBUG - Upserted modifier: Olives noires (V1 ID: 50542, DB ID: 132587)
2025-12-28 11:53:40,224 - DEBUG - Upserted modifier: Piments bananes (V1 ID: 50543, DB ID: 132588)
2025-12-28 11:53:41,176 - DEBUG - Upserted modifier: Oignons rouges (V1 ID: 50544, DB ID: 132589)
2025-12-28 11:53:42,101 - DEBUG - Upserted modifier: Tomates (V1 ID: 50545, DB ID: 132590)
2025-12-28 11:53:43,023 - DEBUG - Upserted modifier: Ananas (V1 ID: 50546, DB ID: 132591)
2025-12-28 11:53:43,907 - DEBUG - Upserted modifier: Brocoli (V1 ID: 50547, DB ID: 132592)
2025-12-28 11:53:44,776 - DEBUG - Upserted modifier: Épinards (V1 ID: 50548, DB ID: 132593)
2025-12-28 11:53:45,676 - DEBUG - Upserted modifier: Piments jalapeno (V1 ID: 50549, DB ID: 132594)
2025-12-28 11:53:46,583 - DEBUG - Upserted modifier: Poivrons rouges rôtis (V1 ID: 50550, DB ID: 132595)
2025-12-28 11:53:47,520 - DEBUG - Upserted modifier: Tomates séchés aux soleil (V1 ID: 50551, DB ID: 132596)
2025-12-28 11:53:48,445 - DEBUG - Upserted modifier: Artichauts (V1 ID: 50552, DB ID: 132597)
2025-12-28 11:53:49,379 - DEBUG - Upserted modifier: Frites (V1 ID: 50553, DB ID: 132598)
2025-12-28 11:53:50,298 - DEBUG - Upserted modifier: Pommes de terres coupé en tranches (V1 ID: 50554, DB ID: 132599)
2025-12-28 11:53:51,199 - DEBUG - Upserted modifier: Pepperoni classique (V1 ID: 50555, DB ID: 132600)
2025-12-28 11:53:52,144 - DEBUG - Upserted modifier: Pepperoni NY (V1 ID: 50556, DB ID: 132601)
2025-12-28 11:53:53,102 - DEBUG - Upserted modifier: Pepperoni Halal (V1 ID: 50557, DB ID: 132602)
2025-12-28 11:53:53,964 - DEBUG - Upserted modifier: Bacon en miettes (V1 ID: 50558, DB ID: 132603)
2025-12-28 11:53:54,875 - DEBUG - Upserted modifier: lanières de bacon (V1 ID: 50559, DB ID: 132604)
2025-12-28 11:53:55,800 - DEBUG - Upserted modifier: Salami (V1 ID: 50560, DB ID: 132605)
2025-12-28 11:53:56,728 - DEBUG - Upserted modifier: Boeuf (V1 ID: 50561, DB ID: 132606)
2025-12-28 11:53:57,761 - DEBUG - Upserted modifier: Boeuf Halal (V1 ID: 50562, DB ID: 132607)
2025-12-28 11:53:58,679 - DEBUG - Upserted modifier: Boulettes de viande (V1 ID: 50563, DB ID: 132608)
2025-12-28 11:53:59,648 - DEBUG - Upserted modifier: Poulet Halal (V1 ID: 50564, DB ID: 132609)
2025-12-28 11:54:00,550 - DEBUG - Upserted modifier: Poulet assaisonné (V1 ID: 50565, DB ID: 132610)
2025-12-28 11:54:01,514 - DEBUG - Upserted modifier: Saucisses Italiennes (V1 ID: 50566, DB ID: 132611)
2025-12-28 11:54:02,449 - DEBUG - Upserted modifier: Viandes fumées (V1 ID: 50567, DB ID: 132612)
2025-12-28 11:54:03,359 - DEBUG - Upserted modifier: Anchois (V1 ID: 50568, DB ID: 132613)
2025-12-28 11:54:04,262 - DEBUG - Upserted modifier: Jambon (V1 ID: 50569, DB ID: 132614)
2025-12-28 11:54:05,181 - DEBUG - Upserted modifier: Lanières de steak (V1 ID: 50570, DB ID: 132615)
2025-12-28 11:54:06,120 - DEBUG - Upserted modifier: Saucisse Chorizo (V1 ID: 50571, DB ID: 132616)
2025-12-28 11:54:07,075 - DEBUG - Upserted modifier: Fromage en grains (V1 ID: 50573, DB ID: 132617)
2025-12-28 11:54:08,008 - DEBUG - Upserted modifier: Extra fromage (V1 ID: 50574, DB ID: 132618)
2025-12-28 11:54:08,922 - DEBUG - Upserted modifier: Feta (V1 ID: 50575, DB ID: 132619)
2025-12-28 11:54:09,838 - DEBUG - Upserted modifier: Fromage végétalien Daiya (V1 ID: 50576, DB ID: 132620)
2025-12-28 11:54:10,790 - DEBUG - Upserted modifier: Hamburgeois (V1 ID: 50586, DB ID: 132621)
2025-12-28 11:54:11,258 - DEBUG - Upserted modifier: Hamburgeois au fromage (V1 ID: 50587, DB ID: 132622)
2025-12-28 11:54:11,715 - DEBUG - Upserted modifier: Hamburgeois au poulet (V1 ID: 50588, DB ID: 132623)
2025-12-28 11:54:12,175 - DEBUG - Upserted modifier: Sous-marin végétarien (V1 ID: 50592, DB ID: 132624)
2025-12-28 11:54:12,626 - DEBUG - Upserted modifier: Sous-marin pizza (V1 ID: 50593, DB ID: 132625)
2025-12-28 11:54:13,106 - DEBUG - Upserted modifier: BLT (V1 ID: 50594, DB ID: 132626)
2025-12-28 11:54:13,578 - DEBUG - Upserted modifier: Bifteck (V1 ID: 50595, DB ID: 132627)
2025-12-28 11:54:14,027 - DEBUG - Upserted modifier: Poulet cajun (V1 ID: 50596, DB ID: 132628)
2025-12-28 11:54:14,501 - DEBUG - Upserted modifier: Poulet cajun bacon (V1 ID: 50597, DB ID: 132629)
2025-12-28 11:54:14,963 - DEBUG - Upserted modifier: Sous-Marin Morceaux de poulet (V1 ID: 50598, DB ID: 132630)
2025-12-28 11:54:15,409 - DEBUG - Upserted modifier: Sous-Marin Morceaux de poulet buffalo (V1 ID: 50599, DB ID: 132631)
2025-12-28 11:54:15,890 - DEBUG - Upserted modifier: Poulet club (V1 ID: 50600, DB ID: 132632)
2025-12-28 11:54:16,372 - DEBUG - Upserted modifier: Hamburgeois HIDE (V1 ID: 53219, DB ID: 132633)
2025-12-28 11:54:16,698 - INFO -   Done: 17 groups, 510 modifiers, 1314 prices
2025-12-28 11:54:16,700 - INFO - ----------------------------------------
2025-12-28 11:54:16,701 - INFO - [4/20] Processing: Marina Pizza des Flandres
2025-12-28 11:54:16,701 - INFO - Navigating to modifier groups page: https://menuadmin.menu.ca/?p=restaurants&display=editRestaurant&restaurant=838&load=ingredientGroups&showLang=fr
2025-12-28 11:54:17,702 - DEBUG - Expanding all modifier group divs...
2025-12-28 11:54:18,237 - DEBUG - Group 7872: 17 active modifiers
2025-12-28 11:54:18,237 - DEBUG - Group 7873: 3 active modifiers
2025-12-28 11:54:18,237 - DEBUG - Group 7874: 2 active modifiers
2025-12-28 11:54:18,237 - DEBUG - Group 7875: 2 active modifiers
2025-12-28 11:54:18,237 - DEBUG - Group 7876: 13 active modifiers
2025-12-28 11:54:18,238 - DEBUG - Group 7877: 5 active modifiers
2025-12-28 11:54:18,238 - DEBUG - Group 7878: 8 active modifiers
2025-12-28 11:54:18,238 - DEBUG - Group 7879: 4 active modifiers
2025-12-28 11:54:18,238 - DEBUG - Group 7880: 4 active modifiers
2025-12-28 11:54:18,238 - DEBUG - Group 10501: 4 active modifiers
2025-12-28 11:54:18,342 - INFO - Processing modifier group: Pizza Toppings (ID: 7872)
2025-12-28 11:54:19,591 - INFO -   Found 30 modifiers (17 active, 13 inactive)
2025-12-28 11:54:19,612 - INFO - Processing modifier group: Dips (ID: 7873)
2025-12-28 11:54:20,619 - INFO -   Found 19 modifiers (3 active, 16 inactive)
2025-12-28 11:54:20,637 - INFO - Processing modifier group: Subs Sauces (ID: 7874)
2025-12-28 11:54:21,635 - INFO -   Found 19 modifiers (2 active, 17 inactive)
2025-12-28 11:54:21,656 - INFO - Processing modifier group: Viande Fumée Sub Sauces (ID: 7875)
2025-12-28 11:54:22,643 - INFO -   Found 19 modifiers (2 active, 17 inactive)
2025-12-28 11:54:22,661 - INFO - Processing modifier group: Pizza Selection for Combos (ID: 7876)
2025-12-28 11:54:23,978 - INFO -   Found 30 modifiers (13 active, 17 inactive)
2025-12-28 11:54:23,998 - INFO - Processing modifier group: Wings Sauces (ID: 7877)
2025-12-28 11:54:24,894 - INFO -   Found 19 modifiers (5 active, 14 inactive)
2025-12-28 11:54:24,913 - INFO - Processing modifier group: Drinks 591 ml (ID: 7878)
2025-12-28 11:54:25,619 - INFO -   Found 16 modifiers (8 active, 8 inactive)
2025-12-28 11:54:25,638 - INFO - Processing modifier group: Shawarma sauces (ID: 7879)
2025-12-28 11:54:26,582 - INFO -   Found 19 modifiers (4 active, 15 inactive)
2025-12-28 11:54:26,602 - INFO - Processing modifier group: Extra Sauce for Shawarma (ID: 7880)
2025-12-28 11:54:26,755 - INFO -   Found 4 modifiers (4 active, 0 inactive)
2025-12-28 11:54:26,773 - INFO - Processing modifier group: Mini Beignets Dips (ID: 10501)
2025-12-28 11:54:27,715 - INFO -   Found 19 modifiers (4 active, 15 inactive)
2025-12-28 11:54:27,716 - INFO - Total modifier groups extracted: 10
2025-12-28 11:54:28,055 - INFO - Inserted modifier group: Pizza Toppings (ID: 2540)
2025-12-28 11:54:28,219 - DEBUG - Upserted modifier: Pepperoni & Fromage (V1 ID: 35336, DB ID: 132634)
2025-12-28 11:54:28,665 - DEBUG - Upserted modifier: Pepperoni & Bacon (V1 ID: 35337, DB ID: 132635)
2025-12-28 11:54:29,132 - DEBUG - Upserted modifier: POB (V1 ID: 35338, DB ID: 132636)
2025-12-28 11:54:29,606 - DEBUG - Upserted modifier: Garnie (V1 ID: 35339, DB ID: 132637)
2025-12-28 11:54:30,065 - DEBUG - Upserted modifier: Hawaïenne (V1 ID: 35340, DB ID: 132638)
2025-12-28 11:54:30,552 - DEBUG - Upserted modifier: Végétarienne (V1 ID: 35341, DB ID: 132639)
2025-12-28 11:54:31,016 - DEBUG - Upserted modifier: Mexicaine (V1 ID: 35342, DB ID: 132640)
2025-12-28 11:54:31,483 - DEBUG - Upserted modifier: Paco (V1 ID: 35343, DB ID: 132641)
2025-12-28 11:54:31,937 - DEBUG - Upserted modifier: Poulet BBQ (V1 ID: 35344, DB ID: 132642)
2025-12-28 11:54:32,404 - DEBUG - Upserted modifier: Grecque (V1 ID: 35345, DB ID: 132643)
2025-12-28 11:54:32,877 - DEBUG - Upserted modifier: Marina Spéciale (V1 ID: 35346, DB ID: 132644)
2025-12-28 11:54:33,347 - DEBUG - Upserted modifier: Carne (V1 ID: 35347, DB ID: 132645)
2025-12-28 11:54:33,805 - DEBUG - Upserted modifier: Evo (V1 ID: 35348, DB ID: 132646)
2025-12-28 11:54:34,274 - DEBUG - Upserted modifier: Pepperoni (V1 ID: 35316, DB ID: 132647)
2025-12-28 11:54:35,174 - DEBUG - Upserted modifier: Bacon (V1 ID: 35317, DB ID: 132648)
2025-12-28 11:54:36,101 - DEBUG - Upserted modifier: Olives (V1 ID: 35318, DB ID: 132649)
2025-12-28 11:54:36,989 - DEBUG - Upserted modifier: Champignons (V1 ID: 35319, DB ID: 132650)
2025-12-28 11:54:38,042 - DEBUG - Upserted modifier: Piments Verts (V1 ID: 35320, DB ID: 132651)
2025-12-28 11:54:38,941 - DEBUG - Upserted modifier: Jambon (V1 ID: 35321, DB ID: 132652)
2025-12-28 11:54:39,870 - DEBUG - Upserted modifier: Ananas (V1 ID: 35322, DB ID: 132653)
2025-12-28 11:54:40,820 - DEBUG - Upserted modifier: Tomates (V1 ID: 35323, DB ID: 132654)
2025-12-28 11:54:41,832 - DEBUG - Upserted modifier: Oignons (V1 ID: 35324, DB ID: 132655)
2025-12-28 11:54:42,784 - DEBUG - Upserted modifier: Boeuf Haché (V1 ID: 35325, DB ID: 132656)
2025-12-28 11:54:43,690 - DEBUG - Upserted modifier: Piments Forts (V1 ID: 35326, DB ID: 132657)
2025-12-28 11:54:44,603 - DEBUG - Upserted modifier: Saucisse (V1 ID: 35327, DB ID: 132658)
2025-12-28 11:54:45,495 - DEBUG - Upserted modifier: Poulet Marine (V1 ID: 35328, DB ID: 132659)
2025-12-28 11:54:46,410 - DEBUG - Upserted modifier: Oignons Rouges (V1 ID: 35329, DB ID: 132660)
2025-12-28 11:54:47,334 - DEBUG - Upserted modifier: Olives Noires (V1 ID: 35330, DB ID: 132661)
2025-12-28 11:54:48,244 - DEBUG - Upserted modifier: Fromage Feta (V1 ID: 35331, DB ID: 132662)
2025-12-28 11:54:49,205 - DEBUG - Upserted modifier: Fromage (V1 ID: 35332, DB ID: 132663)
2025-12-28 11:54:50,298 - INFO - Inserted modifier group: Dips (ID: 2541)
2025-12-28 11:54:50,439 - DEBUG - Upserted modifier: Trempette Anniversaire (V1 ID: 48142, DB ID: 132664)
2025-12-28 11:54:50,900 - DEBUG - Upserted modifier: Trempettes au Caramel Salé (V1 ID: 48143, DB ID: 132665)
2025-12-28 11:54:51,364 - DEBUG - Upserted modifier: Trempettes Biscuit et Crème (V1 ID: 48144, DB ID: 132666)
2025-12-28 11:54:51,832 - DEBUG - Upserted modifier: Trempettes Chocolat Fudge (V1 ID: 48145, DB ID: 132667)
2025-12-28 11:54:52,321 - DEBUG - Upserted modifier: Mayonnaise (V1 ID: 35333, DB ID: 132668)
2025-12-28 11:54:52,787 - DEBUG - Upserted modifier: Sauce à l'ail (V1 ID: 35334, DB ID: 132669)
2025-12-28 11:54:53,260 - DEBUG - Upserted modifier: Moutard (V1 ID: 35335, DB ID: 132670)
2025-12-28 11:54:53,753 - DEBUG - Upserted modifier: Douce (V1 ID: 35349, DB ID: 132671)
2025-12-28 11:54:54,245 - DEBUG - Upserted modifier: Moyenne (V1 ID: 35350, DB ID: 132672)
2025-12-28 11:54:54,725 - DEBUG - Upserted modifier: Forte (V1 ID: 35351, DB ID: 132673)
2025-12-28 11:54:55,174 - DEBUG - Upserted modifier: Miel et Ail (V1 ID: 35352, DB ID: 132674)
2025-12-28 11:54:55,851 - DEBUG - Upserted modifier: BBQ (V1 ID: 35353, DB ID: 132675)
2025-12-28 11:54:56,408 - DEBUG - Upserted modifier: Hummus (V1 ID: 35365, DB ID: 132676)
2025-12-28 11:54:56,858 - DEBUG - Upserted modifier: Ail épicée (V1 ID: 35366, DB ID: 132677)
2025-12-28 11:54:57,316 - DEBUG - Upserted modifier: Sauce sucrée (V1 ID: 35367, DB ID: 132678)
2025-12-28 11:54:57,795 - DEBUG - Upserted modifier: Ail (V1 ID: 35368, DB ID: 132679)
2025-12-28 11:54:58,251 - DEBUG - Upserted modifier: Ail (V1 ID: 35313, DB ID: 132680)
2025-12-28 11:54:58,710 - DEBUG - Upserted modifier: Ranch (V1 ID: 35314, DB ID: 132681)
2025-12-28 11:54:59,161 - DEBUG - Upserted modifier: Cheddar (V1 ID: 35315, DB ID: 132682)
2025-12-28 11:55:00,039 - INFO - Inserted modifier group: Subs Sauces (ID: 2542)
2025-12-28 11:55:00,187 - DEBUG - Upserted modifier: Trempette Anniversaire (V1 ID: 48142, DB ID: 132683)
2025-12-28 11:55:00,656 - DEBUG - Upserted modifier: Trempettes au Caramel Salé (V1 ID: 48143, DB ID: 132684)
2025-12-28 11:55:01,140 - DEBUG - Upserted modifier: Trempettes Biscuit et Crème (V1 ID: 48144, DB ID: 132685)
2025-12-28 11:55:01,639 - DEBUG - Upserted modifier: Trempettes Chocolat Fudge (V1 ID: 48145, DB ID: 132686)
2025-12-28 11:55:02,123 - DEBUG - Upserted modifier: Mayonnaise (V1 ID: 35333, DB ID: 132687)
2025-12-28 11:55:02,752 - DEBUG - Upserted modifier: Sauce à l'ail (V1 ID: 35334, DB ID: 132688)
2025-12-28 11:55:03,222 - DEBUG - Upserted modifier: Moutard (V1 ID: 35335, DB ID: 132689)
2025-12-28 11:55:03,697 - DEBUG - Upserted modifier: Douce (V1 ID: 35349, DB ID: 132690)
2025-12-28 11:55:04,153 - DEBUG - Upserted modifier: Moyenne (V1 ID: 35350, DB ID: 132691)
2025-12-28 11:55:04,627 - DEBUG - Upserted modifier: Forte (V1 ID: 35351, DB ID: 132692)
2025-12-28 11:55:05,192 - DEBUG - Upserted modifier: Miel et Ail (V1 ID: 35352, DB ID: 132693)
2025-12-28 11:55:05,851 - DEBUG - Upserted modifier: BBQ (V1 ID: 35353, DB ID: 132694)
2025-12-28 11:55:06,291 - DEBUG - Upserted modifier: Hummus (V1 ID: 35365, DB ID: 132695)
2025-12-28 11:55:06,739 - DEBUG - Upserted modifier: Ail épicée (V1 ID: 35366, DB ID: 132696)
2025-12-28 11:55:07,205 - DEBUG - Upserted modifier: Sauce sucrée (V1 ID: 35367, DB ID: 132697)
2025-12-28 11:55:07,671 - DEBUG - Upserted modifier: Ail (V1 ID: 35368, DB ID: 132698)
2025-12-28 11:55:08,133 - DEBUG - Upserted modifier: Ail (V1 ID: 35313, DB ID: 132699)
2025-12-28 11:55:08,580 - DEBUG - Upserted modifier: Ranch (V1 ID: 35314, DB ID: 132700)
2025-12-28 11:55:09,335 - DEBUG - Upserted modifier: Cheddar (V1 ID: 35315, DB ID: 132701)
2025-12-28 11:55:09,984 - INFO - Inserted modifier group: Viande Fumée Sub Sauces (ID: 2543)
2025-12-28 11:55:10,134 - DEBUG - Upserted modifier: Trempette Anniversaire (V1 ID: 48142, DB ID: 132702)
2025-12-28 11:55:10,591 - DEBUG - Upserted modifier: Trempettes au Caramel Salé (V1 ID: 48143, DB ID: 132703)
2025-12-28 11:55:11,067 - DEBUG - Upserted modifier: Trempettes Biscuit et Crème (V1 ID: 48144, DB ID: 132704)
2025-12-28 11:55:11,525 - DEBUG - Upserted modifier: Trempettes Chocolat Fudge (V1 ID: 48145, DB ID: 132705)
2025-12-28 11:55:12,009 - DEBUG - Upserted modifier: Mayonnaise (V1 ID: 35333, DB ID: 132706)
2025-12-28 11:55:12,475 - DEBUG - Upserted modifier: Sauce à l'ail (V1 ID: 35334, DB ID: 132707)
2025-12-28 11:55:12,927 - DEBUG - Upserted modifier: Moutard (V1 ID: 35335, DB ID: 132708)
2025-12-28 11:55:13,370 - DEBUG - Upserted modifier: Douce (V1 ID: 35349, DB ID: 132709)
2025-12-28 11:55:13,848 - DEBUG - Upserted modifier: Moyenne (V1 ID: 35350, DB ID: 132710)
2025-12-28 11:55:14,288 - DEBUG - Upserted modifier: Forte (V1 ID: 35351, DB ID: 132711)
2025-12-28 11:55:14,734 - DEBUG - Upserted modifier: Miel et Ail (V1 ID: 35352, DB ID: 132712)
2025-12-28 11:55:15,200 - DEBUG - Upserted modifier: BBQ (V1 ID: 35353, DB ID: 132713)
2025-12-28 11:55:15,668 - DEBUG - Upserted modifier: Hummus (V1 ID: 35365, DB ID: 132714)
2025-12-28 11:55:16,126 - DEBUG - Upserted modifier: Ail épicée (V1 ID: 35366, DB ID: 132715)
2025-12-28 11:55:16,573 - DEBUG - Upserted modifier: Sauce sucrée (V1 ID: 35367, DB ID: 132716)
2025-12-28 11:55:17,031 - DEBUG - Upserted modifier: Ail (V1 ID: 35368, DB ID: 132717)
2025-12-28 11:55:17,483 - DEBUG - Upserted modifier: Ail (V1 ID: 35313, DB ID: 132718)
2025-12-28 11:55:17,950 - DEBUG - Upserted modifier: Ranch (V1 ID: 35314, DB ID: 132719)
2025-12-28 11:55:18,407 - DEBUG - Upserted modifier: Cheddar (V1 ID: 35315, DB ID: 132720)
2025-12-28 11:55:19,019 - INFO - Inserted modifier group: Pizza Selection for Combos (ID: 2544)
2025-12-28 11:55:19,184 - DEBUG - Upserted modifier: Pepperoni & Fromage (V1 ID: 35336, DB ID: 132721)
2025-12-28 11:55:19,658 - DEBUG - Upserted modifier: Pepperoni & Bacon (V1 ID: 35337, DB ID: 132722)
2025-12-28 11:55:20,098 - DEBUG - Upserted modifier: POB (V1 ID: 35338, DB ID: 132723)
2025-12-28 11:55:20,582 - DEBUG - Upserted modifier: Garnie (V1 ID: 35339, DB ID: 132724)
2025-12-28 11:55:21,071 - DEBUG - Upserted modifier: Hawaïenne (V1 ID: 35340, DB ID: 132725)
2025-12-28 11:55:21,542 - DEBUG - Upserted modifier: Végétarienne (V1 ID: 35341, DB ID: 132726)
2025-12-28 11:55:22,020 - DEBUG - Upserted modifier: Mexicaine (V1 ID: 35342, DB ID: 132727)
2025-12-28 11:55:22,723 - DEBUG - Upserted modifier: Paco (V1 ID: 35343, DB ID: 132728)
2025-12-28 11:55:23,195 - DEBUG - Upserted modifier: Poulet BBQ (V1 ID: 35344, DB ID: 132729)
2025-12-28 11:55:23,659 - DEBUG - Upserted modifier: Grecque (V1 ID: 35345, DB ID: 132730)
2025-12-28 11:55:24,136 - DEBUG - Upserted modifier: Marina Spéciale (V1 ID: 35346, DB ID: 132731)
2025-12-28 11:55:24,604 - DEBUG - Upserted modifier: Carne (V1 ID: 35347, DB ID: 132732)
2025-12-28 11:55:25,299 - DEBUG - Upserted modifier: Evo (V1 ID: 35348, DB ID: 132733)
2025-12-28 11:55:25,813 - DEBUG - Upserted modifier: Pepperoni (V1 ID: 35316, DB ID: 132734)
2025-12-28 11:55:26,734 - DEBUG - Upserted modifier: Bacon (V1 ID: 35317, DB ID: 132735)
2025-12-28 11:55:27,643 - DEBUG - Upserted modifier: Olives (V1 ID: 35318, DB ID: 132736)
2025-12-28 11:55:28,704 - DEBUG - Upserted modifier: Champignons (V1 ID: 35319, DB ID: 132737)
2025-12-28 11:55:29,654 - DEBUG - Upserted modifier: Piments Verts (V1 ID: 35320, DB ID: 132738)
2025-12-28 11:55:30,561 - DEBUG - Upserted modifier: Jambon (V1 ID: 35321, DB ID: 132739)
2025-12-28 11:55:31,510 - DEBUG - Upserted modifier: Ananas (V1 ID: 35322, DB ID: 132740)
2025-12-28 11:55:32,651 - DEBUG - Upserted modifier: Tomates (V1 ID: 35323, DB ID: 132741)
2025-12-28 11:55:33,570 - DEBUG - Upserted modifier: Oignons (V1 ID: 35324, DB ID: 132742)
2025-12-28 11:55:34,491 - DEBUG - Upserted modifier: Boeuf Haché (V1 ID: 35325, DB ID: 132743)
2025-12-28 11:55:35,405 - DEBUG - Upserted modifier: Piments Forts (V1 ID: 35326, DB ID: 132744)
2025-12-28 11:55:36,350 - DEBUG - Upserted modifier: Saucisse (V1 ID: 35327, DB ID: 132745)
2025-12-28 11:55:37,256 - DEBUG - Upserted modifier: Poulet Marine (V1 ID: 35328, DB ID: 132746)
2025-12-28 11:55:38,237 - DEBUG - Upserted modifier: Oignons Rouges (V1 ID: 35329, DB ID: 132747)
2025-12-28 11:55:39,140 - DEBUG - Upserted modifier: Olives Noires (V1 ID: 35330, DB ID: 132748)
2025-12-28 11:55:40,037 - DEBUG - Upserted modifier: Fromage Feta (V1 ID: 35331, DB ID: 132749)
2025-12-28 11:55:40,972 - DEBUG - Upserted modifier: Fromage (V1 ID: 35332, DB ID: 132750)
2025-12-28 11:55:42,054 - INFO - Inserted modifier group: Wings Sauces (ID: 2545)
2025-12-28 11:55:42,213 - DEBUG - Upserted modifier: Trempette Anniversaire (V1 ID: 48142, DB ID: 132751)
2025-12-28 11:55:42,705 - DEBUG - Upserted modifier: Trempettes au Caramel Salé (V1 ID: 48143, DB ID: 132752)
2025-12-28 11:55:43,176 - DEBUG - Upserted modifier: Trempettes Biscuit et Crème (V1 ID: 48144, DB ID: 132753)
2025-12-28 11:55:43,665 - DEBUG - Upserted modifier: Trempettes Chocolat Fudge (V1 ID: 48145, DB ID: 132754)
2025-12-28 11:55:44,132 - DEBUG - Upserted modifier: Mayonnaise (V1 ID: 35333, DB ID: 132755)
2025-12-28 11:55:44,594 - DEBUG - Upserted modifier: Sauce à l'ail (V1 ID: 35334, DB ID: 132756)
2025-12-28 11:55:45,267 - DEBUG - Upserted modifier: Moutard (V1 ID: 35335, DB ID: 132757)
2025-12-28 11:55:45,709 - DEBUG - Upserted modifier: Douce (V1 ID: 35349, DB ID: 132758)
2025-12-28 11:55:46,148 - DEBUG - Upserted modifier: Moyenne (V1 ID: 35350, DB ID: 132759)
2025-12-28 11:55:46,627 - DEBUG - Upserted modifier: Forte (V1 ID: 35351, DB ID: 132760)
2025-12-28 11:55:47,085 - DEBUG - Upserted modifier: Miel et Ail (V1 ID: 35352, DB ID: 132761)
2025-12-28 11:55:47,575 - DEBUG - Upserted modifier: BBQ (V1 ID: 35353, DB ID: 132762)
2025-12-28 11:55:48,085 - DEBUG - Upserted modifier: Hummus (V1 ID: 35365, DB ID: 132763)
2025-12-28 11:55:48,737 - DEBUG - Upserted modifier: Ail épicée (V1 ID: 35366, DB ID: 132764)
2025-12-28 11:55:49,182 - DEBUG - Upserted modifier: Sauce sucrée (V1 ID: 35367, DB ID: 132765)
2025-12-28 11:55:49,645 - DEBUG - Upserted modifier: Ail (V1 ID: 35368, DB ID: 132766)
2025-12-28 11:55:50,111 - DEBUG - Upserted modifier: Ail (V1 ID: 35313, DB ID: 132767)
2025-12-28 11:55:50,602 - DEBUG - Upserted modifier: Ranch (V1 ID: 35314, DB ID: 132768)
2025-12-28 11:55:51,205 - DEBUG - Upserted modifier: Cheddar (V1 ID: 35315, DB ID: 132769)
2025-12-28 11:55:51,834 - INFO - Inserted modifier group: Drinks 591 ml (ID: 2546)
2025-12-28 11:55:51,999 - DEBUG - Upserted modifier: Pepsi HIDE (V1 ID: 45193, DB ID: 132770)
2025-12-28 11:55:52,441 - DEBUG - Upserted modifier: Iced Tea (V1 ID: 45194, DB ID: 132771)
2025-12-28 11:55:52,917 - DEBUG - Upserted modifier: Mountain Dew (V1 ID: 45195, DB ID: 132772)
2025-12-28 11:55:53,358 - DEBUG - Upserted modifier: Juice (V1 ID: 45196, DB ID: 132773)
2025-12-28 11:55:53,830 - DEBUG - Upserted modifier: Perrier (V1 ID: 45197, DB ID: 132774)
2025-12-28 11:55:54,472 - DEBUG - Upserted modifier: Pepsi (V1 ID: 35354, DB ID: 132775)
2025-12-28 11:55:54,911 - DEBUG - Upserted modifier: Diet Pepsi (V1 ID: 35355, DB ID: 132776)
2025-12-28 11:55:55,371 - DEBUG - Upserted modifier: 7 Up (V1 ID: 35356, DB ID: 132777)
2025-12-28 11:55:55,832 - DEBUG - Upserted modifier: Orange Crush (V1 ID: 35357, DB ID: 132778)
2025-12-28 11:55:56,295 - DEBUG - Upserted modifier: Brisk (V1 ID: 35358, DB ID: 132779)
2025-12-28 11:55:56,743 - DEBUG - Upserted modifier: Ginger Ale (V1 ID: 35359, DB ID: 132780)
2025-12-28 11:55:57,202 - DEBUG - Upserted modifier: Cream Soda (V1 ID: 35360, DB ID: 132781)
2025-12-28 11:55:57,651 - DEBUG - Upserted modifier: Orange Juice (V1 ID: 35361, DB ID: 132782)
2025-12-28 11:55:58,107 - DEBUG - Upserted modifier: Root Beer (V1 ID: 35362, DB ID: 132783)
2025-12-28 11:55:58,553 - DEBUG - Upserted modifier: Grape Crush (V1 ID: 35363, DB ID: 132784)
2025-12-28 11:55:58,995 - DEBUG - Upserted modifier: Lemonade (V1 ID: 35364, DB ID: 132785)
2025-12-28 11:55:59,599 - INFO - Inserted modifier group: Shawarma sauces (ID: 2547)
2025-12-28 11:55:59,744 - DEBUG - Upserted modifier: Trempette Anniversaire (V1 ID: 48142, DB ID: 132786)
2025-12-28 11:56:00,204 - DEBUG - Upserted modifier: Trempettes au Caramel Salé (V1 ID: 48143, DB ID: 132787)
2025-12-28 11:56:00,666 - DEBUG - Upserted modifier: Trempettes Biscuit et Crème (V1 ID: 48144, DB ID: 132788)
2025-12-28 11:56:01,168 - DEBUG - Upserted modifier: Trempettes Chocolat Fudge (V1 ID: 48145, DB ID: 132789)
2025-12-28 11:56:01,650 - DEBUG - Upserted modifier: Mayonnaise (V1 ID: 35333, DB ID: 132790)
2025-12-28 11:56:02,136 - DEBUG - Upserted modifier: Sauce à l'ail (V1 ID: 35334, DB ID: 132791)
2025-12-28 11:56:02,678 - DEBUG - Upserted modifier: Moutard (V1 ID: 35335, DB ID: 132792)
2025-12-28 11:56:03,156 - DEBUG - Upserted modifier: Douce (V1 ID: 35349, DB ID: 132793)
2025-12-28 11:56:03,687 - DEBUG - Upserted modifier: Moyenne (V1 ID: 35350, DB ID: 132794)
2025-12-28 11:56:04,212 - DEBUG - Upserted modifier: Forte (V1 ID: 35351, DB ID: 132795)
2025-12-28 11:56:04,672 - DEBUG - Upserted modifier: Miel et Ail (V1 ID: 35352, DB ID: 132796)
2025-12-28 11:56:05,134 - DEBUG - Upserted modifier: BBQ (V1 ID: 35353, DB ID: 132797)
2025-12-28 11:56:05,600 - DEBUG - Upserted modifier: Hummus (V1 ID: 35365, DB ID: 132798)
2025-12-28 11:56:06,075 - DEBUG - Upserted modifier: Ail épicée (V1 ID: 35366, DB ID: 132799)
2025-12-28 11:56:06,537 - DEBUG - Upserted modifier: Sauce sucrée (V1 ID: 35367, DB ID: 132800)
2025-12-28 11:56:07,022 - DEBUG - Upserted modifier: Ail (V1 ID: 35368, DB ID: 132801)
2025-12-28 11:56:07,620 - DEBUG - Upserted modifier: Ail (V1 ID: 35313, DB ID: 132802)
2025-12-28 11:56:08,077 - DEBUG - Upserted modifier: Ranch (V1 ID: 35314, DB ID: 132803)
2025-12-28 11:56:08,523 - DEBUG - Upserted modifier: Cheddar (V1 ID: 35315, DB ID: 132804)
2025-12-28 11:56:09,276 - INFO - Inserted modifier group: Extra Sauce for Shawarma (ID: 2548)
2025-12-28 11:56:09,475 - DEBUG - Upserted modifier: Ail (2oz) (V1 ID: 35369, DB ID: 132805)
2025-12-28 11:56:09,970 - DEBUG - Upserted modifier: Hummus (2oz) (V1 ID: 35370, DB ID: 132806)
2025-12-28 11:56:10,438 - DEBUG - Upserted modifier: Ail épicée (2oz) (V1 ID: 35371, DB ID: 132807)
2025-12-28 11:56:10,957 - DEBUG - Upserted modifier: Sauce sucrée (2oz) (V1 ID: 35372, DB ID: 132808)
2025-12-28 11:56:11,545 - INFO - Inserted modifier group: Mini Beignets Dips (ID: 2549)
2025-12-28 11:56:11,727 - DEBUG - Upserted modifier: Trempette Anniversaire (V1 ID: 48142, DB ID: 132809)
2025-12-28 11:56:12,197 - DEBUG - Upserted modifier: Trempettes au Caramel Salé (V1 ID: 48143, DB ID: 132810)
2025-12-28 11:56:12,642 - DEBUG - Upserted modifier: Trempettes Biscuit et Crème (V1 ID: 48144, DB ID: 132811)
2025-12-28 11:56:13,089 - DEBUG - Upserted modifier: Trempettes Chocolat Fudge (V1 ID: 48145, DB ID: 132812)
2025-12-28 11:56:13,536 - DEBUG - Upserted modifier: Mayonnaise (V1 ID: 35333, DB ID: 132813)
2025-12-28 11:56:14,185 - DEBUG - Upserted modifier: Sauce à l'ail (V1 ID: 35334, DB ID: 132814)
2025-12-28 11:56:14,629 - DEBUG - Upserted modifier: Moutard (V1 ID: 35335, DB ID: 132815)
2025-12-28 11:56:15,095 - DEBUG - Upserted modifier: Douce (V1 ID: 35349, DB ID: 132816)
2025-12-28 11:56:15,569 - DEBUG - Upserted modifier: Moyenne (V1 ID: 35350, DB ID: 132817)
2025-12-28 11:56:16,059 - DEBUG - Upserted modifier: Forte (V1 ID: 35351, DB ID: 132818)
2025-12-28 11:56:16,511 - DEBUG - Upserted modifier: Miel et Ail (V1 ID: 35352, DB ID: 132819)
2025-12-28 11:56:17,121 - DEBUG - Upserted modifier: BBQ (V1 ID: 35353, DB ID: 132820)
2025-12-28 11:56:17,584 - DEBUG - Upserted modifier: Hummus (V1 ID: 35365, DB ID: 132821)
2025-12-28 11:56:18,079 - DEBUG - Upserted modifier: Ail épicée (V1 ID: 35366, DB ID: 132822)
2025-12-28 11:56:18,543 - DEBUG - Upserted modifier: Sauce sucrée (V1 ID: 35367, DB ID: 132823)
2025-12-28 11:56:18,996 - DEBUG - Upserted modifier: Ail (V1 ID: 35368, DB ID: 132824)
2025-12-28 11:56:19,457 - DEBUG - Upserted modifier: Ail (V1 ID: 35313, DB ID: 132825)
2025-12-28 11:56:19,976 - DEBUG - Upserted modifier: Ranch (V1 ID: 35314, DB ID: 132826)
2025-12-28 11:56:20,426 - DEBUG - Upserted modifier: Cheddar (V1 ID: 35315, DB ID: 132827)
2025-12-28 11:56:20,733 - INFO -   Done: 10 groups, 194 modifiers, 296 prices
2025-12-28 11:56:20,734 - INFO - ----------------------------------------
2025-12-28 11:56:20,734 - INFO - [5/20] Processing: Oka's Hull
2025-12-28 11:56:20,734 - INFO - Navigating to modifier groups page: https://menuadmin.menu.ca/?p=restaurants&display=editRestaurant&restaurant=914&load=ingredientGroups&showLang=fr
2025-12-28 11:56:21,607 - DEBUG - Expanding all modifier group divs...
2025-12-28 11:56:22,167 - DEBUG - Group 9057: 1 active modifiers
2025-12-28 11:56:22,167 - DEBUG - Group 9058: 1 active modifiers
2025-12-28 11:56:22,168 - DEBUG - Group 9059: 5 active modifiers
2025-12-28 11:56:22,168 - DEBUG - Group 9060: 2 active modifiers
2025-12-28 11:56:22,168 - DEBUG - Group 9061: 9 active modifiers
2025-12-28 11:56:22,168 - DEBUG - Group 9062: 1 active modifiers
2025-12-28 11:56:22,168 - DEBUG - Group 9075: 4 active modifiers
2025-12-28 11:56:22,168 - DEBUG - Group 9076: 2 active modifiers
2025-12-28 11:56:22,168 - DEBUG - Group 9077: 3 active modifiers
2025-12-28 11:56:22,168 - DEBUG - Group 9078: 25 active modifiers
2025-12-28 11:56:22,169 - DEBUG - Group 9079: 23 active modifiers
2025-12-28 11:56:22,169 - DEBUG - Group 9080: 2 active modifiers
2025-12-28 11:56:22,169 - DEBUG - Group 9081: 4 active modifiers
2025-12-28 11:56:22,169 - DEBUG - Group 9082: 16 active modifiers
2025-12-28 11:56:22,169 - DEBUG - Group 9083: 1 active modifiers
2025-12-28 11:56:22,169 - DEBUG - Group 9084: 1 active modifiers
2025-12-28 11:56:22,268 - INFO - Processing modifier group: Extra Brochette 5.99 (ID: 9057)
2025-12-28 11:56:22,553 - INFO -   Found 5 modifiers (1 active, 4 inactive)
2025-12-28 11:56:22,573 - INFO - Processing modifier group: Extra Brochette 6.99 (ID: 9058)
2025-12-28 11:56:22,849 - INFO -   Found 5 modifiers (1 active, 4 inactive)
2025-12-28 11:56:22,868 - INFO - Processing modifier group: Wraps Sauces (ID: 9059)
2025-12-28 11:56:23,618 - INFO -   Found 15 modifiers (5 active, 10 inactive)
2025-12-28 11:56:23,636 - INFO - Processing modifier group: Side dishes for TRIO (ID: 9060)
2025-12-28 11:56:23,744 - INFO -   Found 2 modifiers (2 active, 0 inactive)
2025-12-28 11:56:23,767 - INFO - Processing modifier group: Drinks can (ID: 9061)
2025-12-28 11:56:24,105 - INFO -   Found 9 modifiers (9 active, 0 inactive)
2025-12-28 11:56:24,126 - INFO - Processing modifier group: Extra Pita 0.75 (ID: 9062)
2025-12-28 11:56:24,398 - INFO -   Found 5 modifiers (1 active, 4 inactive)
2025-12-28 11:56:24,421 - INFO - Processing modifier group: Wings Sauces (ID: 9075)
2025-12-28 11:56:25,158 - INFO -   Found 15 modifiers (4 active, 11 inactive)
2025-12-28 11:56:25,178 - INFO - Processing modifier group: Viande Fumée Sub Sauces (ID: 9076)
2025-12-28 11:56:25,967 - INFO -   Found 15 modifiers (2 active, 13 inactive)
2025-12-28 11:56:25,991 - INFO - Processing modifier group: Crust Type (ID: 9077)
2025-12-28 11:56:26,143 - INFO -   Found 3 modifiers (3 active, 0 inactive)
2025-12-28 11:56:26,164 - INFO - Processing modifier group: Pizza Toppings (ID: 9078)
2025-12-28 11:56:27,950 - INFO -   Found 44 modifiers (25 active, 19 inactive)
2025-12-28 11:56:27,972 - INFO - Processing modifier group: Pizza Toppings without Premium (ID: 9079)
2025-12-28 11:56:29,878 - INFO -   Found 44 modifiers (23 active, 21 inactive)
2025-12-28 11:56:29,899 - INFO - Processing modifier group: Premium Toppings (ID: 9080)
2025-12-28 11:56:32,234 - INFO -   Found 44 modifiers (2 active, 42 inactive)
2025-12-28 11:56:32,285 - INFO - Processing modifier group: Dips (ID: 9081)
2025-12-28 11:56:33,018 - INFO -   Found 15 modifiers (4 active, 11 inactive)
2025-12-28 11:56:33,038 - INFO - Processing modifier group: Pizza Selection (ID: 9082)
2025-12-28 11:56:35,075 - INFO -   Found 44 modifiers (16 active, 28 inactive)
2025-12-28 11:56:35,097 - INFO - Processing modifier group: Subs Extra Cheese (ID: 9083)
2025-12-28 11:56:35,369 - INFO -   Found 5 modifiers (1 active, 4 inactive)
2025-12-28 11:56:35,388 - INFO - Processing modifier group: Extra Cheese for POUTINES (ID: 9084)
2025-12-28 11:56:35,665 - INFO -   Found 5 modifiers (1 active, 4 inactive)
2025-12-28 11:56:35,666 - INFO - Total modifier groups extracted: 16
2025-12-28 11:56:35,974 - INFO - Inserted modifier group: Extra Brochette 5.99 (ID: 2550)
2025-12-28 11:56:36,132 - DEBUG - Upserted modifier: Brochette Extra (V1 ID: 41016, DB ID: 132828)
2025-12-28 11:56:36,724 - DEBUG - Upserted modifier: Brochette Extra (V1 ID: 41017, DB ID: 132829)
2025-12-28 11:56:37,172 - DEBUG - Upserted modifier: Pita (V1 ID: 41027, DB ID: 132830)
2025-12-28 11:56:37,614 - DEBUG - Upserted modifier: Fromage Extra (V1 ID: 41142, DB ID: 132831)
2025-12-28 11:56:38,223 - DEBUG - Upserted modifier: Fromage Extra (V1 ID: 41143, DB ID: 132832)
2025-12-28 11:56:38,823 - INFO - Inserted modifier group: Extra Brochette 6.99 (ID: 2551)
2025-12-28 11:56:38,966 - DEBUG - Upserted modifier: Brochette Extra (V1 ID: 41016, DB ID: 132833)
2025-12-28 11:56:39,422 - DEBUG - Upserted modifier: Brochette Extra (V1 ID: 41017, DB ID: 132834)
2025-12-28 11:56:40,084 - DEBUG - Upserted modifier: Pita (V1 ID: 41027, DB ID: 132835)
2025-12-28 11:56:40,544 - DEBUG - Upserted modifier: Fromage Extra (V1 ID: 41142, DB ID: 132836)
2025-12-28 11:56:41,180 - DEBUG - Upserted modifier: Fromage Extra (V1 ID: 41143, DB ID: 132837)
2025-12-28 11:56:41,823 - INFO - Inserted modifier group: Wraps Sauces (ID: 2552)
2025-12-28 11:56:41,994 - DEBUG - Upserted modifier: Sucrée (V1 ID: 41018, DB ID: 132838)
2025-12-28 11:56:42,462 - DEBUG - Upserted modifier: Mayo (V1 ID: 41019, DB ID: 132839)
2025-12-28 11:56:42,951 - DEBUG - Upserted modifier: Ail (V1 ID: 41020, DB ID: 132840)
2025-12-28 11:56:43,403 - DEBUG - Upserted modifier: Hummus (V1 ID: 41021, DB ID: 132841)
2025-12-28 11:56:43,874 - DEBUG - Upserted modifier: Tzatziki (V1 ID: 41022, DB ID: 132842)
2025-12-28 11:56:44,325 - DEBUG - Upserted modifier: Forte (V1 ID: 41081, DB ID: 132843)
2025-12-28 11:56:44,789 - DEBUG - Upserted modifier: BBQ (V1 ID: 41082, DB ID: 132844)
2025-12-28 11:56:45,240 - DEBUG - Upserted modifier: Miel et Ail (V1 ID: 41083, DB ID: 132845)
2025-12-28 11:56:45,706 - DEBUG - Upserted modifier: Pas de sauce (V1 ID: 41084, DB ID: 132846)
2025-12-28 11:56:46,229 - DEBUG - Upserted modifier: Mayo (V1 ID: 41085, DB ID: 132847)
2025-12-28 11:56:46,694 - DEBUG - Upserted modifier: Moutarde (V1 ID: 41086, DB ID: 132848)
2025-12-28 11:56:47,163 - DEBUG - Upserted modifier: Ail (V1 ID: 41094, DB ID: 132849)
2025-12-28 11:56:47,597 - DEBUG - Upserted modifier: BBQ (V1 ID: 41095, DB ID: 132850)
2025-12-28 11:56:48,074 - DEBUG - Upserted modifier: Miel et Ail (V1 ID: 41096, DB ID: 132851)
2025-12-28 11:56:48,508 - DEBUG - Upserted modifier: Red Hot (V1 ID: 41097, DB ID: 132852)
2025-12-28 11:56:49,109 - INFO - Inserted modifier group: Side dishes for TRIO (ID: 2553)
2025-12-28 11:56:49,267 - DEBUG - Upserted modifier: Frites (V1 ID: 41023, DB ID: 132853)
2025-12-28 11:56:49,743 - DEBUG - Upserted modifier: Patates grecques (V1 ID: 41024, DB ID: 132854)
2025-12-28 11:56:50,405 - INFO - Inserted modifier group: Drinks can (ID: 2554)
2025-12-28 11:56:50,559 - DEBUG - Upserted modifier: Coke (V1 ID: 41025, DB ID: 132855)
2025-12-28 11:56:51,005 - DEBUG - Upserted modifier: Diet Coke (V1 ID: 41026, DB ID: 132856)
2025-12-28 11:56:51,483 - DEBUG - Upserted modifier: Sprite (V1 ID: 41087, DB ID: 132857)
2025-12-28 11:56:51,960 - DEBUG - Upserted modifier: Coke Zero (V1 ID: 41088, DB ID: 132858)
2025-12-28 11:56:52,433 - DEBUG - Upserted modifier: Iced Tea (V1 ID: 41089, DB ID: 132859)
2025-12-28 11:56:52,890 - DEBUG - Upserted modifier: Orange Crush (V1 ID: 41090, DB ID: 132860)
2025-12-28 11:56:53,349 - DEBUG - Upserted modifier: Mug Root Beer (V1 ID: 41091, DB ID: 132861)
2025-12-28 11:56:54,032 - DEBUG - Upserted modifier: Cream Soda (V1 ID: 41092, DB ID: 132862)
2025-12-28 11:56:54,478 - DEBUG - Upserted modifier: Ginger Ale (V1 ID: 41093, DB ID: 132863)
2025-12-28 11:56:55,098 - INFO - Inserted modifier group: Extra Pita 0.75 (ID: 2555)
2025-12-28 11:56:55,259 - DEBUG - Upserted modifier: Brochette Extra (V1 ID: 41016, DB ID: 132864)
2025-12-28 11:56:55,706 - DEBUG - Upserted modifier: Brochette Extra (V1 ID: 41017, DB ID: 132865)
2025-12-28 11:56:56,177 - DEBUG - Upserted modifier: Pita (V1 ID: 41027, DB ID: 132866)
2025-12-28 11:56:56,628 - DEBUG - Upserted modifier: Fromage Extra (V1 ID: 41142, DB ID: 132867)
2025-12-28 11:56:57,496 - DEBUG - Upserted modifier: Fromage Extra (V1 ID: 41143, DB ID: 132868)
2025-12-28 11:56:58,115 - INFO - Inserted modifier group: Wings Sauces (ID: 2556)
2025-12-28 11:56:58,263 - DEBUG - Upserted modifier: Sucrée (V1 ID: 41018, DB ID: 132869)
2025-12-28 11:56:58,755 - DEBUG - Upserted modifier: Mayo (V1 ID: 41019, DB ID: 132870)
2025-12-28 11:56:59,212 - DEBUG - Upserted modifier: Ail (V1 ID: 41020, DB ID: 132871)
2025-12-28 11:56:59,695 - DEBUG - Upserted modifier: Hummus (V1 ID: 41021, DB ID: 132872)
2025-12-28 11:57:00,174 - DEBUG - Upserted modifier: Tzatziki (V1 ID: 41022, DB ID: 132873)
2025-12-28 11:57:00,638 - DEBUG - Upserted modifier: Forte (V1 ID: 41081, DB ID: 132874)
2025-12-28 11:57:01,251 - DEBUG - Upserted modifier: BBQ (V1 ID: 41082, DB ID: 132875)
2025-12-28 11:57:01,715 - DEBUG - Upserted modifier: Miel et Ail (V1 ID: 41083, DB ID: 132876)
2025-12-28 11:57:02,160 - DEBUG - Upserted modifier: Pas de sauce (V1 ID: 41084, DB ID: 132877)
2025-12-28 11:57:02,632 - DEBUG - Upserted modifier: Mayo (V1 ID: 41085, DB ID: 132878)
2025-12-28 11:57:03,088 - DEBUG - Upserted modifier: Moutarde (V1 ID: 41086, DB ID: 132879)
2025-12-28 11:57:03,550 - DEBUG - Upserted modifier: Ail (V1 ID: 41094, DB ID: 132880)
2025-12-28 11:57:04,014 - DEBUG - Upserted modifier: BBQ (V1 ID: 41095, DB ID: 132881)
2025-12-28 11:57:04,578 - DEBUG - Upserted modifier: Miel et Ail (V1 ID: 41096, DB ID: 132882)
2025-12-28 11:57:05,059 - DEBUG - Upserted modifier: Red Hot (V1 ID: 41097, DB ID: 132883)
2025-12-28 11:57:05,688 - INFO - Inserted modifier group: Viande Fumée Sub Sauces (ID: 2557)
2025-12-28 11:57:05,851 - DEBUG - Upserted modifier: Sucrée (V1 ID: 41018, DB ID: 132884)
2025-12-28 11:57:06,309 - DEBUG - Upserted modifier: Mayo (V1 ID: 41019, DB ID: 132885)
2025-12-28 11:57:06,754 - DEBUG - Upserted modifier: Ail (V1 ID: 41020, DB ID: 132886)
2025-12-28 11:57:07,211 - DEBUG - Upserted modifier: Hummus (V1 ID: 41021, DB ID: 132887)
2025-12-28 11:57:07,689 - DEBUG - Upserted modifier: Tzatziki (V1 ID: 41022, DB ID: 132888)
2025-12-28 11:57:08,176 - DEBUG - Upserted modifier: Forte (V1 ID: 41081, DB ID: 132889)
2025-12-28 11:57:08,655 - DEBUG - Upserted modifier: BBQ (V1 ID: 41082, DB ID: 132890)
2025-12-28 11:57:09,126 - DEBUG - Upserted modifier: Miel et Ail (V1 ID: 41083, DB ID: 132891)
2025-12-28 11:57:09,582 - DEBUG - Upserted modifier: Pas de sauce (V1 ID: 41084, DB ID: 132892)
2025-12-28 11:57:10,100 - DEBUG - Upserted modifier: Mayo (V1 ID: 41085, DB ID: 132893)
2025-12-28 11:57:10,563 - DEBUG - Upserted modifier: Moutarde (V1 ID: 41086, DB ID: 132894)
2025-12-28 11:57:11,022 - DEBUG - Upserted modifier: Ail (V1 ID: 41094, DB ID: 132895)
2025-12-28 11:57:11,480 - DEBUG - Upserted modifier: BBQ (V1 ID: 41095, DB ID: 132896)
2025-12-28 11:57:11,954 - DEBUG - Upserted modifier: Miel et Ail (V1 ID: 41096, DB ID: 132897)
2025-12-28 11:57:12,410 - DEBUG - Upserted modifier: Red Hot (V1 ID: 41097, DB ID: 132898)
2025-12-28 11:57:13,051 - INFO - Inserted modifier group: Crust Type (ID: 2558)
2025-12-28 11:57:13,198 - DEBUG - Upserted modifier: Croûte régulière (V1 ID: 41099, DB ID: 132899)
2025-12-28 11:57:13,649 - DEBUG - Upserted modifier: Croûte épaisse (V1 ID: 41098, DB ID: 132900)
2025-12-28 11:57:14,094 - DEBUG - Upserted modifier: Croûte mince (V1 ID: 41100, DB ID: 132901)
2025-12-28 11:57:14,709 - INFO - Inserted modifier group: Pizza Toppings (ID: 2559)
2025-12-28 11:57:14,860 - DEBUG - Upserted modifier: QUATRE SAISON HIDE (V1 ID: 43854, DB ID: 132902)
2025-12-28 11:57:15,333 - DEBUG - Upserted modifier: LA OKA’S (V1 ID: 51537, DB ID: 132903)
2025-12-28 11:57:15,783 - DEBUG - Upserted modifier: Shawarma au boeuf (V1 ID: 51538, DB ID: 132904)
2025-12-28 11:57:16,256 - DEBUG - Upserted modifier: LA SICILIENNE (V1 ID: 41126, DB ID: 132905)
2025-12-28 11:57:16,718 - DEBUG - Upserted modifier: PIZZA PEPPERONI (V1 ID: 41141, DB ID: 132906)
2025-12-28 11:57:17,177 - DEBUG - Upserted modifier: LA HAWAIIENNE (V1 ID: 41127, DB ID: 132907)
2025-12-28 11:57:17,631 - DEBUG - Upserted modifier: LA COMBINAISON (V1 ID: 41128, DB ID: 132908)
2025-12-28 11:57:18,310 - DEBUG - Upserted modifier: LA OPA’S (V1 ID: 41129, DB ID: 132909)
2025-12-28 11:57:18,773 - DEBUG - Upserted modifier: LA CANADIENNE (V1 ID: 41130, DB ID: 132910)
2025-12-28 11:57:19,249 - DEBUG - Upserted modifier: LA CLUB (V1 ID: 41131, DB ID: 132911)
2025-12-28 11:57:19,734 - DEBUG - Upserted modifier: AMATEUR DE VIANDE (V1 ID: 41132, DB ID: 132912)
2025-12-28 11:57:20,223 - DEBUG - Upserted modifier: LA MARINARA (V1 ID: 41133, DB ID: 132913)
2025-12-28 11:57:20,710 - DEBUG - Upserted modifier: LA BRUSCHETTA (V1 ID: 41134, DB ID: 132914)
2025-12-28 11:57:21,376 - DEBUG - Upserted modifier: LA GRECQUE (V1 ID: 41135, DB ID: 132915)
2025-12-28 11:57:21,835 - DEBUG - Upserted modifier: LA VEGETARIENNE (V1 ID: 41136, DB ID: 132916)
2025-12-28 11:57:22,299 - DEBUG - Upserted modifier: LA MEXICALI (V1 ID: 41137, DB ID: 132917)
2025-12-28 11:57:22,767 - DEBUG - Upserted modifier: QUATRE SAISON (V1 ID: 41138, DB ID: 132918)
2025-12-28 11:57:23,225 - DEBUG - Upserted modifier: LA SPECIALITE DU CHEF (V1 ID: 41139, DB ID: 132919)
2025-12-28 11:57:23,695 - DEBUG - Upserted modifier: LA DIANA (V1 ID: 41140, DB ID: 132920)
2025-12-28 11:57:24,343 - DEBUG - Upserted modifier: Jambon (V1 ID: 41101, DB ID: 132921)
2025-12-28 11:57:25,255 - DEBUG - Upserted modifier: Ananas (V1 ID: 41102, DB ID: 132922)
2025-12-28 11:57:26,237 - DEBUG - Upserted modifier: Pepperoni (V1 ID: 41103, DB ID: 132923)
2025-12-28 11:57:27,137 - DEBUG - Upserted modifier: Champignon (V1 ID: 41104, DB ID: 132924)
2025-12-28 11:57:28,302 - DEBUG - Upserted modifier: Poivron Vert (V1 ID: 41105, DB ID: 132925)
2025-12-28 11:57:29,257 - DEBUG - Upserted modifier: Donair au boeuf (V1 ID: 41106, DB ID: 132926)
2025-12-28 11:57:30,164 - DEBUG - Upserted modifier: Oignon rouge (V1 ID: 41107, DB ID: 132927)
2025-12-28 11:57:31,077 - DEBUG - Upserted modifier: Tomates (V1 ID: 41108, DB ID: 132928)
2025-12-28 11:57:32,055 - DEBUG - Upserted modifier: Bacon (V1 ID: 41109, DB ID: 132929)
2025-12-28 11:57:33,013 - DEBUG - Upserted modifier: Poulet (V1 ID: 41110, DB ID: 132930)
2025-12-28 11:57:33,918 - DEBUG - Upserted modifier: Saucisse Italienne (V1 ID: 41111, DB ID: 132931)
2025-12-28 11:57:34,857 - DEBUG - Upserted modifier: Poulet Mariné (V1 ID: 41112, DB ID: 132932)
2025-12-28 11:57:35,779 - DEBUG - Upserted modifier: Poivron Rouge (V1 ID: 41113, DB ID: 132933)
2025-12-28 11:57:36,702 - DEBUG - Upserted modifier: Fromage Parmesan (V1 ID: 41114, DB ID: 132934)
2025-12-28 11:57:37,666 - DEBUG - Upserted modifier: Tomates en Cube (V1 ID: 41115, DB ID: 132935)
2025-12-28 11:57:38,603 - DEBUG - Upserted modifier: Oignon Vert (V1 ID: 41116, DB ID: 132936)
2025-12-28 11:57:39,554 - DEBUG - Upserted modifier: Olives Noires (V1 ID: 41118, DB ID: 132937)
2025-12-28 11:57:40,489 - DEBUG - Upserted modifier: Oignon (V1 ID: 41119, DB ID: 132938)
2025-12-28 11:57:41,448 - DEBUG - Upserted modifier: Olive Vert (V1 ID: 41120, DB ID: 132939)
2025-12-28 11:57:42,379 - DEBUG - Upserted modifier: Piment Jalapeno (V1 ID: 41121, DB ID: 132940)
2025-12-28 11:57:43,296 - DEBUG - Upserted modifier: Courgette Grillée (V1 ID: 41122, DB ID: 132941)
2025-12-28 11:57:44,220 - DEBUG - Upserted modifier: Brocoli (V1 ID: 41123, DB ID: 132942)
2025-12-28 11:57:45,133 - DEBUG - Upserted modifier: Tomate Séchée (V1 ID: 41124, DB ID: 132943)
2025-12-28 11:57:46,109 - DEBUG - Upserted modifier: Fromage Feta (V1 ID: 41117, DB ID: 132944)
2025-12-28 11:57:47,046 - DEBUG - Upserted modifier: Fromage Extra (V1 ID: 41125, DB ID: 132945)
2025-12-28 11:57:48,118 - INFO - Inserted modifier group: Pizza Toppings without Premium (ID: 2560)
2025-12-28 11:57:48,277 - DEBUG - Upserted modifier: QUATRE SAISON HIDE (V1 ID: 43854, DB ID: 132946)
2025-12-28 11:57:48,721 - DEBUG - Upserted modifier: LA OKA’S (V1 ID: 51537, DB ID: 132947)
2025-12-28 11:57:49,197 - DEBUG - Upserted modifier: Shawarma au boeuf (V1 ID: 51538, DB ID: 132948)
2025-12-28 11:57:49,671 - DEBUG - Upserted modifier: LA SICILIENNE (V1 ID: 41126, DB ID: 132949)
2025-12-28 11:57:50,165 - DEBUG - Upserted modifier: PIZZA PEPPERONI (V1 ID: 41141, DB ID: 132950)
2025-12-28 11:57:50,625 - DEBUG - Upserted modifier: LA HAWAIIENNE (V1 ID: 41127, DB ID: 132951)
2025-12-28 11:57:51,081 - DEBUG - Upserted modifier: LA COMBINAISON (V1 ID: 41128, DB ID: 132952)
2025-12-28 11:57:51,537 - DEBUG - Upserted modifier: LA OPA’S (V1 ID: 41129, DB ID: 132953)
2025-12-28 11:57:51,976 - DEBUG - Upserted modifier: LA CANADIENNE (V1 ID: 41130, DB ID: 132954)
2025-12-28 11:57:52,430 - DEBUG - Upserted modifier: LA CLUB (V1 ID: 41131, DB ID: 132955)
2025-12-28 11:57:52,885 - DEBUG - Upserted modifier: AMATEUR DE VIANDE (V1 ID: 41132, DB ID: 132956)
2025-12-28 11:57:53,333 - DEBUG - Upserted modifier: LA MARINARA (V1 ID: 41133, DB ID: 132957)
2025-12-28 11:57:53,806 - DEBUG - Upserted modifier: LA BRUSCHETTA (V1 ID: 41134, DB ID: 132958)
2025-12-28 11:57:54,278 - DEBUG - Upserted modifier: LA GRECQUE (V1 ID: 41135, DB ID: 132959)
2025-12-28 11:57:54,721 - DEBUG - Upserted modifier: LA VEGETARIENNE (V1 ID: 41136, DB ID: 132960)
2025-12-28 11:57:55,172 - DEBUG - Upserted modifier: LA MEXICALI (V1 ID: 41137, DB ID: 132961)
2025-12-28 11:57:55,609 - DEBUG - Upserted modifier: QUATRE SAISON (V1 ID: 41138, DB ID: 132962)
2025-12-28 11:57:56,088 - DEBUG - Upserted modifier: LA SPECIALITE DU CHEF (V1 ID: 41139, DB ID: 132963)
2025-12-28 11:57:56,607 - DEBUG - Upserted modifier: LA DIANA (V1 ID: 41140, DB ID: 132964)
2025-12-28 11:57:57,079 - DEBUG - Upserted modifier: Jambon (V1 ID: 41101, DB ID: 132965)
2025-12-28 11:57:58,043 - DEBUG - Upserted modifier: Ananas (V1 ID: 41102, DB ID: 132966)
2025-12-28 11:57:58,983 - DEBUG - Upserted modifier: Pepperoni (V1 ID: 41103, DB ID: 132967)
2025-12-28 11:57:59,970 - DEBUG - Upserted modifier: Champignon (V1 ID: 41104, DB ID: 132968)
2025-12-28 11:58:00,865 - DEBUG - Upserted modifier: Poivron Vert (V1 ID: 41105, DB ID: 132969)
2025-12-28 11:58:01,822 - DEBUG - Upserted modifier: Donair au boeuf (V1 ID: 41106, DB ID: 132970)
2025-12-28 11:58:02,737 - DEBUG - Upserted modifier: Oignon rouge (V1 ID: 41107, DB ID: 132971)
2025-12-28 11:58:03,669 - DEBUG - Upserted modifier: Tomates (V1 ID: 41108, DB ID: 132972)
2025-12-28 11:58:04,623 - DEBUG - Upserted modifier: Bacon (V1 ID: 41109, DB ID: 132973)
2025-12-28 11:58:05,613 - DEBUG - Upserted modifier: Poulet (V1 ID: 41110, DB ID: 132974)
2025-12-28 11:58:06,587 - DEBUG - Upserted modifier: Saucisse Italienne (V1 ID: 41111, DB ID: 132975)
2025-12-28 11:58:07,540 - DEBUG - Upserted modifier: Poulet Mariné (V1 ID: 41112, DB ID: 132976)
2025-12-28 11:58:08,492 - DEBUG - Upserted modifier: Poivron Rouge (V1 ID: 41113, DB ID: 132977)
2025-12-28 11:58:09,465 - DEBUG - Upserted modifier: Fromage Parmesan (V1 ID: 41114, DB ID: 132978)
2025-12-28 11:58:10,428 - DEBUG - Upserted modifier: Tomates en Cube (V1 ID: 41115, DB ID: 132979)
2025-12-28 11:58:11,346 - DEBUG - Upserted modifier: Oignon Vert (V1 ID: 41116, DB ID: 132980)
2025-12-28 11:58:12,277 - DEBUG - Upserted modifier: Olives Noires (V1 ID: 41118, DB ID: 132981)
2025-12-28 11:58:13,198 - DEBUG - Upserted modifier: Oignon (V1 ID: 41119, DB ID: 132982)
2025-12-28 11:58:14,192 - DEBUG - Upserted modifier: Olive Vert (V1 ID: 41120, DB ID: 132983)
2025-12-28 11:58:15,132 - DEBUG - Upserted modifier: Piment Jalapeno (V1 ID: 41121, DB ID: 132984)
2025-12-28 11:58:16,091 - DEBUG - Upserted modifier: Courgette Grillée (V1 ID: 41122, DB ID: 132985)
2025-12-28 11:58:17,041 - DEBUG - Upserted modifier: Brocoli (V1 ID: 41123, DB ID: 132986)
2025-12-28 11:58:17,978 - DEBUG - Upserted modifier: Tomate Séchée (V1 ID: 41124, DB ID: 132987)
2025-12-28 11:58:18,905 - DEBUG - Upserted modifier: Fromage Feta (V1 ID: 41117, DB ID: 132988)
2025-12-28 11:58:19,863 - DEBUG - Upserted modifier: Fromage Extra (V1 ID: 41125, DB ID: 132989)
2025-12-28 11:58:20,962 - INFO - Inserted modifier group: Premium Toppings (ID: 2561)
2025-12-28 11:58:21,111 - DEBUG - Upserted modifier: QUATRE SAISON HIDE (V1 ID: 43854, DB ID: 132990)
2025-12-28 11:58:21,601 - DEBUG - Upserted modifier: LA OKA’S (V1 ID: 51537, DB ID: 132991)
2025-12-28 11:58:22,157 - DEBUG - Upserted modifier: Shawarma au boeuf (V1 ID: 51538, DB ID: 132992)
2025-12-28 11:58:22,637 - DEBUG - Upserted modifier: LA SICILIENNE (V1 ID: 41126, DB ID: 132993)
2025-12-28 11:58:23,107 - DEBUG - Upserted modifier: PIZZA PEPPERONI (V1 ID: 41141, DB ID: 132994)
2025-12-28 11:58:23,558 - DEBUG - Upserted modifier: LA HAWAIIENNE (V1 ID: 41127, DB ID: 132995)
2025-12-28 11:58:24,028 - DEBUG - Upserted modifier: LA COMBINAISON (V1 ID: 41128, DB ID: 132996)
2025-12-28 11:58:24,468 - DEBUG - Upserted modifier: LA OPA’S (V1 ID: 41129, DB ID: 132997)
2025-12-28 11:58:24,919 - DEBUG - Upserted modifier: LA CANADIENNE (V1 ID: 41130, DB ID: 132998)
2025-12-28 11:58:25,396 - DEBUG - Upserted modifier: LA CLUB (V1 ID: 41131, DB ID: 132999)
2025-12-28 11:58:25,845 - DEBUG - Upserted modifier: AMATEUR DE VIANDE (V1 ID: 41132, DB ID: 133000)
2025-12-28 11:58:26,311 - DEBUG - Upserted modifier: LA MARINARA (V1 ID: 41133, DB ID: 133001)
2025-12-28 11:58:26,752 - DEBUG - Upserted modifier: LA BRUSCHETTA (V1 ID: 41134, DB ID: 133002)
2025-12-28 11:58:27,238 - DEBUG - Upserted modifier: LA GRECQUE (V1 ID: 41135, DB ID: 133003)
2025-12-28 11:58:27,700 - DEBUG - Upserted modifier: LA VEGETARIENNE (V1 ID: 41136, DB ID: 133004)
2025-12-28 11:58:28,186 - DEBUG - Upserted modifier: LA MEXICALI (V1 ID: 41137, DB ID: 133005)
2025-12-28 11:58:28,629 - DEBUG - Upserted modifier: QUATRE SAISON (V1 ID: 41138, DB ID: 133006)
2025-12-28 11:58:29,177 - DEBUG - Upserted modifier: LA SPECIALITE DU CHEF (V1 ID: 41139, DB ID: 133007)
2025-12-28 11:58:29,639 - DEBUG - Upserted modifier: LA DIANA (V1 ID: 41140, DB ID: 133008)
2025-12-28 11:58:30,098 - DEBUG - Upserted modifier: Jambon (V1 ID: 41101, DB ID: 133009)
2025-12-28 11:58:31,043 - DEBUG - Upserted modifier: Ananas (V1 ID: 41102, DB ID: 133010)
2025-12-28 11:58:31,993 - DEBUG - Upserted modifier: Pepperoni (V1 ID: 41103, DB ID: 133011)
2025-12-28 11:58:33,059 - DEBUG - Upserted modifier: Champignon (V1 ID: 41104, DB ID: 133012)
2025-12-28 11:58:34,011 - DEBUG - Upserted modifier: Poivron Vert (V1 ID: 41105, DB ID: 133013)
2025-12-28 11:58:34,945 - DEBUG - Upserted modifier: Donair au boeuf (V1 ID: 41106, DB ID: 133014)
2025-12-28 11:58:35,849 - DEBUG - Upserted modifier: Oignon rouge (V1 ID: 41107, DB ID: 133015)
2025-12-28 11:58:36,783 - DEBUG - Upserted modifier: Tomates (V1 ID: 41108, DB ID: 133016)
2025-12-28 11:58:37,705 - DEBUG - Upserted modifier: Bacon (V1 ID: 41109, DB ID: 133017)
2025-12-28 11:58:38,626 - DEBUG - Upserted modifier: Poulet (V1 ID: 41110, DB ID: 133018)
2025-12-28 11:58:39,541 - DEBUG - Upserted modifier: Saucisse Italienne (V1 ID: 41111, DB ID: 133019)
2025-12-28 11:58:40,495 - DEBUG - Upserted modifier: Poulet Mariné (V1 ID: 41112, DB ID: 133020)
2025-12-28 11:58:41,388 - DEBUG - Upserted modifier: Poivron Rouge (V1 ID: 41113, DB ID: 133021)
2025-12-28 11:58:42,314 - DEBUG - Upserted modifier: Fromage Parmesan (V1 ID: 41114, DB ID: 133022)
2025-12-28 11:58:43,281 - DEBUG - Upserted modifier: Tomates en Cube (V1 ID: 41115, DB ID: 133023)
2025-12-28 11:58:44,294 - DEBUG - Upserted modifier: Oignon Vert (V1 ID: 41116, DB ID: 133024)
2025-12-28 11:58:45,286 - DEBUG - Upserted modifier: Olives Noires (V1 ID: 41118, DB ID: 133025)
2025-12-28 11:58:46,249 - DEBUG - Upserted modifier: Oignon (V1 ID: 41119, DB ID: 133026)
2025-12-28 11:58:47,169 - DEBUG - Upserted modifier: Olive Vert (V1 ID: 41120, DB ID: 133027)
2025-12-28 11:58:48,112 - DEBUG - Upserted modifier: Piment Jalapeno (V1 ID: 41121, DB ID: 133028)
2025-12-28 11:58:49,050 - DEBUG - Upserted modifier: Courgette Grillée (V1 ID: 41122, DB ID: 133029)
2025-12-28 11:58:49,960 - DEBUG - Upserted modifier: Brocoli (V1 ID: 41123, DB ID: 133030)
2025-12-28 11:58:50,876 - DEBUG - Upserted modifier: Tomate Séchée (V1 ID: 41124, DB ID: 133031)
2025-12-28 11:58:51,819 - DEBUG - Upserted modifier: Fromage Feta (V1 ID: 41117, DB ID: 133032)
2025-12-28 11:58:52,743 - DEBUG - Upserted modifier: Fromage Extra (V1 ID: 41125, DB ID: 133033)
2025-12-28 11:58:53,838 - INFO - Inserted modifier group: Dips (ID: 2562)
2025-12-28 11:58:53,985 - DEBUG - Upserted modifier: Sucrée (V1 ID: 41018, DB ID: 133034)
2025-12-28 11:58:54,425 - DEBUG - Upserted modifier: Mayo (V1 ID: 41019, DB ID: 133035)
2025-12-28 11:58:54,871 - DEBUG - Upserted modifier: Ail (V1 ID: 41020, DB ID: 133036)
2025-12-28 11:58:55,350 - DEBUG - Upserted modifier: Hummus (V1 ID: 41021, DB ID: 133037)
2025-12-28 11:58:55,809 - DEBUG - Upserted modifier: Tzatziki (V1 ID: 41022, DB ID: 133038)
2025-12-28 11:58:56,274 - DEBUG - Upserted modifier: Forte (V1 ID: 41081, DB ID: 133039)
2025-12-28 11:58:56,729 - DEBUG - Upserted modifier: BBQ (V1 ID: 41082, DB ID: 133040)
2025-12-28 11:58:57,192 - DEBUG - Upserted modifier: Miel et Ail (V1 ID: 41083, DB ID: 133041)
2025-12-28 11:58:57,651 - DEBUG - Upserted modifier: Pas de sauce (V1 ID: 41084, DB ID: 133042)
2025-12-28 11:58:58,112 - DEBUG - Upserted modifier: Mayo (V1 ID: 41085, DB ID: 133043)
2025-12-28 11:58:58,588 - DEBUG - Upserted modifier: Moutarde (V1 ID: 41086, DB ID: 133044)
2025-12-28 11:58:59,046 - DEBUG - Upserted modifier: Ail (V1 ID: 41094, DB ID: 133045)
2025-12-28 11:58:59,493 - DEBUG - Upserted modifier: BBQ (V1 ID: 41095, DB ID: 133046)
2025-12-28 11:58:59,942 - DEBUG - Upserted modifier: Miel et Ail (V1 ID: 41096, DB ID: 133047)
2025-12-28 11:59:00,377 - DEBUG - Upserted modifier: Red Hot (V1 ID: 41097, DB ID: 133048)
2025-12-28 11:59:00,968 - INFO - Inserted modifier group: Pizza Selection (ID: 2563)
2025-12-28 11:59:01,139 - DEBUG - Upserted modifier: QUATRE SAISON HIDE (V1 ID: 43854, DB ID: 133049)
2025-12-28 11:59:01,597 - DEBUG - Upserted modifier: LA OKA’S (V1 ID: 51537, DB ID: 133050)
2025-12-28 11:59:02,051 - DEBUG - Upserted modifier: Shawarma au boeuf (V1 ID: 51538, DB ID: 133051)
2025-12-28 11:59:02,515 - DEBUG - Upserted modifier: LA SICILIENNE (V1 ID: 41126, DB ID: 133052)
2025-12-28 11:59:02,984 - DEBUG - Upserted modifier: PIZZA PEPPERONI (V1 ID: 41141, DB ID: 133053)
2025-12-28 11:59:03,464 - DEBUG - Upserted modifier: LA HAWAIIENNE (V1 ID: 41127, DB ID: 133054)
2025-12-28 11:59:03,910 - DEBUG - Upserted modifier: LA COMBINAISON (V1 ID: 41128, DB ID: 133055)
2025-12-28 11:59:04,374 - DEBUG - Upserted modifier: LA OPA’S (V1 ID: 41129, DB ID: 133056)
2025-12-28 11:59:04,842 - DEBUG - Upserted modifier: LA CANADIENNE (V1 ID: 41130, DB ID: 133057)
2025-12-28 11:59:05,307 - DEBUG - Upserted modifier: LA CLUB (V1 ID: 41131, DB ID: 133058)
2025-12-28 11:59:05,755 - DEBUG - Upserted modifier: AMATEUR DE VIANDE (V1 ID: 41132, DB ID: 133059)
2025-12-28 11:59:06,200 - DEBUG - Upserted modifier: LA MARINARA (V1 ID: 41133, DB ID: 133060)
2025-12-28 11:59:06,658 - DEBUG - Upserted modifier: LA BRUSCHETTA (V1 ID: 41134, DB ID: 133061)
2025-12-28 11:59:07,109 - DEBUG - Upserted modifier: LA GRECQUE (V1 ID: 41135, DB ID: 133062)
2025-12-28 11:59:07,565 - DEBUG - Upserted modifier: LA VEGETARIENNE (V1 ID: 41136, DB ID: 133063)
2025-12-28 11:59:08,020 - DEBUG - Upserted modifier: LA MEXICALI (V1 ID: 41137, DB ID: 133064)
2025-12-28 11:59:08,460 - DEBUG - Upserted modifier: QUATRE SAISON (V1 ID: 41138, DB ID: 133065)
2025-12-28 11:59:08,914 - DEBUG - Upserted modifier: LA SPECIALITE DU CHEF (V1 ID: 41139, DB ID: 133066)
2025-12-28 11:59:09,411 - DEBUG - Upserted modifier: LA DIANA (V1 ID: 41140, DB ID: 133067)
2025-12-28 11:59:09,867 - DEBUG - Upserted modifier: Jambon (V1 ID: 41101, DB ID: 133068)
2025-12-28 11:59:10,781 - DEBUG - Upserted modifier: Ananas (V1 ID: 41102, DB ID: 133069)
2025-12-28 11:59:11,700 - DEBUG - Upserted modifier: Pepperoni (V1 ID: 41103, DB ID: 133070)
2025-12-28 11:59:12,609 - DEBUG - Upserted modifier: Champignon (V1 ID: 41104, DB ID: 133071)
2025-12-28 11:59:13,527 - DEBUG - Upserted modifier: Poivron Vert (V1 ID: 41105, DB ID: 133072)
2025-12-28 11:59:14,407 - DEBUG - Upserted modifier: Donair au boeuf (V1 ID: 41106, DB ID: 133073)
2025-12-28 11:59:15,365 - DEBUG - Upserted modifier: Oignon rouge (V1 ID: 41107, DB ID: 133074)
2025-12-28 11:59:16,249 - DEBUG - Upserted modifier: Tomates (V1 ID: 41108, DB ID: 133075)
2025-12-28 11:59:17,183 - DEBUG - Upserted modifier: Bacon (V1 ID: 41109, DB ID: 133076)
2025-12-28 11:59:18,086 - DEBUG - Upserted modifier: Poulet (V1 ID: 41110, DB ID: 133077)
2025-12-28 11:59:19,000 - DEBUG - Upserted modifier: Saucisse Italienne (V1 ID: 41111, DB ID: 133078)
2025-12-28 11:59:19,917 - DEBUG - Upserted modifier: Poulet Mariné (V1 ID: 41112, DB ID: 133079)
2025-12-28 11:59:20,870 - DEBUG - Upserted modifier: Poivron Rouge (V1 ID: 41113, DB ID: 133080)
2025-12-28 11:59:21,775 - DEBUG - Upserted modifier: Fromage Parmesan (V1 ID: 41114, DB ID: 133081)
2025-12-28 11:59:22,657 - DEBUG - Upserted modifier: Tomates en Cube (V1 ID: 41115, DB ID: 133082)
2025-12-28 11:59:23,598 - DEBUG - Upserted modifier: Oignon Vert (V1 ID: 41116, DB ID: 133083)
2025-12-28 11:59:24,492 - DEBUG - Upserted modifier: Olives Noires (V1 ID: 41118, DB ID: 133084)
2025-12-28 11:59:25,404 - DEBUG - Upserted modifier: Oignon (V1 ID: 41119, DB ID: 133085)
2025-12-28 11:59:26,290 - DEBUG - Upserted modifier: Olive Vert (V1 ID: 41120, DB ID: 133086)
2025-12-28 11:59:27,362 - DEBUG - Upserted modifier: Piment Jalapeno (V1 ID: 41121, DB ID: 133087)
2025-12-28 11:59:28,306 - DEBUG - Upserted modifier: Courgette Grillée (V1 ID: 41122, DB ID: 133088)
2025-12-28 11:59:29,209 - DEBUG - Upserted modifier: Brocoli (V1 ID: 41123, DB ID: 133089)
2025-12-28 11:59:30,135 - DEBUG - Upserted modifier: Tomate Séchée (V1 ID: 41124, DB ID: 133090)
2025-12-28 11:59:31,078 - DEBUG - Upserted modifier: Fromage Feta (V1 ID: 41117, DB ID: 133091)
2025-12-28 11:59:32,007 - DEBUG - Upserted modifier: Fromage Extra (V1 ID: 41125, DB ID: 133092)
2025-12-28 11:59:33,082 - INFO - Inserted modifier group: Subs Extra Cheese (ID: 2564)
2025-12-28 11:59:33,241 - DEBUG - Upserted modifier: Brochette Extra (V1 ID: 41016, DB ID: 133093)
2025-12-28 11:59:33,703 - DEBUG - Upserted modifier: Brochette Extra (V1 ID: 41017, DB ID: 133094)
2025-12-28 11:59:34,163 - DEBUG - Upserted modifier: Pita (V1 ID: 41027, DB ID: 133095)
2025-12-28 11:59:34,597 - DEBUG - Upserted modifier: Fromage Extra (V1 ID: 41142, DB ID: 133096)
2025-12-28 11:59:35,200 - DEBUG - Upserted modifier: Fromage Extra (V1 ID: 41143, DB ID: 133097)
2025-12-28 11:59:35,832 - INFO - Inserted modifier group: Extra Cheese for POUTINES (ID: 2565)
2025-12-28 11:59:35,990 - DEBUG - Upserted modifier: Brochette Extra (V1 ID: 41016, DB ID: 133098)
2025-12-28 11:59:36,451 - DEBUG - Upserted modifier: Brochette Extra (V1 ID: 41017, DB ID: 133099)
2025-12-28 11:59:36,925 - DEBUG - Upserted modifier: Pita (V1 ID: 41027, DB ID: 133100)
2025-12-28 11:59:37,424 - DEBUG - Upserted modifier: Fromage Extra (V1 ID: 41142, DB ID: 133101)
2025-12-28 11:59:38,032 - DEBUG - Upserted modifier: Fromage Extra (V1 ID: 41143, DB ID: 133102)
2025-12-28 11:59:38,323 - INFO -   Done: 16 groups, 275 modifiers, 580 prices
2025-12-28 11:59:38,327 - INFO - ----------------------------------------
2025-12-28 11:59:38,328 - INFO - [6/20] Processing: Papa Burger
2025-12-28 11:59:38,328 - INFO - Navigating to modifier groups page: https://menuadmin.menu.ca/?p=restaurants&display=editRestaurant&restaurant=1041&load=ingredientGroups&showLang=fr
2025-12-28 11:59:39,197 - DEBUG - Expanding all modifier group divs...
2025-12-28 11:59:39,723 - DEBUG - Group 10881: 3 active modifiers
2025-12-28 11:59:39,725 - DEBUG - Group 10882: 4 active modifiers
2025-12-28 11:59:39,725 - DEBUG - Group 10883: 2 active modifiers
2025-12-28 11:59:39,725 - DEBUG - Group 10884: 10 active modifiers
2025-12-28 11:59:39,726 - DEBUG - Group 11009: 4 active modifiers
2025-12-28 11:59:39,726 - DEBUG - Group 11341: 4 active modifiers
2025-12-28 11:59:39,806 - INFO - Processing modifier group: Sauces for Poutines (ID: 10881)
2025-12-28 11:59:40,120 - INFO -   Found 7 modifiers (3 active, 4 inactive)
2025-12-28 11:59:40,140 - INFO - Processing modifier group: Custom ingredients for Burgers (ID: 10882)
2025-12-28 11:59:40,382 - INFO -   Found 6 modifiers (4 active, 2 inactive)
2025-12-28 11:59:40,402 - INFO - Processing modifier group: Nachos Custom Ing (ID: 10883)
2025-12-28 11:59:40,683 - INFO -   Found 6 modifiers (2 active, 4 inactive)
2025-12-28 11:59:40,704 - INFO - Processing modifier group: Drinks (ID: 10884)
2025-12-28 11:59:41,042 - INFO -   Found 10 modifiers (10 active, 0 inactive)
2025-12-28 11:59:41,062 - INFO - Processing modifier group: Drinks for COMBOS (ID: 11009)
2025-12-28 11:59:41,488 - INFO -   Found 10 modifiers (4 active, 6 inactive)
2025-12-28 11:59:41,508 - INFO - Processing modifier group: Wings Sauces (ID: 11341)
2025-12-28 11:59:41,822 - INFO -   Found 7 modifiers (4 active, 3 inactive)
2025-12-28 11:59:41,822 - INFO - Total modifier groups extracted: 6
2025-12-28 11:59:42,134 - INFO - Inserted modifier group: Sauces for Poutines (ID: 2566)
2025-12-28 11:59:42,289 - DEBUG - Upserted modifier: Douce (V1 ID: 52745, DB ID: 133103)
2025-12-28 11:59:42,747 - DEBUG - Upserted modifier: Moyenne (V1 ID: 52746, DB ID: 133104)
2025-12-28 11:59:43,214 - DEBUG - Upserted modifier: Fort (V1 ID: 52747, DB ID: 133105)
2025-12-28 11:59:43,672 - DEBUG - Upserted modifier: Miel et Ail (V1 ID: 52748, DB ID: 133106)
2025-12-28 11:59:44,162 - DEBUG - Upserted modifier: Sauce BBQ (V1 ID: 50230, DB ID: 133107)
2025-12-28 11:59:44,607 - DEBUG - Upserted modifier: Sauce Blanche (V1 ID: 50231, DB ID: 133108)
2025-12-28 11:59:45,058 - DEBUG - Upserted modifier: Sauce Brune (V1 ID: 50232, DB ID: 133109)
2025-12-28 11:59:45,696 - INFO - Inserted modifier group: Custom ingredients for Burgers (ID: 2567)
2025-12-28 11:59:45,847 - DEBUG - Upserted modifier: Oignons (V1 ID: 50233, DB ID: 133110)
2025-12-28 11:59:46,316 - DEBUG - Upserted modifier: Moutard (V1 ID: 50234, DB ID: 133111)
2025-12-28 11:59:46,771 - DEBUG - Upserted modifier: Cornichons (V1 ID: 50235, DB ID: 133112)
2025-12-28 11:59:47,234 - DEBUG - Upserted modifier: Condiment (V1 ID: 50236, DB ID: 133113)
2025-12-28 11:59:47,694 - DEBUG - Upserted modifier: Boeuf (V1 ID: 50237, DB ID: 133114)
2025-12-28 11:59:48,166 - DEBUG - Upserted modifier: Poulet (V1 ID: 50238, DB ID: 133115)
2025-12-28 11:59:48,764 - INFO - Inserted modifier group: Nachos Custom Ing (ID: 2568)
2025-12-28 11:59:48,924 - DEBUG - Upserted modifier: Oignons (V1 ID: 50233, DB ID: 133116)
2025-12-28 11:59:49,375 - DEBUG - Upserted modifier: Moutard (V1 ID: 50234, DB ID: 133117)
2025-12-28 11:59:49,802 - DEBUG - Upserted modifier: Cornichons (V1 ID: 50235, DB ID: 133118)
2025-12-28 11:59:50,290 - DEBUG - Upserted modifier: Condiment (V1 ID: 50236, DB ID: 133119)
2025-12-28 11:59:50,739 - DEBUG - Upserted modifier: Boeuf (V1 ID: 50237, DB ID: 133120)
2025-12-28 11:59:51,180 - DEBUG - Upserted modifier: Poulet (V1 ID: 50238, DB ID: 133121)
2025-12-28 11:59:51,784 - INFO - Inserted modifier group: Drinks (ID: 2569)
2025-12-28 11:59:51,946 - DEBUG - Upserted modifier: Ginger Ale (V1 ID: 50239, DB ID: 133122)
2025-12-28 11:59:52,409 - DEBUG - Upserted modifier: Orange Crush (V1 ID: 50240, DB ID: 133123)
2025-12-28 11:59:52,849 - DEBUG - Upserted modifier: Grape Crush (V1 ID: 50241, DB ID: 133124)
2025-12-28 11:59:53,305 - DEBUG - Upserted modifier: Iced Tea (V1 ID: 50242, DB ID: 133125)
2025-12-28 11:59:53,748 - DEBUG - Upserted modifier: Cream Soda (V1 ID: 50243, DB ID: 133126)
2025-12-28 11:59:54,202 - DEBUG - Upserted modifier: Mountain Dew (V1 ID: 50244, DB ID: 133127)
2025-12-28 11:59:54,665 - DEBUG - Upserted modifier: Root Beer (V1 ID: 50245, DB ID: 133128)
2025-12-28 11:59:55,150 - DEBUG - Upserted modifier: Pepsi (V1 ID: 50246, DB ID: 133129)
2025-12-28 11:59:55,598 - DEBUG - Upserted modifier: Diet Pepsi (V1 ID: 50247, DB ID: 133130)
2025-12-28 11:59:56,069 - DEBUG - Upserted modifier: 7 Up (V1 ID: 50248, DB ID: 133131)
2025-12-28 11:59:56,690 - INFO - Inserted modifier group: Drinks for COMBOS (ID: 2570)
2025-12-28 11:59:56,851 - DEBUG - Upserted modifier: Ginger Ale (V1 ID: 50239, DB ID: 133132)
2025-12-28 11:59:57,314 - DEBUG - Upserted modifier: Orange Crush (V1 ID: 50240, DB ID: 133133)
2025-12-28 11:59:57,763 - DEBUG - Upserted modifier: Grape Crush (V1 ID: 50241, DB ID: 133134)
2025-12-28 11:59:58,221 - DEBUG - Upserted modifier: Iced Tea (V1 ID: 50242, DB ID: 133135)
2025-12-28 11:59:58,668 - DEBUG - Upserted modifier: Cream Soda (V1 ID: 50243, DB ID: 133136)
2025-12-28 11:59:59,163 - DEBUG - Upserted modifier: Mountain Dew (V1 ID: 50244, DB ID: 133137)
2025-12-28 11:59:59,604 - DEBUG - Upserted modifier: Root Beer (V1 ID: 50245, DB ID: 133138)
2025-12-28 12:00:00,062 - DEBUG - Upserted modifier: Pepsi (V1 ID: 50246, DB ID: 133139)
2025-12-28 12:00:00,515 - DEBUG - Upserted modifier: Diet Pepsi (V1 ID: 50247, DB ID: 133140)
2025-12-28 12:00:01,010 - DEBUG - Upserted modifier: 7 Up (V1 ID: 50248, DB ID: 133141)
2025-12-28 12:00:01,608 - INFO - Inserted modifier group: Wings Sauces (ID: 2571)
2025-12-28 12:00:01,771 - DEBUG - Upserted modifier: Douce (V1 ID: 52745, DB ID: 133142)
2025-12-28 12:00:02,230 - DEBUG - Upserted modifier: Moyenne (V1 ID: 52746, DB ID: 133143)
2025-12-28 12:00:02,696 - DEBUG - Upserted modifier: Fort (V1 ID: 52747, DB ID: 133144)
2025-12-28 12:00:03,157 - DEBUG - Upserted modifier: Miel et Ail (V1 ID: 52748, DB ID: 133145)
2025-12-28 12:00:03,597 - DEBUG - Upserted modifier: Sauce BBQ (V1 ID: 50230, DB ID: 133146)
2025-12-28 12:00:04,057 - DEBUG - Upserted modifier: Sauce Blanche (V1 ID: 50231, DB ID: 133147)
2025-12-28 12:00:04,523 - DEBUG - Upserted modifier: Sauce Brune (V1 ID: 50232, DB ID: 133148)
2025-12-28 12:00:04,822 - INFO -   Done: 6 groups, 46 modifiers, 46 prices
2025-12-28 12:00:04,823 - INFO - ----------------------------------------
2025-12-28 12:00:04,823 - INFO - [7/20] Processing: Papa Burger Maloney
2025-12-28 12:00:04,823 - INFO - Navigating to modifier groups page: https://menuadmin.menu.ca/?p=restaurants&display=editRestaurant&restaurant=1066&load=ingredientGroups&showLang=fr
2025-12-28 12:00:05,614 - DEBUG - Expanding all modifier group divs...
2025-12-28 12:00:06,135 - DEBUG - Group 11149: 3 active modifiers
2025-12-28 12:00:06,135 - DEBUG - Group 11150: 4 active modifiers
2025-12-28 12:00:06,135 - DEBUG - Group 11151: 2 active modifiers
2025-12-28 12:00:06,135 - DEBUG - Group 11152: 4 active modifiers
2025-12-28 12:00:06,136 - DEBUG - Group 11153: 4 active modifiers
2025-12-28 12:00:06,210 - INFO - Processing modifier group: Sauces for Poutines (ID: 11149)
2025-12-28 12:00:06,339 - INFO -   Found 3 modifiers (3 active, 0 inactive)
2025-12-28 12:00:06,359 - INFO - Processing modifier group: Custom ingredients for Burgers (ID: 11150)
2025-12-28 12:00:06,618 - INFO -   Found 6 modifiers (4 active, 2 inactive)
2025-12-28 12:00:06,638 - INFO - Processing modifier group: Nachos Custom Ing (ID: 11151)
2025-12-28 12:00:06,920 - INFO -   Found 6 modifiers (2 active, 4 inactive)
2025-12-28 12:00:06,940 - INFO - Processing modifier group: Drinks (ID: 11152)
2025-12-28 12:00:07,315 - INFO -   Found 10 modifiers (4 active, 6 inactive)
2025-12-28 12:00:07,328 - INFO - Processing modifier group: Drinks for COMBOS (ID: 11153)
2025-12-28 12:00:07,741 - INFO -   Found 10 modifiers (4 active, 6 inactive)
2025-12-28 12:00:07,742 - INFO - Total modifier groups extracted: 5
2025-12-28 12:00:08,063 - INFO - Inserted modifier group: Sauces for Poutines (ID: 2572)
2025-12-28 12:00:08,208 - DEBUG - Upserted modifier: Sauce BBQ (V1 ID: 51625, DB ID: 133149)
2025-12-28 12:00:08,667 - DEBUG - Upserted modifier: Sauce Blanche (V1 ID: 51626, DB ID: 133150)
2025-12-28 12:00:09,197 - DEBUG - Upserted modifier: Sauce Brune (V1 ID: 51627, DB ID: 133151)
2025-12-28 12:00:10,076 - INFO - Inserted modifier group: Custom ingredients for Burgers (ID: 2573)
2025-12-28 12:00:10,358 - DEBUG - Upserted modifier: Oignons (V1 ID: 51628, DB ID: 133152)
2025-12-28 12:00:11,182 - DEBUG - Upserted modifier: Moutard (V1 ID: 51629, DB ID: 133153)
2025-12-28 12:00:11,930 - DEBUG - Upserted modifier: Cornichons (V1 ID: 51630, DB ID: 133154)
2025-12-28 12:00:12,737 - DEBUG - Upserted modifier: Condiment (V1 ID: 51631, DB ID: 133155)
2025-12-28 12:00:13,181 - DEBUG - Upserted modifier: Boeuf (V1 ID: 51632, DB ID: 133156)
2025-12-28 12:00:13,622 - DEBUG - Upserted modifier: Poulet (V1 ID: 51633, DB ID: 133157)
2025-12-28 12:00:14,224 - INFO - Inserted modifier group: Nachos Custom Ing (ID: 2574)
2025-12-28 12:00:14,369 - DEBUG - Upserted modifier: Oignons (V1 ID: 51628, DB ID: 133158)
2025-12-28 12:00:14,813 - DEBUG - Upserted modifier: Moutard (V1 ID: 51629, DB ID: 133159)
2025-12-28 12:00:15,280 - DEBUG - Upserted modifier: Cornichons (V1 ID: 51630, DB ID: 133160)
2025-12-28 12:00:15,741 - DEBUG - Upserted modifier: Condiment (V1 ID: 51631, DB ID: 133161)
2025-12-28 12:00:16,225 - DEBUG - Upserted modifier: Boeuf (V1 ID: 51632, DB ID: 133162)
2025-12-28 12:00:16,687 - DEBUG - Upserted modifier: Poulet (V1 ID: 51633, DB ID: 133163)
2025-12-28 12:00:17,323 - INFO - Inserted modifier group: Drinks (ID: 2575)
2025-12-28 12:00:17,488 - DEBUG - Upserted modifier: Ginger Ale (V1 ID: 51634, DB ID: 133164)
2025-12-28 12:00:17,950 - DEBUG - Upserted modifier: Orange Crush (V1 ID: 51635, DB ID: 133165)
2025-12-28 12:00:18,408 - DEBUG - Upserted modifier: Grape Crush (V1 ID: 51636, DB ID: 133166)
2025-12-28 12:00:18,888 - DEBUG - Upserted modifier: Iced Tea (V1 ID: 51637, DB ID: 133167)
2025-12-28 12:00:19,361 - DEBUG - Upserted modifier: Cream Soda (V1 ID: 51638, DB ID: 133168)
2025-12-28 12:00:19,818 - DEBUG - Upserted modifier: Mountain Dew (V1 ID: 51639, DB ID: 133169)
2025-12-28 12:00:20,273 - DEBUG - Upserted modifier: Root Beer (V1 ID: 51640, DB ID: 133170)
2025-12-28 12:00:20,761 - DEBUG - Upserted modifier: Pepsi (V1 ID: 51641, DB ID: 133171)
2025-12-28 12:00:21,247 - DEBUG - Upserted modifier: Diet Pepsi (V1 ID: 51642, DB ID: 133172)
2025-12-28 12:00:21,695 - DEBUG - Upserted modifier: 7 Up (V1 ID: 51643, DB ID: 133173)
2025-12-28 12:00:23,046 - INFO - Inserted modifier group: Drinks for COMBOS (ID: 2576)
2025-12-28 12:00:23,296 - DEBUG - Upserted modifier: Ginger Ale (V1 ID: 51634, DB ID: 133174)
2025-12-28 12:00:24,312 - DEBUG - Upserted modifier: Orange Crush (V1 ID: 51635, DB ID: 133175)
2025-12-28 12:00:25,129 - DEBUG - Upserted modifier: Grape Crush (V1 ID: 51636, DB ID: 133176)
2025-12-28 12:00:26,119 - DEBUG - Upserted modifier: Iced Tea (V1 ID: 51637, DB ID: 133177)
2025-12-28 12:00:26,736 - DEBUG - Upserted modifier: Cream Soda (V1 ID: 51638, DB ID: 133178)
2025-12-28 12:00:27,390 - DEBUG - Upserted modifier: Mountain Dew (V1 ID: 51639, DB ID: 133179)
2025-12-28 12:00:27,925 - DEBUG - Upserted modifier: Root Beer (V1 ID: 51640, DB ID: 133180)
2025-12-28 12:00:36,600 - DEBUG - Upserted modifier: Pepsi (V1 ID: 51641, DB ID: 133181)
2025-12-28 12:00:37,065 - DEBUG - Upserted modifier: Diet Pepsi (V1 ID: 51642, DB ID: 133182)
2025-12-28 12:00:37,523 - DEBUG - Upserted modifier: 7 Up (V1 ID: 51643, DB ID: 133183)
2025-12-28 12:00:37,810 - INFO -   Done: 5 groups, 35 modifiers, 35 prices
2025-12-28 12:00:37,810 - INFO - ----------------------------------------
2025-12-28 12:00:37,811 - INFO - [8/20] Processing: Papa Grecque Cantley
2025-12-28 12:00:37,811 - INFO - Navigating to modifier groups page: https://menuadmin.menu.ca/?p=restaurants&display=editRestaurant&restaurant=1054&load=ingredientGroups&showLang=fr
2025-12-28 12:00:40,232 - DEBUG - Expanding all modifier group divs...
2025-12-28 12:00:40,763 - DEBUG - Group 11011: 2 active modifiers
2025-12-28 12:00:40,826 - INFO - Processing modifier group: Gyro Combos Side Dishes (ID: 11011)
2025-12-28 12:00:40,908 - INFO -   Found 2 modifiers (2 active, 0 inactive)
2025-12-28 12:00:40,908 - INFO - Total modifier groups extracted: 1
2025-12-28 12:00:41,197 - INFO - Inserted modifier group: Gyro Combos Side Dishes (ID: 2577)
2025-12-28 12:00:41,344 - DEBUG - Upserted modifier: Salade (V1 ID: 50900, DB ID: 133184)
2025-12-28 12:00:41,944 - DEBUG - Upserted modifier: Patates (V1 ID: 50901, DB ID: 133185)
2025-12-28 12:00:42,243 - INFO -   Done: 1 groups, 2 modifiers, 2 prices
2025-12-28 12:00:42,244 - INFO - ----------------------------------------
2025-12-28 12:00:42,244 - INFO - [9/20] Processing: Papa Grecque des Flandres
2025-12-28 12:00:42,245 - INFO - Navigating to modifier groups page: https://menuadmin.menu.ca/?p=restaurants&display=editRestaurant&restaurant=758&load=ingredientGroups&showLang=fr
2025-12-28 12:00:43,054 - DEBUG - Expanding all modifier group divs...
2025-12-28 12:00:43,582 - DEBUG - Group 6968: 2 active modifiers
2025-12-28 12:00:43,582 - DEBUG - Group 10425: 4 active modifiers
2025-12-28 12:00:43,583 - DEBUG - Group 10505: 4 active modifiers
2025-12-28 12:00:43,657 - INFO - Processing modifier group: Gyro Combos Side Dishes (ID: 6968)
2025-12-28 12:00:43,746 - INFO -   Found 2 modifiers (2 active, 0 inactive)
2025-12-28 12:00:43,769 - INFO - Processing modifier group: Mini Beignets Options (ID: 10425)
2025-12-28 12:00:44,225 - INFO -   Found 10 modifiers (4 active, 6 inactive)
2025-12-28 12:00:44,244 - INFO - Processing modifier group: Mini Beignets Dips (ID: 10505)
2025-12-28 12:00:44,390 - INFO -   Found 4 modifiers (4 active, 0 inactive)
2025-12-28 12:00:44,390 - INFO - Total modifier groups extracted: 3
2025-12-28 12:00:44,687 - INFO - Inserted modifier group: Gyro Combos Side Dishes (ID: 2578)
2025-12-28 12:00:44,831 - DEBUG - Upserted modifier: Salade (V1 ID: 31281, DB ID: 133186)
2025-12-28 12:00:45,291 - DEBUG - Upserted modifier: Patates (V1 ID: 31282, DB ID: 133187)
2025-12-28 12:00:45,913 - INFO - Inserted modifier group: Mini Beignets Options (ID: 2579)
2025-12-28 12:00:46,061 - DEBUG - Upserted modifier: Chocolat (V1 ID: 47757, DB ID: 133188)
2025-12-28 12:00:46,495 - DEBUG - Upserted modifier: Canelle (V1 ID: 47758, DB ID: 133189)
2025-12-28 12:00:46,930 - DEBUG - Upserted modifier: Fruits (V1 ID: 47759, DB ID: 133190)
2025-12-28 12:00:47,376 - DEBUG - Upserted modifier: Sucre époudré (V1 ID: 47760, DB ID: 133191)
2025-12-28 12:00:47,808 - DEBUG - Upserted modifier: Sucre á la Cannelle (V1 ID: 48115, DB ID: 133192)
2025-12-28 12:00:48,247 - DEBUG - Upserted modifier: Sucre Glaçage (V1 ID: 48116, DB ID: 133193)
2025-12-28 12:00:48,690 - DEBUG - Upserted modifier: Sucre Oreo (V1 ID: 48117, DB ID: 133194)
2025-12-28 12:00:49,182 - DEBUG - Upserted modifier: Sucre Frootloops (V1 ID: 48118, DB ID: 133195)
2025-12-28 12:00:49,616 - DEBUG - Upserted modifier: Sucre Reese (V1 ID: 48119, DB ID: 133196)
2025-12-28 12:00:50,054 - DEBUG - Upserted modifier: Noix de Coco (V1 ID: 48120, DB ID: 133197)
2025-12-28 12:00:50,611 - INFO - Inserted modifier group: Mini Beignets Dips (ID: 2580)
2025-12-28 12:00:50,771 - DEBUG - Upserted modifier: Trempette Anniversaire (V1 ID: 48158, DB ID: 133198)
2025-12-28 12:00:51,219 - DEBUG - Upserted modifier: Trempettes au Caramel Salé (V1 ID: 48159, DB ID: 133199)
2025-12-28 12:00:51,697 - DEBUG - Upserted modifier: Trempettes Biscuit et Crème (V1 ID: 48160, DB ID: 133200)
2025-12-28 12:00:52,146 - DEBUG - Upserted modifier: Trempettes Chocolat Fudge (V1 ID: 48161, DB ID: 133201)
2025-12-28 12:00:52,438 - INFO -   Done: 3 groups, 16 modifiers, 16 prices
2025-12-28 12:00:52,439 - INFO - ----------------------------------------
2025-12-28 12:00:52,440 - INFO - [10/20] Processing: Papa Grecque Maloney
2025-12-28 12:00:52,442 - INFO - Navigating to modifier groups page: https://menuadmin.menu.ca/?p=restaurants&display=editRestaurant&restaurant=840&load=ingredientGroups&showLang=fr
2025-12-28 12:00:53,245 - DEBUG - Expanding all modifier group divs...
2025-12-28 12:00:53,773 - DEBUG - Group 7890: 2 active modifiers
2025-12-28 12:00:53,773 - DEBUG - Group 10426: 4 active modifiers
2025-12-28 12:00:53,773 - DEBUG - Group 10506: 4 active modifiers
2025-12-28 12:00:53,774 - DEBUG - Group 11268: 1 active modifiers
2025-12-28 12:00:53,846 - INFO - Processing modifier group: Gyro Combos Side Dishes (ID: 7890)
2025-12-28 12:00:53,931 - INFO -   Found 2 modifiers (2 active, 0 inactive)
2025-12-28 12:00:53,950 - INFO - Processing modifier group: Mini Beignets Options (ID: 10426)
2025-12-28 12:00:54,087 - INFO -   Found 4 modifiers (4 active, 0 inactive)
2025-12-28 12:00:54,104 - INFO - Processing modifier group: Mini Beignets Dips (ID: 10506)
2025-12-28 12:00:54,246 - INFO -   Found 4 modifiers (4 active, 0 inactive)
2025-12-28 12:00:54,266 - INFO - Processing modifier group: Le Bol Suprême Extra Cheese (ID: 11268)
2025-12-28 12:00:54,318 - INFO -   Found 1 modifiers (1 active, 0 inactive)
2025-12-28 12:00:54,318 - INFO - Total modifier groups extracted: 4
2025-12-28 12:00:54,609 - INFO - Inserted modifier group: Gyro Combos Side Dishes (ID: 2581)
2025-12-28 12:00:54,754 - DEBUG - Upserted modifier: Salade (V1 ID: 35433, DB ID: 133202)
2025-12-28 12:00:55,207 - DEBUG - Upserted modifier: Patates (V1 ID: 35434, DB ID: 133203)
2025-12-28 12:00:55,774 - INFO - Inserted modifier group: Mini Beignets Options (ID: 2582)
2025-12-28 12:00:55,917 - DEBUG - Upserted modifier: Chocolat (V1 ID: 47761, DB ID: 133204)
2025-12-28 12:00:56,353 - DEBUG - Upserted modifier: Canelle (V1 ID: 47762, DB ID: 133205)
2025-12-28 12:00:56,776 - DEBUG - Upserted modifier: Fruits (V1 ID: 47763, DB ID: 133206)
2025-12-28 12:00:57,201 - DEBUG - Upserted modifier: Sucre époudré (V1 ID: 47764, DB ID: 133207)
2025-12-28 12:00:57,775 - INFO - Inserted modifier group: Mini Beignets Dips (ID: 2583)
2025-12-28 12:00:57,923 - DEBUG - Upserted modifier: Trempette Anniversaire (V1 ID: 48162, DB ID: 133208)
2025-12-28 12:00:58,355 - DEBUG - Upserted modifier: Trempettes au Caramel Salé (V1 ID: 48163, DB ID: 133209)
2025-12-28 12:00:58,788 - DEBUG - Upserted modifier: Trempettes Biscuit et Crème (V1 ID: 48164, DB ID: 133210)
2025-12-28 12:00:59,230 - DEBUG - Upserted modifier: Trempettes Chocolat Fudge (V1 ID: 48165, DB ID: 133211)
2025-12-28 12:00:59,825 - INFO - Inserted modifier group: Le Bol Suprême Extra Cheese (ID: 2584)
2025-12-28 12:00:59,972 - DEBUG - Upserted modifier: Fromage (V1 ID: 52292, DB ID: 133212)
2025-12-28 12:01:00,265 - INFO -   Done: 4 groups, 11 modifiers, 11 prices
2025-12-28 12:01:00,266 - INFO - ----------------------------------------
2025-12-28 12:01:00,266 - INFO - [11/20] Processing: Papa Pizza - Hull
2025-12-28 12:01:00,266 - INFO - Navigating to modifier groups page: https://menuadmin.menu.ca/?p=restaurants&display=editRestaurant&restaurant=184&load=ingredientGroups&showLang=fr
2025-12-28 12:01:01,119 - DEBUG - Expanding all modifier group divs...
2025-12-28 12:01:01,686 - DEBUG - Group 1371: 4 active modifiers
2025-12-28 12:01:01,686 - DEBUG - Group 1372: 2 active modifiers
2025-12-28 12:01:01,686 - DEBUG - Group 1373: 2 active modifiers
2025-12-28 12:01:01,686 - DEBUG - Group 1374: 8 active modifiers
2025-12-28 12:01:01,686 - DEBUG - Group 1375: 4 active modifiers
2025-12-28 12:01:01,687 - DEBUG - Group 1376: 1 active modifiers
2025-12-28 12:01:01,687 - DEBUG - Group 1377: 9 active modifiers
2025-12-28 12:01:01,687 - DEBUG - Group 1378: 12 active modifiers
2025-12-28 12:01:01,687 - DEBUG - Group 1379: 21 active modifiers
2025-12-28 12:01:01,687 - DEBUG - Group 1777: 17 active modifiers
2025-12-28 12:01:01,688 - DEBUG - Group 1778: 8 active modifiers
2025-12-28 12:01:01,688 - DEBUG - Group 1779: 13 active modifiers
2025-12-28 12:01:01,688 - DEBUG - Group 1780: 5 active modifiers
2025-12-28 12:01:01,688 - DEBUG - Group 1781: 1 active modifiers
2025-12-28 12:01:01,688 - DEBUG - Group 1782: 1 active modifiers
2025-12-28 12:01:01,688 - DEBUG - Group 1783: 2 active modifiers
2025-12-28 12:01:01,688 - DEBUG - Group 5047: 2 active modifiers
2025-12-28 12:01:01,689 - DEBUG - Group 5050: 1 active modifiers
2025-12-28 12:01:01,689 - DEBUG - Group 5051: 1 active modifiers
2025-12-28 12:01:01,689 - DEBUG - Group 10498: 4 active modifiers
2025-12-28 12:01:01,793 - INFO - Processing modifier group: Pizza Dips Fr (ID: 1371)
2025-12-28 12:01:02,620 - INFO -   Found 16 modifiers (4 active, 12 inactive)
2025-12-28 12:01:02,638 - INFO - Processing modifier group: Nachos extra Chicken an Boeuf Fr (ID: 1372)
2025-12-28 12:01:03,810 - INFO -   Found 21 modifiers (2 active, 19 inactive)
2025-12-28 12:01:03,829 - INFO - Processing modifier group: Subs Sauces Fr (ID: 1373)
2025-12-28 12:01:04,728 - INFO -   Found 16 modifiers (2 active, 14 inactive)
2025-12-28 12:01:04,749 - INFO - Processing modifier group: Pizza Types for Speciales Fr from 1 to 8 (ID: 1374)
2025-12-28 12:01:07,281 - INFO -   Found 43 modifiers (0 active, 43 inactive)
2025-12-28 12:01:07,302 - INFO - Processing modifier group: Wings Sauces Fr (ID: 1375)
2025-12-28 12:01:08,212 - INFO -   Found 16 modifiers (4 active, 12 inactive)
2025-12-28 12:01:08,231 - INFO - Processing modifier group: Sous Marin Speciale extra Frites (ID: 1376)
2025-12-28 12:01:09,462 - INFO -   Found 21 modifiers (1 active, 20 inactive)
2025-12-28 12:01:09,484 - INFO - Processing modifier group: Pizzas Types from 1 to 9 (ID: 1377)
2025-12-28 12:01:12,010 - INFO -   Found 43 modifiers (0 active, 43 inactive)
2025-12-28 12:01:12,029 - INFO - Processing modifier group: Pizza Types from 10 to 21 (ID: 1378)
2025-12-28 12:01:14,564 - INFO -   Found 43 modifiers (0 active, 43 inactive)
2025-12-28 12:01:14,582 - INFO - Processing modifier group: All Pizzas Types from 1 to 21 (ID: 1379)
2025-12-28 12:01:17,074 - INFO -   Found 43 modifiers (0 active, 43 inactive)
2025-12-28 12:01:17,097 - INFO - Processing modifier group: Pizza Toppings (ID: 1777)
2025-12-28 12:01:19,185 - INFO -   Found 43 modifiers (17 active, 26 inactive)
2025-12-28 12:01:19,204 - INFO - Processing modifier group: Pizza from 1 to 8 (ID: 1778)
2025-12-28 12:01:21,510 - INFO -   Found 43 modifiers (8 active, 35 inactive)
2025-12-28 12:01:21,532 - INFO - Processing modifier group: Pizza from 9 to 21 (ID: 1779)
2025-12-28 12:01:23,706 - INFO -   Found 43 modifiers (13 active, 30 inactive)
2025-12-28 12:01:23,726 - INFO - Processing modifier group: Drinks can (ID: 1780)
2025-12-28 12:01:23,950 - INFO -   Found 5 modifiers (5 active, 0 inactive)
2025-12-28 12:01:23,971 - INFO - Processing modifier group: No bacon for caesar salad (ID: 1781)
2025-12-28 12:01:25,154 - INFO -   Found 21 modifiers (1 active, 20 inactive)
2025-12-28 12:01:25,174 - INFO - Processing modifier group: Sous marins chaud upgrade to poutine (ID: 1782)
2025-12-28 12:01:26,385 - INFO -   Found 21 modifiers (1 active, 20 inactive)
2025-12-28 12:01:26,404 - INFO - Processing modifier group: poutine extra fromage and sauce (ID: 1783)
2025-12-28 12:01:27,597 - INFO -   Found 21 modifiers (2 active, 19 inactive)
2025-12-28 12:01:27,617 - INFO - Processing modifier group: Burgers Extras (ID: 5047)
2025-12-28 12:01:28,821 - INFO -   Found 21 modifiers (2 active, 19 inactive)
2025-12-28 12:01:28,839 - INFO - Processing modifier group: Extra Garlic Bread for Familiale no4 (ID: 5050)
2025-12-28 12:01:30,069 - INFO -   Found 21 modifiers (1 active, 20 inactive)
2025-12-28 12:01:30,088 - INFO - Processing modifier group: Extra for Shawarma from Special (ID: 5051)
2025-12-28 12:01:31,308 - INFO -   Found 21 modifiers (1 active, 20 inactive)
2025-12-28 12:01:31,359 - INFO - Processing modifier group: Mini Beignets Dips (ID: 10498)
2025-12-28 12:01:32,237 - INFO -   Found 16 modifiers (4 active, 12 inactive)
2025-12-28 12:01:32,237 - INFO - Total modifier groups extracted: 20
2025-12-28 12:01:32,545 - INFO - Inserted modifier group: Pizza Dips Fr (ID: 2585)
2025-12-28 12:01:32,694 - DEBUG - Upserted modifier: Trempette Anniversaire (V1 ID: 48130, DB ID: 133213)
2025-12-28 12:01:33,142 - DEBUG - Upserted modifier: Trempettes au Caramel Salé (V1 ID: 48131, DB ID: 133214)
2025-12-28 12:01:33,574 - DEBUG - Upserted modifier: Trempettes Biscuit et Crème (V1 ID: 48132, DB ID: 133215)
2025-12-28 12:01:34,012 - DEBUG - Upserted modifier: Trempettes Chocolat Fudge (V1 ID: 48133, DB ID: 133216)
2025-12-28 12:01:34,450 - DEBUG - Upserted modifier: Ail (V1 ID: 6494, DB ID: 133217)
2025-12-28 12:01:34,881 - DEBUG - Upserted modifier: Cheddar (V1 ID: 6495, DB ID: 133218)
2025-12-28 12:01:35,302 - DEBUG - Upserted modifier: Ranch (V1 ID: 6496, DB ID: 133219)
2025-12-28 12:01:35,729 - DEBUG - Upserted modifier: Marinara (V1 ID: 6497, DB ID: 133220)
2025-12-28 12:01:36,183 - DEBUG - Upserted modifier: Mayonnaise (V1 ID: 6499, DB ID: 133221)
2025-12-28 12:01:36,618 - DEBUG - Upserted modifier: Douce (V1 ID: 6508, DB ID: 133222)
2025-12-28 12:01:37,043 - DEBUG - Upserted modifier: Moyenne (V1 ID: 6509, DB ID: 133223)
2025-12-28 12:01:37,487 - DEBUG - Upserted modifier: Fort (V1 ID: 6510, DB ID: 133224)
2025-12-28 12:01:37,926 - DEBUG - Upserted modifier: Miel et Ail (V1 ID: 6511, DB ID: 133225)
2025-12-28 12:01:38,377 - DEBUG - Upserted modifier: BBQ (V1 ID: 45699, DB ID: 133226)
2025-12-28 12:01:38,816 - DEBUG - Upserted modifier: Ranch (V1 ID: 45700, DB ID: 133227)
2025-12-28 12:01:39,254 - DEBUG - Upserted modifier: Épicée (V1 ID: 45701, DB ID: 133228)
2025-12-28 12:01:39,831 - INFO - Inserted modifier group: Nachos extra Chicken an Boeuf Fr (ID: 2586)
2025-12-28 12:01:39,973 - DEBUG - Upserted modifier: Pas de bacon (V1 ID: 8215, DB ID: 133229)
2025-12-28 12:01:40,420 - DEBUG - Upserted modifier: Poutine (V1 ID: 8216, DB ID: 133230)
2025-12-28 12:01:40,864 - DEBUG - Upserted modifier: Fromage (V1 ID: 8217, DB ID: 133231)
2025-12-28 12:01:41,296 - DEBUG - Upserted modifier: Sauce (V1 ID: 8218, DB ID: 133232)
2025-12-28 12:01:41,746 - DEBUG - Upserted modifier: Frites HIDE (V1 ID: 38682, DB ID: 133233)
2025-12-28 12:01:42,177 - DEBUG - Upserted modifier: Pain à l’ail 12" HIDE (V1 ID: 38683, DB ID: 133234)
2025-12-28 12:01:42,600 - DEBUG - Upserted modifier: Poutine HIDE (V1 ID: 38684, DB ID: 133235)
2025-12-28 12:01:43,042 - DEBUG - Upserted modifier: Poutine (V1 ID: 52511, DB ID: 133236)
2025-12-28 12:01:43,465 - DEBUG - Upserted modifier: Frites maison (V1 ID: 52296, DB ID: 133237)
2025-12-28 12:01:43,898 - DEBUG - Upserted modifier: Poulet (V1 ID: 52297, DB ID: 133238)
2025-12-28 12:01:44,334 - DEBUG - Upserted modifier: Boeuf (V1 ID: 52298, DB ID: 133239)
2025-12-28 12:01:44,756 - DEBUG - Upserted modifier: Poulet (V1 ID: 6498, DB ID: 133240)
2025-12-28 12:01:45,190 - DEBUG - Upserted modifier: La Française (V1 ID: 6512, DB ID: 133241)
2025-12-28 12:01:45,670 - DEBUG - Upserted modifier: Frites (V1 ID: 6513, DB ID: 133242)
2025-12-28 12:01:46,126 - DEBUG - Upserted modifier: Poutine (V1 ID: 45698, DB ID: 133243)
2025-12-28 12:01:46,616 - DEBUG - Upserted modifier: Fromage (V1 ID: 37601, DB ID: 133244)
2025-12-28 12:01:47,061 - DEBUG - Upserted modifier: Bacon (V1 ID: 37602, DB ID: 133245)
2025-12-28 12:01:47,498 - DEBUG - Upserted modifier: Fromage (V1 ID: 23535, DB ID: 133246)
2025-12-28 12:01:47,936 - DEBUG - Upserted modifier: Bacon (V1 ID: 23536, DB ID: 133247)
2025-12-28 12:01:48,386 - DEBUG - Upserted modifier: Pain à l’ail 12" (V1 ID: 23545, DB ID: 133248)
2025-12-28 12:01:48,821 - DEBUG - Upserted modifier: Canette de Pepsi et Frites (V1 ID: 23546, DB ID: 133249)
2025-12-28 12:01:49,404 - INFO - Inserted modifier group: Subs Sauces Fr (ID: 2587)
2025-12-28 12:01:49,549 - DEBUG - Upserted modifier: Trempette Anniversaire (V1 ID: 48130, DB ID: 133250)
2025-12-28 12:01:49,976 - DEBUG - Upserted modifier: Trempettes au Caramel Salé (V1 ID: 48131, DB ID: 133251)
2025-12-28 12:01:50,432 - DEBUG - Upserted modifier: Trempettes Biscuit et Crème (V1 ID: 48132, DB ID: 133252)
2025-12-28 12:01:50,856 - DEBUG - Upserted modifier: Trempettes Chocolat Fudge (V1 ID: 48133, DB ID: 133253)
2025-12-28 12:01:51,289 - DEBUG - Upserted modifier: Ail (V1 ID: 6494, DB ID: 133254)
2025-12-28 12:01:51,723 - DEBUG - Upserted modifier: Cheddar (V1 ID: 6495, DB ID: 133255)
2025-12-28 12:01:52,161 - DEBUG - Upserted modifier: Ranch (V1 ID: 6496, DB ID: 133256)
2025-12-28 12:01:52,598 - DEBUG - Upserted modifier: Marinara (V1 ID: 6497, DB ID: 133257)
2025-12-28 12:01:53,026 - DEBUG - Upserted modifier: Mayonnaise (V1 ID: 6499, DB ID: 133258)
2025-12-28 12:01:53,478 - DEBUG - Upserted modifier: Douce (V1 ID: 6508, DB ID: 133259)
2025-12-28 12:01:53,901 - DEBUG - Upserted modifier: Moyenne (V1 ID: 6509, DB ID: 133260)
2025-12-28 12:01:54,351 - DEBUG - Upserted modifier: Fort (V1 ID: 6510, DB ID: 133261)
2025-12-28 12:01:54,792 - DEBUG - Upserted modifier: Miel et Ail (V1 ID: 6511, DB ID: 133262)
2025-12-28 12:01:55,213 - DEBUG - Upserted modifier: BBQ (V1 ID: 45699, DB ID: 133263)
2025-12-28 12:01:55,647 - DEBUG - Upserted modifier: Ranch (V1 ID: 45700, DB ID: 133264)
2025-12-28 12:01:56,094 - DEBUG - Upserted modifier: Épicée (V1 ID: 45701, DB ID: 133265)
2025-12-28 12:01:56,701 - INFO - Inserted modifier group: Pizza Types for Speciales Fr from 1 to 8 (ID: 2588)
2025-12-28 12:01:56,844 - DEBUG - Upserted modifier: La Classico Italiano (V1 ID: 8192, DB ID: 133266)
2025-12-28 12:01:57,272 - DEBUG - Upserted modifier: L’Hawaïenne (V1 ID: 8193, DB ID: 133267)
2025-12-28 12:01:57,711 - DEBUG - Upserted modifier: La 4 Saisons Végétarienne (V1 ID: 8194, DB ID: 133268)
2025-12-28 12:01:58,155 - DEBUG - Upserted modifier: La Tianna (V1 ID: 8195, DB ID: 133269)
2025-12-28 12:01:58,574 - DEBUG - Upserted modifier: La Mexicaine (V1 ID: 8196, DB ID: 133270)
2025-12-28 12:01:59,004 - DEBUG - Upserted modifier: La Poulet BBQ (V1 ID: 8197, DB ID: 133271)
2025-12-28 12:01:59,438 - DEBUG - Upserted modifier: La Québécoise Spécial Maison (V1 ID: 8198, DB ID: 133272)
2025-12-28 12:01:59,863 - DEBUG - Upserted modifier: La Meat Lover (V1 ID: 8199, DB ID: 133273)
2025-12-28 12:02:00,322 - DEBUG - Upserted modifier: La Canadienne (V1 ID: 8200, DB ID: 133274)
2025-12-28 12:02:00,739 - DEBUG - Upserted modifier: La Française (V1 ID: 8201, DB ID: 133275)
2025-12-28 12:02:01,168 - DEBUG - Upserted modifier: La Geo (V1 ID: 8202, DB ID: 133276)
2025-12-28 12:02:01,611 - DEBUG - Upserted modifier: La Grecque (V1 ID: 8203, DB ID: 133277)
2025-12-28 12:02:02,034 - DEBUG - Upserted modifier: L'Americaine (V1 ID: 8204, DB ID: 133278)
2025-12-28 12:02:02,481 - DEBUG - Upserted modifier: La Dani (V1 ID: 8205, DB ID: 133279)
2025-12-28 12:02:02,917 - DEBUG - Upserted modifier: La Chicago (V1 ID: 8206, DB ID: 133280)
2025-12-28 12:02:03,358 - DEBUG - Upserted modifier: La Club (V1 ID: 8207, DB ID: 133281)
2025-12-28 12:02:03,813 - DEBUG - Upserted modifier: Style Maniwaki (V1 ID: 8208, DB ID: 133282)
2025-12-28 12:02:04,291 - DEBUG - Upserted modifier: La Montrealaise (V1 ID: 8209, DB ID: 133283)
2025-12-28 12:02:04,728 - DEBUG - Upserted modifier: La Newyorkaise (V1 ID: 53362, DB ID: 133284)
2025-12-28 12:02:05,153 - DEBUG - Upserted modifier: La Tianna HIDE (V1 ID: 53363, DB ID: 133285)
2025-12-28 12:02:05,617 - DEBUG - Upserted modifier: La Dani HIDE (V1 ID: 53364, DB ID: 133286)
2025-12-28 12:02:06,044 - DEBUG - Upserted modifier: La Geo HIDE (V1 ID: 53365, DB ID: 133287)
2025-12-28 12:02:06,478 - DEBUG - Upserted modifier: La Club HIDE (V1 ID: 53366, DB ID: 133288)
2025-12-28 12:02:06,930 - DEBUG - Upserted modifier: Une Garniture (V1 ID: 8189, DB ID: 133289)
2025-12-28 12:02:07,423 - DEBUG - Upserted modifier: Le Jeune Hockeyeur (V1 ID: 8190, DB ID: 133290)
2025-12-28 12:02:07,860 - DEBUG - Upserted modifier: La Gatinoise Combinée (V1 ID: 8191, DB ID: 133291)
2025-12-28 12:02:08,328 - DEBUG - Upserted modifier: Pepperoni (V1 ID: 8171, DB ID: 133292)
2025-12-28 12:02:09,209 - DEBUG - Upserted modifier: Bacon (V1 ID: 8172, DB ID: 133293)
2025-12-28 12:02:10,087 - DEBUG - Upserted modifier: Jambon (V1 ID: 8177, DB ID: 133294)
2025-12-28 12:02:10,961 - DEBUG - Upserted modifier: Poulet (V1 ID: 8183, DB ID: 133295)
2025-12-28 12:02:11,802 - DEBUG - Upserted modifier: Saucisse Italienne (V1 ID: 8185, DB ID: 133296)
2025-12-28 12:02:12,654 - DEBUG - Upserted modifier: Viande Fumée (V1 ID: 8187, DB ID: 133297)
2025-12-28 12:02:13,512 - DEBUG - Upserted modifier: Fromage Feta (V1 ID: 8186, DB ID: 133298)
2025-12-28 12:02:14,396 - DEBUG - Upserted modifier: Champignons (V1 ID: 8173, DB ID: 133299)
2025-12-28 12:02:15,277 - DEBUG - Upserted modifier: Poivrons Verts (V1 ID: 8174, DB ID: 133300)
2025-12-28 12:02:16,180 - DEBUG - Upserted modifier: Origan (V1 ID: 8175, DB ID: 133301)
2025-12-28 12:02:17,068 - DEBUG - Upserted modifier: Basilic (V1 ID: 8176, DB ID: 133302)
2025-12-28 12:02:17,977 - DEBUG - Upserted modifier: Ananas (V1 ID: 8178, DB ID: 133303)
2025-12-28 12:02:18,888 - DEBUG - Upserted modifier: Olives (V1 ID: 8179, DB ID: 133304)
2025-12-28 12:02:19,773 - DEBUG - Upserted modifier: Tomates (V1 ID: 8180, DB ID: 133305)
2025-12-28 12:02:20,645 - DEBUG - Upserted modifier: Oignons (V1 ID: 8181, DB ID: 133306)
2025-12-28 12:02:21,509 - DEBUG - Upserted modifier: Piments Forts (V1 ID: 8182, DB ID: 133307)
2025-12-28 12:02:22,399 - DEBUG - Upserted modifier: Oignons Rouges (V1 ID: 8184, DB ID: 133308)
2025-12-28 12:02:23,459 - INFO - Inserted modifier group: Wings Sauces Fr (ID: 2589)
2025-12-28 12:02:23,616 - DEBUG - Upserted modifier: Trempette Anniversaire (V1 ID: 48130, DB ID: 133309)
2025-12-28 12:02:24,059 - DEBUG - Upserted modifier: Trempettes au Caramel Salé (V1 ID: 48131, DB ID: 133310)
2025-12-28 12:02:24,535 - DEBUG - Upserted modifier: Trempettes Biscuit et Crème (V1 ID: 48132, DB ID: 133311)
2025-12-28 12:02:24,965 - DEBUG - Upserted modifier: Trempettes Chocolat Fudge (V1 ID: 48133, DB ID: 133312)
2025-12-28 12:02:25,419 - DEBUG - Upserted modifier: Ail (V1 ID: 6494, DB ID: 133313)
2025-12-28 12:02:25,885 - DEBUG - Upserted modifier: Cheddar (V1 ID: 6495, DB ID: 133314)
2025-12-28 12:02:26,345 - DEBUG - Upserted modifier: Ranch (V1 ID: 6496, DB ID: 133315)
2025-12-28 12:02:26,790 - DEBUG - Upserted modifier: Marinara (V1 ID: 6497, DB ID: 133316)
2025-12-28 12:02:27,218 - DEBUG - Upserted modifier: Mayonnaise (V1 ID: 6499, DB ID: 133317)
2025-12-28 12:02:27,656 - DEBUG - Upserted modifier: Douce (V1 ID: 6508, DB ID: 133318)
2025-12-28 12:02:28,100 - DEBUG - Upserted modifier: Moyenne (V1 ID: 6509, DB ID: 133319)
2025-12-28 12:02:28,540 - DEBUG - Upserted modifier: Fort (V1 ID: 6510, DB ID: 133320)
2025-12-28 12:02:28,975 - DEBUG - Upserted modifier: Miel et Ail (V1 ID: 6511, DB ID: 133321)
2025-12-28 12:02:29,415 - DEBUG - Upserted modifier: BBQ (V1 ID: 45699, DB ID: 133322)
2025-12-28 12:02:29,844 - DEBUG - Upserted modifier: Ranch (V1 ID: 45700, DB ID: 133323)
2025-12-28 12:02:30,276 - DEBUG - Upserted modifier: Épicée (V1 ID: 45701, DB ID: 133324)
2025-12-28 12:02:30,861 - INFO - Inserted modifier group: Sous Marin Speciale extra Frites (ID: 2590)
2025-12-28 12:02:31,004 - DEBUG - Upserted modifier: Pas de bacon (V1 ID: 8215, DB ID: 133325)
2025-12-28 12:02:31,426 - DEBUG - Upserted modifier: Poutine (V1 ID: 8216, DB ID: 133326)
2025-12-28 12:02:31,878 - DEBUG - Upserted modifier: Fromage (V1 ID: 8217, DB ID: 133327)
2025-12-28 12:02:32,308 - DEBUG - Upserted modifier: Sauce (V1 ID: 8218, DB ID: 133328)
2025-12-28 12:02:32,750 - DEBUG - Upserted modifier: Frites HIDE (V1 ID: 38682, DB ID: 133329)
2025-12-28 12:02:33,183 - DEBUG - Upserted modifier: Pain à l’ail 12" HIDE (V1 ID: 38683, DB ID: 133330)
2025-12-28 12:02:33,596 - DEBUG - Upserted modifier: Poutine HIDE (V1 ID: 38684, DB ID: 133331)
2025-12-28 12:02:34,053 - DEBUG - Upserted modifier: Poutine (V1 ID: 52511, DB ID: 133332)
2025-12-28 12:02:34,506 - DEBUG - Upserted modifier: Frites maison (V1 ID: 52296, DB ID: 133333)
2025-12-28 12:02:34,944 - DEBUG - Upserted modifier: Poulet (V1 ID: 52297, DB ID: 133334)
2025-12-28 12:02:35,397 - DEBUG - Upserted modifier: Boeuf (V1 ID: 52298, DB ID: 133335)
2025-12-28 12:02:35,830 - DEBUG - Upserted modifier: Poulet (V1 ID: 6498, DB ID: 133336)
2025-12-28 12:02:36,273 - DEBUG - Upserted modifier: La Française (V1 ID: 6512, DB ID: 133337)
2025-12-28 12:02:36,715 - DEBUG - Upserted modifier: Frites (V1 ID: 6513, DB ID: 133338)
2025-12-28 12:02:37,165 - DEBUG - Upserted modifier: Poutine (V1 ID: 45698, DB ID: 133339)
2025-12-28 12:02:37,637 - DEBUG - Upserted modifier: Fromage (V1 ID: 37601, DB ID: 133340)
2025-12-28 12:02:38,105 - DEBUG - Upserted modifier: Bacon (V1 ID: 37602, DB ID: 133341)
2025-12-28 12:02:38,564 - DEBUG - Upserted modifier: Fromage (V1 ID: 23535, DB ID: 133342)
2025-12-28 12:02:39,018 - DEBUG - Upserted modifier: Bacon (V1 ID: 23536, DB ID: 133343)
2025-12-28 12:02:39,440 - DEBUG - Upserted modifier: Pain à l’ail 12" (V1 ID: 23545, DB ID: 133344)
2025-12-28 12:02:39,875 - DEBUG - Upserted modifier: Canette de Pepsi et Frites (V1 ID: 23546, DB ID: 133345)
2025-12-28 12:02:40,458 - INFO - Inserted modifier group: Pizzas Types from 1 to 9 (ID: 2591)
2025-12-28 12:02:40,620 - DEBUG - Upserted modifier: La Classico Italiano (V1 ID: 8192, DB ID: 133346)
2025-12-28 12:02:41,075 - DEBUG - Upserted modifier: L’Hawaïenne (V1 ID: 8193, DB ID: 133347)
2025-12-28 12:02:41,515 - DEBUG - Upserted modifier: La 4 Saisons Végétarienne (V1 ID: 8194, DB ID: 133348)
2025-12-28 12:02:41,941 - DEBUG - Upserted modifier: La Tianna (V1 ID: 8195, DB ID: 133349)
2025-12-28 12:02:42,391 - DEBUG - Upserted modifier: La Mexicaine (V1 ID: 8196, DB ID: 133350)
2025-12-28 12:02:42,817 - DEBUG - Upserted modifier: La Poulet BBQ (V1 ID: 8197, DB ID: 133351)
2025-12-28 12:02:43,266 - DEBUG - Upserted modifier: La Québécoise Spécial Maison (V1 ID: 8198, DB ID: 133352)
2025-12-28 12:02:43,729 - DEBUG - Upserted modifier: La Meat Lover (V1 ID: 8199, DB ID: 133353)
2025-12-28 12:02:44,174 - DEBUG - Upserted modifier: La Canadienne (V1 ID: 8200, DB ID: 133354)
2025-12-28 12:02:44,613 - DEBUG - Upserted modifier: La Française (V1 ID: 8201, DB ID: 133355)
2025-12-28 12:02:45,042 - DEBUG - Upserted modifier: La Geo (V1 ID: 8202, DB ID: 133356)
2025-12-28 12:02:45,467 - DEBUG - Upserted modifier: La Grecque (V1 ID: 8203, DB ID: 133357)
2025-12-28 12:02:45,905 - DEBUG - Upserted modifier: L'Americaine (V1 ID: 8204, DB ID: 133358)
2025-12-28 12:02:46,372 - DEBUG - Upserted modifier: La Dani (V1 ID: 8205, DB ID: 133359)
2025-12-28 12:02:46,801 - DEBUG - Upserted modifier: La Chicago (V1 ID: 8206, DB ID: 133360)
2025-12-28 12:02:47,264 - DEBUG - Upserted modifier: La Club (V1 ID: 8207, DB ID: 133361)
2025-12-28 12:02:47,706 - DEBUG - Upserted modifier: Style Maniwaki (V1 ID: 8208, DB ID: 133362)
2025-12-28 12:02:48,150 - DEBUG - Upserted modifier: La Montrealaise (V1 ID: 8209, DB ID: 133363)
2025-12-28 12:02:48,612 - DEBUG - Upserted modifier: La Newyorkaise (V1 ID: 53362, DB ID: 133364)
2025-12-28 12:02:49,034 - DEBUG - Upserted modifier: La Tianna HIDE (V1 ID: 53363, DB ID: 133365)
2025-12-28 12:02:49,462 - DEBUG - Upserted modifier: La Dani HIDE (V1 ID: 53364, DB ID: 133366)
2025-12-28 12:02:49,937 - DEBUG - Upserted modifier: La Geo HIDE (V1 ID: 53365, DB ID: 133367)
2025-12-28 12:02:50,398 - DEBUG - Upserted modifier: La Club HIDE (V1 ID: 53366, DB ID: 133368)
2025-12-28 12:02:50,836 - DEBUG - Upserted modifier: Une Garniture (V1 ID: 8189, DB ID: 133369)
2025-12-28 12:02:51,269 - DEBUG - Upserted modifier: Le Jeune Hockeyeur (V1 ID: 8190, DB ID: 133370)
2025-12-28 12:02:51,729 - DEBUG - Upserted modifier: La Gatinoise Combinée (V1 ID: 8191, DB ID: 133371)
2025-12-28 12:02:52,164 - DEBUG - Upserted modifier: Pepperoni (V1 ID: 8171, DB ID: 133372)
2025-12-28 12:02:53,067 - DEBUG - Upserted modifier: Bacon (V1 ID: 8172, DB ID: 133373)
2025-12-28 12:02:53,919 - DEBUG - Upserted modifier: Jambon (V1 ID: 8177, DB ID: 133374)
2025-12-28 12:02:54,806 - DEBUG - Upserted modifier: Poulet (V1 ID: 8183, DB ID: 133375)
2025-12-28 12:02:55,680 - DEBUG - Upserted modifier: Saucisse Italienne (V1 ID: 8185, DB ID: 133376)
2025-12-28 12:02:56,546 - DEBUG - Upserted modifier: Viande Fumée (V1 ID: 8187, DB ID: 133377)
2025-12-28 12:02:57,431 - DEBUG - Upserted modifier: Fromage Feta (V1 ID: 8186, DB ID: 133378)
2025-12-28 12:02:58,303 - DEBUG - Upserted modifier: Champignons (V1 ID: 8173, DB ID: 133379)
2025-12-28 12:02:59,165 - DEBUG - Upserted modifier: Poivrons Verts (V1 ID: 8174, DB ID: 133380)
2025-12-28 12:03:00,024 - DEBUG - Upserted modifier: Origan (V1 ID: 8175, DB ID: 133381)
2025-12-28 12:03:00,943 - DEBUG - Upserted modifier: Basilic (V1 ID: 8176, DB ID: 133382)
2025-12-28 12:03:01,837 - DEBUG - Upserted modifier: Ananas (V1 ID: 8178, DB ID: 133383)
2025-12-28 12:03:02,753 - DEBUG - Upserted modifier: Olives (V1 ID: 8179, DB ID: 133384)
2025-12-28 12:03:03,688 - DEBUG - Upserted modifier: Tomates (V1 ID: 8180, DB ID: 133385)
2025-12-28 12:03:04,651 - DEBUG - Upserted modifier: Oignons (V1 ID: 8181, DB ID: 133386)
2025-12-28 12:03:05,648 - DEBUG - Upserted modifier: Piments Forts (V1 ID: 8182, DB ID: 133387)
2025-12-28 12:03:06,572 - DEBUG - Upserted modifier: Oignons Rouges (V1 ID: 8184, DB ID: 133388)
2025-12-28 12:03:07,638 - INFO - Inserted modifier group: Pizza Types from 10 to 21 (ID: 2592)
2025-12-28 12:03:07,789 - DEBUG - Upserted modifier: La Classico Italiano (V1 ID: 8192, DB ID: 133389)
2025-12-28 12:03:08,245 - DEBUG - Upserted modifier: L’Hawaïenne (V1 ID: 8193, DB ID: 133390)
2025-12-28 12:03:08,701 - DEBUG - Upserted modifier: La 4 Saisons Végétarienne (V1 ID: 8194, DB ID: 133391)
2025-12-28 12:03:09,135 - DEBUG - Upserted modifier: La Tianna (V1 ID: 8195, DB ID: 133392)
2025-12-28 12:03:09,592 - DEBUG - Upserted modifier: La Mexicaine (V1 ID: 8196, DB ID: 133393)
2025-12-28 12:03:10,039 - DEBUG - Upserted modifier: La Poulet BBQ (V1 ID: 8197, DB ID: 133394)
2025-12-28 12:03:10,518 - DEBUG - Upserted modifier: La Québécoise Spécial Maison (V1 ID: 8198, DB ID: 133395)
2025-12-28 12:03:10,970 - DEBUG - Upserted modifier: La Meat Lover (V1 ID: 8199, DB ID: 133396)
2025-12-28 12:03:11,411 - DEBUG - Upserted modifier: La Canadienne (V1 ID: 8200, DB ID: 133397)
2025-12-28 12:03:11,873 - DEBUG - Upserted modifier: La Française (V1 ID: 8201, DB ID: 133398)
2025-12-28 12:03:12,294 - DEBUG - Upserted modifier: La Geo (V1 ID: 8202, DB ID: 133399)
2025-12-28 12:03:12,729 - DEBUG - Upserted modifier: La Grecque (V1 ID: 8203, DB ID: 133400)
2025-12-28 12:03:13,176 - DEBUG - Upserted modifier: L'Americaine (V1 ID: 8204, DB ID: 133401)
2025-12-28 12:03:13,597 - DEBUG - Upserted modifier: La Dani (V1 ID: 8205, DB ID: 133402)
2025-12-28 12:03:14,019 - DEBUG - Upserted modifier: La Chicago (V1 ID: 8206, DB ID: 133403)
2025-12-28 12:03:14,457 - DEBUG - Upserted modifier: La Club (V1 ID: 8207, DB ID: 133404)
2025-12-28 12:03:14,897 - DEBUG - Upserted modifier: Style Maniwaki (V1 ID: 8208, DB ID: 133405)
2025-12-28 12:03:15,331 - DEBUG - Upserted modifier: La Montrealaise (V1 ID: 8209, DB ID: 133406)
2025-12-28 12:03:15,752 - DEBUG - Upserted modifier: La Newyorkaise (V1 ID: 53362, DB ID: 133407)
2025-12-28 12:03:16,181 - DEBUG - Upserted modifier: La Tianna HIDE (V1 ID: 53363, DB ID: 133408)
2025-12-28 12:03:16,616 - DEBUG - Upserted modifier: La Dani HIDE (V1 ID: 53364, DB ID: 133409)
2025-12-28 12:03:17,047 - DEBUG - Upserted modifier: La Geo HIDE (V1 ID: 53365, DB ID: 133410)
2025-12-28 12:03:17,473 - DEBUG - Upserted modifier: La Club HIDE (V1 ID: 53366, DB ID: 133411)
2025-12-28 12:03:17,891 - DEBUG - Upserted modifier: Une Garniture (V1 ID: 8189, DB ID: 133412)
2025-12-28 12:03:18,333 - DEBUG - Upserted modifier: Le Jeune Hockeyeur (V1 ID: 8190, DB ID: 133413)
2025-12-28 12:03:18,799 - DEBUG - Upserted modifier: La Gatinoise Combinée (V1 ID: 8191, DB ID: 133414)
2025-12-28 12:03:19,230 - DEBUG - Upserted modifier: Pepperoni (V1 ID: 8171, DB ID: 133415)
2025-12-28 12:03:20,119 - DEBUG - Upserted modifier: Bacon (V1 ID: 8172, DB ID: 133416)
2025-12-28 12:03:21,017 - DEBUG - Upserted modifier: Jambon (V1 ID: 8177, DB ID: 133417)
2025-12-28 12:03:21,932 - DEBUG - Upserted modifier: Poulet (V1 ID: 8183, DB ID: 133418)
2025-12-28 12:03:22,812 - DEBUG - Upserted modifier: Saucisse Italienne (V1 ID: 8185, DB ID: 133419)
2025-12-28 12:03:23,693 - DEBUG - Upserted modifier: Viande Fumée (V1 ID: 8187, DB ID: 133420)
2025-12-28 12:03:24,614 - DEBUG - Upserted modifier: Fromage Feta (V1 ID: 8186, DB ID: 133421)
2025-12-28 12:03:25,482 - DEBUG - Upserted modifier: Champignons (V1 ID: 8173, DB ID: 133422)
2025-12-28 12:03:26,422 - DEBUG - Upserted modifier: Poivrons Verts (V1 ID: 8174, DB ID: 133423)
2025-12-28 12:03:27,311 - DEBUG - Upserted modifier: Origan (V1 ID: 8175, DB ID: 133424)
2025-12-28 12:03:28,288 - DEBUG - Upserted modifier: Basilic (V1 ID: 8176, DB ID: 133425)
2025-12-28 12:03:29,932 - DEBUG - Upserted modifier: Ananas (V1 ID: 8178, DB ID: 133426)
2025-12-28 12:03:31,575 - DEBUG - Upserted modifier: Olives (V1 ID: 8179, DB ID: 133427)
2025-12-28 12:03:32,482 - DEBUG - Upserted modifier: Tomates (V1 ID: 8180, DB ID: 133428)
2025-12-28 12:03:33,373 - DEBUG - Upserted modifier: Oignons (V1 ID: 8181, DB ID: 133429)
2025-12-28 12:03:34,255 - DEBUG - Upserted modifier: Piments Forts (V1 ID: 8182, DB ID: 133430)
2025-12-28 12:03:35,130 - DEBUG - Upserted modifier: Oignons Rouges (V1 ID: 8184, DB ID: 133431)
2025-12-28 12:03:36,195 - INFO - Inserted modifier group: All Pizzas Types from 1 to 21 (ID: 2593)
2025-12-28 12:03:36,347 - DEBUG - Upserted modifier: La Classico Italiano (V1 ID: 8192, DB ID: 133432)
2025-12-28 12:03:36,779 - DEBUG - Upserted modifier: L’Hawaïenne (V1 ID: 8193, DB ID: 133433)
2025-12-28 12:03:37,259 - DEBUG - Upserted modifier: La 4 Saisons Végétarienne (V1 ID: 8194, DB ID: 133434)
2025-12-28 12:03:37,695 - DEBUG - Upserted modifier: La Tianna (V1 ID: 8195, DB ID: 133435)
2025-12-28 12:03:38,172 - DEBUG - Upserted modifier: La Mexicaine (V1 ID: 8196, DB ID: 133436)
2025-12-28 12:03:38,612 - DEBUG - Upserted modifier: La Poulet BBQ (V1 ID: 8197, DB ID: 133437)
2025-12-28 12:03:39,093 - DEBUG - Upserted modifier: La Québécoise Spécial Maison (V1 ID: 8198, DB ID: 133438)
2025-12-28 12:03:39,574 - DEBUG - Upserted modifier: La Meat Lover (V1 ID: 8199, DB ID: 133439)
2025-12-28 12:03:40,042 - DEBUG - Upserted modifier: La Canadienne (V1 ID: 8200, DB ID: 133440)
2025-12-28 12:03:40,506 - DEBUG - Upserted modifier: La Française (V1 ID: 8201, DB ID: 133441)
2025-12-28 12:03:40,945 - DEBUG - Upserted modifier: La Geo (V1 ID: 8202, DB ID: 133442)
2025-12-28 12:03:41,392 - DEBUG - Upserted modifier: La Grecque (V1 ID: 8203, DB ID: 133443)
2025-12-28 12:03:41,856 - DEBUG - Upserted modifier: L'Americaine (V1 ID: 8204, DB ID: 133444)
2025-12-28 12:03:42,295 - DEBUG - Upserted modifier: La Dani (V1 ID: 8205, DB ID: 133445)
2025-12-28 12:03:42,740 - DEBUG - Upserted modifier: La Chicago (V1 ID: 8206, DB ID: 133446)
2025-12-28 12:03:43,179 - DEBUG - Upserted modifier: La Club (V1 ID: 8207, DB ID: 133447)
2025-12-28 12:03:43,622 - DEBUG - Upserted modifier: Style Maniwaki (V1 ID: 8208, DB ID: 133448)
2025-12-28 12:03:44,064 - DEBUG - Upserted modifier: La Montrealaise (V1 ID: 8209, DB ID: 133449)
2025-12-28 12:03:44,507 - DEBUG - Upserted modifier: La Newyorkaise (V1 ID: 53362, DB ID: 133450)
2025-12-28 12:03:44,949 - DEBUG - Upserted modifier: La Tianna HIDE (V1 ID: 53363, DB ID: 133451)
2025-12-28 12:03:45,402 - DEBUG - Upserted modifier: La Dani HIDE (V1 ID: 53364, DB ID: 133452)
2025-12-28 12:03:45,857 - DEBUG - Upserted modifier: La Geo HIDE (V1 ID: 53365, DB ID: 133453)
2025-12-28 12:03:46,311 - DEBUG - Upserted modifier: La Club HIDE (V1 ID: 53366, DB ID: 133454)
2025-12-28 12:03:46,758 - DEBUG - Upserted modifier: Une Garniture (V1 ID: 8189, DB ID: 133455)
2025-12-28 12:03:47,198 - DEBUG - Upserted modifier: Le Jeune Hockeyeur (V1 ID: 8190, DB ID: 133456)
2025-12-28 12:03:47,627 - DEBUG - Upserted modifier: La Gatinoise Combinée (V1 ID: 8191, DB ID: 133457)
2025-12-28 12:03:48,066 - DEBUG - Upserted modifier: Pepperoni (V1 ID: 8171, DB ID: 133458)
2025-12-28 12:03:48,949 - DEBUG - Upserted modifier: Bacon (V1 ID: 8172, DB ID: 133459)
2025-12-28 12:03:49,858 - DEBUG - Upserted modifier: Jambon (V1 ID: 8177, DB ID: 133460)
2025-12-28 12:03:50,747 - DEBUG - Upserted modifier: Poulet (V1 ID: 8183, DB ID: 133461)
2025-12-28 12:03:51,626 - DEBUG - Upserted modifier: Saucisse Italienne (V1 ID: 8185, DB ID: 133462)
2025-12-28 12:03:52,500 - DEBUG - Upserted modifier: Viande Fumée (V1 ID: 8187, DB ID: 133463)
2025-12-28 12:03:53,400 - DEBUG - Upserted modifier: Fromage Feta (V1 ID: 8186, DB ID: 133464)
2025-12-28 12:03:54,267 - DEBUG - Upserted modifier: Champignons (V1 ID: 8173, DB ID: 133465)
2025-12-28 12:03:55,141 - DEBUG - Upserted modifier: Poivrons Verts (V1 ID: 8174, DB ID: 133466)
2025-12-28 12:03:56,008 - DEBUG - Upserted modifier: Origan (V1 ID: 8175, DB ID: 133467)
2025-12-28 12:03:56,910 - DEBUG - Upserted modifier: Basilic (V1 ID: 8176, DB ID: 133468)
2025-12-28 12:03:57,773 - DEBUG - Upserted modifier: Ananas (V1 ID: 8178, DB ID: 133469)
2025-12-28 12:03:58,635 - DEBUG - Upserted modifier: Olives (V1 ID: 8179, DB ID: 133470)
2025-12-28 12:03:59,512 - DEBUG - Upserted modifier: Tomates (V1 ID: 8180, DB ID: 133471)
2025-12-28 12:04:00,425 - DEBUG - Upserted modifier: Oignons (V1 ID: 8181, DB ID: 133472)
2025-12-28 12:04:01,293 - DEBUG - Upserted modifier: Piments Forts (V1 ID: 8182, DB ID: 133473)
2025-12-28 12:04:02,185 - DEBUG - Upserted modifier: Oignons Rouges (V1 ID: 8184, DB ID: 133474)
2025-12-28 12:04:03,227 - INFO - Inserted modifier group: Pizza Toppings (ID: 2594)
2025-12-28 12:04:03,388 - DEBUG - Upserted modifier: La Classico Italiano (V1 ID: 8192, DB ID: 133475)
2025-12-28 12:04:03,832 - DEBUG - Upserted modifier: L’Hawaïenne (V1 ID: 8193, DB ID: 133476)
2025-12-28 12:04:04,277 - DEBUG - Upserted modifier: La 4 Saisons Végétarienne (V1 ID: 8194, DB ID: 133477)
2025-12-28 12:04:04,731 - DEBUG - Upserted modifier: La Tianna (V1 ID: 8195, DB ID: 133478)
2025-12-28 12:04:05,159 - DEBUG - Upserted modifier: La Mexicaine (V1 ID: 8196, DB ID: 133479)
2025-12-28 12:04:05,641 - DEBUG - Upserted modifier: La Poulet BBQ (V1 ID: 8197, DB ID: 133480)
2025-12-28 12:04:06,073 - DEBUG - Upserted modifier: La Québécoise Spécial Maison (V1 ID: 8198, DB ID: 133481)
2025-12-28 12:04:06,489 - DEBUG - Upserted modifier: La Meat Lover (V1 ID: 8199, DB ID: 133482)
2025-12-28 12:04:06,920 - DEBUG - Upserted modifier: La Canadienne (V1 ID: 8200, DB ID: 133483)
2025-12-28 12:04:07,357 - DEBUG - Upserted modifier: La Française (V1 ID: 8201, DB ID: 133484)
2025-12-28 12:04:07,801 - DEBUG - Upserted modifier: La Geo (V1 ID: 8202, DB ID: 133485)
2025-12-28 12:04:08,234 - DEBUG - Upserted modifier: La Grecque (V1 ID: 8203, DB ID: 133486)
2025-12-28 12:04:08,694 - DEBUG - Upserted modifier: L'Americaine (V1 ID: 8204, DB ID: 133487)
2025-12-28 12:04:09,141 - DEBUG - Upserted modifier: La Dani (V1 ID: 8205, DB ID: 133488)
2025-12-28 12:04:09,612 - DEBUG - Upserted modifier: La Chicago (V1 ID: 8206, DB ID: 133489)
2025-12-28 12:04:10,058 - DEBUG - Upserted modifier: La Club (V1 ID: 8207, DB ID: 133490)
2025-12-28 12:04:10,538 - DEBUG - Upserted modifier: Style Maniwaki (V1 ID: 8208, DB ID: 133491)
2025-12-28 12:04:10,962 - DEBUG - Upserted modifier: La Montrealaise (V1 ID: 8209, DB ID: 133492)
2025-12-28 12:04:11,432 - DEBUG - Upserted modifier: La Newyorkaise (V1 ID: 53362, DB ID: 133493)
2025-12-28 12:04:11,880 - DEBUG - Upserted modifier: La Tianna HIDE (V1 ID: 53363, DB ID: 133494)
2025-12-28 12:04:12,322 - DEBUG - Upserted modifier: La Dani HIDE (V1 ID: 53364, DB ID: 133495)
2025-12-28 12:04:12,757 - DEBUG - Upserted modifier: La Geo HIDE (V1 ID: 53365, DB ID: 133496)
2025-12-28 12:04:13,237 - DEBUG - Upserted modifier: La Club HIDE (V1 ID: 53366, DB ID: 133497)
2025-12-28 12:04:13,704 - DEBUG - Upserted modifier: Une Garniture (V1 ID: 8189, DB ID: 133498)
2025-12-28 12:04:14,145 - DEBUG - Upserted modifier: Le Jeune Hockeyeur (V1 ID: 8190, DB ID: 133499)
2025-12-28 12:04:14,592 - DEBUG - Upserted modifier: La Gatinoise Combinée (V1 ID: 8191, DB ID: 133500)
2025-12-28 12:04:15,027 - DEBUG - Upserted modifier: Pepperoni (V1 ID: 8171, DB ID: 133501)
2025-12-28 12:04:15,926 - DEBUG - Upserted modifier: Bacon (V1 ID: 8172, DB ID: 133502)
2025-12-28 12:04:16,815 - DEBUG - Upserted modifier: Jambon (V1 ID: 8177, DB ID: 133503)
2025-12-28 12:04:17,739 - DEBUG - Upserted modifier: Poulet (V1 ID: 8183, DB ID: 133504)
2025-12-28 12:04:18,922 - DEBUG - Upserted modifier: Saucisse Italienne (V1 ID: 8185, DB ID: 133505)
2025-12-28 12:04:19,821 - DEBUG - Upserted modifier: Viande Fumée (V1 ID: 8187, DB ID: 133506)
2025-12-28 12:04:20,703 - DEBUG - Upserted modifier: Fromage Feta (V1 ID: 8186, DB ID: 133507)
2025-12-28 12:04:21,570 - DEBUG - Upserted modifier: Champignons (V1 ID: 8173, DB ID: 133508)
2025-12-28 12:04:22,426 - DEBUG - Upserted modifier: Poivrons Verts (V1 ID: 8174, DB ID: 133509)
2025-12-28 12:04:23,330 - DEBUG - Upserted modifier: Origan (V1 ID: 8175, DB ID: 133510)
2025-12-28 12:04:24,201 - DEBUG - Upserted modifier: Basilic (V1 ID: 8176, DB ID: 133511)
2025-12-28 12:04:25,076 - DEBUG - Upserted modifier: Ananas (V1 ID: 8178, DB ID: 133512)
2025-12-28 12:04:25,978 - DEBUG - Upserted modifier: Olives (V1 ID: 8179, DB ID: 133513)
2025-12-28 12:04:26,851 - DEBUG - Upserted modifier: Tomates (V1 ID: 8180, DB ID: 133514)
2025-12-28 12:04:27,723 - DEBUG - Upserted modifier: Oignons (V1 ID: 8181, DB ID: 133515)
2025-12-28 12:04:28,586 - DEBUG - Upserted modifier: Piments Forts (V1 ID: 8182, DB ID: 133516)
2025-12-28 12:04:29,478 - DEBUG - Upserted modifier: Oignons Rouges (V1 ID: 8184, DB ID: 133517)
2025-12-28 12:04:30,504 - INFO - Inserted modifier group: Pizza from 1 to 8 (ID: 2595)
2025-12-28 12:04:30,662 - DEBUG - Upserted modifier: La Classico Italiano (V1 ID: 8192, DB ID: 133518)
2025-12-28 12:04:31,115 - DEBUG - Upserted modifier: L’Hawaïenne (V1 ID: 8193, DB ID: 133519)
2025-12-28 12:04:31,567 - DEBUG - Upserted modifier: La 4 Saisons Végétarienne (V1 ID: 8194, DB ID: 133520)
2025-12-28 12:04:32,001 - DEBUG - Upserted modifier: La Tianna (V1 ID: 8195, DB ID: 133521)
2025-12-28 12:04:32,415 - DEBUG - Upserted modifier: La Mexicaine (V1 ID: 8196, DB ID: 133522)
2025-12-28 12:04:32,856 - DEBUG - Upserted modifier: La Poulet BBQ (V1 ID: 8197, DB ID: 133523)
2025-12-28 12:04:33,314 - DEBUG - Upserted modifier: La Québécoise Spécial Maison (V1 ID: 8198, DB ID: 133524)
2025-12-28 12:04:33,757 - DEBUG - Upserted modifier: La Meat Lover (V1 ID: 8199, DB ID: 133525)
2025-12-28 12:04:34,187 - DEBUG - Upserted modifier: La Canadienne (V1 ID: 8200, DB ID: 133526)
2025-12-28 12:04:34,616 - DEBUG - Upserted modifier: La Française (V1 ID: 8201, DB ID: 133527)
2025-12-28 12:04:35,030 - DEBUG - Upserted modifier: La Geo (V1 ID: 8202, DB ID: 133528)
2025-12-28 12:04:35,468 - DEBUG - Upserted modifier: La Grecque (V1 ID: 8203, DB ID: 133529)
2025-12-28 12:04:35,939 - DEBUG - Upserted modifier: L'Americaine (V1 ID: 8204, DB ID: 133530)
2025-12-28 12:04:36,387 - DEBUG - Upserted modifier: La Dani (V1 ID: 8205, DB ID: 133531)
2025-12-28 12:04:36,838 - DEBUG - Upserted modifier: La Chicago (V1 ID: 8206, DB ID: 133532)
2025-12-28 12:04:37,278 - DEBUG - Upserted modifier: La Club (V1 ID: 8207, DB ID: 133533)
2025-12-28 12:04:37,734 - DEBUG - Upserted modifier: Style Maniwaki (V1 ID: 8208, DB ID: 133534)
2025-12-28 12:04:38,173 - DEBUG - Upserted modifier: La Montrealaise (V1 ID: 8209, DB ID: 133535)
2025-12-28 12:04:38,607 - DEBUG - Upserted modifier: La Newyorkaise (V1 ID: 53362, DB ID: 133536)
2025-12-28 12:04:39,056 - DEBUG - Upserted modifier: La Tianna HIDE (V1 ID: 53363, DB ID: 133537)
2025-12-28 12:04:39,515 - DEBUG - Upserted modifier: La Dani HIDE (V1 ID: 53364, DB ID: 133538)
2025-12-28 12:04:39,948 - DEBUG - Upserted modifier: La Geo HIDE (V1 ID: 53365, DB ID: 133539)
2025-12-28 12:04:40,395 - DEBUG - Upserted modifier: La Club HIDE (V1 ID: 53366, DB ID: 133540)
2025-12-28 12:04:40,831 - DEBUG - Upserted modifier: Une Garniture (V1 ID: 8189, DB ID: 133541)
2025-12-28 12:04:41,280 - DEBUG - Upserted modifier: Le Jeune Hockeyeur (V1 ID: 8190, DB ID: 133542)
2025-12-28 12:04:41,739 - DEBUG - Upserted modifier: La Gatinoise Combinée (V1 ID: 8191, DB ID: 133543)
2025-12-28 12:04:42,191 - DEBUG - Upserted modifier: Pepperoni (V1 ID: 8171, DB ID: 133544)
2025-12-28 12:04:43,059 - DEBUG - Upserted modifier: Bacon (V1 ID: 8172, DB ID: 133545)
2025-12-28 12:04:43,943 - DEBUG - Upserted modifier: Jambon (V1 ID: 8177, DB ID: 133546)
2025-12-28 12:04:44,817 - DEBUG - Upserted modifier: Poulet (V1 ID: 8183, DB ID: 133547)
2025-12-28 12:04:45,684 - DEBUG - Upserted modifier: Saucisse Italienne (V1 ID: 8185, DB ID: 133548)
2025-12-28 12:04:46,614 - DEBUG - Upserted modifier: Viande Fumée (V1 ID: 8187, DB ID: 133549)
2025-12-28 12:04:47,513 - DEBUG - Upserted modifier: Fromage Feta (V1 ID: 8186, DB ID: 133550)
2025-12-28 12:04:48,372 - DEBUG - Upserted modifier: Champignons (V1 ID: 8173, DB ID: 133551)
2025-12-28 12:04:49,246 - DEBUG - Upserted modifier: Poivrons Verts (V1 ID: 8174, DB ID: 133552)
2025-12-28 12:04:50,137 - DEBUG - Upserted modifier: Origan (V1 ID: 8175, DB ID: 133553)
2025-12-28 12:04:51,029 - DEBUG - Upserted modifier: Basilic (V1 ID: 8176, DB ID: 133554)
2025-12-28 12:04:51,900 - DEBUG - Upserted modifier: Ananas (V1 ID: 8178, DB ID: 133555)
2025-12-28 12:04:52,795 - DEBUG - Upserted modifier: Olives (V1 ID: 8179, DB ID: 133556)
2025-12-28 12:04:53,703 - DEBUG - Upserted modifier: Tomates (V1 ID: 8180, DB ID: 133557)
2025-12-28 12:04:54,581 - DEBUG - Upserted modifier: Oignons (V1 ID: 8181, DB ID: 133558)
2025-12-28 12:04:55,498 - DEBUG - Upserted modifier: Piments Forts (V1 ID: 8182, DB ID: 133559)
2025-12-28 12:04:56,386 - DEBUG - Upserted modifier: Oignons Rouges (V1 ID: 8184, DB ID: 133560)
2025-12-28 12:04:57,372 - INFO - Inserted modifier group: Pizza from 9 to 21 (ID: 2596)
2025-12-28 12:04:57,554 - DEBUG - Upserted modifier: La Classico Italiano (V1 ID: 8192, DB ID: 133561)
2025-12-28 12:04:58,028 - DEBUG - Upserted modifier: L’Hawaïenne (V1 ID: 8193, DB ID: 133562)
2025-12-28 12:04:58,450 - DEBUG - Upserted modifier: La 4 Saisons Végétarienne (V1 ID: 8194, DB ID: 133563)
2025-12-28 12:04:58,917 - DEBUG - Upserted modifier: La Tianna (V1 ID: 8195, DB ID: 133564)
2025-12-28 12:04:59,353 - DEBUG - Upserted modifier: La Mexicaine (V1 ID: 8196, DB ID: 133565)
2025-12-28 12:04:59,795 - DEBUG - Upserted modifier: La Poulet BBQ (V1 ID: 8197, DB ID: 133566)
2025-12-28 12:05:00,232 - DEBUG - Upserted modifier: La Québécoise Spécial Maison (V1 ID: 8198, DB ID: 133567)
2025-12-28 12:05:00,646 - DEBUG - Upserted modifier: La Meat Lover (V1 ID: 8199, DB ID: 133568)
2025-12-28 12:05:01,076 - DEBUG - Upserted modifier: La Canadienne (V1 ID: 8200, DB ID: 133569)
2025-12-28 12:05:01,540 - DEBUG - Upserted modifier: La Française (V1 ID: 8201, DB ID: 133570)
2025-12-28 12:05:01,992 - DEBUG - Upserted modifier: La Geo (V1 ID: 8202, DB ID: 133571)
2025-12-28 12:05:02,439 - DEBUG - Upserted modifier: La Grecque (V1 ID: 8203, DB ID: 133572)
2025-12-28 12:05:02,874 - DEBUG - Upserted modifier: L'Americaine (V1 ID: 8204, DB ID: 133573)
2025-12-28 12:05:03,299 - DEBUG - Upserted modifier: La Dani (V1 ID: 8205, DB ID: 133574)
2025-12-28 12:05:03,745 - DEBUG - Upserted modifier: La Chicago (V1 ID: 8206, DB ID: 133575)
2025-12-28 12:05:04,184 - DEBUG - Upserted modifier: La Club (V1 ID: 8207, DB ID: 133576)
2025-12-28 12:05:04,601 - DEBUG - Upserted modifier: Style Maniwaki (V1 ID: 8208, DB ID: 133577)
2025-12-28 12:05:05,023 - DEBUG - Upserted modifier: La Montrealaise (V1 ID: 8209, DB ID: 133578)
2025-12-28 12:05:05,459 - DEBUG - Upserted modifier: La Newyorkaise (V1 ID: 53362, DB ID: 133579)
2025-12-28 12:05:05,891 - DEBUG - Upserted modifier: La Tianna HIDE (V1 ID: 53363, DB ID: 133580)
2025-12-28 12:05:06,319 - DEBUG - Upserted modifier: La Dani HIDE (V1 ID: 53364, DB ID: 133581)
2025-12-28 12:05:06,759 - DEBUG - Upserted modifier: La Geo HIDE (V1 ID: 53365, DB ID: 133582)
2025-12-28 12:05:07,194 - DEBUG - Upserted modifier: La Club HIDE (V1 ID: 53366, DB ID: 133583)
2025-12-28 12:05:07,643 - DEBUG - Upserted modifier: Une Garniture (V1 ID: 8189, DB ID: 133584)
2025-12-28 12:05:08,098 - DEBUG - Upserted modifier: Le Jeune Hockeyeur (V1 ID: 8190, DB ID: 133585)
2025-12-28 12:05:08,542 - DEBUG - Upserted modifier: La Gatinoise Combinée (V1 ID: 8191, DB ID: 133586)
2025-12-28 12:05:08,976 - DEBUG - Upserted modifier: Pepperoni (V1 ID: 8171, DB ID: 133587)
2025-12-28 12:05:09,867 - DEBUG - Upserted modifier: Bacon (V1 ID: 8172, DB ID: 133588)
2025-12-28 12:05:10,718 - DEBUG - Upserted modifier: Jambon (V1 ID: 8177, DB ID: 133589)
2025-12-28 12:05:11,573 - DEBUG - Upserted modifier: Poulet (V1 ID: 8183, DB ID: 133590)
2025-12-28 12:05:12,442 - DEBUG - Upserted modifier: Saucisse Italienne (V1 ID: 8185, DB ID: 133591)
2025-12-28 12:05:13,286 - DEBUG - Upserted modifier: Viande Fumée (V1 ID: 8187, DB ID: 133592)
2025-12-28 12:05:14,153 - DEBUG - Upserted modifier: Fromage Feta (V1 ID: 8186, DB ID: 133593)
2025-12-28 12:05:15,003 - DEBUG - Upserted modifier: Champignons (V1 ID: 8173, DB ID: 133594)
2025-12-28 12:05:15,858 - DEBUG - Upserted modifier: Poivrons Verts (V1 ID: 8174, DB ID: 133595)
2025-12-28 12:05:16,713 - DEBUG - Upserted modifier: Origan (V1 ID: 8175, DB ID: 133596)
2025-12-28 12:05:17,563 - DEBUG - Upserted modifier: Basilic (V1 ID: 8176, DB ID: 133597)
2025-12-28 12:05:18,426 - DEBUG - Upserted modifier: Ananas (V1 ID: 8178, DB ID: 133598)
2025-12-28 12:05:19,285 - DEBUG - Upserted modifier: Olives (V1 ID: 8179, DB ID: 133599)
2025-12-28 12:05:20,179 - DEBUG - Upserted modifier: Tomates (V1 ID: 8180, DB ID: 133600)
2025-12-28 12:05:21,031 - DEBUG - Upserted modifier: Oignons (V1 ID: 8181, DB ID: 133601)
2025-12-28 12:05:21,899 - DEBUG - Upserted modifier: Piments Forts (V1 ID: 8182, DB ID: 133602)
2025-12-28 12:05:22,773 - DEBUG - Upserted modifier: Oignons Rouges (V1 ID: 8184, DB ID: 133603)
2025-12-28 12:05:23,799 - INFO - Inserted modifier group: Drinks can (ID: 2597)
2025-12-28 12:05:23,938 - DEBUG - Upserted modifier: Ginger Ale (V1 ID: 8210, DB ID: 133604)
2025-12-28 12:05:24,371 - DEBUG - Upserted modifier: Orange Crush (V1 ID: 8211, DB ID: 133605)
2025-12-28 12:05:24,792 - DEBUG - Upserted modifier: Pepsi (V1 ID: 8212, DB ID: 133606)
2025-12-28 12:05:25,246 - DEBUG - Upserted modifier: Diet Pepsi (V1 ID: 8213, DB ID: 133607)
2025-12-28 12:05:25,681 - DEBUG - Upserted modifier: 7 Up (V1 ID: 8214, DB ID: 133608)
2025-12-28 12:05:26,263 - INFO - Inserted modifier group: No bacon for caesar salad (ID: 2598)
2025-12-28 12:05:26,439 - DEBUG - Upserted modifier: Pas de bacon (V1 ID: 8215, DB ID: 133609)
2025-12-28 12:05:26,879 - DEBUG - Upserted modifier: Poutine (V1 ID: 8216, DB ID: 133610)
2025-12-28 12:05:27,300 - DEBUG - Upserted modifier: Fromage (V1 ID: 8217, DB ID: 133611)
2025-12-28 12:05:27,748 - DEBUG - Upserted modifier: Sauce (V1 ID: 8218, DB ID: 133612)
2025-12-28 12:05:28,308 - DEBUG - Upserted modifier: Frites HIDE (V1 ID: 38682, DB ID: 133613)
2025-12-28 12:05:29,296 - DEBUG - Upserted modifier: Pain à l’ail 12" HIDE (V1 ID: 38683, DB ID: 133614)
2025-12-28 12:05:30,145 - DEBUG - Upserted modifier: Poutine HIDE (V1 ID: 38684, DB ID: 133615)
2025-12-28 12:05:31,097 - DEBUG - Upserted modifier: Poutine (V1 ID: 52511, DB ID: 133616)
2025-12-28 12:05:31,951 - DEBUG - Upserted modifier: Frites maison (V1 ID: 52296, DB ID: 133617)
2025-12-28 12:05:32,796 - DEBUG - Upserted modifier: Poulet (V1 ID: 52297, DB ID: 133618)
2025-12-28 12:05:33,423 - DEBUG - Upserted modifier: Boeuf (V1 ID: 52298, DB ID: 133619)
2025-12-28 12:05:34,133 - DEBUG - Upserted modifier: Poulet (V1 ID: 6498, DB ID: 133620)
2025-12-28 12:05:34,686 - DEBUG - Upserted modifier: La Française (V1 ID: 6512, DB ID: 133621)
2025-12-28 12:05:35,114 - DEBUG - Upserted modifier: Frites (V1 ID: 6513, DB ID: 133622)
2025-12-28 12:05:35,548 - DEBUG - Upserted modifier: Poutine (V1 ID: 45698, DB ID: 133623)
2025-12-28 12:05:35,988 - DEBUG - Upserted modifier: Fromage (V1 ID: 37601, DB ID: 133624)
2025-12-28 12:05:36,464 - DEBUG - Upserted modifier: Bacon (V1 ID: 37602, DB ID: 133625)
2025-12-28 12:05:36,897 - DEBUG - Upserted modifier: Fromage (V1 ID: 23535, DB ID: 133626)
2025-12-28 12:05:37,350 - DEBUG - Upserted modifier: Bacon (V1 ID: 23536, DB ID: 133627)
2025-12-28 12:05:37,777 - DEBUG - Upserted modifier: Pain à l’ail 12" (V1 ID: 23545, DB ID: 133628)
2025-12-28 12:05:38,246 - DEBUG - Upserted modifier: Canette de Pepsi et Frites (V1 ID: 23546, DB ID: 133629)
2025-12-28 12:05:38,820 - INFO - Inserted modifier group: Sous marins chaud upgrade to poutine (ID: 2599)
2025-12-28 12:05:38,963 - DEBUG - Upserted modifier: Pas de bacon (V1 ID: 8215, DB ID: 133630)
2025-12-28 12:05:39,391 - DEBUG - Upserted modifier: Poutine (V1 ID: 8216, DB ID: 133631)
2025-12-28 12:05:39,829 - DEBUG - Upserted modifier: Fromage (V1 ID: 8217, DB ID: 133632)
2025-12-28 12:05:40,269 - DEBUG - Upserted modifier: Sauce (V1 ID: 8218, DB ID: 133633)
2025-12-28 12:05:40,689 - DEBUG - Upserted modifier: Frites HIDE (V1 ID: 38682, DB ID: 133634)
2025-12-28 12:05:41,107 - DEBUG - Upserted modifier: Pain à l’ail 12" HIDE (V1 ID: 38683, DB ID: 133635)
2025-12-28 12:05:41,522 - DEBUG - Upserted modifier: Poutine HIDE (V1 ID: 38684, DB ID: 133636)
2025-12-28 12:05:41,947 - DEBUG - Upserted modifier: Poutine (V1 ID: 52511, DB ID: 133637)
2025-12-28 12:05:42,408 - DEBUG - Upserted modifier: Frites maison (V1 ID: 52296, DB ID: 133638)
2025-12-28 12:05:42,861 - DEBUG - Upserted modifier: Poulet (V1 ID: 52297, DB ID: 133639)
2025-12-28 12:05:43,275 - DEBUG - Upserted modifier: Boeuf (V1 ID: 52298, DB ID: 133640)
2025-12-28 12:05:43,706 - DEBUG - Upserted modifier: Poulet (V1 ID: 6498, DB ID: 133641)
2025-12-28 12:05:44,144 - DEBUG - Upserted modifier: La Française (V1 ID: 6512, DB ID: 133642)
2025-12-28 12:05:44,600 - DEBUG - Upserted modifier: Frites (V1 ID: 6513, DB ID: 133643)
2025-12-28 12:05:45,040 - DEBUG - Upserted modifier: Poutine (V1 ID: 45698, DB ID: 133644)
2025-12-28 12:05:45,469 - DEBUG - Upserted modifier: Fromage (V1 ID: 37601, DB ID: 133645)
2025-12-28 12:05:45,894 - DEBUG - Upserted modifier: Bacon (V1 ID: 37602, DB ID: 133646)
2025-12-28 12:05:46,349 - DEBUG - Upserted modifier: Fromage (V1 ID: 23535, DB ID: 133647)
2025-12-28 12:05:46,773 - DEBUG - Upserted modifier: Bacon (V1 ID: 23536, DB ID: 133648)
2025-12-28 12:05:47,186 - DEBUG - Upserted modifier: Pain à l’ail 12" (V1 ID: 23545, DB ID: 133649)
2025-12-28 12:05:47,636 - DEBUG - Upserted modifier: Canette de Pepsi et Frites (V1 ID: 23546, DB ID: 133650)
2025-12-28 12:05:48,220 - INFO - Inserted modifier group: poutine extra fromage and sauce (ID: 2600)
2025-12-28 12:05:48,361 - DEBUG - Upserted modifier: Pas de bacon (V1 ID: 8215, DB ID: 133651)
2025-12-28 12:05:48,786 - DEBUG - Upserted modifier: Poutine (V1 ID: 8216, DB ID: 133652)
2025-12-28 12:05:49,208 - DEBUG - Upserted modifier: Fromage (V1 ID: 8217, DB ID: 133653)
2025-12-28 12:05:49,683 - DEBUG - Upserted modifier: Sauce (V1 ID: 8218, DB ID: 133654)
2025-12-28 12:05:50,110 - DEBUG - Upserted modifier: Frites HIDE (V1 ID: 38682, DB ID: 133655)
2025-12-28 12:05:50,547 - DEBUG - Upserted modifier: Pain à l’ail 12" HIDE (V1 ID: 38683, DB ID: 133656)
2025-12-28 12:05:50,965 - DEBUG - Upserted modifier: Poutine HIDE (V1 ID: 38684, DB ID: 133657)
2025-12-28 12:05:51,420 - DEBUG - Upserted modifier: Poutine (V1 ID: 52511, DB ID: 133658)
2025-12-28 12:05:51,840 - DEBUG - Upserted modifier: Frites maison (V1 ID: 52296, DB ID: 133659)
2025-12-28 12:05:52,266 - DEBUG - Upserted modifier: Poulet (V1 ID: 52297, DB ID: 133660)
2025-12-28 12:05:52,690 - DEBUG - Upserted modifier: Boeuf (V1 ID: 52298, DB ID: 133661)
2025-12-28 12:05:53,141 - DEBUG - Upserted modifier: Poulet (V1 ID: 6498, DB ID: 133662)
2025-12-28 12:05:53,568 - DEBUG - Upserted modifier: La Française (V1 ID: 6512, DB ID: 133663)
2025-12-28 12:05:54,007 - DEBUG - Upserted modifier: Frites (V1 ID: 6513, DB ID: 133664)
2025-12-28 12:05:54,461 - DEBUG - Upserted modifier: Poutine (V1 ID: 45698, DB ID: 133665)
2025-12-28 12:05:54,878 - DEBUG - Upserted modifier: Fromage (V1 ID: 37601, DB ID: 133666)
2025-12-28 12:05:55,310 - DEBUG - Upserted modifier: Bacon (V1 ID: 37602, DB ID: 133667)
2025-12-28 12:05:55,744 - DEBUG - Upserted modifier: Fromage (V1 ID: 23535, DB ID: 133668)
2025-12-28 12:05:56,179 - DEBUG - Upserted modifier: Bacon (V1 ID: 23536, DB ID: 133669)
2025-12-28 12:05:56,614 - DEBUG - Upserted modifier: Pain à l’ail 12" (V1 ID: 23545, DB ID: 133670)
2025-12-28 12:05:57,040 - DEBUG - Upserted modifier: Canette de Pepsi et Frites (V1 ID: 23546, DB ID: 133671)
2025-12-28 12:05:57,626 - INFO - Inserted modifier group: Burgers Extras (ID: 2601)
2025-12-28 12:05:57,763 - DEBUG - Upserted modifier: Pas de bacon (V1 ID: 8215, DB ID: 133672)
2025-12-28 12:05:58,208 - DEBUG - Upserted modifier: Poutine (V1 ID: 8216, DB ID: 133673)
2025-12-28 12:05:58,645 - DEBUG - Upserted modifier: Fromage (V1 ID: 8217, DB ID: 133674)
2025-12-28 12:05:59,068 - DEBUG - Upserted modifier: Sauce (V1 ID: 8218, DB ID: 133675)
2025-12-28 12:05:59,491 - DEBUG - Upserted modifier: Frites HIDE (V1 ID: 38682, DB ID: 133676)
2025-12-28 12:05:59,923 - DEBUG - Upserted modifier: Pain à l’ail 12" HIDE (V1 ID: 38683, DB ID: 133677)
2025-12-28 12:06:00,389 - DEBUG - Upserted modifier: Poutine HIDE (V1 ID: 38684, DB ID: 133678)
2025-12-28 12:06:00,819 - DEBUG - Upserted modifier: Poutine (V1 ID: 52511, DB ID: 133679)
2025-12-28 12:06:01,245 - DEBUG - Upserted modifier: Frites maison (V1 ID: 52296, DB ID: 133680)
2025-12-28 12:06:01,703 - DEBUG - Upserted modifier: Poulet (V1 ID: 52297, DB ID: 133681)
2025-12-28 12:06:02,167 - DEBUG - Upserted modifier: Boeuf (V1 ID: 52298, DB ID: 133682)
2025-12-28 12:06:02,593 - DEBUG - Upserted modifier: Poulet (V1 ID: 6498, DB ID: 133683)
2025-12-28 12:06:03,049 - DEBUG - Upserted modifier: La Française (V1 ID: 6512, DB ID: 133684)
2025-12-28 12:06:03,550 - DEBUG - Upserted modifier: Frites (V1 ID: 6513, DB ID: 133685)
2025-12-28 12:06:03,991 - DEBUG - Upserted modifier: Poutine (V1 ID: 45698, DB ID: 133686)
2025-12-28 12:06:04,424 - DEBUG - Upserted modifier: Fromage (V1 ID: 37601, DB ID: 133687)
2025-12-28 12:06:04,874 - DEBUG - Upserted modifier: Bacon (V1 ID: 37602, DB ID: 133688)
2025-12-28 12:06:05,406 - DEBUG - Upserted modifier: Fromage (V1 ID: 23535, DB ID: 133689)
2025-12-28 12:06:05,828 - DEBUG - Upserted modifier: Bacon (V1 ID: 23536, DB ID: 133690)
2025-12-28 12:06:06,282 - DEBUG - Upserted modifier: Pain à l’ail 12" (V1 ID: 23545, DB ID: 133691)
2025-12-28 12:06:06,701 - DEBUG - Upserted modifier: Canette de Pepsi et Frites (V1 ID: 23546, DB ID: 133692)
2025-12-28 12:06:07,292 - INFO - Inserted modifier group: Extra Garlic Bread for Familiale no4 (ID: 2602)
2025-12-28 12:06:07,443 - DEBUG - Upserted modifier: Pas de bacon (V1 ID: 8215, DB ID: 133693)
2025-12-28 12:06:07,885 - DEBUG - Upserted modifier: Poutine (V1 ID: 8216, DB ID: 133694)
2025-12-28 12:06:08,368 - DEBUG - Upserted modifier: Fromage (V1 ID: 8217, DB ID: 133695)
2025-12-28 12:06:08,799 - DEBUG - Upserted modifier: Sauce (V1 ID: 8218, DB ID: 133696)
2025-12-28 12:06:09,217 - DEBUG - Upserted modifier: Frites HIDE (V1 ID: 38682, DB ID: 133697)
2025-12-28 12:06:09,648 - DEBUG - Upserted modifier: Pain à l’ail 12" HIDE (V1 ID: 38683, DB ID: 133698)
2025-12-28 12:06:10,096 - DEBUG - Upserted modifier: Poutine HIDE (V1 ID: 38684, DB ID: 133699)
2025-12-28 12:06:10,530 - DEBUG - Upserted modifier: Poutine (V1 ID: 52511, DB ID: 133700)
2025-12-28 12:06:10,993 - DEBUG - Upserted modifier: Frites maison (V1 ID: 52296, DB ID: 133701)
2025-12-28 12:06:11,441 - DEBUG - Upserted modifier: Poulet (V1 ID: 52297, DB ID: 133702)
2025-12-28 12:06:11,881 - DEBUG - Upserted modifier: Boeuf (V1 ID: 52298, DB ID: 133703)
2025-12-28 12:06:12,365 - DEBUG - Upserted modifier: Poulet (V1 ID: 6498, DB ID: 133704)
2025-12-28 12:06:12,790 - DEBUG - Upserted modifier: La Française (V1 ID: 6512, DB ID: 133705)
2025-12-28 12:06:13,207 - DEBUG - Upserted modifier: Frites (V1 ID: 6513, DB ID: 133706)
2025-12-28 12:06:13,643 - DEBUG - Upserted modifier: Poutine (V1 ID: 45698, DB ID: 133707)
2025-12-28 12:06:14,084 - DEBUG - Upserted modifier: Fromage (V1 ID: 37601, DB ID: 133708)
2025-12-28 12:06:14,537 - DEBUG - Upserted modifier: Bacon (V1 ID: 37602, DB ID: 133709)
2025-12-28 12:06:14,975 - DEBUG - Upserted modifier: Fromage (V1 ID: 23535, DB ID: 133710)
2025-12-28 12:06:15,413 - DEBUG - Upserted modifier: Bacon (V1 ID: 23536, DB ID: 133711)
2025-12-28 12:06:15,853 - DEBUG - Upserted modifier: Pain à l’ail 12" (V1 ID: 23545, DB ID: 133712)
2025-12-28 12:06:16,317 - DEBUG - Upserted modifier: Canette de Pepsi et Frites (V1 ID: 23546, DB ID: 133713)
2025-12-28 12:06:16,922 - INFO - Inserted modifier group: Extra for Shawarma from Special (ID: 2603)
2025-12-28 12:06:17,078 - DEBUG - Upserted modifier: Pas de bacon (V1 ID: 8215, DB ID: 133714)
2025-12-28 12:06:17,497 - DEBUG - Upserted modifier: Poutine (V1 ID: 8216, DB ID: 133715)
2025-12-28 12:06:17,949 - DEBUG - Upserted modifier: Fromage (V1 ID: 8217, DB ID: 133716)
2025-12-28 12:06:18,418 - DEBUG - Upserted modifier: Sauce (V1 ID: 8218, DB ID: 133717)
2025-12-28 12:06:18,856 - DEBUG - Upserted modifier: Frites HIDE (V1 ID: 38682, DB ID: 133718)
2025-12-28 12:06:19,288 - DEBUG - Upserted modifier: Pain à l’ail 12" HIDE (V1 ID: 38683, DB ID: 133719)
2025-12-28 12:06:19,735 - DEBUG - Upserted modifier: Poutine HIDE (V1 ID: 38684, DB ID: 133720)
2025-12-28 12:06:20,191 - DEBUG - Upserted modifier: Poutine (V1 ID: 52511, DB ID: 133721)
2025-12-28 12:06:20,625 - DEBUG - Upserted modifier: Frites maison (V1 ID: 52296, DB ID: 133722)
2025-12-28 12:06:21,049 - DEBUG - Upserted modifier: Poulet (V1 ID: 52297, DB ID: 133723)
2025-12-28 12:06:21,510 - DEBUG - Upserted modifier: Boeuf (V1 ID: 52298, DB ID: 133724)
2025-12-28 12:06:21,979 - DEBUG - Upserted modifier: Poulet (V1 ID: 6498, DB ID: 133725)
2025-12-28 12:06:22,436 - DEBUG - Upserted modifier: La Française (V1 ID: 6512, DB ID: 133726)
2025-12-28 12:06:22,861 - DEBUG - Upserted modifier: Frites (V1 ID: 6513, DB ID: 133727)
2025-12-28 12:06:23,309 - DEBUG - Upserted modifier: Poutine (V1 ID: 45698, DB ID: 133728)
2025-12-28 12:06:23,726 - DEBUG - Upserted modifier: Fromage (V1 ID: 37601, DB ID: 133729)
2025-12-28 12:06:24,163 - DEBUG - Upserted modifier: Bacon (V1 ID: 37602, DB ID: 133730)
2025-12-28 12:06:24,603 - DEBUG - Upserted modifier: Fromage (V1 ID: 23535, DB ID: 133731)
2025-12-28 12:06:25,030 - DEBUG - Upserted modifier: Bacon (V1 ID: 23536, DB ID: 133732)
2025-12-28 12:06:25,470 - DEBUG - Upserted modifier: Pain à l’ail 12" (V1 ID: 23545, DB ID: 133733)
2025-12-28 12:06:25,894 - DEBUG - Upserted modifier: Canette de Pepsi et Frites (V1 ID: 23546, DB ID: 133734)
2025-12-28 12:06:26,478 - INFO - Inserted modifier group: Mini Beignets Dips (ID: 2604)
2025-12-28 12:06:26,618 - DEBUG - Upserted modifier: Trempette Anniversaire (V1 ID: 48130, DB ID: 133735)
2025-12-28 12:06:27,053 - DEBUG - Upserted modifier: Trempettes au Caramel Salé (V1 ID: 48131, DB ID: 133736)
2025-12-28 12:06:27,478 - DEBUG - Upserted modifier: Trempettes Biscuit et Crème (V1 ID: 48132, DB ID: 133737)
2025-12-28 12:06:27,931 - DEBUG - Upserted modifier: Trempettes Chocolat Fudge (V1 ID: 48133, DB ID: 133738)
2025-12-28 12:06:28,366 - DEBUG - Upserted modifier: Ail (V1 ID: 6494, DB ID: 133739)
2025-12-28 12:06:28,800 - DEBUG - Upserted modifier: Cheddar (V1 ID: 6495, DB ID: 133740)
2025-12-28 12:06:29,230 - DEBUG - Upserted modifier: Ranch (V1 ID: 6496, DB ID: 133741)
2025-12-28 12:06:29,648 - DEBUG - Upserted modifier: Marinara (V1 ID: 6497, DB ID: 133742)
2025-12-28 12:06:30,089 - DEBUG - Upserted modifier: Mayonnaise (V1 ID: 6499, DB ID: 133743)
2025-12-28 12:06:30,526 - DEBUG - Upserted modifier: Douce (V1 ID: 6508, DB ID: 133744)
2025-12-28 12:06:30,983 - DEBUG - Upserted modifier: Moyenne (V1 ID: 6509, DB ID: 133745)
2025-12-28 12:06:31,431 - DEBUG - Upserted modifier: Fort (V1 ID: 6510, DB ID: 133746)
2025-12-28 12:06:31,865 - DEBUG - Upserted modifier: Miel et Ail (V1 ID: 6511, DB ID: 133747)
2025-12-28 12:06:32,326 - DEBUG - Upserted modifier: BBQ (V1 ID: 45699, DB ID: 133748)
2025-12-28 12:06:32,782 - DEBUG - Upserted modifier: Ranch (V1 ID: 45700, DB ID: 133749)
2025-12-28 12:06:33,215 - DEBUG - Upserted modifier: Épicée (V1 ID: 45701, DB ID: 133750)
2025-12-28 12:06:33,499 - INFO -   Done: 20 groups, 538 modifiers, 895 prices
2025-12-28 12:06:33,500 - INFO - ----------------------------------------
2025-12-28 12:06:33,500 - INFO - [12/20] Processing: Papa Pizza Cantley
2025-12-28 12:06:33,501 - INFO - Navigating to modifier groups page: https://menuadmin.menu.ca/?p=restaurants&display=editRestaurant&restaurant=825&load=ingredientGroups&showLang=fr
2025-12-28 12:06:34,512 - DEBUG - Expanding all modifier group divs...
2025-12-28 12:06:35,059 - DEBUG - Group 7759: 19 active modifiers
2025-12-28 12:06:35,059 - DEBUG - Group 7761: 3 active modifiers
2025-12-28 12:06:35,060 - DEBUG - Group 7762: 2 active modifiers
2025-12-28 12:06:35,060 - DEBUG - Group 7763: 2 active modifiers
2025-12-28 12:06:35,060 - DEBUG - Group 7764: 13 active modifiers
2025-12-28 12:06:35,060 - DEBUG - Group 7862: 4 active modifiers
2025-12-28 12:06:35,060 - DEBUG - Group 7863: 10 active modifiers
2025-12-28 12:06:35,060 - DEBUG - Group 7864: 4 active modifiers
2025-12-28 12:06:35,060 - DEBUG - Group 7865: 4 active modifiers
2025-12-28 12:06:35,060 - DEBUG - Group 10045: 1 active modifiers
2025-12-28 12:06:35,060 - DEBUG - Group 10046: 9 active modifiers
2025-12-28 12:06:35,061 - DEBUG - Group 10047: 4 active modifiers
2025-12-28 12:06:35,061 - DEBUG - Group 10048: 2 active modifiers
2025-12-28 12:06:35,061 - DEBUG - Group 11051: 2 active modifiers
2025-12-28 12:06:35,061 - DEBUG - Group 11069: 2 active modifiers
2025-12-28 12:06:35,185 - INFO - Processing modifier group: Pizza Toppings (ID: 7759)
2025-12-28 12:06:37,370 - INFO -   Found 46 modifiers (19 active, 27 inactive)
2025-12-28 12:06:37,392 - INFO - Processing modifier group: Dips (ID: 7761)
2025-12-28 12:06:38,211 - INFO -   Found 15 modifiers (3 active, 12 inactive)
2025-12-28 12:06:38,234 - INFO - Processing modifier group: Subs Sauces (ID: 7762)
2025-12-28 12:06:39,059 - INFO -   Found 15 modifiers (2 active, 13 inactive)
2025-12-28 12:06:39,079 - INFO - Processing modifier group: Viande Fumée Sub Sauces (ID: 7763)
2025-12-28 12:06:39,894 - INFO -   Found 15 modifiers (2 active, 13 inactive)
2025-12-28 12:06:39,913 - INFO - Processing modifier group: Pizza Selection for Combos (ID: 7764)
2025-12-28 12:06:42,199 - INFO -   Found 46 modifiers (13 active, 33 inactive)
2025-12-28 12:06:42,221 - INFO - Processing modifier group: Wings Sauces (ID: 7862)
2025-12-28 12:06:42,966 - INFO -   Found 15 modifiers (4 active, 11 inactive)
2025-12-28 12:06:42,984 - INFO - Processing modifier group: Drinks bottle (ID: 7863)
2025-12-28 12:06:43,603 - INFO -   Found 15 modifiers (10 active, 5 inactive)
2025-12-28 12:06:43,622 - INFO - Processing modifier group: Shawarma sauces (ID: 7864)
2025-12-28 12:06:44,411 - INFO -   Found 15 modifiers (4 active, 11 inactive)
2025-12-28 12:06:44,429 - INFO - Processing modifier group: Extra Sauce for Shawarma (ID: 7865)
2025-12-28 12:06:44,840 - INFO -   Found 9 modifiers (4 active, 5 inactive)
2025-12-28 12:06:44,859 - INFO - Processing modifier group: Extra Chicken (ID: 10045)
2025-12-28 12:06:45,351 - INFO -   Found 9 modifiers (1 active, 8 inactive)
2025-12-28 12:06:45,372 - INFO - Processing modifier group: 12" Sub Selection (ID: 10046)
2025-12-28 12:06:47,670 - INFO -   Found 46 modifiers (9 active, 37 inactive)
2025-12-28 12:06:47,694 - INFO - Processing modifier group: Burgers ing (ID: 10047)
2025-12-28 12:06:50,126 - INFO -   Found 46 modifiers (4 active, 42 inactive)
2025-12-28 12:06:50,148 - INFO - Processing modifier group: Burgers extra (ID: 10048)
2025-12-28 12:06:50,609 - INFO -   Found 9 modifiers (2 active, 7 inactive)
2025-12-28 12:06:50,627 - INFO - Processing modifier group: Extras for Nachos (ID: 11051)
2025-12-28 12:06:51,093 - INFO -   Found 9 modifiers (2 active, 7 inactive)
2025-12-28 12:06:51,115 - INFO - Processing modifier group: Gyro Combos Side Dishes (ID: 11069)
2025-12-28 12:06:51,213 - INFO -   Found 2 modifiers (2 active, 0 inactive)
2025-12-28 12:06:51,214 - INFO - Total modifier groups extracted: 15
2025-12-28 12:06:51,511 - INFO - Inserted modifier group: Pizza Toppings (ID: 2605)
2025-12-28 12:06:51,650 - DEBUG - Upserted modifier: Steak Style Philadelphia (V1 ID: 45801, DB ID: 133751)
2025-12-28 12:06:52,108 - DEBUG - Upserted modifier: La Québecoise (V1 ID: 45802, DB ID: 133752)
2025-12-28 12:06:52,550 - DEBUG - Upserted modifier: Le Jambon (V1 ID: 45803, DB ID: 133753)
2025-12-28 12:06:53,070 - DEBUG - Upserted modifier: Hoagie Pizza Sub (V1 ID: 45804, DB ID: 133754)
2025-12-28 12:06:53,545 - DEBUG - Upserted modifier: Le Combiné (V1 ID: 45805, DB ID: 133755)
2025-12-28 12:06:53,988 - DEBUG - Upserted modifier: Le Club Sub (V1 ID: 45806, DB ID: 133756)
2025-12-28 12:06:54,590 - DEBUG - Upserted modifier: Le Super Super (V1 ID: 45807, DB ID: 133757)
2025-12-28 12:06:55,066 - DEBUG - Upserted modifier: Viande Fumée Sub (V1 ID: 45808, DB ID: 133758)
2025-12-28 12:06:55,622 - DEBUG - Upserted modifier: Donair Sub (V1 ID: 45809, DB ID: 133759)
2025-12-28 12:06:56,128 - DEBUG - Upserted modifier: Oignons (V1 ID: 45810, DB ID: 133760)
2025-12-28 12:06:56,578 - DEBUG - Upserted modifier: Piments Forts (V1 ID: 45811, DB ID: 133761)
2025-12-28 12:06:57,075 - DEBUG - Upserted modifier: Moutarde (V1 ID: 45812, DB ID: 133762)
2025-12-28 12:06:57,549 - DEBUG - Upserted modifier: Relish (V1 ID: 45813, DB ID: 133763)
2025-12-28 12:06:58,026 - DEBUG - Upserted modifier: Pepperoni (V1 ID: 34756, DB ID: 133764)
2025-12-28 12:06:58,969 - DEBUG - Upserted modifier: Bacon (V1 ID: 34757, DB ID: 133765)
2025-12-28 12:06:59,837 - DEBUG - Upserted modifier: Champignons (V1 ID: 34759, DB ID: 133766)
2025-12-28 12:07:00,709 - DEBUG - Upserted modifier: Poivrons Verts (V1 ID: 45797, DB ID: 133767)
2025-12-28 12:07:01,566 - DEBUG - Upserted modifier: Origan (V1 ID: 45798, DB ID: 133768)
2025-12-28 12:07:02,475 - DEBUG - Upserted modifier: Basilic (V1 ID: 45799, DB ID: 133769)
2025-12-28 12:07:03,367 - DEBUG - Upserted modifier: Jambon (V1 ID: 34761, DB ID: 133770)
2025-12-28 12:07:04,236 - DEBUG - Upserted modifier: Ananas (V1 ID: 34762, DB ID: 133771)
2025-12-28 12:07:05,106 - DEBUG - Upserted modifier: Olives (V1 ID: 34758, DB ID: 133772)
2025-12-28 12:07:06,037 - DEBUG - Upserted modifier: Tomates (V1 ID: 34763, DB ID: 133773)
2025-12-28 12:07:06,981 - DEBUG - Upserted modifier: Oignons (V1 ID: 34764, DB ID: 133774)
2025-12-28 12:07:07,883 - DEBUG - Upserted modifier: Piments Forts (V1 ID: 34766, DB ID: 133775)
2025-12-28 12:07:08,770 - DEBUG - Upserted modifier: Poulet (V1 ID: 34768, DB ID: 133776)
2025-12-28 12:07:09,656 - DEBUG - Upserted modifier: Oignons Rouges (V1 ID: 34769, DB ID: 133777)
2025-12-28 12:07:10,563 - DEBUG - Upserted modifier: Saucisse Italienne (V1 ID: 34767, DB ID: 133778)
2025-12-28 12:07:11,542 - DEBUG - Upserted modifier: Olives Noires (V1 ID: 34770, DB ID: 133779)
2025-12-28 12:07:12,459 - DEBUG - Upserted modifier: Viande Fumée (V1 ID: 34765, DB ID: 133780)
2025-12-28 12:07:13,334 - DEBUG - Upserted modifier: Fromage Feta (V1 ID: 34771, DB ID: 133781)
2025-12-28 12:07:14,248 - DEBUG - Upserted modifier: Fromage (V1 ID: 34772, DB ID: 133782)
2025-12-28 12:07:15,193 - DEBUG - Upserted modifier: Pepperoni & Fromage (V1 ID: 34776, DB ID: 133783)
2025-12-28 12:07:15,618 - DEBUG - Upserted modifier: Pepperoni & Bacon (V1 ID: 34777, DB ID: 133784)
2025-12-28 12:07:16,065 - DEBUG - Upserted modifier: POB (V1 ID: 34778, DB ID: 133785)
2025-12-28 12:07:16,506 - DEBUG - Upserted modifier: Piments Verts (V1 ID: 34760, DB ID: 133786)
2025-12-28 12:07:17,404 - DEBUG - Upserted modifier: Garnie (V1 ID: 34779, DB ID: 133787)
2025-12-28 12:07:17,844 - DEBUG - Upserted modifier: Hawaïenne (V1 ID: 34780, DB ID: 133788)
2025-12-28 12:07:18,295 - DEBUG - Upserted modifier: Végétarienne (V1 ID: 34781, DB ID: 133789)
2025-12-28 12:07:18,731 - DEBUG - Upserted modifier: Mexicaine (V1 ID: 34782, DB ID: 133790)
2025-12-28 12:07:19,165 - DEBUG - Upserted modifier: Paco (V1 ID: 34783, DB ID: 133791)
2025-12-28 12:07:19,601 - DEBUG - Upserted modifier: Poulet BBQ (V1 ID: 34784, DB ID: 133792)
2025-12-28 12:07:20,071 - DEBUG - Upserted modifier: Grecque (V1 ID: 34785, DB ID: 133793)
2025-12-28 12:07:20,519 - DEBUG - Upserted modifier: Marina Spéciale (V1 ID: 34786, DB ID: 133794)
2025-12-28 12:07:20,961 - DEBUG - Upserted modifier: Carne (V1 ID: 34787, DB ID: 133795)
2025-12-28 12:07:21,389 - DEBUG - Upserted modifier: Evo (V1 ID: 34788, DB ID: 133796)
2025-12-28 12:07:21,961 - INFO - Inserted modifier group: Dips (ID: 2606)
2025-12-28 12:07:22,118 - DEBUG - Upserted modifier: Ail (V1 ID: 34753, DB ID: 133797)
2025-12-28 12:07:22,548 - DEBUG - Upserted modifier: Ranch (V1 ID: 34754, DB ID: 133798)
2025-12-28 12:07:23,005 - DEBUG - Upserted modifier: Cheddar (V1 ID: 34755, DB ID: 133799)
2025-12-28 12:07:23,439 - DEBUG - Upserted modifier: Douce (V1 ID: 35274, DB ID: 133800)
2025-12-28 12:07:23,885 - DEBUG - Upserted modifier: Moyenne (V1 ID: 35275, DB ID: 133801)
2025-12-28 12:07:24,363 - DEBUG - Upserted modifier: Forte (V1 ID: 35276, DB ID: 133802)
2025-12-28 12:07:24,814 - DEBUG - Upserted modifier: Miel et Ail (V1 ID: 35277, DB ID: 133803)
2025-12-28 12:07:25,254 - DEBUG - Upserted modifier: BBQ (V1 ID: 35278, DB ID: 133804)
2025-12-28 12:07:25,730 - DEBUG - Upserted modifier: Mayonnaise (V1 ID: 34773, DB ID: 133805)
2025-12-28 12:07:26,185 - DEBUG - Upserted modifier: Sauce à l'ail (V1 ID: 34774, DB ID: 133806)
2025-12-28 12:07:26,623 - DEBUG - Upserted modifier: Moutard (V1 ID: 34775, DB ID: 133807)
2025-12-28 12:07:27,067 - DEBUG - Upserted modifier: Hummus (V1 ID: 35290, DB ID: 133808)
2025-12-28 12:07:27,492 - DEBUG - Upserted modifier: Ail épicée (V1 ID: 35291, DB ID: 133809)
2025-12-28 12:07:27,934 - DEBUG - Upserted modifier: Sauce sucrée (V1 ID: 35292, DB ID: 133810)
2025-12-28 12:07:28,419 - DEBUG - Upserted modifier: Ail (V1 ID: 35293, DB ID: 133811)
2025-12-28 12:07:28,999 - INFO - Inserted modifier group: Subs Sauces (ID: 2607)
2025-12-28 12:07:29,157 - DEBUG - Upserted modifier: Ail (V1 ID: 34753, DB ID: 133812)
2025-12-28 12:07:29,605 - DEBUG - Upserted modifier: Ranch (V1 ID: 34754, DB ID: 133813)
2025-12-28 12:07:30,045 - DEBUG - Upserted modifier: Cheddar (V1 ID: 34755, DB ID: 133814)
2025-12-28 12:07:30,509 - DEBUG - Upserted modifier: Douce (V1 ID: 35274, DB ID: 133815)
2025-12-28 12:07:30,952 - DEBUG - Upserted modifier: Moyenne (V1 ID: 35275, DB ID: 133816)
2025-12-28 12:07:31,409 - DEBUG - Upserted modifier: Forte (V1 ID: 35276, DB ID: 133817)
2025-12-28 12:07:31,839 - DEBUG - Upserted modifier: Miel et Ail (V1 ID: 35277, DB ID: 133818)
2025-12-28 12:07:32,280 - DEBUG - Upserted modifier: BBQ (V1 ID: 35278, DB ID: 133819)
2025-12-28 12:07:32,723 - DEBUG - Upserted modifier: Mayonnaise (V1 ID: 34773, DB ID: 133820)
2025-12-28 12:07:33,168 - DEBUG - Upserted modifier: Sauce à l'ail (V1 ID: 34774, DB ID: 133821)
2025-12-28 12:07:33,594 - DEBUG - Upserted modifier: Moutard (V1 ID: 34775, DB ID: 133822)
2025-12-28 12:07:34,035 - DEBUG - Upserted modifier: Hummus (V1 ID: 35290, DB ID: 133823)
2025-12-28 12:07:34,484 - DEBUG - Upserted modifier: Ail épicée (V1 ID: 35291, DB ID: 133824)
2025-12-28 12:07:34,924 - DEBUG - Upserted modifier: Sauce sucrée (V1 ID: 35292, DB ID: 133825)
2025-12-28 12:07:35,375 - DEBUG - Upserted modifier: Ail (V1 ID: 35293, DB ID: 133826)
2025-12-28 12:07:35,987 - INFO - Inserted modifier group: Viande Fumée Sub Sauces (ID: 2608)
2025-12-28 12:07:36,136 - DEBUG - Upserted modifier: Ail (V1 ID: 34753, DB ID: 133827)
2025-12-28 12:07:36,587 - DEBUG - Upserted modifier: Ranch (V1 ID: 34754, DB ID: 133828)
2025-12-28 12:07:37,021 - DEBUG - Upserted modifier: Cheddar (V1 ID: 34755, DB ID: 133829)
2025-12-28 12:07:37,470 - DEBUG - Upserted modifier: Douce (V1 ID: 35274, DB ID: 133830)
2025-12-28 12:07:37,938 - DEBUG - Upserted modifier: Moyenne (V1 ID: 35275, DB ID: 133831)
2025-12-28 12:07:38,384 - DEBUG - Upserted modifier: Forte (V1 ID: 35276, DB ID: 133832)
2025-12-28 12:07:38,823 - DEBUG - Upserted modifier: Miel et Ail (V1 ID: 35277, DB ID: 133833)
2025-12-28 12:07:39,275 - DEBUG - Upserted modifier: BBQ (V1 ID: 35278, DB ID: 133834)
2025-12-28 12:07:39,718 - DEBUG - Upserted modifier: Mayonnaise (V1 ID: 34773, DB ID: 133835)
2025-12-28 12:07:40,178 - DEBUG - Upserted modifier: Sauce à l'ail (V1 ID: 34774, DB ID: 133836)
2025-12-28 12:07:40,601 - DEBUG - Upserted modifier: Moutard (V1 ID: 34775, DB ID: 133837)
2025-12-28 12:07:41,097 - DEBUG - Upserted modifier: Hummus (V1 ID: 35290, DB ID: 133838)
2025-12-28 12:07:41,550 - DEBUG - Upserted modifier: Ail épicée (V1 ID: 35291, DB ID: 133839)
2025-12-28 12:07:41,981 - DEBUG - Upserted modifier: Sauce sucrée (V1 ID: 35292, DB ID: 133840)
2025-12-28 12:07:42,428 - DEBUG - Upserted modifier: Ail (V1 ID: 35293, DB ID: 133841)
2025-12-28 12:07:43,031 - INFO - Inserted modifier group: Pizza Selection for Combos (ID: 2609)
2025-12-28 12:07:43,186 - DEBUG - Upserted modifier: Steak Style Philadelphia (V1 ID: 45801, DB ID: 133842)
2025-12-28 12:07:43,666 - DEBUG - Upserted modifier: La Québecoise (V1 ID: 45802, DB ID: 133843)
2025-12-28 12:07:44,107 - DEBUG - Upserted modifier: Le Jambon (V1 ID: 45803, DB ID: 133844)
2025-12-28 12:07:44,549 - DEBUG - Upserted modifier: Hoagie Pizza Sub (V1 ID: 45804, DB ID: 133845)
2025-12-28 12:07:44,987 - DEBUG - Upserted modifier: Le Combiné (V1 ID: 45805, DB ID: 133846)
2025-12-28 12:07:45,426 - DEBUG - Upserted modifier: Le Club Sub (V1 ID: 45806, DB ID: 133847)
2025-12-28 12:07:45,888 - DEBUG - Upserted modifier: Le Super Super (V1 ID: 45807, DB ID: 133848)
2025-12-28 12:07:46,321 - DEBUG - Upserted modifier: Viande Fumée Sub (V1 ID: 45808, DB ID: 133849)
2025-12-28 12:07:46,764 - DEBUG - Upserted modifier: Donair Sub (V1 ID: 45809, DB ID: 133850)
2025-12-28 12:07:47,215 - DEBUG - Upserted modifier: Oignons (V1 ID: 45810, DB ID: 133851)
2025-12-28 12:07:47,662 - DEBUG - Upserted modifier: Piments Forts (V1 ID: 45811, DB ID: 133852)
2025-12-28 12:07:48,128 - DEBUG - Upserted modifier: Moutarde (V1 ID: 45812, DB ID: 133853)
2025-12-28 12:07:48,559 - DEBUG - Upserted modifier: Relish (V1 ID: 45813, DB ID: 133854)
2025-12-28 12:07:48,997 - DEBUG - Upserted modifier: Pepperoni (V1 ID: 34756, DB ID: 133855)
2025-12-28 12:07:49,927 - DEBUG - Upserted modifier: Bacon (V1 ID: 34757, DB ID: 133856)
2025-12-28 12:07:50,801 - DEBUG - Upserted modifier: Champignons (V1 ID: 34759, DB ID: 133857)
2025-12-28 12:07:51,694 - DEBUG - Upserted modifier: Poivrons Verts (V1 ID: 45797, DB ID: 133858)
2025-12-28 12:07:52,582 - DEBUG - Upserted modifier: Origan (V1 ID: 45798, DB ID: 133859)
2025-12-28 12:07:53,695 - DEBUG - Upserted modifier: Basilic (V1 ID: 45799, DB ID: 133860)
2025-12-28 12:07:54,570 - DEBUG - Upserted modifier: Jambon (V1 ID: 34761, DB ID: 133861)
2025-12-28 12:07:55,404 - DEBUG - Upserted modifier: Ananas (V1 ID: 34762, DB ID: 133862)
2025-12-28 12:07:56,276 - DEBUG - Upserted modifier: Olives (V1 ID: 34758, DB ID: 133863)
2025-12-28 12:07:57,116 - DEBUG - Upserted modifier: Tomates (V1 ID: 34763, DB ID: 133864)
2025-12-28 12:07:58,002 - DEBUG - Upserted modifier: Oignons (V1 ID: 34764, DB ID: 133865)
2025-12-28 12:07:58,867 - DEBUG - Upserted modifier: Piments Forts (V1 ID: 34766, DB ID: 133866)
2025-12-28 12:07:59,791 - DEBUG - Upserted modifier: Poulet (V1 ID: 34768, DB ID: 133867)
2025-12-28 12:08:00,677 - DEBUG - Upserted modifier: Oignons Rouges (V1 ID: 34769, DB ID: 133868)
2025-12-28 12:08:01,582 - DEBUG - Upserted modifier: Saucisse Italienne (V1 ID: 34767, DB ID: 133869)
2025-12-28 12:08:02,486 - DEBUG - Upserted modifier: Olives Noires (V1 ID: 34770, DB ID: 133870)
2025-12-28 12:08:03,357 - DEBUG - Upserted modifier: Viande Fumée (V1 ID: 34765, DB ID: 133871)
2025-12-28 12:08:04,225 - DEBUG - Upserted modifier: Fromage Feta (V1 ID: 34771, DB ID: 133872)
2025-12-28 12:08:05,072 - DEBUG - Upserted modifier: Fromage (V1 ID: 34772, DB ID: 133873)
2025-12-28 12:08:05,955 - DEBUG - Upserted modifier: Pepperoni & Fromage (V1 ID: 34776, DB ID: 133874)
2025-12-28 12:08:06,396 - DEBUG - Upserted modifier: Pepperoni & Bacon (V1 ID: 34777, DB ID: 133875)
2025-12-28 12:08:06,817 - DEBUG - Upserted modifier: POB (V1 ID: 34778, DB ID: 133876)
2025-12-28 12:08:07,256 - DEBUG - Upserted modifier: Piments Verts (V1 ID: 34760, DB ID: 133877)
2025-12-28 12:08:08,139 - DEBUG - Upserted modifier: Garnie (V1 ID: 34779, DB ID: 133878)
2025-12-28 12:08:08,577 - DEBUG - Upserted modifier: Hawaïenne (V1 ID: 34780, DB ID: 133879)
2025-12-28 12:08:09,016 - DEBUG - Upserted modifier: Végétarienne (V1 ID: 34781, DB ID: 133880)
2025-12-28 12:08:09,447 - DEBUG - Upserted modifier: Mexicaine (V1 ID: 34782, DB ID: 133881)
2025-12-28 12:08:09,898 - DEBUG - Upserted modifier: Paco (V1 ID: 34783, DB ID: 133882)
2025-12-28 12:08:10,334 - DEBUG - Upserted modifier: Poulet BBQ (V1 ID: 34784, DB ID: 133883)
2025-12-28 12:08:10,792 - DEBUG - Upserted modifier: Grecque (V1 ID: 34785, DB ID: 133884)
2025-12-28 12:08:11,325 - DEBUG - Upserted modifier: Marina Spéciale (V1 ID: 34786, DB ID: 133885)
2025-12-28 12:08:11,803 - DEBUG - Upserted modifier: Carne (V1 ID: 34787, DB ID: 133886)
2025-12-28 12:08:12,269 - DEBUG - Upserted modifier: Evo (V1 ID: 34788, DB ID: 133887)
2025-12-28 12:08:12,920 - INFO - Inserted modifier group: Wings Sauces (ID: 2610)
2025-12-28 12:08:13,066 - DEBUG - Upserted modifier: Ail (V1 ID: 34753, DB ID: 133888)
2025-12-28 12:08:13,499 - DEBUG - Upserted modifier: Ranch (V1 ID: 34754, DB ID: 133889)
2025-12-28 12:08:13,934 - DEBUG - Upserted modifier: Cheddar (V1 ID: 34755, DB ID: 133890)
2025-12-28 12:08:14,359 - DEBUG - Upserted modifier: Douce (V1 ID: 35274, DB ID: 133891)
2025-12-28 12:08:14,832 - DEBUG - Upserted modifier: Moyenne (V1 ID: 35275, DB ID: 133892)
2025-12-28 12:08:15,307 - DEBUG - Upserted modifier: Forte (V1 ID: 35276, DB ID: 133893)
2025-12-28 12:08:15,753 - DEBUG - Upserted modifier: Miel et Ail (V1 ID: 35277, DB ID: 133894)
2025-12-28 12:08:16,189 - DEBUG - Upserted modifier: BBQ (V1 ID: 35278, DB ID: 133895)
2025-12-28 12:08:16,642 - DEBUG - Upserted modifier: Mayonnaise (V1 ID: 34773, DB ID: 133896)
2025-12-28 12:08:17,079 - DEBUG - Upserted modifier: Sauce à l'ail (V1 ID: 34774, DB ID: 133897)
2025-12-28 12:08:17,529 - DEBUG - Upserted modifier: Moutard (V1 ID: 34775, DB ID: 133898)
2025-12-28 12:08:17,996 - DEBUG - Upserted modifier: Hummus (V1 ID: 35290, DB ID: 133899)
2025-12-28 12:08:18,449 - DEBUG - Upserted modifier: Ail épicée (V1 ID: 35291, DB ID: 133900)
2025-12-28 12:08:18,884 - DEBUG - Upserted modifier: Sauce sucrée (V1 ID: 35292, DB ID: 133901)
2025-12-28 12:08:19,321 - DEBUG - Upserted modifier: Ail (V1 ID: 35293, DB ID: 133902)
2025-12-28 12:08:20,015 - INFO - Inserted modifier group: Drinks bottle (ID: 2611)
2025-12-28 12:08:20,202 - DEBUG - Upserted modifier: Pepsi (V1 ID: 35279, DB ID: 133903)
2025-12-28 12:08:20,757 - DEBUG - Upserted modifier: Diet Pepsi (V1 ID: 35280, DB ID: 133904)
2025-12-28 12:08:21,248 - DEBUG - Upserted modifier: 7 Up (V1 ID: 35281, DB ID: 133905)
2025-12-28 12:08:21,750 - DEBUG - Upserted modifier: Orange Crush (V1 ID: 35282, DB ID: 133906)
2025-12-28 12:08:22,176 - DEBUG - Upserted modifier: Brisk (V1 ID: 35283, DB ID: 133907)
2025-12-28 12:08:22,615 - DEBUG - Upserted modifier: Ginger Ale (V1 ID: 35284, DB ID: 133908)
2025-12-28 12:08:23,072 - DEBUG - Upserted modifier: Cream Soda (V1 ID: 35285, DB ID: 133909)
2025-12-28 12:08:23,528 - DEBUG - Upserted modifier: Orange Juice (V1 ID: 35286, DB ID: 133910)
2025-12-28 12:08:23,968 - DEBUG - Upserted modifier: Root Beer (V1 ID: 35287, DB ID: 133911)
2025-12-28 12:08:24,408 - DEBUG - Upserted modifier: Grape Crush (V1 ID: 35288, DB ID: 133912)
2025-12-28 12:08:24,828 - DEBUG - Upserted modifier: Lemonade (V1 ID: 35289, DB ID: 133913)
2025-12-28 12:08:25,252 - DEBUG - Upserted modifier: Mountain Dew (V1 ID: 45793, DB ID: 133914)
2025-12-28 12:08:25,773 - DEBUG - Upserted modifier: Mug Racinette (V1 ID: 45794, DB ID: 133915)
2025-12-28 12:08:26,287 - DEBUG - Upserted modifier: Dr.Pepper (V1 ID: 45795, DB ID: 133916)
2025-12-28 12:08:26,729 - DEBUG - Upserted modifier: Brisk Thé Glacé (V1 ID: 45796, DB ID: 133917)
2025-12-28 12:08:27,297 - INFO - Inserted modifier group: Shawarma sauces (ID: 2612)
2025-12-28 12:08:27,440 - DEBUG - Upserted modifier: Ail (V1 ID: 34753, DB ID: 133918)
2025-12-28 12:08:27,902 - DEBUG - Upserted modifier: Ranch (V1 ID: 34754, DB ID: 133919)
2025-12-28 12:08:28,327 - DEBUG - Upserted modifier: Cheddar (V1 ID: 34755, DB ID: 133920)
2025-12-28 12:08:28,742 - DEBUG - Upserted modifier: Douce (V1 ID: 35274, DB ID: 133921)
2025-12-28 12:08:29,159 - DEBUG - Upserted modifier: Moyenne (V1 ID: 35275, DB ID: 133922)
2025-12-28 12:08:29,598 - DEBUG - Upserted modifier: Forte (V1 ID: 35276, DB ID: 133923)
2025-12-28 12:08:30,006 - DEBUG - Upserted modifier: Miel et Ail (V1 ID: 35277, DB ID: 133924)
2025-12-28 12:08:30,444 - DEBUG - Upserted modifier: BBQ (V1 ID: 35278, DB ID: 133925)
2025-12-28 12:08:30,874 - DEBUG - Upserted modifier: Mayonnaise (V1 ID: 34773, DB ID: 133926)
2025-12-28 12:08:31,298 - DEBUG - Upserted modifier: Sauce à l'ail (V1 ID: 34774, DB ID: 133927)
2025-12-28 12:08:31,734 - DEBUG - Upserted modifier: Moutard (V1 ID: 34775, DB ID: 133928)
2025-12-28 12:08:32,182 - DEBUG - Upserted modifier: Hummus (V1 ID: 35290, DB ID: 133929)
2025-12-28 12:08:32,633 - DEBUG - Upserted modifier: Ail épicée (V1 ID: 35291, DB ID: 133930)
2025-12-28 12:08:33,071 - DEBUG - Upserted modifier: Sauce sucrée (V1 ID: 35292, DB ID: 133931)
2025-12-28 12:08:33,556 - DEBUG - Upserted modifier: Ail (V1 ID: 35293, DB ID: 133932)
2025-12-28 12:08:34,139 - INFO - Inserted modifier group: Extra Sauce for Shawarma (ID: 2613)
2025-12-28 12:08:34,279 - DEBUG - Upserted modifier: Ajoutez du poulet (V1 ID: 51092, DB ID: 133933)
2025-12-28 12:08:34,730 - DEBUG - Upserted modifier: Ajoutez du boeuf (V1 ID: 51093, DB ID: 133934)
2025-12-28 12:08:35,240 - DEBUG - Upserted modifier: Ail (2oz) (V1 ID: 35294, DB ID: 133935)
2025-12-28 12:08:35,708 - DEBUG - Upserted modifier: Hummus (2oz) (V1 ID: 35295, DB ID: 133936)
2025-12-28 12:08:36,146 - DEBUG - Upserted modifier: Ail épicée (2oz) (V1 ID: 35296, DB ID: 133937)
2025-12-28 12:08:36,581 - DEBUG - Upserted modifier: Sauce sucrée (2oz) (V1 ID: 35297, DB ID: 133938)
2025-12-28 12:08:37,068 - DEBUG - Upserted modifier: Poulet (V1 ID: 45800, DB ID: 133939)
2025-12-28 12:08:37,523 - DEBUG - Upserted modifier: Fromage (V1 ID: 45814, DB ID: 133940)
2025-12-28 12:08:37,970 - DEBUG - Upserted modifier: Bacon (V1 ID: 45815, DB ID: 133941)
2025-12-28 12:08:38,542 - INFO - Inserted modifier group: Extra Chicken (ID: 2614)
2025-12-28 12:08:38,697 - DEBUG - Upserted modifier: Ajoutez du poulet (V1 ID: 51092, DB ID: 133942)
2025-12-28 12:08:39,146 - DEBUG - Upserted modifier: Ajoutez du boeuf (V1 ID: 51093, DB ID: 133943)
2025-12-28 12:08:39,601 - DEBUG - Upserted modifier: Ail (2oz) (V1 ID: 35294, DB ID: 133944)
2025-12-28 12:08:40,047 - DEBUG - Upserted modifier: Hummus (2oz) (V1 ID: 35295, DB ID: 133945)
2025-12-28 12:08:40,481 - DEBUG - Upserted modifier: Ail épicée (2oz) (V1 ID: 35296, DB ID: 133946)
2025-12-28 12:08:40,921 - DEBUG - Upserted modifier: Sauce sucrée (2oz) (V1 ID: 35297, DB ID: 133947)
2025-12-28 12:08:41,368 - DEBUG - Upserted modifier: Poulet (V1 ID: 45800, DB ID: 133948)
2025-12-28 12:08:41,804 - DEBUG - Upserted modifier: Fromage (V1 ID: 45814, DB ID: 133949)
2025-12-28 12:08:42,236 - DEBUG - Upserted modifier: Bacon (V1 ID: 45815, DB ID: 133950)
2025-12-28 12:08:42,816 - INFO - Inserted modifier group: 12" Sub Selection (ID: 2615)
2025-12-28 12:08:42,973 - DEBUG - Upserted modifier: Steak Style Philadelphia (V1 ID: 45801, DB ID: 133951)
2025-12-28 12:08:43,397 - DEBUG - Upserted modifier: La Québecoise (V1 ID: 45802, DB ID: 133952)
2025-12-28 12:08:43,846 - DEBUG - Upserted modifier: Le Jambon (V1 ID: 45803, DB ID: 133953)
2025-12-28 12:08:44,272 - DEBUG - Upserted modifier: Hoagie Pizza Sub (V1 ID: 45804, DB ID: 133954)
2025-12-28 12:08:44,758 - DEBUG - Upserted modifier: Le Combiné (V1 ID: 45805, DB ID: 133955)
2025-12-28 12:08:45,224 - DEBUG - Upserted modifier: Le Club Sub (V1 ID: 45806, DB ID: 133956)
2025-12-28 12:08:45,704 - DEBUG - Upserted modifier: Le Super Super (V1 ID: 45807, DB ID: 133957)
2025-12-28 12:08:46,177 - DEBUG - Upserted modifier: Viande Fumée Sub (V1 ID: 45808, DB ID: 133958)
2025-12-28 12:08:46,623 - DEBUG - Upserted modifier: Donair Sub (V1 ID: 45809, DB ID: 133959)
2025-12-28 12:08:47,111 - DEBUG - Upserted modifier: Oignons (V1 ID: 45810, DB ID: 133960)
2025-12-28 12:08:47,571 - DEBUG - Upserted modifier: Piments Forts (V1 ID: 45811, DB ID: 133961)
2025-12-28 12:08:47,994 - DEBUG - Upserted modifier: Moutarde (V1 ID: 45812, DB ID: 133962)
2025-12-28 12:08:48,468 - DEBUG - Upserted modifier: Relish (V1 ID: 45813, DB ID: 133963)
2025-12-28 12:08:48,954 - DEBUG - Upserted modifier: Pepperoni (V1 ID: 34756, DB ID: 133964)
2025-12-28 12:08:49,898 - DEBUG - Upserted modifier: Bacon (V1 ID: 34757, DB ID: 133965)
2025-12-28 12:08:50,838 - DEBUG - Upserted modifier: Champignons (V1 ID: 34759, DB ID: 133966)
2025-12-28 12:08:51,754 - DEBUG - Upserted modifier: Poivrons Verts (V1 ID: 45797, DB ID: 133967)
2025-12-28 12:08:52,677 - DEBUG - Upserted modifier: Origan (V1 ID: 45798, DB ID: 133968)
2025-12-28 12:08:53,607 - DEBUG - Upserted modifier: Basilic (V1 ID: 45799, DB ID: 133969)
2025-12-28 12:08:54,553 - DEBUG - Upserted modifier: Jambon (V1 ID: 34761, DB ID: 133970)
2025-12-28 12:08:55,520 - DEBUG - Upserted modifier: Ananas (V1 ID: 34762, DB ID: 133971)
2025-12-28 12:08:56,473 - DEBUG - Upserted modifier: Olives (V1 ID: 34758, DB ID: 133972)
2025-12-28 12:08:57,385 - DEBUG - Upserted modifier: Tomates (V1 ID: 34763, DB ID: 133973)
2025-12-28 12:08:58,274 - DEBUG - Upserted modifier: Oignons (V1 ID: 34764, DB ID: 133974)
2025-12-28 12:08:59,154 - DEBUG - Upserted modifier: Piments Forts (V1 ID: 34766, DB ID: 133975)
2025-12-28 12:09:00,050 - DEBUG - Upserted modifier: Poulet (V1 ID: 34768, DB ID: 133976)
2025-12-28 12:09:00,924 - DEBUG - Upserted modifier: Oignons Rouges (V1 ID: 34769, DB ID: 133977)
2025-12-28 12:09:01,801 - DEBUG - Upserted modifier: Saucisse Italienne (V1 ID: 34767, DB ID: 133978)
2025-12-28 12:09:02,656 - DEBUG - Upserted modifier: Olives Noires (V1 ID: 34770, DB ID: 133979)
2025-12-28 12:09:03,520 - DEBUG - Upserted modifier: Viande Fumée (V1 ID: 34765, DB ID: 133980)
2025-12-28 12:09:04,393 - DEBUG - Upserted modifier: Fromage Feta (V1 ID: 34771, DB ID: 133981)
2025-12-28 12:09:05,328 - DEBUG - Upserted modifier: Fromage (V1 ID: 34772, DB ID: 133982)
2025-12-28 12:09:06,273 - DEBUG - Upserted modifier: Pepperoni & Fromage (V1 ID: 34776, DB ID: 133983)
2025-12-28 12:09:06,724 - DEBUG - Upserted modifier: Pepperoni & Bacon (V1 ID: 34777, DB ID: 133984)
2025-12-28 12:09:07,217 - DEBUG - Upserted modifier: POB (V1 ID: 34778, DB ID: 133985)
2025-12-28 12:09:07,699 - DEBUG - Upserted modifier: Piments Verts (V1 ID: 34760, DB ID: 133986)
2025-12-28 12:09:08,626 - DEBUG - Upserted modifier: Garnie (V1 ID: 34779, DB ID: 133987)
2025-12-28 12:09:09,124 - DEBUG - Upserted modifier: Hawaïenne (V1 ID: 34780, DB ID: 133988)
2025-12-28 12:09:09,710 - DEBUG - Upserted modifier: Végétarienne (V1 ID: 34781, DB ID: 133989)
2025-12-28 12:09:10,212 - DEBUG - Upserted modifier: Mexicaine (V1 ID: 34782, DB ID: 133990)
2025-12-28 12:09:10,659 - DEBUG - Upserted modifier: Paco (V1 ID: 34783, DB ID: 133991)
2025-12-28 12:09:11,102 - DEBUG - Upserted modifier: Poulet BBQ (V1 ID: 34784, DB ID: 133992)
2025-12-28 12:09:11,544 - DEBUG - Upserted modifier: Grecque (V1 ID: 34785, DB ID: 133993)
2025-12-28 12:09:12,003 - DEBUG - Upserted modifier: Marina Spéciale (V1 ID: 34786, DB ID: 133994)
2025-12-28 12:09:12,538 - DEBUG - Upserted modifier: Carne (V1 ID: 34787, DB ID: 133995)
2025-12-28 12:09:13,055 - DEBUG - Upserted modifier: Evo (V1 ID: 34788, DB ID: 133996)
2025-12-28 12:09:13,643 - INFO - Inserted modifier group: Burgers ing (ID: 2616)
2025-12-28 12:09:13,785 - DEBUG - Upserted modifier: Steak Style Philadelphia (V1 ID: 45801, DB ID: 133997)
2025-12-28 12:09:14,216 - DEBUG - Upserted modifier: La Québecoise (V1 ID: 45802, DB ID: 133998)
2025-12-28 12:09:14,721 - DEBUG - Upserted modifier: Le Jambon (V1 ID: 45803, DB ID: 133999)
2025-12-28 12:09:15,253 - DEBUG - Upserted modifier: Hoagie Pizza Sub (V1 ID: 45804, DB ID: 134000)
2025-12-28 12:09:15,695 - DEBUG - Upserted modifier: Le Combiné (V1 ID: 45805, DB ID: 134001)
2025-12-28 12:09:16,133 - DEBUG - Upserted modifier: Le Club Sub (V1 ID: 45806, DB ID: 134002)
2025-12-28 12:09:16,772 - DEBUG - Upserted modifier: Le Super Super (V1 ID: 45807, DB ID: 134003)
2025-12-28 12:09:17,254 - DEBUG - Upserted modifier: Viande Fumée Sub (V1 ID: 45808, DB ID: 134004)
2025-12-28 12:09:17,817 - DEBUG - Upserted modifier: Donair Sub (V1 ID: 45809, DB ID: 134005)
2025-12-28 12:09:18,309 - DEBUG - Upserted modifier: Oignons (V1 ID: 45810, DB ID: 134006)
2025-12-28 12:09:18,857 - DEBUG - Upserted modifier: Piments Forts (V1 ID: 45811, DB ID: 134007)
2025-12-28 12:09:19,435 - DEBUG - Upserted modifier: Moutarde (V1 ID: 45812, DB ID: 134008)
2025-12-28 12:09:19,974 - DEBUG - Upserted modifier: Relish (V1 ID: 45813, DB ID: 134009)
2025-12-28 12:09:20,507 - DEBUG - Upserted modifier: Pepperoni (V1 ID: 34756, DB ID: 134010)
2025-12-28 12:09:21,489 - DEBUG - Upserted modifier: Bacon (V1 ID: 34757, DB ID: 134011)
2025-12-28 12:09:22,372 - DEBUG - Upserted modifier: Champignons (V1 ID: 34759, DB ID: 134012)
2025-12-28 12:09:23,269 - DEBUG - Upserted modifier: Poivrons Verts (V1 ID: 45797, DB ID: 134013)
2025-12-28 12:09:24,135 - DEBUG - Upserted modifier: Origan (V1 ID: 45798, DB ID: 134014)
2025-12-28 12:09:24,986 - DEBUG - Upserted modifier: Basilic (V1 ID: 45799, DB ID: 134015)
2025-12-28 12:09:25,858 - DEBUG - Upserted modifier: Jambon (V1 ID: 34761, DB ID: 134016)
2025-12-28 12:09:26,746 - DEBUG - Upserted modifier: Ananas (V1 ID: 34762, DB ID: 134017)
2025-12-28 12:09:27,621 - DEBUG - Upserted modifier: Olives (V1 ID: 34758, DB ID: 134018)
2025-12-28 12:09:28,487 - DEBUG - Upserted modifier: Tomates (V1 ID: 34763, DB ID: 134019)
2025-12-28 12:09:29,393 - DEBUG - Upserted modifier: Oignons (V1 ID: 34764, DB ID: 134020)
2025-12-28 12:09:30,236 - DEBUG - Upserted modifier: Piments Forts (V1 ID: 34766, DB ID: 134021)
2025-12-28 12:09:31,131 - DEBUG - Upserted modifier: Poulet (V1 ID: 34768, DB ID: 134022)
2025-12-28 12:09:32,011 - DEBUG - Upserted modifier: Oignons Rouges (V1 ID: 34769, DB ID: 134023)
2025-12-28 12:09:32,908 - DEBUG - Upserted modifier: Saucisse Italienne (V1 ID: 34767, DB ID: 134024)
2025-12-28 12:09:33,782 - DEBUG - Upserted modifier: Olives Noires (V1 ID: 34770, DB ID: 134025)
2025-12-28 12:09:34,638 - DEBUG - Upserted modifier: Viande Fumée (V1 ID: 34765, DB ID: 134026)
2025-12-28 12:09:35,565 - DEBUG - Upserted modifier: Fromage Feta (V1 ID: 34771, DB ID: 134027)
2025-12-28 12:09:36,497 - DEBUG - Upserted modifier: Fromage (V1 ID: 34772, DB ID: 134028)
2025-12-28 12:09:37,537 - DEBUG - Upserted modifier: Pepperoni & Fromage (V1 ID: 34776, DB ID: 134029)
2025-12-28 12:09:38,045 - DEBUG - Upserted modifier: Pepperoni & Bacon (V1 ID: 34777, DB ID: 134030)
2025-12-28 12:09:38,504 - DEBUG - Upserted modifier: POB (V1 ID: 34778, DB ID: 134031)
2025-12-28 12:09:38,936 - DEBUG - Upserted modifier: Piments Verts (V1 ID: 34760, DB ID: 134032)
2025-12-28 12:09:39,852 - DEBUG - Upserted modifier: Garnie (V1 ID: 34779, DB ID: 134033)
2025-12-28 12:09:40,310 - DEBUG - Upserted modifier: Hawaïenne (V1 ID: 34780, DB ID: 134034)
2025-12-28 12:09:40,769 - DEBUG - Upserted modifier: Végétarienne (V1 ID: 34781, DB ID: 134035)
2025-12-28 12:09:41,219 - DEBUG - Upserted modifier: Mexicaine (V1 ID: 34782, DB ID: 134036)
2025-12-28 12:09:41,674 - DEBUG - Upserted modifier: Paco (V1 ID: 34783, DB ID: 134037)
2025-12-28 12:09:42,112 - DEBUG - Upserted modifier: Poulet BBQ (V1 ID: 34784, DB ID: 134038)
2025-12-28 12:09:42,551 - DEBUG - Upserted modifier: Grecque (V1 ID: 34785, DB ID: 134039)
2025-12-28 12:09:43,008 - DEBUG - Upserted modifier: Marina Spéciale (V1 ID: 34786, DB ID: 134040)
2025-12-28 12:09:43,460 - DEBUG - Upserted modifier: Carne (V1 ID: 34787, DB ID: 134041)
2025-12-28 12:09:43,906 - DEBUG - Upserted modifier: Evo (V1 ID: 34788, DB ID: 134042)
2025-12-28 12:09:44,489 - INFO - Inserted modifier group: Burgers extra (ID: 2617)
2025-12-28 12:09:44,633 - DEBUG - Upserted modifier: Ajoutez du poulet (V1 ID: 51092, DB ID: 134043)
2025-12-28 12:09:45,104 - DEBUG - Upserted modifier: Ajoutez du boeuf (V1 ID: 51093, DB ID: 134044)
2025-12-28 12:09:45,550 - DEBUG - Upserted modifier: Ail (2oz) (V1 ID: 35294, DB ID: 134045)
2025-12-28 12:09:46,003 - DEBUG - Upserted modifier: Hummus (2oz) (V1 ID: 35295, DB ID: 134046)
2025-12-28 12:09:46,436 - DEBUG - Upserted modifier: Ail épicée (2oz) (V1 ID: 35296, DB ID: 134047)
2025-12-28 12:09:46,865 - DEBUG - Upserted modifier: Sauce sucrée (2oz) (V1 ID: 35297, DB ID: 134048)
2025-12-28 12:09:47,284 - DEBUG - Upserted modifier: Poulet (V1 ID: 45800, DB ID: 134049)
2025-12-28 12:09:47,788 - DEBUG - Upserted modifier: Fromage (V1 ID: 45814, DB ID: 134050)
2025-12-28 12:09:48,264 - DEBUG - Upserted modifier: Bacon (V1 ID: 45815, DB ID: 134051)
2025-12-28 12:09:48,922 - INFO - Inserted modifier group: Extras for Nachos (ID: 2618)
2025-12-28 12:09:49,110 - DEBUG - Upserted modifier: Ajoutez du poulet (V1 ID: 51092, DB ID: 134052)
2025-12-28 12:09:49,582 - DEBUG - Upserted modifier: Ajoutez du boeuf (V1 ID: 51093, DB ID: 134053)
2025-12-28 12:09:50,050 - DEBUG - Upserted modifier: Ail (2oz) (V1 ID: 35294, DB ID: 134054)
2025-12-28 12:09:50,546 - DEBUG - Upserted modifier: Hummus (2oz) (V1 ID: 35295, DB ID: 134055)
2025-12-28 12:09:51,083 - DEBUG - Upserted modifier: Ail épicée (2oz) (V1 ID: 35296, DB ID: 134056)
2025-12-28 12:09:51,599 - DEBUG - Upserted modifier: Sauce sucrée (2oz) (V1 ID: 35297, DB ID: 134057)
2025-12-28 12:09:52,059 - DEBUG - Upserted modifier: Poulet (V1 ID: 45800, DB ID: 134058)
2025-12-28 12:09:52,583 - DEBUG - Upserted modifier: Fromage (V1 ID: 45814, DB ID: 134059)
2025-12-28 12:09:53,124 - DEBUG - Upserted modifier: Bacon (V1 ID: 45815, DB ID: 134060)
2025-12-28 12:09:53,768 - INFO - Inserted modifier group: Gyro Combos Side Dishes (ID: 2619)
2025-12-28 12:09:53,935 - DEBUG - Upserted modifier: Salade (V1 ID: 51186, DB ID: 134061)
2025-12-28 12:09:54,421 - DEBUG - Upserted modifier: Patates (V1 ID: 51187, DB ID: 134062)
2025-12-28 12:09:54,714 - INFO -   Done: 15 groups, 312 modifiers, 552 prices
2025-12-28 12:09:54,714 - INFO - ----------------------------------------
2025-12-28 12:09:54,715 - INFO - [13/20] Processing: Papa Pizza Chem. de Masson
2025-12-28 12:09:54,716 - INFO - Navigating to modifier groups page: https://menuadmin.menu.ca/?p=restaurants&display=editRestaurant&restaurant=1039&load=ingredientGroups&showLang=fr
2025-12-28 12:09:55,651 - DEBUG - Expanding all modifier group divs...
2025-12-28 12:09:56,190 - DEBUG - Group 10861: 2 active modifiers
2025-12-28 12:09:56,190 - DEBUG - Group 10862: 4 active modifiers
2025-12-28 12:09:56,190 - DEBUG - Group 10863: 2 active modifiers
2025-12-28 12:09:56,190 - DEBUG - Group 10864: 4 active modifiers
2025-12-28 12:09:56,191 - DEBUG - Group 10865: 2 active modifiers
2025-12-28 12:09:56,191 - DEBUG - Group 10866: 1 active modifiers
2025-12-28 12:09:56,191 - DEBUG - Group 10867: 2 active modifiers
2025-12-28 12:09:56,191 - DEBUG - Group 10868: 18 active modifiers
2025-12-28 12:09:56,191 - DEBUG - Group 10869: 3 active modifiers
2025-12-28 12:09:56,191 - DEBUG - Group 10870: 2 active modifiers
2025-12-28 12:09:56,191 - DEBUG - Group 10871: 8 active modifiers
2025-12-28 12:09:56,192 - DEBUG - Group 10872: 4 active modifiers
2025-12-28 12:09:56,192 - DEBUG - Group 10873: 4 active modifiers
2025-12-28 12:09:56,288 - INFO - Processing modifier group: Burgers extra (ID: 10861)
2025-12-28 12:09:56,822 - INFO -   Found 10 modifiers (2 active, 8 inactive)
2025-12-28 12:09:56,843 - INFO - Processing modifier group: Wings Sauces (ID: 10862)
2025-12-28 12:09:57,576 - INFO -   Found 15 modifiers (4 active, 11 inactive)
2025-12-28 12:09:57,596 - INFO - Processing modifier group: Nachos extra (ID: 10863)
2025-12-28 12:09:58,113 - INFO -   Found 10 modifiers (2 active, 8 inactive)
2025-12-28 12:09:58,132 - INFO - Processing modifier group: Burgers ing (ID: 10864)
2025-12-28 12:09:59,764 - INFO -   Found 32 modifiers (4 active, 28 inactive)
2025-12-28 12:09:59,782 - INFO - Processing modifier group: poutine extra fromage and sauce (ID: 10865)
2025-12-28 12:10:00,306 - INFO -   Found 10 modifiers (2 active, 8 inactive)
2025-12-28 12:10:00,325 - INFO - Processing modifier group: Upgrade to Poutine (ID: 10866)
2025-12-28 12:10:00,846 - INFO -   Found 10 modifiers (1 active, 9 inactive)
2025-12-28 12:10:00,866 - INFO - Processing modifier group: Subs sauces (ID: 10867)
2025-12-28 12:10:01,636 - INFO -   Found 15 modifiers (2 active, 13 inactive)
2025-12-28 12:10:01,656 - INFO - Processing modifier group: Pizza Toppings (ID: 10868)
2025-12-28 12:10:02,990 - INFO -   Found 32 modifiers (18 active, 14 inactive)
2025-12-28 12:10:03,010 - INFO - Processing modifier group: Pizza Dips (ID: 10869)
2025-12-28 12:10:03,734 - INFO -   Found 15 modifiers (3 active, 12 inactive)
2025-12-28 12:10:03,754 - INFO - Processing modifier group: Sauces Viande Fumee Sub (ID: 10870)
2025-12-28 12:10:04,520 - INFO -   Found 15 modifiers (2 active, 13 inactive)
2025-12-28 12:10:04,541 - INFO - Processing modifier group: Subs Selection for Sous Marin Vous (ID: 10871)
2025-12-28 12:10:06,056 - INFO -   Found 32 modifiers (8 active, 24 inactive)
2025-12-28 12:10:06,076 - INFO - Processing modifier group: Mini Beignets Options (ID: 10872)
2025-12-28 12:10:07,698 - INFO -   Found 32 modifiers (4 active, 28 inactive)
2025-12-28 12:10:07,716 - INFO - Processing modifier group: Mini Beignets Dips (ID: 10873)
2025-12-28 12:10:08,463 - INFO -   Found 15 modifiers (4 active, 11 inactive)
2025-12-28 12:10:08,465 - INFO - Total modifier groups extracted: 13
2025-12-28 12:10:08,773 - INFO - Inserted modifier group: Burgers extra (ID: 2620)
2025-12-28 12:10:08,930 - DEBUG - Upserted modifier: Poulet (V1 ID: 51088, DB ID: 134063)
2025-12-28 12:10:09,390 - DEBUG - Upserted modifier: Bacon (V1 ID: 51089, DB ID: 134064)
2025-12-28 12:10:09,831 - DEBUG - Upserted modifier: Fromage (V1 ID: 50111, DB ID: 134065)
2025-12-28 12:10:10,266 - DEBUG - Upserted modifier: Bacon (V1 ID: 50112, DB ID: 134066)
2025-12-28 12:10:10,699 - DEBUG - Upserted modifier: Poulet (V1 ID: 50117, DB ID: 134067)
2025-12-28 12:10:11,132 - DEBUG - Upserted modifier: Sauce (V1 ID: 50120, DB ID: 134068)
2025-12-28 12:10:11,556 - DEBUG - Upserted modifier: Poutine (V1 ID: 50121, DB ID: 134069)
2025-12-28 12:10:11,978 - DEBUG - Upserted modifier: Frites (V1 ID: 50124, DB ID: 134070)
2025-12-28 12:10:12,424 - DEBUG - Upserted modifier: Poulet (V1 ID: 50127, DB ID: 134071)
2025-12-28 12:10:12,855 - DEBUG - Upserted modifier: Boeuf (V1 ID: 50128, DB ID: 134072)
2025-12-28 12:10:13,427 - INFO - Inserted modifier group: Wings Sauces (ID: 2621)
2025-12-28 12:10:13,572 - DEBUG - Upserted modifier: Ail (V1 ID: 50107, DB ID: 134073)
2025-12-28 12:10:14,017 - DEBUG - Upserted modifier: Cheddar (V1 ID: 50108, DB ID: 134074)
2025-12-28 12:10:14,452 - DEBUG - Upserted modifier: Ranch (V1 ID: 50109, DB ID: 134075)
2025-12-28 12:10:14,886 - DEBUG - Upserted modifier: Marinara (V1 ID: 50110, DB ID: 134076)
2025-12-28 12:10:15,334 - DEBUG - Upserted modifier: Douce (V1 ID: 50113, DB ID: 134077)
2025-12-28 12:10:15,747 - DEBUG - Upserted modifier: Moyenne (V1 ID: 50114, DB ID: 134078)
2025-12-28 12:10:16,247 - DEBUG - Upserted modifier: Fort (V1 ID: 50115, DB ID: 134079)
2025-12-28 12:10:16,717 - DEBUG - Upserted modifier: Miel et Ail (V1 ID: 50116, DB ID: 134080)
2025-12-28 12:10:17,268 - DEBUG - Upserted modifier: Mayonnaise (V1 ID: 50122, DB ID: 134081)
2025-12-28 12:10:17,798 - DEBUG - Upserted modifier: Sauce à l’ail (V1 ID: 50123, DB ID: 134082)
2025-12-28 12:10:18,337 - DEBUG - Upserted modifier: Moutarde (V1 ID: 50126, DB ID: 134083)
2025-12-28 12:10:18,853 - DEBUG - Upserted modifier: Trempette Anniversaire (V1 ID: 50141, DB ID: 134084)
2025-12-28 12:10:19,328 - DEBUG - Upserted modifier: Trempettes au Caramel Salé (V1 ID: 50142, DB ID: 134085)
2025-12-28 12:10:19,789 - DEBUG - Upserted modifier: Trempettes Biscuit et Crème (V1 ID: 50143, DB ID: 134086)
2025-12-28 12:10:20,308 - DEBUG - Upserted modifier: Trempettes Chocolat Fudge (V1 ID: 50144, DB ID: 134087)
2025-12-28 12:10:21,004 - INFO - Inserted modifier group: Nachos extra (ID: 2622)
2025-12-28 12:10:21,171 - DEBUG - Upserted modifier: Poulet (V1 ID: 51088, DB ID: 134088)
2025-12-28 12:10:21,704 - DEBUG - Upserted modifier: Bacon (V1 ID: 51089, DB ID: 134089)
2025-12-28 12:10:22,162 - DEBUG - Upserted modifier: Fromage (V1 ID: 50111, DB ID: 134090)
2025-12-28 12:10:22,601 - DEBUG - Upserted modifier: Bacon (V1 ID: 50112, DB ID: 134091)
2025-12-28 12:10:23,027 - DEBUG - Upserted modifier: Poulet (V1 ID: 50117, DB ID: 134092)
2025-12-28 12:10:23,458 - DEBUG - Upserted modifier: Sauce (V1 ID: 50120, DB ID: 134093)
2025-12-28 12:10:23,925 - DEBUG - Upserted modifier: Poutine (V1 ID: 50121, DB ID: 134094)
2025-12-28 12:10:24,353 - DEBUG - Upserted modifier: Frites (V1 ID: 50124, DB ID: 134095)
2025-12-28 12:10:24,770 - DEBUG - Upserted modifier: Poulet (V1 ID: 50127, DB ID: 134096)
2025-12-28 12:10:25,207 - DEBUG - Upserted modifier: Boeuf (V1 ID: 50128, DB ID: 134097)
2025-12-28 12:10:25,782 - INFO - Inserted modifier group: Burgers ing (ID: 2623)
2025-12-28 12:10:25,930 - DEBUG - Upserted modifier: Steak Style Philadelphia Grande (V1 ID: 50129, DB ID: 134098)
2025-12-28 12:10:26,365 - DEBUG - Upserted modifier: La Québecoise Grande (V1 ID: 50130, DB ID: 134099)
2025-12-28 12:10:26,788 - DEBUG - Upserted modifier: Hoagie Pizza Sub Grande (V1 ID: 50131, DB ID: 134100)
2025-12-28 12:10:27,204 - DEBUG - Upserted modifier: Le Jambon Grande (V1 ID: 50132, DB ID: 134101)
2025-12-28 12:10:27,661 - DEBUG - Upserted modifier: Le Combiné Grande (V1 ID: 50133, DB ID: 134102)
2025-12-28 12:10:28,131 - DEBUG - Upserted modifier: Le Club Sub Grande (V1 ID: 50134, DB ID: 134103)
2025-12-28 12:10:28,575 - DEBUG - Upserted modifier: Le Super Super Grande (V1 ID: 50135, DB ID: 134104)
2025-12-28 12:10:29,015 - DEBUG - Upserted modifier: Donair Grande (V1 ID: 50136, DB ID: 134105)
2025-12-28 12:10:29,437 - DEBUG - Upserted modifier: Chocolat (V1 ID: 50137, DB ID: 134106)
2025-12-28 12:10:29,856 - DEBUG - Upserted modifier: Canelle (V1 ID: 50138, DB ID: 134107)
2025-12-28 12:10:30,296 - DEBUG - Upserted modifier: Fruits (V1 ID: 50139, DB ID: 134108)
2025-12-28 12:10:30,752 - DEBUG - Upserted modifier: Sucre époudré (V1 ID: 50140, DB ID: 134109)
2025-12-28 12:10:31,180 - DEBUG - Upserted modifier: Pepperoni (V1 ID: 50089, DB ID: 134110)
2025-12-28 12:10:31,914 - DEBUG - Upserted modifier: Bacon (V1 ID: 50090, DB ID: 134111)
2025-12-28 12:10:32,643 - DEBUG - Upserted modifier: Jambon (V1 ID: 50095, DB ID: 134112)
2025-12-28 12:10:33,367 - DEBUG - Upserted modifier: Poulet (V1 ID: 50101, DB ID: 134113)
2025-12-28 12:10:34,089 - DEBUG - Upserted modifier: Saucisse Italienne (V1 ID: 50103, DB ID: 134114)
2025-12-28 12:10:34,804 - DEBUG - Upserted modifier: Viande Fumée (V1 ID: 50106, DB ID: 134115)
2025-12-28 12:10:35,529 - DEBUG - Upserted modifier: Fromage Feta (V1 ID: 50105, DB ID: 134116)
2025-12-28 12:10:36,258 - DEBUG - Upserted modifier: Champignons (V1 ID: 50091, DB ID: 134117)
2025-12-28 12:10:36,978 - DEBUG - Upserted modifier: Poivrons Verts (V1 ID: 50092, DB ID: 134118)
2025-12-28 12:10:37,736 - DEBUG - Upserted modifier: Origan (V1 ID: 50093, DB ID: 134119)
2025-12-28 12:10:38,503 - DEBUG - Upserted modifier: Basilic (V1 ID: 50094, DB ID: 134120)
2025-12-28 12:10:39,240 - DEBUG - Upserted modifier: Ananas (V1 ID: 50096, DB ID: 134121)
2025-12-28 12:10:39,978 - DEBUG - Upserted modifier: Olives (V1 ID: 50097, DB ID: 134122)
2025-12-28 12:10:40,710 - DEBUG - Upserted modifier: Tomates (V1 ID: 50098, DB ID: 134123)
2025-12-28 12:10:41,439 - DEBUG - Upserted modifier: Oignons (V1 ID: 50099, DB ID: 134124)
2025-12-28 12:10:41,924 - DEBUG - Upserted modifier: Piments Forts (V1 ID: 50100, DB ID: 134125)
2025-12-28 12:10:42,360 - DEBUG - Upserted modifier: Oignons Rouges (V1 ID: 50102, DB ID: 134126)
2025-12-28 12:10:43,099 - DEBUG - Upserted modifier: Olives Noires (V1 ID: 50104, DB ID: 134127)
2025-12-28 12:10:43,805 - DEBUG - Upserted modifier: Moutarde (V1 ID: 50118, DB ID: 134128)
2025-12-28 12:10:44,260 - DEBUG - Upserted modifier: Relish (V1 ID: 50119, DB ID: 134129)
2025-12-28 12:10:44,835 - INFO - Inserted modifier group: poutine extra fromage and sauce (ID: 2624)
2025-12-28 12:10:44,985 - DEBUG - Upserted modifier: Poulet (V1 ID: 51088, DB ID: 134130)
2025-12-28 12:10:45,431 - DEBUG - Upserted modifier: Bacon (V1 ID: 51089, DB ID: 134131)
2025-12-28 12:10:45,861 - DEBUG - Upserted modifier: Fromage (V1 ID: 50111, DB ID: 134132)
2025-12-28 12:10:46,302 - DEBUG - Upserted modifier: Bacon (V1 ID: 50112, DB ID: 134133)
2025-12-28 12:10:46,733 - DEBUG - Upserted modifier: Poulet (V1 ID: 50117, DB ID: 134134)
2025-12-28 12:10:47,165 - DEBUG - Upserted modifier: Sauce (V1 ID: 50120, DB ID: 134135)
2025-12-28 12:10:47,599 - DEBUG - Upserted modifier: Poutine (V1 ID: 50121, DB ID: 134136)
2025-12-28 12:10:48,039 - DEBUG - Upserted modifier: Frites (V1 ID: 50124, DB ID: 134137)
2025-12-28 12:10:48,465 - DEBUG - Upserted modifier: Poulet (V1 ID: 50127, DB ID: 134138)
2025-12-28 12:10:48,913 - DEBUG - Upserted modifier: Boeuf (V1 ID: 50128, DB ID: 134139)
2025-12-28 12:10:49,495 - INFO - Inserted modifier group: Upgrade to Poutine (ID: 2625)
2025-12-28 12:10:49,642 - DEBUG - Upserted modifier: Poulet (V1 ID: 51088, DB ID: 134140)
2025-12-28 12:10:50,072 - DEBUG - Upserted modifier: Bacon (V1 ID: 51089, DB ID: 134141)
2025-12-28 12:10:50,525 - DEBUG - Upserted modifier: Fromage (V1 ID: 50111, DB ID: 134142)
2025-12-28 12:10:50,955 - DEBUG - Upserted modifier: Bacon (V1 ID: 50112, DB ID: 134143)
2025-12-28 12:10:51,389 - DEBUG - Upserted modifier: Poulet (V1 ID: 50117, DB ID: 134144)
2025-12-28 12:10:51,829 - DEBUG - Upserted modifier: Sauce (V1 ID: 50120, DB ID: 134145)
2025-12-28 12:10:52,249 - DEBUG - Upserted modifier: Poutine (V1 ID: 50121, DB ID: 134146)
2025-12-28 12:10:52,685 - DEBUG - Upserted modifier: Frites (V1 ID: 50124, DB ID: 134147)
2025-12-28 12:10:53,128 - DEBUG - Upserted modifier: Poulet (V1 ID: 50127, DB ID: 134148)
2025-12-28 12:10:53,577 - DEBUG - Upserted modifier: Boeuf (V1 ID: 50128, DB ID: 134149)
2025-12-28 12:10:54,180 - INFO - Inserted modifier group: Subs sauces (ID: 2626)
2025-12-28 12:10:54,332 - DEBUG - Upserted modifier: Ail (V1 ID: 50107, DB ID: 134150)
2025-12-28 12:10:54,772 - DEBUG - Upserted modifier: Cheddar (V1 ID: 50108, DB ID: 134151)
2025-12-28 12:10:55,228 - DEBUG - Upserted modifier: Ranch (V1 ID: 50109, DB ID: 134152)
2025-12-28 12:10:55,654 - DEBUG - Upserted modifier: Marinara (V1 ID: 50110, DB ID: 134153)
2025-12-28 12:10:56,079 - DEBUG - Upserted modifier: Douce (V1 ID: 50113, DB ID: 134154)
2025-12-28 12:10:56,505 - DEBUG - Upserted modifier: Moyenne (V1 ID: 50114, DB ID: 134155)
2025-12-28 12:10:56,926 - DEBUG - Upserted modifier: Fort (V1 ID: 50115, DB ID: 134156)
2025-12-28 12:10:57,344 - DEBUG - Upserted modifier: Miel et Ail (V1 ID: 50116, DB ID: 134157)
2025-12-28 12:10:57,755 - DEBUG - Upserted modifier: Mayonnaise (V1 ID: 50122, DB ID: 134158)
2025-12-28 12:10:58,186 - DEBUG - Upserted modifier: Sauce à l’ail (V1 ID: 50123, DB ID: 134159)
2025-12-28 12:10:58,614 - DEBUG - Upserted modifier: Moutarde (V1 ID: 50126, DB ID: 134160)
2025-12-28 12:10:59,047 - DEBUG - Upserted modifier: Trempette Anniversaire (V1 ID: 50141, DB ID: 134161)
2025-12-28 12:10:59,483 - DEBUG - Upserted modifier: Trempettes au Caramel Salé (V1 ID: 50142, DB ID: 134162)
2025-12-28 12:10:59,923 - DEBUG - Upserted modifier: Trempettes Biscuit et Crème (V1 ID: 50143, DB ID: 134163)
2025-12-28 12:11:00,411 - DEBUG - Upserted modifier: Trempettes Chocolat Fudge (V1 ID: 50144, DB ID: 134164)
2025-12-28 12:11:00,995 - INFO - Inserted modifier group: Pizza Toppings (ID: 2627)
2025-12-28 12:11:01,146 - DEBUG - Upserted modifier: Steak Style Philadelphia Grande (V1 ID: 50129, DB ID: 134165)
2025-12-28 12:11:01,603 - DEBUG - Upserted modifier: La Québecoise Grande (V1 ID: 50130, DB ID: 134166)
2025-12-28 12:11:02,072 - DEBUG - Upserted modifier: Hoagie Pizza Sub Grande (V1 ID: 50131, DB ID: 134167)
2025-12-28 12:11:02,523 - DEBUG - Upserted modifier: Le Jambon Grande (V1 ID: 50132, DB ID: 134168)
2025-12-28 12:11:02,980 - DEBUG - Upserted modifier: Le Combiné Grande (V1 ID: 50133, DB ID: 134169)
2025-12-28 12:11:03,418 - DEBUG - Upserted modifier: Le Club Sub Grande (V1 ID: 50134, DB ID: 134170)
2025-12-28 12:11:03,843 - DEBUG - Upserted modifier: Le Super Super Grande (V1 ID: 50135, DB ID: 134171)
2025-12-28 12:11:04,277 - DEBUG - Upserted modifier: Donair Grande (V1 ID: 50136, DB ID: 134172)
2025-12-28 12:11:04,709 - DEBUG - Upserted modifier: Chocolat (V1 ID: 50137, DB ID: 134173)
2025-12-28 12:11:05,139 - DEBUG - Upserted modifier: Canelle (V1 ID: 50138, DB ID: 134174)
2025-12-28 12:11:05,591 - DEBUG - Upserted modifier: Fruits (V1 ID: 50139, DB ID: 134175)
2025-12-28 12:11:06,023 - DEBUG - Upserted modifier: Sucre époudré (V1 ID: 50140, DB ID: 134176)
2025-12-28 12:11:06,462 - DEBUG - Upserted modifier: Pepperoni (V1 ID: 50089, DB ID: 134177)
2025-12-28 12:11:07,185 - DEBUG - Upserted modifier: Bacon (V1 ID: 50090, DB ID: 134178)
2025-12-28 12:11:07,906 - DEBUG - Upserted modifier: Jambon (V1 ID: 50095, DB ID: 134179)
2025-12-28 12:11:08,634 - DEBUG - Upserted modifier: Poulet (V1 ID: 50101, DB ID: 134180)
2025-12-28 12:11:09,367 - DEBUG - Upserted modifier: Saucisse Italienne (V1 ID: 50103, DB ID: 134181)
2025-12-28 12:11:10,091 - DEBUG - Upserted modifier: Viande Fumée (V1 ID: 50106, DB ID: 134182)
2025-12-28 12:11:10,829 - DEBUG - Upserted modifier: Fromage Feta (V1 ID: 50105, DB ID: 134183)
2025-12-28 12:11:11,557 - DEBUG - Upserted modifier: Champignons (V1 ID: 50091, DB ID: 134184)
2025-12-28 12:11:12,283 - DEBUG - Upserted modifier: Poivrons Verts (V1 ID: 50092, DB ID: 134185)
2025-12-28 12:11:13,009 - DEBUG - Upserted modifier: Origan (V1 ID: 50093, DB ID: 134186)
2025-12-28 12:11:13,743 - DEBUG - Upserted modifier: Basilic (V1 ID: 50094, DB ID: 134187)
2025-12-28 12:11:14,473 - DEBUG - Upserted modifier: Ananas (V1 ID: 50096, DB ID: 134188)
2025-12-28 12:11:15,225 - DEBUG - Upserted modifier: Olives (V1 ID: 50097, DB ID: 134189)
2025-12-28 12:11:15,935 - DEBUG - Upserted modifier: Tomates (V1 ID: 50098, DB ID: 134190)
2025-12-28 12:11:16,659 - DEBUG - Upserted modifier: Oignons (V1 ID: 50099, DB ID: 134191)
2025-12-28 12:11:17,418 - DEBUG - Upserted modifier: Piments Forts (V1 ID: 50100, DB ID: 134192)
2025-12-28 12:11:18,138 - DEBUG - Upserted modifier: Oignons Rouges (V1 ID: 50102, DB ID: 134193)
2025-12-28 12:11:18,857 - DEBUG - Upserted modifier: Olives Noires (V1 ID: 50104, DB ID: 134194)
2025-12-28 12:11:19,576 - DEBUG - Upserted modifier: Moutarde (V1 ID: 50118, DB ID: 134195)
2025-12-28 12:11:20,010 - DEBUG - Upserted modifier: Relish (V1 ID: 50119, DB ID: 134196)
2025-12-28 12:11:20,586 - INFO - Inserted modifier group: Pizza Dips (ID: 2628)
2025-12-28 12:11:20,723 - DEBUG - Upserted modifier: Ail (V1 ID: 50107, DB ID: 134197)
2025-12-28 12:11:21,158 - DEBUG - Upserted modifier: Cheddar (V1 ID: 50108, DB ID: 134198)
2025-12-28 12:11:21,579 - DEBUG - Upserted modifier: Ranch (V1 ID: 50109, DB ID: 134199)
2025-12-28 12:11:22,008 - DEBUG - Upserted modifier: Marinara (V1 ID: 50110, DB ID: 134200)
2025-12-28 12:11:22,446 - DEBUG - Upserted modifier: Douce (V1 ID: 50113, DB ID: 134201)
2025-12-28 12:11:22,886 - DEBUG - Upserted modifier: Moyenne (V1 ID: 50114, DB ID: 134202)
2025-12-28 12:11:23,303 - DEBUG - Upserted modifier: Fort (V1 ID: 50115, DB ID: 134203)
2025-12-28 12:11:23,729 - DEBUG - Upserted modifier: Miel et Ail (V1 ID: 50116, DB ID: 134204)
2025-12-28 12:11:24,183 - DEBUG - Upserted modifier: Mayonnaise (V1 ID: 50122, DB ID: 134205)
2025-12-28 12:11:24,632 - DEBUG - Upserted modifier: Sauce à l’ail (V1 ID: 50123, DB ID: 134206)
2025-12-28 12:11:25,101 - DEBUG - Upserted modifier: Moutarde (V1 ID: 50126, DB ID: 134207)
2025-12-28 12:11:25,545 - DEBUG - Upserted modifier: Trempette Anniversaire (V1 ID: 50141, DB ID: 134208)
2025-12-28 12:11:26,001 - DEBUG - Upserted modifier: Trempettes au Caramel Salé (V1 ID: 50142, DB ID: 134209)
2025-12-28 12:11:26,446 - DEBUG - Upserted modifier: Trempettes Biscuit et Crème (V1 ID: 50143, DB ID: 134210)
2025-12-28 12:11:26,877 - DEBUG - Upserted modifier: Trempettes Chocolat Fudge (V1 ID: 50144, DB ID: 134211)
2025-12-28 12:11:27,505 - INFO - Inserted modifier group: Sauces Viande Fumee Sub (ID: 2629)
2025-12-28 12:11:27,650 - DEBUG - Upserted modifier: Ail (V1 ID: 50107, DB ID: 134212)
2025-12-28 12:11:28,100 - DEBUG - Upserted modifier: Cheddar (V1 ID: 50108, DB ID: 134213)
2025-12-28 12:11:28,519 - DEBUG - Upserted modifier: Ranch (V1 ID: 50109, DB ID: 134214)
2025-12-28 12:11:28,971 - DEBUG - Upserted modifier: Marinara (V1 ID: 50110, DB ID: 134215)
2025-12-28 12:11:29,407 - DEBUG - Upserted modifier: Douce (V1 ID: 50113, DB ID: 134216)
2025-12-28 12:11:29,849 - DEBUG - Upserted modifier: Moyenne (V1 ID: 50114, DB ID: 134217)
2025-12-28 12:11:30,274 - DEBUG - Upserted modifier: Fort (V1 ID: 50115, DB ID: 134218)
2025-12-28 12:11:30,749 - DEBUG - Upserted modifier: Miel et Ail (V1 ID: 50116, DB ID: 134219)
2025-12-28 12:11:31,192 - DEBUG - Upserted modifier: Mayonnaise (V1 ID: 50122, DB ID: 134220)
2025-12-28 12:11:31,621 - DEBUG - Upserted modifier: Sauce à l’ail (V1 ID: 50123, DB ID: 134221)
2025-12-28 12:11:32,068 - DEBUG - Upserted modifier: Moutarde (V1 ID: 50126, DB ID: 134222)
2025-12-28 12:11:32,486 - DEBUG - Upserted modifier: Trempette Anniversaire (V1 ID: 50141, DB ID: 134223)
2025-12-28 12:11:32,912 - DEBUG - Upserted modifier: Trempettes au Caramel Salé (V1 ID: 50142, DB ID: 134224)
2025-12-28 12:11:33,362 - DEBUG - Upserted modifier: Trempettes Biscuit et Crème (V1 ID: 50143, DB ID: 134225)
2025-12-28 12:11:33,807 - DEBUG - Upserted modifier: Trempettes Chocolat Fudge (V1 ID: 50144, DB ID: 134226)
2025-12-28 12:11:34,398 - INFO - Inserted modifier group: Subs Selection for Sous Marin Vous (ID: 2630)
2025-12-28 12:11:34,557 - DEBUG - Upserted modifier: Steak Style Philadelphia Grande (V1 ID: 50129, DB ID: 134227)
2025-12-28 12:11:35,316 - DEBUG - Upserted modifier: La Québecoise Grande (V1 ID: 50130, DB ID: 134228)
2025-12-28 12:11:36,067 - DEBUG - Upserted modifier: Hoagie Pizza Sub Grande (V1 ID: 50131, DB ID: 134229)
2025-12-28 12:11:36,889 - DEBUG - Upserted modifier: Le Jambon Grande (V1 ID: 50132, DB ID: 134230)
2025-12-28 12:11:37,634 - DEBUG - Upserted modifier: Le Combiné Grande (V1 ID: 50133, DB ID: 134231)
2025-12-28 12:11:38,379 - DEBUG - Upserted modifier: Le Club Sub Grande (V1 ID: 50134, DB ID: 134232)
2025-12-28 12:11:38,836 - DEBUG - Upserted modifier: Le Super Super Grande (V1 ID: 50135, DB ID: 134233)
2025-12-28 12:11:39,343 - DEBUG - Upserted modifier: Donair Grande (V1 ID: 50136, DB ID: 134234)
2025-12-28 12:11:39,888 - DEBUG - Upserted modifier: Chocolat (V1 ID: 50137, DB ID: 134235)
2025-12-28 12:11:40,418 - DEBUG - Upserted modifier: Canelle (V1 ID: 50138, DB ID: 134236)
2025-12-28 12:11:40,961 - DEBUG - Upserted modifier: Fruits (V1 ID: 50139, DB ID: 134237)
2025-12-28 12:11:41,448 - DEBUG - Upserted modifier: Sucre époudré (V1 ID: 50140, DB ID: 134238)
2025-12-28 12:11:41,918 - DEBUG - Upserted modifier: Pepperoni (V1 ID: 50089, DB ID: 134239)
2025-12-28 12:11:42,687 - DEBUG - Upserted modifier: Bacon (V1 ID: 50090, DB ID: 134240)
2025-12-28 12:11:43,412 - DEBUG - Upserted modifier: Jambon (V1 ID: 50095, DB ID: 134241)
2025-12-28 12:11:44,184 - DEBUG - Upserted modifier: Poulet (V1 ID: 50101, DB ID: 134242)
2025-12-28 12:11:44,970 - DEBUG - Upserted modifier: Saucisse Italienne (V1 ID: 50103, DB ID: 134243)
2025-12-28 12:11:45,708 - DEBUG - Upserted modifier: Viande Fumée (V1 ID: 50106, DB ID: 134244)
2025-12-28 12:11:46,454 - DEBUG - Upserted modifier: Fromage Feta (V1 ID: 50105, DB ID: 134245)
2025-12-28 12:11:47,194 - DEBUG - Upserted modifier: Champignons (V1 ID: 50091, DB ID: 134246)
2025-12-28 12:11:47,966 - DEBUG - Upserted modifier: Poivrons Verts (V1 ID: 50092, DB ID: 134247)
2025-12-28 12:11:48,709 - DEBUG - Upserted modifier: Origan (V1 ID: 50093, DB ID: 134248)
2025-12-28 12:11:49,444 - DEBUG - Upserted modifier: Basilic (V1 ID: 50094, DB ID: 134249)
2025-12-28 12:11:50,133 - DEBUG - Upserted modifier: Ananas (V1 ID: 50096, DB ID: 134250)
2025-12-28 12:11:50,870 - DEBUG - Upserted modifier: Olives (V1 ID: 50097, DB ID: 134251)
2025-12-28 12:11:51,660 - DEBUG - Upserted modifier: Tomates (V1 ID: 50098, DB ID: 134252)
2025-12-28 12:11:52,395 - DEBUG - Upserted modifier: Oignons (V1 ID: 50099, DB ID: 134253)
2025-12-28 12:11:53,092 - DEBUG - Upserted modifier: Piments Forts (V1 ID: 50100, DB ID: 134254)
2025-12-28 12:11:53,812 - DEBUG - Upserted modifier: Oignons Rouges (V1 ID: 50102, DB ID: 134255)
2025-12-28 12:11:54,532 - DEBUG - Upserted modifier: Olives Noires (V1 ID: 50104, DB ID: 134256)
2025-12-28 12:11:55,284 - DEBUG - Upserted modifier: Moutarde (V1 ID: 50118, DB ID: 134257)
2025-12-28 12:11:55,714 - DEBUG - Upserted modifier: Relish (V1 ID: 50119, DB ID: 134258)
2025-12-28 12:11:56,292 - INFO - Inserted modifier group: Mini Beignets Options (ID: 2631)
2025-12-28 12:11:56,437 - DEBUG - Upserted modifier: Steak Style Philadelphia Grande (V1 ID: 50129, DB ID: 134259)
2025-12-28 12:11:56,884 - DEBUG - Upserted modifier: La Québecoise Grande (V1 ID: 50130, DB ID: 134260)
2025-12-28 12:11:57,328 - DEBUG - Upserted modifier: Hoagie Pizza Sub Grande (V1 ID: 50131, DB ID: 134261)
2025-12-28 12:11:57,766 - DEBUG - Upserted modifier: Le Jambon Grande (V1 ID: 50132, DB ID: 134262)
2025-12-28 12:11:58,207 - DEBUG - Upserted modifier: Le Combiné Grande (V1 ID: 50133, DB ID: 134263)
2025-12-28 12:11:58,673 - DEBUG - Upserted modifier: Le Club Sub Grande (V1 ID: 50134, DB ID: 134264)
2025-12-28 12:11:59,114 - DEBUG - Upserted modifier: Le Super Super Grande (V1 ID: 50135, DB ID: 134265)
2025-12-28 12:11:59,546 - DEBUG - Upserted modifier: Donair Grande (V1 ID: 50136, DB ID: 134266)
2025-12-28 12:11:59,984 - DEBUG - Upserted modifier: Chocolat (V1 ID: 50137, DB ID: 134267)
2025-12-28 12:12:00,408 - DEBUG - Upserted modifier: Canelle (V1 ID: 50138, DB ID: 134268)
2025-12-28 12:12:00,829 - DEBUG - Upserted modifier: Fruits (V1 ID: 50139, DB ID: 134269)
2025-12-28 12:12:01,286 - DEBUG - Upserted modifier: Sucre époudré (V1 ID: 50140, DB ID: 134270)
2025-12-28 12:12:01,729 - DEBUG - Upserted modifier: Pepperoni (V1 ID: 50089, DB ID: 134271)
2025-12-28 12:12:02,467 - DEBUG - Upserted modifier: Bacon (V1 ID: 50090, DB ID: 134272)
2025-12-28 12:12:03,196 - DEBUG - Upserted modifier: Jambon (V1 ID: 50095, DB ID: 134273)
2025-12-28 12:12:03,929 - DEBUG - Upserted modifier: Poulet (V1 ID: 50101, DB ID: 134274)
2025-12-28 12:12:04,662 - DEBUG - Upserted modifier: Saucisse Italienne (V1 ID: 50103, DB ID: 134275)
2025-12-28 12:12:05,379 - DEBUG - Upserted modifier: Viande Fumée (V1 ID: 50106, DB ID: 134276)
2025-12-28 12:12:06,104 - DEBUG - Upserted modifier: Fromage Feta (V1 ID: 50105, DB ID: 134277)
2025-12-28 12:12:06,850 - DEBUG - Upserted modifier: Champignons (V1 ID: 50091, DB ID: 134278)
2025-12-28 12:12:07,600 - DEBUG - Upserted modifier: Poivrons Verts (V1 ID: 50092, DB ID: 134279)
2025-12-28 12:12:08,322 - DEBUG - Upserted modifier: Origan (V1 ID: 50093, DB ID: 134280)
2025-12-28 12:12:09,048 - DEBUG - Upserted modifier: Basilic (V1 ID: 50094, DB ID: 134281)
2025-12-28 12:12:09,791 - DEBUG - Upserted modifier: Ananas (V1 ID: 50096, DB ID: 134282)
2025-12-28 12:12:10,526 - DEBUG - Upserted modifier: Olives (V1 ID: 50097, DB ID: 134283)
2025-12-28 12:12:11,273 - DEBUG - Upserted modifier: Tomates (V1 ID: 50098, DB ID: 134284)
2025-12-28 12:12:12,014 - DEBUG - Upserted modifier: Oignons (V1 ID: 50099, DB ID: 134285)
2025-12-28 12:12:12,756 - DEBUG - Upserted modifier: Piments Forts (V1 ID: 50100, DB ID: 134286)
2025-12-28 12:12:13,492 - DEBUG - Upserted modifier: Oignons Rouges (V1 ID: 50102, DB ID: 134287)
2025-12-28 12:12:14,204 - DEBUG - Upserted modifier: Olives Noires (V1 ID: 50104, DB ID: 134288)
2025-12-28 12:12:14,932 - DEBUG - Upserted modifier: Moutarde (V1 ID: 50118, DB ID: 134289)
2025-12-28 12:12:15,362 - DEBUG - Upserted modifier: Relish (V1 ID: 50119, DB ID: 134290)
2025-12-28 12:12:15,938 - INFO - Inserted modifier group: Mini Beignets Dips (ID: 2632)
2025-12-28 12:12:16,083 - DEBUG - Upserted modifier: Ail (V1 ID: 50107, DB ID: 134291)
2025-12-28 12:12:16,526 - DEBUG - Upserted modifier: Cheddar (V1 ID: 50108, DB ID: 134292)
2025-12-28 12:12:16,945 - DEBUG - Upserted modifier: Ranch (V1 ID: 50109, DB ID: 134293)
2025-12-28 12:12:17,393 - DEBUG - Upserted modifier: Marinara (V1 ID: 50110, DB ID: 134294)
2025-12-28 12:12:17,847 - DEBUG - Upserted modifier: Douce (V1 ID: 50113, DB ID: 134295)
2025-12-28 12:12:18,280 - DEBUG - Upserted modifier: Moyenne (V1 ID: 50114, DB ID: 134296)
2025-12-28 12:12:18,735 - DEBUG - Upserted modifier: Fort (V1 ID: 50115, DB ID: 134297)
2025-12-28 12:12:19,163 - DEBUG - Upserted modifier: Miel et Ail (V1 ID: 50116, DB ID: 134298)
2025-12-28 12:12:19,620 - DEBUG - Upserted modifier: Mayonnaise (V1 ID: 50122, DB ID: 134299)
2025-12-28 12:12:20,045 - DEBUG - Upserted modifier: Sauce à l’ail (V1 ID: 50123, DB ID: 134300)
2025-12-28 12:12:20,530 - DEBUG - Upserted modifier: Moutarde (V1 ID: 50126, DB ID: 134301)
2025-12-28 12:12:20,985 - DEBUG - Upserted modifier: Trempette Anniversaire (V1 ID: 50141, DB ID: 134302)
2025-12-28 12:12:21,441 - DEBUG - Upserted modifier: Trempettes au Caramel Salé (V1 ID: 50142, DB ID: 134303)
2025-12-28 12:12:21,880 - DEBUG - Upserted modifier: Trempettes Biscuit et Crème (V1 ID: 50143, DB ID: 134304)
2025-12-28 12:12:22,334 - DEBUG - Upserted modifier: Trempettes Chocolat Fudge (V1 ID: 50144, DB ID: 134305)
2025-12-28 12:12:22,625 - INFO -   Done: 13 groups, 243 modifiers, 383 prices
2025-12-28 12:12:22,626 - INFO - ----------------------------------------
2025-12-28 12:12:22,626 - INFO - [14/20] Processing: Patate Lou Lou
2025-12-28 12:12:22,627 - INFO - Navigating to modifier groups page: https://menuadmin.menu.ca/?p=restaurants&display=editRestaurant&restaurant=948&load=ingredientGroups&showLang=fr
2025-12-28 12:12:23,645 - DEBUG - Expanding all modifier group divs...
2025-12-28 12:12:24,217 - DEBUG - Group 9540: 5 active modifiers
2025-12-28 12:12:24,217 - DEBUG - Group 9541: 1 active modifiers
2025-12-28 12:12:24,218 - DEBUG - Group 9542: 7 active modifiers
2025-12-28 12:12:24,218 - DEBUG - Group 9543: 2 active modifiers
2025-12-28 12:12:24,218 - DEBUG - Group 9544: 6 active modifiers
2025-12-28 12:12:24,218 - DEBUG - Group 9545: 20 active modifiers
2025-12-28 12:12:24,218 - DEBUG - Group 9546: 6 active modifiers
2025-12-28 12:12:24,218 - DEBUG - Group 9547: 2 active modifiers
2025-12-28 12:12:24,218 - DEBUG - Group 9548: 9 active modifiers
2025-12-28 12:12:24,218 - DEBUG - Group 9549: 1 active modifiers
2025-12-28 12:12:24,218 - DEBUG - Group 9550: 1 active modifiers
2025-12-28 12:12:24,219 - DEBUG - Group 9551: 5 active modifiers
2025-12-28 12:12:24,219 - DEBUG - Group 9552: 3 active modifiers
2025-12-28 12:12:24,219 - DEBUG - Group 9553: 5 active modifiers
2025-12-28 12:12:24,219 - DEBUG - Group 9554: 2 active modifiers
2025-12-28 12:12:24,219 - DEBUG - Group 9555: 17 active modifiers
2025-12-28 12:12:24,219 - DEBUG - Group 9556: 3 active modifiers
2025-12-28 12:12:24,219 - DEBUG - Group 9557: 5 active modifiers
2025-12-28 12:12:24,219 - DEBUG - Group 9558: 2 active modifiers
2025-12-28 12:12:24,220 - DEBUG - Group 9559: 1 active modifiers
2025-12-28 12:12:24,220 - DEBUG - Group 9560: 14 active modifiers
2025-12-28 12:12:24,220 - DEBUG - Group 9561: 3 active modifiers
2025-12-28 12:12:24,220 - DEBUG - Group 9562: 7 active modifiers
2025-12-28 12:12:24,220 - DEBUG - Group 9563: 3 active modifiers
2025-12-28 12:12:24,220 - DEBUG - Group 9572: 2 active modifiers
2025-12-28 12:12:24,220 - DEBUG - Group 9573: 7 active modifiers
2025-12-28 12:12:24,220 - DEBUG - Group 9576: 2 active modifiers
2025-12-28 12:12:24,221 - DEBUG - Group 9628: 7 active modifiers
2025-12-28 12:12:24,221 - DEBUG - Group 9654: 9 active modifiers
2025-12-28 12:12:24,221 - DEBUG - Group 10968: 2 active modifiers
2025-12-28 12:12:24,349 - INFO - Processing modifier group: Sauces options (ID: 9540)
2025-12-28 12:12:26,162 - INFO -   Found 33 modifiers (5 active, 28 inactive)
2025-12-28 12:12:26,183 - INFO - Processing modifier group: Extra Cheese for Poutines (ID: 9541)
2025-12-28 12:12:26,658 - INFO -   Found 8 modifiers (1 active, 7 inactive)
2025-12-28 12:12:26,677 - INFO - Processing modifier group: Sauces for Poutines (ID: 9542)
2025-12-28 12:12:28,500 - INFO -   Found 33 modifiers (7 active, 26 inactive)
2025-12-28 12:12:28,520 - INFO - Processing modifier group: Lactose Free Cheese for Poutines (ID: 9543)
2025-12-28 12:12:28,633 - INFO -   Found 2 modifiers (2 active, 0 inactive)
2025-12-28 12:12:28,654 - INFO - Processing modifier group: Sauces for Make Your Own Poutine (ID: 9544)
2025-12-28 12:12:30,499 - INFO -   Found 33 modifiers (6 active, 27 inactive)
2025-12-28 12:12:30,517 - INFO - Processing modifier group: Extra Ingredients for Poutines (ID: 9545)
2025-12-28 12:12:32,650 - INFO -   Found 43 modifiers (20 active, 23 inactive)
2025-12-28 12:12:32,669 - INFO - Processing modifier group: Hot Dog Ingredients (ID: 9546)
2025-12-28 12:12:35,157 - INFO -   Found 43 modifiers (6 active, 37 inactive)
2025-12-28 12:12:35,176 - INFO - Processing modifier group: Extras for Hot Dogs & Burgers (ID: 9547)
2025-12-28 12:12:35,646 - INFO -   Found 8 modifiers (2 active, 6 inactive)
2025-12-28 12:12:35,667 - INFO - Processing modifier group: Burgers ingredients (free) (ID: 9548)
2025-12-28 12:12:37,964 - INFO -   Found 43 modifiers (9 active, 34 inactive)
2025-12-28 12:12:37,975 - INFO - Processing modifier group: Upgrade fries to Poutine (ID: 9549)
2025-12-28 12:12:39,109 - INFO -   Found 22 modifiers (1 active, 21 inactive)
2025-12-28 12:12:39,128 - INFO - Processing modifier group: Extra Chicken for Salads (ID: 9550)
2025-12-28 12:12:39,615 - INFO -   Found 8 modifiers (1 active, 7 inactive)
2025-12-28 12:12:39,637 - INFO - Processing modifier group: Salad Dressings (ID: 9551)
2025-12-28 12:12:40,384 - INFO -   Found 14 modifiers (5 active, 9 inactive)
2025-12-28 12:12:40,404 - INFO - Processing modifier group: Wings Sauces (ID: 9552)
2025-12-28 12:12:42,273 - INFO -   Found 33 modifiers (3 active, 30 inactive)
2025-12-28 12:12:42,292 - INFO - Processing modifier group: Slushy Flavors (ID: 9553)
2025-12-28 12:12:44,752 - INFO -   Found 43 modifiers (5 active, 38 inactive)
2025-12-28 12:12:44,769 - INFO - Processing modifier group: Drinks for Kids Meals (ID: 9554)
2025-12-28 12:12:45,872 - INFO -   Found 19 modifiers (2 active, 17 inactive)
2025-12-28 12:12:45,892 - INFO - Processing modifier group: Drinks 591ml (ID: 9555)
2025-12-28 12:12:46,639 - INFO -   Found 19 modifiers (17 active, 2 inactive)
2025-12-28 12:12:46,657 - INFO - Processing modifier group: Dessert for Kids Meal (ID: 9556)
2025-12-28 12:12:47,898 - INFO -   Found 22 modifiers (3 active, 19 inactive)
2025-12-28 12:12:47,920 - INFO - Processing modifier group: Pogo Ingredients (ID: 9557)
2025-12-28 12:12:50,384 - INFO -   Found 43 modifiers (5 active, 38 inactive)
2025-12-28 12:12:50,403 - INFO - Processing modifier group: Extra Cheese & Meat (use on specials) (ID: 9558)
2025-12-28 12:12:51,676 - INFO -   Found 22 modifiers (2 active, 20 inactive)
2025-12-28 12:12:51,695 - INFO - Processing modifier group: Change fries for Poutine (Kids meal only) (ID: 9559)
2025-12-28 12:12:52,169 - INFO -   Found 8 modifiers (1 active, 7 inactive)
2025-12-28 12:12:52,187 - INFO - Processing modifier group: Upgrade to Poutine and Gravy for Fries from Special (ID: 9560)
2025-12-28 12:12:53,174 - INFO -   Found 22 modifiers (14 active, 8 inactive)
2025-12-28 12:12:53,193 - INFO - Processing modifier group: Biscuits (from EXTRAS) (ID: 9561)
2025-12-28 12:12:53,637 - INFO -   Found 8 modifiers (3 active, 5 inactive)
2025-12-28 12:12:53,655 - INFO - Processing modifier group: Gravy for Fries Section (ID: 9562)
2025-12-28 12:12:55,422 - INFO -   Found 33 modifiers (7 active, 26 inactive)
2025-12-28 12:12:55,441 - INFO - Processing modifier group: Wonton Crunch options (ID: 9563)
2025-12-28 12:12:57,974 - INFO -   Found 43 modifiers (3 active, 40 inactive)
2025-12-28 12:12:57,993 - INFO - Processing modifier group: Upgrade Mini Poutine to S or M poutine (6,7,8) (ID: 9572)
2025-12-28 12:12:59,891 - INFO -   Found 33 modifiers (2 active, 31 inactive)
2025-12-28 12:12:59,910 - INFO - Processing modifier group: Doigts de poulet and amuse gueule Sauces (ID: 9573)
2025-12-28 12:13:01,702 - INFO -   Found 33 modifiers (7 active, 26 inactive)
2025-12-28 12:13:01,721 - INFO - Processing modifier group: Sauce Brune or Blanche for 6-7-8-10-11 (ID: 9576)
2025-12-28 12:13:02,510 - INFO -   Found 14 modifiers (2 active, 12 inactive)
2025-12-28 12:13:02,529 - INFO - Processing modifier group: Poutine sauces for #6,#7,#8,#10,#11 (ID: 9628)
2025-12-28 12:13:03,228 - INFO -   Found 14 modifiers (7 active, 7 inactive)
2025-12-28 12:13:03,246 - INFO - Processing modifier group: Divers Section Upgrade to Poutine-Gravy-Salad (ID: 9654)
2025-12-28 12:13:04,357 - INFO -   Found 22 modifiers (9 active, 13 inactive)
2025-12-28 12:13:04,376 - INFO - Processing modifier group: Mini Donuts Dips (ID: 10968)
2025-12-28 12:13:06,295 - INFO -   Found 33 modifiers (2 active, 31 inactive)
2025-12-28 12:13:06,297 - INFO - Total modifier groups extracted: 30
2025-12-28 12:13:06,717 - INFO - Inserted modifier group: Sauces options (ID: 2633)
2025-12-28 12:13:06,897 - DEBUG - Upserted modifier: Trempette au Caramel Salé (V1 ID: 50661, DB ID: 134306)
2025-12-28 12:13:07,361 - DEBUG - Upserted modifier: Trempette Chocolat Fudge (V1 ID: 50662, DB ID: 134307)
2025-12-28 12:13:07,833 - DEBUG - Upserted modifier: Blanche (V1 ID: 43264, DB ID: 134308)
2025-12-28 12:13:08,280 - DEBUG - Upserted modifier: BBQ (V1 ID: 43265, DB ID: 134309)
2025-12-28 12:13:08,709 - DEBUG - Upserted modifier: Sauce au poivre (V1 ID: 43266, DB ID: 134310)
2025-12-28 12:13:09,147 - DEBUG - Upserted modifier: Végétarienne (V1 ID: 43267, DB ID: 134311)
2025-12-28 12:13:09,590 - DEBUG - Upserted modifier: Italienne (V1 ID: 43268, DB ID: 134312)
2025-12-28 12:13:10,053 - DEBUG - Upserted modifier: Maison Loulou (V1 ID: 43269, DB ID: 134313)
2025-12-28 12:13:10,480 - DEBUG - Upserted modifier: BBQ (V1 ID: 43311, DB ID: 134314)
2025-12-28 12:13:10,929 - DEBUG - Upserted modifier: Piquante (V1 ID: 43312, DB ID: 134315)
2025-12-28 12:13:11,346 - DEBUG - Upserted modifier: Miel et Ail (V1 ID: 43313, DB ID: 134316)
2025-12-28 12:13:11,790 - DEBUG - Upserted modifier: Sauce Brune (V1 ID: 43348, DB ID: 134317)
2025-12-28 12:13:13,133 - DEBUG - Upserted modifier: Sauce Blanche (V1 ID: 43352, DB ID: 134318)
2025-12-28 12:13:14,463 - DEBUG - Upserted modifier: Sauce BBQ (V1 ID: 43353, DB ID: 134319)
2025-12-28 12:13:15,746 - DEBUG - Upserted modifier: Sauce au poivre (V1 ID: 43354, DB ID: 134320)
2025-12-28 12:13:17,063 - DEBUG - Upserted modifier: Sauce Végétarienne (V1 ID: 43355, DB ID: 134321)
2025-12-28 12:13:18,370 - DEBUG - Upserted modifier: Sauce Italienne (V1 ID: 43356, DB ID: 134322)
2025-12-28 12:13:19,643 - DEBUG - Upserted modifier: Sauce Maison Lou Lou (V1 ID: 43357, DB ID: 134323)
2025-12-28 12:13:20,950 - DEBUG - Upserted modifier: Sauce Lou Lou (V1 ID: 47966, DB ID: 134324)
2025-12-28 12:13:21,405 - DEBUG - Upserted modifier: Petit Poutine (V1 ID: 43452, DB ID: 134325)
2025-12-28 12:13:21,829 - DEBUG - Upserted modifier: Moyenne Poutine (V1 ID: 43453, DB ID: 134326)
2025-12-28 12:13:22,263 - DEBUG - Upserted modifier: Aigre douce (V1 ID: 43454, DB ID: 134327)
2025-12-28 12:13:22,693 - DEBUG - Upserted modifier: Prune (V1 ID: 43455, DB ID: 134328)
2025-12-28 12:13:23,162 - DEBUG - Upserted modifier: Ranch (V1 ID: 43456, DB ID: 134329)
2025-12-28 12:13:23,585 - DEBUG - Upserted modifier: Sauce épicée (V1 ID: 43457, DB ID: 134330)
2025-12-28 12:13:24,009 - DEBUG - Upserted modifier: Sauce Thai (V1 ID: 43458, DB ID: 134331)
2025-12-28 12:13:24,449 - DEBUG - Upserted modifier: Sauce aux prunes (V1 ID: 43257, DB ID: 134332)
2025-12-28 12:13:24,874 - DEBUG - Upserted modifier: Aigre-doux (V1 ID: 43258, DB ID: 134333)
2025-12-28 12:13:25,288 - DEBUG - Upserted modifier: BBQ (V1 ID: 43259, DB ID: 134334)
2025-12-28 12:13:25,726 - DEBUG - Upserted modifier: Piquante (V1 ID: 43260, DB ID: 134335)
2025-12-28 12:13:26,167 - DEBUG - Upserted modifier: Miel et ail (V1 ID: 43261, DB ID: 134336)
2025-12-28 12:13:26,593 - DEBUG - Upserted modifier: Brune (V1 ID: 43263, DB ID: 134337)
2025-12-28 12:13:27,030 - DEBUG - Upserted modifier: Sauce Italienne (V1 ID: 47967, DB ID: 134338)
2025-12-28 12:13:28,223 - INFO - Inserted modifier group: Extra Cheese for Poutines (ID: 2634)
2025-12-28 12:13:28,367 - DEBUG - Upserted modifier: Fromage (V1 ID: 43292, DB ID: 134339)
2025-12-28 12:13:28,785 - DEBUG - Upserted modifier: Bacon (V1 ID: 43293, DB ID: 134340)
2025-12-28 12:13:29,215 - DEBUG - Upserted modifier: Poulet (V1 ID: 43305, DB ID: 134341)
2025-12-28 12:13:29,663 - DEBUG - Upserted modifier: Poutine (V1 ID: 43342, DB ID: 134342)
2025-12-28 12:13:30,090 - DEBUG - Upserted modifier: Biscuit avec pépites de chocolat (V1 ID: 43345, DB ID: 134343)
2025-12-28 12:13:30,537 - DEBUG - Upserted modifier: Biscuit avec bonbons de chocolat (V1 ID: 43346, DB ID: 134344)
2025-12-28 12:13:30,971 - DEBUG - Upserted modifier: Biscuit avec Macadene (V1 ID: 43347, DB ID: 134345)
2025-12-28 12:13:31,404 - DEBUG - Upserted modifier: Fromage Extra (V1 ID: 43262, DB ID: 134346)
2025-12-28 12:13:32,566 - INFO - Inserted modifier group: Sauces for Poutines (ID: 2635)
2025-12-28 12:13:32,719 - DEBUG - Upserted modifier: Trempette au Caramel Salé (V1 ID: 50661, DB ID: 134347)
2025-12-28 12:13:33,168 - DEBUG - Upserted modifier: Trempette Chocolat Fudge (V1 ID: 50662, DB ID: 134348)
2025-12-28 12:13:33,631 - DEBUG - Upserted modifier: Blanche (V1 ID: 43264, DB ID: 134349)
2025-12-28 12:13:34,078 - DEBUG - Upserted modifier: BBQ (V1 ID: 43265, DB ID: 134350)
2025-12-28 12:13:34,504 - DEBUG - Upserted modifier: Sauce au poivre (V1 ID: 43266, DB ID: 134351)
2025-12-28 12:13:34,940 - DEBUG - Upserted modifier: Végétarienne (V1 ID: 43267, DB ID: 134352)
2025-12-28 12:13:35,402 - DEBUG - Upserted modifier: Italienne (V1 ID: 43268, DB ID: 134353)
2025-12-28 12:13:35,843 - DEBUG - Upserted modifier: Maison Loulou (V1 ID: 43269, DB ID: 134354)
2025-12-28 12:13:36,281 - DEBUG - Upserted modifier: BBQ (V1 ID: 43311, DB ID: 134355)
2025-12-28 12:13:36,712 - DEBUG - Upserted modifier: Piquante (V1 ID: 43312, DB ID: 134356)
2025-12-28 12:13:37,177 - DEBUG - Upserted modifier: Miel et Ail (V1 ID: 43313, DB ID: 134357)
2025-12-28 12:13:37,629 - DEBUG - Upserted modifier: Sauce Brune (V1 ID: 43348, DB ID: 134358)
2025-12-28 12:13:38,918 - DEBUG - Upserted modifier: Sauce Blanche (V1 ID: 43352, DB ID: 134359)
2025-12-28 12:13:40,268 - DEBUG - Upserted modifier: Sauce BBQ (V1 ID: 43353, DB ID: 134360)
2025-12-28 12:13:41,573 - DEBUG - Upserted modifier: Sauce au poivre (V1 ID: 43354, DB ID: 134361)
2025-12-28 12:13:42,929 - DEBUG - Upserted modifier: Sauce Végétarienne (V1 ID: 43355, DB ID: 134362)
2025-12-28 12:13:44,261 - DEBUG - Upserted modifier: Sauce Italienne (V1 ID: 43356, DB ID: 134363)
2025-12-28 12:13:45,564 - DEBUG - Upserted modifier: Sauce Maison Lou Lou (V1 ID: 43357, DB ID: 134364)
2025-12-28 12:13:46,878 - DEBUG - Upserted modifier: Sauce Lou Lou (V1 ID: 47966, DB ID: 134365)
2025-12-28 12:13:47,306 - DEBUG - Upserted modifier: Petit Poutine (V1 ID: 43452, DB ID: 134366)
2025-12-28 12:13:47,757 - DEBUG - Upserted modifier: Moyenne Poutine (V1 ID: 43453, DB ID: 134367)
2025-12-28 12:13:48,185 - DEBUG - Upserted modifier: Aigre douce (V1 ID: 43454, DB ID: 134368)
2025-12-28 12:13:48,610 - DEBUG - Upserted modifier: Prune (V1 ID: 43455, DB ID: 134369)
2025-12-28 12:13:49,049 - DEBUG - Upserted modifier: Ranch (V1 ID: 43456, DB ID: 134370)
2025-12-28 12:13:49,485 - DEBUG - Upserted modifier: Sauce épicée (V1 ID: 43457, DB ID: 134371)
2025-12-28 12:13:49,943 - DEBUG - Upserted modifier: Sauce Thai (V1 ID: 43458, DB ID: 134372)
2025-12-28 12:13:50,396 - DEBUG - Upserted modifier: Sauce aux prunes (V1 ID: 43257, DB ID: 134373)
2025-12-28 12:13:50,830 - DEBUG - Upserted modifier: Aigre-doux (V1 ID: 43258, DB ID: 134374)
2025-12-28 12:13:51,261 - DEBUG - Upserted modifier: BBQ (V1 ID: 43259, DB ID: 134375)
2025-12-28 12:13:51,713 - DEBUG - Upserted modifier: Piquante (V1 ID: 43260, DB ID: 134376)
2025-12-28 12:13:52,140 - DEBUG - Upserted modifier: Miel et ail (V1 ID: 43261, DB ID: 134377)
2025-12-28 12:13:52,578 - DEBUG - Upserted modifier: Brune (V1 ID: 43263, DB ID: 134378)
2025-12-28 12:13:52,999 - DEBUG - Upserted modifier: Sauce Italienne (V1 ID: 47967, DB ID: 134379)
2025-12-28 12:13:54,157 - INFO - Inserted modifier group: Lactose Free Cheese for Poutines (ID: 2636)
2025-12-28 12:13:54,324 - DEBUG - Upserted modifier: Fromage Régulier (V1 ID: 43270, DB ID: 134380)
2025-12-28 12:13:54,743 - DEBUG - Upserted modifier: Fromage Sans Lactose (V1 ID: 43271, DB ID: 134381)
2025-12-28 12:13:55,315 - INFO - Inserted modifier group: Sauces for Make Your Own Poutine (ID: 2637)
2025-12-28 12:13:55,463 - DEBUG - Upserted modifier: Trempette au Caramel Salé (V1 ID: 50661, DB ID: 134382)
2025-12-28 12:13:55,916 - DEBUG - Upserted modifier: Trempette Chocolat Fudge (V1 ID: 50662, DB ID: 134383)
2025-12-28 12:13:56,340 - DEBUG - Upserted modifier: Blanche (V1 ID: 43264, DB ID: 134384)
2025-12-28 12:13:56,765 - DEBUG - Upserted modifier: BBQ (V1 ID: 43265, DB ID: 134385)
2025-12-28 12:13:57,192 - DEBUG - Upserted modifier: Sauce au poivre (V1 ID: 43266, DB ID: 134386)
2025-12-28 12:13:57,643 - DEBUG - Upserted modifier: Végétarienne (V1 ID: 43267, DB ID: 134387)
2025-12-28 12:13:58,107 - DEBUG - Upserted modifier: Italienne (V1 ID: 43268, DB ID: 134388)
2025-12-28 12:13:58,532 - DEBUG - Upserted modifier: Maison Loulou (V1 ID: 43269, DB ID: 134389)
2025-12-28 12:13:58,961 - DEBUG - Upserted modifier: BBQ (V1 ID: 43311, DB ID: 134390)
2025-12-28 12:13:59,391 - DEBUG - Upserted modifier: Piquante (V1 ID: 43312, DB ID: 134391)
2025-12-28 12:13:59,849 - DEBUG - Upserted modifier: Miel et Ail (V1 ID: 43313, DB ID: 134392)
2025-12-28 12:14:00,286 - DEBUG - Upserted modifier: Sauce Brune (V1 ID: 43348, DB ID: 134393)
2025-12-28 12:14:01,596 - DEBUG - Upserted modifier: Sauce Blanche (V1 ID: 43352, DB ID: 134394)
2025-12-28 12:14:02,884 - DEBUG - Upserted modifier: Sauce BBQ (V1 ID: 43353, DB ID: 134395)
2025-12-28 12:14:04,191 - DEBUG - Upserted modifier: Sauce au poivre (V1 ID: 43354, DB ID: 134396)
2025-12-28 12:14:05,498 - DEBUG - Upserted modifier: Sauce Végétarienne (V1 ID: 43355, DB ID: 134397)
2025-12-28 12:14:06,804 - DEBUG - Upserted modifier: Sauce Italienne (V1 ID: 43356, DB ID: 134398)
2025-12-28 12:14:08,141 - DEBUG - Upserted modifier: Sauce Maison Lou Lou (V1 ID: 43357, DB ID: 134399)
2025-12-28 12:14:09,423 - DEBUG - Upserted modifier: Sauce Lou Lou (V1 ID: 47966, DB ID: 134400)
2025-12-28 12:14:09,856 - DEBUG - Upserted modifier: Petit Poutine (V1 ID: 43452, DB ID: 134401)
2025-12-28 12:14:10,299 - DEBUG - Upserted modifier: Moyenne Poutine (V1 ID: 43453, DB ID: 134402)
2025-12-28 12:14:10,728 - DEBUG - Upserted modifier: Aigre douce (V1 ID: 43454, DB ID: 134403)
2025-12-28 12:14:11,147 - DEBUG - Upserted modifier: Prune (V1 ID: 43455, DB ID: 134404)
2025-12-28 12:14:11,575 - DEBUG - Upserted modifier: Ranch (V1 ID: 43456, DB ID: 134405)
2025-12-28 12:14:12,008 - DEBUG - Upserted modifier: Sauce épicée (V1 ID: 43457, DB ID: 134406)
2025-12-28 12:14:12,430 - DEBUG - Upserted modifier: Sauce Thai (V1 ID: 43458, DB ID: 134407)
2025-12-28 12:14:12,850 - DEBUG - Upserted modifier: Sauce aux prunes (V1 ID: 43257, DB ID: 134408)
2025-12-28 12:14:13,280 - DEBUG - Upserted modifier: Aigre-doux (V1 ID: 43258, DB ID: 134409)
2025-12-28 12:14:13,725 - DEBUG - Upserted modifier: BBQ (V1 ID: 43259, DB ID: 134410)
2025-12-28 12:14:14,154 - DEBUG - Upserted modifier: Piquante (V1 ID: 43260, DB ID: 134411)
2025-12-28 12:14:14,579 - DEBUG - Upserted modifier: Miel et ail (V1 ID: 43261, DB ID: 134412)
2025-12-28 12:14:15,000 - DEBUG - Upserted modifier: Brune (V1 ID: 43263, DB ID: 134413)
2025-12-28 12:14:15,440 - DEBUG - Upserted modifier: Sauce Italienne (V1 ID: 47967, DB ID: 134414)
2025-12-28 12:14:16,593 - INFO - Inserted modifier group: Extra Ingredients for Poutines (ID: 2638)
2025-12-28 12:14:16,744 - DEBUG - Upserted modifier: Oignons (V1 ID: 43272, DB ID: 134415)
2025-12-28 12:14:17,762 - DEBUG - Upserted modifier: Cornichons (V1 ID: 43273, DB ID: 134416)
2025-12-28 12:14:18,762 - DEBUG - Upserted modifier: Salade de choux (V1 ID: 43274, DB ID: 134417)
2025-12-28 12:14:19,785 - DEBUG - Upserted modifier: Piments verts (V1 ID: 43275, DB ID: 134418)
2025-12-28 12:14:20,804 - DEBUG - Upserted modifier: Piments forts (V1 ID: 43276, DB ID: 134419)
2025-12-28 12:14:21,820 - DEBUG - Upserted modifier: Champignons (V1 ID: 43277, DB ID: 134420)
2025-12-28 12:14:22,821 - DEBUG - Upserted modifier: Sauce Italienne (V1 ID: 43278, DB ID: 134421)
2025-12-28 12:14:23,834 - DEBUG - Upserted modifier: Bacon (V1 ID: 43279, DB ID: 134422)
2025-12-28 12:14:24,840 - DEBUG - Upserted modifier: Poulet Épicé (V1 ID: 43280, DB ID: 134423)
2025-12-28 12:14:25,834 - DEBUG - Upserted modifier: Poulet (V1 ID: 43281, DB ID: 134424)
2025-12-28 12:14:26,839 - DEBUG - Upserted modifier: Poulet Panné (V1 ID: 43282, DB ID: 134425)
2025-12-28 12:14:27,841 - DEBUG - Upserted modifier: Boeuf Haché (V1 ID: 43283, DB ID: 134426)
2025-12-28 12:14:28,868 - DEBUG - Upserted modifier: Steak (V1 ID: 43284, DB ID: 134427)
2025-12-28 12:14:29,864 - DEBUG - Upserted modifier: Porc éffiloché (V1 ID: 43285, DB ID: 134428)
2025-12-28 12:14:30,850 - DEBUG - Upserted modifier: Cotelettes de Porc (V1 ID: 43286, DB ID: 134429)
2025-12-28 12:14:31,875 - DEBUG - Upserted modifier: Boulettes de viande (V1 ID: 43287, DB ID: 134430)
2025-12-28 12:14:32,892 - DEBUG - Upserted modifier: Saucisses Italienne (V1 ID: 43288, DB ID: 134431)
2025-12-28 12:14:33,931 - DEBUG - Upserted modifier: Saucisses fumées (V1 ID: 43289, DB ID: 134432)
2025-12-28 12:14:34,957 - DEBUG - Upserted modifier: Viande fumée (V1 ID: 43290, DB ID: 134433)
2025-12-28 12:14:36,046 - DEBUG - Upserted modifier: Pepperoni (V1 ID: 43291, DB ID: 134434)
2025-12-28 12:14:37,086 - DEBUG - Upserted modifier: Ketchup (V1 ID: 43294, DB ID: 134435)
2025-12-28 12:14:37,517 - DEBUG - Upserted modifier: Moutard (V1 ID: 43295, DB ID: 134436)
2025-12-28 12:14:37,978 - DEBUG - Upserted modifier: Relish (V1 ID: 43296, DB ID: 134437)
2025-12-28 12:14:38,457 - DEBUG - Upserted modifier: Oignons (V1 ID: 43297, DB ID: 134438)
2025-12-28 12:14:38,898 - DEBUG - Upserted modifier: Mayo (V1 ID: 43298, DB ID: 134439)
2025-12-28 12:14:39,342 - DEBUG - Upserted modifier: Piments forts (V1 ID: 43299, DB ID: 134440)
2025-12-28 12:14:39,806 - DEBUG - Upserted modifier: Laitue (V1 ID: 43300, DB ID: 134441)
2025-12-28 12:14:40,248 - DEBUG - Upserted modifier: Tomate (V1 ID: 43301, DB ID: 134442)
2025-12-28 12:14:40,694 - DEBUG - Upserted modifier: Oignons cuits (V1 ID: 43302, DB ID: 134443)
2025-12-28 12:14:41,118 - DEBUG - Upserted modifier: Cornichons (V1 ID: 43303, DB ID: 134444)
2025-12-28 12:14:41,589 - DEBUG - Upserted modifier: Bubble gum (V1 ID: 43314, DB ID: 134445)
2025-12-28 12:14:42,021 - DEBUG - Upserted modifier: Framboise (V1 ID: 43315, DB ID: 134446)
2025-12-28 12:14:42,444 - DEBUG - Upserted modifier: Cerise (V1 ID: 43317, DB ID: 134447)
2025-12-28 12:14:42,877 - DEBUG - Upserted modifier: Lime (V1 ID: 43316, DB ID: 134448)
2025-12-28 12:14:43,316 - DEBUG - Upserted modifier: Fraise (V1 ID: 43318, DB ID: 134449)
2025-12-28 12:14:43,760 - DEBUG - Upserted modifier: Limonade (V1 ID: 48552, DB ID: 134450)
2025-12-28 12:14:44,199 - DEBUG - Upserted modifier: Ananas (V1 ID: 43319, DB ID: 134451)
2025-12-28 12:14:44,631 - DEBUG - Upserted modifier: Barbe à papa (V1 ID: 43320, DB ID: 134452)
2025-12-28 12:14:45,070 - DEBUG - Upserted modifier: Yumberry (V1 ID: 43321, DB ID: 134453)
2025-12-28 12:14:45,500 - DEBUG - Upserted modifier: Porc et coriandre (V1 ID: 43349, DB ID: 134454)
2025-12-28 12:14:45,930 - DEBUG - Upserted modifier: Bruschetta au poulet (V1 ID: 43350, DB ID: 134455)
2025-12-28 12:14:46,366 - DEBUG - Upserted modifier: Fromage et jalapeno (V1 ID: 43351, DB ID: 134456)
2025-12-28 12:14:46,798 - DEBUG - Upserted modifier: Moutard sucrée (V1 ID: 43459, DB ID: 134457)
2025-12-28 12:14:47,361 - INFO - Inserted modifier group: Hot Dog Ingredients (ID: 2639)
2025-12-28 12:14:47,504 - DEBUG - Upserted modifier: Oignons (V1 ID: 43272, DB ID: 134458)
2025-12-28 12:14:48,531 - DEBUG - Upserted modifier: Cornichons (V1 ID: 43273, DB ID: 134459)
2025-12-28 12:14:49,538 - DEBUG - Upserted modifier: Salade de choux (V1 ID: 43274, DB ID: 134460)
2025-12-28 12:14:50,582 - DEBUG - Upserted modifier: Piments verts (V1 ID: 43275, DB ID: 134461)
2025-12-28 12:14:51,603 - DEBUG - Upserted modifier: Piments forts (V1 ID: 43276, DB ID: 134462)
2025-12-28 12:14:52,657 - DEBUG - Upserted modifier: Champignons (V1 ID: 43277, DB ID: 134463)
2025-12-28 12:14:53,658 - DEBUG - Upserted modifier: Sauce Italienne (V1 ID: 43278, DB ID: 134464)
2025-12-28 12:14:54,678 - DEBUG - Upserted modifier: Bacon (V1 ID: 43279, DB ID: 134465)
2025-12-28 12:14:55,683 - DEBUG - Upserted modifier: Poulet Épicé (V1 ID: 43280, DB ID: 134466)
2025-12-28 12:14:56,689 - DEBUG - Upserted modifier: Poulet (V1 ID: 43281, DB ID: 134467)
2025-12-28 12:14:57,719 - DEBUG - Upserted modifier: Poulet Panné (V1 ID: 43282, DB ID: 134468)
2025-12-28 12:14:58,766 - DEBUG - Upserted modifier: Boeuf Haché (V1 ID: 43283, DB ID: 134469)
2025-12-28 12:14:59,790 - DEBUG - Upserted modifier: Steak (V1 ID: 43284, DB ID: 134470)
2025-12-28 12:15:00,841 - DEBUG - Upserted modifier: Porc éffiloché (V1 ID: 43285, DB ID: 134471)
2025-12-28 12:15:01,967 - DEBUG - Upserted modifier: Cotelettes de Porc (V1 ID: 43286, DB ID: 134472)
2025-12-28 12:15:03,027 - DEBUG - Upserted modifier: Boulettes de viande (V1 ID: 43287, DB ID: 134473)
2025-12-28 12:15:04,059 - DEBUG - Upserted modifier: Saucisses Italienne (V1 ID: 43288, DB ID: 134474)
2025-12-28 12:15:05,064 - DEBUG - Upserted modifier: Saucisses fumées (V1 ID: 43289, DB ID: 134475)
2025-12-28 12:15:06,136 - DEBUG - Upserted modifier: Viande fumée (V1 ID: 43290, DB ID: 134476)
2025-12-28 12:15:07,156 - DEBUG - Upserted modifier: Pepperoni (V1 ID: 43291, DB ID: 134477)
2025-12-28 12:15:08,197 - DEBUG - Upserted modifier: Ketchup (V1 ID: 43294, DB ID: 134478)
2025-12-28 12:15:08,628 - DEBUG - Upserted modifier: Moutard (V1 ID: 43295, DB ID: 134479)
2025-12-28 12:15:09,074 - DEBUG - Upserted modifier: Relish (V1 ID: 43296, DB ID: 134480)
2025-12-28 12:15:09,497 - DEBUG - Upserted modifier: Oignons (V1 ID: 43297, DB ID: 134481)
2025-12-28 12:15:09,933 - DEBUG - Upserted modifier: Mayo (V1 ID: 43298, DB ID: 134482)
2025-12-28 12:15:10,366 - DEBUG - Upserted modifier: Piments forts (V1 ID: 43299, DB ID: 134483)
2025-12-28 12:15:10,807 - DEBUG - Upserted modifier: Laitue (V1 ID: 43300, DB ID: 134484)
2025-12-28 12:15:11,234 - DEBUG - Upserted modifier: Tomate (V1 ID: 43301, DB ID: 134485)
2025-12-28 12:15:11,669 - DEBUG - Upserted modifier: Oignons cuits (V1 ID: 43302, DB ID: 134486)
2025-12-28 12:15:12,110 - DEBUG - Upserted modifier: Cornichons (V1 ID: 43303, DB ID: 134487)
2025-12-28 12:15:12,550 - DEBUG - Upserted modifier: Bubble gum (V1 ID: 43314, DB ID: 134488)
2025-12-28 12:15:12,975 - DEBUG - Upserted modifier: Framboise (V1 ID: 43315, DB ID: 134489)
2025-12-28 12:15:13,407 - DEBUG - Upserted modifier: Cerise (V1 ID: 43317, DB ID: 134490)
2025-12-28 12:15:13,829 - DEBUG - Upserted modifier: Lime (V1 ID: 43316, DB ID: 134491)
2025-12-28 12:15:14,285 - DEBUG - Upserted modifier: Fraise (V1 ID: 43318, DB ID: 134492)
2025-12-28 12:15:14,706 - DEBUG - Upserted modifier: Limonade (V1 ID: 48552, DB ID: 134493)
2025-12-28 12:15:15,149 - DEBUG - Upserted modifier: Ananas (V1 ID: 43319, DB ID: 134494)
2025-12-28 12:15:15,578 - DEBUG - Upserted modifier: Barbe à papa (V1 ID: 43320, DB ID: 134495)
2025-12-28 12:15:16,026 - DEBUG - Upserted modifier: Yumberry (V1 ID: 43321, DB ID: 134496)
2025-12-28 12:15:16,470 - DEBUG - Upserted modifier: Porc et coriandre (V1 ID: 43349, DB ID: 134497)
2025-12-28 12:15:16,921 - DEBUG - Upserted modifier: Bruschetta au poulet (V1 ID: 43350, DB ID: 134498)
2025-12-28 12:15:17,376 - DEBUG - Upserted modifier: Fromage et jalapeno (V1 ID: 43351, DB ID: 134499)
2025-12-28 12:15:17,847 - DEBUG - Upserted modifier: Moutard sucrée (V1 ID: 43459, DB ID: 134500)
2025-12-28 12:15:18,427 - INFO - Inserted modifier group: Extras for Hot Dogs & Burgers (ID: 2640)
2025-12-28 12:15:18,583 - DEBUG - Upserted modifier: Fromage (V1 ID: 43292, DB ID: 134501)
2025-12-28 12:15:19,002 - DEBUG - Upserted modifier: Bacon (V1 ID: 43293, DB ID: 134502)
2025-12-28 12:15:19,439 - DEBUG - Upserted modifier: Poulet (V1 ID: 43305, DB ID: 134503)
2025-12-28 12:15:19,860 - DEBUG - Upserted modifier: Poutine (V1 ID: 43342, DB ID: 134504)
2025-12-28 12:15:20,297 - DEBUG - Upserted modifier: Biscuit avec pépites de chocolat (V1 ID: 43345, DB ID: 134505)
2025-12-28 12:15:20,741 - DEBUG - Upserted modifier: Biscuit avec bonbons de chocolat (V1 ID: 43346, DB ID: 134506)
2025-12-28 12:15:21,179 - DEBUG - Upserted modifier: Biscuit avec Macadene (V1 ID: 43347, DB ID: 134507)
2025-12-28 12:15:21,625 - DEBUG - Upserted modifier: Fromage Extra (V1 ID: 43262, DB ID: 134508)
2025-12-28 12:15:22,792 - INFO - Inserted modifier group: Burgers ingredients (free) (ID: 2641)
2025-12-28 12:15:22,949 - DEBUG - Upserted modifier: Oignons (V1 ID: 43272, DB ID: 134509)
2025-12-28 12:15:23,936 - DEBUG - Upserted modifier: Cornichons (V1 ID: 43273, DB ID: 134510)
2025-12-28 12:15:24,928 - DEBUG - Upserted modifier: Salade de choux (V1 ID: 43274, DB ID: 134511)
2025-12-28 12:15:25,949 - DEBUG - Upserted modifier: Piments verts (V1 ID: 43275, DB ID: 134512)
2025-12-28 12:15:26,946 - DEBUG - Upserted modifier: Piments forts (V1 ID: 43276, DB ID: 134513)
2025-12-28 12:15:27,951 - DEBUG - Upserted modifier: Champignons (V1 ID: 43277, DB ID: 134514)
2025-12-28 12:15:28,955 - DEBUG - Upserted modifier: Sauce Italienne (V1 ID: 43278, DB ID: 134515)
2025-12-28 12:15:30,001 - DEBUG - Upserted modifier: Bacon (V1 ID: 43279, DB ID: 134516)
2025-12-28 12:15:31,006 - DEBUG - Upserted modifier: Poulet Épicé (V1 ID: 43280, DB ID: 134517)
2025-12-28 12:15:32,038 - DEBUG - Upserted modifier: Poulet (V1 ID: 43281, DB ID: 134518)
2025-12-28 12:15:33,075 - DEBUG - Upserted modifier: Poulet Panné (V1 ID: 43282, DB ID: 134519)
2025-12-28 12:15:34,108 - DEBUG - Upserted modifier: Boeuf Haché (V1 ID: 43283, DB ID: 134520)
2025-12-28 12:15:35,132 - DEBUG - Upserted modifier: Steak (V1 ID: 43284, DB ID: 134521)
2025-12-28 12:15:36,191 - DEBUG - Upserted modifier: Porc éffiloché (V1 ID: 43285, DB ID: 134522)
2025-12-28 12:15:37,205 - DEBUG - Upserted modifier: Cotelettes de Porc (V1 ID: 43286, DB ID: 134523)
2025-12-28 12:15:38,233 - DEBUG - Upserted modifier: Boulettes de viande (V1 ID: 43287, DB ID: 134524)
2025-12-28 12:15:39,257 - DEBUG - Upserted modifier: Saucisses Italienne (V1 ID: 43288, DB ID: 134525)
2025-12-28 12:15:40,262 - DEBUG - Upserted modifier: Saucisses fumées (V1 ID: 43289, DB ID: 134526)
2025-12-28 12:15:41,267 - DEBUG - Upserted modifier: Viande fumée (V1 ID: 43290, DB ID: 134527)
2025-12-28 12:15:42,305 - DEBUG - Upserted modifier: Pepperoni (V1 ID: 43291, DB ID: 134528)
2025-12-28 12:15:43,339 - DEBUG - Upserted modifier: Ketchup (V1 ID: 43294, DB ID: 134529)
2025-12-28 12:15:43,772 - DEBUG - Upserted modifier: Moutard (V1 ID: 43295, DB ID: 134530)
2025-12-28 12:15:44,211 - DEBUG - Upserted modifier: Relish (V1 ID: 43296, DB ID: 134531)
2025-12-28 12:15:44,650 - DEBUG - Upserted modifier: Oignons (V1 ID: 43297, DB ID: 134532)
2025-12-28 12:15:45,076 - DEBUG - Upserted modifier: Mayo (V1 ID: 43298, DB ID: 134533)
2025-12-28 12:15:45,514 - DEBUG - Upserted modifier: Piments forts (V1 ID: 43299, DB ID: 134534)
2025-12-28 12:15:45,946 - DEBUG - Upserted modifier: Laitue (V1 ID: 43300, DB ID: 134535)
2025-12-28 12:15:46,571 - DEBUG - Upserted modifier: Tomate (V1 ID: 43301, DB ID: 134536)
2025-12-28 12:15:47,524 - DEBUG - Upserted modifier: Oignons cuits (V1 ID: 43302, DB ID: 134537)
2025-12-28 12:15:48,460 - DEBUG - Upserted modifier: Cornichons (V1 ID: 43303, DB ID: 134538)
2025-12-28 12:15:49,433 - DEBUG - Upserted modifier: Bubble gum (V1 ID: 43314, DB ID: 134539)
2025-12-28 12:15:50,291 - DEBUG - Upserted modifier: Framboise (V1 ID: 43315, DB ID: 134540)
2025-12-28 12:15:51,152 - DEBUG - Upserted modifier: Cerise (V1 ID: 43317, DB ID: 134541)
2025-12-28 12:15:51,730 - DEBUG - Upserted modifier: Lime (V1 ID: 43316, DB ID: 134542)
2025-12-28 12:15:52,229 - DEBUG - Upserted modifier: Fraise (V1 ID: 43318, DB ID: 134543)
2025-12-28 12:15:52,711 - DEBUG - Upserted modifier: Limonade (V1 ID: 48552, DB ID: 134544)
2025-12-28 12:15:53,165 - DEBUG - Upserted modifier: Ananas (V1 ID: 43319, DB ID: 134545)
2025-12-28 12:15:53,592 - DEBUG - Upserted modifier: Barbe à papa (V1 ID: 43320, DB ID: 134546)
2025-12-28 12:15:54,028 - DEBUG - Upserted modifier: Yumberry (V1 ID: 43321, DB ID: 134547)
2025-12-28 12:15:54,469 - DEBUG - Upserted modifier: Porc et coriandre (V1 ID: 43349, DB ID: 134548)
2025-12-28 12:15:54,886 - DEBUG - Upserted modifier: Bruschetta au poulet (V1 ID: 43350, DB ID: 134549)
2025-12-28 12:15:55,329 - DEBUG - Upserted modifier: Fromage et jalapeno (V1 ID: 43351, DB ID: 134550)
2025-12-28 12:15:55,772 - DEBUG - Upserted modifier: Moutard sucrée (V1 ID: 43459, DB ID: 134551)
2025-12-28 12:15:56,439 - INFO - Inserted modifier group: Upgrade fries to Poutine (ID: 2642)
2025-12-28 12:15:56,582 - DEBUG - Upserted modifier: Poutine (V1 ID: 43304, DB ID: 134552)
2025-12-28 12:15:57,013 - DEBUG - Upserted modifier: Biscuit avec pépites de chocolat (V1 ID: 43337, DB ID: 134553)
2025-12-28 12:15:57,449 - DEBUG - Upserted modifier: Biscuit avec bonbons de chocolat (V1 ID: 43338, DB ID: 134554)
2025-12-28 12:15:57,880 - DEBUG - Upserted modifier: Biscuit avec Macadene (V1 ID: 43339, DB ID: 134555)
2025-12-28 12:15:58,319 - DEBUG - Upserted modifier: Fromage (V1 ID: 43340, DB ID: 134556)
2025-12-28 12:15:58,771 - DEBUG - Upserted modifier: Bacon (V1 ID: 43341, DB ID: 134557)
2025-12-28 12:15:59,200 - DEBUG - Upserted modifier: Poutine Sauce Brune (V1 ID: 43344, DB ID: 134558)
2025-12-28 12:15:59,642 - DEBUG - Upserted modifier: Poutine Sauce Blanche (V1 ID: 43384, DB ID: 134559)
2025-12-28 12:16:00,085 - DEBUG - Upserted modifier: Poutine Sauce BBQ (V1 ID: 43385, DB ID: 134560)
2025-12-28 12:16:00,581 - DEBUG - Upserted modifier: Poutine Sauce au Poivre (V1 ID: 43386, DB ID: 134561)
2025-12-28 12:16:01,019 - DEBUG - Upserted modifier: Poutine Sauce Végétarienne (V1 ID: 43387, DB ID: 134562)
2025-12-28 12:16:01,499 - DEBUG - Upserted modifier: Poutine Sauce Italienne (V1 ID: 43388, DB ID: 134563)
2025-12-28 12:16:01,941 - DEBUG - Upserted modifier: Poutine Sauce Maison Lou Lou (V1 ID: 43389, DB ID: 134564)
2025-12-28 12:16:02,372 - DEBUG - Upserted modifier: Avec Sauce Brune (V1 ID: 43343, DB ID: 134565)
2025-12-28 12:16:02,794 - DEBUG - Upserted modifier: Avec Sauce Blanche (V1 ID: 43358, DB ID: 134566)
2025-12-28 12:16:03,229 - DEBUG - Upserted modifier: Avec Sauce BBQ (V1 ID: 43359, DB ID: 134567)
2025-12-28 12:16:03,665 - DEBUG - Upserted modifier: Avec Sauce au poivre (V1 ID: 43360, DB ID: 134568)
2025-12-28 12:16:04,091 - DEBUG - Upserted modifier: Avec Sauce Végétarienne (V1 ID: 43361, DB ID: 134569)
2025-12-28 12:16:04,520 - DEBUG - Upserted modifier: Avec Sauce Italienne (V1 ID: 43362, DB ID: 134570)
2025-12-28 12:16:04,960 - DEBUG - Upserted modifier: Avec Sauce Maison Lou Lou (V1 ID: 43363, DB ID: 134571)
2025-12-28 12:16:05,384 - DEBUG - Upserted modifier: Salad du Chef (V1 ID: 43830, DB ID: 134572)
2025-12-28 12:16:05,829 - DEBUG - Upserted modifier: Salade César (V1 ID: 43831, DB ID: 134573)
2025-12-28 12:16:06,414 - INFO - Inserted modifier group: Extra Chicken for Salads (ID: 2643)
2025-12-28 12:16:06,574 - DEBUG - Upserted modifier: Fromage (V1 ID: 43292, DB ID: 134574)
2025-12-28 12:16:07,025 - DEBUG - Upserted modifier: Bacon (V1 ID: 43293, DB ID: 134575)
2025-12-28 12:16:07,473 - DEBUG - Upserted modifier: Poulet (V1 ID: 43305, DB ID: 134576)
2025-12-28 12:16:07,901 - DEBUG - Upserted modifier: Poutine (V1 ID: 43342, DB ID: 134577)
2025-12-28 12:16:08,349 - DEBUG - Upserted modifier: Biscuit avec pépites de chocolat (V1 ID: 43345, DB ID: 134578)
2025-12-28 12:16:08,784 - DEBUG - Upserted modifier: Biscuit avec bonbons de chocolat (V1 ID: 43346, DB ID: 134579)
2025-12-28 12:16:09,233 - DEBUG - Upserted modifier: Biscuit avec Macadene (V1 ID: 43347, DB ID: 134580)
2025-12-28 12:16:09,682 - DEBUG - Upserted modifier: Fromage Extra (V1 ID: 43262, DB ID: 134581)
2025-12-28 12:16:10,855 - INFO - Inserted modifier group: Salad Dressings (ID: 2644)
2025-12-28 12:16:11,001 - DEBUG - Upserted modifier: Cesar (V1 ID: 43306, DB ID: 134582)
2025-12-28 12:16:11,470 - DEBUG - Upserted modifier: Française (V1 ID: 43307, DB ID: 134583)
2025-12-28 12:16:11,903 - DEBUG - Upserted modifier: Italienne (V1 ID: 43308, DB ID: 134584)
2025-12-28 12:16:12,341 - DEBUG - Upserted modifier: Ranch (V1 ID: 43309, DB ID: 134585)
2025-12-28 12:16:12,779 - DEBUG - Upserted modifier: Ail (V1 ID: 43310, DB ID: 134586)
2025-12-28 12:16:13,220 - DEBUG - Upserted modifier: Poutine sauce brune (V1 ID: 43702, DB ID: 134587)
2025-12-28 12:16:13,674 - DEBUG - Upserted modifier: Poutine sauce blanche (V1 ID: 43703, DB ID: 134588)
2025-12-28 12:16:14,137 - DEBUG - Upserted modifier: Poutine sauce bbq (V1 ID: 43704, DB ID: 134589)
2025-12-28 12:16:14,585 - DEBUG - Upserted modifier: Poutine sauce au poivre (V1 ID: 43705, DB ID: 134590)
2025-12-28 12:16:15,035 - DEBUG - Upserted modifier: Poutine sauce végétarienne (V1 ID: 43706, DB ID: 134591)
2025-12-28 12:16:15,551 - DEBUG - Upserted modifier: Poutine sauce Italienne (V1 ID: 43707, DB ID: 134592)
2025-12-28 12:16:15,988 - DEBUG - Upserted modifier: Poutine sauce maison Lou Lou (V1 ID: 43708, DB ID: 134593)
2025-12-28 12:16:16,473 - DEBUG - Upserted modifier: Sauce Brune (V1 ID: 43467, DB ID: 134594)
2025-12-28 12:16:16,925 - DEBUG - Upserted modifier: Sauce Blanche (V1 ID: 43468, DB ID: 134595)
2025-12-28 12:16:17,500 - INFO - Inserted modifier group: Wings Sauces (ID: 2645)
2025-12-28 12:16:17,648 - DEBUG - Upserted modifier: Trempette au Caramel Salé (V1 ID: 50661, DB ID: 134596)
2025-12-28 12:16:18,099 - DEBUG - Upserted modifier: Trempette Chocolat Fudge (V1 ID: 50662, DB ID: 134597)
2025-12-28 12:16:18,535 - DEBUG - Upserted modifier: Blanche (V1 ID: 43264, DB ID: 134598)
2025-12-28 12:16:18,981 - DEBUG - Upserted modifier: BBQ (V1 ID: 43265, DB ID: 134599)
2025-12-28 12:16:19,412 - DEBUG - Upserted modifier: Sauce au poivre (V1 ID: 43266, DB ID: 134600)
2025-12-28 12:16:19,840 - DEBUG - Upserted modifier: Végétarienne (V1 ID: 43267, DB ID: 134601)
2025-12-28 12:16:20,273 - DEBUG - Upserted modifier: Italienne (V1 ID: 43268, DB ID: 134602)
2025-12-28 12:16:20,725 - DEBUG - Upserted modifier: Maison Loulou (V1 ID: 43269, DB ID: 134603)
2025-12-28 12:16:21,167 - DEBUG - Upserted modifier: BBQ (V1 ID: 43311, DB ID: 134604)
2025-12-28 12:16:21,606 - DEBUG - Upserted modifier: Piquante (V1 ID: 43312, DB ID: 134605)
2025-12-28 12:16:22,058 - DEBUG - Upserted modifier: Miel et Ail (V1 ID: 43313, DB ID: 134606)
2025-12-28 12:16:22,500 - DEBUG - Upserted modifier: Sauce Brune (V1 ID: 43348, DB ID: 134607)
2025-12-28 12:16:23,837 - DEBUG - Upserted modifier: Sauce Blanche (V1 ID: 43352, DB ID: 134608)
2025-12-28 12:16:25,153 - DEBUG - Upserted modifier: Sauce BBQ (V1 ID: 43353, DB ID: 134609)
2025-12-28 12:16:26,473 - DEBUG - Upserted modifier: Sauce au poivre (V1 ID: 43354, DB ID: 134610)
2025-12-28 12:16:27,804 - DEBUG - Upserted modifier: Sauce Végétarienne (V1 ID: 43355, DB ID: 134611)
2025-12-28 12:16:29,102 - DEBUG - Upserted modifier: Sauce Italienne (V1 ID: 43356, DB ID: 134612)
2025-12-28 12:16:30,418 - DEBUG - Upserted modifier: Sauce Maison Lou Lou (V1 ID: 43357, DB ID: 134613)
2025-12-28 12:16:31,738 - DEBUG - Upserted modifier: Sauce Lou Lou (V1 ID: 47966, DB ID: 134614)
2025-12-28 12:16:32,192 - DEBUG - Upserted modifier: Petit Poutine (V1 ID: 43452, DB ID: 134615)
2025-12-28 12:16:32,638 - DEBUG - Upserted modifier: Moyenne Poutine (V1 ID: 43453, DB ID: 134616)
2025-12-28 12:16:33,094 - DEBUG - Upserted modifier: Aigre douce (V1 ID: 43454, DB ID: 134617)
2025-12-28 12:16:33,549 - DEBUG - Upserted modifier: Prune (V1 ID: 43455, DB ID: 134618)
2025-12-28 12:16:33,990 - DEBUG - Upserted modifier: Ranch (V1 ID: 43456, DB ID: 134619)
2025-12-28 12:16:34,420 - DEBUG - Upserted modifier: Sauce épicée (V1 ID: 43457, DB ID: 134620)
2025-12-28 12:16:34,901 - DEBUG - Upserted modifier: Sauce Thai (V1 ID: 43458, DB ID: 134621)
2025-12-28 12:16:35,362 - DEBUG - Upserted modifier: Sauce aux prunes (V1 ID: 43257, DB ID: 134622)
2025-12-28 12:16:35,818 - DEBUG - Upserted modifier: Aigre-doux (V1 ID: 43258, DB ID: 134623)
2025-12-28 12:16:36,266 - DEBUG - Upserted modifier: BBQ (V1 ID: 43259, DB ID: 134624)
2025-12-28 12:16:36,709 - DEBUG - Upserted modifier: Piquante (V1 ID: 43260, DB ID: 134625)
2025-12-28 12:16:37,152 - DEBUG - Upserted modifier: Miel et ail (V1 ID: 43261, DB ID: 134626)
2025-12-28 12:16:37,572 - DEBUG - Upserted modifier: Brune (V1 ID: 43263, DB ID: 134627)
2025-12-28 12:16:38,028 - DEBUG - Upserted modifier: Sauce Italienne (V1 ID: 47967, DB ID: 134628)
2025-12-28 12:16:39,154 - INFO - Inserted modifier group: Slushy Flavors (ID: 2646)
2025-12-28 12:16:39,298 - DEBUG - Upserted modifier: Oignons (V1 ID: 43272, DB ID: 134629)
2025-12-28 12:16:40,377 - DEBUG - Upserted modifier: Cornichons (V1 ID: 43273, DB ID: 134630)
2025-12-28 12:16:41,381 - DEBUG - Upserted modifier: Salade de choux (V1 ID: 43274, DB ID: 134631)
2025-12-28 12:16:42,387 - DEBUG - Upserted modifier: Piments verts (V1 ID: 43275, DB ID: 134632)
2025-12-28 12:16:43,439 - DEBUG - Upserted modifier: Piments forts (V1 ID: 43276, DB ID: 134633)
2025-12-28 12:16:44,431 - DEBUG - Upserted modifier: Champignons (V1 ID: 43277, DB ID: 134634)
2025-12-28 12:16:45,411 - DEBUG - Upserted modifier: Sauce Italienne (V1 ID: 43278, DB ID: 134635)
2025-12-28 12:16:46,442 - DEBUG - Upserted modifier: Bacon (V1 ID: 43279, DB ID: 134636)
2025-12-28 12:16:47,453 - DEBUG - Upserted modifier: Poulet Épicé (V1 ID: 43280, DB ID: 134637)
2025-12-28 12:16:48,471 - DEBUG - Upserted modifier: Poulet (V1 ID: 43281, DB ID: 134638)
2025-12-28 12:16:49,510 - DEBUG - Upserted modifier: Poulet Panné (V1 ID: 43282, DB ID: 134639)
2025-12-28 12:16:50,580 - DEBUG - Upserted modifier: Boeuf Haché (V1 ID: 43283, DB ID: 134640)
2025-12-28 12:16:51,594 - DEBUG - Upserted modifier: Steak (V1 ID: 43284, DB ID: 134641)
2025-12-28 12:16:52,657 - DEBUG - Upserted modifier: Porc éffiloché (V1 ID: 43285, DB ID: 134642)
2025-12-28 12:16:53,745 - DEBUG - Upserted modifier: Cotelettes de Porc (V1 ID: 43286, DB ID: 134643)
2025-12-28 12:16:54,797 - DEBUG - Upserted modifier: Boulettes de viande (V1 ID: 43287, DB ID: 134644)
2025-12-28 12:16:55,864 - DEBUG - Upserted modifier: Saucisses Italienne (V1 ID: 43288, DB ID: 134645)
2025-12-28 12:16:56,907 - DEBUG - Upserted modifier: Saucisses fumées (V1 ID: 43289, DB ID: 134646)
2025-12-28 12:16:57,934 - DEBUG - Upserted modifier: Viande fumée (V1 ID: 43290, DB ID: 134647)
2025-12-28 12:16:58,965 - DEBUG - Upserted modifier: Pepperoni (V1 ID: 43291, DB ID: 134648)
2025-12-28 12:16:59,974 - DEBUG - Upserted modifier: Ketchup (V1 ID: 43294, DB ID: 134649)
2025-12-28 12:17:00,402 - DEBUG - Upserted modifier: Moutard (V1 ID: 43295, DB ID: 134650)
2025-12-28 12:17:00,844 - DEBUG - Upserted modifier: Relish (V1 ID: 43296, DB ID: 134651)
2025-12-28 12:17:01,304 - DEBUG - Upserted modifier: Oignons (V1 ID: 43297, DB ID: 134652)
2025-12-28 12:17:01,752 - DEBUG - Upserted modifier: Mayo (V1 ID: 43298, DB ID: 134653)
2025-12-28 12:17:02,194 - DEBUG - Upserted modifier: Piments forts (V1 ID: 43299, DB ID: 134654)
2025-12-28 12:17:02,623 - DEBUG - Upserted modifier: Laitue (V1 ID: 43300, DB ID: 134655)
2025-12-28 12:17:03,055 - DEBUG - Upserted modifier: Tomate (V1 ID: 43301, DB ID: 134656)
2025-12-28 12:17:03,493 - DEBUG - Upserted modifier: Oignons cuits (V1 ID: 43302, DB ID: 134657)
2025-12-28 12:17:03,910 - DEBUG - Upserted modifier: Cornichons (V1 ID: 43303, DB ID: 134658)
2025-12-28 12:17:04,358 - DEBUG - Upserted modifier: Bubble gum (V1 ID: 43314, DB ID: 134659)
2025-12-28 12:17:04,792 - DEBUG - Upserted modifier: Framboise (V1 ID: 43315, DB ID: 134660)
2025-12-28 12:17:05,272 - DEBUG - Upserted modifier: Cerise (V1 ID: 43317, DB ID: 134661)
2025-12-28 12:17:05,717 - DEBUG - Upserted modifier: Lime (V1 ID: 43316, DB ID: 134662)
2025-12-28 12:17:06,151 - DEBUG - Upserted modifier: Fraise (V1 ID: 43318, DB ID: 134663)
2025-12-28 12:17:06,573 - DEBUG - Upserted modifier: Limonade (V1 ID: 48552, DB ID: 134664)
2025-12-28 12:17:07,023 - DEBUG - Upserted modifier: Ananas (V1 ID: 43319, DB ID: 134665)
2025-12-28 12:17:07,467 - DEBUG - Upserted modifier: Barbe à papa (V1 ID: 43320, DB ID: 134666)
2025-12-28 12:17:07,901 - DEBUG - Upserted modifier: Yumberry (V1 ID: 43321, DB ID: 134667)
2025-12-28 12:17:08,327 - DEBUG - Upserted modifier: Porc et coriandre (V1 ID: 43349, DB ID: 134668)
2025-12-28 12:17:08,835 - DEBUG - Upserted modifier: Bruschetta au poulet (V1 ID: 43350, DB ID: 134669)
2025-12-28 12:17:09,249 - DEBUG - Upserted modifier: Fromage et jalapeno (V1 ID: 43351, DB ID: 134670)
2025-12-28 12:17:09,687 - DEBUG - Upserted modifier: Moutard sucrée (V1 ID: 43459, DB ID: 134671)
2025-12-28 12:17:10,259 - INFO - Inserted modifier group: Drinks for Kids Meals (ID: 2647)
2025-12-28 12:17:10,431 - DEBUG - Upserted modifier: Jus Pomme (V1 ID: 43322, DB ID: 134672)
2025-12-28 12:17:10,917 - DEBUG - Upserted modifier: Jus Orange (V1 ID: 43323, DB ID: 134673)
2025-12-28 12:17:11,371 - DEBUG - Upserted modifier: Pepsi (V1 ID: 43324, DB ID: 134674)
2025-12-28 12:17:11,832 - DEBUG - Upserted modifier: Diet Pepsi (V1 ID: 43325, DB ID: 134675)
2025-12-28 12:17:12,303 - DEBUG - Upserted modifier: 7 Up (V1 ID: 43326, DB ID: 134676)
2025-12-28 12:17:12,724 - DEBUG - Upserted modifier: Mountain Dew (V1 ID: 43327, DB ID: 134677)
2025-12-28 12:17:13,169 - DEBUG - Upserted modifier: Pepsi Max (V1 ID: 43328, DB ID: 134678)
2025-12-28 12:17:13,620 - DEBUG - Upserted modifier: Ginger Ale (V1 ID: 43329, DB ID: 134679)
2025-12-28 12:17:14,076 - DEBUG - Upserted modifier: Orange Crush (V1 ID: 43330, DB ID: 134680)
2025-12-28 12:17:14,521 - DEBUG - Upserted modifier: Grape Crush (V1 ID: 43331, DB ID: 134681)
2025-12-28 12:17:14,946 - DEBUG - Upserted modifier: Root Beer (V1 ID: 43332, DB ID: 134682)
2025-12-28 12:17:15,389 - DEBUG - Upserted modifier: Diet 7 Up (V1 ID: 43333, DB ID: 134683)
2025-12-28 12:17:15,814 - DEBUG - Upserted modifier: Dr.Pepper (V1 ID: 43334, DB ID: 134684)
2025-12-28 12:17:16,251 - DEBUG - Upserted modifier: Iced Tea (V1 ID: 43335, DB ID: 134685)
2025-12-28 12:17:16,705 - DEBUG - Upserted modifier: Framboise Slush Puppie (Petit) (V1 ID: 48553, DB ID: 134686)
2025-12-28 12:17:17,164 - DEBUG - Upserted modifier: Lime Slush Puppie (Petit) (V1 ID: 48554, DB ID: 134687)
2025-12-28 12:17:17,610 - DEBUG - Upserted modifier: Cerise Slush Puppie (Petit) (V1 ID: 48555, DB ID: 134688)
2025-12-28 12:17:18,085 - DEBUG - Upserted modifier: Fraise Slush Puppie (Petit) (V1 ID: 48556, DB ID: 134689)
2025-12-28 12:17:18,546 - DEBUG - Upserted modifier: Limonade Slush Puppie (Petit) (V1 ID: 48557, DB ID: 134690)
2025-12-28 12:17:19,121 - INFO - Inserted modifier group: Drinks 591ml (ID: 2648)
2025-12-28 12:17:19,261 - DEBUG - Upserted modifier: Jus Pomme (V1 ID: 43322, DB ID: 134691)
2025-12-28 12:17:19,692 - DEBUG - Upserted modifier: Jus Orange (V1 ID: 43323, DB ID: 134692)
2025-12-28 12:17:20,143 - DEBUG - Upserted modifier: Pepsi (V1 ID: 43324, DB ID: 134693)
2025-12-28 12:17:20,630 - DEBUG - Upserted modifier: Diet Pepsi (V1 ID: 43325, DB ID: 134694)
2025-12-28 12:17:21,070 - DEBUG - Upserted modifier: 7 Up (V1 ID: 43326, DB ID: 134695)
2025-12-28 12:17:21,510 - DEBUG - Upserted modifier: Mountain Dew (V1 ID: 43327, DB ID: 134696)
2025-12-28 12:17:21,947 - DEBUG - Upserted modifier: Pepsi Max (V1 ID: 43328, DB ID: 134697)
2025-12-28 12:17:22,377 - DEBUG - Upserted modifier: Ginger Ale (V1 ID: 43329, DB ID: 134698)
2025-12-28 12:17:22,819 - DEBUG - Upserted modifier: Orange Crush (V1 ID: 43330, DB ID: 134699)
2025-12-28 12:17:23,280 - DEBUG - Upserted modifier: Grape Crush (V1 ID: 43331, DB ID: 134700)
2025-12-28 12:17:23,701 - DEBUG - Upserted modifier: Root Beer (V1 ID: 43332, DB ID: 134701)
2025-12-28 12:17:24,133 - DEBUG - Upserted modifier: Diet 7 Up (V1 ID: 43333, DB ID: 134702)
2025-12-28 12:17:24,569 - DEBUG - Upserted modifier: Dr.Pepper (V1 ID: 43334, DB ID: 134703)
2025-12-28 12:17:25,041 - DEBUG - Upserted modifier: Iced Tea (V1 ID: 43335, DB ID: 134704)
2025-12-28 12:17:25,482 - DEBUG - Upserted modifier: Framboise Slush Puppie (Petit) (V1 ID: 48553, DB ID: 134705)
2025-12-28 12:17:25,905 - DEBUG - Upserted modifier: Lime Slush Puppie (Petit) (V1 ID: 48554, DB ID: 134706)
2025-12-28 12:17:26,323 - DEBUG - Upserted modifier: Cerise Slush Puppie (Petit) (V1 ID: 48555, DB ID: 134707)
2025-12-28 12:17:26,771 - DEBUG - Upserted modifier: Fraise Slush Puppie (Petit) (V1 ID: 48556, DB ID: 134708)
2025-12-28 12:17:27,194 - DEBUG - Upserted modifier: Limonade Slush Puppie (Petit) (V1 ID: 48557, DB ID: 134709)
2025-12-28 12:17:27,792 - INFO - Inserted modifier group: Dessert for Kids Meal (ID: 2649)
2025-12-28 12:17:27,933 - DEBUG - Upserted modifier: Poutine (V1 ID: 43304, DB ID: 134710)
2025-12-28 12:17:28,380 - DEBUG - Upserted modifier: Biscuit avec pépites de chocolat (V1 ID: 43337, DB ID: 134711)
2025-12-28 12:17:28,813 - DEBUG - Upserted modifier: Biscuit avec bonbons de chocolat (V1 ID: 43338, DB ID: 134712)
2025-12-28 12:17:29,275 - DEBUG - Upserted modifier: Biscuit avec Macadene (V1 ID: 43339, DB ID: 134713)
2025-12-28 12:17:29,698 - DEBUG - Upserted modifier: Fromage (V1 ID: 43340, DB ID: 134714)
2025-12-28 12:17:30,128 - DEBUG - Upserted modifier: Bacon (V1 ID: 43341, DB ID: 134715)
2025-12-28 12:17:30,577 - DEBUG - Upserted modifier: Poutine Sauce Brune (V1 ID: 43344, DB ID: 134716)
2025-12-28 12:17:31,018 - DEBUG - Upserted modifier: Poutine Sauce Blanche (V1 ID: 43384, DB ID: 134717)
2025-12-28 12:17:31,449 - DEBUG - Upserted modifier: Poutine Sauce BBQ (V1 ID: 43385, DB ID: 134718)
2025-12-28 12:17:31,863 - DEBUG - Upserted modifier: Poutine Sauce au Poivre (V1 ID: 43386, DB ID: 134719)
2025-12-28 12:17:32,288 - DEBUG - Upserted modifier: Poutine Sauce Végétarienne (V1 ID: 43387, DB ID: 134720)
2025-12-28 12:17:32,710 - DEBUG - Upserted modifier: Poutine Sauce Italienne (V1 ID: 43388, DB ID: 134721)
2025-12-28 12:17:33,146 - DEBUG - Upserted modifier: Poutine Sauce Maison Lou Lou (V1 ID: 43389, DB ID: 134722)
2025-12-28 12:17:33,580 - DEBUG - Upserted modifier: Avec Sauce Brune (V1 ID: 43343, DB ID: 134723)
2025-12-28 12:17:34,010 - DEBUG - Upserted modifier: Avec Sauce Blanche (V1 ID: 43358, DB ID: 134724)
2025-12-28 12:17:34,438 - DEBUG - Upserted modifier: Avec Sauce BBQ (V1 ID: 43359, DB ID: 134725)
2025-12-28 12:17:34,857 - DEBUG - Upserted modifier: Avec Sauce au poivre (V1 ID: 43360, DB ID: 134726)
2025-12-28 12:17:35,291 - DEBUG - Upserted modifier: Avec Sauce Végétarienne (V1 ID: 43361, DB ID: 134727)
2025-12-28 12:17:35,738 - DEBUG - Upserted modifier: Avec Sauce Italienne (V1 ID: 43362, DB ID: 134728)
2025-12-28 12:17:36,190 - DEBUG - Upserted modifier: Avec Sauce Maison Lou Lou (V1 ID: 43363, DB ID: 134729)
2025-12-28 12:17:36,631 - DEBUG - Upserted modifier: Salad du Chef (V1 ID: 43830, DB ID: 134730)
2025-12-28 12:17:37,070 - DEBUG - Upserted modifier: Salade César (V1 ID: 43831, DB ID: 134731)
2025-12-28 12:17:37,641 - INFO - Inserted modifier group: Pogo Ingredients (ID: 2650)
2025-12-28 12:17:37,788 - DEBUG - Upserted modifier: Oignons (V1 ID: 43272, DB ID: 134732)
2025-12-28 12:17:38,798 - DEBUG - Upserted modifier: Cornichons (V1 ID: 43273, DB ID: 134733)
2025-12-28 12:17:39,799 - DEBUG - Upserted modifier: Salade de choux (V1 ID: 43274, DB ID: 134734)
2025-12-28 12:17:40,810 - DEBUG - Upserted modifier: Piments verts (V1 ID: 43275, DB ID: 134735)
2025-12-28 12:17:41,848 - DEBUG - Upserted modifier: Piments forts (V1 ID: 43276, DB ID: 134736)
2025-12-28 12:17:42,863 - DEBUG - Upserted modifier: Champignons (V1 ID: 43277, DB ID: 134737)
2025-12-28 12:17:43,866 - DEBUG - Upserted modifier: Sauce Italienne (V1 ID: 43278, DB ID: 134738)
2025-12-28 12:17:44,957 - DEBUG - Upserted modifier: Bacon (V1 ID: 43279, DB ID: 134739)
2025-12-28 12:17:46,056 - DEBUG - Upserted modifier: Poulet Épicé (V1 ID: 43280, DB ID: 134740)
2025-12-28 12:17:47,203 - DEBUG - Upserted modifier: Poulet (V1 ID: 43281, DB ID: 134741)
2025-12-28 12:17:48,220 - DEBUG - Upserted modifier: Poulet Panné (V1 ID: 43282, DB ID: 134742)
2025-12-28 12:17:49,223 - DEBUG - Upserted modifier: Boeuf Haché (V1 ID: 43283, DB ID: 134743)
2025-12-28 12:17:50,232 - DEBUG - Upserted modifier: Steak (V1 ID: 43284, DB ID: 134744)
2025-12-28 12:17:51,261 - DEBUG - Upserted modifier: Porc éffiloché (V1 ID: 43285, DB ID: 134745)
2025-12-28 12:17:52,274 - DEBUG - Upserted modifier: Cotelettes de Porc (V1 ID: 43286, DB ID: 134746)
2025-12-28 12:17:53,327 - DEBUG - Upserted modifier: Boulettes de viande (V1 ID: 43287, DB ID: 134747)
2025-12-28 12:17:54,351 - DEBUG - Upserted modifier: Saucisses Italienne (V1 ID: 43288, DB ID: 134748)
2025-12-28 12:17:55,331 - DEBUG - Upserted modifier: Saucisses fumées (V1 ID: 43289, DB ID: 134749)
2025-12-28 12:17:56,335 - DEBUG - Upserted modifier: Viande fumée (V1 ID: 43290, DB ID: 134750)
2025-12-28 12:17:57,350 - DEBUG - Upserted modifier: Pepperoni (V1 ID: 43291, DB ID: 134751)
2025-12-28 12:17:58,388 - DEBUG - Upserted modifier: Ketchup (V1 ID: 43294, DB ID: 134752)
2025-12-28 12:17:58,804 - DEBUG - Upserted modifier: Moutard (V1 ID: 43295, DB ID: 134753)
2025-12-28 12:17:59,226 - DEBUG - Upserted modifier: Relish (V1 ID: 43296, DB ID: 134754)
2025-12-28 12:17:59,689 - DEBUG - Upserted modifier: Oignons (V1 ID: 43297, DB ID: 134755)
2025-12-28 12:18:00,129 - DEBUG - Upserted modifier: Mayo (V1 ID: 43298, DB ID: 134756)
2025-12-28 12:18:00,553 - DEBUG - Upserted modifier: Piments forts (V1 ID: 43299, DB ID: 134757)
2025-12-28 12:18:00,980 - DEBUG - Upserted modifier: Laitue (V1 ID: 43300, DB ID: 134758)
2025-12-28 12:18:01,411 - DEBUG - Upserted modifier: Tomate (V1 ID: 43301, DB ID: 134759)
2025-12-28 12:18:01,850 - DEBUG - Upserted modifier: Oignons cuits (V1 ID: 43302, DB ID: 134760)
2025-12-28 12:18:02,295 - DEBUG - Upserted modifier: Cornichons (V1 ID: 43303, DB ID: 134761)
2025-12-28 12:18:02,752 - DEBUG - Upserted modifier: Bubble gum (V1 ID: 43314, DB ID: 134762)
2025-12-28 12:18:03,198 - DEBUG - Upserted modifier: Framboise (V1 ID: 43315, DB ID: 134763)
2025-12-28 12:18:03,621 - DEBUG - Upserted modifier: Cerise (V1 ID: 43317, DB ID: 134764)
2025-12-28 12:18:04,059 - DEBUG - Upserted modifier: Lime (V1 ID: 43316, DB ID: 134765)
2025-12-28 12:18:04,500 - DEBUG - Upserted modifier: Fraise (V1 ID: 43318, DB ID: 134766)
2025-12-28 12:18:04,935 - DEBUG - Upserted modifier: Limonade (V1 ID: 48552, DB ID: 134767)
2025-12-28 12:18:05,353 - DEBUG - Upserted modifier: Ananas (V1 ID: 43319, DB ID: 134768)
2025-12-28 12:18:05,811 - DEBUG - Upserted modifier: Barbe à papa (V1 ID: 43320, DB ID: 134769)
2025-12-28 12:18:06,257 - DEBUG - Upserted modifier: Yumberry (V1 ID: 43321, DB ID: 134770)
2025-12-28 12:18:06,689 - DEBUG - Upserted modifier: Porc et coriandre (V1 ID: 43349, DB ID: 134771)
2025-12-28 12:18:07,124 - DEBUG - Upserted modifier: Bruschetta au poulet (V1 ID: 43350, DB ID: 134772)
2025-12-28 12:18:07,588 - DEBUG - Upserted modifier: Fromage et jalapeno (V1 ID: 43351, DB ID: 134773)
2025-12-28 12:18:08,017 - DEBUG - Upserted modifier: Moutard sucrée (V1 ID: 43459, DB ID: 134774)
2025-12-28 12:18:08,583 - INFO - Inserted modifier group: Extra Cheese & Meat (use on specials) (ID: 2651)
2025-12-28 12:18:08,726 - DEBUG - Upserted modifier: Poutine (V1 ID: 43304, DB ID: 134775)
2025-12-28 12:18:09,170 - DEBUG - Upserted modifier: Biscuit avec pépites de chocolat (V1 ID: 43337, DB ID: 134776)
2025-12-28 12:18:09,605 - DEBUG - Upserted modifier: Biscuit avec bonbons de chocolat (V1 ID: 43338, DB ID: 134777)
2025-12-28 12:18:10,033 - DEBUG - Upserted modifier: Biscuit avec Macadene (V1 ID: 43339, DB ID: 134778)
2025-12-28 12:18:10,477 - DEBUG - Upserted modifier: Fromage (V1 ID: 43340, DB ID: 134779)
2025-12-28 12:18:10,935 - DEBUG - Upserted modifier: Bacon (V1 ID: 43341, DB ID: 134780)
2025-12-28 12:18:11,382 - DEBUG - Upserted modifier: Poutine Sauce Brune (V1 ID: 43344, DB ID: 134781)
2025-12-28 12:18:11,857 - DEBUG - Upserted modifier: Poutine Sauce Blanche (V1 ID: 43384, DB ID: 134782)
2025-12-28 12:18:12,279 - DEBUG - Upserted modifier: Poutine Sauce BBQ (V1 ID: 43385, DB ID: 134783)
2025-12-28 12:18:12,724 - DEBUG - Upserted modifier: Poutine Sauce au Poivre (V1 ID: 43386, DB ID: 134784)
2025-12-28 12:18:13,143 - DEBUG - Upserted modifier: Poutine Sauce Végétarienne (V1 ID: 43387, DB ID: 134785)
2025-12-28 12:18:13,567 - DEBUG - Upserted modifier: Poutine Sauce Italienne (V1 ID: 43388, DB ID: 134786)
2025-12-28 12:18:14,018 - DEBUG - Upserted modifier: Poutine Sauce Maison Lou Lou (V1 ID: 43389, DB ID: 134787)
2025-12-28 12:18:14,470 - DEBUG - Upserted modifier: Avec Sauce Brune (V1 ID: 43343, DB ID: 134788)
2025-12-28 12:18:14,894 - DEBUG - Upserted modifier: Avec Sauce Blanche (V1 ID: 43358, DB ID: 134789)
2025-12-28 12:18:15,355 - DEBUG - Upserted modifier: Avec Sauce BBQ (V1 ID: 43359, DB ID: 134790)
2025-12-28 12:18:15,818 - DEBUG - Upserted modifier: Avec Sauce au poivre (V1 ID: 43360, DB ID: 134791)
2025-12-28 12:18:16,252 - DEBUG - Upserted modifier: Avec Sauce Végétarienne (V1 ID: 43361, DB ID: 134792)
2025-12-28 12:18:16,689 - DEBUG - Upserted modifier: Avec Sauce Italienne (V1 ID: 43362, DB ID: 134793)
2025-12-28 12:18:17,116 - DEBUG - Upserted modifier: Avec Sauce Maison Lou Lou (V1 ID: 43363, DB ID: 134794)
2025-12-28 12:18:17,557 - DEBUG - Upserted modifier: Salad du Chef (V1 ID: 43830, DB ID: 134795)
2025-12-28 12:18:17,982 - DEBUG - Upserted modifier: Salade César (V1 ID: 43831, DB ID: 134796)
2025-12-28 12:18:18,547 - INFO - Inserted modifier group: Change fries for Poutine (Kids meal only) (ID: 2652)
2025-12-28 12:18:18,695 - DEBUG - Upserted modifier: Fromage (V1 ID: 43292, DB ID: 134797)
2025-12-28 12:18:19,146 - DEBUG - Upserted modifier: Bacon (V1 ID: 43293, DB ID: 134798)
2025-12-28 12:18:19,575 - DEBUG - Upserted modifier: Poulet (V1 ID: 43305, DB ID: 134799)
2025-12-28 12:18:20,014 - DEBUG - Upserted modifier: Poutine (V1 ID: 43342, DB ID: 134800)
2025-12-28 12:18:20,447 - DEBUG - Upserted modifier: Biscuit avec pépites de chocolat (V1 ID: 43345, DB ID: 134801)
2025-12-28 12:18:20,874 - DEBUG - Upserted modifier: Biscuit avec bonbons de chocolat (V1 ID: 43346, DB ID: 134802)
2025-12-28 12:18:21,297 - DEBUG - Upserted modifier: Biscuit avec Macadene (V1 ID: 43347, DB ID: 134803)
2025-12-28 12:18:21,749 - DEBUG - Upserted modifier: Fromage Extra (V1 ID: 43262, DB ID: 134804)
2025-12-28 12:18:22,945 - INFO - Inserted modifier group: Upgrade to Poutine and Gravy for Fries from Special (ID: 2653)
2025-12-28 12:18:23,101 - DEBUG - Upserted modifier: Poutine (V1 ID: 43304, DB ID: 134805)
2025-12-28 12:18:23,537 - DEBUG - Upserted modifier: Biscuit avec pépites de chocolat (V1 ID: 43337, DB ID: 134806)
2025-12-28 12:18:23,961 - DEBUG - Upserted modifier: Biscuit avec bonbons de chocolat (V1 ID: 43338, DB ID: 134807)
2025-12-28 12:18:24,373 - DEBUG - Upserted modifier: Biscuit avec Macadene (V1 ID: 43339, DB ID: 134808)
2025-12-28 12:18:24,794 - DEBUG - Upserted modifier: Fromage (V1 ID: 43340, DB ID: 134809)
2025-12-28 12:18:25,214 - DEBUG - Upserted modifier: Bacon (V1 ID: 43341, DB ID: 134810)
2025-12-28 12:18:25,639 - DEBUG - Upserted modifier: Poutine Sauce Brune (V1 ID: 43344, DB ID: 134811)
2025-12-28 12:18:26,056 - DEBUG - Upserted modifier: Poutine Sauce Blanche (V1 ID: 43384, DB ID: 134812)
2025-12-28 12:18:26,477 - DEBUG - Upserted modifier: Poutine Sauce BBQ (V1 ID: 43385, DB ID: 134813)
2025-12-28 12:18:26,913 - DEBUG - Upserted modifier: Poutine Sauce au Poivre (V1 ID: 43386, DB ID: 134814)
2025-12-28 12:18:27,343 - DEBUG - Upserted modifier: Poutine Sauce Végétarienne (V1 ID: 43387, DB ID: 134815)
2025-12-28 12:18:27,782 - DEBUG - Upserted modifier: Poutine Sauce Italienne (V1 ID: 43388, DB ID: 134816)
2025-12-28 12:18:28,233 - DEBUG - Upserted modifier: Poutine Sauce Maison Lou Lou (V1 ID: 43389, DB ID: 134817)
2025-12-28 12:18:28,656 - DEBUG - Upserted modifier: Avec Sauce Brune (V1 ID: 43343, DB ID: 134818)
2025-12-28 12:18:29,101 - DEBUG - Upserted modifier: Avec Sauce Blanche (V1 ID: 43358, DB ID: 134819)
2025-12-28 12:18:29,540 - DEBUG - Upserted modifier: Avec Sauce BBQ (V1 ID: 43359, DB ID: 134820)
2025-12-28 12:18:29,978 - DEBUG - Upserted modifier: Avec Sauce au poivre (V1 ID: 43360, DB ID: 134821)
2025-12-28 12:18:30,420 - DEBUG - Upserted modifier: Avec Sauce Végétarienne (V1 ID: 43361, DB ID: 134822)
2025-12-28 12:18:30,852 - DEBUG - Upserted modifier: Avec Sauce Italienne (V1 ID: 43362, DB ID: 134823)
2025-12-28 12:18:31,310 - DEBUG - Upserted modifier: Avec Sauce Maison Lou Lou (V1 ID: 43363, DB ID: 134824)
2025-12-28 12:18:31,749 - DEBUG - Upserted modifier: Salad du Chef (V1 ID: 43830, DB ID: 134825)
2025-12-28 12:18:32,186 - DEBUG - Upserted modifier: Salade César (V1 ID: 43831, DB ID: 134826)
2025-12-28 12:18:32,767 - INFO - Inserted modifier group: Biscuits (from EXTRAS) (ID: 2654)
2025-12-28 12:18:32,917 - DEBUG - Upserted modifier: Fromage (V1 ID: 43292, DB ID: 134827)
2025-12-28 12:18:33,337 - DEBUG - Upserted modifier: Bacon (V1 ID: 43293, DB ID: 134828)
2025-12-28 12:18:33,758 - DEBUG - Upserted modifier: Poulet (V1 ID: 43305, DB ID: 134829)
2025-12-28 12:18:34,194 - DEBUG - Upserted modifier: Poutine (V1 ID: 43342, DB ID: 134830)
2025-12-28 12:18:34,646 - DEBUG - Upserted modifier: Biscuit avec pépites de chocolat (V1 ID: 43345, DB ID: 134831)
2025-12-28 12:18:35,094 - DEBUG - Upserted modifier: Biscuit avec bonbons de chocolat (V1 ID: 43346, DB ID: 134832)
2025-12-28 12:18:35,550 - DEBUG - Upserted modifier: Biscuit avec Macadene (V1 ID: 43347, DB ID: 134833)
2025-12-28 12:18:35,984 - DEBUG - Upserted modifier: Fromage Extra (V1 ID: 43262, DB ID: 134834)
2025-12-28 12:18:37,110 - INFO - Inserted modifier group: Gravy for Fries Section (ID: 2655)
2025-12-28 12:18:37,263 - DEBUG - Upserted modifier: Trempette au Caramel Salé (V1 ID: 50661, DB ID: 134835)
2025-12-28 12:18:37,673 - DEBUG - Upserted modifier: Trempette Chocolat Fudge (V1 ID: 50662, DB ID: 134836)
2025-12-28 12:18:38,100 - DEBUG - Upserted modifier: Blanche (V1 ID: 43264, DB ID: 134837)
2025-12-28 12:18:38,528 - DEBUG - Upserted modifier: BBQ (V1 ID: 43265, DB ID: 134838)
2025-12-28 12:18:38,951 - DEBUG - Upserted modifier: Sauce au poivre (V1 ID: 43266, DB ID: 134839)
2025-12-28 12:18:39,391 - DEBUG - Upserted modifier: Végétarienne (V1 ID: 43267, DB ID: 134840)
2025-12-28 12:18:39,817 - DEBUG - Upserted modifier: Italienne (V1 ID: 43268, DB ID: 134841)
2025-12-28 12:18:40,297 - DEBUG - Upserted modifier: Maison Loulou (V1 ID: 43269, DB ID: 134842)
2025-12-28 12:18:40,749 - DEBUG - Upserted modifier: BBQ (V1 ID: 43311, DB ID: 134843)
2025-12-28 12:18:41,167 - DEBUG - Upserted modifier: Piquante (V1 ID: 43312, DB ID: 134844)
2025-12-28 12:18:41,599 - DEBUG - Upserted modifier: Miel et Ail (V1 ID: 43313, DB ID: 134845)
2025-12-28 12:18:42,032 - DEBUG - Upserted modifier: Sauce Brune (V1 ID: 43348, DB ID: 134846)
2025-12-28 12:18:43,395 - DEBUG - Upserted modifier: Sauce Blanche (V1 ID: 43352, DB ID: 134847)
2025-12-28 12:18:44,684 - DEBUG - Upserted modifier: Sauce BBQ (V1 ID: 43353, DB ID: 134848)
2025-12-28 12:18:45,963 - DEBUG - Upserted modifier: Sauce au poivre (V1 ID: 43354, DB ID: 134849)
2025-12-28 12:18:47,299 - DEBUG - Upserted modifier: Sauce Végétarienne (V1 ID: 43355, DB ID: 134850)
2025-12-28 12:18:48,597 - DEBUG - Upserted modifier: Sauce Italienne (V1 ID: 43356, DB ID: 134851)
2025-12-28 12:18:49,882 - DEBUG - Upserted modifier: Sauce Maison Lou Lou (V1 ID: 43357, DB ID: 134852)
2025-12-28 12:18:51,228 - DEBUG - Upserted modifier: Sauce Lou Lou (V1 ID: 47966, DB ID: 134853)
2025-12-28 12:18:51,651 - DEBUG - Upserted modifier: Petit Poutine (V1 ID: 43452, DB ID: 134854)
2025-12-28 12:18:52,083 - DEBUG - Upserted modifier: Moyenne Poutine (V1 ID: 43453, DB ID: 134855)
2025-12-28 12:18:52,511 - DEBUG - Upserted modifier: Aigre douce (V1 ID: 43454, DB ID: 134856)
2025-12-28 12:18:52,942 - DEBUG - Upserted modifier: Prune (V1 ID: 43455, DB ID: 134857)
2025-12-28 12:18:53,373 - DEBUG - Upserted modifier: Ranch (V1 ID: 43456, DB ID: 134858)
2025-12-28 12:18:53,797 - DEBUG - Upserted modifier: Sauce épicée (V1 ID: 43457, DB ID: 134859)
2025-12-28 12:18:54,294 - DEBUG - Upserted modifier: Sauce Thai (V1 ID: 43458, DB ID: 134860)
2025-12-28 12:18:54,749 - DEBUG - Upserted modifier: Sauce aux prunes (V1 ID: 43257, DB ID: 134861)
2025-12-28 12:18:55,188 - DEBUG - Upserted modifier: Aigre-doux (V1 ID: 43258, DB ID: 134862)
2025-12-28 12:18:55,627 - DEBUG - Upserted modifier: BBQ (V1 ID: 43259, DB ID: 134863)
2025-12-28 12:18:56,049 - DEBUG - Upserted modifier: Piquante (V1 ID: 43260, DB ID: 134864)
2025-12-28 12:18:56,500 - DEBUG - Upserted modifier: Miel et ail (V1 ID: 43261, DB ID: 134865)
2025-12-28 12:18:56,939 - DEBUG - Upserted modifier: Brune (V1 ID: 43263, DB ID: 134866)
2025-12-28 12:18:57,363 - DEBUG - Upserted modifier: Sauce Italienne (V1 ID: 47967, DB ID: 134867)
2025-12-28 12:18:58,487 - INFO - Inserted modifier group: Wonton Crunch options (ID: 2656)
2025-12-28 12:18:58,630 - DEBUG - Upserted modifier: Oignons (V1 ID: 43272, DB ID: 134868)
2025-12-28 12:18:59,740 - DEBUG - Upserted modifier: Cornichons (V1 ID: 43273, DB ID: 134869)
2025-12-28 12:19:00,857 - DEBUG - Upserted modifier: Salade de choux (V1 ID: 43274, DB ID: 134870)
2025-12-28 12:19:02,020 - DEBUG - Upserted modifier: Piments verts (V1 ID: 43275, DB ID: 134871)
2025-12-28 12:19:03,047 - DEBUG - Upserted modifier: Piments forts (V1 ID: 43276, DB ID: 134872)
2025-12-28 12:19:04,058 - DEBUG - Upserted modifier: Champignons (V1 ID: 43277, DB ID: 134873)
2025-12-28 12:19:05,048 - DEBUG - Upserted modifier: Sauce Italienne (V1 ID: 43278, DB ID: 134874)
2025-12-28 12:19:06,058 - DEBUG - Upserted modifier: Bacon (V1 ID: 43279, DB ID: 134875)
2025-12-28 12:19:07,072 - DEBUG - Upserted modifier: Poulet Épicé (V1 ID: 43280, DB ID: 134876)
2025-12-28 12:19:08,119 - DEBUG - Upserted modifier: Poulet (V1 ID: 43281, DB ID: 134877)
2025-12-28 12:19:09,145 - DEBUG - Upserted modifier: Poulet Panné (V1 ID: 43282, DB ID: 134878)
2025-12-28 12:19:10,219 - DEBUG - Upserted modifier: Boeuf Haché (V1 ID: 43283, DB ID: 134879)
2025-12-28 12:19:11,267 - DEBUG - Upserted modifier: Steak (V1 ID: 43284, DB ID: 134880)
2025-12-28 12:19:12,301 - DEBUG - Upserted modifier: Porc éffiloché (V1 ID: 43285, DB ID: 134881)
2025-12-28 12:19:13,391 - DEBUG - Upserted modifier: Cotelettes de Porc (V1 ID: 43286, DB ID: 134882)
2025-12-28 12:19:14,562 - DEBUG - Upserted modifier: Boulettes de viande (V1 ID: 43287, DB ID: 134883)
2025-12-28 12:19:15,608 - DEBUG - Upserted modifier: Saucisses Italienne (V1 ID: 43288, DB ID: 134884)
2025-12-28 12:19:16,680 - DEBUG - Upserted modifier: Saucisses fumées (V1 ID: 43289, DB ID: 134885)
2025-12-28 12:19:17,676 - DEBUG - Upserted modifier: Viande fumée (V1 ID: 43290, DB ID: 134886)
2025-12-28 12:19:18,728 - DEBUG - Upserted modifier: Pepperoni (V1 ID: 43291, DB ID: 134887)
2025-12-28 12:19:19,811 - DEBUG - Upserted modifier: Ketchup (V1 ID: 43294, DB ID: 134888)
2025-12-28 12:19:20,323 - DEBUG - Upserted modifier: Moutard (V1 ID: 43295, DB ID: 134889)
2025-12-28 12:19:20,795 - DEBUG - Upserted modifier: Relish (V1 ID: 43296, DB ID: 134890)
2025-12-28 12:19:21,248 - DEBUG - Upserted modifier: Oignons (V1 ID: 43297, DB ID: 134891)
2025-12-28 12:19:21,684 - DEBUG - Upserted modifier: Mayo (V1 ID: 43298, DB ID: 134892)
2025-12-28 12:19:22,109 - DEBUG - Upserted modifier: Piments forts (V1 ID: 43299, DB ID: 134893)
2025-12-28 12:19:22,549 - DEBUG - Upserted modifier: Laitue (V1 ID: 43300, DB ID: 134894)
2025-12-28 12:19:22,997 - DEBUG - Upserted modifier: Tomate (V1 ID: 43301, DB ID: 134895)
2025-12-28 12:19:23,604 - DEBUG - Upserted modifier: Oignons cuits (V1 ID: 43302, DB ID: 134896)
2025-12-28 12:19:24,058 - DEBUG - Upserted modifier: Cornichons (V1 ID: 43303, DB ID: 134897)
2025-12-28 12:19:24,494 - DEBUG - Upserted modifier: Bubble gum (V1 ID: 43314, DB ID: 134898)
2025-12-28 12:19:24,932 - DEBUG - Upserted modifier: Framboise (V1 ID: 43315, DB ID: 134899)
2025-12-28 12:19:25,376 - DEBUG - Upserted modifier: Cerise (V1 ID: 43317, DB ID: 134900)
2025-12-28 12:19:25,806 - DEBUG - Upserted modifier: Lime (V1 ID: 43316, DB ID: 134901)
2025-12-28 12:19:26,296 - DEBUG - Upserted modifier: Fraise (V1 ID: 43318, DB ID: 134902)
2025-12-28 12:19:26,734 - DEBUG - Upserted modifier: Limonade (V1 ID: 48552, DB ID: 134903)
2025-12-28 12:19:27,201 - DEBUG - Upserted modifier: Ananas (V1 ID: 43319, DB ID: 134904)
2025-12-28 12:19:27,702 - DEBUG - Upserted modifier: Barbe à papa (V1 ID: 43320, DB ID: 134905)
2025-12-28 12:19:28,184 - DEBUG - Upserted modifier: Yumberry (V1 ID: 43321, DB ID: 134906)
2025-12-28 12:19:28,624 - DEBUG - Upserted modifier: Porc et coriandre (V1 ID: 43349, DB ID: 134907)
2025-12-28 12:19:29,049 - DEBUG - Upserted modifier: Bruschetta au poulet (V1 ID: 43350, DB ID: 134908)
2025-12-28 12:19:29,471 - DEBUG - Upserted modifier: Fromage et jalapeno (V1 ID: 43351, DB ID: 134909)
2025-12-28 12:19:29,890 - DEBUG - Upserted modifier: Moutard sucrée (V1 ID: 43459, DB ID: 134910)
2025-12-28 12:19:30,456 - INFO - Inserted modifier group: Upgrade Mini Poutine to S or M poutine (6,7,8) (ID: 2657)
2025-12-28 12:19:30,598 - DEBUG - Upserted modifier: Trempette au Caramel Salé (V1 ID: 50661, DB ID: 134911)
2025-12-28 12:19:31,027 - DEBUG - Upserted modifier: Trempette Chocolat Fudge (V1 ID: 50662, DB ID: 134912)
2025-12-28 12:19:31,450 - DEBUG - Upserted modifier: Blanche (V1 ID: 43264, DB ID: 134913)
2025-12-28 12:19:31,907 - DEBUG - Upserted modifier: BBQ (V1 ID: 43265, DB ID: 134914)
2025-12-28 12:19:32,359 - DEBUG - Upserted modifier: Sauce au poivre (V1 ID: 43266, DB ID: 134915)
2025-12-28 12:19:32,812 - DEBUG - Upserted modifier: Végétarienne (V1 ID: 43267, DB ID: 134916)
2025-12-28 12:19:33,258 - DEBUG - Upserted modifier: Italienne (V1 ID: 43268, DB ID: 134917)
2025-12-28 12:19:33,682 - DEBUG - Upserted modifier: Maison Loulou (V1 ID: 43269, DB ID: 134918)
2025-12-28 12:19:34,101 - DEBUG - Upserted modifier: BBQ (V1 ID: 43311, DB ID: 134919)
2025-12-28 12:19:34,543 - DEBUG - Upserted modifier: Piquante (V1 ID: 43312, DB ID: 134920)
2025-12-28 12:19:34,968 - DEBUG - Upserted modifier: Miel et Ail (V1 ID: 43313, DB ID: 134921)
2025-12-28 12:19:35,387 - DEBUG - Upserted modifier: Sauce Brune (V1 ID: 43348, DB ID: 134922)
2025-12-28 12:19:36,713 - DEBUG - Upserted modifier: Sauce Blanche (V1 ID: 43352, DB ID: 134923)
2025-12-28 12:19:38,018 - DEBUG - Upserted modifier: Sauce BBQ (V1 ID: 43353, DB ID: 134924)
2025-12-28 12:19:39,346 - DEBUG - Upserted modifier: Sauce au poivre (V1 ID: 43354, DB ID: 134925)
2025-12-28 12:19:40,645 - DEBUG - Upserted modifier: Sauce Végétarienne (V1 ID: 43355, DB ID: 134926)
2025-12-28 12:19:41,949 - DEBUG - Upserted modifier: Sauce Italienne (V1 ID: 43356, DB ID: 134927)
2025-12-28 12:19:43,275 - DEBUG - Upserted modifier: Sauce Maison Lou Lou (V1 ID: 43357, DB ID: 134928)
2025-12-28 12:19:44,606 - DEBUG - Upserted modifier: Sauce Lou Lou (V1 ID: 47966, DB ID: 134929)
2025-12-28 12:19:45,042 - DEBUG - Upserted modifier: Petit Poutine (V1 ID: 43452, DB ID: 134930)
2025-12-28 12:19:45,466 - DEBUG - Upserted modifier: Moyenne Poutine (V1 ID: 43453, DB ID: 134931)
2025-12-28 12:19:45,910 - DEBUG - Upserted modifier: Aigre douce (V1 ID: 43454, DB ID: 134932)
2025-12-28 12:19:46,371 - DEBUG - Upserted modifier: Prune (V1 ID: 43455, DB ID: 134933)
2025-12-28 12:19:46,824 - DEBUG - Upserted modifier: Ranch (V1 ID: 43456, DB ID: 134934)
2025-12-28 12:19:47,264 - DEBUG - Upserted modifier: Sauce épicée (V1 ID: 43457, DB ID: 134935)
2025-12-28 12:19:47,696 - DEBUG - Upserted modifier: Sauce Thai (V1 ID: 43458, DB ID: 134936)
2025-12-28 12:19:48,117 - DEBUG - Upserted modifier: Sauce aux prunes (V1 ID: 43257, DB ID: 134937)
2025-12-28 12:19:48,557 - DEBUG - Upserted modifier: Aigre-doux (V1 ID: 43258, DB ID: 134938)
2025-12-28 12:19:48,990 - DEBUG - Upserted modifier: BBQ (V1 ID: 43259, DB ID: 134939)
2025-12-28 12:19:49,414 - DEBUG - Upserted modifier: Piquante (V1 ID: 43260, DB ID: 134940)
2025-12-28 12:19:49,881 - DEBUG - Upserted modifier: Miel et ail (V1 ID: 43261, DB ID: 134941)
2025-12-28 12:19:50,367 - DEBUG - Upserted modifier: Brune (V1 ID: 43263, DB ID: 134942)
2025-12-28 12:19:50,812 - DEBUG - Upserted modifier: Sauce Italienne (V1 ID: 47967, DB ID: 134943)
2025-12-28 12:19:51,963 - INFO - Inserted modifier group: Doigts de poulet and amuse gueule Sauces (ID: 2658)
2025-12-28 12:19:52,113 - DEBUG - Upserted modifier: Trempette au Caramel Salé (V1 ID: 50661, DB ID: 134944)
2025-12-28 12:19:52,557 - DEBUG - Upserted modifier: Trempette Chocolat Fudge (V1 ID: 50662, DB ID: 134945)
2025-12-28 12:19:52,996 - DEBUG - Upserted modifier: Blanche (V1 ID: 43264, DB ID: 134946)
2025-12-28 12:19:53,479 - DEBUG - Upserted modifier: BBQ (V1 ID: 43265, DB ID: 134947)
2025-12-28 12:19:53,929 - DEBUG - Upserted modifier: Sauce au poivre (V1 ID: 43266, DB ID: 134948)
2025-12-28 12:19:54,352 - DEBUG - Upserted modifier: Végétarienne (V1 ID: 43267, DB ID: 134949)
2025-12-28 12:19:54,787 - DEBUG - Upserted modifier: Italienne (V1 ID: 43268, DB ID: 134950)
2025-12-28 12:19:55,215 - DEBUG - Upserted modifier: Maison Loulou (V1 ID: 43269, DB ID: 134951)
2025-12-28 12:19:55,635 - DEBUG - Upserted modifier: BBQ (V1 ID: 43311, DB ID: 134952)
2025-12-28 12:19:56,081 - DEBUG - Upserted modifier: Piquante (V1 ID: 43312, DB ID: 134953)
2025-12-28 12:19:56,505 - DEBUG - Upserted modifier: Miel et Ail (V1 ID: 43313, DB ID: 134954)
2025-12-28 12:19:56,935 - DEBUG - Upserted modifier: Sauce Brune (V1 ID: 43348, DB ID: 134955)
2025-12-28 12:19:58,220 - DEBUG - Upserted modifier: Sauce Blanche (V1 ID: 43352, DB ID: 134956)
2025-12-28 12:19:59,508 - DEBUG - Upserted modifier: Sauce BBQ (V1 ID: 43353, DB ID: 134957)
2025-12-28 12:20:00,793 - DEBUG - Upserted modifier: Sauce au poivre (V1 ID: 43354, DB ID: 134958)
2025-12-28 12:20:02,128 - DEBUG - Upserted modifier: Sauce Végétarienne (V1 ID: 43355, DB ID: 134959)
2025-12-28 12:20:03,404 - DEBUG - Upserted modifier: Sauce Italienne (V1 ID: 43356, DB ID: 134960)
2025-12-28 12:20:04,684 - DEBUG - Upserted modifier: Sauce Maison Lou Lou (V1 ID: 43357, DB ID: 134961)
2025-12-28 12:20:06,005 - DEBUG - Upserted modifier: Sauce Lou Lou (V1 ID: 47966, DB ID: 134962)
2025-12-28 12:20:06,454 - DEBUG - Upserted modifier: Petit Poutine (V1 ID: 43452, DB ID: 134963)
2025-12-28 12:20:06,882 - DEBUG - Upserted modifier: Moyenne Poutine (V1 ID: 43453, DB ID: 134964)
2025-12-28 12:20:07,337 - DEBUG - Upserted modifier: Aigre douce (V1 ID: 43454, DB ID: 134965)
2025-12-28 12:20:07,763 - DEBUG - Upserted modifier: Prune (V1 ID: 43455, DB ID: 134966)
2025-12-28 12:20:08,197 - DEBUG - Upserted modifier: Ranch (V1 ID: 43456, DB ID: 134967)
2025-12-28 12:20:08,619 - DEBUG - Upserted modifier: Sauce épicée (V1 ID: 43457, DB ID: 134968)
2025-12-28 12:20:09,075 - DEBUG - Upserted modifier: Sauce Thai (V1 ID: 43458, DB ID: 134969)
2025-12-28 12:20:09,527 - DEBUG - Upserted modifier: Sauce aux prunes (V1 ID: 43257, DB ID: 134970)
2025-12-28 12:20:09,968 - DEBUG - Upserted modifier: Aigre-doux (V1 ID: 43258, DB ID: 134971)
2025-12-28 12:20:10,414 - DEBUG - Upserted modifier: BBQ (V1 ID: 43259, DB ID: 134972)
2025-12-28 12:20:10,830 - DEBUG - Upserted modifier: Piquante (V1 ID: 43260, DB ID: 134973)
2025-12-28 12:20:11,285 - DEBUG - Upserted modifier: Miel et ail (V1 ID: 43261, DB ID: 134974)
2025-12-28 12:20:11,717 - DEBUG - Upserted modifier: Brune (V1 ID: 43263, DB ID: 134975)
2025-12-28 12:20:12,143 - DEBUG - Upserted modifier: Sauce Italienne (V1 ID: 47967, DB ID: 134976)
2025-12-28 12:20:13,296 - INFO - Inserted modifier group: Sauce Brune or Blanche for 6-7-8-10-11 (ID: 2659)
2025-12-28 12:20:13,440 - DEBUG - Upserted modifier: Cesar (V1 ID: 43306, DB ID: 134977)
2025-12-28 12:20:13,871 - DEBUG - Upserted modifier: Française (V1 ID: 43307, DB ID: 134978)
2025-12-28 12:20:14,285 - DEBUG - Upserted modifier: Italienne (V1 ID: 43308, DB ID: 134979)
2025-12-28 12:20:14,735 - DEBUG - Upserted modifier: Ranch (V1 ID: 43309, DB ID: 134980)
2025-12-28 12:20:15,204 - DEBUG - Upserted modifier: Ail (V1 ID: 43310, DB ID: 134981)
2025-12-28 12:20:15,638 - DEBUG - Upserted modifier: Poutine sauce brune (V1 ID: 43702, DB ID: 134982)
2025-12-28 12:20:16,085 - DEBUG - Upserted modifier: Poutine sauce blanche (V1 ID: 43703, DB ID: 134983)
2025-12-28 12:20:16,513 - DEBUG - Upserted modifier: Poutine sauce bbq (V1 ID: 43704, DB ID: 134984)
2025-12-28 12:20:16,962 - DEBUG - Upserted modifier: Poutine sauce au poivre (V1 ID: 43705, DB ID: 134985)
2025-12-28 12:20:17,410 - DEBUG - Upserted modifier: Poutine sauce végétarienne (V1 ID: 43706, DB ID: 134986)
2025-12-28 12:20:17,842 - DEBUG - Upserted modifier: Poutine sauce Italienne (V1 ID: 43707, DB ID: 134987)
2025-12-28 12:20:18,287 - DEBUG - Upserted modifier: Poutine sauce maison Lou Lou (V1 ID: 43708, DB ID: 134988)
2025-12-28 12:20:18,712 - DEBUG - Upserted modifier: Sauce Brune (V1 ID: 43467, DB ID: 134989)
2025-12-28 12:20:19,129 - DEBUG - Upserted modifier: Sauce Blanche (V1 ID: 43468, DB ID: 134990)
2025-12-28 12:20:19,691 - INFO - Inserted modifier group: Poutine sauces for #6,#7,#8,#10,#11 (ID: 2660)
2025-12-28 12:20:19,843 - DEBUG - Upserted modifier: Cesar (V1 ID: 43306, DB ID: 134991)
2025-12-28 12:20:20,277 - DEBUG - Upserted modifier: Française (V1 ID: 43307, DB ID: 134992)
2025-12-28 12:20:20,708 - DEBUG - Upserted modifier: Italienne (V1 ID: 43308, DB ID: 134993)
2025-12-28 12:20:21,131 - DEBUG - Upserted modifier: Ranch (V1 ID: 43309, DB ID: 134994)
2025-12-28 12:20:21,577 - DEBUG - Upserted modifier: Ail (V1 ID: 43310, DB ID: 134995)
2025-12-28 12:20:22,009 - DEBUG - Upserted modifier: Poutine sauce brune (V1 ID: 43702, DB ID: 134996)
2025-12-28 12:20:22,430 - DEBUG - Upserted modifier: Poutine sauce blanche (V1 ID: 43703, DB ID: 134997)
2025-12-28 12:20:22,849 - DEBUG - Upserted modifier: Poutine sauce bbq (V1 ID: 43704, DB ID: 134998)
2025-12-28 12:20:23,279 - DEBUG - Upserted modifier: Poutine sauce au poivre (V1 ID: 43705, DB ID: 134999)
2025-12-28 12:20:23,691 - DEBUG - Upserted modifier: Poutine sauce végétarienne (V1 ID: 43706, DB ID: 135000)
2025-12-28 12:20:24,117 - DEBUG - Upserted modifier: Poutine sauce Italienne (V1 ID: 43707, DB ID: 135001)
2025-12-28 12:20:24,540 - DEBUG - Upserted modifier: Poutine sauce maison Lou Lou (V1 ID: 43708, DB ID: 135002)
2025-12-28 12:20:24,980 - DEBUG - Upserted modifier: Sauce Brune (V1 ID: 43467, DB ID: 135003)
2025-12-28 12:20:25,411 - DEBUG - Upserted modifier: Sauce Blanche (V1 ID: 43468, DB ID: 135004)
2025-12-28 12:20:25,991 - INFO - Inserted modifier group: Divers Section Upgrade to Poutine-Gravy-Salad (ID: 2661)
2025-12-28 12:20:26,137 - DEBUG - Upserted modifier: Poutine (V1 ID: 43304, DB ID: 135005)
2025-12-28 12:20:26,564 - DEBUG - Upserted modifier: Biscuit avec pépites de chocolat (V1 ID: 43337, DB ID: 135006)
2025-12-28 12:20:26,992 - DEBUG - Upserted modifier: Biscuit avec bonbons de chocolat (V1 ID: 43338, DB ID: 135007)
2025-12-28 12:20:27,434 - DEBUG - Upserted modifier: Biscuit avec Macadene (V1 ID: 43339, DB ID: 135008)
2025-12-28 12:20:27,868 - DEBUG - Upserted modifier: Fromage (V1 ID: 43340, DB ID: 135009)
2025-12-28 12:20:28,290 - DEBUG - Upserted modifier: Bacon (V1 ID: 43341, DB ID: 135010)
2025-12-28 12:20:28,728 - DEBUG - Upserted modifier: Poutine Sauce Brune (V1 ID: 43344, DB ID: 135011)
2025-12-28 12:20:29,161 - DEBUG - Upserted modifier: Poutine Sauce Blanche (V1 ID: 43384, DB ID: 135012)
2025-12-28 12:20:29,593 - DEBUG - Upserted modifier: Poutine Sauce BBQ (V1 ID: 43385, DB ID: 135013)
2025-12-28 12:20:30,041 - DEBUG - Upserted modifier: Poutine Sauce au Poivre (V1 ID: 43386, DB ID: 135014)
2025-12-28 12:20:30,461 - DEBUG - Upserted modifier: Poutine Sauce Végétarienne (V1 ID: 43387, DB ID: 135015)
2025-12-28 12:20:30,888 - DEBUG - Upserted modifier: Poutine Sauce Italienne (V1 ID: 43388, DB ID: 135016)
2025-12-28 12:20:31,329 - DEBUG - Upserted modifier: Poutine Sauce Maison Lou Lou (V1 ID: 43389, DB ID: 135017)
2025-12-28 12:20:31,765 - DEBUG - Upserted modifier: Avec Sauce Brune (V1 ID: 43343, DB ID: 135018)
2025-12-28 12:20:32,207 - DEBUG - Upserted modifier: Avec Sauce Blanche (V1 ID: 43358, DB ID: 135019)
2025-12-28 12:20:32,633 - DEBUG - Upserted modifier: Avec Sauce BBQ (V1 ID: 43359, DB ID: 135020)
2025-12-28 12:20:33,093 - DEBUG - Upserted modifier: Avec Sauce au poivre (V1 ID: 43360, DB ID: 135021)
2025-12-28 12:20:33,545 - DEBUG - Upserted modifier: Avec Sauce Végétarienne (V1 ID: 43361, DB ID: 135022)
2025-12-28 12:20:33,972 - DEBUG - Upserted modifier: Avec Sauce Italienne (V1 ID: 43362, DB ID: 135023)
2025-12-28 12:20:34,400 - DEBUG - Upserted modifier: Avec Sauce Maison Lou Lou (V1 ID: 43363, DB ID: 135024)
2025-12-28 12:20:34,819 - DEBUG - Upserted modifier: Salad du Chef (V1 ID: 43830, DB ID: 135025)
2025-12-28 12:20:35,251 - DEBUG - Upserted modifier: Salade César (V1 ID: 43831, DB ID: 135026)
2025-12-28 12:20:35,841 - INFO - Inserted modifier group: Mini Donuts Dips (ID: 2662)
2025-12-28 12:20:35,986 - DEBUG - Upserted modifier: Trempette au Caramel Salé (V1 ID: 50661, DB ID: 135027)
2025-12-28 12:20:36,424 - DEBUG - Upserted modifier: Trempette Chocolat Fudge (V1 ID: 50662, DB ID: 135028)
2025-12-28 12:20:36,842 - DEBUG - Upserted modifier: Blanche (V1 ID: 43264, DB ID: 135029)
2025-12-28 12:20:37,274 - DEBUG - Upserted modifier: BBQ (V1 ID: 43265, DB ID: 135030)
2025-12-28 12:20:37,714 - DEBUG - Upserted modifier: Sauce au poivre (V1 ID: 43266, DB ID: 135031)
2025-12-28 12:20:38,178 - DEBUG - Upserted modifier: Végétarienne (V1 ID: 43267, DB ID: 135032)
2025-12-28 12:20:38,624 - DEBUG - Upserted modifier: Italienne (V1 ID: 43268, DB ID: 135033)
2025-12-28 12:20:39,050 - DEBUG - Upserted modifier: Maison Loulou (V1 ID: 43269, DB ID: 135034)
2025-12-28 12:20:39,481 - DEBUG - Upserted modifier: BBQ (V1 ID: 43311, DB ID: 135035)
2025-12-28 12:20:39,913 - DEBUG - Upserted modifier: Piquante (V1 ID: 43312, DB ID: 135036)
2025-12-28 12:20:40,335 - DEBUG - Upserted modifier: Miel et Ail (V1 ID: 43313, DB ID: 135037)
2025-12-28 12:20:40,769 - DEBUG - Upserted modifier: Sauce Brune (V1 ID: 43348, DB ID: 135038)
2025-12-28 12:20:42,049 - DEBUG - Upserted modifier: Sauce Blanche (V1 ID: 43352, DB ID: 135039)
2025-12-28 12:20:43,377 - DEBUG - Upserted modifier: Sauce BBQ (V1 ID: 43353, DB ID: 135040)
2025-12-28 12:20:44,781 - DEBUG - Upserted modifier: Sauce au poivre (V1 ID: 43354, DB ID: 135041)
2025-12-28 12:20:46,091 - DEBUG - Upserted modifier: Sauce Végétarienne (V1 ID: 43355, DB ID: 135042)
2025-12-28 12:20:47,421 - DEBUG - Upserted modifier: Sauce Italienne (V1 ID: 43356, DB ID: 135043)
2025-12-28 12:20:48,731 - DEBUG - Upserted modifier: Sauce Maison Lou Lou (V1 ID: 43357, DB ID: 135044)
2025-12-28 12:20:50,026 - DEBUG - Upserted modifier: Sauce Lou Lou (V1 ID: 47966, DB ID: 135045)
2025-12-28 12:20:50,482 - DEBUG - Upserted modifier: Petit Poutine (V1 ID: 43452, DB ID: 135046)
2025-12-28 12:20:50,920 - DEBUG - Upserted modifier: Moyenne Poutine (V1 ID: 43453, DB ID: 135047)
2025-12-28 12:20:51,407 - DEBUG - Upserted modifier: Aigre douce (V1 ID: 43454, DB ID: 135048)
2025-12-28 12:20:51,847 - DEBUG - Upserted modifier: Prune (V1 ID: 43455, DB ID: 135049)
2025-12-28 12:20:52,280 - DEBUG - Upserted modifier: Ranch (V1 ID: 43456, DB ID: 135050)
2025-12-28 12:20:52,711 - DEBUG - Upserted modifier: Sauce épicée (V1 ID: 43457, DB ID: 135051)
2025-12-28 12:20:53,141 - DEBUG - Upserted modifier: Sauce Thai (V1 ID: 43458, DB ID: 135052)
2025-12-28 12:20:53,611 - DEBUG - Upserted modifier: Sauce aux prunes (V1 ID: 43257, DB ID: 135053)
2025-12-28 12:20:54,031 - DEBUG - Upserted modifier: Aigre-doux (V1 ID: 43258, DB ID: 135054)
2025-12-28 12:20:54,467 - DEBUG - Upserted modifier: BBQ (V1 ID: 43259, DB ID: 135055)
2025-12-28 12:20:54,910 - DEBUG - Upserted modifier: Piquante (V1 ID: 43260, DB ID: 135056)
2025-12-28 12:20:55,349 - DEBUG - Upserted modifier: Miel et ail (V1 ID: 43261, DB ID: 135057)
2025-12-28 12:20:55,797 - DEBUG - Upserted modifier: Brune (V1 ID: 43263, DB ID: 135058)
2025-12-28 12:20:56,268 - DEBUG - Upserted modifier: Sauce Italienne (V1 ID: 47967, DB ID: 135059)
2025-12-28 12:20:57,138 - INFO -   Done: 30 groups, 754 modifiers, 1622 prices
2025-12-28 12:20:57,139 - INFO - ----------------------------------------
2025-12-28 12:20:57,139 - INFO - [15/20] Processing: Pizza Bravo
2025-12-28 12:20:57,139 - INFO - Navigating to modifier groups page: https://menuadmin.menu.ca/?p=restaurants&display=editRestaurant&restaurant=264&load=ingredientGroups&showLang=fr
2025-12-28 12:20:58,080 - DEBUG - Expanding all modifier group divs...
2025-12-28 12:20:58,594 - DEBUG - Group 2170: 9 active modifiers
2025-12-28 12:20:58,595 - DEBUG - Group 2171: 1 active modifiers
2025-12-28 12:20:58,595 - DEBUG - Group 2172: 3 active modifiers
2025-12-28 12:20:58,595 - DEBUG - Group 2184: 4 active modifiers
2025-12-28 12:20:58,595 - DEBUG - Group 2193: 2 active modifiers
2025-12-28 12:20:58,595 - DEBUG - Group 2194: 3 active modifiers
2025-12-28 12:20:58,595 - DEBUG - Group 2210: 10 active modifiers
2025-12-28 12:20:58,618 - INFO - Processing modifier group: Pizza Toppings without Premium (ID: 2170)
2025-12-28 12:20:58,810 - INFO -   Found 23 modifiers (9 active, 14 inactive)
2025-12-28 12:20:58,814 - INFO - Processing modifier group: Premium Toppings (ID: 2171)
2025-12-28 12:20:59,026 - INFO -   Found 23 modifiers (1 active, 22 inactive)
2025-12-28 12:20:59,029 - INFO - Processing modifier group: Crust Type (ID: 2172)
2025-12-28 12:20:59,051 - INFO -   Found 3 modifiers (3 active, 0 inactive)
2025-12-28 12:20:59,055 - INFO - Processing modifier group: Dips (ID: 2184)
2025-12-28 12:20:59,244 - INFO -   Found 22 modifiers (4 active, 18 inactive)
2025-12-28 12:20:59,247 - INFO - Processing modifier group: Shawarma and Donairs sauces (ID: 2193)
2025-12-28 12:20:59,445 - INFO -   Found 22 modifiers (2 active, 20 inactive)
2025-12-28 12:20:59,448 - INFO - Processing modifier group: Wings Sauces (ID: 2194)
2025-12-28 12:20:59,640 - INFO -   Found 22 modifiers (3 active, 19 inactive)
2025-12-28 12:20:59,644 - INFO - Processing modifier group: Pizza Toppings (ID: 2210)
2025-12-28 12:20:59,822 - INFO -   Found 23 modifiers (10 active, 13 inactive)
2025-12-28 12:20:59,822 - INFO - Total modifier groups extracted: 7
2025-12-28 12:21:00,111 - INFO - Inserted modifier group: Pizza Toppings without Premium (ID: 2663)
2025-12-28 12:21:00,269 - DEBUG - Upserted modifier: Champignons (V1 ID: 9776, DB ID: 135060)
2025-12-28 12:21:01,133 - DEBUG - Upserted modifier: Pepperoni (V1 ID: 9777, DB ID: 135061)
2025-12-28 12:21:01,984 - DEBUG - Upserted modifier: Poivrons Verts (V1 ID: 9778, DB ID: 135062)
2025-12-28 12:21:02,832 - DEBUG - Upserted modifier: Olives (V1 ID: 9779, DB ID: 135063)
2025-12-28 12:21:03,743 - DEBUG - Upserted modifier: Bacon (V1 ID: 9780, DB ID: 135064)
2025-12-28 12:21:04,625 - DEBUG - Upserted modifier: Oignons (V1 ID: 9781, DB ID: 135065)
2025-12-28 12:21:05,527 - DEBUG - Upserted modifier: Tomates (V1 ID: 9782, DB ID: 135066)
2025-12-28 12:21:06,420 - DEBUG - Upserted modifier: Jambon (V1 ID: 9783, DB ID: 135067)
2025-12-28 12:21:07,328 - DEBUG - Upserted modifier: Ananas (V1 ID: 9784, DB ID: 135068)
2025-12-28 12:21:08,211 - DEBUG - Upserted modifier: Extra Fromage (V1 ID: 9785, DB ID: 135069)
2025-12-28 12:21:09,132 - DEBUG - Upserted modifier: Super Végétarien (V1 ID: 24121, DB ID: 135070)
2025-12-28 12:21:09,559 - DEBUG - Upserted modifier: Fromage (V1 ID: 9793, DB ID: 135071)
2025-12-28 12:21:09,998 - DEBUG - Upserted modifier: Poulet (V1 ID: 11332, DB ID: 135072)
2025-12-28 12:21:10,437 - DEBUG - Upserted modifier: Veggie (V1 ID: 9802, DB ID: 135073)
2025-12-28 12:21:10,898 - DEBUG - Upserted modifier: Viande Fumée (V1 ID: 9804, DB ID: 135074)
2025-12-28 12:21:11,348 - DEBUG - Upserted modifier: Spaghetti (V1 ID: 11343, DB ID: 135075)
2025-12-28 12:21:11,797 - DEBUG - Upserted modifier: Shawarma au poulet (V1 ID: 9857, DB ID: 135076)
2025-12-28 12:21:12,249 - DEBUG - Upserted modifier: Shawarma au boeuf (V1 ID: 9858, DB ID: 135077)
2025-12-28 12:21:12,806 - DEBUG - Upserted modifier: Donair au boeuf (V1 ID: 9859, DB ID: 135078)
2025-12-28 12:21:13,303 - DEBUG - Upserted modifier: Champignons HIDED (V1 ID: 32716, DB ID: 135079)
2025-12-28 12:21:13,749 - DEBUG - Upserted modifier: Oignons HIDED (V1 ID: 32717, DB ID: 135080)
2025-12-28 12:21:14,197 - DEBUG - Upserted modifier: Olives HIDED (V1 ID: 32718, DB ID: 135081)
2025-12-28 12:21:14,626 - DEBUG - Upserted modifier: Poivrons Verts HIDED (V1 ID: 32719, DB ID: 135082)
2025-12-28 12:21:15,205 - INFO - Inserted modifier group: Premium Toppings (ID: 2664)
2025-12-28 12:21:15,349 - DEBUG - Upserted modifier: Champignons (V1 ID: 9776, DB ID: 135083)
2025-12-28 12:21:16,222 - DEBUG - Upserted modifier: Pepperoni (V1 ID: 9777, DB ID: 135084)
2025-12-28 12:21:17,101 - DEBUG - Upserted modifier: Poivrons Verts (V1 ID: 9778, DB ID: 135085)
2025-12-28 12:21:18,133 - DEBUG - Upserted modifier: Olives (V1 ID: 9779, DB ID: 135086)
2025-12-28 12:21:19,016 - DEBUG - Upserted modifier: Bacon (V1 ID: 9780, DB ID: 135087)
2025-12-28 12:21:19,909 - DEBUG - Upserted modifier: Oignons (V1 ID: 9781, DB ID: 135088)
2025-12-28 12:21:20,763 - DEBUG - Upserted modifier: Tomates (V1 ID: 9782, DB ID: 135089)
2025-12-28 12:21:21,640 - DEBUG - Upserted modifier: Jambon (V1 ID: 9783, DB ID: 135090)
2025-12-28 12:21:22,511 - DEBUG - Upserted modifier: Ananas (V1 ID: 9784, DB ID: 135091)
2025-12-28 12:21:23,404 - DEBUG - Upserted modifier: Extra Fromage (V1 ID: 9785, DB ID: 135092)
2025-12-28 12:21:24,296 - DEBUG - Upserted modifier: Super Végétarien (V1 ID: 24121, DB ID: 135093)
2025-12-28 12:21:24,715 - DEBUG - Upserted modifier: Fromage (V1 ID: 9793, DB ID: 135094)
2025-12-28 12:21:25,163 - DEBUG - Upserted modifier: Poulet (V1 ID: 11332, DB ID: 135095)
2025-12-28 12:21:25,586 - DEBUG - Upserted modifier: Veggie (V1 ID: 9802, DB ID: 135096)
2025-12-28 12:21:26,013 - DEBUG - Upserted modifier: Viande Fumée (V1 ID: 9804, DB ID: 135097)
2025-12-28 12:21:26,443 - DEBUG - Upserted modifier: Spaghetti (V1 ID: 11343, DB ID: 135098)
2025-12-28 12:21:26,949 - DEBUG - Upserted modifier: Shawarma au poulet (V1 ID: 9857, DB ID: 135099)
2025-12-28 12:21:27,395 - DEBUG - Upserted modifier: Shawarma au boeuf (V1 ID: 9858, DB ID: 135100)
2025-12-28 12:21:27,882 - DEBUG - Upserted modifier: Donair au boeuf (V1 ID: 9859, DB ID: 135101)
2025-12-28 12:21:28,336 - DEBUG - Upserted modifier: Champignons HIDED (V1 ID: 32716, DB ID: 135102)
2025-12-28 12:21:28,771 - DEBUG - Upserted modifier: Oignons HIDED (V1 ID: 32717, DB ID: 135103)
2025-12-28 12:21:29,210 - DEBUG - Upserted modifier: Olives HIDED (V1 ID: 32718, DB ID: 135104)
2025-12-28 12:21:29,645 - DEBUG - Upserted modifier: Poivrons Verts HIDED (V1 ID: 32719, DB ID: 135105)
2025-12-28 12:21:30,199 - INFO - Inserted modifier group: Crust Type (ID: 2665)
2025-12-28 12:21:30,353 - DEBUG - Upserted modifier: Régulière (V1 ID: 9767, DB ID: 135106)
2025-12-28 12:21:30,789 - DEBUG - Upserted modifier: Mince (V1 ID: 9768, DB ID: 135107)
2025-12-28 12:21:31,227 - DEBUG - Upserted modifier: Épaisse (V1 ID: 9769, DB ID: 135108)
2025-12-28 12:21:31,800 - INFO - Inserted modifier group: Dips (ID: 2666)
2025-12-28 12:21:31,947 - DEBUG - Upserted modifier: Sauce maison (V1 ID: 45593, DB ID: 135109)
2025-12-28 12:21:32,379 - DEBUG - Upserted modifier: Sauce brune (V1 ID: 45594, DB ID: 135110)
2025-12-28 12:21:32,808 - DEBUG - Upserted modifier: Ail (V1 ID: 9786, DB ID: 135111)
2025-12-28 12:21:33,237 - DEBUG - Upserted modifier: Ail crèmeuse (V1 ID: 9788, DB ID: 135112)
2025-12-28 12:21:33,666 - DEBUG - Upserted modifier: Salsa (V1 ID: 9789, DB ID: 135113)
2025-12-28 12:21:34,106 - DEBUG - Upserted modifier: Sauce à pizza (V1 ID: 9790, DB ID: 135114)
2025-12-28 12:21:34,552 - DEBUG - Upserted modifier: BBQ (V1 ID: 9791, DB ID: 135115)
2025-12-28 12:21:34,979 - DEBUG - Upserted modifier: Cèsar (V1 ID: 9792, DB ID: 135116)
2025-12-28 12:21:35,414 - DEBUG - Upserted modifier: Ranch (V1 ID: 51818, DB ID: 135117)
2025-12-28 12:21:35,857 - DEBUG - Upserted modifier: Cheddar Chipotle (V1 ID: 51819, DB ID: 135118)
2025-12-28 12:21:36,271 - DEBUG - Upserted modifier: Sauce Ail Maison (V1 ID: 51820, DB ID: 135119)
2025-12-28 12:21:36,694 - DEBUG - Upserted modifier: Ail (V1 ID: 9855, DB ID: 135120)
2025-12-28 12:21:37,128 - DEBUG - Upserted modifier: Sucrée (V1 ID: 9856, DB ID: 135121)
2025-12-28 12:21:37,573 - DEBUG - Upserted modifier: Miel et ail (V1 ID: 9861, DB ID: 135122)
2025-12-28 12:21:38,007 - DEBUG - Upserted modifier: BBQ (V1 ID: 9862, DB ID: 135123)
2025-12-28 12:21:38,433 - DEBUG - Upserted modifier: Forte (V1 ID: 9863, DB ID: 135124)
2025-12-28 12:21:38,878 - DEBUG - Upserted modifier: Ail (V1 ID: 11703, DB ID: 135125)
2025-12-28 12:21:39,358 - DEBUG - Upserted modifier: Sauce à pizza (V1 ID: 11704, DB ID: 135126)
2025-12-28 12:21:39,853 - DEBUG - Upserted modifier: Ail crèmeuse (V1 ID: 11705, DB ID: 135127)
2025-12-28 12:21:40,306 - DEBUG - Upserted modifier: BBQ (V1 ID: 11706, DB ID: 135128)
2025-12-28 12:21:40,727 - DEBUG - Upserted modifier: Salsa (V1 ID: 11707, DB ID: 135129)
2025-12-28 12:21:41,138 - DEBUG - Upserted modifier: Cèsar (V1 ID: 11708, DB ID: 135130)
2025-12-28 12:21:41,712 - INFO - Inserted modifier group: Shawarma and Donairs sauces (ID: 2667)
2025-12-28 12:21:41,857 - DEBUG - Upserted modifier: Sauce maison (V1 ID: 45593, DB ID: 135131)
2025-12-28 12:21:42,278 - DEBUG - Upserted modifier: Sauce brune (V1 ID: 45594, DB ID: 135132)
2025-12-28 12:21:42,714 - DEBUG - Upserted modifier: Ail (V1 ID: 9786, DB ID: 135133)
2025-12-28 12:21:43,132 - DEBUG - Upserted modifier: Ail crèmeuse (V1 ID: 9788, DB ID: 135134)
2025-12-28 12:21:43,557 - DEBUG - Upserted modifier: Salsa (V1 ID: 9789, DB ID: 135135)
2025-12-28 12:21:44,004 - DEBUG - Upserted modifier: Sauce à pizza (V1 ID: 9790, DB ID: 135136)
2025-12-28 12:21:44,436 - DEBUG - Upserted modifier: BBQ (V1 ID: 9791, DB ID: 135137)
2025-12-28 12:21:44,922 - DEBUG - Upserted modifier: Cèsar (V1 ID: 9792, DB ID: 135138)
2025-12-28 12:21:45,414 - DEBUG - Upserted modifier: Ranch (V1 ID: 51818, DB ID: 135139)
2025-12-28 12:21:45,876 - DEBUG - Upserted modifier: Cheddar Chipotle (V1 ID: 51819, DB ID: 135140)
2025-12-28 12:21:46,308 - DEBUG - Upserted modifier: Sauce Ail Maison (V1 ID: 51820, DB ID: 135141)
2025-12-28 12:21:46,736 - DEBUG - Upserted modifier: Ail (V1 ID: 9855, DB ID: 135142)
2025-12-28 12:21:47,168 - DEBUG - Upserted modifier: Sucrée (V1 ID: 9856, DB ID: 135143)
2025-12-28 12:21:47,615 - DEBUG - Upserted modifier: Miel et ail (V1 ID: 9861, DB ID: 135144)
2025-12-28 12:21:48,080 - DEBUG - Upserted modifier: BBQ (V1 ID: 9862, DB ID: 135145)
2025-12-28 12:21:48,510 - DEBUG - Upserted modifier: Forte (V1 ID: 9863, DB ID: 135146)
2025-12-28 12:21:49,023 - DEBUG - Upserted modifier: Ail (V1 ID: 11703, DB ID: 135147)
2025-12-28 12:21:49,514 - DEBUG - Upserted modifier: Sauce à pizza (V1 ID: 11704, DB ID: 135148)
2025-12-28 12:21:49,956 - DEBUG - Upserted modifier: Ail crèmeuse (V1 ID: 11705, DB ID: 135149)
2025-12-28 12:21:50,387 - DEBUG - Upserted modifier: BBQ (V1 ID: 11706, DB ID: 135150)
2025-12-28 12:21:50,806 - DEBUG - Upserted modifier: Salsa (V1 ID: 11707, DB ID: 135151)
2025-12-28 12:21:51,252 - DEBUG - Upserted modifier: Cèsar (V1 ID: 11708, DB ID: 135152)
2025-12-28 12:21:51,848 - INFO - Inserted modifier group: Wings Sauces (ID: 2668)
2025-12-28 12:21:51,989 - DEBUG - Upserted modifier: Sauce maison (V1 ID: 45593, DB ID: 135153)
2025-12-28 12:21:52,427 - DEBUG - Upserted modifier: Sauce brune (V1 ID: 45594, DB ID: 135154)
2025-12-28 12:21:52,847 - DEBUG - Upserted modifier: Ail (V1 ID: 9786, DB ID: 135155)
2025-12-28 12:21:53,275 - DEBUG - Upserted modifier: Ail crèmeuse (V1 ID: 9788, DB ID: 135156)
2025-12-28 12:21:53,749 - DEBUG - Upserted modifier: Salsa (V1 ID: 9789, DB ID: 135157)
2025-12-28 12:21:54,184 - DEBUG - Upserted modifier: Sauce à pizza (V1 ID: 9790, DB ID: 135158)
2025-12-28 12:21:54,631 - DEBUG - Upserted modifier: BBQ (V1 ID: 9791, DB ID: 135159)
2025-12-28 12:21:55,052 - DEBUG - Upserted modifier: Cèsar (V1 ID: 9792, DB ID: 135160)
2025-12-28 12:21:55,471 - DEBUG - Upserted modifier: Ranch (V1 ID: 51818, DB ID: 135161)
2025-12-28 12:21:55,914 - DEBUG - Upserted modifier: Cheddar Chipotle (V1 ID: 51819, DB ID: 135162)
2025-12-28 12:21:56,398 - DEBUG - Upserted modifier: Sauce Ail Maison (V1 ID: 51820, DB ID: 135163)
2025-12-28 12:21:56,830 - DEBUG - Upserted modifier: Ail (V1 ID: 9855, DB ID: 135164)
2025-12-28 12:21:57,273 - DEBUG - Upserted modifier: Sucrée (V1 ID: 9856, DB ID: 135165)
2025-12-28 12:21:57,713 - DEBUG - Upserted modifier: Miel et ail (V1 ID: 9861, DB ID: 135166)
2025-12-28 12:21:58,148 - DEBUG - Upserted modifier: BBQ (V1 ID: 9862, DB ID: 135167)
2025-12-28 12:21:58,574 - DEBUG - Upserted modifier: Forte (V1 ID: 9863, DB ID: 135168)
2025-12-28 12:21:59,002 - DEBUG - Upserted modifier: Ail (V1 ID: 11703, DB ID: 135169)
2025-12-28 12:21:59,420 - DEBUG - Upserted modifier: Sauce à pizza (V1 ID: 11704, DB ID: 135170)
2025-12-28 12:21:59,865 - DEBUG - Upserted modifier: Ail crèmeuse (V1 ID: 11705, DB ID: 135171)
2025-12-28 12:22:00,302 - DEBUG - Upserted modifier: BBQ (V1 ID: 11706, DB ID: 135172)
2025-12-28 12:22:00,718 - DEBUG - Upserted modifier: Salsa (V1 ID: 11707, DB ID: 135173)
2025-12-28 12:22:01,128 - DEBUG - Upserted modifier: Cèsar (V1 ID: 11708, DB ID: 135174)
2025-12-28 12:22:01,713 - INFO - Inserted modifier group: Pizza Toppings (ID: 2669)
2025-12-28 12:22:01,864 - DEBUG - Upserted modifier: Champignons (V1 ID: 9776, DB ID: 135175)
2025-12-28 12:22:02,762 - DEBUG - Upserted modifier: Pepperoni (V1 ID: 9777, DB ID: 135176)
2025-12-28 12:22:03,620 - DEBUG - Upserted modifier: Poivrons Verts (V1 ID: 9778, DB ID: 135177)
2025-12-28 12:22:04,490 - DEBUG - Upserted modifier: Olives (V1 ID: 9779, DB ID: 135178)
2025-12-28 12:22:05,356 - DEBUG - Upserted modifier: Bacon (V1 ID: 9780, DB ID: 135179)
2025-12-28 12:22:06,228 - DEBUG - Upserted modifier: Oignons (V1 ID: 9781, DB ID: 135180)
2025-12-28 12:22:07,142 - DEBUG - Upserted modifier: Tomates (V1 ID: 9782, DB ID: 135181)
2025-12-28 12:22:08,015 - DEBUG - Upserted modifier: Jambon (V1 ID: 9783, DB ID: 135182)
2025-12-28 12:22:08,864 - DEBUG - Upserted modifier: Ananas (V1 ID: 9784, DB ID: 135183)
2025-12-28 12:22:09,722 - DEBUG - Upserted modifier: Extra Fromage (V1 ID: 9785, DB ID: 135184)
2025-12-28 12:22:10,614 - DEBUG - Upserted modifier: Super Végétarien (V1 ID: 24121, DB ID: 135185)
2025-12-28 12:22:11,037 - DEBUG - Upserted modifier: Fromage (V1 ID: 9793, DB ID: 135186)
2025-12-28 12:22:11,493 - DEBUG - Upserted modifier: Poulet (V1 ID: 11332, DB ID: 135187)
2025-12-28 12:22:11,961 - DEBUG - Upserted modifier: Veggie (V1 ID: 9802, DB ID: 135188)
2025-12-28 12:22:12,394 - DEBUG - Upserted modifier: Viande Fumée (V1 ID: 9804, DB ID: 135189)
2025-12-28 12:22:12,831 - DEBUG - Upserted modifier: Spaghetti (V1 ID: 11343, DB ID: 135190)
2025-12-28 12:22:13,262 - DEBUG - Upserted modifier: Shawarma au poulet (V1 ID: 9857, DB ID: 135191)
2025-12-28 12:22:13,704 - DEBUG - Upserted modifier: Shawarma au boeuf (V1 ID: 9858, DB ID: 135192)
2025-12-28 12:22:14,147 - DEBUG - Upserted modifier: Donair au boeuf (V1 ID: 9859, DB ID: 135193)
2025-12-28 12:22:14,589 - DEBUG - Upserted modifier: Champignons HIDED (V1 ID: 32716, DB ID: 135194)
2025-12-28 12:22:15,060 - DEBUG - Upserted modifier: Oignons HIDED (V1 ID: 32717, DB ID: 135195)
2025-12-28 12:22:15,496 - DEBUG - Upserted modifier: Olives HIDED (V1 ID: 32718, DB ID: 135196)
2025-12-28 12:22:15,937 - DEBUG - Upserted modifier: Poivrons Verts HIDED (V1 ID: 32719, DB ID: 135197)
2025-12-28 12:22:16,250 - INFO -   Done: 7 groups, 138 modifiers, 228 prices
2025-12-28 12:22:16,251 - INFO - ----------------------------------------
2025-12-28 12:22:16,251 - INFO - [16/20] Processing: Pizza des Hautes Plaines
2025-12-28 12:22:16,251 - INFO - Navigating to modifier groups page: https://menuadmin.menu.ca/?p=restaurants&display=editRestaurant&restaurant=782&load=ingredientGroups&showLang=fr
2025-12-28 12:22:17,084 - DEBUG - Expanding all modifier group divs...
2025-12-28 12:22:17,606 - DEBUG - Group 7217: 3 active modifiers
2025-12-28 12:22:17,606 - DEBUG - Group 7218: 18 active modifiers
2025-12-28 12:22:17,606 - DEBUG - Group 7219: 15 active modifiers
2025-12-28 12:22:17,606 - DEBUG - Group 7220: 3 active modifiers
2025-12-28 12:22:17,606 - DEBUG - Group 7221: 4 active modifiers
2025-12-28 12:22:17,606 - DEBUG - Group 7222: 2 active modifiers
2025-12-28 12:22:17,606 - DEBUG - Group 7223: 2 active modifiers
2025-12-28 12:22:17,606 - DEBUG - Group 7224: 2 active modifiers
2025-12-28 12:22:17,606 - DEBUG - Group 7225: 2 active modifiers
2025-12-28 12:22:17,606 - DEBUG - Group 7227: 6 active modifiers
2025-12-28 12:22:17,606 - DEBUG - Group 7228: 5 active modifiers
2025-12-28 12:22:17,606 - DEBUG - Group 7229: 4 active modifiers
2025-12-28 12:22:17,606 - DEBUG - Group 7286: 9 active modifiers
2025-12-28 12:22:17,606 - DEBUG - Group 7287: 5 active modifiers
2025-12-28 12:22:17,606 - DEBUG - Group 7288: 3 active modifiers
2025-12-28 12:22:17,606 - DEBUG - Group 7289: 2 active modifiers
2025-12-28 12:22:17,606 - DEBUG - Group 7290: 13 active modifiers
2025-12-28 12:22:17,606 - DEBUG - Group 7343: 1 active modifiers
2025-12-28 12:22:17,606 - DEBUG - Group 7344: 3 active modifiers
2025-12-28 12:22:17,606 - DEBUG - Group 7345: 4 active modifiers
2025-12-28 12:22:17,606 - DEBUG - Group 8315: 2 active modifiers
2025-12-28 12:22:17,606 - DEBUG - Group 11488: 11 active modifiers
2025-12-28 12:22:17,606 - DEBUG - Group 11489: 10 active modifiers
2025-12-28 12:22:17,632 - INFO - Processing modifier group: Crust type (ID: 7217)
2025-12-28 12:22:17,661 - INFO -   Found 3 modifiers (3 active, 0 inactive)
2025-12-28 12:22:17,665 - INFO - Processing modifier group: Pizza Toppings (ID: 7218)
2025-12-28 12:22:17,939 - INFO -   Found 32 modifiers (18 active, 14 inactive)
2025-12-28 12:22:17,943 - INFO - Processing modifier group: Pizza Toppings without Premium (ID: 7219)
2025-12-28 12:22:18,229 - INFO -   Found 32 modifiers (15 active, 17 inactive)
2025-12-28 12:22:18,232 - INFO - Processing modifier group: Premium Toppings (ID: 7220)
2025-12-28 12:22:18,580 - INFO -   Found 32 modifiers (3 active, 29 inactive)
2025-12-28 12:22:18,583 - INFO - Processing modifier group: Subs Extra Toppings (ID: 7221)
2025-12-28 12:22:18,924 - INFO -   Found 32 modifiers (4 active, 28 inactive)
2025-12-28 12:22:18,928 - INFO - Processing modifier group: Custom for Poutines (ID: 7222)
2025-12-28 12:22:19,261 - INFO -   Found 32 modifiers (2 active, 30 inactive)
2025-12-28 12:22:19,265 - INFO - Processing modifier group: Side Dishes for Shawarma (ID: 7223)
2025-12-28 12:22:19,561 - INFO -   Found 27 modifiers (2 active, 25 inactive)
2025-12-28 12:22:19,564 - INFO - Processing modifier group: Extras for Donairs (ID: 7224)
2025-12-28 12:22:19,752 - INFO -   Found 18 modifiers (2 active, 16 inactive)
2025-12-28 12:22:19,756 - INFO - Processing modifier group: Donair Sauces (ID: 7225)
2025-12-28 12:22:19,996 - INFO -   Found 23 modifiers (2 active, 21 inactive)
2025-12-28 12:22:20,000 - INFO - Processing modifier group: Shawarma Sandwiches Extras (ID: 7227)
2025-12-28 12:22:20,168 - INFO -   Found 18 modifiers (6 active, 12 inactive)
2025-12-28 12:22:20,171 - INFO - Processing modifier group: Wings Sauces (ID: 7228)
2025-12-28 12:22:20,403 - INFO -   Found 23 modifiers (5 active, 18 inactive)
2025-12-28 12:22:20,407 - INFO - Processing modifier group: Cheese sticks and Zucchini sticks Sauces (ID: 7229)
2025-12-28 12:22:20,635 - INFO -   Found 23 modifiers (4 active, 19 inactive)
2025-12-28 12:22:20,639 - INFO - Processing modifier group: Dips (ID: 7286)
2025-12-28 12:22:20,847 - INFO -   Found 23 modifiers (9 active, 14 inactive)
2025-12-28 12:22:20,850 - INFO - Processing modifier group: Italian dishes extra toppings (ID: 7287)
2025-12-28 12:22:21,167 - INFO -   Found 32 modifiers (5 active, 27 inactive)
2025-12-28 12:22:21,170 - INFO - Processing modifier group: Burgers free toppings (ID: 7288)
2025-12-28 12:22:21,491 - INFO -   Found 32 modifiers (3 active, 29 inactive)
2025-12-28 12:22:21,494 - INFO - Processing modifier group: Burgers extras (ID: 7289)
2025-12-28 12:22:21,686 - INFO -   Found 18 modifiers (2 active, 16 inactive)
2025-12-28 12:22:21,690 - INFO - Processing modifier group: Drinks can (ID: 7290)
2025-12-28 12:22:21,765 - INFO -   Found 11 modifiers (11 active, 0 inactive)
2025-12-28 12:22:21,769 - INFO - Processing modifier group: Upgrade to poutine 4.00 (ID: 7343)
2025-12-28 12:22:22,051 - INFO -   Found 27 modifiers (1 active, 26 inactive)
2025-12-28 12:22:22,055 - INFO - Processing modifier group: Chicken Burger Extras (ID: 7344)
2025-12-28 12:22:22,239 - INFO -   Found 18 modifiers (3 active, 15 inactive)
2025-12-28 12:22:22,242 - INFO - Processing modifier group: Hot Dog Extras (ID: 7345)
2025-12-28 12:22:22,451 - INFO -   Found 18 modifiers (4 active, 14 inactive)
2025-12-28 12:22:22,454 - INFO - Processing modifier group: Side dish for TRIOS (ID: 8315)
2025-12-28 12:22:22,754 - INFO -   Found 27 modifiers (2 active, 25 inactive)
2025-12-28 12:22:22,757 - INFO - Processing modifier group: Medium Pizza Selection 36 Aniver (ID: 11488)
2025-12-28 12:22:23,003 - INFO -   Found 27 modifiers (11 active, 16 inactive)
2025-12-28 12:22:23,007 - INFO - Processing modifier group: Large Pizza Selection 36 Aniver (ID: 11489)
2025-12-28 12:22:23,263 - INFO -   Found 27 modifiers (10 active, 17 inactive)
2025-12-28 12:22:23,264 - INFO - Total modifier groups extracted: 23
2025-12-28 12:22:23,558 - INFO - Inserted modifier group: Crust type (ID: 2670)
2025-12-28 12:22:23,711 - DEBUG - Upserted modifier: Croûte régulier (V1 ID: 32315, DB ID: 135198)
2025-12-28 12:22:24,165 - DEBUG - Upserted modifier: Croûte mince (V1 ID: 32313, DB ID: 135199)
2025-12-28 12:22:24,614 - DEBUG - Upserted modifier: Croûte épaisse (V1 ID: 32314, DB ID: 135200)
2025-12-28 12:22:25,221 - INFO - Inserted modifier group: Pizza Toppings (ID: 2671)
2025-12-28 12:22:25,375 - DEBUG - Upserted modifier: Pepperoni (V1 ID: 32316, DB ID: 135201)
2025-12-28 12:22:26,268 - DEBUG - Upserted modifier: Champignons (V1 ID: 32317, DB ID: 135202)
2025-12-28 12:22:27,132 - DEBUG - Upserted modifier: Poivrons verts (V1 ID: 32318, DB ID: 135203)
2025-12-28 12:22:27,993 - DEBUG - Upserted modifier: Jambon (V1 ID: 32319, DB ID: 135204)
2025-12-28 12:22:28,843 - DEBUG - Upserted modifier: Ananas (V1 ID: 32320, DB ID: 135205)
2025-12-28 12:22:29,866 - DEBUG - Upserted modifier: Tomates (V1 ID: 32321, DB ID: 135206)
2025-12-28 12:22:30,738 - DEBUG - Upserted modifier: Olives (V1 ID: 32322, DB ID: 135207)
2025-12-28 12:22:31,641 - DEBUG - Upserted modifier: Oignons (V1 ID: 32323, DB ID: 135208)
2025-12-28 12:22:32,550 - DEBUG - Upserted modifier: Bacon (V1 ID: 32324, DB ID: 135209)
2025-12-28 12:22:33,467 - DEBUG - Upserted modifier: Piments forts (V1 ID: 32325, DB ID: 135210)
2025-12-28 12:22:34,424 - DEBUG - Upserted modifier: Oignons rouges (V1 ID: 32326, DB ID: 135211)
2025-12-28 12:22:35,378 - DEBUG - Upserted modifier: Origan (V1 ID: 32327, DB ID: 135212)
2025-12-28 12:22:36,438 - DEBUG - Upserted modifier: Sauce à la viande (V1 ID: 32328, DB ID: 135213)
2025-12-28 12:22:37,319 - DEBUG - Upserted modifier: Saucisses italiennes (V1 ID: 32329, DB ID: 135214)
2025-12-28 12:22:38,185 - DEBUG - Upserted modifier: Poulet (V1 ID: 32330, DB ID: 135215)
2025-12-28 12:22:39,045 - DEBUG - Upserted modifier: Fromage feta (V1 ID: 32331, DB ID: 135216)
2025-12-28 12:22:39,913 - DEBUG - Upserted modifier: Fromage additionnel (V1 ID: 32332, DB ID: 135217)
2025-12-28 12:22:40,791 - DEBUG - Upserted modifier: Sauce additionnelle (V1 ID: 32333, DB ID: 135218)
2025-12-28 12:22:41,678 - DEBUG - Upserted modifier: Fromage (V1 ID: 32334, DB ID: 135219)
2025-12-28 12:22:42,266 - DEBUG - Upserted modifier: Laitues (V1 ID: 32335, DB ID: 135220)
2025-12-28 12:22:42,846 - DEBUG - Upserted modifier: Tomates (V1 ID: 32336, DB ID: 135221)
2025-12-28 12:22:43,427 - DEBUG - Upserted modifier: Cornichons (V1 ID: 32337, DB ID: 135222)
2025-12-28 12:22:44,008 - DEBUG - Upserted modifier: Fromage (V1 ID: 32338, DB ID: 135223)
2025-12-28 12:22:44,878 - DEBUG - Upserted modifier: Sauce (V1 ID: 32339, DB ID: 135224)
2025-12-28 12:22:45,759 - DEBUG - Upserted modifier: Pepperoni (V1 ID: 32677, DB ID: 135225)
2025-12-28 12:22:46,342 - DEBUG - Upserted modifier: Champignons (V1 ID: 32678, DB ID: 135226)
2025-12-28 12:22:46,946 - DEBUG - Upserted modifier: Piments verts (V1 ID: 32679, DB ID: 135227)
2025-12-28 12:22:47,526 - DEBUG - Upserted modifier: Fromage (V1 ID: 32680, DB ID: 135228)
2025-12-28 12:22:48,117 - DEBUG - Upserted modifier: Sauce à la viande (V1 ID: 32681, DB ID: 135229)
2025-12-28 12:22:48,701 - DEBUG - Upserted modifier: Oignons (V1 ID: 32682, DB ID: 135230)
2025-12-28 12:22:49,130 - DEBUG - Upserted modifier: Cornichons (V1 ID: 32683, DB ID: 135231)
2025-12-28 12:22:49,555 - DEBUG - Upserted modifier: Relish (V1 ID: 32684, DB ID: 135232)
2025-12-28 12:22:50,136 - INFO - Inserted modifier group: Pizza Toppings without Premium (ID: 2672)
2025-12-28 12:22:50,292 - DEBUG - Upserted modifier: Pepperoni (V1 ID: 32316, DB ID: 135233)
2025-12-28 12:22:51,147 - DEBUG - Upserted modifier: Champignons (V1 ID: 32317, DB ID: 135234)
2025-12-28 12:22:52,061 - DEBUG - Upserted modifier: Poivrons verts (V1 ID: 32318, DB ID: 135235)
2025-12-28 12:22:52,937 - DEBUG - Upserted modifier: Jambon (V1 ID: 32319, DB ID: 135236)
2025-12-28 12:22:53,781 - DEBUG - Upserted modifier: Ananas (V1 ID: 32320, DB ID: 135237)
2025-12-28 12:22:54,775 - DEBUG - Upserted modifier: Tomates (V1 ID: 32321, DB ID: 135238)
2025-12-28 12:22:55,853 - DEBUG - Upserted modifier: Olives (V1 ID: 32322, DB ID: 135239)
2025-12-28 12:22:56,700 - DEBUG - Upserted modifier: Oignons (V1 ID: 32323, DB ID: 135240)
2025-12-28 12:22:57,658 - DEBUG - Upserted modifier: Bacon (V1 ID: 32324, DB ID: 135241)
2025-12-28 12:22:58,552 - DEBUG - Upserted modifier: Piments forts (V1 ID: 32325, DB ID: 135242)
2025-12-28 12:22:59,419 - DEBUG - Upserted modifier: Oignons rouges (V1 ID: 32326, DB ID: 135243)
2025-12-28 12:23:00,289 - DEBUG - Upserted modifier: Origan (V1 ID: 32327, DB ID: 135244)
2025-12-28 12:23:01,158 - DEBUG - Upserted modifier: Sauce à la viande (V1 ID: 32328, DB ID: 135245)
2025-12-28 12:23:02,121 - DEBUG - Upserted modifier: Saucisses italiennes (V1 ID: 32329, DB ID: 135246)
2025-12-28 12:23:02,975 - DEBUG - Upserted modifier: Poulet (V1 ID: 32330, DB ID: 135247)
2025-12-28 12:23:03,827 - DEBUG - Upserted modifier: Fromage feta (V1 ID: 32331, DB ID: 135248)
2025-12-28 12:23:04,722 - DEBUG - Upserted modifier: Fromage additionnel (V1 ID: 32332, DB ID: 135249)
2025-12-28 12:23:05,585 - DEBUG - Upserted modifier: Sauce additionnelle (V1 ID: 32333, DB ID: 135250)
2025-12-28 12:23:06,462 - DEBUG - Upserted modifier: Fromage (V1 ID: 32334, DB ID: 135251)
2025-12-28 12:23:07,014 - DEBUG - Upserted modifier: Laitues (V1 ID: 32335, DB ID: 135252)
2025-12-28 12:23:07,597 - DEBUG - Upserted modifier: Tomates (V1 ID: 32336, DB ID: 135253)
2025-12-28 12:23:08,192 - DEBUG - Upserted modifier: Cornichons (V1 ID: 32337, DB ID: 135254)
2025-12-28 12:23:08,766 - DEBUG - Upserted modifier: Fromage (V1 ID: 32338, DB ID: 135255)
2025-12-28 12:23:09,649 - DEBUG - Upserted modifier: Sauce (V1 ID: 32339, DB ID: 135256)
2025-12-28 12:23:10,499 - DEBUG - Upserted modifier: Pepperoni (V1 ID: 32677, DB ID: 135257)
2025-12-28 12:23:11,116 - DEBUG - Upserted modifier: Champignons (V1 ID: 32678, DB ID: 135258)
2025-12-28 12:23:11,703 - DEBUG - Upserted modifier: Piments verts (V1 ID: 32679, DB ID: 135259)
2025-12-28 12:23:12,297 - DEBUG - Upserted modifier: Fromage (V1 ID: 32680, DB ID: 135260)
2025-12-28 12:23:12,954 - DEBUG - Upserted modifier: Sauce à la viande (V1 ID: 32681, DB ID: 135261)
2025-12-28 12:23:13,614 - DEBUG - Upserted modifier: Oignons (V1 ID: 32682, DB ID: 135262)
2025-12-28 12:23:14,090 - DEBUG - Upserted modifier: Cornichons (V1 ID: 32683, DB ID: 135263)
2025-12-28 12:23:14,599 - DEBUG - Upserted modifier: Relish (V1 ID: 32684, DB ID: 135264)
2025-12-28 12:23:15,227 - INFO - Inserted modifier group: Premium Toppings (ID: 2673)
2025-12-28 12:23:15,539 - DEBUG - Upserted modifier: Pepperoni (V1 ID: 32316, DB ID: 135265)
2025-12-28 12:23:16,635 - DEBUG - Upserted modifier: Champignons (V1 ID: 32317, DB ID: 135266)
2025-12-28 12:23:17,486 - DEBUG - Upserted modifier: Poivrons verts (V1 ID: 32318, DB ID: 135267)
2025-12-28 12:23:18,353 - DEBUG - Upserted modifier: Jambon (V1 ID: 32319, DB ID: 135268)
2025-12-28 12:23:19,219 - DEBUG - Upserted modifier: Ananas (V1 ID: 32320, DB ID: 135269)
2025-12-28 12:23:20,098 - DEBUG - Upserted modifier: Tomates (V1 ID: 32321, DB ID: 135270)
2025-12-28 12:23:20,943 - DEBUG - Upserted modifier: Olives (V1 ID: 32322, DB ID: 135271)
2025-12-28 12:23:21,813 - DEBUG - Upserted modifier: Oignons (V1 ID: 32323, DB ID: 135272)
2025-12-28 12:23:22,681 - DEBUG - Upserted modifier: Bacon (V1 ID: 32324, DB ID: 135273)
2025-12-28 12:23:23,551 - DEBUG - Upserted modifier: Piments forts (V1 ID: 32325, DB ID: 135274)
2025-12-28 12:23:24,444 - DEBUG - Upserted modifier: Oignons rouges (V1 ID: 32326, DB ID: 135275)
2025-12-28 12:23:25,340 - DEBUG - Upserted modifier: Origan (V1 ID: 32327, DB ID: 135276)
2025-12-28 12:23:26,190 - DEBUG - Upserted modifier: Sauce à la viande (V1 ID: 32328, DB ID: 135277)
2025-12-28 12:23:27,071 - DEBUG - Upserted modifier: Saucisses italiennes (V1 ID: 32329, DB ID: 135278)
2025-12-28 12:23:27,970 - DEBUG - Upserted modifier: Poulet (V1 ID: 32330, DB ID: 135279)
2025-12-28 12:23:28,836 - DEBUG - Upserted modifier: Fromage feta (V1 ID: 32331, DB ID: 135280)
2025-12-28 12:23:29,723 - DEBUG - Upserted modifier: Fromage additionnel (V1 ID: 32332, DB ID: 135281)
2025-12-28 12:23:30,635 - DEBUG - Upserted modifier: Sauce additionnelle (V1 ID: 32333, DB ID: 135282)
2025-12-28 12:23:31,504 - DEBUG - Upserted modifier: Fromage (V1 ID: 32334, DB ID: 135283)
2025-12-28 12:23:32,074 - DEBUG - Upserted modifier: Laitues (V1 ID: 32335, DB ID: 135284)
2025-12-28 12:23:32,682 - DEBUG - Upserted modifier: Tomates (V1 ID: 32336, DB ID: 135285)
2025-12-28 12:23:33,251 - DEBUG - Upserted modifier: Cornichons (V1 ID: 32337, DB ID: 135286)
2025-12-28 12:23:33,837 - DEBUG - Upserted modifier: Fromage (V1 ID: 32338, DB ID: 135287)
2025-12-28 12:23:34,852 - DEBUG - Upserted modifier: Sauce (V1 ID: 32339, DB ID: 135288)
2025-12-28 12:23:35,724 - DEBUG - Upserted modifier: Pepperoni (V1 ID: 32677, DB ID: 135289)
2025-12-28 12:23:36,276 - DEBUG - Upserted modifier: Champignons (V1 ID: 32678, DB ID: 135290)
2025-12-28 12:23:36,861 - DEBUG - Upserted modifier: Piments verts (V1 ID: 32679, DB ID: 135291)
2025-12-28 12:23:37,454 - DEBUG - Upserted modifier: Fromage (V1 ID: 32680, DB ID: 135292)
2025-12-28 12:23:38,028 - DEBUG - Upserted modifier: Sauce à la viande (V1 ID: 32681, DB ID: 135293)
2025-12-28 12:23:38,605 - DEBUG - Upserted modifier: Oignons (V1 ID: 32682, DB ID: 135294)
2025-12-28 12:23:39,033 - DEBUG - Upserted modifier: Cornichons (V1 ID: 32683, DB ID: 135295)
2025-12-28 12:23:39,484 - DEBUG - Upserted modifier: Relish (V1 ID: 32684, DB ID: 135296)
2025-12-28 12:23:40,087 - INFO - Inserted modifier group: Subs Extra Toppings (ID: 2674)
2025-12-28 12:23:40,249 - DEBUG - Upserted modifier: Pepperoni (V1 ID: 32316, DB ID: 135297)
2025-12-28 12:23:41,108 - DEBUG - Upserted modifier: Champignons (V1 ID: 32317, DB ID: 135298)
2025-12-28 12:23:41,987 - DEBUG - Upserted modifier: Poivrons verts (V1 ID: 32318, DB ID: 135299)
2025-12-28 12:23:42,887 - DEBUG - Upserted modifier: Jambon (V1 ID: 32319, DB ID: 135300)
2025-12-28 12:23:43,774 - DEBUG - Upserted modifier: Ananas (V1 ID: 32320, DB ID: 135301)
2025-12-28 12:23:44,634 - DEBUG - Upserted modifier: Tomates (V1 ID: 32321, DB ID: 135302)
2025-12-28 12:23:45,482 - DEBUG - Upserted modifier: Olives (V1 ID: 32322, DB ID: 135303)
2025-12-28 12:23:46,398 - DEBUG - Upserted modifier: Oignons (V1 ID: 32323, DB ID: 135304)
2025-12-28 12:23:47,295 - DEBUG - Upserted modifier: Bacon (V1 ID: 32324, DB ID: 135305)
2025-12-28 12:23:48,200 - DEBUG - Upserted modifier: Piments forts (V1 ID: 32325, DB ID: 135306)
2025-12-28 12:23:49,330 - DEBUG - Upserted modifier: Oignons rouges (V1 ID: 32326, DB ID: 135307)
2025-12-28 12:23:50,221 - DEBUG - Upserted modifier: Origan (V1 ID: 32327, DB ID: 135308)
2025-12-28 12:23:51,188 - DEBUG - Upserted modifier: Sauce à la viande (V1 ID: 32328, DB ID: 135309)
2025-12-28 12:23:52,043 - DEBUG - Upserted modifier: Saucisses italiennes (V1 ID: 32329, DB ID: 135310)
2025-12-28 12:23:52,969 - DEBUG - Upserted modifier: Poulet (V1 ID: 32330, DB ID: 135311)
2025-12-28 12:23:53,853 - DEBUG - Upserted modifier: Fromage feta (V1 ID: 32331, DB ID: 135312)
2025-12-28 12:23:54,779 - DEBUG - Upserted modifier: Fromage additionnel (V1 ID: 32332, DB ID: 135313)
2025-12-28 12:23:55,687 - DEBUG - Upserted modifier: Sauce additionnelle (V1 ID: 32333, DB ID: 135314)
2025-12-28 12:23:56,778 - DEBUG - Upserted modifier: Fromage (V1 ID: 32334, DB ID: 135315)
2025-12-28 12:23:57,371 - DEBUG - Upserted modifier: Laitues (V1 ID: 32335, DB ID: 135316)
2025-12-28 12:23:57,967 - DEBUG - Upserted modifier: Tomates (V1 ID: 32336, DB ID: 135317)
2025-12-28 12:23:58,542 - DEBUG - Upserted modifier: Cornichons (V1 ID: 32337, DB ID: 135318)
2025-12-28 12:23:59,123 - DEBUG - Upserted modifier: Fromage (V1 ID: 32338, DB ID: 135319)
2025-12-28 12:24:00,005 - DEBUG - Upserted modifier: Sauce (V1 ID: 32339, DB ID: 135320)
2025-12-28 12:24:00,877 - DEBUG - Upserted modifier: Pepperoni (V1 ID: 32677, DB ID: 135321)
2025-12-28 12:24:01,471 - DEBUG - Upserted modifier: Champignons (V1 ID: 32678, DB ID: 135322)
2025-12-28 12:24:02,047 - DEBUG - Upserted modifier: Piments verts (V1 ID: 32679, DB ID: 135323)
2025-12-28 12:24:02,639 - DEBUG - Upserted modifier: Fromage (V1 ID: 32680, DB ID: 135324)
2025-12-28 12:24:03,233 - DEBUG - Upserted modifier: Sauce à la viande (V1 ID: 32681, DB ID: 135325)
2025-12-28 12:24:03,813 - DEBUG - Upserted modifier: Oignons (V1 ID: 32682, DB ID: 135326)
2025-12-28 12:24:04,248 - DEBUG - Upserted modifier: Cornichons (V1 ID: 32683, DB ID: 135327)
2025-12-28 12:24:04,665 - DEBUG - Upserted modifier: Relish (V1 ID: 32684, DB ID: 135328)
2025-12-28 12:24:05,227 - INFO - Inserted modifier group: Custom for Poutines (ID: 2675)
2025-12-28 12:24:05,383 - DEBUG - Upserted modifier: Pepperoni (V1 ID: 32316, DB ID: 135329)
2025-12-28 12:24:06,303 - DEBUG - Upserted modifier: Champignons (V1 ID: 32317, DB ID: 135330)
2025-12-28 12:24:07,172 - DEBUG - Upserted modifier: Poivrons verts (V1 ID: 32318, DB ID: 135331)
2025-12-28 12:24:08,048 - DEBUG - Upserted modifier: Jambon (V1 ID: 32319, DB ID: 135332)
2025-12-28 12:24:09,012 - DEBUG - Upserted modifier: Ananas (V1 ID: 32320, DB ID: 135333)
2025-12-28 12:24:10,071 - DEBUG - Upserted modifier: Tomates (V1 ID: 32321, DB ID: 135334)
2025-12-28 12:24:10,950 - DEBUG - Upserted modifier: Olives (V1 ID: 32322, DB ID: 135335)
2025-12-28 12:24:11,832 - DEBUG - Upserted modifier: Oignons (V1 ID: 32323, DB ID: 135336)
2025-12-28 12:24:12,696 - DEBUG - Upserted modifier: Bacon (V1 ID: 32324, DB ID: 135337)
2025-12-28 12:24:13,607 - DEBUG - Upserted modifier: Piments forts (V1 ID: 32325, DB ID: 135338)
2025-12-28 12:24:14,479 - DEBUG - Upserted modifier: Oignons rouges (V1 ID: 32326, DB ID: 135339)
2025-12-28 12:24:15,332 - DEBUG - Upserted modifier: Origan (V1 ID: 32327, DB ID: 135340)
2025-12-28 12:24:16,211 - DEBUG - Upserted modifier: Sauce à la viande (V1 ID: 32328, DB ID: 135341)
2025-12-28 12:24:17,065 - DEBUG - Upserted modifier: Saucisses italiennes (V1 ID: 32329, DB ID: 135342)
2025-12-28 12:24:17,944 - DEBUG - Upserted modifier: Poulet (V1 ID: 32330, DB ID: 135343)
2025-12-28 12:24:18,836 - DEBUG - Upserted modifier: Fromage feta (V1 ID: 32331, DB ID: 135344)
2025-12-28 12:24:19,728 - DEBUG - Upserted modifier: Fromage additionnel (V1 ID: 32332, DB ID: 135345)
2025-12-28 12:24:20,646 - DEBUG - Upserted modifier: Sauce additionnelle (V1 ID: 32333, DB ID: 135346)
2025-12-28 12:24:21,516 - DEBUG - Upserted modifier: Fromage (V1 ID: 32334, DB ID: 135347)
2025-12-28 12:24:22,129 - DEBUG - Upserted modifier: Laitues (V1 ID: 32335, DB ID: 135348)
2025-12-28 12:24:22,729 - DEBUG - Upserted modifier: Tomates (V1 ID: 32336, DB ID: 135349)
2025-12-28 12:24:23,333 - DEBUG - Upserted modifier: Cornichons (V1 ID: 32337, DB ID: 135350)
2025-12-28 12:24:23,914 - DEBUG - Upserted modifier: Fromage (V1 ID: 32338, DB ID: 135351)
2025-12-28 12:24:24,783 - DEBUG - Upserted modifier: Sauce (V1 ID: 32339, DB ID: 135352)
2025-12-28 12:24:25,641 - DEBUG - Upserted modifier: Pepperoni (V1 ID: 32677, DB ID: 135353)
2025-12-28 12:24:26,230 - DEBUG - Upserted modifier: Champignons (V1 ID: 32678, DB ID: 135354)
2025-12-28 12:24:26,920 - DEBUG - Upserted modifier: Piments verts (V1 ID: 32679, DB ID: 135355)
2025-12-28 12:24:27,659 - DEBUG - Upserted modifier: Fromage (V1 ID: 32680, DB ID: 135356)
2025-12-28 12:24:28,227 - DEBUG - Upserted modifier: Sauce à la viande (V1 ID: 32681, DB ID: 135357)
2025-12-28 12:24:28,812 - DEBUG - Upserted modifier: Oignons (V1 ID: 32682, DB ID: 135358)
2025-12-28 12:24:29,247 - DEBUG - Upserted modifier: Cornichons (V1 ID: 32683, DB ID: 135359)
2025-12-28 12:24:29,669 - DEBUG - Upserted modifier: Relish (V1 ID: 32684, DB ID: 135360)
2025-12-28 12:24:30,243 - INFO - Inserted modifier group: Side Dishes for Shawarma (ID: 2676)
2025-12-28 12:24:30,385 - DEBUG - Upserted modifier: Pizza Fromage Grande (V1 ID: 53347, DB ID: 135361)
2025-12-28 12:24:30,818 - DEBUG - Upserted modifier: Pizza Hawaïenne Grande (V1 ID: 53349, DB ID: 135362)
2025-12-28 12:24:31,246 - DEBUG - Upserted modifier: Pizza Végétarienne Grande (V1 ID: 53350, DB ID: 135363)
2025-12-28 12:24:31,683 - DEBUG - Upserted modifier: Pizza Deluxe Grande (V1 ID: 53351, DB ID: 135364)
2025-12-28 12:24:32,134 - DEBUG - Upserted modifier: Pizza Spéciale du chef Grande (V1 ID: 53352, DB ID: 135365)
2025-12-28 12:24:32,590 - DEBUG - Upserted modifier: Pizza Mexicaine Grande (V1 ID: 53353, DB ID: 135366)
2025-12-28 12:24:33,039 - DEBUG - Upserted modifier: Pizza Grecque Grande (V1 ID: 53354, DB ID: 135367)
2025-12-28 12:24:33,473 - DEBUG - Upserted modifier: Pizza Spéciale MALO Grande (V1 ID: 53355, DB ID: 135368)
2025-12-28 12:24:33,905 - DEBUG - Upserted modifier: Pizza au Poulet Grande (V1 ID: 53356, DB ID: 135369)
2025-12-28 12:24:34,351 - DEBUG - Upserted modifier: Pizza Amateur de viandes Grande (V1 ID: 53357, DB ID: 135370)
2025-12-28 12:24:34,795 - DEBUG - Upserted modifier: Taboulé (V1 ID: 32340, DB ID: 135371)
2025-12-28 12:24:35,247 - DEBUG - Upserted modifier: Salad (V1 ID: 32341, DB ID: 135372)
2025-12-28 12:24:35,750 - DEBUG - Upserted modifier: Pizza Fromage Moyenne (V1 ID: 53336, DB ID: 135373)
2025-12-28 12:24:36,211 - DEBUG - Upserted modifier: Pizza Combinée Moyenne (V1 ID: 53337, DB ID: 135374)
2025-12-28 12:24:36,648 - DEBUG - Upserted modifier: Pizza Hawaïenne Moyenne (V1 ID: 53338, DB ID: 135375)
2025-12-28 12:24:37,082 - DEBUG - Upserted modifier: Pizza Végétarienne Moyenne (V1 ID: 53339, DB ID: 135376)
2025-12-28 12:24:37,507 - DEBUG - Upserted modifier: Pizza Deluxe Moyenne (V1 ID: 53340, DB ID: 135377)
2025-12-28 12:24:37,929 - DEBUG - Upserted modifier: Pizza Spéciale du chef Moyenne (V1 ID: 53341, DB ID: 135378)
2025-12-28 12:24:38,365 - DEBUG - Upserted modifier: Pizza Mexicaine Moyenne (V1 ID: 53342, DB ID: 135379)
2025-12-28 12:24:38,797 - DEBUG - Upserted modifier: Pizza Grecque Moyenne (V1 ID: 53343, DB ID: 135380)
2025-12-28 12:24:39,224 - DEBUG - Upserted modifier: Pizza Spéciale MALO Moyenne (V1 ID: 53344, DB ID: 135381)
2025-12-28 12:24:39,676 - DEBUG - Upserted modifier: Pizza au Poulet Moyenne (V1 ID: 53345, DB ID: 135382)
2025-12-28 12:24:40,112 - DEBUG - Upserted modifier: Pizza Amateur de viandes Moyenne (V1 ID: 53346, DB ID: 135383)
2025-12-28 12:24:40,550 - DEBUG - Upserted modifier: Frites (V1 ID: 37731, DB ID: 135384)
2025-12-28 12:24:41,014 - DEBUG - Upserted modifier: Patates à l'ail (V1 ID: 37732, DB ID: 135385)
2025-12-28 12:24:41,437 - DEBUG - Upserted modifier: Pizza Combinée Grande (V1 ID: 53348, DB ID: 135386)
2025-12-28 12:24:41,878 - DEBUG - Upserted modifier: Poutine (V1 ID: 32954, DB ID: 135387)
2025-12-28 12:24:42,455 - INFO - Inserted modifier group: Extras for Donairs (ID: 2677)
2025-12-28 12:24:42,600 - DEBUG - Upserted modifier: Meat (V1 ID: 32342, DB ID: 135388)
2025-12-28 12:24:43,032 - DEBUG - Upserted modifier: Cheese (V1 ID: 32343, DB ID: 135389)
2025-12-28 12:24:43,458 - DEBUG - Upserted modifier: Hummus (V1 ID: 32344, DB ID: 135390)
2025-12-28 12:24:43,915 - DEBUG - Upserted modifier: Taboulé (V1 ID: 32345, DB ID: 135391)
2025-12-28 12:24:44,340 - DEBUG - Upserted modifier: Sauce à l'ail (V1 ID: 32353, DB ID: 135392)
2025-12-28 12:24:44,757 - DEBUG - Upserted modifier: Hummus (V1 ID: 37729, DB ID: 135393)
2025-12-28 12:24:45,185 - DEBUG - Upserted modifier: Sauce tahini (V1 ID: 32354, DB ID: 135394)
2025-12-28 12:24:45,617 - DEBUG - Upserted modifier: Taboulé (V1 ID: 37730, DB ID: 135395)
2025-12-28 12:24:46,056 - DEBUG - Upserted modifier: Hummus (V1 ID: 32355, DB ID: 135396)
2025-12-28 12:24:46,491 - DEBUG - Upserted modifier: Piments forts (V1 ID: 32356, DB ID: 135397)
2025-12-28 12:24:46,954 - DEBUG - Upserted modifier: Oignons (V1 ID: 32357, DB ID: 135398)
2025-12-28 12:24:47,416 - DEBUG - Upserted modifier: Bacon (V1 ID: 32685, DB ID: 135399)
2025-12-28 12:24:47,873 - DEBUG - Upserted modifier: Fromage (V1 ID: 32686, DB ID: 135400)
2025-12-28 12:24:48,299 - DEBUG - Upserted modifier: Boulettes de aides (V1 ID: 32955, DB ID: 135401)
2025-12-28 12:24:48,738 - DEBUG - Upserted modifier: Moutarde (V1 ID: 32956, DB ID: 135402)
2025-12-28 12:24:49,162 - DEBUG - Upserted modifier: Ketchup (V1 ID: 32957, DB ID: 135403)
2025-12-28 12:24:49,633 - DEBUG - Upserted modifier: Relish (V1 ID: 32958, DB ID: 135404)
2025-12-28 12:24:50,076 - DEBUG - Upserted modifier: Mayo (V1 ID: 32959, DB ID: 135405)
2025-12-28 12:24:50,694 - INFO - Inserted modifier group: Donair Sauces (ID: 2678)
2025-12-28 12:24:50,856 - DEBUG - Upserted modifier: Sauce à l'ail (V1 ID: 32346, DB ID: 135406)
2025-12-28 12:24:51,297 - DEBUG - Upserted modifier: Sauce sucrée (V1 ID: 32347, DB ID: 135407)
2025-12-28 12:24:51,727 - DEBUG - Upserted modifier: Sauce tahini (V1 ID: 32349, DB ID: 135408)
2025-12-28 12:24:52,155 - DEBUG - Upserted modifier: Hummus (V1 ID: 32350, DB ID: 135409)
2025-12-28 12:24:52,581 - DEBUG - Upserted modifier: Piments forts (V1 ID: 32351, DB ID: 135410)
2025-12-28 12:24:53,005 - DEBUG - Upserted modifier: Oignons (V1 ID: 32352, DB ID: 135411)
2025-12-28 12:24:53,516 - DEBUG - Upserted modifier: Régulier (V1 ID: 32358, DB ID: 135412)
2025-12-28 12:24:53,988 - DEBUG - Upserted modifier: Moyenne (V1 ID: 32359, DB ID: 135413)
2025-12-28 12:24:54,475 - DEBUG - Upserted modifier: Fortes (V1 ID: 32360, DB ID: 135414)
2025-12-28 12:24:55,024 - DEBUG - Upserted modifier: Miel et ail (V1 ID: 32361, DB ID: 135415)
2025-12-28 12:24:55,662 - DEBUG - Upserted modifier: Miel moutarde (V1 ID: 32362, DB ID: 135416)
2025-12-28 12:24:56,095 - DEBUG - Upserted modifier: Sauce à pizza (V1 ID: 32363, DB ID: 135417)
2025-12-28 12:24:56,569 - DEBUG - Upserted modifier: Crème sure (V1 ID: 32364, DB ID: 135418)
2025-12-28 12:24:57,005 - DEBUG - Upserted modifier: Tzatziki (V1 ID: 32365, DB ID: 135419)
2025-12-28 12:24:57,469 - DEBUG - Upserted modifier: Ail maison (V1 ID: 32673, DB ID: 135420)
2025-12-28 12:24:57,906 - DEBUG - Upserted modifier: Cheddar chipotle (V1 ID: 32672, DB ID: 135421)
2025-12-28 12:24:58,365 - DEBUG - Upserted modifier: Ranch (V1 ID: 32670, DB ID: 135422)
2025-12-28 12:24:58,806 - DEBUG - Upserted modifier: Ail cremeuse (V1 ID: 32671, DB ID: 135423)
2025-12-28 12:24:59,230 - DEBUG - Upserted modifier: Sauce sucrée (V1 ID: 49377, DB ID: 135424)
2025-12-28 12:24:59,719 - DEBUG - Upserted modifier: Sauce brune (V1 ID: 49378, DB ID: 135425)
2025-12-28 12:25:00,170 - DEBUG - Upserted modifier: Gravy (V1 ID: 49379, DB ID: 135426)
2025-12-28 12:25:00,595 - DEBUG - Upserted modifier: Sauce pizza (V1 ID: 32669, DB ID: 135427)
2025-12-28 12:25:01,015 - DEBUG - Upserted modifier: Miel et ail (V1 ID: 49380, DB ID: 135428)
2025-12-28 12:25:01,592 - INFO - Inserted modifier group: Shawarma Sandwiches Extras (ID: 2679)
2025-12-28 12:25:01,743 - DEBUG - Upserted modifier: Meat (V1 ID: 32342, DB ID: 135429)
2025-12-28 12:25:02,176 - DEBUG - Upserted modifier: Cheese (V1 ID: 32343, DB ID: 135430)
2025-12-28 12:25:02,609 - DEBUG - Upserted modifier: Hummus (V1 ID: 32344, DB ID: 135431)
2025-12-28 12:25:03,039 - DEBUG - Upserted modifier: Taboulé (V1 ID: 32345, DB ID: 135432)
2025-12-28 12:25:03,479 - DEBUG - Upserted modifier: Sauce à l'ail (V1 ID: 32353, DB ID: 135433)
2025-12-28 12:25:03,910 - DEBUG - Upserted modifier: Hummus (V1 ID: 37729, DB ID: 135434)
2025-12-28 12:25:04,375 - DEBUG - Upserted modifier: Sauce tahini (V1 ID: 32354, DB ID: 135435)
2025-12-28 12:25:04,805 - DEBUG - Upserted modifier: Taboulé (V1 ID: 37730, DB ID: 135436)
2025-12-28 12:25:05,254 - DEBUG - Upserted modifier: Hummus (V1 ID: 32355, DB ID: 135437)
2025-12-28 12:25:05,676 - DEBUG - Upserted modifier: Piments forts (V1 ID: 32356, DB ID: 135438)
2025-12-28 12:25:06,106 - DEBUG - Upserted modifier: Oignons (V1 ID: 32357, DB ID: 135439)
2025-12-28 12:25:06,549 - DEBUG - Upserted modifier: Bacon (V1 ID: 32685, DB ID: 135440)
2025-12-28 12:25:06,968 - DEBUG - Upserted modifier: Fromage (V1 ID: 32686, DB ID: 135441)
2025-12-28 12:25:07,398 - DEBUG - Upserted modifier: Boulettes de aides (V1 ID: 32955, DB ID: 135442)
2025-12-28 12:25:07,822 - DEBUG - Upserted modifier: Moutarde (V1 ID: 32956, DB ID: 135443)
2025-12-28 12:25:08,265 - DEBUG - Upserted modifier: Ketchup (V1 ID: 32957, DB ID: 135444)
2025-12-28 12:25:08,711 - DEBUG - Upserted modifier: Relish (V1 ID: 32958, DB ID: 135445)
2025-12-28 12:25:09,134 - DEBUG - Upserted modifier: Mayo (V1 ID: 32959, DB ID: 135446)
2025-12-28 12:25:09,716 - INFO - Inserted modifier group: Wings Sauces (ID: 2680)
2025-12-28 12:25:09,855 - DEBUG - Upserted modifier: Sauce à l'ail (V1 ID: 32346, DB ID: 135447)
2025-12-28 12:25:10,303 - DEBUG - Upserted modifier: Sauce sucrée (V1 ID: 32347, DB ID: 135448)
2025-12-28 12:25:10,792 - DEBUG - Upserted modifier: Sauce tahini (V1 ID: 32349, DB ID: 135449)
2025-12-28 12:25:11,239 - DEBUG - Upserted modifier: Hummus (V1 ID: 32350, DB ID: 135450)
2025-12-28 12:25:11,673 - DEBUG - Upserted modifier: Piments forts (V1 ID: 32351, DB ID: 135451)
2025-12-28 12:25:12,126 - DEBUG - Upserted modifier: Oignons (V1 ID: 32352, DB ID: 135452)
2025-12-28 12:25:12,583 - DEBUG - Upserted modifier: Régulier (V1 ID: 32358, DB ID: 135453)
2025-12-28 12:25:13,031 - DEBUG - Upserted modifier: Moyenne (V1 ID: 32359, DB ID: 135454)
2025-12-28 12:25:13,476 - DEBUG - Upserted modifier: Fortes (V1 ID: 32360, DB ID: 135455)
2025-12-28 12:25:13,910 - DEBUG - Upserted modifier: Miel et ail (V1 ID: 32361, DB ID: 135456)
2025-12-28 12:25:14,357 - DEBUG - Upserted modifier: Miel moutarde (V1 ID: 32362, DB ID: 135457)
2025-12-28 12:25:14,791 - DEBUG - Upserted modifier: Sauce à pizza (V1 ID: 32363, DB ID: 135458)
2025-12-28 12:25:15,231 - DEBUG - Upserted modifier: Crème sure (V1 ID: 32364, DB ID: 135459)
2025-12-28 12:25:15,662 - DEBUG - Upserted modifier: Tzatziki (V1 ID: 32365, DB ID: 135460)
2025-12-28 12:25:16,088 - DEBUG - Upserted modifier: Ail maison (V1 ID: 32673, DB ID: 135461)
2025-12-28 12:25:16,526 - DEBUG - Upserted modifier: Cheddar chipotle (V1 ID: 32672, DB ID: 135462)
2025-12-28 12:25:16,973 - DEBUG - Upserted modifier: Ranch (V1 ID: 32670, DB ID: 135463)
2025-12-28 12:25:17,413 - DEBUG - Upserted modifier: Ail cremeuse (V1 ID: 32671, DB ID: 135464)
2025-12-28 12:25:17,850 - DEBUG - Upserted modifier: Sauce sucrée (V1 ID: 49377, DB ID: 135465)
2025-12-28 12:25:18,287 - DEBUG - Upserted modifier: Sauce brune (V1 ID: 49378, DB ID: 135466)
2025-12-28 12:25:18,732 - DEBUG - Upserted modifier: Gravy (V1 ID: 49379, DB ID: 135467)
2025-12-28 12:25:19,179 - DEBUG - Upserted modifier: Sauce pizza (V1 ID: 32669, DB ID: 135468)
2025-12-28 12:25:19,639 - DEBUG - Upserted modifier: Miel et ail (V1 ID: 49380, DB ID: 135469)
2025-12-28 12:25:20,228 - INFO - Inserted modifier group: Cheese sticks and Zucchini sticks Sauces (ID: 2681)
2025-12-28 12:25:20,382 - DEBUG - Upserted modifier: Sauce à l'ail (V1 ID: 32346, DB ID: 135470)
2025-12-28 12:25:20,818 - DEBUG - Upserted modifier: Sauce sucrée (V1 ID: 32347, DB ID: 135471)
2025-12-28 12:25:21,245 - DEBUG - Upserted modifier: Sauce tahini (V1 ID: 32349, DB ID: 135472)
2025-12-28 12:25:21,680 - DEBUG - Upserted modifier: Hummus (V1 ID: 32350, DB ID: 135473)
2025-12-28 12:25:22,109 - DEBUG - Upserted modifier: Piments forts (V1 ID: 32351, DB ID: 135474)
2025-12-28 12:25:22,548 - DEBUG - Upserted modifier: Oignons (V1 ID: 32352, DB ID: 135475)
2025-12-28 12:25:23,002 - DEBUG - Upserted modifier: Régulier (V1 ID: 32358, DB ID: 135476)
2025-12-28 12:25:23,439 - DEBUG - Upserted modifier: Moyenne (V1 ID: 32359, DB ID: 135477)
2025-12-28 12:25:23,886 - DEBUG - Upserted modifier: Fortes (V1 ID: 32360, DB ID: 135478)
2025-12-28 12:25:24,326 - DEBUG - Upserted modifier: Miel et ail (V1 ID: 32361, DB ID: 135479)
2025-12-28 12:25:24,753 - DEBUG - Upserted modifier: Miel moutarde (V1 ID: 32362, DB ID: 135480)
2025-12-28 12:25:25,192 - DEBUG - Upserted modifier: Sauce à pizza (V1 ID: 32363, DB ID: 135481)
2025-12-28 12:25:25,622 - DEBUG - Upserted modifier: Crème sure (V1 ID: 32364, DB ID: 135482)
2025-12-28 12:25:26,054 - DEBUG - Upserted modifier: Tzatziki (V1 ID: 32365, DB ID: 135483)
2025-12-28 12:25:26,500 - DEBUG - Upserted modifier: Ail maison (V1 ID: 32673, DB ID: 135484)
2025-12-28 12:25:26,950 - DEBUG - Upserted modifier: Cheddar chipotle (V1 ID: 32672, DB ID: 135485)
2025-12-28 12:25:27,377 - DEBUG - Upserted modifier: Ranch (V1 ID: 32670, DB ID: 135486)
2025-12-28 12:25:27,804 - DEBUG - Upserted modifier: Ail cremeuse (V1 ID: 32671, DB ID: 135487)
2025-12-28 12:25:28,240 - DEBUG - Upserted modifier: Sauce sucrée (V1 ID: 49377, DB ID: 135488)
2025-12-28 12:25:28,681 - DEBUG - Upserted modifier: Sauce brune (V1 ID: 49378, DB ID: 135489)
2025-12-28 12:25:29,145 - DEBUG - Upserted modifier: Gravy (V1 ID: 49379, DB ID: 135490)
2025-12-28 12:25:29,618 - DEBUG - Upserted modifier: Sauce pizza (V1 ID: 32669, DB ID: 135491)
2025-12-28 12:25:30,061 - DEBUG - Upserted modifier: Miel et ail (V1 ID: 49380, DB ID: 135492)
2025-12-28 12:25:30,643 - INFO - Inserted modifier group: Dips (ID: 2682)
2025-12-28 12:25:30,785 - DEBUG - Upserted modifier: Sauce à l'ail (V1 ID: 32346, DB ID: 135493)
2025-12-28 12:25:31,211 - DEBUG - Upserted modifier: Sauce sucrée (V1 ID: 32347, DB ID: 135494)
2025-12-28 12:25:31,638 - DEBUG - Upserted modifier: Sauce tahini (V1 ID: 32349, DB ID: 135495)
2025-12-28 12:25:32,069 - DEBUG - Upserted modifier: Hummus (V1 ID: 32350, DB ID: 135496)
2025-12-28 12:25:32,500 - DEBUG - Upserted modifier: Piments forts (V1 ID: 32351, DB ID: 135497)
2025-12-28 12:25:32,921 - DEBUG - Upserted modifier: Oignons (V1 ID: 32352, DB ID: 135498)
2025-12-28 12:25:33,338 - DEBUG - Upserted modifier: Régulier (V1 ID: 32358, DB ID: 135499)
2025-12-28 12:25:33,782 - DEBUG - Upserted modifier: Moyenne (V1 ID: 32359, DB ID: 135500)
2025-12-28 12:25:34,204 - DEBUG - Upserted modifier: Fortes (V1 ID: 32360, DB ID: 135501)
2025-12-28 12:25:34,636 - DEBUG - Upserted modifier: Miel et ail (V1 ID: 32361, DB ID: 135502)
2025-12-28 12:25:35,059 - DEBUG - Upserted modifier: Miel moutarde (V1 ID: 32362, DB ID: 135503)
2025-12-28 12:25:35,491 - DEBUG - Upserted modifier: Sauce à pizza (V1 ID: 32363, DB ID: 135504)
2025-12-28 12:25:35,930 - DEBUG - Upserted modifier: Crème sure (V1 ID: 32364, DB ID: 135505)
2025-12-28 12:25:36,368 - DEBUG - Upserted modifier: Tzatziki (V1 ID: 32365, DB ID: 135506)
2025-12-28 12:25:36,796 - DEBUG - Upserted modifier: Ail maison (V1 ID: 32673, DB ID: 135507)
2025-12-28 12:25:37,216 - DEBUG - Upserted modifier: Cheddar chipotle (V1 ID: 32672, DB ID: 135508)
2025-12-28 12:25:37,647 - DEBUG - Upserted modifier: Ranch (V1 ID: 32670, DB ID: 135509)
2025-12-28 12:25:38,059 - DEBUG - Upserted modifier: Ail cremeuse (V1 ID: 32671, DB ID: 135510)
2025-12-28 12:25:38,494 - DEBUG - Upserted modifier: Sauce sucrée (V1 ID: 49377, DB ID: 135511)
2025-12-28 12:25:38,947 - DEBUG - Upserted modifier: Sauce brune (V1 ID: 49378, DB ID: 135512)
2025-12-28 12:25:39,398 - DEBUG - Upserted modifier: Gravy (V1 ID: 49379, DB ID: 135513)
2025-12-28 12:25:39,826 - DEBUG - Upserted modifier: Sauce pizza (V1 ID: 32669, DB ID: 135514)
2025-12-28 12:25:40,286 - DEBUG - Upserted modifier: Miel et ail (V1 ID: 49380, DB ID: 135515)
2025-12-28 12:25:40,863 - INFO - Inserted modifier group: Italian dishes extra toppings (ID: 2683)
2025-12-28 12:25:41,016 - DEBUG - Upserted modifier: Pepperoni (V1 ID: 32316, DB ID: 135516)
2025-12-28 12:25:41,913 - DEBUG - Upserted modifier: Champignons (V1 ID: 32317, DB ID: 135517)
2025-12-28 12:25:42,756 - DEBUG - Upserted modifier: Poivrons verts (V1 ID: 32318, DB ID: 135518)
2025-12-28 12:25:43,612 - DEBUG - Upserted modifier: Jambon (V1 ID: 32319, DB ID: 135519)
2025-12-28 12:25:44,464 - DEBUG - Upserted modifier: Ananas (V1 ID: 32320, DB ID: 135520)
2025-12-28 12:25:45,306 - DEBUG - Upserted modifier: Tomates (V1 ID: 32321, DB ID: 135521)
2025-12-28 12:25:46,159 - DEBUG - Upserted modifier: Olives (V1 ID: 32322, DB ID: 135522)
2025-12-28 12:25:47,010 - DEBUG - Upserted modifier: Oignons (V1 ID: 32323, DB ID: 135523)
2025-12-28 12:25:47,891 - DEBUG - Upserted modifier: Bacon (V1 ID: 32324, DB ID: 135524)
2025-12-28 12:25:48,756 - DEBUG - Upserted modifier: Piments forts (V1 ID: 32325, DB ID: 135525)
2025-12-28 12:25:49,611 - DEBUG - Upserted modifier: Oignons rouges (V1 ID: 32326, DB ID: 135526)
2025-12-28 12:25:50,464 - DEBUG - Upserted modifier: Origan (V1 ID: 32327, DB ID: 135527)
2025-12-28 12:25:51,333 - DEBUG - Upserted modifier: Sauce à la viande (V1 ID: 32328, DB ID: 135528)
2025-12-28 12:25:52,240 - DEBUG - Upserted modifier: Saucisses italiennes (V1 ID: 32329, DB ID: 135529)
2025-12-28 12:25:53,155 - DEBUG - Upserted modifier: Poulet (V1 ID: 32330, DB ID: 135530)
2025-12-28 12:25:54,055 - DEBUG - Upserted modifier: Fromage feta (V1 ID: 32331, DB ID: 135531)
2025-12-28 12:25:54,935 - DEBUG - Upserted modifier: Fromage additionnel (V1 ID: 32332, DB ID: 135532)
2025-12-28 12:25:55,837 - DEBUG - Upserted modifier: Sauce additionnelle (V1 ID: 32333, DB ID: 135533)
2025-12-28 12:25:56,741 - DEBUG - Upserted modifier: Fromage (V1 ID: 32334, DB ID: 135534)
2025-12-28 12:25:57,312 - DEBUG - Upserted modifier: Laitues (V1 ID: 32335, DB ID: 135535)
2025-12-28 12:25:57,886 - DEBUG - Upserted modifier: Tomates (V1 ID: 32336, DB ID: 135536)
2025-12-28 12:25:58,463 - DEBUG - Upserted modifier: Cornichons (V1 ID: 32337, DB ID: 135537)
2025-12-28 12:25:59,060 - DEBUG - Upserted modifier: Fromage (V1 ID: 32338, DB ID: 135538)
2025-12-28 12:25:59,911 - DEBUG - Upserted modifier: Sauce (V1 ID: 32339, DB ID: 135539)
2025-12-28 12:26:00,774 - DEBUG - Upserted modifier: Pepperoni (V1 ID: 32677, DB ID: 135540)
2025-12-28 12:26:01,344 - DEBUG - Upserted modifier: Champignons (V1 ID: 32678, DB ID: 135541)
2025-12-28 12:26:01,937 - DEBUG - Upserted modifier: Piments verts (V1 ID: 32679, DB ID: 135542)
2025-12-28 12:26:02,543 - DEBUG - Upserted modifier: Fromage (V1 ID: 32680, DB ID: 135543)
2025-12-28 12:26:03,113 - DEBUG - Upserted modifier: Sauce à la viande (V1 ID: 32681, DB ID: 135544)
2025-12-28 12:26:03,716 - DEBUG - Upserted modifier: Oignons (V1 ID: 32682, DB ID: 135545)
2025-12-28 12:26:04,160 - DEBUG - Upserted modifier: Cornichons (V1 ID: 32683, DB ID: 135546)
2025-12-28 12:26:04,588 - DEBUG - Upserted modifier: Relish (V1 ID: 32684, DB ID: 135547)
2025-12-28 12:26:05,159 - INFO - Inserted modifier group: Burgers free toppings (ID: 2684)
2025-12-28 12:26:05,313 - DEBUG - Upserted modifier: Pepperoni (V1 ID: 32316, DB ID: 135548)
2025-12-28 12:26:06,163 - DEBUG - Upserted modifier: Champignons (V1 ID: 32317, DB ID: 135549)
2025-12-28 12:26:07,026 - DEBUG - Upserted modifier: Poivrons verts (V1 ID: 32318, DB ID: 135550)
2025-12-28 12:26:07,926 - DEBUG - Upserted modifier: Jambon (V1 ID: 32319, DB ID: 135551)
2025-12-28 12:26:08,838 - DEBUG - Upserted modifier: Ananas (V1 ID: 32320, DB ID: 135552)
2025-12-28 12:26:09,719 - DEBUG - Upserted modifier: Tomates (V1 ID: 32321, DB ID: 135553)
2025-12-28 12:26:10,608 - DEBUG - Upserted modifier: Olives (V1 ID: 32322, DB ID: 135554)
2025-12-28 12:26:11,523 - DEBUG - Upserted modifier: Oignons (V1 ID: 32323, DB ID: 135555)
2025-12-28 12:26:12,415 - DEBUG - Upserted modifier: Bacon (V1 ID: 32324, DB ID: 135556)
2025-12-28 12:26:13,366 - DEBUG - Upserted modifier: Piments forts (V1 ID: 32325, DB ID: 135557)
2025-12-28 12:26:14,222 - DEBUG - Upserted modifier: Oignons rouges (V1 ID: 32326, DB ID: 135558)
2025-12-28 12:26:15,114 - DEBUG - Upserted modifier: Origan (V1 ID: 32327, DB ID: 135559)
2025-12-28 12:26:15,991 - DEBUG - Upserted modifier: Sauce à la viande (V1 ID: 32328, DB ID: 135560)
2025-12-28 12:26:16,838 - DEBUG - Upserted modifier: Saucisses italiennes (V1 ID: 32329, DB ID: 135561)
2025-12-28 12:26:17,713 - DEBUG - Upserted modifier: Poulet (V1 ID: 32330, DB ID: 135562)
2025-12-28 12:26:18,585 - DEBUG - Upserted modifier: Fromage feta (V1 ID: 32331, DB ID: 135563)
2025-12-28 12:26:19,453 - DEBUG - Upserted modifier: Fromage additionnel (V1 ID: 32332, DB ID: 135564)
2025-12-28 12:26:20,335 - DEBUG - Upserted modifier: Sauce additionnelle (V1 ID: 32333, DB ID: 135565)
2025-12-28 12:26:21,223 - DEBUG - Upserted modifier: Fromage (V1 ID: 32334, DB ID: 135566)
2025-12-28 12:26:21,807 - DEBUG - Upserted modifier: Laitues (V1 ID: 32335, DB ID: 135567)
2025-12-28 12:26:22,371 - DEBUG - Upserted modifier: Tomates (V1 ID: 32336, DB ID: 135568)
2025-12-28 12:26:22,933 - DEBUG - Upserted modifier: Cornichons (V1 ID: 32337, DB ID: 135569)
2025-12-28 12:26:23,534 - DEBUG - Upserted modifier: Fromage (V1 ID: 32338, DB ID: 135570)
2025-12-28 12:26:24,389 - DEBUG - Upserted modifier: Sauce (V1 ID: 32339, DB ID: 135571)
2025-12-28 12:26:25,279 - DEBUG - Upserted modifier: Pepperoni (V1 ID: 32677, DB ID: 135572)
2025-12-28 12:26:25,874 - DEBUG - Upserted modifier: Champignons (V1 ID: 32678, DB ID: 135573)
2025-12-28 12:26:26,451 - DEBUG - Upserted modifier: Piments verts (V1 ID: 32679, DB ID: 135574)
2025-12-28 12:26:27,043 - DEBUG - Upserted modifier: Fromage (V1 ID: 32680, DB ID: 135575)
2025-12-28 12:26:27,605 - DEBUG - Upserted modifier: Sauce à la viande (V1 ID: 32681, DB ID: 135576)
2025-12-28 12:26:28,183 - DEBUG - Upserted modifier: Oignons (V1 ID: 32682, DB ID: 135577)
2025-12-28 12:26:28,594 - DEBUG - Upserted modifier: Cornichons (V1 ID: 32683, DB ID: 135578)
2025-12-28 12:26:29,022 - DEBUG - Upserted modifier: Relish (V1 ID: 32684, DB ID: 135579)
2025-12-28 12:26:29,587 - INFO - Inserted modifier group: Burgers extras (ID: 2685)
2025-12-28 12:26:29,731 - DEBUG - Upserted modifier: Meat (V1 ID: 32342, DB ID: 135580)
2025-12-28 12:26:30,178 - DEBUG - Upserted modifier: Cheese (V1 ID: 32343, DB ID: 135581)
2025-12-28 12:26:30,618 - DEBUG - Upserted modifier: Hummus (V1 ID: 32344, DB ID: 135582)
2025-12-28 12:26:31,083 - DEBUG - Upserted modifier: Taboulé (V1 ID: 32345, DB ID: 135583)
2025-12-28 12:26:31,536 - DEBUG - Upserted modifier: Sauce à l'ail (V1 ID: 32353, DB ID: 135584)
2025-12-28 12:26:31,983 - DEBUG - Upserted modifier: Hummus (V1 ID: 37729, DB ID: 135585)
2025-12-28 12:26:32,400 - DEBUG - Upserted modifier: Sauce tahini (V1 ID: 32354, DB ID: 135586)
2025-12-28 12:26:32,851 - DEBUG - Upserted modifier: Taboulé (V1 ID: 37730, DB ID: 135587)
2025-12-28 12:26:33,274 - DEBUG - Upserted modifier: Hummus (V1 ID: 32355, DB ID: 135588)
2025-12-28 12:26:33,695 - DEBUG - Upserted modifier: Piments forts (V1 ID: 32356, DB ID: 135589)
2025-12-28 12:26:34,140 - DEBUG - Upserted modifier: Oignons (V1 ID: 32357, DB ID: 135590)
2025-12-28 12:26:34,580 - DEBUG - Upserted modifier: Bacon (V1 ID: 32685, DB ID: 135591)
2025-12-28 12:26:35,000 - DEBUG - Upserted modifier: Fromage (V1 ID: 32686, DB ID: 135592)
2025-12-28 12:26:35,429 - DEBUG - Upserted modifier: Boulettes de aides (V1 ID: 32955, DB ID: 135593)
2025-12-28 12:26:35,854 - DEBUG - Upserted modifier: Moutarde (V1 ID: 32956, DB ID: 135594)
2025-12-28 12:26:36,292 - DEBUG - Upserted modifier: Ketchup (V1 ID: 32957, DB ID: 135595)
2025-12-28 12:26:36,734 - DEBUG - Upserted modifier: Relish (V1 ID: 32958, DB ID: 135596)
2025-12-28 12:26:37,181 - DEBUG - Upserted modifier: Mayo (V1 ID: 32959, DB ID: 135597)
2025-12-28 12:26:37,750 - INFO - Inserted modifier group: Drinks can (ID: 2686)
2025-12-28 12:26:37,905 - DEBUG - Upserted modifier: 7 Up (V1 ID: 32687, DB ID: 135598)
2025-12-28 12:26:38,350 - DEBUG - Upserted modifier: 7 Up Diète (V1 ID: 32688, DB ID: 135599)
2025-12-28 12:26:38,788 - DEBUG - Upserted modifier: Orange Crush (V1 ID: 32689, DB ID: 135600)
2025-12-28 12:26:39,213 - DEBUG - Upserted modifier: Grape Crush (V1 ID: 32690, DB ID: 135601)
2025-12-28 12:26:39,635 - DEBUG - Upserted modifier: Soda Mousse (V1 ID: 32691, DB ID: 135602)
2025-12-28 12:26:40,081 - DEBUG - Upserted modifier: Soda au Gingembre (V1 ID: 32693, DB ID: 135603)
2025-12-28 12:26:40,541 - DEBUG - Upserted modifier: Thé Glacé (V1 ID: 32694, DB ID: 135604)
2025-12-28 12:26:40,980 - DEBUG - Upserted modifier: Pepsi (V1 ID: 32695, DB ID: 135605)
2025-12-28 12:26:41,419 - DEBUG - Upserted modifier: Pepsi Diète (V1 ID: 32696, DB ID: 135606)
2025-12-28 12:26:41,846 - DEBUG - Upserted modifier: Pepsi Max (V1 ID: 32697, DB ID: 135607)
2025-12-28 12:26:42,294 - DEBUG - Upserted modifier: Racinette (V1 ID: 32698, DB ID: 135608)
2025-12-28 12:26:42,921 - INFO - Inserted modifier group: Upgrade to poutine 4.00 (ID: 2687)
2025-12-28 12:26:43,073 - DEBUG - Upserted modifier: Pizza Fromage Grande (V1 ID: 53347, DB ID: 135609)
2025-12-28 12:26:43,515 - DEBUG - Upserted modifier: Pizza Hawaïenne Grande (V1 ID: 53349, DB ID: 135610)
2025-12-28 12:26:44,010 - DEBUG - Upserted modifier: Pizza Végétarienne Grande (V1 ID: 53350, DB ID: 135611)
2025-12-28 12:26:44,457 - DEBUG - Upserted modifier: Pizza Deluxe Grande (V1 ID: 53351, DB ID: 135612)
2025-12-28 12:26:44,930 - DEBUG - Upserted modifier: Pizza Spéciale du chef Grande (V1 ID: 53352, DB ID: 135613)
2025-12-28 12:26:45,386 - DEBUG - Upserted modifier: Pizza Mexicaine Grande (V1 ID: 53353, DB ID: 135614)
2025-12-28 12:26:45,815 - DEBUG - Upserted modifier: Pizza Grecque Grande (V1 ID: 53354, DB ID: 135615)
2025-12-28 12:26:46,237 - DEBUG - Upserted modifier: Pizza Spéciale MALO Grande (V1 ID: 53355, DB ID: 135616)
2025-12-28 12:26:46,683 - DEBUG - Upserted modifier: Pizza au Poulet Grande (V1 ID: 53356, DB ID: 135617)
2025-12-28 12:26:47,121 - DEBUG - Upserted modifier: Pizza Amateur de viandes Grande (V1 ID: 53357, DB ID: 135618)
2025-12-28 12:26:47,575 - DEBUG - Upserted modifier: Taboulé (V1 ID: 32340, DB ID: 135619)
2025-12-28 12:26:48,052 - DEBUG - Upserted modifier: Salad (V1 ID: 32341, DB ID: 135620)
2025-12-28 12:26:48,507 - DEBUG - Upserted modifier: Pizza Fromage Moyenne (V1 ID: 53336, DB ID: 135621)
2025-12-28 12:26:48,946 - DEBUG - Upserted modifier: Pizza Combinée Moyenne (V1 ID: 53337, DB ID: 135622)
2025-12-28 12:26:49,414 - DEBUG - Upserted modifier: Pizza Hawaïenne Moyenne (V1 ID: 53338, DB ID: 135623)
2025-12-28 12:26:49,883 - DEBUG - Upserted modifier: Pizza Végétarienne Moyenne (V1 ID: 53339, DB ID: 135624)
2025-12-28 12:26:50,311 - DEBUG - Upserted modifier: Pizza Deluxe Moyenne (V1 ID: 53340, DB ID: 135625)
2025-12-28 12:26:50,767 - DEBUG - Upserted modifier: Pizza Spéciale du chef Moyenne (V1 ID: 53341, DB ID: 135626)
2025-12-28 12:26:51,211 - DEBUG - Upserted modifier: Pizza Mexicaine Moyenne (V1 ID: 53342, DB ID: 135627)
2025-12-28 12:26:51,668 - DEBUG - Upserted modifier: Pizza Grecque Moyenne (V1 ID: 53343, DB ID: 135628)
2025-12-28 12:26:52,111 - DEBUG - Upserted modifier: Pizza Spéciale MALO Moyenne (V1 ID: 53344, DB ID: 135629)
2025-12-28 12:26:52,549 - DEBUG - Upserted modifier: Pizza au Poulet Moyenne (V1 ID: 53345, DB ID: 135630)
2025-12-28 12:26:53,000 - DEBUG - Upserted modifier: Pizza Amateur de viandes Moyenne (V1 ID: 53346, DB ID: 135631)
2025-12-28 12:26:53,461 - DEBUG - Upserted modifier: Frites (V1 ID: 37731, DB ID: 135632)
2025-12-28 12:26:53,906 - DEBUG - Upserted modifier: Patates à l'ail (V1 ID: 37732, DB ID: 135633)
2025-12-28 12:26:54,353 - DEBUG - Upserted modifier: Pizza Combinée Grande (V1 ID: 53348, DB ID: 135634)
2025-12-28 12:26:54,794 - DEBUG - Upserted modifier: Poutine (V1 ID: 32954, DB ID: 135635)
2025-12-28 12:26:55,381 - INFO - Inserted modifier group: Chicken Burger Extras (ID: 2688)
2025-12-28 12:26:55,537 - DEBUG - Upserted modifier: Meat (V1 ID: 32342, DB ID: 135636)
2025-12-28 12:26:55,977 - DEBUG - Upserted modifier: Cheese (V1 ID: 32343, DB ID: 135637)
2025-12-28 12:26:56,454 - DEBUG - Upserted modifier: Hummus (V1 ID: 32344, DB ID: 135638)
2025-12-28 12:26:56,901 - DEBUG - Upserted modifier: Taboulé (V1 ID: 32345, DB ID: 135639)
2025-12-28 12:26:57,349 - DEBUG - Upserted modifier: Sauce à l'ail (V1 ID: 32353, DB ID: 135640)
2025-12-28 12:26:57,832 - DEBUG - Upserted modifier: Hummus (V1 ID: 37729, DB ID: 135641)
2025-12-28 12:26:58,278 - DEBUG - Upserted modifier: Sauce tahini (V1 ID: 32354, DB ID: 135642)
2025-12-28 12:26:58,717 - DEBUG - Upserted modifier: Taboulé (V1 ID: 37730, DB ID: 135643)
2025-12-28 12:26:59,145 - DEBUG - Upserted modifier: Hummus (V1 ID: 32355, DB ID: 135644)
2025-12-28 12:26:59,604 - DEBUG - Upserted modifier: Piments forts (V1 ID: 32356, DB ID: 135645)
2025-12-28 12:27:00,045 - DEBUG - Upserted modifier: Oignons (V1 ID: 32357, DB ID: 135646)
2025-12-28 12:27:00,474 - DEBUG - Upserted modifier: Bacon (V1 ID: 32685, DB ID: 135647)
2025-12-28 12:27:00,917 - DEBUG - Upserted modifier: Fromage (V1 ID: 32686, DB ID: 135648)
2025-12-28 12:27:01,371 - DEBUG - Upserted modifier: Boulettes de aides (V1 ID: 32955, DB ID: 135649)
2025-12-28 12:27:01,815 - DEBUG - Upserted modifier: Moutarde (V1 ID: 32956, DB ID: 135650)
2025-12-28 12:27:02,253 - DEBUG - Upserted modifier: Ketchup (V1 ID: 32957, DB ID: 135651)
2025-12-28 12:27:02,704 - DEBUG - Upserted modifier: Relish (V1 ID: 32958, DB ID: 135652)
2025-12-28 12:27:03,155 - DEBUG - Upserted modifier: Mayo (V1 ID: 32959, DB ID: 135653)
2025-12-28 12:27:03,756 - INFO - Inserted modifier group: Hot Dog Extras (ID: 2689)
2025-12-28 12:27:03,900 - DEBUG - Upserted modifier: Meat (V1 ID: 32342, DB ID: 135654)
2025-12-28 12:27:04,322 - DEBUG - Upserted modifier: Cheese (V1 ID: 32343, DB ID: 135655)
2025-12-28 12:27:04,751 - DEBUG - Upserted modifier: Hummus (V1 ID: 32344, DB ID: 135656)
2025-12-28 12:27:05,192 - DEBUG - Upserted modifier: Taboulé (V1 ID: 32345, DB ID: 135657)
2025-12-28 12:27:05,628 - DEBUG - Upserted modifier: Sauce à l'ail (V1 ID: 32353, DB ID: 135658)
2025-12-28 12:27:06,066 - DEBUG - Upserted modifier: Hummus (V1 ID: 37729, DB ID: 135659)
2025-12-28 12:27:06,498 - DEBUG - Upserted modifier: Sauce tahini (V1 ID: 32354, DB ID: 135660)
2025-12-28 12:27:06,933 - DEBUG - Upserted modifier: Taboulé (V1 ID: 37730, DB ID: 135661)
2025-12-28 12:27:07,420 - DEBUG - Upserted modifier: Hummus (V1 ID: 32355, DB ID: 135662)
2025-12-28 12:27:07,844 - DEBUG - Upserted modifier: Piments forts (V1 ID: 32356, DB ID: 135663)
2025-12-28 12:27:08,286 - DEBUG - Upserted modifier: Oignons (V1 ID: 32357, DB ID: 135664)
2025-12-28 12:27:08,741 - DEBUG - Upserted modifier: Bacon (V1 ID: 32685, DB ID: 135665)
2025-12-28 12:27:09,187 - DEBUG - Upserted modifier: Fromage (V1 ID: 32686, DB ID: 135666)
2025-12-28 12:27:09,610 - DEBUG - Upserted modifier: Boulettes de aides (V1 ID: 32955, DB ID: 135667)
2025-12-28 12:27:10,053 - DEBUG - Upserted modifier: Moutarde (V1 ID: 32956, DB ID: 135668)
2025-12-28 12:27:10,501 - DEBUG - Upserted modifier: Ketchup (V1 ID: 32957, DB ID: 135669)
2025-12-28 12:27:10,987 - DEBUG - Upserted modifier: Relish (V1 ID: 32958, DB ID: 135670)
2025-12-28 12:27:11,440 - DEBUG - Upserted modifier: Mayo (V1 ID: 32959, DB ID: 135671)
2025-12-28 12:27:12,034 - INFO - Inserted modifier group: Side dish for TRIOS (ID: 2690)
2025-12-28 12:27:12,175 - DEBUG - Upserted modifier: Pizza Fromage Grande (V1 ID: 53347, DB ID: 135672)
2025-12-28 12:27:12,599 - DEBUG - Upserted modifier: Pizza Hawaïenne Grande (V1 ID: 53349, DB ID: 135673)
2025-12-28 12:27:13,043 - DEBUG - Upserted modifier: Pizza Végétarienne Grande (V1 ID: 53350, DB ID: 135674)
2025-12-28 12:27:13,451 - DEBUG - Upserted modifier: Pizza Deluxe Grande (V1 ID: 53351, DB ID: 135675)
2025-12-28 12:27:13,874 - DEBUG - Upserted modifier: Pizza Spéciale du chef Grande (V1 ID: 53352, DB ID: 135676)
2025-12-28 12:27:14,299 - DEBUG - Upserted modifier: Pizza Mexicaine Grande (V1 ID: 53353, DB ID: 135677)
2025-12-28 12:27:14,740 - DEBUG - Upserted modifier: Pizza Grecque Grande (V1 ID: 53354, DB ID: 135678)
2025-12-28 12:27:15,188 - DEBUG - Upserted modifier: Pizza Spéciale MALO Grande (V1 ID: 53355, DB ID: 135679)
2025-12-28 12:27:15,616 - DEBUG - Upserted modifier: Pizza au Poulet Grande (V1 ID: 53356, DB ID: 135680)
2025-12-28 12:27:16,054 - DEBUG - Upserted modifier: Pizza Amateur de viandes Grande (V1 ID: 53357, DB ID: 135681)
2025-12-28 12:27:16,489 - DEBUG - Upserted modifier: Taboulé (V1 ID: 32340, DB ID: 135682)
2025-12-28 12:27:16,926 - DEBUG - Upserted modifier: Salad (V1 ID: 32341, DB ID: 135683)
2025-12-28 12:27:17,366 - DEBUG - Upserted modifier: Pizza Fromage Moyenne (V1 ID: 53336, DB ID: 135684)
2025-12-28 12:27:17,824 - DEBUG - Upserted modifier: Pizza Combinée Moyenne (V1 ID: 53337, DB ID: 135685)
2025-12-28 12:27:18,282 - DEBUG - Upserted modifier: Pizza Hawaïenne Moyenne (V1 ID: 53338, DB ID: 135686)
2025-12-28 12:27:18,734 - DEBUG - Upserted modifier: Pizza Végétarienne Moyenne (V1 ID: 53339, DB ID: 135687)
2025-12-28 12:27:19,158 - DEBUG - Upserted modifier: Pizza Deluxe Moyenne (V1 ID: 53340, DB ID: 135688)
2025-12-28 12:27:19,604 - DEBUG - Upserted modifier: Pizza Spéciale du chef Moyenne (V1 ID: 53341, DB ID: 135689)
2025-12-28 12:27:20,041 - DEBUG - Upserted modifier: Pizza Mexicaine Moyenne (V1 ID: 53342, DB ID: 135690)
2025-12-28 12:27:20,491 - DEBUG - Upserted modifier: Pizza Grecque Moyenne (V1 ID: 53343, DB ID: 135691)
2025-12-28 12:27:20,918 - DEBUG - Upserted modifier: Pizza Spéciale MALO Moyenne (V1 ID: 53344, DB ID: 135692)
2025-12-28 12:27:21,396 - DEBUG - Upserted modifier: Pizza au Poulet Moyenne (V1 ID: 53345, DB ID: 135693)
2025-12-28 12:27:21,891 - DEBUG - Upserted modifier: Pizza Amateur de viandes Moyenne (V1 ID: 53346, DB ID: 135694)
2025-12-28 12:27:22,394 - DEBUG - Upserted modifier: Frites (V1 ID: 37731, DB ID: 135695)
2025-12-28 12:27:22,867 - DEBUG - Upserted modifier: Patates à l'ail (V1 ID: 37732, DB ID: 135696)
2025-12-28 12:27:23,333 - DEBUG - Upserted modifier: Pizza Combinée Grande (V1 ID: 53348, DB ID: 135697)
2025-12-28 12:27:23,797 - DEBUG - Upserted modifier: Poutine (V1 ID: 32954, DB ID: 135698)
2025-12-28 12:27:24,443 - INFO - Inserted modifier group: Medium Pizza Selection 36 Aniver (ID: 2691)
2025-12-28 12:27:24,600 - DEBUG - Upserted modifier: Pizza Fromage Grande (V1 ID: 53347, DB ID: 135699)
2025-12-28 12:27:25,066 - DEBUG - Upserted modifier: Pizza Hawaïenne Grande (V1 ID: 53349, DB ID: 135700)
2025-12-28 12:27:25,543 - DEBUG - Upserted modifier: Pizza Végétarienne Grande (V1 ID: 53350, DB ID: 135701)
2025-12-28 12:27:26,010 - DEBUG - Upserted modifier: Pizza Deluxe Grande (V1 ID: 53351, DB ID: 135702)
2025-12-28 12:27:26,493 - DEBUG - Upserted modifier: Pizza Spéciale du chef Grande (V1 ID: 53352, DB ID: 135703)
2025-12-28 12:27:26,965 - DEBUG - Upserted modifier: Pizza Mexicaine Grande (V1 ID: 53353, DB ID: 135704)
2025-12-28 12:27:27,450 - DEBUG - Upserted modifier: Pizza Grecque Grande (V1 ID: 53354, DB ID: 135705)
2025-12-28 12:27:27,899 - DEBUG - Upserted modifier: Pizza Spéciale MALO Grande (V1 ID: 53355, DB ID: 135706)
2025-12-28 12:27:28,376 - DEBUG - Upserted modifier: Pizza au Poulet Grande (V1 ID: 53356, DB ID: 135707)
2025-12-28 12:27:28,839 - DEBUG - Upserted modifier: Pizza Amateur de viandes Grande (V1 ID: 53357, DB ID: 135708)
2025-12-28 12:27:29,317 - DEBUG - Upserted modifier: Taboulé (V1 ID: 32340, DB ID: 135709)
2025-12-28 12:27:29,748 - DEBUG - Upserted modifier: Salad (V1 ID: 32341, DB ID: 135710)
2025-12-28 12:27:30,245 - DEBUG - Upserted modifier: Pizza Fromage Moyenne (V1 ID: 53336, DB ID: 135711)
2025-12-28 12:27:30,761 - DEBUG - Upserted modifier: Pizza Combinée Moyenne (V1 ID: 53337, DB ID: 135712)
2025-12-28 12:27:31,197 - DEBUG - Upserted modifier: Pizza Hawaïenne Moyenne (V1 ID: 53338, DB ID: 135713)
2025-12-28 12:27:31,694 - DEBUG - Upserted modifier: Pizza Végétarienne Moyenne (V1 ID: 53339, DB ID: 135714)
2025-12-28 12:27:32,143 - DEBUG - Upserted modifier: Pizza Deluxe Moyenne (V1 ID: 53340, DB ID: 135715)
2025-12-28 12:27:32,603 - DEBUG - Upserted modifier: Pizza Spéciale du chef Moyenne (V1 ID: 53341, DB ID: 135716)
2025-12-28 12:27:33,081 - DEBUG - Upserted modifier: Pizza Mexicaine Moyenne (V1 ID: 53342, DB ID: 135717)
2025-12-28 12:27:33,526 - DEBUG - Upserted modifier: Pizza Grecque Moyenne (V1 ID: 53343, DB ID: 135718)
2025-12-28 12:27:33,950 - DEBUG - Upserted modifier: Pizza Spéciale MALO Moyenne (V1 ID: 53344, DB ID: 135719)
2025-12-28 12:27:34,412 - DEBUG - Upserted modifier: Pizza au Poulet Moyenne (V1 ID: 53345, DB ID: 135720)
2025-12-28 12:27:34,864 - DEBUG - Upserted modifier: Pizza Amateur de viandes Moyenne (V1 ID: 53346, DB ID: 135721)
2025-12-28 12:27:35,329 - DEBUG - Upserted modifier: Frites (V1 ID: 37731, DB ID: 135722)
2025-12-28 12:27:35,778 - DEBUG - Upserted modifier: Patates à l'ail (V1 ID: 37732, DB ID: 135723)
2025-12-28 12:27:36,265 - DEBUG - Upserted modifier: Pizza Combinée Grande (V1 ID: 53348, DB ID: 135724)
2025-12-28 12:27:36,737 - DEBUG - Upserted modifier: Poutine (V1 ID: 32954, DB ID: 135725)
2025-12-28 12:27:37,359 - INFO - Inserted modifier group: Large Pizza Selection 36 Aniver (ID: 2692)
2025-12-28 12:27:37,512 - DEBUG - Upserted modifier: Pizza Fromage Grande (V1 ID: 53347, DB ID: 135726)
2025-12-28 12:27:38,007 - DEBUG - Upserted modifier: Pizza Hawaïenne Grande (V1 ID: 53349, DB ID: 135727)
2025-12-28 12:27:38,477 - DEBUG - Upserted modifier: Pizza Végétarienne Grande (V1 ID: 53350, DB ID: 135728)
2025-12-28 12:27:38,951 - DEBUG - Upserted modifier: Pizza Deluxe Grande (V1 ID: 53351, DB ID: 135729)
2025-12-28 12:27:39,386 - DEBUG - Upserted modifier: Pizza Spéciale du chef Grande (V1 ID: 53352, DB ID: 135730)
2025-12-28 12:27:39,881 - DEBUG - Upserted modifier: Pizza Mexicaine Grande (V1 ID: 53353, DB ID: 135731)
2025-12-28 12:27:40,330 - DEBUG - Upserted modifier: Pizza Grecque Grande (V1 ID: 53354, DB ID: 135732)
2025-12-28 12:27:40,785 - DEBUG - Upserted modifier: Pizza Spéciale MALO Grande (V1 ID: 53355, DB ID: 135733)
2025-12-28 12:27:41,237 - DEBUG - Upserted modifier: Pizza au Poulet Grande (V1 ID: 53356, DB ID: 135734)
2025-12-28 12:27:41,680 - DEBUG - Upserted modifier: Pizza Amateur de viandes Grande (V1 ID: 53357, DB ID: 135735)
2025-12-28 12:27:42,153 - DEBUG - Upserted modifier: Taboulé (V1 ID: 32340, DB ID: 135736)
2025-12-28 12:27:42,610 - DEBUG - Upserted modifier: Salad (V1 ID: 32341, DB ID: 135737)
2025-12-28 12:27:43,091 - DEBUG - Upserted modifier: Pizza Fromage Moyenne (V1 ID: 53336, DB ID: 135738)
2025-12-28 12:27:43,589 - DEBUG - Upserted modifier: Pizza Combinée Moyenne (V1 ID: 53337, DB ID: 135739)
2025-12-28 12:27:44,071 - DEBUG - Upserted modifier: Pizza Hawaïenne Moyenne (V1 ID: 53338, DB ID: 135740)
2025-12-28 12:27:44,534 - DEBUG - Upserted modifier: Pizza Végétarienne Moyenne (V1 ID: 53339, DB ID: 135741)
2025-12-28 12:27:44,969 - DEBUG - Upserted modifier: Pizza Deluxe Moyenne (V1 ID: 53340, DB ID: 135742)
2025-12-28 12:27:45,424 - DEBUG - Upserted modifier: Pizza Spéciale du chef Moyenne (V1 ID: 53341, DB ID: 135743)
2025-12-28 12:27:45,900 - DEBUG - Upserted modifier: Pizza Mexicaine Moyenne (V1 ID: 53342, DB ID: 135744)
2025-12-28 12:27:46,331 - DEBUG - Upserted modifier: Pizza Grecque Moyenne (V1 ID: 53343, DB ID: 135745)
2025-12-28 12:27:46,756 - DEBUG - Upserted modifier: Pizza Spéciale MALO Moyenne (V1 ID: 53344, DB ID: 135746)
2025-12-28 12:27:47,186 - DEBUG - Upserted modifier: Pizza au Poulet Moyenne (V1 ID: 53345, DB ID: 135747)
2025-12-28 12:27:47,635 - DEBUG - Upserted modifier: Pizza Amateur de viandes Moyenne (V1 ID: 53346, DB ID: 135748)
2025-12-28 12:27:48,110 - DEBUG - Upserted modifier: Frites (V1 ID: 37731, DB ID: 135749)
2025-12-28 12:27:48,544 - DEBUG - Upserted modifier: Patates à l'ail (V1 ID: 37732, DB ID: 135750)
2025-12-28 12:27:48,962 - DEBUG - Upserted modifier: Pizza Combinée Grande (V1 ID: 53348, DB ID: 135751)
2025-12-28 12:27:49,397 - DEBUG - Upserted modifier: Poutine (V1 ID: 32954, DB ID: 135752)
2025-12-28 12:27:49,711 - INFO -   Done: 23 groups, 555 modifiers, 1038 prices
2025-12-28 12:27:49,712 - INFO - ----------------------------------------
2025-12-28 12:27:49,712 - INFO - [17/20] Processing: Pizza Joanna
2025-12-28 12:27:49,712 - INFO - Navigating to modifier groups page: https://menuadmin.menu.ca/?p=restaurants&display=editRestaurant&restaurant=964&load=ingredientGroups&showLang=fr
2025-12-28 12:27:53,387 - DEBUG - Expanding all modifier group divs...
2025-12-28 12:27:53,910 - DEBUG - Group 9746: 2 active modifiers
2025-12-28 12:27:53,910 - DEBUG - Group 9747: 1 active modifiers
2025-12-28 12:27:53,910 - DEBUG - Group 9748: 19 active modifiers
2025-12-28 12:27:53,910 - DEBUG - Group 9749: 17 active modifiers
2025-12-28 12:27:53,910 - DEBUG - Group 9750: 2 active modifiers
2025-12-28 12:27:53,910 - DEBUG - Group 9751: 6 active modifiers
2025-12-28 12:27:53,910 - DEBUG - Group 9752: 1 active modifiers
2025-12-28 12:27:53,910 - DEBUG - Group 9753: 1 active modifiers
2025-12-28 12:27:53,910 - DEBUG - Group 9754: 5 active modifiers
2025-12-28 12:27:53,910 - DEBUG - Group 9755: 1 active modifiers
2025-12-28 12:27:53,910 - DEBUG - Group 9756: 3 active modifiers
2025-12-28 12:27:53,910 - DEBUG - Group 9757: 5 active modifiers
2025-12-28 12:27:53,910 - DEBUG - Group 9758: 3 active modifiers
2025-12-28 12:27:53,910 - DEBUG - Group 9759: 1 active modifiers
2025-12-28 12:27:53,910 - DEBUG - Group 9760: 1 active modifiers
2025-12-28 12:27:53,910 - DEBUG - Group 9761: 2 active modifiers
2025-12-28 12:27:53,910 - DEBUG - Group 9762: 4 active modifiers
2025-12-28 12:27:53,910 - DEBUG - Group 9763: 3 active modifiers
2025-12-28 12:27:53,910 - DEBUG - Group 9764: 8 active modifiers
2025-12-28 12:27:53,910 - DEBUG - Group 9765: 3 active modifiers
2025-12-28 12:27:53,910 - DEBUG - Group 9766: 2 active modifiers
2025-12-28 12:27:53,910 - DEBUG - Group 9767: 2 active modifiers
2025-12-28 12:27:53,910 - DEBUG - Group 9768: 2 active modifiers
2025-12-28 12:27:53,910 - DEBUG - Group 11506: 2 active modifiers
2025-12-28 12:27:53,940 - INFO - Processing modifier group: Crust Type (ID: 9746)
2025-12-28 12:27:53,962 - INFO -   Found 2 modifiers (2 active, 0 inactive)
2025-12-28 12:27:53,965 - INFO - Processing modifier group: Crust Type without Gluten Free (ID: 9747)
2025-12-28 12:27:53,991 - INFO -   Found 2 modifiers (1 active, 1 inactive)
2025-12-28 12:27:53,995 - INFO - Processing modifier group: Pizza Toppings (ID: 9748)
2025-12-28 12:27:54,186 - INFO -   Found 25 modifiers (19 active, 6 inactive)
2025-12-28 12:27:54,190 - INFO - Processing modifier group: Pizza Toppings without Premium (ID: 9749)
2025-12-28 12:27:54,388 - INFO -   Found 25 modifiers (17 active, 8 inactive)
2025-12-28 12:27:54,391 - INFO - Processing modifier group: Premium Toppings (ID: 9750)
2025-12-28 12:27:54,646 - INFO -   Found 25 modifiers (2 active, 23 inactive)
2025-12-28 12:27:54,649 - INFO - Processing modifier group: Dips (ID: 9751)
2025-12-28 12:27:54,811 - INFO -   Found 18 modifiers (6 active, 12 inactive)
2025-12-28 12:27:54,815 - INFO - Processing modifier group: Chicken for Salads (ID: 9752)
2025-12-28 12:27:55,002 - INFO -   Found 18 modifiers (1 active, 17 inactive)
2025-12-28 12:27:55,006 - INFO - Processing modifier group: Nachos Extra Cheese (ID: 9753)
2025-12-28 12:27:55,198 - INFO -   Found 18 modifiers (1 active, 17 inactive)
2025-12-28 12:27:55,202 - INFO - Processing modifier group: Wings Sauces (ID: 9754)
2025-12-28 12:27:55,369 - INFO -   Found 18 modifiers (5 active, 13 inactive)
2025-12-28 12:27:55,373 - INFO - Processing modifier group: Club Sandwich extra Cheese (ID: 9755)
2025-12-28 12:27:55,574 - INFO -   Found 18 modifiers (1 active, 17 inactive)
2025-12-28 12:27:55,577 - INFO - Processing modifier group: Italian Meals Extras (ID: 9756)
2025-12-28 12:27:55,756 - INFO -   Found 18 modifiers (3 active, 15 inactive)
2025-12-28 12:27:55,759 - INFO - Processing modifier group: SUBS Extras (ID: 9757)
2025-12-28 12:27:55,931 - INFO -   Found 18 modifiers (5 active, 13 inactive)
2025-12-28 12:27:55,934 - INFO - Processing modifier group: SUBS Sauces (ID: 9758)
2025-12-28 12:27:56,108 - INFO -   Found 18 modifiers (3 active, 15 inactive)
2025-12-28 12:27:56,111 - INFO - Processing modifier group: Upgrade to Poutine (ID: 9759)
2025-12-28 12:27:56,145 - INFO -   Found 3 modifiers (1 active, 2 inactive)
2025-12-28 12:27:56,149 - INFO - Processing modifier group: Extra Brochette (ID: 9760)
2025-12-28 12:27:56,340 - INFO -   Found 18 modifiers (1 active, 17 inactive)
2025-12-28 12:27:56,343 - INFO - Processing modifier group: Shawarma Extras (ID: 9761)
2025-12-28 12:27:56,522 - INFO -   Found 18 modifiers (2 active, 16 inactive)
2025-12-28 12:27:56,525 - INFO - Processing modifier group: Pitas Extras (ID: 9762)
2025-12-28 12:27:56,694 - INFO -   Found 18 modifiers (4 active, 14 inactive)
2025-12-28 12:27:56,698 - INFO - Processing modifier group: Shawarma & Donair (pita) Sauces (ID: 9763)
2025-12-28 12:27:56,877 - INFO -   Found 18 modifiers (3 active, 15 inactive)
2025-12-28 12:27:56,880 - INFO - Processing modifier group: Drinks can (ID: 9764)
2025-12-28 12:27:56,937 - INFO -   Found 8 modifiers (8 active, 0 inactive)
2025-12-28 12:27:56,941 - INFO - Processing modifier group: Burgers free ingredients (ID: 9765)
2025-12-28 12:27:57,209 - INFO -   Found 25 modifiers (3 active, 22 inactive)
2025-12-28 12:27:57,213 - INFO - Processing modifier group: Burgers extra (ID: 9766)
2025-12-28 12:27:57,396 - INFO -   Found 18 modifiers (2 active, 16 inactive)
2025-12-28 12:27:57,399 - INFO - Processing modifier group: Chicken or Beef (ID: 9767)
2025-12-28 12:27:57,666 - INFO -   Found 25 modifiers (2 active, 23 inactive)
2025-12-28 12:27:57,669 - INFO - Processing modifier group: Chicken or Filet Mignon (ID: 9768)
2025-12-28 12:27:57,924 - INFO -   Found 25 modifiers (2 active, 23 inactive)
2025-12-28 12:27:57,927 - INFO - Processing modifier group: Dips (Ail ou Cheddar) NO PRICE (ID: 11506)
2025-12-28 12:27:58,109 - INFO -   Found 18 modifiers (2 active, 16 inactive)
2025-12-28 12:27:58,110 - INFO - Total modifier groups extracted: 24
2025-12-28 12:27:58,412 - INFO - Inserted modifier group: Crust Type (ID: 2693)
2025-12-28 12:27:58,554 - DEBUG - Upserted modifier: Croûte Régulière (V1 ID: 44394, DB ID: 135753)
2025-12-28 12:27:58,990 - DEBUG - Upserted modifier: Croûte Sans Gluten (V1 ID: 44395, DB ID: 135754)
2025-12-28 12:28:00,032 - INFO - Inserted modifier group: Crust Type without Gluten Free (ID: 2694)
2025-12-28 12:28:00,190 - DEBUG - Upserted modifier: Croûte Régulière (V1 ID: 44394, DB ID: 135755)
2025-12-28 12:28:00,669 - DEBUG - Upserted modifier: Croûte Sans Gluten (V1 ID: 44395, DB ID: 135756)
2025-12-28 12:28:01,695 - INFO - Inserted modifier group: Pizza Toppings (ID: 2695)
2025-12-28 12:28:01,839 - DEBUG - Upserted modifier: Pepperoni (V1 ID: 44369, DB ID: 135757)
2025-12-28 12:28:02,766 - DEBUG - Upserted modifier: Champignons (V1 ID: 44370, DB ID: 135758)
2025-12-28 12:28:03,657 - DEBUG - Upserted modifier: Piments Verts (V1 ID: 44371, DB ID: 135759)
2025-12-28 12:28:04,537 - DEBUG - Upserted modifier: Piments Rouges (V1 ID: 44372, DB ID: 135760)
2025-12-28 12:28:05,492 - DEBUG - Upserted modifier: Oignons (V1 ID: 44373, DB ID: 135761)
2025-12-28 12:28:06,385 - DEBUG - Upserted modifier: Oignons Rouges (V1 ID: 44374, DB ID: 135762)
2025-12-28 12:28:07,297 - DEBUG - Upserted modifier: Tomates (V1 ID: 44375, DB ID: 135763)
2025-12-28 12:28:08,265 - DEBUG - Upserted modifier: Olives Vertes (V1 ID: 44376, DB ID: 135764)
2025-12-28 12:28:09,207 - DEBUG - Upserted modifier: Olives Noires (V1 ID: 44377, DB ID: 135765)
2025-12-28 12:28:10,124 - DEBUG - Upserted modifier: Broccoli (V1 ID: 44378, DB ID: 135766)
2025-12-28 12:28:11,063 - DEBUG - Upserted modifier: Piments Forts (V1 ID: 44379, DB ID: 135767)
2025-12-28 12:28:12,009 - DEBUG - Upserted modifier: Ananas (V1 ID: 44380, DB ID: 135768)
2025-12-28 12:28:12,932 - DEBUG - Upserted modifier: Bacon (V1 ID: 44381, DB ID: 135769)
2025-12-28 12:28:13,889 - DEBUG - Upserted modifier: Jambon (V1 ID: 44382, DB ID: 135770)
2025-12-28 12:28:14,812 - DEBUG - Upserted modifier: Viande Hachée (V1 ID: 44383, DB ID: 135771)
2025-12-28 12:28:15,765 - DEBUG - Upserted modifier: Saucisse Italienne (V1 ID: 44384, DB ID: 135772)
2025-12-28 12:28:16,712 - DEBUG - Upserted modifier: Sauce Forte (V1 ID: 44385, DB ID: 135773)
2025-12-28 12:28:17,658 - DEBUG - Upserted modifier: Fromage Feta (V1 ID: 44386, DB ID: 135774)
2025-12-28 12:28:18,567 - DEBUG - Upserted modifier: Extra Fromage (V1 ID: 44387, DB ID: 135775)
2025-12-28 12:28:19,534 - DEBUG - Upserted modifier: Pickles (V1 ID: 44431, DB ID: 135776)
2025-12-28 12:28:20,001 - DEBUG - Upserted modifier: Piments Forts (V1 ID: 44432, DB ID: 135777)
2025-12-28 12:28:20,469 - DEBUG - Upserted modifier: Mayonnaise (V1 ID: 44433, DB ID: 135778)
2025-12-28 12:28:20,972 - DEBUG - Upserted modifier: Poulet (V1 ID: 44434, DB ID: 135779)
2025-12-28 12:28:21,430 - DEBUG - Upserted modifier: Boeuf (V1 ID: 44435, DB ID: 135780)
2025-12-28 12:28:21,865 - DEBUG - Upserted modifier: Filet Mignon (V1 ID: 44436, DB ID: 135781)
2025-12-28 12:28:22,443 - INFO - Inserted modifier group: Pizza Toppings without Premium (ID: 2696)
2025-12-28 12:28:22,585 - DEBUG - Upserted modifier: Pepperoni (V1 ID: 44369, DB ID: 135782)
2025-12-28 12:28:23,523 - DEBUG - Upserted modifier: Champignons (V1 ID: 44370, DB ID: 135783)
2025-12-28 12:28:24,403 - DEBUG - Upserted modifier: Piments Verts (V1 ID: 44371, DB ID: 135784)
2025-12-28 12:28:25,312 - DEBUG - Upserted modifier: Piments Rouges (V1 ID: 44372, DB ID: 135785)
2025-12-28 12:28:26,258 - DEBUG - Upserted modifier: Oignons (V1 ID: 44373, DB ID: 135786)
2025-12-28 12:28:27,208 - DEBUG - Upserted modifier: Oignons Rouges (V1 ID: 44374, DB ID: 135787)
2025-12-28 12:28:28,184 - DEBUG - Upserted modifier: Tomates (V1 ID: 44375, DB ID: 135788)
2025-12-28 12:28:29,053 - DEBUG - Upserted modifier: Olives Vertes (V1 ID: 44376, DB ID: 135789)
2025-12-28 12:28:29,952 - DEBUG - Upserted modifier: Olives Noires (V1 ID: 44377, DB ID: 135790)
2025-12-28 12:28:30,814 - DEBUG - Upserted modifier: Broccoli (V1 ID: 44378, DB ID: 135791)
2025-12-28 12:28:31,736 - DEBUG - Upserted modifier: Piments Forts (V1 ID: 44379, DB ID: 135792)
2025-12-28 12:28:32,623 - DEBUG - Upserted modifier: Ananas (V1 ID: 44380, DB ID: 135793)
2025-12-28 12:28:33,602 - DEBUG - Upserted modifier: Bacon (V1 ID: 44381, DB ID: 135794)
2025-12-28 12:28:34,499 - DEBUG - Upserted modifier: Jambon (V1 ID: 44382, DB ID: 135795)
2025-12-28 12:28:35,455 - DEBUG - Upserted modifier: Viande Hachée (V1 ID: 44383, DB ID: 135796)
2025-12-28 12:28:36,335 - DEBUG - Upserted modifier: Saucisse Italienne (V1 ID: 44384, DB ID: 135797)
2025-12-28 12:28:37,295 - DEBUG - Upserted modifier: Sauce Forte (V1 ID: 44385, DB ID: 135798)
2025-12-28 12:28:38,191 - DEBUG - Upserted modifier: Fromage Feta (V1 ID: 44386, DB ID: 135799)
2025-12-28 12:28:39,082 - DEBUG - Upserted modifier: Extra Fromage (V1 ID: 44387, DB ID: 135800)
2025-12-28 12:28:40,015 - DEBUG - Upserted modifier: Pickles (V1 ID: 44431, DB ID: 135801)
2025-12-28 12:28:40,480 - DEBUG - Upserted modifier: Piments Forts (V1 ID: 44432, DB ID: 135802)
2025-12-28 12:28:40,946 - DEBUG - Upserted modifier: Mayonnaise (V1 ID: 44433, DB ID: 135803)
2025-12-28 12:28:41,376 - DEBUG - Upserted modifier: Poulet (V1 ID: 44434, DB ID: 135804)
2025-12-28 12:28:41,843 - DEBUG - Upserted modifier: Boeuf (V1 ID: 44435, DB ID: 135805)
2025-12-28 12:28:42,322 - DEBUG - Upserted modifier: Filet Mignon (V1 ID: 44436, DB ID: 135806)
2025-12-28 12:28:42,938 - INFO - Inserted modifier group: Premium Toppings (ID: 2697)
2025-12-28 12:28:43,078 - DEBUG - Upserted modifier: Pepperoni (V1 ID: 44369, DB ID: 135807)
2025-12-28 12:28:44,280 - DEBUG - Upserted modifier: Champignons (V1 ID: 44370, DB ID: 135808)
2025-12-28 12:28:45,834 - DEBUG - Upserted modifier: Piments Verts (V1 ID: 44371, DB ID: 135809)
2025-12-28 12:28:47,453 - DEBUG - Upserted modifier: Piments Rouges (V1 ID: 44372, DB ID: 135810)
2025-12-28 12:28:48,472 - DEBUG - Upserted modifier: Oignons (V1 ID: 44373, DB ID: 135811)
2025-12-28 12:28:49,370 - DEBUG - Upserted modifier: Oignons Rouges (V1 ID: 44374, DB ID: 135812)
2025-12-28 12:28:50,273 - DEBUG - Upserted modifier: Tomates (V1 ID: 44375, DB ID: 135813)
2025-12-28 12:28:51,187 - DEBUG - Upserted modifier: Olives Vertes (V1 ID: 44376, DB ID: 135814)
2025-12-28 12:28:52,086 - DEBUG - Upserted modifier: Olives Noires (V1 ID: 44377, DB ID: 135815)
2025-12-28 12:28:53,046 - DEBUG - Upserted modifier: Broccoli (V1 ID: 44378, DB ID: 135816)
2025-12-28 12:28:53,981 - DEBUG - Upserted modifier: Piments Forts (V1 ID: 44379, DB ID: 135817)
2025-12-28 12:28:54,950 - DEBUG - Upserted modifier: Ananas (V1 ID: 44380, DB ID: 135818)
2025-12-28 12:28:55,903 - DEBUG - Upserted modifier: Bacon (V1 ID: 44381, DB ID: 135819)
2025-12-28 12:28:56,805 - DEBUG - Upserted modifier: Jambon (V1 ID: 44382, DB ID: 135820)
2025-12-28 12:28:57,738 - DEBUG - Upserted modifier: Viande Hachée (V1 ID: 44383, DB ID: 135821)
2025-12-28 12:28:58,655 - DEBUG - Upserted modifier: Saucisse Italienne (V1 ID: 44384, DB ID: 135822)
2025-12-28 12:28:59,561 - DEBUG - Upserted modifier: Sauce Forte (V1 ID: 44385, DB ID: 135823)
2025-12-28 12:29:00,465 - DEBUG - Upserted modifier: Fromage Feta (V1 ID: 44386, DB ID: 135824)
2025-12-28 12:29:01,367 - DEBUG - Upserted modifier: Extra Fromage (V1 ID: 44387, DB ID: 135825)
2025-12-28 12:29:02,300 - DEBUG - Upserted modifier: Pickles (V1 ID: 44431, DB ID: 135826)
2025-12-28 12:29:02,749 - DEBUG - Upserted modifier: Piments Forts (V1 ID: 44432, DB ID: 135827)
2025-12-28 12:29:03,211 - DEBUG - Upserted modifier: Mayonnaise (V1 ID: 44433, DB ID: 135828)
2025-12-28 12:29:03,669 - DEBUG - Upserted modifier: Poulet (V1 ID: 44434, DB ID: 135829)
2025-12-28 12:29:04,138 - DEBUG - Upserted modifier: Boeuf (V1 ID: 44435, DB ID: 135830)
2025-12-28 12:29:04,620 - DEBUG - Upserted modifier: Filet Mignon (V1 ID: 44436, DB ID: 135831)
2025-12-28 12:29:05,258 - INFO - Inserted modifier group: Dips (ID: 2698)
2025-12-28 12:29:05,401 - DEBUG - Upserted modifier: Petit Ail (V1 ID: 44388, DB ID: 135832)
2025-12-28 12:29:05,863 - DEBUG - Upserted modifier: Grande Ail (V1 ID: 44389, DB ID: 135833)
2025-12-28 12:29:06,328 - DEBUG - Upserted modifier: Cheddar (V1 ID: 44390, DB ID: 135834)
2025-12-28 12:29:06,827 - DEBUG - Upserted modifier: Ranch (V1 ID: 44391, DB ID: 135835)
2025-12-28 12:29:07,300 - DEBUG - Upserted modifier: Sauce Sucré (V1 ID: 44392, DB ID: 135836)
2025-12-28 12:29:07,736 - DEBUG - Upserted modifier: Creme Sure (V1 ID: 44393, DB ID: 135837)
2025-12-28 12:29:08,210 - DEBUG - Upserted modifier: Douce (V1 ID: 44398, DB ID: 135838)
2025-12-28 12:29:08,704 - DEBUG - Upserted modifier: Moyenne (V1 ID: 44399, DB ID: 135839)
2025-12-28 12:29:09,186 - DEBUG - Upserted modifier: Forte (V1 ID: 44400, DB ID: 135840)
2025-12-28 12:29:09,634 - DEBUG - Upserted modifier: Miel et Ail (V1 ID: 44401, DB ID: 135841)
2025-12-28 12:29:10,055 - DEBUG - Upserted modifier: Crème Sûre (V1 ID: 44402, DB ID: 135842)
2025-12-28 12:29:10,481 - DEBUG - Upserted modifier: Vinaigrette Italienne (V1 ID: 44411, DB ID: 135843)
2025-12-28 12:29:10,923 - DEBUG - Upserted modifier: Mayonnaise (V1 ID: 44412, DB ID: 135844)
2025-12-28 12:29:11,364 - DEBUG - Upserted modifier: Sauce à l'ail (V1 ID: 44413, DB ID: 135845)
2025-12-28 12:29:11,799 - DEBUG - Upserted modifier: Sauce Sucrée (V1 ID: 44421, DB ID: 135846)
2025-12-28 12:29:12,218 - DEBUG - Upserted modifier: Hummus (V1 ID: 44422, DB ID: 135847)
2025-12-28 12:29:12,646 - DEBUG - Upserted modifier: Ail (V1 ID: 53418, DB ID: 135848)
2025-12-28 12:29:13,086 - DEBUG - Upserted modifier: Cheddar (V1 ID: 53419, DB ID: 135849)
2025-12-28 12:29:13,653 - INFO - Inserted modifier group: Chicken for Salads (ID: 2699)
2025-12-28 12:29:13,810 - DEBUG - Upserted modifier: Fromage (V1 ID: 50691, DB ID: 135850)
2025-12-28 12:29:14,274 - DEBUG - Upserted modifier: Poulet (V1 ID: 44396, DB ID: 135851)
2025-12-28 12:29:14,733 - DEBUG - Upserted modifier: Fromage (V1 ID: 44397, DB ID: 135852)
2025-12-28 12:29:15,181 - DEBUG - Upserted modifier: Fromage (V1 ID: 44403, DB ID: 135853)
2025-12-28 12:29:15,611 - DEBUG - Upserted modifier: Fromage (V1 ID: 44404, DB ID: 135854)
2025-12-28 12:29:16,047 - DEBUG - Upserted modifier: Pepperoni (V1 ID: 44405, DB ID: 135855)
2025-12-28 12:29:16,489 - DEBUG - Upserted modifier: Pain à l’ail (V1 ID: 44406, DB ID: 135856)
2025-12-28 12:29:16,915 - DEBUG - Upserted modifier: Pepperoni (V1 ID: 44407, DB ID: 135857)
2025-12-28 12:29:17,346 - DEBUG - Upserted modifier: Bacon (V1 ID: 44408, DB ID: 135858)
2025-12-28 12:29:17,782 - DEBUG - Upserted modifier: Poulet (V1 ID: 44409, DB ID: 135859)
2025-12-28 12:29:18,232 - DEBUG - Upserted modifier: Steak (V1 ID: 44410, DB ID: 135860)
2025-12-28 12:29:18,652 - DEBUG - Upserted modifier: Extra Brochette (V1 ID: 44415, DB ID: 135861)
2025-12-28 12:29:19,103 - DEBUG - Upserted modifier: Pita (V1 ID: 44416, DB ID: 135862)
2025-12-28 12:29:19,534 - DEBUG - Upserted modifier: Viande (V1 ID: 44417, DB ID: 135863)
2025-12-28 12:29:19,974 - DEBUG - Upserted modifier: Bacon (V1 ID: 44418, DB ID: 135864)
2025-12-28 12:29:20,451 - DEBUG - Upserted modifier: Poulet (V1 ID: 44419, DB ID: 135865)
2025-12-28 12:29:20,939 - DEBUG - Upserted modifier: Boeuf (V1 ID: 44420, DB ID: 135866)
2025-12-28 12:29:21,411 - DEBUG - Upserted modifier: Fromage (V1 ID: 47026, DB ID: 135867)
2025-12-28 12:29:22,033 - INFO - Inserted modifier group: Nachos Extra Cheese (ID: 2700)
2025-12-28 12:29:22,174 - DEBUG - Upserted modifier: Fromage (V1 ID: 50691, DB ID: 135868)
2025-12-28 12:29:22,657 - DEBUG - Upserted modifier: Poulet (V1 ID: 44396, DB ID: 135869)
2025-12-28 12:29:23,124 - DEBUG - Upserted modifier: Fromage (V1 ID: 44397, DB ID: 135870)
2025-12-28 12:29:23,573 - DEBUG - Upserted modifier: Fromage (V1 ID: 44403, DB ID: 135871)
2025-12-28 12:29:24,014 - DEBUG - Upserted modifier: Fromage (V1 ID: 44404, DB ID: 135872)
2025-12-28 12:29:24,455 - DEBUG - Upserted modifier: Pepperoni (V1 ID: 44405, DB ID: 135873)
2025-12-28 12:29:24,877 - DEBUG - Upserted modifier: Pain à l’ail (V1 ID: 44406, DB ID: 135874)
2025-12-28 12:29:25,316 - DEBUG - Upserted modifier: Pepperoni (V1 ID: 44407, DB ID: 135875)
2025-12-28 12:29:25,751 - DEBUG - Upserted modifier: Bacon (V1 ID: 44408, DB ID: 135876)
2025-12-28 12:29:26,231 - DEBUG - Upserted modifier: Poulet (V1 ID: 44409, DB ID: 135877)
2025-12-28 12:29:26,678 - DEBUG - Upserted modifier: Steak (V1 ID: 44410, DB ID: 135878)
2025-12-28 12:29:27,132 - DEBUG - Upserted modifier: Extra Brochette (V1 ID: 44415, DB ID: 135879)
2025-12-28 12:29:27,615 - DEBUG - Upserted modifier: Pita (V1 ID: 44416, DB ID: 135880)
2025-12-28 12:29:28,092 - DEBUG - Upserted modifier: Viande (V1 ID: 44417, DB ID: 135881)
2025-12-28 12:29:28,559 - DEBUG - Upserted modifier: Bacon (V1 ID: 44418, DB ID: 135882)
2025-12-28 12:29:29,019 - DEBUG - Upserted modifier: Poulet (V1 ID: 44419, DB ID: 135883)
2025-12-28 12:29:29,503 - DEBUG - Upserted modifier: Boeuf (V1 ID: 44420, DB ID: 135884)
2025-12-28 12:29:29,939 - DEBUG - Upserted modifier: Fromage (V1 ID: 47026, DB ID: 135885)
2025-12-28 12:29:30,507 - INFO - Inserted modifier group: Wings Sauces (ID: 2701)
2025-12-28 12:29:30,660 - DEBUG - Upserted modifier: Petit Ail (V1 ID: 44388, DB ID: 135886)
2025-12-28 12:29:31,087 - DEBUG - Upserted modifier: Grande Ail (V1 ID: 44389, DB ID: 135887)
2025-12-28 12:29:31,503 - DEBUG - Upserted modifier: Cheddar (V1 ID: 44390, DB ID: 135888)
2025-12-28 12:29:31,931 - DEBUG - Upserted modifier: Ranch (V1 ID: 44391, DB ID: 135889)
2025-12-28 12:29:32,378 - DEBUG - Upserted modifier: Sauce Sucré (V1 ID: 44392, DB ID: 135890)
2025-12-28 12:29:32,805 - DEBUG - Upserted modifier: Creme Sure (V1 ID: 44393, DB ID: 135891)
2025-12-28 12:29:33,267 - DEBUG - Upserted modifier: Douce (V1 ID: 44398, DB ID: 135892)
2025-12-28 12:29:33,696 - DEBUG - Upserted modifier: Moyenne (V1 ID: 44399, DB ID: 135893)
2025-12-28 12:29:34,128 - DEBUG - Upserted modifier: Forte (V1 ID: 44400, DB ID: 135894)
2025-12-28 12:29:34,546 - DEBUG - Upserted modifier: Miel et Ail (V1 ID: 44401, DB ID: 135895)
2025-12-28 12:29:34,971 - DEBUG - Upserted modifier: Crème Sûre (V1 ID: 44402, DB ID: 135896)
2025-12-28 12:29:35,402 - DEBUG - Upserted modifier: Vinaigrette Italienne (V1 ID: 44411, DB ID: 135897)
2025-12-28 12:29:35,866 - DEBUG - Upserted modifier: Mayonnaise (V1 ID: 44412, DB ID: 135898)
2025-12-28 12:29:36,287 - DEBUG - Upserted modifier: Sauce à l'ail (V1 ID: 44413, DB ID: 135899)
2025-12-28 12:29:36,726 - DEBUG - Upserted modifier: Sauce Sucrée (V1 ID: 44421, DB ID: 135900)
2025-12-28 12:29:37,182 - DEBUG - Upserted modifier: Hummus (V1 ID: 44422, DB ID: 135901)
2025-12-28 12:29:37,635 - DEBUG - Upserted modifier: Ail (V1 ID: 53418, DB ID: 135902)
2025-12-28 12:29:38,089 - DEBUG - Upserted modifier: Cheddar (V1 ID: 53419, DB ID: 135903)
2025-12-28 12:29:38,704 - INFO - Inserted modifier group: Club Sandwich extra Cheese (ID: 2702)
2025-12-28 12:29:38,870 - DEBUG - Upserted modifier: Fromage (V1 ID: 50691, DB ID: 135904)
2025-12-28 12:29:39,329 - DEBUG - Upserted modifier: Poulet (V1 ID: 44396, DB ID: 135905)
2025-12-28 12:29:39,804 - DEBUG - Upserted modifier: Fromage (V1 ID: 44397, DB ID: 135906)
2025-12-28 12:29:40,234 - DEBUG - Upserted modifier: Fromage (V1 ID: 44403, DB ID: 135907)
2025-12-28 12:29:40,654 - DEBUG - Upserted modifier: Fromage (V1 ID: 44404, DB ID: 135908)
2025-12-28 12:29:41,089 - DEBUG - Upserted modifier: Pepperoni (V1 ID: 44405, DB ID: 135909)
2025-12-28 12:29:41,540 - DEBUG - Upserted modifier: Pain à l’ail (V1 ID: 44406, DB ID: 135910)
2025-12-28 12:29:41,972 - DEBUG - Upserted modifier: Pepperoni (V1 ID: 44407, DB ID: 135911)
2025-12-28 12:29:42,395 - DEBUG - Upserted modifier: Bacon (V1 ID: 44408, DB ID: 135912)
2025-12-28 12:29:42,827 - DEBUG - Upserted modifier: Poulet (V1 ID: 44409, DB ID: 135913)
2025-12-28 12:29:43,267 - DEBUG - Upserted modifier: Steak (V1 ID: 44410, DB ID: 135914)
2025-12-28 12:29:43,688 - DEBUG - Upserted modifier: Extra Brochette (V1 ID: 44415, DB ID: 135915)
2025-12-28 12:29:44,186 - DEBUG - Upserted modifier: Pita (V1 ID: 44416, DB ID: 135916)
2025-12-28 12:29:44,660 - DEBUG - Upserted modifier: Viande (V1 ID: 44417, DB ID: 135917)
2025-12-28 12:29:45,142 - DEBUG - Upserted modifier: Bacon (V1 ID: 44418, DB ID: 135918)
2025-12-28 12:29:45,608 - DEBUG - Upserted modifier: Poulet (V1 ID: 44419, DB ID: 135919)
2025-12-28 12:29:46,076 - DEBUG - Upserted modifier: Boeuf (V1 ID: 44420, DB ID: 135920)
2025-12-28 12:29:46,555 - DEBUG - Upserted modifier: Fromage (V1 ID: 47026, DB ID: 135921)
2025-12-28 12:29:47,212 - INFO - Inserted modifier group: Italian Meals Extras (ID: 2703)
2025-12-28 12:29:47,382 - DEBUG - Upserted modifier: Fromage (V1 ID: 50691, DB ID: 135922)
2025-12-28 12:29:47,846 - DEBUG - Upserted modifier: Poulet (V1 ID: 44396, DB ID: 135923)
2025-12-28 12:29:48,314 - DEBUG - Upserted modifier: Fromage (V1 ID: 44397, DB ID: 135924)
2025-12-28 12:29:48,776 - DEBUG - Upserted modifier: Fromage (V1 ID: 44403, DB ID: 135925)
2025-12-28 12:29:49,261 - DEBUG - Upserted modifier: Fromage (V1 ID: 44404, DB ID: 135926)
2025-12-28 12:29:49,734 - DEBUG - Upserted modifier: Pepperoni (V1 ID: 44405, DB ID: 135927)
2025-12-28 12:29:50,182 - DEBUG - Upserted modifier: Pain à l’ail (V1 ID: 44406, DB ID: 135928)
2025-12-28 12:29:50,647 - DEBUG - Upserted modifier: Pepperoni (V1 ID: 44407, DB ID: 135929)
2025-12-28 12:29:51,084 - DEBUG - Upserted modifier: Bacon (V1 ID: 44408, DB ID: 135930)
2025-12-28 12:29:51,518 - DEBUG - Upserted modifier: Poulet (V1 ID: 44409, DB ID: 135931)
2025-12-28 12:29:51,938 - DEBUG - Upserted modifier: Steak (V1 ID: 44410, DB ID: 135932)
2025-12-28 12:29:52,371 - DEBUG - Upserted modifier: Extra Brochette (V1 ID: 44415, DB ID: 135933)
2025-12-28 12:29:52,811 - DEBUG - Upserted modifier: Pita (V1 ID: 44416, DB ID: 135934)
2025-12-28 12:29:53,256 - DEBUG - Upserted modifier: Viande (V1 ID: 44417, DB ID: 135935)
2025-12-28 12:29:53,695 - DEBUG - Upserted modifier: Bacon (V1 ID: 44418, DB ID: 135936)
2025-12-28 12:29:54,180 - DEBUG - Upserted modifier: Poulet (V1 ID: 44419, DB ID: 135937)
2025-12-28 12:29:54,617 - DEBUG - Upserted modifier: Boeuf (V1 ID: 44420, DB ID: 135938)
2025-12-28 12:29:55,052 - DEBUG - Upserted modifier: Fromage (V1 ID: 47026, DB ID: 135939)
2025-12-28 12:29:55,643 - INFO - Inserted modifier group: SUBS Extras (ID: 2704)
2025-12-28 12:29:55,786 - DEBUG - Upserted modifier: Fromage (V1 ID: 50691, DB ID: 135940)
2025-12-28 12:29:56,229 - DEBUG - Upserted modifier: Poulet (V1 ID: 44396, DB ID: 135941)
2025-12-28 12:29:56,667 - DEBUG - Upserted modifier: Fromage (V1 ID: 44397, DB ID: 135942)
2025-12-28 12:29:57,098 - DEBUG - Upserted modifier: Fromage (V1 ID: 44403, DB ID: 135943)
2025-12-28 12:29:57,527 - DEBUG - Upserted modifier: Fromage (V1 ID: 44404, DB ID: 135944)
2025-12-28 12:29:57,985 - DEBUG - Upserted modifier: Pepperoni (V1 ID: 44405, DB ID: 135945)
2025-12-28 12:29:58,445 - DEBUG - Upserted modifier: Pain à l’ail (V1 ID: 44406, DB ID: 135946)
2025-12-28 12:29:58,894 - DEBUG - Upserted modifier: Pepperoni (V1 ID: 44407, DB ID: 135947)
2025-12-28 12:29:59,373 - DEBUG - Upserted modifier: Bacon (V1 ID: 44408, DB ID: 135948)
2025-12-28 12:29:59,818 - DEBUG - Upserted modifier: Poulet (V1 ID: 44409, DB ID: 135949)
2025-12-28 12:30:00,318 - DEBUG - Upserted modifier: Steak (V1 ID: 44410, DB ID: 135950)
2025-12-28 12:30:00,770 - DEBUG - Upserted modifier: Extra Brochette (V1 ID: 44415, DB ID: 135951)
2025-12-28 12:30:01,246 - DEBUG - Upserted modifier: Pita (V1 ID: 44416, DB ID: 135952)
2025-12-28 12:30:01,666 - DEBUG - Upserted modifier: Viande (V1 ID: 44417, DB ID: 135953)
2025-12-28 12:30:02,136 - DEBUG - Upserted modifier: Bacon (V1 ID: 44418, DB ID: 135954)
2025-12-28 12:30:02,594 - DEBUG - Upserted modifier: Poulet (V1 ID: 44419, DB ID: 135955)
2025-12-28 12:30:03,039 - DEBUG - Upserted modifier: Boeuf (V1 ID: 44420, DB ID: 135956)
2025-12-28 12:30:03,537 - DEBUG - Upserted modifier: Fromage (V1 ID: 47026, DB ID: 135957)
2025-12-28 12:30:04,150 - INFO - Inserted modifier group: SUBS Sauces (ID: 2705)
2025-12-28 12:30:04,320 - DEBUG - Upserted modifier: Petit Ail (V1 ID: 44388, DB ID: 135958)
2025-12-28 12:30:04,757 - DEBUG - Upserted modifier: Grande Ail (V1 ID: 44389, DB ID: 135959)
2025-12-28 12:30:05,193 - DEBUG - Upserted modifier: Cheddar (V1 ID: 44390, DB ID: 135960)
2025-12-28 12:30:05,632 - DEBUG - Upserted modifier: Ranch (V1 ID: 44391, DB ID: 135961)
2025-12-28 12:30:06,133 - DEBUG - Upserted modifier: Sauce Sucré (V1 ID: 44392, DB ID: 135962)
2025-12-28 12:30:06,595 - DEBUG - Upserted modifier: Creme Sure (V1 ID: 44393, DB ID: 135963)
2025-12-28 12:30:07,011 - DEBUG - Upserted modifier: Douce (V1 ID: 44398, DB ID: 135964)
2025-12-28 12:30:07,457 - DEBUG - Upserted modifier: Moyenne (V1 ID: 44399, DB ID: 135965)
2025-12-28 12:30:07,886 - DEBUG - Upserted modifier: Forte (V1 ID: 44400, DB ID: 135966)
2025-12-28 12:30:08,331 - DEBUG - Upserted modifier: Miel et Ail (V1 ID: 44401, DB ID: 135967)
2025-12-28 12:30:08,795 - DEBUG - Upserted modifier: Crème Sûre (V1 ID: 44402, DB ID: 135968)
2025-12-28 12:30:09,281 - DEBUG - Upserted modifier: Vinaigrette Italienne (V1 ID: 44411, DB ID: 135969)
2025-12-28 12:30:09,745 - DEBUG - Upserted modifier: Mayonnaise (V1 ID: 44412, DB ID: 135970)
2025-12-28 12:30:10,233 - DEBUG - Upserted modifier: Sauce à l'ail (V1 ID: 44413, DB ID: 135971)
2025-12-28 12:30:10,702 - DEBUG - Upserted modifier: Sauce Sucrée (V1 ID: 44421, DB ID: 135972)
2025-12-28 12:30:11,152 - DEBUG - Upserted modifier: Hummus (V1 ID: 44422, DB ID: 135973)
2025-12-28 12:30:11,670 - DEBUG - Upserted modifier: Ail (V1 ID: 53418, DB ID: 135974)
2025-12-28 12:30:12,138 - DEBUG - Upserted modifier: Cheddar (V1 ID: 53419, DB ID: 135975)
2025-12-28 12:30:12,787 - INFO - Inserted modifier group: Upgrade to Poutine (ID: 2706)
2025-12-28 12:30:12,940 - DEBUG - Upserted modifier: poutine (V1 ID: 50690, DB ID: 135976)
2025-12-28 12:30:13,426 - DEBUG - Upserted modifier: Poutine (V1 ID: 44414, DB ID: 135977)
2025-12-28 12:30:13,891 - DEBUG - Upserted modifier: Poutine (V1 ID: 53420, DB ID: 135978)
2025-12-28 12:30:14,461 - INFO - Inserted modifier group: Extra Brochette (ID: 2707)
2025-12-28 12:30:14,603 - DEBUG - Upserted modifier: Fromage (V1 ID: 50691, DB ID: 135979)
2025-12-28 12:30:15,030 - DEBUG - Upserted modifier: Poulet (V1 ID: 44396, DB ID: 135980)
2025-12-28 12:30:15,452 - DEBUG - Upserted modifier: Fromage (V1 ID: 44397, DB ID: 135981)
2025-12-28 12:30:15,873 - DEBUG - Upserted modifier: Fromage (V1 ID: 44403, DB ID: 135982)
2025-12-28 12:30:16,308 - DEBUG - Upserted modifier: Fromage (V1 ID: 44404, DB ID: 135983)
2025-12-28 12:30:16,742 - DEBUG - Upserted modifier: Pepperoni (V1 ID: 44405, DB ID: 135984)
2025-12-28 12:30:17,171 - DEBUG - Upserted modifier: Pain à l’ail (V1 ID: 44406, DB ID: 135985)
2025-12-28 12:30:17,608 - DEBUG - Upserted modifier: Pepperoni (V1 ID: 44407, DB ID: 135986)
2025-12-28 12:30:18,056 - DEBUG - Upserted modifier: Bacon (V1 ID: 44408, DB ID: 135987)
2025-12-28 12:30:18,476 - DEBUG - Upserted modifier: Poulet (V1 ID: 44409, DB ID: 135988)
2025-12-28 12:30:18,899 - DEBUG - Upserted modifier: Steak (V1 ID: 44410, DB ID: 135989)
2025-12-28 12:30:19,332 - DEBUG - Upserted modifier: Extra Brochette (V1 ID: 44415, DB ID: 135990)
2025-12-28 12:30:19,749 - DEBUG - Upserted modifier: Pita (V1 ID: 44416, DB ID: 135991)
2025-12-28 12:30:20,177 - DEBUG - Upserted modifier: Viande (V1 ID: 44417, DB ID: 135992)
2025-12-28 12:30:20,626 - DEBUG - Upserted modifier: Bacon (V1 ID: 44418, DB ID: 135993)
2025-12-28 12:30:21,108 - DEBUG - Upserted modifier: Poulet (V1 ID: 44419, DB ID: 135994)
2025-12-28 12:30:21,562 - DEBUG - Upserted modifier: Boeuf (V1 ID: 44420, DB ID: 135995)
2025-12-28 12:30:21,976 - DEBUG - Upserted modifier: Fromage (V1 ID: 47026, DB ID: 135996)
2025-12-28 12:30:22,561 - INFO - Inserted modifier group: Shawarma Extras (ID: 2708)
2025-12-28 12:30:22,712 - DEBUG - Upserted modifier: Fromage (V1 ID: 50691, DB ID: 135997)
2025-12-28 12:30:23,183 - DEBUG - Upserted modifier: Poulet (V1 ID: 44396, DB ID: 135998)
2025-12-28 12:30:23,682 - DEBUG - Upserted modifier: Fromage (V1 ID: 44397, DB ID: 135999)
2025-12-28 12:30:24,138 - DEBUG - Upserted modifier: Fromage (V1 ID: 44403, DB ID: 136000)
2025-12-28 12:30:24,566 - DEBUG - Upserted modifier: Fromage (V1 ID: 44404, DB ID: 136001)
2025-12-28 12:30:25,005 - DEBUG - Upserted modifier: Pepperoni (V1 ID: 44405, DB ID: 136002)
2025-12-28 12:30:25,438 - DEBUG - Upserted modifier: Pain à l’ail (V1 ID: 44406, DB ID: 136003)
2025-12-28 12:30:25,925 - DEBUG - Upserted modifier: Pepperoni (V1 ID: 44407, DB ID: 136004)
2025-12-28 12:30:26,404 - DEBUG - Upserted modifier: Bacon (V1 ID: 44408, DB ID: 136005)
2025-12-28 12:30:26,879 - DEBUG - Upserted modifier: Poulet (V1 ID: 44409, DB ID: 136006)
2025-12-28 12:30:27,339 - DEBUG - Upserted modifier: Steak (V1 ID: 44410, DB ID: 136007)
2025-12-28 12:30:27,813 - DEBUG - Upserted modifier: Extra Brochette (V1 ID: 44415, DB ID: 136008)
2025-12-28 12:30:28,325 - DEBUG - Upserted modifier: Pita (V1 ID: 44416, DB ID: 136009)
2025-12-28 12:30:28,785 - DEBUG - Upserted modifier: Viande (V1 ID: 44417, DB ID: 136010)
2025-12-28 12:30:29,246 - DEBUG - Upserted modifier: Bacon (V1 ID: 44418, DB ID: 136011)
2025-12-28 12:30:29,704 - DEBUG - Upserted modifier: Poulet (V1 ID: 44419, DB ID: 136012)
2025-12-28 12:30:30,152 - DEBUG - Upserted modifier: Boeuf (V1 ID: 44420, DB ID: 136013)
2025-12-28 12:30:30,603 - DEBUG - Upserted modifier: Fromage (V1 ID: 47026, DB ID: 136014)
2025-12-28 12:30:31,183 - INFO - Inserted modifier group: Pitas Extras (ID: 2709)
2025-12-28 12:30:31,331 - DEBUG - Upserted modifier: Fromage (V1 ID: 50691, DB ID: 136015)
2025-12-28 12:30:31,760 - DEBUG - Upserted modifier: Poulet (V1 ID: 44396, DB ID: 136016)
2025-12-28 12:30:32,181 - DEBUG - Upserted modifier: Fromage (V1 ID: 44397, DB ID: 136017)
2025-12-28 12:30:32,649 - DEBUG - Upserted modifier: Fromage (V1 ID: 44403, DB ID: 136018)
2025-12-28 12:30:33,091 - DEBUG - Upserted modifier: Fromage (V1 ID: 44404, DB ID: 136019)
2025-12-28 12:30:33,528 - DEBUG - Upserted modifier: Pepperoni (V1 ID: 44405, DB ID: 136020)
2025-12-28 12:30:33,952 - DEBUG - Upserted modifier: Pain à l’ail (V1 ID: 44406, DB ID: 136021)
2025-12-28 12:30:34,421 - DEBUG - Upserted modifier: Pepperoni (V1 ID: 44407, DB ID: 136022)
2025-12-28 12:30:34,875 - DEBUG - Upserted modifier: Bacon (V1 ID: 44408, DB ID: 136023)
2025-12-28 12:30:35,333 - DEBUG - Upserted modifier: Poulet (V1 ID: 44409, DB ID: 136024)
2025-12-28 12:30:35,825 - DEBUG - Upserted modifier: Steak (V1 ID: 44410, DB ID: 136025)
2025-12-28 12:30:36,323 - DEBUG - Upserted modifier: Extra Brochette (V1 ID: 44415, DB ID: 136026)
2025-12-28 12:30:36,790 - DEBUG - Upserted modifier: Pita (V1 ID: 44416, DB ID: 136027)
2025-12-28 12:30:37,246 - DEBUG - Upserted modifier: Viande (V1 ID: 44417, DB ID: 136028)
2025-12-28 12:30:37,665 - DEBUG - Upserted modifier: Bacon (V1 ID: 44418, DB ID: 136029)
2025-12-28 12:30:38,085 - DEBUG - Upserted modifier: Poulet (V1 ID: 44419, DB ID: 136030)
2025-12-28 12:30:38,528 - DEBUG - Upserted modifier: Boeuf (V1 ID: 44420, DB ID: 136031)
2025-12-28 12:30:38,979 - DEBUG - Upserted modifier: Fromage (V1 ID: 47026, DB ID: 136032)
2025-12-28 12:30:39,576 - INFO - Inserted modifier group: Shawarma & Donair (pita) Sauces (ID: 2710)
2025-12-28 12:30:39,718 - DEBUG - Upserted modifier: Petit Ail (V1 ID: 44388, DB ID: 136033)
2025-12-28 12:30:40,149 - DEBUG - Upserted modifier: Grande Ail (V1 ID: 44389, DB ID: 136034)
2025-12-28 12:30:40,586 - DEBUG - Upserted modifier: Cheddar (V1 ID: 44390, DB ID: 136035)
2025-12-28 12:30:41,033 - DEBUG - Upserted modifier: Ranch (V1 ID: 44391, DB ID: 136036)
2025-12-28 12:30:41,508 - DEBUG - Upserted modifier: Sauce Sucré (V1 ID: 44392, DB ID: 136037)
2025-12-28 12:30:41,987 - DEBUG - Upserted modifier: Creme Sure (V1 ID: 44393, DB ID: 136038)
2025-12-28 12:30:42,471 - DEBUG - Upserted modifier: Douce (V1 ID: 44398, DB ID: 136039)
2025-12-28 12:30:42,942 - DEBUG - Upserted modifier: Moyenne (V1 ID: 44399, DB ID: 136040)
2025-12-28 12:30:43,377 - DEBUG - Upserted modifier: Forte (V1 ID: 44400, DB ID: 136041)
2025-12-28 12:30:43,832 - DEBUG - Upserted modifier: Miel et Ail (V1 ID: 44401, DB ID: 136042)
2025-12-28 12:30:44,293 - DEBUG - Upserted modifier: Crème Sûre (V1 ID: 44402, DB ID: 136043)
2025-12-28 12:30:44,703 - DEBUG - Upserted modifier: Vinaigrette Italienne (V1 ID: 44411, DB ID: 136044)
2025-12-28 12:30:45,150 - DEBUG - Upserted modifier: Mayonnaise (V1 ID: 44412, DB ID: 136045)
2025-12-28 12:30:45,587 - DEBUG - Upserted modifier: Sauce à l'ail (V1 ID: 44413, DB ID: 136046)
2025-12-28 12:30:46,026 - DEBUG - Upserted modifier: Sauce Sucrée (V1 ID: 44421, DB ID: 136047)
2025-12-28 12:30:46,497 - DEBUG - Upserted modifier: Hummus (V1 ID: 44422, DB ID: 136048)
2025-12-28 12:30:46,993 - DEBUG - Upserted modifier: Ail (V1 ID: 53418, DB ID: 136049)
2025-12-28 12:30:47,486 - DEBUG - Upserted modifier: Cheddar (V1 ID: 53419, DB ID: 136050)
2025-12-28 12:30:48,110 - INFO - Inserted modifier group: Drinks can (ID: 2711)
2025-12-28 12:30:48,279 - DEBUG - Upserted modifier: Pepsi (V1 ID: 44423, DB ID: 136051)
2025-12-28 12:30:48,765 - DEBUG - Upserted modifier: Coke (V1 ID: 44424, DB ID: 136052)
2025-12-28 12:30:49,239 - DEBUG - Upserted modifier: 7 Up (V1 ID: 44425, DB ID: 136053)
2025-12-28 12:30:49,681 - DEBUG - Upserted modifier: Sprite (V1 ID: 44426, DB ID: 136054)
2025-12-28 12:30:50,115 - DEBUG - Upserted modifier: Ginger Ale (V1 ID: 44427, DB ID: 136055)
2025-12-28 12:30:50,583 - DEBUG - Upserted modifier: Crush Couleurs (V1 ID: 44428, DB ID: 136056)
2025-12-28 12:30:51,054 - DEBUG - Upserted modifier: Thé Glacé (V1 ID: 44429, DB ID: 136057)
2025-12-28 12:30:51,474 - DEBUG - Upserted modifier: Eau (500 ml) (V1 ID: 44430, DB ID: 136058)
2025-12-28 12:30:52,053 - INFO - Inserted modifier group: Burgers free ingredients (ID: 2712)
2025-12-28 12:30:52,199 - DEBUG - Upserted modifier: Pepperoni (V1 ID: 44369, DB ID: 136059)
2025-12-28 12:30:53,058 - DEBUG - Upserted modifier: Champignons (V1 ID: 44370, DB ID: 136060)
2025-12-28 12:30:53,952 - DEBUG - Upserted modifier: Piments Verts (V1 ID: 44371, DB ID: 136061)
2025-12-28 12:30:54,800 - DEBUG - Upserted modifier: Piments Rouges (V1 ID: 44372, DB ID: 136062)
2025-12-28 12:30:55,675 - DEBUG - Upserted modifier: Oignons (V1 ID: 44373, DB ID: 136063)
2025-12-28 12:30:56,605 - DEBUG - Upserted modifier: Oignons Rouges (V1 ID: 44374, DB ID: 136064)
2025-12-28 12:30:57,546 - DEBUG - Upserted modifier: Tomates (V1 ID: 44375, DB ID: 136065)
2025-12-28 12:30:58,454 - DEBUG - Upserted modifier: Olives Vertes (V1 ID: 44376, DB ID: 136066)
2025-12-28 12:30:59,396 - DEBUG - Upserted modifier: Olives Noires (V1 ID: 44377, DB ID: 136067)
2025-12-28 12:31:00,346 - DEBUG - Upserted modifier: Broccoli (V1 ID: 44378, DB ID: 136068)
2025-12-28 12:31:01,196 - DEBUG - Upserted modifier: Piments Forts (V1 ID: 44379, DB ID: 136069)
2025-12-28 12:31:02,071 - DEBUG - Upserted modifier: Ananas (V1 ID: 44380, DB ID: 136070)
2025-12-28 12:31:02,946 - DEBUG - Upserted modifier: Bacon (V1 ID: 44381, DB ID: 136071)
2025-12-28 12:31:03,833 - DEBUG - Upserted modifier: Jambon (V1 ID: 44382, DB ID: 136072)
2025-12-28 12:31:04,689 - DEBUG - Upserted modifier: Viande Hachée (V1 ID: 44383, DB ID: 136073)
2025-12-28 12:31:05,581 - DEBUG - Upserted modifier: Saucisse Italienne (V1 ID: 44384, DB ID: 136074)
2025-12-28 12:31:06,532 - DEBUG - Upserted modifier: Sauce Forte (V1 ID: 44385, DB ID: 136075)
2025-12-28 12:31:07,476 - DEBUG - Upserted modifier: Fromage Feta (V1 ID: 44386, DB ID: 136076)
2025-12-28 12:31:08,444 - DEBUG - Upserted modifier: Extra Fromage (V1 ID: 44387, DB ID: 136077)
2025-12-28 12:31:09,377 - DEBUG - Upserted modifier: Pickles (V1 ID: 44431, DB ID: 136078)
2025-12-28 12:31:09,852 - DEBUG - Upserted modifier: Piments Forts (V1 ID: 44432, DB ID: 136079)
2025-12-28 12:31:10,316 - DEBUG - Upserted modifier: Mayonnaise (V1 ID: 44433, DB ID: 136080)
2025-12-28 12:31:10,773 - DEBUG - Upserted modifier: Poulet (V1 ID: 44434, DB ID: 136081)
2025-12-28 12:31:11,237 - DEBUG - Upserted modifier: Boeuf (V1 ID: 44435, DB ID: 136082)
2025-12-28 12:31:11,744 - DEBUG - Upserted modifier: Filet Mignon (V1 ID: 44436, DB ID: 136083)
2025-12-28 12:31:12,345 - INFO - Inserted modifier group: Burgers extra (ID: 2713)
2025-12-28 12:31:12,489 - DEBUG - Upserted modifier: Fromage (V1 ID: 50691, DB ID: 136084)
2025-12-28 12:31:12,925 - DEBUG - Upserted modifier: Poulet (V1 ID: 44396, DB ID: 136085)
2025-12-28 12:31:13,366 - DEBUG - Upserted modifier: Fromage (V1 ID: 44397, DB ID: 136086)
2025-12-28 12:31:13,787 - DEBUG - Upserted modifier: Fromage (V1 ID: 44403, DB ID: 136087)
2025-12-28 12:31:14,218 - DEBUG - Upserted modifier: Fromage (V1 ID: 44404, DB ID: 136088)
2025-12-28 12:31:14,679 - DEBUG - Upserted modifier: Pepperoni (V1 ID: 44405, DB ID: 136089)
2025-12-28 12:31:15,150 - DEBUG - Upserted modifier: Pain à l’ail (V1 ID: 44406, DB ID: 136090)
2025-12-28 12:31:15,616 - DEBUG - Upserted modifier: Pepperoni (V1 ID: 44407, DB ID: 136091)
2025-12-28 12:31:16,080 - DEBUG - Upserted modifier: Bacon (V1 ID: 44408, DB ID: 136092)
2025-12-28 12:31:16,552 - DEBUG - Upserted modifier: Poulet (V1 ID: 44409, DB ID: 136093)
2025-12-28 12:31:17,021 - DEBUG - Upserted modifier: Steak (V1 ID: 44410, DB ID: 136094)
2025-12-28 12:31:17,501 - DEBUG - Upserted modifier: Extra Brochette (V1 ID: 44415, DB ID: 136095)
2025-12-28 12:31:17,989 - DEBUG - Upserted modifier: Pita (V1 ID: 44416, DB ID: 136096)
2025-12-28 12:31:18,415 - DEBUG - Upserted modifier: Viande (V1 ID: 44417, DB ID: 136097)
2025-12-28 12:31:18,846 - DEBUG - Upserted modifier: Bacon (V1 ID: 44418, DB ID: 136098)
2025-12-28 12:31:19,278 - DEBUG - Upserted modifier: Poulet (V1 ID: 44419, DB ID: 136099)
2025-12-28 12:31:19,699 - DEBUG - Upserted modifier: Boeuf (V1 ID: 44420, DB ID: 136100)
2025-12-28 12:31:20,133 - DEBUG - Upserted modifier: Fromage (V1 ID: 47026, DB ID: 136101)
2025-12-28 12:31:20,717 - INFO - Inserted modifier group: Chicken or Beef (ID: 2714)
2025-12-28 12:31:20,866 - DEBUG - Upserted modifier: Pepperoni (V1 ID: 44369, DB ID: 136102)
2025-12-28 12:31:21,771 - DEBUG - Upserted modifier: Champignons (V1 ID: 44370, DB ID: 136103)
2025-12-28 12:31:22,686 - DEBUG - Upserted modifier: Piments Verts (V1 ID: 44371, DB ID: 136104)
2025-12-28 12:31:23,540 - DEBUG - Upserted modifier: Piments Rouges (V1 ID: 44372, DB ID: 136105)
2025-12-28 12:31:24,413 - DEBUG - Upserted modifier: Oignons (V1 ID: 44373, DB ID: 136106)
2025-12-28 12:31:25,280 - DEBUG - Upserted modifier: Oignons Rouges (V1 ID: 44374, DB ID: 136107)
2025-12-28 12:31:26,148 - DEBUG - Upserted modifier: Tomates (V1 ID: 44375, DB ID: 136108)
2025-12-28 12:31:27,007 - DEBUG - Upserted modifier: Olives Vertes (V1 ID: 44376, DB ID: 136109)
2025-12-28 12:31:27,881 - DEBUG - Upserted modifier: Olives Noires (V1 ID: 44377, DB ID: 136110)
2025-12-28 12:31:28,822 - DEBUG - Upserted modifier: Broccoli (V1 ID: 44378, DB ID: 136111)
2025-12-28 12:31:29,770 - DEBUG - Upserted modifier: Piments Forts (V1 ID: 44379, DB ID: 136112)
2025-12-28 12:31:30,735 - DEBUG - Upserted modifier: Ananas (V1 ID: 44380, DB ID: 136113)
2025-12-28 12:31:31,611 - DEBUG - Upserted modifier: Bacon (V1 ID: 44381, DB ID: 136114)
2025-12-28 12:31:32,510 - DEBUG - Upserted modifier: Jambon (V1 ID: 44382, DB ID: 136115)
2025-12-28 12:31:33,449 - DEBUG - Upserted modifier: Viande Hachée (V1 ID: 44383, DB ID: 136116)
2025-12-28 12:31:34,411 - DEBUG - Upserted modifier: Saucisse Italienne (V1 ID: 44384, DB ID: 136117)
2025-12-28 12:31:35,329 - DEBUG - Upserted modifier: Sauce Forte (V1 ID: 44385, DB ID: 136118)
2025-12-28 12:31:36,212 - DEBUG - Upserted modifier: Fromage Feta (V1 ID: 44386, DB ID: 136119)
2025-12-28 12:31:37,072 - DEBUG - Upserted modifier: Extra Fromage (V1 ID: 44387, DB ID: 136120)
2025-12-28 12:31:37,928 - DEBUG - Upserted modifier: Pickles (V1 ID: 44431, DB ID: 136121)
2025-12-28 12:31:38,361 - DEBUG - Upserted modifier: Piments Forts (V1 ID: 44432, DB ID: 136122)
2025-12-28 12:31:38,842 - DEBUG - Upserted modifier: Mayonnaise (V1 ID: 44433, DB ID: 136123)
2025-12-28 12:31:39,270 - DEBUG - Upserted modifier: Poulet (V1 ID: 44434, DB ID: 136124)
2025-12-28 12:31:39,704 - DEBUG - Upserted modifier: Boeuf (V1 ID: 44435, DB ID: 136125)
2025-12-28 12:31:40,140 - DEBUG - Upserted modifier: Filet Mignon (V1 ID: 44436, DB ID: 136126)
2025-12-28 12:31:40,751 - INFO - Inserted modifier group: Chicken or Filet Mignon (ID: 2715)
2025-12-28 12:31:40,908 - DEBUG - Upserted modifier: Pepperoni (V1 ID: 44369, DB ID: 136127)
2025-12-28 12:31:41,849 - DEBUG - Upserted modifier: Champignons (V1 ID: 44370, DB ID: 136128)
2025-12-28 12:31:42,779 - DEBUG - Upserted modifier: Piments Verts (V1 ID: 44371, DB ID: 136129)
2025-12-28 12:31:43,696 - DEBUG - Upserted modifier: Piments Rouges (V1 ID: 44372, DB ID: 136130)
2025-12-28 12:31:44,562 - DEBUG - Upserted modifier: Oignons (V1 ID: 44373, DB ID: 136131)
2025-12-28 12:31:45,457 - DEBUG - Upserted modifier: Oignons Rouges (V1 ID: 44374, DB ID: 136132)
2025-12-28 12:31:46,332 - DEBUG - Upserted modifier: Tomates (V1 ID: 44375, DB ID: 136133)
2025-12-28 12:31:47,212 - DEBUG - Upserted modifier: Olives Vertes (V1 ID: 44376, DB ID: 136134)
2025-12-28 12:31:48,192 - DEBUG - Upserted modifier: Olives Noires (V1 ID: 44377, DB ID: 136135)
2025-12-28 12:31:49,125 - DEBUG - Upserted modifier: Broccoli (V1 ID: 44378, DB ID: 136136)
2025-12-28 12:31:50,004 - DEBUG - Upserted modifier: Piments Forts (V1 ID: 44379, DB ID: 136137)
2025-12-28 12:31:50,878 - DEBUG - Upserted modifier: Ananas (V1 ID: 44380, DB ID: 136138)
2025-12-28 12:31:51,758 - DEBUG - Upserted modifier: Bacon (V1 ID: 44381, DB ID: 136139)
2025-12-28 12:31:52,665 - DEBUG - Upserted modifier: Jambon (V1 ID: 44382, DB ID: 136140)
2025-12-28 12:31:53,646 - DEBUG - Upserted modifier: Viande Hachée (V1 ID: 44383, DB ID: 136141)
2025-12-28 12:31:54,547 - DEBUG - Upserted modifier: Saucisse Italienne (V1 ID: 44384, DB ID: 136142)
2025-12-28 12:31:55,418 - DEBUG - Upserted modifier: Sauce Forte (V1 ID: 44385, DB ID: 136143)
2025-12-28 12:31:56,267 - DEBUG - Upserted modifier: Fromage Feta (V1 ID: 44386, DB ID: 136144)
2025-12-28 12:31:57,122 - DEBUG - Upserted modifier: Extra Fromage (V1 ID: 44387, DB ID: 136145)
2025-12-28 12:31:57,995 - DEBUG - Upserted modifier: Pickles (V1 ID: 44431, DB ID: 136146)
2025-12-28 12:31:58,430 - DEBUG - Upserted modifier: Piments Forts (V1 ID: 44432, DB ID: 136147)
2025-12-28 12:31:58,854 - DEBUG - Upserted modifier: Mayonnaise (V1 ID: 44433, DB ID: 136148)
2025-12-28 12:31:59,297 - DEBUG - Upserted modifier: Poulet (V1 ID: 44434, DB ID: 136149)
2025-12-28 12:31:59,714 - DEBUG - Upserted modifier: Boeuf (V1 ID: 44435, DB ID: 136150)
2025-12-28 12:32:00,174 - DEBUG - Upserted modifier: Filet Mignon (V1 ID: 44436, DB ID: 136151)
2025-12-28 12:32:00,735 - INFO - Inserted modifier group: Dips (Ail ou Cheddar) NO PRICE (ID: 2716)
2025-12-28 12:32:00,876 - DEBUG - Upserted modifier: Petit Ail (V1 ID: 44388, DB ID: 136152)
2025-12-28 12:32:01,307 - DEBUG - Upserted modifier: Grande Ail (V1 ID: 44389, DB ID: 136153)
2025-12-28 12:32:01,742 - DEBUG - Upserted modifier: Cheddar (V1 ID: 44390, DB ID: 136154)
2025-12-28 12:32:02,211 - DEBUG - Upserted modifier: Ranch (V1 ID: 44391, DB ID: 136155)
2025-12-28 12:32:02,685 - DEBUG - Upserted modifier: Sauce Sucré (V1 ID: 44392, DB ID: 136156)
2025-12-28 12:32:03,157 - DEBUG - Upserted modifier: Creme Sure (V1 ID: 44393, DB ID: 136157)
2025-12-28 12:32:03,633 - DEBUG - Upserted modifier: Douce (V1 ID: 44398, DB ID: 136158)
2025-12-28 12:32:04,097 - DEBUG - Upserted modifier: Moyenne (V1 ID: 44399, DB ID: 136159)
2025-12-28 12:32:04,558 - DEBUG - Upserted modifier: Forte (V1 ID: 44400, DB ID: 136160)
2025-12-28 12:32:04,976 - DEBUG - Upserted modifier: Miel et Ail (V1 ID: 44401, DB ID: 136161)
2025-12-28 12:32:05,401 - DEBUG - Upserted modifier: Crème Sûre (V1 ID: 44402, DB ID: 136162)
2025-12-28 12:32:05,845 - DEBUG - Upserted modifier: Vinaigrette Italienne (V1 ID: 44411, DB ID: 136163)
2025-12-28 12:32:06,278 - DEBUG - Upserted modifier: Mayonnaise (V1 ID: 44412, DB ID: 136164)
2025-12-28 12:32:06,731 - DEBUG - Upserted modifier: Sauce à l'ail (V1 ID: 44413, DB ID: 136165)
2025-12-28 12:32:07,175 - DEBUG - Upserted modifier: Sauce Sucrée (V1 ID: 44421, DB ID: 136166)
2025-12-28 12:32:07,627 - DEBUG - Upserted modifier: Hummus (V1 ID: 44422, DB ID: 136167)
2025-12-28 12:32:08,054 - DEBUG - Upserted modifier: Ail (V1 ID: 53418, DB ID: 136168)
2025-12-28 12:32:08,509 - DEBUG - Upserted modifier: Cheddar (V1 ID: 53419, DB ID: 136169)
2025-12-28 12:32:08,810 - INFO -   Done: 24 groups, 417 modifiers, 765 prices
2025-12-28 12:32:08,811 - INFO - ----------------------------------------
2025-12-28 12:32:08,811 - INFO - [18/20] Processing: Pizza Maisonneuve
2025-12-28 12:32:08,811 - INFO - Navigating to modifier groups page: https://menuadmin.menu.ca/?p=restaurants&display=editRestaurant&restaurant=930&load=ingredientGroups&showLang=fr
2025-12-28 12:32:09,781 - DEBUG - Expanding all modifier group divs...
2025-12-28 12:32:10,306 - DEBUG - Group 9289: 14 active modifiers
2025-12-28 12:32:10,306 - DEBUG - Group 9290: 13 active modifiers
2025-12-28 12:32:10,306 - DEBUG - Group 9291: 1 active modifiers
2025-12-28 12:32:10,306 - DEBUG - Group 9292: 4 active modifiers
2025-12-28 12:32:10,306 - DEBUG - Group 9293: 4 active modifiers
2025-12-28 12:32:10,306 - DEBUG - Group 9294: 2 active modifiers
2025-12-28 12:32:10,306 - DEBUG - Group 9468: 2 active modifiers
2025-12-28 12:32:10,306 - DEBUG - Group 9930: 1 active modifiers
2025-12-28 12:32:10,306 - DEBUG - Group 10499: 4 active modifiers
2025-12-28 12:32:10,306 - DEBUG - Group 11490: 1 active modifiers
2025-12-28 12:32:10,306 - DEBUG - Group 11491: 5 active modifiers
2025-12-28 12:32:10,306 - DEBUG - Group 11508: 9 active modifiers
2025-12-28 12:32:10,306 - DEBUG - Group 11509: 1 active modifiers
2025-12-28 12:32:10,333 - INFO - Processing modifier group: Pizza Toppings (ID: 9289)
2025-12-28 12:32:10,527 - INFO -   Found 25 modifiers (14 active, 11 inactive)
2025-12-28 12:32:10,531 - INFO - Processing modifier group: Pizza Toppings without Premium (ID: 9290)
2025-12-28 12:32:10,721 - INFO -   Found 25 modifiers (13 active, 12 inactive)
2025-12-28 12:32:10,725 - INFO - Processing modifier group: Premium Toppings (ID: 9291)
2025-12-28 12:32:10,959 - INFO -   Found 25 modifiers (1 active, 24 inactive)
2025-12-28 12:32:10,962 - INFO - Processing modifier group: Dips (ID: 9292)
2025-12-28 12:32:11,064 - INFO -   Found 12 modifiers (4 active, 8 inactive)
2025-12-28 12:32:11,068 - INFO - Processing modifier group: Wings Sauces (ID: 9293)
2025-12-28 12:32:11,169 - INFO -   Found 12 modifiers (4 active, 8 inactive)
2025-12-28 12:32:11,172 - INFO - Processing modifier group: Extras for Burgers (ID: 9294)
2025-12-28 12:32:11,190 - INFO -   Found 2 modifiers (2 active, 0 inactive)
2025-12-28 12:32:11,194 - INFO - Processing modifier group: Beef or CHicken (ID: 9468)
2025-12-28 12:32:11,422 - INFO -   Found 25 modifiers (2 active, 23 inactive)
2025-12-28 12:32:11,426 - INFO - Processing modifier group: Upgrade to poutine 3.00 (ID: 9930)
2025-12-28 12:32:11,456 - INFO -   Found 3 modifiers (1 active, 2 inactive)
2025-12-28 12:32:11,459 - INFO - Processing modifier group: Mini Beignets Dips (ID: 10499)
2025-12-28 12:32:11,561 - INFO -   Found 12 modifiers (4 active, 8 inactive)
2025-12-28 12:32:11,564 - INFO - Processing modifier group: Upgrade to Poutine SUBS (ID: 11490)
2025-12-28 12:32:11,594 - INFO -   Found 3 modifiers (1 active, 2 inactive)
2025-12-28 12:32:11,598 - INFO - Processing modifier group: Drinks Cans (ID: 11491)
2025-12-28 12:32:11,633 - INFO -   Found 5 modifiers (5 active, 0 inactive)
2025-12-28 12:32:11,637 - INFO - Processing modifier group: Subs Selection (ID: 11508)
2025-12-28 12:32:11,839 - INFO -   Found 25 modifiers (9 active, 16 inactive)
2025-12-28 12:32:11,842 - INFO - Processing modifier group: Gravy and Coleslaw for SUBS (ID: 11509)
2025-12-28 12:32:11,873 - INFO -   Found 3 modifiers (1 active, 2 inactive)
2025-12-28 12:32:11,873 - INFO - Total modifier groups extracted: 13
2025-12-28 12:32:12,173 - INFO - Inserted modifier group: Pizza Toppings (ID: 2717)
2025-12-28 12:32:12,315 - DEBUG - Upserted modifier: Steak Sub (V1 ID: 53438, DB ID: 136170)
2025-12-28 12:32:12,730 - DEBUG - Upserted modifier: Pepperoni Sub (V1 ID: 53439, DB ID: 136171)
2025-12-28 12:32:13,151 - DEBUG - Upserted modifier: Jambon Sub (V1 ID: 53440, DB ID: 136172)
2025-12-28 12:32:13,585 - DEBUG - Upserted modifier: Poulet Sub (V1 ID: 53441, DB ID: 136173)
2025-12-28 12:32:14,041 - DEBUG - Upserted modifier: Pizza Sub (V1 ID: 53442, DB ID: 136174)
2025-12-28 12:32:14,465 - DEBUG - Upserted modifier: Bacon Sub (V1 ID: 53443, DB ID: 136175)
2025-12-28 12:32:14,903 - DEBUG - Upserted modifier: Hawaïenne Sub (V1 ID: 53444, DB ID: 136176)
2025-12-28 12:32:15,360 - DEBUG - Upserted modifier: Végétarienne Sub (V1 ID: 53445, DB ID: 136177)
2025-12-28 12:32:15,779 - DEBUG - Upserted modifier: Steak au sauce chipotle Sub (V1 ID: 53446, DB ID: 136178)
2025-12-28 12:32:16,227 - DEBUG - Upserted modifier: Poulet (V1 ID: 42958, DB ID: 136179)
2025-12-28 12:32:16,664 - DEBUG - Upserted modifier: Boeuf (V1 ID: 42959, DB ID: 136180)
2025-12-28 12:32:17,101 - DEBUG - Upserted modifier: Pepperoni (V1 ID: 42192, DB ID: 136181)
2025-12-28 12:32:17,966 - DEBUG - Upserted modifier: Champignons (V1 ID: 42193, DB ID: 136182)
2025-12-28 12:32:18,919 - DEBUG - Upserted modifier: Poivrons verts (V1 ID: 42194, DB ID: 136183)
2025-12-28 12:32:19,872 - DEBUG - Upserted modifier: Olives (V1 ID: 42195, DB ID: 136184)
2025-12-28 12:32:20,842 - DEBUG - Upserted modifier: Bacon (V1 ID: 42196, DB ID: 136185)
2025-12-28 12:32:21,808 - DEBUG - Upserted modifier: Jambon (V1 ID: 42197, DB ID: 136186)
2025-12-28 12:32:22,669 - DEBUG - Upserted modifier: Tomates (V1 ID: 42198, DB ID: 136187)
2025-12-28 12:32:23,512 - DEBUG - Upserted modifier: Oignons (V1 ID: 42199, DB ID: 136188)
2025-12-28 12:32:24,454 - DEBUG - Upserted modifier: Saucisse italienne (V1 ID: 42200, DB ID: 136189)
2025-12-28 12:32:25,355 - DEBUG - Upserted modifier: Ananas (V1 ID: 42201, DB ID: 136190)
2025-12-28 12:32:26,319 - DEBUG - Upserted modifier: Poulet (V1 ID: 42202, DB ID: 136191)
2025-12-28 12:32:27,217 - DEBUG - Upserted modifier: Olives noires (V1 ID: 42203, DB ID: 136192)
2025-12-28 12:32:28,123 - DEBUG - Upserted modifier: Feta (V1 ID: 42204, DB ID: 136193)
2025-12-28 12:32:29,041 - DEBUG - Upserted modifier: Extra Fromage (V1 ID: 42205, DB ID: 136194)
2025-12-28 12:32:30,400 - INFO - Inserted modifier group: Pizza Toppings without Premium (ID: 2718)
2025-12-28 12:32:30,556 - DEBUG - Upserted modifier: Steak Sub (V1 ID: 53438, DB ID: 136195)
2025-12-28 12:32:31,024 - DEBUG - Upserted modifier: Pepperoni Sub (V1 ID: 53439, DB ID: 136196)
2025-12-28 12:32:31,494 - DEBUG - Upserted modifier: Jambon Sub (V1 ID: 53440, DB ID: 136197)
2025-12-28 12:32:31,953 - DEBUG - Upserted modifier: Poulet Sub (V1 ID: 53441, DB ID: 136198)
2025-12-28 12:32:32,421 - DEBUG - Upserted modifier: Pizza Sub (V1 ID: 53442, DB ID: 136199)
2025-12-28 12:32:32,889 - DEBUG - Upserted modifier: Bacon Sub (V1 ID: 53443, DB ID: 136200)
2025-12-28 12:32:33,349 - DEBUG - Upserted modifier: Hawaïenne Sub (V1 ID: 53444, DB ID: 136201)
2025-12-28 12:32:33,792 - DEBUG - Upserted modifier: Végétarienne Sub (V1 ID: 53445, DB ID: 136202)
2025-12-28 12:32:34,264 - DEBUG - Upserted modifier: Steak au sauce chipotle Sub (V1 ID: 53446, DB ID: 136203)
2025-12-28 12:32:34,709 - DEBUG - Upserted modifier: Poulet (V1 ID: 42958, DB ID: 136204)
2025-12-28 12:32:35,176 - DEBUG - Upserted modifier: Boeuf (V1 ID: 42959, DB ID: 136205)
2025-12-28 12:32:35,625 - DEBUG - Upserted modifier: Pepperoni (V1 ID: 42192, DB ID: 136206)
2025-12-28 12:32:36,522 - DEBUG - Upserted modifier: Champignons (V1 ID: 42193, DB ID: 136207)
2025-12-28 12:32:37,398 - DEBUG - Upserted modifier: Poivrons verts (V1 ID: 42194, DB ID: 136208)
2025-12-28 12:32:38,302 - DEBUG - Upserted modifier: Olives (V1 ID: 42195, DB ID: 136209)
2025-12-28 12:32:39,218 - DEBUG - Upserted modifier: Bacon (V1 ID: 42196, DB ID: 136210)
2025-12-28 12:32:40,148 - DEBUG - Upserted modifier: Jambon (V1 ID: 42197, DB ID: 136211)
2025-12-28 12:32:41,112 - DEBUG - Upserted modifier: Tomates (V1 ID: 42198, DB ID: 136212)
2025-12-28 12:32:41,973 - DEBUG - Upserted modifier: Oignons (V1 ID: 42199, DB ID: 136213)
2025-12-28 12:32:42,863 - DEBUG - Upserted modifier: Saucisse italienne (V1 ID: 42200, DB ID: 136214)
2025-12-28 12:32:43,721 - DEBUG - Upserted modifier: Ananas (V1 ID: 42201, DB ID: 136215)
2025-12-28 12:32:44,597 - DEBUG - Upserted modifier: Poulet (V1 ID: 42202, DB ID: 136216)
2025-12-28 12:32:45,526 - DEBUG - Upserted modifier: Olives noires (V1 ID: 42203, DB ID: 136217)
2025-12-28 12:32:46,417 - DEBUG - Upserted modifier: Feta (V1 ID: 42204, DB ID: 136218)
2025-12-28 12:32:47,278 - DEBUG - Upserted modifier: Extra Fromage (V1 ID: 42205, DB ID: 136219)
2025-12-28 12:32:48,281 - INFO - Inserted modifier group: Premium Toppings (ID: 2719)
2025-12-28 12:32:48,429 - DEBUG - Upserted modifier: Steak Sub (V1 ID: 53438, DB ID: 136220)
2025-12-28 12:32:48,842 - DEBUG - Upserted modifier: Pepperoni Sub (V1 ID: 53439, DB ID: 136221)
2025-12-28 12:32:49,314 - DEBUG - Upserted modifier: Jambon Sub (V1 ID: 53440, DB ID: 136222)
2025-12-28 12:32:49,764 - DEBUG - Upserted modifier: Poulet Sub (V1 ID: 53441, DB ID: 136223)
2025-12-28 12:32:50,236 - DEBUG - Upserted modifier: Pizza Sub (V1 ID: 53442, DB ID: 136224)
2025-12-28 12:32:50,733 - DEBUG - Upserted modifier: Bacon Sub (V1 ID: 53443, DB ID: 136225)
2025-12-28 12:32:51,203 - DEBUG - Upserted modifier: Hawaïenne Sub (V1 ID: 53444, DB ID: 136226)
2025-12-28 12:32:51,663 - DEBUG - Upserted modifier: Végétarienne Sub (V1 ID: 53445, DB ID: 136227)
2025-12-28 12:32:52,150 - DEBUG - Upserted modifier: Steak au sauce chipotle Sub (V1 ID: 53446, DB ID: 136228)
2025-12-28 12:32:52,639 - DEBUG - Upserted modifier: Poulet (V1 ID: 42958, DB ID: 136229)
2025-12-28 12:32:53,116 - DEBUG - Upserted modifier: Boeuf (V1 ID: 42959, DB ID: 136230)
2025-12-28 12:32:53,577 - DEBUG - Upserted modifier: Pepperoni (V1 ID: 42192, DB ID: 136231)
2025-12-28 12:32:54,521 - DEBUG - Upserted modifier: Champignons (V1 ID: 42193, DB ID: 136232)
2025-12-28 12:32:55,404 - DEBUG - Upserted modifier: Poivrons verts (V1 ID: 42194, DB ID: 136233)
2025-12-28 12:32:56,334 - DEBUG - Upserted modifier: Olives (V1 ID: 42195, DB ID: 136234)
2025-12-28 12:32:57,221 - DEBUG - Upserted modifier: Bacon (V1 ID: 42196, DB ID: 136235)
2025-12-28 12:32:58,099 - DEBUG - Upserted modifier: Jambon (V1 ID: 42197, DB ID: 136236)
2025-12-28 12:32:58,985 - DEBUG - Upserted modifier: Tomates (V1 ID: 42198, DB ID: 136237)
2025-12-28 12:32:59,892 - DEBUG - Upserted modifier: Oignons (V1 ID: 42199, DB ID: 136238)
2025-12-28 12:33:00,799 - DEBUG - Upserted modifier: Saucisse italienne (V1 ID: 42200, DB ID: 136239)
2025-12-28 12:33:01,704 - DEBUG - Upserted modifier: Ananas (V1 ID: 42201, DB ID: 136240)
2025-12-28 12:33:02,799 - DEBUG - Upserted modifier: Poulet (V1 ID: 42202, DB ID: 136241)
2025-12-28 12:33:03,704 - DEBUG - Upserted modifier: Olives noires (V1 ID: 42203, DB ID: 136242)
2025-12-28 12:33:04,799 - DEBUG - Upserted modifier: Feta (V1 ID: 42204, DB ID: 136243)
2025-12-28 12:33:05,711 - DEBUG - Upserted modifier: Extra Fromage (V1 ID: 42205, DB ID: 136244)
2025-12-28 12:33:06,813 - INFO - Inserted modifier group: Dips (ID: 2720)
2025-12-28 12:33:06,989 - DEBUG - Upserted modifier: Trempette Anniversaire (V1 ID: 48134, DB ID: 136245)
2025-12-28 12:33:07,471 - DEBUG - Upserted modifier: Trempettes au Caramel Salé (V1 ID: 48135, DB ID: 136246)
2025-12-28 12:33:07,943 - DEBUG - Upserted modifier: Trempettes Biscuit et Crème (V1 ID: 48136, DB ID: 136247)
2025-12-28 12:33:08,423 - DEBUG - Upserted modifier: Trempettes Chocolat Fudge (V1 ID: 48137, DB ID: 136248)
2025-12-28 12:33:08,868 - DEBUG - Upserted modifier: Ail (V1 ID: 42206, DB ID: 136249)
2025-12-28 12:33:09,307 - DEBUG - Upserted modifier: Cheddar (V1 ID: 42207, DB ID: 136250)
2025-12-28 12:33:09,723 - DEBUG - Upserted modifier: Ranch (V1 ID: 42208, DB ID: 136251)
2025-12-28 12:33:10,204 - DEBUG - Upserted modifier: Marinara (V1 ID: 42209, DB ID: 136252)
2025-12-28 12:33:10,703 - DEBUG - Upserted modifier: Douce (V1 ID: 42210, DB ID: 136253)
2025-12-28 12:33:11,158 - DEBUG - Upserted modifier: Sauce BBQ (V1 ID: 42211, DB ID: 136254)
2025-12-28 12:33:11,650 - DEBUG - Upserted modifier: Fort (V1 ID: 42212, DB ID: 136255)
2025-12-28 12:33:12,129 - DEBUG - Upserted modifier: Miel et Ail (V1 ID: 42213, DB ID: 136256)
2025-12-28 12:33:12,784 - INFO - Inserted modifier group: Wings Sauces (ID: 2721)
2025-12-28 12:33:12,934 - DEBUG - Upserted modifier: Trempette Anniversaire (V1 ID: 48134, DB ID: 136257)
2025-12-28 12:33:13,387 - DEBUG - Upserted modifier: Trempettes au Caramel Salé (V1 ID: 48135, DB ID: 136258)
2025-12-28 12:33:13,851 - DEBUG - Upserted modifier: Trempettes Biscuit et Crème (V1 ID: 48136, DB ID: 136259)
2025-12-28 12:33:14,312 - DEBUG - Upserted modifier: Trempettes Chocolat Fudge (V1 ID: 48137, DB ID: 136260)
2025-12-28 12:33:14,735 - DEBUG - Upserted modifier: Ail (V1 ID: 42206, DB ID: 136261)
2025-12-28 12:33:15,171 - DEBUG - Upserted modifier: Cheddar (V1 ID: 42207, DB ID: 136262)
2025-12-28 12:33:15,596 - DEBUG - Upserted modifier: Ranch (V1 ID: 42208, DB ID: 136263)
2025-12-28 12:33:16,045 - DEBUG - Upserted modifier: Marinara (V1 ID: 42209, DB ID: 136264)
2025-12-28 12:33:16,462 - DEBUG - Upserted modifier: Douce (V1 ID: 42210, DB ID: 136265)
2025-12-28 12:33:16,901 - DEBUG - Upserted modifier: Sauce BBQ (V1 ID: 42211, DB ID: 136266)
2025-12-28 12:33:17,333 - DEBUG - Upserted modifier: Fort (V1 ID: 42212, DB ID: 136267)
2025-12-28 12:33:17,755 - DEBUG - Upserted modifier: Miel et Ail (V1 ID: 42213, DB ID: 136268)
2025-12-28 12:33:18,349 - INFO - Inserted modifier group: Extras for Burgers (ID: 2722)
2025-12-28 12:33:18,519 - DEBUG - Upserted modifier: Fromage (V1 ID: 42214, DB ID: 136269)
2025-12-28 12:33:18,966 - DEBUG - Upserted modifier: Bacon (V1 ID: 42215, DB ID: 136270)
2025-12-28 12:33:19,565 - INFO - Inserted modifier group: Beef or CHicken (ID: 2723)
2025-12-28 12:33:19,719 - DEBUG - Upserted modifier: Steak Sub (V1 ID: 53438, DB ID: 136271)
2025-12-28 12:33:20,171 - DEBUG - Upserted modifier: Pepperoni Sub (V1 ID: 53439, DB ID: 136272)
2025-12-28 12:33:20,673 - DEBUG - Upserted modifier: Jambon Sub (V1 ID: 53440, DB ID: 136273)
2025-12-28 12:33:21,105 - DEBUG - Upserted modifier: Poulet Sub (V1 ID: 53441, DB ID: 136274)
2025-12-28 12:33:21,567 - DEBUG - Upserted modifier: Pizza Sub (V1 ID: 53442, DB ID: 136275)
2025-12-28 12:33:21,991 - DEBUG - Upserted modifier: Bacon Sub (V1 ID: 53443, DB ID: 136276)
2025-12-28 12:33:22,484 - DEBUG - Upserted modifier: Hawaïenne Sub (V1 ID: 53444, DB ID: 136277)
2025-12-28 12:33:22,976 - DEBUG - Upserted modifier: Végétarienne Sub (V1 ID: 53445, DB ID: 136278)
2025-12-28 12:33:23,459 - DEBUG - Upserted modifier: Steak au sauce chipotle Sub (V1 ID: 53446, DB ID: 136279)
2025-12-28 12:33:23,925 - DEBUG - Upserted modifier: Poulet (V1 ID: 42958, DB ID: 136280)
2025-12-28 12:33:24,378 - DEBUG - Upserted modifier: Boeuf (V1 ID: 42959, DB ID: 136281)
2025-12-28 12:33:24,859 - DEBUG - Upserted modifier: Pepperoni (V1 ID: 42192, DB ID: 136282)
2025-12-28 12:33:25,801 - DEBUG - Upserted modifier: Champignons (V1 ID: 42193, DB ID: 136283)
2025-12-28 12:33:26,711 - DEBUG - Upserted modifier: Poivrons verts (V1 ID: 42194, DB ID: 136284)
2025-12-28 12:33:27,662 - DEBUG - Upserted modifier: Olives (V1 ID: 42195, DB ID: 136285)
2025-12-28 12:33:28,534 - DEBUG - Upserted modifier: Bacon (V1 ID: 42196, DB ID: 136286)
2025-12-28 12:33:29,414 - DEBUG - Upserted modifier: Jambon (V1 ID: 42197, DB ID: 136287)
2025-12-28 12:33:30,313 - DEBUG - Upserted modifier: Tomates (V1 ID: 42198, DB ID: 136288)
2025-12-28 12:33:31,227 - DEBUG - Upserted modifier: Oignons (V1 ID: 42199, DB ID: 136289)
2025-12-28 12:33:32,091 - DEBUG - Upserted modifier: Saucisse italienne (V1 ID: 42200, DB ID: 136290)
2025-12-28 12:33:32,966 - DEBUG - Upserted modifier: Ananas (V1 ID: 42201, DB ID: 136291)
2025-12-28 12:33:33,834 - DEBUG - Upserted modifier: Poulet (V1 ID: 42202, DB ID: 136292)
2025-12-28 12:33:34,712 - DEBUG - Upserted modifier: Olives noires (V1 ID: 42203, DB ID: 136293)
2025-12-28 12:33:35,629 - DEBUG - Upserted modifier: Feta (V1 ID: 42204, DB ID: 136294)
2025-12-28 12:33:36,592 - DEBUG - Upserted modifier: Extra Fromage (V1 ID: 42205, DB ID: 136295)
2025-12-28 12:33:37,690 - INFO - Inserted modifier group: Upgrade to poutine 3.00 (ID: 2724)
2025-12-28 12:33:37,844 - DEBUG - Upserted modifier: Poutine (V1 ID: 53359, DB ID: 136296)
2025-12-28 12:33:38,334 - DEBUG - Upserted modifier: Poutine (V1 ID: 45208, DB ID: 136297)
2025-12-28 12:33:38,809 - DEBUG - Upserted modifier: Sauce brune et salade de chou (V1 ID: 53447, DB ID: 136298)
2025-12-28 12:33:39,453 - INFO - Inserted modifier group: Mini Beignets Dips (ID: 2725)
2025-12-28 12:33:39,630 - DEBUG - Upserted modifier: Trempette Anniversaire (V1 ID: 48134, DB ID: 136299)
2025-12-28 12:33:40,068 - DEBUG - Upserted modifier: Trempettes au Caramel Salé (V1 ID: 48135, DB ID: 136300)
2025-12-28 12:33:40,555 - DEBUG - Upserted modifier: Trempettes Biscuit et Crème (V1 ID: 48136, DB ID: 136301)
2025-12-28 12:33:40,997 - DEBUG - Upserted modifier: Trempettes Chocolat Fudge (V1 ID: 48137, DB ID: 136302)
2025-12-28 12:33:41,468 - DEBUG - Upserted modifier: Ail (V1 ID: 42206, DB ID: 136303)
2025-12-28 12:33:41,973 - DEBUG - Upserted modifier: Cheddar (V1 ID: 42207, DB ID: 136304)
2025-12-28 12:33:42,415 - DEBUG - Upserted modifier: Ranch (V1 ID: 42208, DB ID: 136305)
2025-12-28 12:33:42,897 - DEBUG - Upserted modifier: Marinara (V1 ID: 42209, DB ID: 136306)
2025-12-28 12:33:43,338 - DEBUG - Upserted modifier: Douce (V1 ID: 42210, DB ID: 136307)
2025-12-28 12:33:43,823 - DEBUG - Upserted modifier: Sauce BBQ (V1 ID: 42211, DB ID: 136308)
2025-12-28 12:33:44,382 - DEBUG - Upserted modifier: Fort (V1 ID: 42212, DB ID: 136309)
2025-12-28 12:33:44,908 - DEBUG - Upserted modifier: Miel et Ail (V1 ID: 42213, DB ID: 136310)
2025-12-28 12:33:45,514 - INFO - Inserted modifier group: Upgrade to Poutine SUBS (ID: 2726)
2025-12-28 12:33:45,666 - DEBUG - Upserted modifier: Poutine (V1 ID: 53359, DB ID: 136311)
2025-12-28 12:33:46,201 - DEBUG - Upserted modifier: Poutine (V1 ID: 45208, DB ID: 136312)
2025-12-28 12:33:46,738 - DEBUG - Upserted modifier: Sauce brune et salade de chou (V1 ID: 53447, DB ID: 136313)
2025-12-28 12:33:47,419 - INFO - Inserted modifier group: Drinks Cans (ID: 2727)
2025-12-28 12:33:47,588 - DEBUG - Upserted modifier: Ginger Ale (V1 ID: 42216, DB ID: 136314)
2025-12-28 12:33:48,067 - DEBUG - Upserted modifier: Orange Crush (V1 ID: 42217, DB ID: 136315)
2025-12-28 12:33:48,500 - DEBUG - Upserted modifier: Pepsi (V1 ID: 42218, DB ID: 136316)
2025-12-28 12:33:48,932 - DEBUG - Upserted modifier: Diet Pepsi (V1 ID: 42219, DB ID: 136317)
2025-12-28 12:33:49,424 - DEBUG - Upserted modifier: 7 Up (V1 ID: 42220, DB ID: 136318)
2025-12-28 12:33:50,063 - INFO - Inserted modifier group: Subs Selection (ID: 2728)
2025-12-28 12:33:50,242 - DEBUG - Upserted modifier: Steak Sub (V1 ID: 53438, DB ID: 136319)
2025-12-28 12:33:50,731 - DEBUG - Upserted modifier: Pepperoni Sub (V1 ID: 53439, DB ID: 136320)
2025-12-28 12:33:51,195 - DEBUG - Upserted modifier: Jambon Sub (V1 ID: 53440, DB ID: 136321)
2025-12-28 12:33:51,668 - DEBUG - Upserted modifier: Poulet Sub (V1 ID: 53441, DB ID: 136322)
2025-12-28 12:33:52,149 - DEBUG - Upserted modifier: Pizza Sub (V1 ID: 53442, DB ID: 136323)
2025-12-28 12:33:52,618 - DEBUG - Upserted modifier: Bacon Sub (V1 ID: 53443, DB ID: 136324)
2025-12-28 12:33:53,083 - DEBUG - Upserted modifier: Hawaïenne Sub (V1 ID: 53444, DB ID: 136325)
2025-12-28 12:33:53,541 - DEBUG - Upserted modifier: Végétarienne Sub (V1 ID: 53445, DB ID: 136326)
2025-12-28 12:33:54,034 - DEBUG - Upserted modifier: Steak au sauce chipotle Sub (V1 ID: 53446, DB ID: 136327)
2025-12-28 12:33:54,498 - DEBUG - Upserted modifier: Poulet (V1 ID: 42958, DB ID: 136328)
2025-12-28 12:33:54,984 - DEBUG - Upserted modifier: Boeuf (V1 ID: 42959, DB ID: 136329)
2025-12-28 12:33:55,413 - DEBUG - Upserted modifier: Pepperoni (V1 ID: 42192, DB ID: 136330)
2025-12-28 12:33:56,394 - DEBUG - Upserted modifier: Champignons (V1 ID: 42193, DB ID: 136331)
2025-12-28 12:33:57,341 - DEBUG - Upserted modifier: Poivrons verts (V1 ID: 42194, DB ID: 136332)
2025-12-28 12:33:58,336 - DEBUG - Upserted modifier: Olives (V1 ID: 42195, DB ID: 136333)
2025-12-28 12:33:59,301 - DEBUG - Upserted modifier: Bacon (V1 ID: 42196, DB ID: 136334)
2025-12-28 12:34:00,176 - DEBUG - Upserted modifier: Jambon (V1 ID: 42197, DB ID: 136335)
2025-12-28 12:34:01,004 - DEBUG - Upserted modifier: Tomates (V1 ID: 42198, DB ID: 136336)
2025-12-28 12:34:01,879 - DEBUG - Upserted modifier: Oignons (V1 ID: 42199, DB ID: 136337)
2025-12-28 12:34:02,800 - DEBUG - Upserted modifier: Saucisse italienne (V1 ID: 42200, DB ID: 136338)
2025-12-28 12:34:03,704 - DEBUG - Upserted modifier: Ananas (V1 ID: 42201, DB ID: 136339)
2025-12-28 12:34:04,667 - DEBUG - Upserted modifier: Poulet (V1 ID: 42202, DB ID: 136340)
2025-12-28 12:34:05,606 - DEBUG - Upserted modifier: Olives noires (V1 ID: 42203, DB ID: 136341)
2025-12-28 12:34:06,533 - DEBUG - Upserted modifier: Feta (V1 ID: 42204, DB ID: 136342)
2025-12-28 12:34:07,428 - DEBUG - Upserted modifier: Extra Fromage (V1 ID: 42205, DB ID: 136343)
2025-12-28 12:34:08,527 - INFO - Inserted modifier group: Gravy and Coleslaw for SUBS (ID: 2729)
2025-12-28 12:34:08,702 - DEBUG - Upserted modifier: Poutine (V1 ID: 53359, DB ID: 136344)
2025-12-28 12:34:09,205 - DEBUG - Upserted modifier: Poutine (V1 ID: 45208, DB ID: 136345)
2025-12-28 12:34:09,687 - DEBUG - Upserted modifier: Sauce brune et salade de chou (V1 ID: 53447, DB ID: 136346)
2025-12-28 12:34:09,985 - INFO -   Done: 13 groups, 177 modifiers, 387 prices
2025-12-28 12:34:09,986 - INFO - ----------------------------------------
2025-12-28 12:34:09,986 - INFO - [19/20] Processing: PizzaRama
2025-12-28 12:34:09,987 - INFO - Navigating to modifier groups page: https://menuadmin.menu.ca/?p=restaurants&display=editRestaurant&restaurant=953&load=ingredientGroups&showLang=fr
2025-12-28 12:34:10,846 - DEBUG - Expanding all modifier group divs...
2025-12-28 12:34:11,359 - DEBUG - Group 9629: 2 active modifiers
2025-12-28 12:34:11,359 - DEBUG - Group 9630: 16 active modifiers
2025-12-28 12:34:11,359 - DEBUG - Group 9631: 15 active modifiers
2025-12-28 12:34:11,359 - DEBUG - Group 9632: 1 active modifiers
2025-12-28 12:34:11,359 - DEBUG - Group 9633: 1 active modifiers
2025-12-28 12:34:11,359 - DEBUG - Group 9634: 3 active modifiers
2025-12-28 12:34:11,360 - DEBUG - Group 9635: 2 active modifiers
2025-12-28 12:34:11,360 - DEBUG - Group 9636: 4 active modifiers
2025-12-28 12:34:11,360 - DEBUG - Group 9637: 7 active modifiers
2025-12-28 12:34:11,360 - DEBUG - Group 9638: 2 active modifiers
2025-12-28 12:34:11,360 - DEBUG - Group 10987: 3 active modifiers
2025-12-28 12:34:11,360 - DEBUG - Group 11392: 10 active modifiers
2025-12-28 12:34:11,383 - INFO - Processing modifier group: Crust Type (ID: 9629)
2025-12-28 12:34:11,402 - INFO -   Found 2 modifiers (2 active, 0 inactive)
2025-12-28 12:34:11,406 - INFO - Processing modifier group: Pizza Toppings (ID: 9630)
2025-12-28 12:34:11,568 - INFO -   Found 23 modifiers (16 active, 7 inactive)
2025-12-28 12:34:11,572 - INFO - Processing modifier group: Pizza Toppings without Premium (ID: 9631)
2025-12-28 12:34:11,735 - INFO -   Found 23 modifiers (15 active, 8 inactive)
2025-12-28 12:34:11,739 - INFO - Processing modifier group: Premium Toppings (ID: 9632)
2025-12-28 12:34:11,955 - INFO -   Found 23 modifiers (1 active, 22 inactive)
2025-12-28 12:34:11,958 - INFO - Processing modifier group: Dips (ID: 9633)
2025-12-28 12:34:12,007 - INFO -   Found 5 modifiers (1 active, 4 inactive)
2025-12-28 12:34:12,011 - INFO - Processing modifier group: Subs Extras (ID: 9634)
2025-12-28 12:34:12,071 - INFO -   Found 7 modifiers (3 active, 4 inactive)
2025-12-28 12:34:12,075 - INFO - Processing modifier group: Extras for POUTINE (ID: 9635)
2025-12-28 12:34:12,139 - INFO -   Found 7 modifiers (2 active, 5 inactive)
2025-12-28 12:34:12,142 - INFO - Processing modifier group: Wings Sauces (ID: 9636)
2025-12-28 12:34:12,180 - INFO -   Found 5 modifiers (4 active, 1 inactive)
2025-12-28 12:34:12,183 - INFO - Processing modifier group: Burgers ingredients (free) (ID: 9637)
2025-12-28 12:34:12,378 - INFO -   Found 23 modifiers (7 active, 16 inactive)
2025-12-28 12:34:12,381 - INFO - Processing modifier group: Burgers Extras (ID: 9638)
2025-12-28 12:34:12,445 - INFO -   Found 7 modifiers (2 active, 5 inactive)
2025-12-28 12:34:12,449 - INFO - Processing modifier group: Side Dishes for GYROS (ID: 10987)
2025-12-28 12:34:12,471 - INFO -   Found 3 modifiers (3 active, 0 inactive)
2025-12-28 12:34:12,475 - INFO - Processing modifier group: Drinks 591ml NO PRICES (ID: 11392)
2025-12-28 12:34:12,578 - INFO -   Found 14 modifiers (10 active, 4 inactive)
2025-12-28 12:34:12,578 - INFO - Total modifier groups extracted: 12
2025-12-28 12:34:12,885 - INFO - Inserted modifier group: Crust Type (ID: 2730)
2025-12-28 12:34:13,037 - DEBUG - Upserted modifier: Croûte Régulière (V1 ID: 43725, DB ID: 136347)
2025-12-28 12:34:13,501 - DEBUG - Upserted modifier: Croûte Fine (V1 ID: 43726, DB ID: 136348)
2025-12-28 12:34:14,105 - INFO - Inserted modifier group: Pizza Toppings (ID: 2731)
2025-12-28 12:34:14,259 - DEBUG - Upserted modifier: Pepperoni (V1 ID: 43709, DB ID: 136349)
2025-12-28 12:34:15,160 - DEBUG - Upserted modifier: Champignons (V1 ID: 43710, DB ID: 136350)
2025-12-28 12:34:16,093 - DEBUG - Upserted modifier: Poivrons Verts (V1 ID: 43711, DB ID: 136351)
2025-12-28 12:34:17,048 - DEBUG - Upserted modifier: Sauce à la viande (V1 ID: 43712, DB ID: 136352)
2025-12-28 12:34:17,986 - DEBUG - Upserted modifier: Olives (V1 ID: 43713, DB ID: 136353)
2025-12-28 12:34:18,900 - DEBUG - Upserted modifier: Bacon (V1 ID: 43714, DB ID: 136354)
2025-12-28 12:34:19,854 - DEBUG - Upserted modifier: Tomates fraîches (V1 ID: 43715, DB ID: 136355)
2025-12-28 12:34:20,811 - DEBUG - Upserted modifier: Oignons (V1 ID: 43716, DB ID: 136356)
2025-12-28 12:34:21,804 - DEBUG - Upserted modifier: Salami (V1 ID: 43717, DB ID: 136357)
2025-12-28 12:34:22,774 - DEBUG - Upserted modifier: Jambon (V1 ID: 43718, DB ID: 136358)
2025-12-28 12:34:23,751 - DEBUG - Upserted modifier: Saucisse Italienne (V1 ID: 43719, DB ID: 136359)
2025-12-28 12:34:24,723 - DEBUG - Upserted modifier: Ananas (V1 ID: 43720, DB ID: 136360)
2025-12-28 12:34:25,655 - DEBUG - Upserted modifier: Morceaux de poulet marinés (V1 ID: 43721, DB ID: 136361)
2025-12-28 12:34:26,596 - DEBUG - Upserted modifier: Boeuf (V1 ID: 43722, DB ID: 136362)
2025-12-28 12:34:27,571 - DEBUG - Upserted modifier: Piments forts (V1 ID: 43723, DB ID: 136363)
2025-12-28 12:34:28,483 - DEBUG - Upserted modifier: Extra fromage (V1 ID: 43724, DB ID: 136364)
2025-12-28 12:34:29,364 - DEBUG - Upserted modifier: Ketchup (V1 ID: 43748, DB ID: 136365)
2025-12-28 12:34:29,793 - DEBUG - Upserted modifier: Mayo (V1 ID: 43749, DB ID: 136366)
2025-12-28 12:34:30,272 - DEBUG - Upserted modifier: Laitue (V1 ID: 43750, DB ID: 136367)
2025-12-28 12:34:30,757 - DEBUG - Upserted modifier: Tomate (V1 ID: 43751, DB ID: 136368)
2025-12-28 12:34:31,225 - DEBUG - Upserted modifier: Mustard (V1 ID: 43752, DB ID: 136369)
2025-12-28 12:34:31,685 - DEBUG - Upserted modifier: Cornichons (V1 ID: 43753, DB ID: 136370)
2025-12-28 12:34:32,176 - DEBUG - Upserted modifier: Oignons (V1 ID: 43754, DB ID: 136371)
2025-12-28 12:34:32,790 - INFO - Inserted modifier group: Pizza Toppings without Premium (ID: 2732)
2025-12-28 12:34:32,949 - DEBUG - Upserted modifier: Pepperoni (V1 ID: 43709, DB ID: 136372)
2025-12-28 12:34:33,850 - DEBUG - Upserted modifier: Champignons (V1 ID: 43710, DB ID: 136373)
2025-12-28 12:34:34,704 - DEBUG - Upserted modifier: Poivrons Verts (V1 ID: 43711, DB ID: 136374)
2025-12-28 12:34:35,594 - DEBUG - Upserted modifier: Sauce à la viande (V1 ID: 43712, DB ID: 136375)
2025-12-28 12:34:36,452 - DEBUG - Upserted modifier: Olives (V1 ID: 43713, DB ID: 136376)
2025-12-28 12:34:37,406 - DEBUG - Upserted modifier: Bacon (V1 ID: 43714, DB ID: 136377)
2025-12-28 12:34:38,350 - DEBUG - Upserted modifier: Tomates fraîches (V1 ID: 43715, DB ID: 136378)
2025-12-28 12:34:39,318 - DEBUG - Upserted modifier: Oignons (V1 ID: 43716, DB ID: 136379)
2025-12-28 12:34:40,319 - DEBUG - Upserted modifier: Salami (V1 ID: 43717, DB ID: 136380)
2025-12-28 12:34:41,200 - DEBUG - Upserted modifier: Jambon (V1 ID: 43718, DB ID: 136381)
2025-12-28 12:34:42,061 - DEBUG - Upserted modifier: Saucisse Italienne (V1 ID: 43719, DB ID: 136382)
2025-12-28 12:34:42,930 - DEBUG - Upserted modifier: Ananas (V1 ID: 43720, DB ID: 136383)
2025-12-28 12:34:43,808 - DEBUG - Upserted modifier: Morceaux de poulet marinés (V1 ID: 43721, DB ID: 136384)
2025-12-28 12:34:44,662 - DEBUG - Upserted modifier: Boeuf (V1 ID: 43722, DB ID: 136385)
2025-12-28 12:34:45,592 - DEBUG - Upserted modifier: Piments forts (V1 ID: 43723, DB ID: 136386)
2025-12-28 12:34:46,569 - DEBUG - Upserted modifier: Extra fromage (V1 ID: 43724, DB ID: 136387)
2025-12-28 12:34:47,510 - DEBUG - Upserted modifier: Ketchup (V1 ID: 43748, DB ID: 136388)
2025-12-28 12:34:47,986 - DEBUG - Upserted modifier: Mayo (V1 ID: 43749, DB ID: 136389)
2025-12-28 12:34:48,477 - DEBUG - Upserted modifier: Laitue (V1 ID: 43750, DB ID: 136390)
2025-12-28 12:34:48,982 - DEBUG - Upserted modifier: Tomate (V1 ID: 43751, DB ID: 136391)
2025-12-28 12:34:49,462 - DEBUG - Upserted modifier: Mustard (V1 ID: 43752, DB ID: 136392)
2025-12-28 12:34:49,900 - DEBUG - Upserted modifier: Cornichons (V1 ID: 43753, DB ID: 136393)
2025-12-28 12:34:50,337 - DEBUG - Upserted modifier: Oignons (V1 ID: 43754, DB ID: 136394)
2025-12-28 12:34:50,942 - INFO - Inserted modifier group: Premium Toppings (ID: 2733)
2025-12-28 12:34:51,085 - DEBUG - Upserted modifier: Pepperoni (V1 ID: 43709, DB ID: 136395)
2025-12-28 12:34:51,950 - DEBUG - Upserted modifier: Champignons (V1 ID: 43710, DB ID: 136396)
2025-12-28 12:34:52,845 - DEBUG - Upserted modifier: Poivrons Verts (V1 ID: 43711, DB ID: 136397)
2025-12-28 12:34:53,738 - DEBUG - Upserted modifier: Sauce à la viande (V1 ID: 43712, DB ID: 136398)
2025-12-28 12:34:54,602 - DEBUG - Upserted modifier: Olives (V1 ID: 43713, DB ID: 136399)
2025-12-28 12:34:55,486 - DEBUG - Upserted modifier: Bacon (V1 ID: 43714, DB ID: 136400)
2025-12-28 12:34:56,358 - DEBUG - Upserted modifier: Tomates fraîches (V1 ID: 43715, DB ID: 136401)
2025-12-28 12:34:57,293 - DEBUG - Upserted modifier: Oignons (V1 ID: 43716, DB ID: 136402)
2025-12-28 12:34:58,272 - DEBUG - Upserted modifier: Salami (V1 ID: 43717, DB ID: 136403)
2025-12-28 12:34:59,208 - DEBUG - Upserted modifier: Jambon (V1 ID: 43718, DB ID: 136404)
2025-12-28 12:35:00,127 - DEBUG - Upserted modifier: Saucisse Italienne (V1 ID: 43719, DB ID: 136405)
2025-12-28 12:35:01,073 - DEBUG - Upserted modifier: Ananas (V1 ID: 43720, DB ID: 136406)
2025-12-28 12:35:02,079 - DEBUG - Upserted modifier: Morceaux de poulet marinés (V1 ID: 43721, DB ID: 136407)
2025-12-28 12:35:02,966 - DEBUG - Upserted modifier: Boeuf (V1 ID: 43722, DB ID: 136408)
2025-12-28 12:35:03,862 - DEBUG - Upserted modifier: Piments forts (V1 ID: 43723, DB ID: 136409)
2025-12-28 12:35:04,722 - DEBUG - Upserted modifier: Extra fromage (V1 ID: 43724, DB ID: 136410)
2025-12-28 12:35:05,596 - DEBUG - Upserted modifier: Ketchup (V1 ID: 43748, DB ID: 136411)
2025-12-28 12:35:06,036 - DEBUG - Upserted modifier: Mayo (V1 ID: 43749, DB ID: 136412)
2025-12-28 12:35:06,487 - DEBUG - Upserted modifier: Laitue (V1 ID: 43750, DB ID: 136413)
2025-12-28 12:35:06,953 - DEBUG - Upserted modifier: Tomate (V1 ID: 43751, DB ID: 136414)
2025-12-28 12:35:07,434 - DEBUG - Upserted modifier: Mustard (V1 ID: 43752, DB ID: 136415)
2025-12-28 12:35:07,897 - DEBUG - Upserted modifier: Cornichons (V1 ID: 43753, DB ID: 136416)
2025-12-28 12:35:08,386 - DEBUG - Upserted modifier: Oignons (V1 ID: 43754, DB ID: 136417)
2025-12-28 12:35:08,982 - INFO - Inserted modifier group: Dips (ID: 2734)
2025-12-28 12:35:09,160 - DEBUG - Upserted modifier: Ail (V1 ID: 43727, DB ID: 136418)
2025-12-28 12:35:09,653 - DEBUG - Upserted modifier: BBQ (V1 ID: 43744, DB ID: 136419)
2025-12-28 12:35:10,102 - DEBUG - Upserted modifier: Moyenne (V1 ID: 43745, DB ID: 136420)
2025-12-28 12:35:10,547 - DEBUG - Upserted modifier: Red Hot (V1 ID: 43746, DB ID: 136421)
2025-12-28 12:35:10,992 - DEBUG - Upserted modifier: Miel et Ail (V1 ID: 43747, DB ID: 136422)
2025-12-28 12:35:11,612 - INFO - Inserted modifier group: Subs Extras (ID: 2735)
2025-12-28 12:35:11,764 - DEBUG - Upserted modifier: Viande (V1 ID: 43728, DB ID: 136423)
2025-12-28 12:35:12,651 - DEBUG - Upserted modifier: Légumes (V1 ID: 43729, DB ID: 136424)
2025-12-28 12:35:13,646 - DEBUG - Upserted modifier: Fromage (V1 ID: 43730, DB ID: 136425)
2025-12-28 12:35:14,744 - DEBUG - Upserted modifier: Fromage (V1 ID: 43731, DB ID: 136426)
2025-12-28 12:35:15,546 - DEBUG - Upserted modifier: Sauce (V1 ID: 43732, DB ID: 136427)
2025-12-28 12:35:16,142 - DEBUG - Upserted modifier: Bacon (V1 ID: 43755, DB ID: 136428)
2025-12-28 12:35:16,554 - DEBUG - Upserted modifier: Fromage (V1 ID: 43756, DB ID: 136429)
2025-12-28 12:35:17,133 - INFO - Inserted modifier group: Extras for POUTINE (ID: 2736)
2025-12-28 12:35:17,289 - DEBUG - Upserted modifier: Viande (V1 ID: 43728, DB ID: 136430)
2025-12-28 12:35:17,856 - DEBUG - Upserted modifier: Légumes (V1 ID: 43729, DB ID: 136431)
2025-12-28 12:35:18,483 - DEBUG - Upserted modifier: Fromage (V1 ID: 43730, DB ID: 136432)
2025-12-28 12:35:19,082 - DEBUG - Upserted modifier: Fromage (V1 ID: 43731, DB ID: 136433)
2025-12-28 12:35:19,656 - DEBUG - Upserted modifier: Sauce (V1 ID: 43732, DB ID: 136434)
2025-12-28 12:35:20,245 - DEBUG - Upserted modifier: Bacon (V1 ID: 43755, DB ID: 136435)
2025-12-28 12:35:20,689 - DEBUG - Upserted modifier: Fromage (V1 ID: 43756, DB ID: 136436)
2025-12-28 12:35:21,261 - INFO - Inserted modifier group: Wings Sauces (ID: 2737)
2025-12-28 12:35:21,407 - DEBUG - Upserted modifier: Ail (V1 ID: 43727, DB ID: 136437)
2025-12-28 12:35:21,864 - DEBUG - Upserted modifier: BBQ (V1 ID: 43744, DB ID: 136438)
2025-12-28 12:35:22,295 - DEBUG - Upserted modifier: Moyenne (V1 ID: 43745, DB ID: 136439)
2025-12-28 12:35:22,779 - DEBUG - Upserted modifier: Red Hot (V1 ID: 43746, DB ID: 136440)
2025-12-28 12:35:23,245 - DEBUG - Upserted modifier: Miel et Ail (V1 ID: 43747, DB ID: 136441)
2025-12-28 12:35:23,905 - INFO - Inserted modifier group: Burgers ingredients (free) (ID: 2738)
2025-12-28 12:35:24,067 - DEBUG - Upserted modifier: Pepperoni (V1 ID: 43709, DB ID: 136442)
2025-12-28 12:35:25,004 - DEBUG - Upserted modifier: Champignons (V1 ID: 43710, DB ID: 136443)
2025-12-28 12:35:25,911 - DEBUG - Upserted modifier: Poivrons Verts (V1 ID: 43711, DB ID: 136444)
2025-12-28 12:35:26,793 - DEBUG - Upserted modifier: Sauce à la viande (V1 ID: 43712, DB ID: 136445)
2025-12-28 12:35:27,664 - DEBUG - Upserted modifier: Olives (V1 ID: 43713, DB ID: 136446)
2025-12-28 12:35:28,556 - DEBUG - Upserted modifier: Bacon (V1 ID: 43714, DB ID: 136447)
2025-12-28 12:35:29,419 - DEBUG - Upserted modifier: Tomates fraîches (V1 ID: 43715, DB ID: 136448)
2025-12-28 12:35:30,317 - DEBUG - Upserted modifier: Oignons (V1 ID: 43716, DB ID: 136449)
2025-12-28 12:35:31,181 - DEBUG - Upserted modifier: Salami (V1 ID: 43717, DB ID: 136450)
2025-12-28 12:35:32,030 - DEBUG - Upserted modifier: Jambon (V1 ID: 43718, DB ID: 136451)
2025-12-28 12:35:32,935 - DEBUG - Upserted modifier: Saucisse Italienne (V1 ID: 43719, DB ID: 136452)
2025-12-28 12:35:33,906 - DEBUG - Upserted modifier: Ananas (V1 ID: 43720, DB ID: 136453)
2025-12-28 12:35:34,847 - DEBUG - Upserted modifier: Morceaux de poulet marinés (V1 ID: 43721, DB ID: 136454)
2025-12-28 12:35:35,726 - DEBUG - Upserted modifier: Boeuf (V1 ID: 43722, DB ID: 136455)
2025-12-28 12:35:36,567 - DEBUG - Upserted modifier: Piments forts (V1 ID: 43723, DB ID: 136456)
2025-12-28 12:35:37,424 - DEBUG - Upserted modifier: Extra fromage (V1 ID: 43724, DB ID: 136457)
2025-12-28 12:35:38,287 - DEBUG - Upserted modifier: Ketchup (V1 ID: 43748, DB ID: 136458)
2025-12-28 12:35:38,769 - DEBUG - Upserted modifier: Mayo (V1 ID: 43749, DB ID: 136459)
2025-12-28 12:35:39,234 - DEBUG - Upserted modifier: Laitue (V1 ID: 43750, DB ID: 136460)
2025-12-28 12:35:39,713 - DEBUG - Upserted modifier: Tomate (V1 ID: 43751, DB ID: 136461)
2025-12-28 12:35:40,218 - DEBUG - Upserted modifier: Mustard (V1 ID: 43752, DB ID: 136462)
2025-12-28 12:35:40,695 - DEBUG - Upserted modifier: Cornichons (V1 ID: 43753, DB ID: 136463)
2025-12-28 12:35:41,159 - DEBUG - Upserted modifier: Oignons (V1 ID: 43754, DB ID: 136464)
2025-12-28 12:35:41,742 - INFO - Inserted modifier group: Burgers Extras (ID: 2739)
2025-12-28 12:35:41,904 - DEBUG - Upserted modifier: Viande (V1 ID: 43728, DB ID: 136465)
2025-12-28 12:35:42,471 - DEBUG - Upserted modifier: Légumes (V1 ID: 43729, DB ID: 136466)
2025-12-28 12:35:43,071 - DEBUG - Upserted modifier: Fromage (V1 ID: 43730, DB ID: 136467)
2025-12-28 12:35:43,647 - DEBUG - Upserted modifier: Fromage (V1 ID: 43731, DB ID: 136468)
2025-12-28 12:35:44,230 - DEBUG - Upserted modifier: Sauce (V1 ID: 43732, DB ID: 136469)
2025-12-28 12:35:44,808 - DEBUG - Upserted modifier: Bacon (V1 ID: 43755, DB ID: 136470)
2025-12-28 12:35:45,231 - DEBUG - Upserted modifier: Fromage (V1 ID: 43756, DB ID: 136471)
2025-12-28 12:35:45,806 - INFO - Inserted modifier group: Side Dishes for GYROS (ID: 2740)
2025-12-28 12:35:45,952 - DEBUG - Upserted modifier: Riz (V1 ID: 50722, DB ID: 136472)
2025-12-28 12:35:46,391 - DEBUG - Upserted modifier: Salade (V1 ID: 50723, DB ID: 136473)
2025-12-28 12:35:46,820 - DEBUG - Upserted modifier: Pommes de terre rôties (V1 ID: 50724, DB ID: 136474)
2025-12-28 12:35:47,449 - INFO - Inserted modifier group: Drinks 591ml NO PRICES (ID: 2741)
2025-12-28 12:35:47,599 - DEBUG - Upserted modifier: Mountain Dew (V1 ID: 50069, DB ID: 136475)
2025-12-28 12:35:48,089 - DEBUG - Upserted modifier: Bubbly (V1 ID: 50070, DB ID: 136476)
2025-12-28 12:35:48,550 - DEBUG - Upserted modifier: Perrier (V1 ID: 50071, DB ID: 136477)
2025-12-28 12:35:49,001 - DEBUG - Upserted modifier: Pepsi (V1 ID: 43733, DB ID: 136478)
2025-12-28 12:35:49,466 - DEBUG - Upserted modifier: Diet Pepsi (V1 ID: 43734, DB ID: 136479)
2025-12-28 12:35:49,924 - DEBUG - Upserted modifier: Orange Crush (V1 ID: 43735, DB ID: 136480)
2025-12-28 12:35:50,347 - DEBUG - Upserted modifier: 7 Up (V1 ID: 43736, DB ID: 136481)
2025-12-28 12:35:50,789 - DEBUG - Upserted modifier: Coke (V1 ID: 43737, DB ID: 136482)
2025-12-28 12:35:51,226 - DEBUG - Upserted modifier: Diet Coke (V1 ID: 43738, DB ID: 136483)
2025-12-28 12:35:51,648 - DEBUG - Upserted modifier: Iced Tea (V1 ID: 43739, DB ID: 136484)
2025-12-28 12:35:52,069 - DEBUG - Upserted modifier: Diet 7 Up (V1 ID: 43740, DB ID: 136485)
2025-12-28 12:35:52,499 - DEBUG - Upserted modifier: Cream Soda (V1 ID: 43741, DB ID: 136486)
2025-12-28 12:35:52,929 - DEBUG - Upserted modifier: Ginger Ale (V1 ID: 43742, DB ID: 136487)
2025-12-28 12:35:53,363 - DEBUG - Upserted modifier: Root Beer (V1 ID: 43743, DB ID: 136488)
2025-12-28 12:35:53,648 - INFO -   Done: 12 groups, 142 modifiers, 349 prices
2025-12-28 12:35:53,649 - INFO - ----------------------------------------
2025-12-28 12:35:53,649 - INFO - [20/20] Processing: Vieux Hull Pizza
2025-12-28 12:35:53,650 - INFO - Navigating to modifier groups page: https://menuadmin.menu.ca/?p=restaurants&display=editRestaurant&restaurant=1064&load=ingredientGroups&showLang=fr
2025-12-28 12:35:54,554 - DEBUG - Expanding all modifier group divs...
2025-12-28 12:35:55,073 - DEBUG - Group 11142: 2 active modifiers
2025-12-28 12:35:55,073 - DEBUG - Group 11143: 1 active modifiers
2025-12-28 12:35:55,073 - DEBUG - Group 11144: 9 active modifiers
2025-12-28 12:35:55,073 - DEBUG - Group 11145: 17 active modifiers
2025-12-28 12:35:55,073 - DEBUG - Group 11146: 2 active modifiers
2025-12-28 12:35:55,073 - DEBUG - Group 11147: 4 active modifiers
2025-12-28 12:35:55,073 - DEBUG - Group 11148: 5 active modifiers
2025-12-28 12:35:55,073 - DEBUG - Group 11459: 5 active modifiers
2025-12-28 12:35:55,073 - DEBUG - Group 11492: 1 active modifiers
2025-12-28 12:35:55,073 - DEBUG - Group 11493: 5 active modifiers
2025-12-28 12:35:55,095 - INFO - Processing modifier group: Beef or Chicken for NACHOS (ID: 11142)
2025-12-28 12:35:55,116 - INFO -   Found 2 modifiers (2 active, 0 inactive)
2025-12-28 12:35:55,119 - INFO - Processing modifier group: Gravy and Coleslaw for SUBS (ID: 11143)
2025-12-28 12:35:55,140 - INFO -   Found 2 modifiers (1 active, 1 inactive)
2025-12-28 12:35:55,144 - INFO - Processing modifier group: Subs Selection (ID: 11144)
2025-12-28 12:35:55,421 - INFO -   Found 31 modifiers (9 active, 22 inactive)
2025-12-28 12:35:55,424 - INFO - Processing modifier group: Pizza Toppings (ID: 11145)
2025-12-28 12:35:55,652 - INFO -   Found 31 modifiers (17 active, 14 inactive)
2025-12-28 12:35:55,655 - INFO - Processing modifier group: Crust Type (ID: 11146)
2025-12-28 12:35:55,672 - INFO -   Found 2 modifiers (2 active, 0 inactive)
2025-12-28 12:35:55,675 - INFO - Processing modifier group: Dips (ID: 11147)
2025-12-28 12:35:55,751 - INFO -   Found 9 modifiers (4 active, 5 inactive)
2025-12-28 12:35:55,754 - INFO - Processing modifier group: Wings (ID: 11148)
2025-12-28 12:35:55,836 - INFO -   Found 9 modifiers (5 active, 4 inactive)
2025-12-28 12:35:55,840 - INFO - Processing modifier group: Donuts flavours (ID: 11459)
2025-12-28 12:35:56,114 - INFO -   Found 31 modifiers (5 active, 26 inactive)
2025-12-28 12:35:56,118 - INFO - Processing modifier group: Upgrade to Poutine SUBS (ID: 11492)
2025-12-28 12:35:56,138 - INFO -   Found 2 modifiers (1 active, 1 inactive)
2025-12-28 12:35:56,142 - INFO - Processing modifier group: Drinks (ID: 11493)
2025-12-28 12:35:56,185 - INFO -   Found 6 modifiers (5 active, 1 inactive)
2025-12-28 12:35:56,185 - INFO - Total modifier groups extracted: 10
2025-12-28 12:35:56,503 - INFO - Inserted modifier group: Beef or Chicken for NACHOS (ID: 2742)
2025-12-28 12:35:56,659 - DEBUG - Upserted modifier: Poulet (V1 ID: 51585, DB ID: 136489)
2025-12-28 12:35:57,133 - DEBUG - Upserted modifier: Boeuf (V1 ID: 51586, DB ID: 136490)
2025-12-28 12:35:57,724 - INFO - Inserted modifier group: Gravy and Coleslaw for SUBS (ID: 2743)
2025-12-28 12:35:57,870 - DEBUG - Upserted modifier: Poutine (V1 ID: 53367, DB ID: 136491)
2025-12-28 12:35:58,289 - DEBUG - Upserted modifier: Sauce brune et salade de chou (V1 ID: 51587, DB ID: 136492)
2025-12-28 12:35:58,858 - INFO - Inserted modifier group: Subs Selection (ID: 2744)
2025-12-28 12:35:59,007 - DEBUG - Upserted modifier: Steak Sub (V1 ID: 51588, DB ID: 136493)
2025-12-28 12:35:59,439 - DEBUG - Upserted modifier: Pepperoni Sub (V1 ID: 51589, DB ID: 136494)
2025-12-28 12:35:59,889 - DEBUG - Upserted modifier: Jambon Sub (V1 ID: 51590, DB ID: 136495)
2025-12-28 12:36:00,329 - DEBUG - Upserted modifier: Poulet Sub (V1 ID: 51591, DB ID: 136496)
2025-12-28 12:36:00,752 - DEBUG - Upserted modifier: Pizza Sub (V1 ID: 51592, DB ID: 136497)
2025-12-28 12:36:01,175 - DEBUG - Upserted modifier: Bacon Sub (V1 ID: 51593, DB ID: 136498)
2025-12-28 12:36:01,609 - DEBUG - Upserted modifier: Hawaïenne Sub (V1 ID: 51594, DB ID: 136499)
2025-12-28 12:36:02,028 - DEBUG - Upserted modifier: Végétarienne Sub (V1 ID: 51595, DB ID: 136500)
2025-12-28 12:36:02,495 - DEBUG - Upserted modifier: Steak au sauce chipotle Sub (V1 ID: 51596, DB ID: 136501)
2025-12-28 12:36:02,962 - DEBUG - Upserted modifier: Pepperoni (V1 ID: 51597, DB ID: 136502)
2025-12-28 12:36:03,891 - DEBUG - Upserted modifier: Bacon (V1 ID: 51598, DB ID: 136503)
2025-12-28 12:36:04,803 - DEBUG - Upserted modifier: Champignons (V1 ID: 51599, DB ID: 136504)
2025-12-28 12:36:05,693 - DEBUG - Upserted modifier: Poivrons Verts (V1 ID: 51600, DB ID: 136505)
2025-12-28 12:36:06,579 - DEBUG - Upserted modifier: Origan (V1 ID: 51601, DB ID: 136506)
2025-12-28 12:36:07,458 - DEBUG - Upserted modifier: Basilic (V1 ID: 51602, DB ID: 136507)
2025-12-28 12:36:08,320 - DEBUG - Upserted modifier: Jambon (V1 ID: 51603, DB ID: 136508)
2025-12-28 12:36:09,172 - DEBUG - Upserted modifier: Ananas (V1 ID: 51604, DB ID: 136509)
2025-12-28 12:36:10,076 - DEBUG - Upserted modifier: Olives (V1 ID: 51605, DB ID: 136510)
2025-12-28 12:36:11,020 - DEBUG - Upserted modifier: Tomates (V1 ID: 51606, DB ID: 136511)
2025-12-28 12:36:11,964 - DEBUG - Upserted modifier: Oignons (V1 ID: 51607, DB ID: 136512)
2025-12-28 12:36:12,898 - DEBUG - Upserted modifier: Piments Forts (V1 ID: 51608, DB ID: 136513)
2025-12-28 12:36:13,783 - DEBUG - Upserted modifier: Poulet (V1 ID: 51609, DB ID: 136514)
2025-12-28 12:36:14,645 - DEBUG - Upserted modifier: Oignons Rouges (V1 ID: 51610, DB ID: 136515)
2025-12-28 12:36:15,520 - DEBUG - Upserted modifier: Saucisse Italienne (V1 ID: 51611, DB ID: 136516)
2025-12-28 12:36:16,384 - DEBUG - Upserted modifier: Fromage Feta (V1 ID: 51612, DB ID: 136517)
2025-12-28 12:36:17,293 - DEBUG - Upserted modifier: Viande Fumée (V1 ID: 51613, DB ID: 136518)
2025-12-28 12:36:18,172 - DEBUG - Upserted modifier: Cannelle (V1 ID: 53220, DB ID: 136519)
2025-12-28 12:36:18,656 - DEBUG - Upserted modifier: Sucre Glacée (V1 ID: 53221, DB ID: 136520)
2025-12-28 12:36:19,089 - DEBUG - Upserted modifier: Reeses (V1 ID: 53222, DB ID: 136521)
2025-12-28 12:36:19,549 - DEBUG - Upserted modifier: Froot Loops (V1 ID: 53223, DB ID: 136522)
2025-12-28 12:36:20,007 - DEBUG - Upserted modifier: Oreo (V1 ID: 53224, DB ID: 136523)
2025-12-28 12:36:20,600 - INFO - Inserted modifier group: Pizza Toppings (ID: 2745)
2025-12-28 12:36:20,742 - DEBUG - Upserted modifier: Steak Sub (V1 ID: 51588, DB ID: 136524)
2025-12-28 12:36:21,184 - DEBUG - Upserted modifier: Pepperoni Sub (V1 ID: 51589, DB ID: 136525)
2025-12-28 12:36:21,646 - DEBUG - Upserted modifier: Jambon Sub (V1 ID: 51590, DB ID: 136526)
2025-12-28 12:36:22,096 - DEBUG - Upserted modifier: Poulet Sub (V1 ID: 51591, DB ID: 136527)
2025-12-28 12:36:22,551 - DEBUG - Upserted modifier: Pizza Sub (V1 ID: 51592, DB ID: 136528)
2025-12-28 12:36:23,061 - DEBUG - Upserted modifier: Bacon Sub (V1 ID: 51593, DB ID: 136529)
2025-12-28 12:36:23,552 - DEBUG - Upserted modifier: Hawaïenne Sub (V1 ID: 51594, DB ID: 136530)
2025-12-28 12:36:24,030 - DEBUG - Upserted modifier: Végétarienne Sub (V1 ID: 51595, DB ID: 136531)
2025-12-28 12:36:24,503 - DEBUG - Upserted modifier: Steak au sauce chipotle Sub (V1 ID: 51596, DB ID: 136532)
2025-12-28 12:36:24,966 - DEBUG - Upserted modifier: Pepperoni (V1 ID: 51597, DB ID: 136533)
2025-12-28 12:36:25,829 - DEBUG - Upserted modifier: Bacon (V1 ID: 51598, DB ID: 136534)
2025-12-28 12:36:26,805 - DEBUG - Upserted modifier: Champignons (V1 ID: 51599, DB ID: 136535)
2025-12-28 12:36:27,743 - DEBUG - Upserted modifier: Poivrons Verts (V1 ID: 51600, DB ID: 136536)
2025-12-28 12:36:28,713 - DEBUG - Upserted modifier: Origan (V1 ID: 51601, DB ID: 136537)
2025-12-28 12:36:29,690 - DEBUG - Upserted modifier: Basilic (V1 ID: 51602, DB ID: 136538)
2025-12-28 12:36:30,605 - DEBUG - Upserted modifier: Jambon (V1 ID: 51603, DB ID: 136539)
2025-12-28 12:36:31,532 - DEBUG - Upserted modifier: Ananas (V1 ID: 51604, DB ID: 136540)
2025-12-28 12:36:32,426 - DEBUG - Upserted modifier: Olives (V1 ID: 51605, DB ID: 136541)
2025-12-28 12:36:33,294 - DEBUG - Upserted modifier: Tomates (V1 ID: 51606, DB ID: 136542)
2025-12-28 12:36:34,129 - DEBUG - Upserted modifier: Oignons (V1 ID: 51607, DB ID: 136543)
2025-12-28 12:36:35,011 - DEBUG - Upserted modifier: Piments Forts (V1 ID: 51608, DB ID: 136544)
2025-12-28 12:36:35,916 - DEBUG - Upserted modifier: Poulet (V1 ID: 51609, DB ID: 136545)
2025-12-28 12:36:36,786 - DEBUG - Upserted modifier: Oignons Rouges (V1 ID: 51610, DB ID: 136546)
2025-12-28 12:36:37,677 - DEBUG - Upserted modifier: Saucisse Italienne (V1 ID: 51611, DB ID: 136547)
2025-12-28 12:36:38,636 - DEBUG - Upserted modifier: Fromage Feta (V1 ID: 51612, DB ID: 136548)
2025-12-28 12:36:39,592 - DEBUG - Upserted modifier: Viande Fumée (V1 ID: 51613, DB ID: 136549)
2025-12-28 12:36:40,536 - DEBUG - Upserted modifier: Cannelle (V1 ID: 53220, DB ID: 136550)
2025-12-28 12:36:40,949 - DEBUG - Upserted modifier: Sucre Glacée (V1 ID: 53221, DB ID: 136551)
2025-12-28 12:36:41,425 - DEBUG - Upserted modifier: Reeses (V1 ID: 53222, DB ID: 136552)
2025-12-28 12:36:41,880 - DEBUG - Upserted modifier: Froot Loops (V1 ID: 53223, DB ID: 136553)
2025-12-28 12:36:42,299 - DEBUG - Upserted modifier: Oreo (V1 ID: 53224, DB ID: 136554)
2025-12-28 12:36:42,892 - INFO - Inserted modifier group: Crust Type (ID: 2746)
2025-12-28 12:36:43,047 - DEBUG - Upserted modifier: Croûte Mince (V1 ID: 51614, DB ID: 136555)
2025-12-28 12:36:43,502 - DEBUG - Upserted modifier: Croûte Epaisse (V1 ID: 51615, DB ID: 136556)
2025-12-28 12:36:44,081 - INFO - Inserted modifier group: Dips (ID: 2747)
2025-12-28 12:36:44,223 - DEBUG - Upserted modifier: Ail (V1 ID: 51616, DB ID: 136557)
2025-12-28 12:36:44,658 - DEBUG - Upserted modifier: Cheddar (V1 ID: 51617, DB ID: 136558)
2025-12-28 12:36:45,103 - DEBUG - Upserted modifier: Ranch (V1 ID: 51618, DB ID: 136559)
2025-12-28 12:36:45,533 - DEBUG - Upserted modifier: Marinara (V1 ID: 51619, DB ID: 136560)
2025-12-28 12:36:45,970 - DEBUG - Upserted modifier: Sauce BBQ (V1 ID: 51620, DB ID: 136561)
2025-12-28 12:36:46,410 - DEBUG - Upserted modifier: Miel et ail (V1 ID: 51621, DB ID: 136562)
2025-12-28 12:36:46,852 - DEBUG - Upserted modifier: Sauce douce (V1 ID: 51622, DB ID: 136563)
2025-12-28 12:36:47,271 - DEBUG - Upserted modifier: Sauce hot (V1 ID: 51623, DB ID: 136564)
2025-12-28 12:36:47,708 - DEBUG - Upserted modifier: Miel et moutarde (V1 ID: 51624, DB ID: 136565)
2025-12-28 12:36:48,299 - INFO - Inserted modifier group: Wings (ID: 2748)
2025-12-28 12:36:48,452 - DEBUG - Upserted modifier: Ail (V1 ID: 51616, DB ID: 136566)
2025-12-28 12:36:48,873 - DEBUG - Upserted modifier: Cheddar (V1 ID: 51617, DB ID: 136567)
2025-12-28 12:36:49,300 - DEBUG - Upserted modifier: Ranch (V1 ID: 51618, DB ID: 136568)
2025-12-28 12:36:49,778 - DEBUG - Upserted modifier: Marinara (V1 ID: 51619, DB ID: 136569)
2025-12-28 12:36:50,246 - DEBUG - Upserted modifier: Sauce BBQ (V1 ID: 51620, DB ID: 136570)
2025-12-28 12:36:50,719 - DEBUG - Upserted modifier: Miel et ail (V1 ID: 51621, DB ID: 136571)
2025-12-28 12:36:51,195 - DEBUG - Upserted modifier: Sauce douce (V1 ID: 51622, DB ID: 136572)
2025-12-28 12:36:51,678 - DEBUG - Upserted modifier: Sauce hot (V1 ID: 51623, DB ID: 136573)
2025-12-28 12:36:52,142 - DEBUG - Upserted modifier: Miel et moutarde (V1 ID: 51624, DB ID: 136574)
2025-12-28 12:36:52,794 - INFO - Inserted modifier group: Donuts flavours (ID: 2749)
2025-12-28 12:36:52,947 - DEBUG - Upserted modifier: Steak Sub (V1 ID: 51588, DB ID: 136575)
2025-12-28 12:36:53,361 - DEBUG - Upserted modifier: Pepperoni Sub (V1 ID: 51589, DB ID: 136576)
2025-12-28 12:36:53,813 - DEBUG - Upserted modifier: Jambon Sub (V1 ID: 51590, DB ID: 136577)
2025-12-28 12:36:54,243 - DEBUG - Upserted modifier: Poulet Sub (V1 ID: 51591, DB ID: 136578)
2025-12-28 12:36:54,675 - DEBUG - Upserted modifier: Pizza Sub (V1 ID: 51592, DB ID: 136579)
2025-12-28 12:36:55,128 - DEBUG - Upserted modifier: Bacon Sub (V1 ID: 51593, DB ID: 136580)
2025-12-28 12:36:55,579 - DEBUG - Upserted modifier: Hawaïenne Sub (V1 ID: 51594, DB ID: 136581)
2025-12-28 12:36:56,018 - DEBUG - Upserted modifier: Végétarienne Sub (V1 ID: 51595, DB ID: 136582)
2025-12-28 12:36:56,454 - DEBUG - Upserted modifier: Steak au sauce chipotle Sub (V1 ID: 51596, DB ID: 136583)
2025-12-28 12:36:56,911 - DEBUG - Upserted modifier: Pepperoni (V1 ID: 51597, DB ID: 136584)
2025-12-28 12:36:57,817 - DEBUG - Upserted modifier: Bacon (V1 ID: 51598, DB ID: 136585)
2025-12-28 12:36:58,760 - DEBUG - Upserted modifier: Champignons (V1 ID: 51599, DB ID: 136586)
2025-12-28 12:36:59,714 - DEBUG - Upserted modifier: Poivrons Verts (V1 ID: 51600, DB ID: 136587)
2025-12-28 12:37:00,634 - DEBUG - Upserted modifier: Origan (V1 ID: 51601, DB ID: 136588)
2025-12-28 12:37:01,551 - DEBUG - Upserted modifier: Basilic (V1 ID: 51602, DB ID: 136589)
2025-12-28 12:37:02,406 - DEBUG - Upserted modifier: Jambon (V1 ID: 51603, DB ID: 136590)
2025-12-28 12:37:03,311 - DEBUG - Upserted modifier: Ananas (V1 ID: 51604, DB ID: 136591)
2025-12-28 12:37:04,196 - DEBUG - Upserted modifier: Olives (V1 ID: 51605, DB ID: 136592)
2025-12-28 12:37:05,054 - DEBUG - Upserted modifier: Tomates (V1 ID: 51606, DB ID: 136593)
2025-12-28 12:37:05,927 - DEBUG - Upserted modifier: Oignons (V1 ID: 51607, DB ID: 136594)
2025-12-28 12:37:06,873 - DEBUG - Upserted modifier: Piments Forts (V1 ID: 51608, DB ID: 136595)
2025-12-28 12:37:07,781 - DEBUG - Upserted modifier: Poulet (V1 ID: 51609, DB ID: 136596)
2025-12-28 12:37:08,638 - DEBUG - Upserted modifier: Oignons Rouges (V1 ID: 51610, DB ID: 136597)
2025-12-28 12:37:09,491 - DEBUG - Upserted modifier: Saucisse Italienne (V1 ID: 51611, DB ID: 136598)
2025-12-28 12:37:10,358 - DEBUG - Upserted modifier: Fromage Feta (V1 ID: 51612, DB ID: 136599)
2025-12-28 12:37:11,196 - DEBUG - Upserted modifier: Viande Fumée (V1 ID: 51613, DB ID: 136600)
2025-12-28 12:37:12,071 - DEBUG - Upserted modifier: Cannelle (V1 ID: 53220, DB ID: 136601)
2025-12-28 12:37:12,506 - DEBUG - Upserted modifier: Sucre Glacée (V1 ID: 53221, DB ID: 136602)
2025-12-28 12:37:12,942 - DEBUG - Upserted modifier: Reeses (V1 ID: 53222, DB ID: 136603)
2025-12-28 12:37:13,374 - DEBUG - Upserted modifier: Froot Loops (V1 ID: 53223, DB ID: 136604)
2025-12-28 12:37:13,797 - DEBUG - Upserted modifier: Oreo (V1 ID: 53224, DB ID: 136605)
2025-12-28 12:37:14,440 - INFO - Inserted modifier group: Upgrade to Poutine SUBS (ID: 2750)
2025-12-28 12:37:14,587 - DEBUG - Upserted modifier: Poutine (V1 ID: 53367, DB ID: 136606)
2025-12-28 12:37:15,049 - DEBUG - Upserted modifier: Sauce brune et salade de chou (V1 ID: 51587, DB ID: 136607)
2025-12-28 12:37:15,687 - INFO - Inserted modifier group: Drinks (ID: 2751)
2025-12-28 12:37:15,838 - DEBUG - Upserted modifier: Pepsi (V1 ID: 53368, DB ID: 136608)
2025-12-28 12:37:16,306 - DEBUG - Upserted modifier: Diet Pepsi (V1 ID: 53369, DB ID: 136609)
2025-12-28 12:37:16,758 - DEBUG - Upserted modifier: Diet Pepsi (V1 ID: 53370, DB ID: 136610)
2025-12-28 12:37:17,251 - DEBUG - Upserted modifier: Orange Crush (V1 ID: 53371, DB ID: 136611)
2025-12-28 12:37:17,707 - DEBUG - Upserted modifier: Ginger Ale (V1 ID: 53372, DB ID: 136612)
2025-12-28 12:37:18,165 - DEBUG - Upserted modifier: 7 Up (V1 ID: 53373, DB ID: 136613)
2025-12-28 12:37:18,480 - INFO -   Done: 10 groups, 125 modifiers, 278 prices
2025-12-28 12:37:18,536 - INFO - ============================================================
2025-12-28 12:37:18,537 - INFO - SCRAPER COMPLETED
2025-12-28 12:37:18,537 - INFO - Total: 266 groups, 5162 modifiers, 10423 prices
2025-12-28 12:37:18,538 - INFO - ============================================================
