2025-12-28 12:43:25,411 - INFO - Logging to: C:\Users\santi\Menu.ca\Legacy Database\Migration Strategy\Scrapers\Menu Scrapers\V1 Scrapper\logs\missing_french_dish_linker_20251228_124325.log
2025-12-28 12:43:25,411 - INFO - ============================================================
2025-12-28 12:43:25,411 - INFO - FRENCH DISH-MODIFIER LINKER - Missing Restaurants
2025-12-28 12:43:25,411 - INFO - ============================================================
2025-12-28 12:43:25,785 - INFO - Database connected (attempt 1)
2025-12-28 12:43:26,130 - INFO - Found 7514 dishes already processed
2025-12-28 12:43:26,133 - INFO - Found 7514 already processed dishes
2025-12-28 12:43:33,654 - INFO - Navigating to CRM login page (attempt 1)...
2025-12-28 12:43:34,811 - INFO - Filling login credentials...
2025-12-28 12:43:35,822 - INFO - Login successful
2025-12-28 12:43:35,823 - INFO - ----------------------------------------
2025-12-28 12:43:35,823 - INFO - [1/20] Processing: Erman Pizza (V3: 211, V1: 350)
2025-12-28 12:43:36,208 - INFO -   [1/102] 10 Ailes (V3: 161998, source_id: 29239)
2025-12-28 12:43:38,347 - DEBUG -   Found active group: Extra wing (V1 ID: 2763, Category: e)
2025-12-28 12:43:38,352 - INFO -   10 Ailes: 1 active modifier groups
2025-12-28 12:43:38,718 - DEBUG -     Linked: 10 Ailes -> Extra wing
2025-12-28 12:43:38,928 - DEBUG -     Details: Extras (min:0, max:0, free:0, order:7)
2025-12-28 12:43:38,928 - INFO -     -> 1 links, 1 details
2025-12-28 12:43:38,928 - INFO -   [2/102] 15 Ailes (V3: 161999, source_id: 29240)
2025-12-28 12:43:40,797 - DEBUG -   Found active group: Extra wing (V1 ID: 2763, Category: e)
2025-12-28 12:43:40,802 - INFO -   15 Ailes: 1 active modifier groups
2025-12-28 12:43:41,078 - DEBUG -     Linked: 15 Ailes -> Extra wing
2025-12-28 12:43:41,261 - DEBUG -     Details: Extras (min:0, max:0, free:0, order:7)
2025-12-28 12:43:41,262 - INFO -     -> 1 links, 1 details
2025-12-28 12:43:41,262 - INFO -   [3/102] 2 Moyennes Lasagnes (V3: 162005, source_id: 29246)
2025-12-28 12:43:43,137 - DEBUG -   Found active group: Drinks can (V1 ID: 2850, Category: d)
2025-12-28 12:43:43,145 - INFO -   2 Moyennes Lasagnes: 1 active modifier groups
2025-12-28 12:43:43,433 - DEBUG -     Linked: 2 Moyennes Lasagnes -> Drinks can
2025-12-28 12:43:43,605 - DEBUG -     Details: Boissons (min:2, max:2, free:0, order:6)
2025-12-28 12:43:43,606 - INFO -     -> 1 links, 1 details
2025-12-28 12:43:43,606 - INFO -   [4/102] 2 Moyennes Spaghettis (V3: 162006, source_id: 29247)
2025-12-28 12:43:45,479 - DEBUG -   Found active group: Drinks can (V1 ID: 2850, Category: d)
2025-12-28 12:43:45,486 - INFO -   2 Moyennes Spaghettis: 1 active modifier groups
2025-12-28 12:43:45,771 - DEBUG -     Linked: 2 Moyennes Spaghettis -> Drinks can
2025-12-28 12:43:45,939 - DEBUG -     Details: Boissons (min:2, max:2, free:0, order:6)
2025-12-28 12:43:45,939 - INFO -     -> 1 links, 1 details
2025-12-28 12:43:45,939 - INFO -   [5/102] 2 Poutines (V3: 162004, source_id: 29245)
2025-12-28 12:43:47,819 - DEBUG -   Found active group: Drinks can (V1 ID: 2850, Category: d)
2025-12-28 12:43:47,826 - INFO -   2 Poutines: 1 active modifier groups
2025-12-28 12:43:48,111 - DEBUG -     Linked: 2 Poutines -> Drinks can
2025-12-28 12:43:48,286 - DEBUG -     Details: Boissons (min:2, max:2, free:0, order:6)
2025-12-28 12:43:48,286 - INFO -     -> 1 links, 1 details
2025-12-28 12:43:48,286 - INFO -   [6/102] 2 Souvlakis Deluxe (V3: 162013, source_id: 29253)
2025-12-28 12:43:50,117 - DEBUG -   Found active group: Drinks can (V1 ID: 2850, Category: d)
2025-12-28 12:43:50,123 - INFO -   2 Souvlakis Deluxe: 1 active modifier groups
2025-12-28 12:43:50,415 - DEBUG -     Linked: 2 Souvlakis Deluxe -> Drinks can
2025-12-28 12:43:50,601 - DEBUG -     Details: Boissons (min:1, max:1, free:0, order:6)
2025-12-28 12:43:50,601 - INFO -     -> 1 links, 1 details
2025-12-28 12:43:50,601 - INFO -   [7/102] 2 Souvlakis Pita Poulet (V3: 162012, source_id: 29251)
2025-12-28 12:43:52,473 - DEBUG -   Found active group: Drinks can (V1 ID: 2850, Category: d)
2025-12-28 12:43:52,480 - INFO -   2 Souvlakis Pita Poulet: 1 active modifier groups
2025-12-28 12:43:52,749 - DEBUG -     Linked: 2 Souvlakis Pita Poulet -> Drinks can
2025-12-28 12:43:52,924 - DEBUG -     Details: Boissons (min:1, max:1, free:0, order:6)
2025-12-28 12:43:52,924 - INFO -     -> 1 links, 1 details
2025-12-28 12:43:52,924 - INFO -   [8/102] 2 Steaks Pita (V3: 162014, source_id: 29254)
2025-12-28 12:43:54,799 - DEBUG -   Found active group: Drinks can (V1 ID: 2850, Category: d)
2025-12-28 12:43:54,805 - INFO -   2 Steaks Pita: 1 active modifier groups
2025-12-28 12:43:55,086 - DEBUG -     Linked: 2 Steaks Pita -> Drinks can
2025-12-28 12:43:55,268 - DEBUG -     Details: Boissons (min:1, max:1, free:0, order:6)
2025-12-28 12:43:55,268 - INFO -     -> 1 links, 1 details
2025-12-28 12:43:55,268 - INFO -   [9/102] 20 Ailes (V3: 162000, source_id: 29241)
2025-12-28 12:43:57,128 - DEBUG -   Found active group: Extra wing (V1 ID: 2763, Category: e)
2025-12-28 12:43:57,133 - INFO -   20 Ailes: 1 active modifier groups
2025-12-28 12:43:57,405 - DEBUG -     Linked: 20 Ailes -> Extra wing
2025-12-28 12:43:57,566 - DEBUG -     Details: Extras (min:0, max:0, free:0, order:7)
2025-12-28 12:43:57,566 - INFO -     -> 1 links, 1 details
2025-12-28 12:43:57,567 - INFO -   Progress: 10/102 dishes
2025-12-28 12:43:57,567 - INFO -   [10/102] 25 Ailes (V3: 162001, source_id: 29242)
2025-12-28 12:43:59,432 - DEBUG -   Found active group: Extra wing (V1 ID: 2763, Category: e)
2025-12-28 12:43:59,438 - INFO -   25 Ailes: 1 active modifier groups
2025-12-28 12:43:59,720 - DEBUG -     Linked: 25 Ailes -> Extra wing
2025-12-28 12:43:59,912 - DEBUG -     Details: Extras (min:0, max:0, free:0, order:7)
2025-12-28 12:43:59,912 - INFO -     -> 1 links, 1 details
2025-12-28 12:43:59,912 - INFO -   [11/102] 30 Ailes (V3: 162002, source_id: 29243)
2025-12-28 12:44:01,802 - DEBUG -   Found active group: Extra wing (V1 ID: 2763, Category: e)
2025-12-28 12:44:01,806 - INFO -   30 Ailes: 1 active modifier groups
2025-12-28 12:44:02,098 - DEBUG -     Linked: 30 Ailes -> Extra wing
2025-12-28 12:44:02,264 - DEBUG -     Details: Extras (min:0, max:0, free:0, order:7)
2025-12-28 12:44:02,265 - INFO -     -> 1 links, 1 details
2025-12-28 12:44:02,265 - INFO -   [12/102] 7 Up (V3: 162030, source_id: 29828)
2025-12-28 12:44:04,112 - DEBUG -   No active modifier groups for dish 7 Up
2025-12-28 12:44:04,112 - INFO -     -> 0 links, 0 details
2025-12-28 12:44:04,112 - INFO -   [13/102] 8 Ailes (V3: 161997, source_id: 29238)
2025-12-28 12:44:05,957 - DEBUG -   Found active group: Extra wing (V1 ID: 2763, Category: e)
2025-12-28 12:44:05,962 - INFO -   8 Ailes: 1 active modifier groups
2025-12-28 12:44:06,281 - DEBUG -     Linked: 8 Ailes -> Extra wing
2025-12-28 12:44:06,452 - DEBUG -     Details: Extras (min:0, max:0, free:0, order:7)
2025-12-28 12:44:06,452 - INFO -     -> 1 links, 1 details
2025-12-28 12:44:06,453 - INFO -   [14/102] Assiette de 10 Ailes de Poulet (V3: 162003, source_id: 29244)
2025-12-28 12:44:08,327 - DEBUG -   Found active group: Drinks can (V1 ID: 2850, Category: d)
2025-12-28 12:44:08,334 - INFO -   Assiette de 10 Ailes de Poulet: 1 active modifier groups
2025-12-28 12:44:08,655 - DEBUG -     Linked: Assiette de 10 Ailes de Poulet -> Drinks can
2025-12-28 12:44:08,825 - DEBUG -     Details: Boissons (min:1, max:1, free:0, order:6)
2025-12-28 12:44:08,825 - INFO -     -> 1 links, 1 details
2025-12-28 12:44:08,825 - INFO -   [15/102] Calzone avec Viande (V3: 161990, source_id: 29833)
2025-12-28 12:44:10,673 - DEBUG -   Found active group: Drinks can (V1 ID: 2850, Category: d)
2025-12-28 12:44:10,680 - INFO -   Calzone avec Viande: 1 active modifier groups
2025-12-28 12:44:10,961 - DEBUG -     Linked: Calzone avec Viande -> Drinks can
2025-12-28 12:44:11,136 - DEBUG -     Details: Boissons (min:1, max:1, free:0, order:6)
2025-12-28 12:44:11,137 - INFO -     -> 1 links, 1 details
2025-12-28 12:44:11,138 - INFO -   [16/102] Calzone Spécial Erman (V3: 161989, source_id: 29832)
2025-12-28 12:44:13,006 - DEBUG -   Found active group: Drinks can (V1 ID: 2850, Category: d)
2025-12-28 12:44:13,012 - INFO -   Calzone Spécial Erman: 1 active modifier groups
2025-12-28 12:44:13,314 - DEBUG -     Linked: Calzone Spécial Erman -> Drinks can
2025-12-28 12:44:13,473 - DEBUG -     Details: Boissons (min:1, max:1, free:0, order:6)
2025-12-28 12:44:13,474 - INFO -     -> 1 links, 1 details
2025-12-28 12:44:13,474 - INFO -   [17/102] Club Poutine (V3: 162008, source_id: 61239)
2025-12-28 12:44:15,327 - DEBUG -   No active modifier groups for dish Club Poutine
2025-12-28 12:44:15,328 - INFO -     -> 0 links, 0 details
2025-12-28 12:44:15,328 - INFO -   [18/102] Club Sandwich (V3: 162007, source_id: 61238)
2025-12-28 12:44:17,157 - DEBUG -   No active modifier groups for dish Club Sandwich
2025-12-28 12:44:17,157 - INFO -     -> 0 links, 0 details
2025-12-28 12:44:17,157 - INFO -   [19/102] Combo Erman A (V3: 161935, source_id: 29280)
2025-12-28 12:44:19,008 - DEBUG -   No active modifier groups for dish Combo Erman A
2025-12-28 12:44:19,008 - INFO -     -> 0 links, 0 details
2025-12-28 12:44:19,008 - INFO -   Progress: 20/102 dishes
2025-12-28 12:44:19,008 - INFO -   [20/102] Combo Erman B (V3: 161936, source_id: 29281)
2025-12-28 12:44:20,833 - DEBUG -   No active modifier groups for dish Combo Erman B
2025-12-28 12:44:20,833 - INFO -     -> 0 links, 0 details
2025-12-28 12:44:20,833 - INFO -   [21/102] Combo Erman C (V3: 161937, source_id: 29282)
2025-12-28 12:44:22,670 - DEBUG -   No active modifier groups for dish Combo Erman C
2025-12-28 12:44:22,670 - INFO -     -> 0 links, 0 details
2025-12-28 12:44:22,670 - INFO -   [22/102] Combo Erman D (V3: 161938, source_id: 29283)
2025-12-28 12:44:24,531 - DEBUG -   No active modifier groups for dish Combo Erman D
2025-12-28 12:44:24,531 - INFO -     -> 0 links, 0 details
2025-12-28 12:44:24,531 - INFO -   [23/102] Combo Erman E (V3: 161939, source_id: 29284)
2025-12-28 12:44:26,360 - DEBUG -   No active modifier groups for dish Combo Erman E
2025-12-28 12:44:26,360 - INFO -     -> 0 links, 0 details
2025-12-28 12:44:26,360 - INFO -   [24/102] Combo Erman F (V3: 161940, source_id: 29285)
2025-12-28 12:44:28,193 - DEBUG -   No active modifier groups for dish Combo Erman F
2025-12-28 12:44:28,193 - INFO -     -> 0 links, 0 details
2025-12-28 12:44:28,193 - INFO -   [25/102] Combo Erman G (V3: 161941, source_id: 29286)
2025-12-28 12:44:30,034 - DEBUG -   No active modifier groups for dish Combo Erman G
2025-12-28 12:44:30,034 - INFO -     -> 0 links, 0 details
2025-12-28 12:44:30,034 - INFO -   [26/102] Combo Erman H (V3: 161942, source_id: 29287)
2025-12-28 12:44:31,900 - DEBUG -   No active modifier groups for dish Combo Erman H
2025-12-28 12:44:31,900 - INFO -     -> 0 links, 0 details
2025-12-28 12:44:31,900 - INFO -   [27/102] Combo Erman I (V3: 161943, source_id: 29288)
2025-12-28 12:44:33,803 - DEBUG -   Found active group: Drinks 2L (V1 ID: 2851, Category: d)
2025-12-28 12:44:33,809 - INFO -   Combo Erman I: 1 active modifier groups
2025-12-28 12:44:34,342 - DEBUG -     Linked: Combo Erman I -> Drinks 2L
2025-12-28 12:44:34,597 - DEBUG -     Details: Boissons (min:1, max:1, free:0, order:6)
2025-12-28 12:44:34,597 - INFO -     -> 1 links, 1 details
2025-12-28 12:44:34,597 - INFO -   [28/102] Combo Erman J (V3: 161944, source_id: 29289)
2025-12-28 12:44:36,803 - DEBUG -   Found active group: Drinks can (V1 ID: 2850, Category: d)
2025-12-28 12:44:36,810 - INFO -   Combo Erman J: 1 active modifier groups
2025-12-28 12:44:37,535 - DEBUG -     Linked: Combo Erman J -> Drinks can
2025-12-28 12:44:37,941 - DEBUG -     Details: Boissons (min:2, max:2, free:0, order:6)
2025-12-28 12:44:37,941 - INFO -     -> 1 links, 1 details
2025-12-28 12:44:37,941 - INFO -   [29/102] Combo Erman K (V3: 161945, source_id: 29290)
2025-12-28 12:44:39,800 - DEBUG -   Found active group: Drinks can (V1 ID: 2850, Category: d)
2025-12-28 12:44:39,806 - INFO -   Combo Erman K: 1 active modifier groups
2025-12-28 12:44:40,115 - DEBUG -     Linked: Combo Erman K -> Drinks can
2025-12-28 12:44:40,296 - DEBUG -     Details: Boissons (min:2, max:2, free:0, order:6)
2025-12-28 12:44:40,296 - INFO -     -> 1 links, 1 details
2025-12-28 12:44:40,296 - INFO -   Progress: 30/102 dishes
2025-12-28 12:44:40,297 - INFO -   [30/102] Combo Erman L (V3: 161946, source_id: 29291)
2025-12-28 12:44:42,156 - DEBUG -   Found active group: Drinks 2L (V1 ID: 2851, Category: d)
2025-12-28 12:44:42,164 - INFO -   Combo Erman L: 1 active modifier groups
2025-12-28 12:44:42,462 - DEBUG -     Linked: Combo Erman L -> Drinks 2L
2025-12-28 12:44:42,627 - DEBUG -     Details: Boissons (min:1, max:1, free:0, order:6)
2025-12-28 12:44:42,627 - INFO -     -> 1 links, 1 details
2025-12-28 12:44:42,627 - INFO -   [31/102] Combo Erman M (V3: 161947, source_id: 29292)
2025-12-28 12:44:44,491 - DEBUG -   Found active group: Drinks can (V1 ID: 2850, Category: d)
2025-12-28 12:44:44,500 - INFO -   Combo Erman M: 1 active modifier groups
2025-12-28 12:44:44,832 - DEBUG -     Linked: Combo Erman M -> Drinks can
2025-12-28 12:44:45,015 - DEBUG -     Details: Boissons (min:2, max:2, free:0, order:6)
2025-12-28 12:44:45,015 - INFO -     -> 1 links, 1 details
2025-12-28 12:44:45,016 - INFO -   [32/102] Combo Erman N (V3: 161948, source_id: 29293)
2025-12-28 12:44:46,891 - DEBUG -   Found active group: Drinks can (V1 ID: 2850, Category: d)
2025-12-28 12:44:46,897 - INFO -   Combo Erman N: 1 active modifier groups
2025-12-28 12:44:47,243 - DEBUG -     Linked: Combo Erman N -> Drinks can
2025-12-28 12:44:47,422 - DEBUG -     Details: Boissons (min:2, max:2, free:0, order:6)
2025-12-28 12:44:47,422 - INFO -     -> 1 links, 1 details
2025-12-28 12:44:47,422 - INFO -   [33/102] Combo Erman O (V3: 161949, source_id: 29294)
2025-12-28 12:44:49,329 - DEBUG -   Found active group: Drinks can (V1 ID: 2850, Category: d)
2025-12-28 12:44:49,336 - INFO -   Combo Erman O: 1 active modifier groups
2025-12-28 12:44:49,616 - DEBUG -     Linked: Combo Erman O -> Drinks can
2025-12-28 12:44:49,781 - DEBUG -     Details: Boissons (min:2, max:2, free:0, order:6)
2025-12-28 12:44:49,781 - INFO -     -> 1 links, 1 details
2025-12-28 12:44:49,782 - INFO -   [34/102] Combo Erman P (V3: 161950, source_id: 29295)
2025-12-28 12:44:51,648 - DEBUG -   Found active group: Drinks 2L (V1 ID: 2851, Category: d)
2025-12-28 12:44:51,654 - INFO -   Combo Erman P: 1 active modifier groups
2025-12-28 12:44:51,997 - DEBUG -     Linked: Combo Erman P -> Drinks 2L
2025-12-28 12:44:52,175 - DEBUG -     Details: Boissons (min:1, max:1, free:0, order:6)
2025-12-28 12:44:52,175 - INFO -     -> 1 links, 1 details
2025-12-28 12:44:52,176 - INFO -   [35/102] Combo Erman Q (V3: 161951, source_id: 29296)
2025-12-28 12:44:54,081 - DEBUG -   Found active group: Drinks can (V1 ID: 2850, Category: d)
2025-12-28 12:44:54,091 - INFO -   Combo Erman Q: 1 active modifier groups
2025-12-28 12:44:54,398 - DEBUG -     Linked: Combo Erman Q -> Drinks can
2025-12-28 12:44:54,580 - DEBUG -     Details: Boissons (min:2, max:2, free:0, order:6)
2025-12-28 12:44:54,580 - INFO -     -> 1 links, 1 details
2025-12-28 12:44:54,581 - INFO -   [36/102] Combo Erman R (V3: 161952, source_id: 29297)
2025-12-28 12:44:56,425 - DEBUG -   Found active group: Drinks can (V1 ID: 2850, Category: d)
2025-12-28 12:44:56,431 - INFO -   Combo Erman R: 1 active modifier groups
2025-12-28 12:44:56,727 - DEBUG -     Linked: Combo Erman R -> Drinks can
2025-12-28 12:44:56,901 - DEBUG -     Details: Boissons (min:2, max:2, free:0, order:6)
2025-12-28 12:44:56,901 - INFO -     -> 1 links, 1 details
2025-12-28 12:44:56,902 - INFO -   [37/102] Combo Erman S (V3: 161953, source_id: 29298)
2025-12-28 12:44:58,749 - DEBUG -   Found active group: Drinks can (V1 ID: 2850, Category: d)
2025-12-28 12:44:58,755 - INFO -   Combo Erman S: 1 active modifier groups
2025-12-28 12:44:59,057 - DEBUG -     Linked: Combo Erman S -> Drinks can
2025-12-28 12:44:59,223 - DEBUG -     Details: Boissons (min:1, max:1, free:0, order:6)
2025-12-28 12:44:59,223 - INFO -     -> 1 links, 1 details
2025-12-28 12:44:59,224 - INFO -   [38/102] Combo Erman T (V3: 161954, source_id: 29306)
2025-12-28 12:45:01,101 - DEBUG -   Found active group: Drinks 2L (V1 ID: 2851, Category: d)
2025-12-28 12:45:01,108 - INFO -   Combo Erman T: 1 active modifier groups
2025-12-28 12:45:01,420 - DEBUG -     Linked: Combo Erman T -> Drinks 2L
2025-12-28 12:45:01,589 - DEBUG -     Details: Boissons (min:1, max:1, free:0, order:6)
2025-12-28 12:45:01,589 - INFO -     -> 1 links, 1 details
2025-12-28 12:45:01,589 - INFO -   [39/102] Cream Soda (V3: 162031, source_id: 29829)
2025-12-28 12:45:03,496 - DEBUG -   No active modifier groups for dish Cream Soda
2025-12-28 12:45:03,496 - INFO -     -> 0 links, 0 details
2025-12-28 12:45:03,496 - INFO -   Progress: 40/102 dishes
2025-12-28 12:45:03,496 - INFO -   [40/102] Deluxe (V3: 161959, source_id: 29153)
2025-12-28 12:45:05,326 - DEBUG -   No active modifier groups for dish Deluxe
2025-12-28 12:45:05,326 - INFO -     -> 0 links, 0 details
2025-12-28 12:45:05,326 - INFO -   [41/102] Deluxe (V3: 161976, source_id: 29208)
2025-12-28 12:45:07,172 - DEBUG -   Found active group: Pizza Toppings (V1 ID: 2760, Category: ci)
2025-12-28 12:45:07,189 - DEBUG -   Found active group: Crust Type (V1 ID: 2759, Category: br)
2025-12-28 12:45:07,192 - INFO -   Deluxe: 2 active modifier groups
2025-12-28 12:45:07,486 - DEBUG -     Linked: Deluxe -> Pizza Toppings
2025-12-28 12:45:07,661 - DEBUG -     Details: Ajouter des garnitures (min:0, max:0, free:0, order:2)
2025-12-28 12:45:07,952 - DEBUG -     Linked: Deluxe -> Crust Type
2025-12-28 12:45:08,100 - DEBUG -     Details: Choix de pain (min:0, max:0, free:0, order:1)
2025-12-28 12:45:08,100 - INFO -     -> 2 links, 2 details
2025-12-28 12:45:08,101 - INFO -   [42/102] Demi Poulet (V3: 161995, source_id: 29236)
2025-12-28 12:45:09,967 - DEBUG -   No active modifier groups for dish Demi Poulet
2025-12-28 12:45:09,968 - INFO -     -> 0 links, 0 details
2025-12-28 12:45:09,968 - INFO -   [43/102] Diet Pepsi (V3: 162029, source_id: 29827)
2025-12-28 12:45:11,834 - DEBUG -   No active modifier groups for dish Diet Pepsi
2025-12-28 12:45:11,834 - INFO -     -> 0 links, 0 details
2025-12-28 12:45:11,834 - INFO -   [44/102] Frites (V3: 162025, source_id: 29266)
2025-12-28 12:45:13,719 - DEBUG -   No active modifier groups for dish Frites
2025-12-28 12:45:13,719 - INFO -     -> 0 links, 0 details
2025-12-28 12:45:13,719 - INFO -   [45/102] Frites Sauce (V3: 162026, source_id: 29267)
2025-12-28 12:45:15,596 - DEBUG -   No active modifier groups for dish Frites Sauce
2025-12-28 12:45:15,596 - INFO -     -> 0 links, 0 details
2025-12-28 12:45:15,596 - INFO -   [46/102] Hawaïenne (V3: 161974, source_id: 29207)
2025-12-28 12:45:17,453 - DEBUG -   Found active group: Pizza Toppings (V1 ID: 2760, Category: ci)
2025-12-28 12:45:17,475 - DEBUG -   Found active group: Crust Type (V1 ID: 2759, Category: br)
2025-12-28 12:45:17,479 - INFO -   Hawaïenne: 2 active modifier groups
2025-12-28 12:45:17,771 - DEBUG -     Linked: Hawaïenne -> Pizza Toppings
2025-12-28 12:45:17,933 - DEBUG -     Details: Ajouter des garnitures (min:0, max:0, free:0, order:2)
2025-12-28 12:45:18,224 - DEBUG -     Linked: Hawaïenne -> Crust Type
2025-12-28 12:45:18,400 - DEBUG -     Details: Choix de pain (min:0, max:0, free:0, order:1)
2025-12-28 12:45:18,400 - INFO -     -> 2 links, 2 details
2025-12-28 12:45:18,400 - INFO -   [47/102] Hawaïenne (V3: 161957, source_id: 29152)
2025-12-28 12:45:20,283 - DEBUG -   No active modifier groups for dish Hawaïenne
2025-12-28 12:45:20,283 - INFO -     -> 0 links, 0 details
2025-12-28 12:45:20,283 - INFO -   [48/102] La Paysanne (V3: 161984, source_id: 29231)
2025-12-28 12:45:22,135 - DEBUG -   Found active group: Pizza Toppings (V1 ID: 2760, Category: ci)
2025-12-28 12:45:22,150 - DEBUG -   Found active group: Crust Type (V1 ID: 2759, Category: br)
2025-12-28 12:45:22,153 - INFO -   La Paysanne: 2 active modifier groups
2025-12-28 12:45:22,446 - DEBUG -     Linked: La Paysanne -> Pizza Toppings
2025-12-28 12:45:22,609 - DEBUG -     Details: Ajouter des garnitures (min:0, max:0, free:0, order:2)
2025-12-28 12:45:22,927 - DEBUG -     Linked: La Paysanne -> Crust Type
2025-12-28 12:45:23,087 - DEBUG -     Details: Choix de pain (min:0, max:0, free:0, order:1)
2025-12-28 12:45:23,088 - INFO -     -> 2 links, 2 details
2025-12-28 12:45:23,088 - INFO -   [49/102] La Paysanne (V3: 161967, source_id: 29162)
2025-12-28 12:45:24,958 - DEBUG -   No active modifier groups for dish La Paysanne
2025-12-28 12:45:24,958 - INFO -     -> 0 links, 0 details
2025-12-28 12:45:24,958 - INFO -   Progress: 50/102 dishes
2025-12-28 12:45:24,958 - INFO -   [50/102] La Pizza-Ghetti (V3: 161971, source_id: 61224)
2025-12-28 12:45:26,843 - DEBUG -   No active modifier groups for dish La Pizza-Ghetti
2025-12-28 12:45:26,843 - INFO -     -> 0 links, 0 details
2025-12-28 12:45:26,843 - INFO -   [51/102] La Pizza-Ghetti (V3: 161988, source_id: 61231)
2025-12-28 12:45:28,696 - DEBUG -   Found active group: Pizza Toppings (V1 ID: 2760, Category: ci)
2025-12-28 12:45:28,712 - DEBUG -   Found active group: Crust Type (V1 ID: 2759, Category: br)
2025-12-28 12:45:28,715 - INFO -   La Pizza-Ghetti: 2 active modifier groups
2025-12-28 12:45:28,990 - DEBUG -     Linked: La Pizza-Ghetti -> Pizza Toppings
2025-12-28 12:45:29,165 - DEBUG -     Details: Ajouter des garnitures (min:0, max:0, free:0, order:2)
2025-12-28 12:45:29,457 - DEBUG -     Linked: La Pizza-Ghetti -> Crust Type
2025-12-28 12:45:29,609 - DEBUG -     Details: Choix de pain (min:0, max:0, free:0, order:1)
2025-12-28 12:45:29,609 - INFO -     -> 2 links, 2 details
2025-12-28 12:45:29,609 - INFO -   [52/102] Lasagne Gratinée (V3: 162011, source_id: 29250)
2025-12-28 12:45:31,471 - DEBUG -   Found active group: Specialite Italiennes extras (V1 ID: 2852, Category: e)
2025-12-28 12:45:31,475 - INFO -   Lasagne Gratinée: 1 active modifier groups
2025-12-28 12:45:31,762 - DEBUG -     Linked: Lasagne Gratinée -> Specialite Italiennes extras
2025-12-28 12:45:31,918 - DEBUG -     Details: Extras (min:0, max:4, free:0, order:7)
2025-12-28 12:45:31,918 - INFO -     -> 1 links, 1 details
2025-12-28 12:45:31,918 - INFO -   [53/102] Lundi et Mardi En Folie (V3: 161933, source_id: 29319)
2025-12-28 12:45:33,781 - DEBUG -   Found active group: Drinks can (V1 ID: 2850, Category: d)
2025-12-28 12:45:33,789 - INFO -   Lundi et Mardi En Folie: 1 active modifier groups
2025-12-28 12:45:34,069 - DEBUG -     Linked: Lundi et Mardi En Folie -> Drinks can
2025-12-28 12:45:34,228 - DEBUG -     Details: Boissons (min:2, max:2, free:0, order:6)
2025-12-28 12:45:34,228 - INFO -     -> 1 links, 1 details
2025-12-28 12:45:34,229 - INFO -   [54/102] Mediterraneenne (V3: 161985, source_id: 29223)
2025-12-28 12:45:36,079 - DEBUG -   Found active group: Pizza Toppings (V1 ID: 2760, Category: ci)
2025-12-28 12:45:36,096 - DEBUG -   Found active group: Crust Type (V1 ID: 2759, Category: br)
2025-12-28 12:45:36,099 - INFO -   Mediterraneenne: 2 active modifier groups
2025-12-28 12:45:36,411 - DEBUG -     Linked: Mediterraneenne -> Pizza Toppings
2025-12-28 12:45:36,585 - DEBUG -     Details: Ajouter des garnitures (min:0, max:0, free:0, order:2)
2025-12-28 12:45:36,873 - DEBUG -     Linked: Mediterraneenne -> Crust Type
2025-12-28 12:45:37,026 - DEBUG -     Details: Choix de pain (min:0, max:0, free:0, order:1)
2025-12-28 12:45:37,027 - INFO -     -> 2 links, 2 details
2025-12-28 12:45:37,027 - INFO -   [55/102] Méditerranéenne (V3: 161968, source_id: 29159)
2025-12-28 12:45:39,082 - DEBUG -   No active modifier groups for dish Méditerranéenne
2025-12-28 12:45:39,082 - INFO -     -> 0 links, 0 details
2025-12-28 12:45:39,082 - INFO -   [56/102] Mega Spécial (V3: 161932, source_id: 29318)
2025-12-28 12:45:40,937 - DEBUG -   Found active group: Drinks 2L (V1 ID: 2851, Category: d)
2025-12-28 12:45:40,942 - INFO -   Mega Spécial: 1 active modifier groups
2025-12-28 12:45:41,229 - DEBUG -     Linked: Mega Spécial -> Drinks 2L
2025-12-28 12:45:41,421 - DEBUG -     Details: Boissons (min:1, max:1, free:0, order:6)
2025-12-28 12:45:41,421 - INFO -     -> 1 links, 1 details
2025-12-28 12:45:41,421 - INFO -   [57/102] Mexicaine (V3: 161979, source_id: 29210)
2025-12-28 12:45:43,274 - DEBUG -   Found active group: Pizza Toppings (V1 ID: 2760, Category: ci)
2025-12-28 12:45:43,291 - DEBUG -   Found active group: Crust Type (V1 ID: 2759, Category: br)
2025-12-28 12:45:43,294 - INFO -   Mexicaine: 2 active modifier groups
2025-12-28 12:45:43,578 - DEBUG -     Linked: Mexicaine -> Pizza Toppings
2025-12-28 12:45:43,739 - DEBUG -     Details: Ajouter des garnitures (min:0, max:0, free:0, order:2)
2025-12-28 12:45:44,040 - DEBUG -     Linked: Mexicaine -> Crust Type
2025-12-28 12:45:44,204 - DEBUG -     Details: Choix de pain (min:0, max:0, free:0, order:1)
2025-12-28 12:45:44,204 - INFO -     -> 2 links, 2 details
2025-12-28 12:45:44,205 - INFO -   [58/102] Méxicaine (V3: 161962, source_id: 29155)
2025-12-28 12:45:46,092 - DEBUG -   No active modifier groups for dish Méxicaine
2025-12-28 12:45:46,092 - INFO -     -> 0 links, 0 details
2025-12-28 12:45:46,092 - INFO -   [59/102] Mordu de la Viande (V3: 161987, source_id: 29219)
2025-12-28 12:45:47,941 - DEBUG -   Found active group: Pizza Toppings (V1 ID: 2760, Category: ci)
2025-12-28 12:45:47,956 - DEBUG -   Found active group: Crust Type (V1 ID: 2759, Category: br)
2025-12-28 12:45:47,959 - INFO -   Mordu de la Viande: 2 active modifier groups
2025-12-28 12:45:48,251 - DEBUG -     Linked: Mordu de la Viande -> Pizza Toppings
2025-12-28 12:45:48,417 - DEBUG -     Details: Ajouter des garnitures (min:0, max:0, free:0, order:2)
2025-12-28 12:45:48,717 - DEBUG -     Linked: Mordu de la Viande -> Crust Type
2025-12-28 12:45:48,884 - DEBUG -     Details: Choix de pain (min:0, max:0, free:0, order:1)
2025-12-28 12:45:48,884 - INFO -     -> 2 links, 2 details
2025-12-28 12:45:48,884 - INFO -   Progress: 60/102 dishes
2025-12-28 12:45:48,885 - INFO -   [60/102] Mordu de la Viande (V3: 161970, source_id: 29158)
2025-12-28 12:45:50,740 - DEBUG -   No active modifier groups for dish Mordu de la Viande
2025-12-28 12:45:50,740 - INFO -     -> 0 links, 0 details
2025-12-28 12:45:50,740 - INFO -   [61/102] Nature (V3: 161972, source_id: 29204)
2025-12-28 12:45:52,597 - DEBUG -   Found active group: Pizza Toppings (V1 ID: 2760, Category: ci)
2025-12-28 12:45:52,612 - DEBUG -   Found active group: Crust Type (V1 ID: 2759, Category: br)
2025-12-28 12:45:52,615 - INFO -   Nature: 2 active modifier groups
2025-12-28 12:45:52,899 - DEBUG -     Linked: Nature -> Pizza Toppings
2025-12-28 12:45:53,086 - DEBUG -     Details: Ajouter des garnitures (min:0, max:0, free:0, order:2)
2025-12-28 12:45:53,389 - DEBUG -     Linked: Nature -> Crust Type
2025-12-28 12:45:53,541 - DEBUG -     Details: Choix de pain (min:0, max:0, free:0, order:1)
2025-12-28 12:45:53,542 - INFO -     -> 2 links, 2 details
2025-12-28 12:45:53,542 - INFO -   [62/102] Nature (V3: 161955, source_id: 29149)
2025-12-28 12:45:55,408 - DEBUG -   No active modifier groups for dish Nature
2025-12-28 12:45:55,408 - INFO -     -> 0 links, 0 details
2025-12-28 12:45:55,408 - INFO -   [63/102] Nouveauté 3 Pizza Bambino (V3: 161934, source_id: 88173)
2025-12-28 12:45:57,273 - DEBUG -   No active modifier groups for dish Nouveauté 3 Pizza Bambino
2025-12-28 12:45:57,273 - INFO -     -> 0 links, 0 details
2025-12-28 12:45:57,273 - INFO -   [64/102] Pepperoni (V3: 161956, source_id: 29150)
2025-12-28 12:45:59,126 - DEBUG -   No active modifier groups for dish Pepperoni
2025-12-28 12:45:59,126 - INFO -     -> 0 links, 0 details
2025-12-28 12:45:59,126 - INFO -   [65/102] Pepperoni (V3: 161973, source_id: 29205)
2025-12-28 12:46:00,982 - DEBUG -   Found active group: Pizza Toppings (V1 ID: 2760, Category: ci)
2025-12-28 12:46:00,997 - DEBUG -   Found active group: Crust Type (V1 ID: 2759, Category: br)
2025-12-28 12:46:01,000 - INFO -   Pepperoni: 2 active modifier groups
2025-12-28 12:46:01,290 - DEBUG -     Linked: Pepperoni -> Pizza Toppings
2025-12-28 12:46:01,452 - DEBUG -     Details: Ajouter des garnitures (min:0, max:0, free:0, order:2)
2025-12-28 12:46:01,749 - DEBUG -     Linked: Pepperoni -> Crust Type
2025-12-28 12:46:01,905 - DEBUG -     Details: Choix de pain (min:0, max:0, free:0, order:1)
2025-12-28 12:46:01,905 - INFO -     -> 2 links, 2 details
2025-12-28 12:46:01,905 - INFO -   [66/102] Pepsi (V3: 162028, source_id: 29826)
2025-12-28 12:46:03,751 - DEBUG -   No active modifier groups for dish Pepsi
2025-12-28 12:46:03,751 - INFO -     -> 0 links, 0 details
2025-12-28 12:46:03,751 - INFO -   [67/102] Pizza Chef (V3: 161982, source_id: 102231)
2025-12-28 12:46:05,634 - DEBUG -   Found active group: Pizza Toppings (V1 ID: 2760, Category: ci)
2025-12-28 12:46:05,649 - DEBUG -   Found active group: Crust Type (V1 ID: 2759, Category: br)
2025-12-28 12:46:05,652 - INFO -   Pizza Chef: 2 active modifier groups
2025-12-28 12:46:05,924 - DEBUG -     Linked: Pizza Chef -> Pizza Toppings
2025-12-28 12:46:06,094 - DEBUG -     Details: Ajouter des garnitures (min:0, max:0, free:0, order:2)
2025-12-28 12:46:06,376 - DEBUG -     Linked: Pizza Chef -> Crust Type
2025-12-28 12:46:06,526 - DEBUG -     Details: Choix de pain (min:0, max:0, free:0, order:1)
2025-12-28 12:46:06,526 - INFO -     -> 2 links, 2 details
2025-12-28 12:46:06,526 - INFO -   [68/102] Pizza Chef (V3: 161965, source_id: 102229)
2025-12-28 12:46:08,364 - DEBUG -   No active modifier groups for dish Pizza Chef
2025-12-28 12:46:08,364 - INFO -     -> 0 links, 0 details
2025-12-28 12:46:08,364 - INFO -   [69/102] Pizza Poulet (V3: 161981, source_id: 29229)
2025-12-28 12:46:10,241 - DEBUG -   Found active group: Pizza Toppings (V1 ID: 2760, Category: ci)
2025-12-28 12:46:10,258 - DEBUG -   Found active group: Crust Type (V1 ID: 2759, Category: br)
2025-12-28 12:46:10,263 - INFO -   Pizza Poulet: 2 active modifier groups
2025-12-28 12:46:10,566 - DEBUG -     Linked: Pizza Poulet -> Pizza Toppings
2025-12-28 12:46:10,750 - DEBUG -     Details: Ajouter des garnitures (min:0, max:0, free:0, order:2)
2025-12-28 12:46:11,130 - DEBUG -     Linked: Pizza Poulet -> Crust Type
2025-12-28 12:46:11,291 - DEBUG -     Details: Choix de pain (min:0, max:0, free:0, order:1)
2025-12-28 12:46:11,291 - INFO -     -> 2 links, 2 details
2025-12-28 12:46:11,291 - INFO -   Progress: 70/102 dishes
2025-12-28 12:46:11,291 - INFO -   [70/102] Pizza Poulet (V3: 161964, source_id: 29160)
2025-12-28 12:46:13,142 - DEBUG -   No active modifier groups for dish Pizza Poulet
2025-12-28 12:46:13,142 - INFO -     -> 0 links, 0 details
2025-12-28 12:46:13,143 - INFO -   [71/102] Pizza Thon (V3: 161969, source_id: 102230)
2025-12-28 12:46:15,004 - DEBUG -   No active modifier groups for dish Pizza Thon
2025-12-28 12:46:15,004 - INFO -     -> 0 links, 0 details
2025-12-28 12:46:15,004 - INFO -   [72/102] Pizza Thon (V3: 161986, source_id: 102232)
2025-12-28 12:46:16,847 - DEBUG -   Found active group: Pizza Toppings (V1 ID: 2760, Category: ci)
2025-12-28 12:46:16,864 - DEBUG -   Found active group: Crust Type (V1 ID: 2759, Category: br)
2025-12-28 12:46:16,867 - INFO -   Pizza Thon: 2 active modifier groups
2025-12-28 12:46:17,185 - DEBUG -     Linked: Pizza Thon -> Pizza Toppings
2025-12-28 12:46:17,356 - DEBUG -     Details: Ajouter des garnitures (min:0, max:0, free:0, order:2)
2025-12-28 12:46:17,645 - DEBUG -     Linked: Pizza Thon -> Crust Type
2025-12-28 12:46:17,815 - DEBUG -     Details: Choix de pain (min:0, max:0, free:0, order:1)
2025-12-28 12:46:17,815 - INFO -     -> 2 links, 2 details
2025-12-28 12:46:17,815 - INFO -   [73/102] Poulet Entier (V3: 161996, source_id: 29237)
2025-12-28 12:46:19,691 - DEBUG -   No active modifier groups for dish Poulet Entier
2025-12-28 12:46:19,691 - INFO -     -> 0 links, 0 details
2025-12-28 12:46:19,691 - INFO -   [74/102] Poutine (V3: 162018, source_id: 29259)
2025-12-28 12:46:21,537 - DEBUG -   Found active group: Poutines extra Toppings (V1 ID: 2764, Category: ci)
2025-12-28 12:46:21,548 - INFO -   Poutine: 1 active modifier groups
2025-12-28 12:46:21,837 - DEBUG -     Linked: Poutine -> Poutines extra Toppings
2025-12-28 12:46:22,002 - DEBUG -     Details: Ajouter des garnitures (min:0, max:0, free:0, order:2)
2025-12-28 12:46:22,002 - INFO -     -> 1 links, 1 details
2025-12-28 12:46:22,003 - INFO -   [75/102] Poutine Galvaude (V3: 162020, source_id: 29263)
2025-12-28 12:46:23,864 - DEBUG -   Found active group: Poutines extra Toppings (V1 ID: 2764, Category: ci)
2025-12-28 12:46:23,874 - INFO -   Poutine Galvaude: 1 active modifier groups
2025-12-28 12:46:24,163 - DEBUG -     Linked: Poutine Galvaude -> Poutines extra Toppings
2025-12-28 12:46:24,334 - DEBUG -     Details: Ajouter des garnitures (min:0, max:0, free:0, order:2)
2025-12-28 12:46:24,335 - INFO -     -> 1 links, 1 details
2025-12-28 12:46:24,335 - INFO -   [76/102] Poutine Gratinée (V3: 162022, source_id: 29262)
2025-12-28 12:46:26,182 - DEBUG -   Found active group: Poutines extra Toppings (V1 ID: 2764, Category: ci)
2025-12-28 12:46:26,193 - INFO -   Poutine Gratinée: 1 active modifier groups
2025-12-28 12:46:26,487 - DEBUG -     Linked: Poutine Gratinée -> Poutines extra Toppings
2025-12-28 12:46:26,664 - DEBUG -     Details: Ajouter des garnitures (min:0, max:0, free:0, order:2)
2025-12-28 12:46:26,664 - INFO -     -> 1 links, 1 details
2025-12-28 12:46:26,665 - INFO -   [77/102] Poutine Italienne (V3: 162021, source_id: 29261)
2025-12-28 12:46:28,521 - DEBUG -   Found active group: Poutines extra Toppings (V1 ID: 2764, Category: ci)
2025-12-28 12:46:28,532 - INFO -   Poutine Italienne: 1 active modifier groups
2025-12-28 12:46:28,822 - DEBUG -     Linked: Poutine Italienne -> Poutines extra Toppings
2025-12-28 12:46:28,984 - DEBUG -     Details: Ajouter des garnitures (min:0, max:0, free:0, order:2)
2025-12-28 12:46:28,984 - INFO -     -> 1 links, 1 details
2025-12-28 12:46:28,985 - INFO -   [78/102] Poutine Toute Garnie (V3: 162019, source_id: 29260)
2025-12-28 12:46:30,845 - DEBUG -   Found active group: Poutines extra Toppings (V1 ID: 2764, Category: ci)
2025-12-28 12:46:30,856 - INFO -   Poutine Toute Garnie: 1 active modifier groups
2025-12-28 12:46:31,129 - DEBUG -     Linked: Poutine Toute Garnie -> Poutines extra Toppings
2025-12-28 12:46:31,319 - DEBUG -     Details: Ajouter des garnitures (min:0, max:0, free:0, order:2)
2025-12-28 12:46:31,319 - INFO -     -> 1 links, 1 details
2025-12-28 12:46:31,320 - INFO -   [79/102] Québécoise (V3: 161978, source_id: 29209)
2025-12-28 12:46:33,174 - DEBUG -   Found active group: Pizza Toppings (V1 ID: 2760, Category: ci)
2025-12-28 12:46:33,190 - DEBUG -   Found active group: Crust Type (V1 ID: 2759, Category: br)
2025-12-28 12:46:33,193 - INFO -   Québécoise: 2 active modifier groups
2025-12-28 12:46:33,484 - DEBUG -     Linked: Québécoise -> Pizza Toppings
2025-12-28 12:46:33,652 - DEBUG -     Details: Ajouter des garnitures (min:0, max:0, free:0, order:2)
2025-12-28 12:46:33,965 - DEBUG -     Linked: Québécoise -> Crust Type
2025-12-28 12:46:34,117 - DEBUG -     Details: Choix de pain (min:0, max:0, free:0, order:1)
2025-12-28 12:46:34,117 - INFO -     -> 2 links, 2 details
2025-12-28 12:46:34,118 - INFO -   Progress: 80/102 dishes
2025-12-28 12:46:34,118 - INFO -   [80/102] Québécoise (V3: 161961, source_id: 29154)
2025-12-28 12:46:36,006 - DEBUG -   No active modifier groups for dish Québécoise
2025-12-28 12:46:36,007 - INFO -     -> 0 links, 0 details
2025-12-28 12:46:36,007 - INFO -   [81/102] Raisin Crush (V3: 162032, source_id: 29830)
2025-12-28 12:46:38,067 - DEBUG -   No active modifier groups for dish Raisin Crush
2025-12-28 12:46:38,067 - INFO -     -> 0 links, 0 details
2025-12-28 12:46:38,067 - INFO -   [82/102] Rondelles d'Oignons (V3: 162027, source_id: 29268)
2025-12-28 12:46:40,282 - DEBUG -   No active modifier groups for dish Rondelles d'Oignons
2025-12-28 12:46:40,282 - INFO -     -> 0 links, 0 details
2025-12-28 12:46:40,282 - INFO -   [83/102] Root Beer (V3: 162033, source_id: 29831)
2025-12-28 12:46:42,165 - DEBUG -   No active modifier groups for dish Root Beer
2025-12-28 12:46:42,165 - INFO -     -> 0 links, 0 details
2025-12-28 12:46:42,165 - INFO -   [84/102] Salade César (V3: 162024, source_id: 29265)
2025-12-28 12:46:44,017 - DEBUG -   No active modifier groups for dish Salade César
2025-12-28 12:46:44,017 - INFO -     -> 0 links, 0 details
2025-12-28 12:46:44,017 - INFO -   [85/102] Salade du Chef (V3: 162023, source_id: 29264)
2025-12-28 12:46:45,864 - DEBUG -   No active modifier groups for dish Salade du Chef
2025-12-28 12:46:45,864 - INFO -     -> 0 links, 0 details
2025-12-28 12:46:45,864 - INFO -   [86/102] Siciliana (V3: 161966, source_id: 29161)
2025-12-28 12:46:47,716 - DEBUG -   No active modifier groups for dish Siciliana
2025-12-28 12:46:47,716 - INFO -     -> 0 links, 0 details
2025-12-28 12:46:47,716 - INFO -   [87/102] Siciliana (V3: 161983, source_id: 29230)
2025-12-28 12:46:49,574 - DEBUG -   Found active group: Pizza Toppings (V1 ID: 2760, Category: ci)
2025-12-28 12:46:49,589 - DEBUG -   Found active group: Crust Type (V1 ID: 2759, Category: br)
2025-12-28 12:46:49,592 - INFO -   Siciliana: 2 active modifier groups
2025-12-28 12:46:49,873 - DEBUG -     Linked: Siciliana -> Pizza Toppings
2025-12-28 12:46:50,049 - DEBUG -     Details: Ajouter des garnitures (min:0, max:0, free:0, order:2)
2025-12-28 12:46:50,352 - DEBUG -     Linked: Siciliana -> Crust Type
2025-12-28 12:46:50,514 - DEBUG -     Details: Choix de pain (min:0, max:0, free:0, order:1)
2025-12-28 12:46:50,514 - INFO -     -> 2 links, 2 details
2025-12-28 12:46:50,514 - INFO -   [88/102] Souvlaki Pita au Poulet (V3: 162015, source_id: 29256)
2025-12-28 12:46:52,364 - DEBUG -   No active modifier groups for dish Souvlaki Pita au Poulet
2025-12-28 12:46:52,364 - INFO -     -> 0 links, 0 details
2025-12-28 12:46:52,364 - INFO -   [89/102] Souvlaki Pita Deluxe (V3: 162016, source_id: 29257)
2025-12-28 12:46:54,233 - DEBUG -   No active modifier groups for dish Souvlaki Pita Deluxe
2025-12-28 12:46:54,233 - INFO -     -> 0 links, 0 details
2025-12-28 12:46:54,234 - INFO -   Progress: 90/102 dishes
2025-12-28 12:46:54,234 - INFO -   [90/102] Spaghetti avec sauce à la viande (V3: 162009, source_id: 29248)
2025-12-28 12:46:56,107 - DEBUG -   Found active group: Specialite Italiennes extras (V1 ID: 2852, Category: e)
2025-12-28 12:46:56,111 - INFO -   Spaghetti avec sauce à la viande: 1 active modifier groups
2025-12-28 12:46:56,408 - DEBUG -     Linked: Spaghetti avec sauce à la viande -> Specialite Italiennes extras
2025-12-28 12:46:56,575 - DEBUG -     Details: Extras (min:0, max:4, free:0, order:7)
2025-12-28 12:46:56,575 - INFO -     -> 1 links, 1 details
2025-12-28 12:46:56,576 - INFO -   [91/102] Spaghetti Gratinée (V3: 162010, source_id: 29249)
2025-12-28 12:46:58,443 - DEBUG -   Found active group: Specialite Italiennes extras (V1 ID: 2852, Category: e)
2025-12-28 12:46:58,447 - INFO -   Spaghetti Gratinée: 1 active modifier groups
2025-12-28 12:46:58,732 - DEBUG -     Linked: Spaghetti Gratinée -> Specialite Italiennes extras
2025-12-28 12:46:58,900 - DEBUG -     Details: Extras (min:0, max:4, free:0, order:7)
2025-12-28 12:46:58,901 - INFO -     -> 1 links, 1 details
2025-12-28 12:46:58,901 - INFO -   [92/102] Spécial Erman (V3: 161993, source_id: 29234)
2025-12-28 12:47:00,755 - DEBUG -   Found active group: Submarines extra (V1 ID: 2762, Category: ci)
2025-12-28 12:47:00,765 - INFO -   Spécial Erman: 1 active modifier groups
2025-12-28 12:47:01,053 - DEBUG -     Linked: Spécial Erman -> Submarines extra
2025-12-28 12:47:01,220 - DEBUG -     Details: Ajouter des garnitures (min:0, max:0, free:0, order:2)
2025-12-28 12:47:01,221 - INFO -     -> 1 links, 1 details
2025-12-28 12:47:01,221 - INFO -   [93/102] Spécial Maison #1 (V3: 161991, source_id: 29232)
2025-12-28 12:47:03,099 - DEBUG -   Found active group: Submarines extra (V1 ID: 2762, Category: ci)
2025-12-28 12:47:03,110 - INFO -   Spécial Maison #1: 1 active modifier groups
2025-12-28 12:47:03,396 - DEBUG -     Linked: Spécial Maison #1 -> Submarines extra
2025-12-28 12:47:03,555 - DEBUG -     Details: Ajouter des garnitures (min:0, max:0, free:0, order:2)
2025-12-28 12:47:03,555 - INFO -     -> 1 links, 1 details
2025-12-28 12:47:03,555 - INFO -   [94/102] Spécial Maison #2 (V3: 161992, source_id: 29233)
2025-12-28 12:47:05,409 - DEBUG -   Found active group: Submarines extra (V1 ID: 2762, Category: ci)
2025-12-28 12:47:05,419 - INFO -   Spécial Maison #2: 1 active modifier groups
2025-12-28 12:47:05,699 - DEBUG -     Linked: Spécial Maison #2 -> Submarines extra
2025-12-28 12:47:05,860 - DEBUG -     Details: Ajouter des garnitures (min:0, max:0, free:0, order:2)
2025-12-28 12:47:05,861 - INFO -     -> 1 links, 1 details
2025-12-28 12:47:05,861 - INFO -   [95/102] Spéciale Erman (V3: 161980, source_id: 29212)
2025-12-28 12:47:07,730 - DEBUG -   Found active group: Pizza Toppings (V1 ID: 2760, Category: ci)
2025-12-28 12:47:07,745 - DEBUG -   Found active group: Crust Type (V1 ID: 2759, Category: br)
2025-12-28 12:47:07,748 - INFO -   Spéciale Erman: 2 active modifier groups
2025-12-28 12:47:08,033 - DEBUG -     Linked: Spéciale Erman -> Pizza Toppings
2025-12-28 12:47:08,205 - DEBUG -     Details: Ajouter des garnitures (min:0, max:0, free:0, order:2)
2025-12-28 12:47:08,507 - DEBUG -     Linked: Spéciale Erman -> Crust Type
2025-12-28 12:47:08,658 - DEBUG -     Details: Choix de pain (min:0, max:0, free:0, order:1)
2025-12-28 12:47:08,658 - INFO -     -> 2 links, 2 details
2025-12-28 12:47:08,658 - INFO -   [96/102] Spéciale Erman (V3: 161963, source_id: 29157)
2025-12-28 12:47:10,528 - DEBUG -   No active modifier groups for dish Spéciale Erman
2025-12-28 12:47:10,528 - INFO -     -> 0 links, 0 details
2025-12-28 12:47:10,528 - INFO -   [97/102] Steak Pita (V3: 162017, source_id: 29258)
2025-12-28 12:47:12,361 - DEBUG -   No active modifier groups for dish Steak Pita
2025-12-28 12:47:12,361 - INFO -     -> 0 links, 0 details
2025-12-28 12:47:12,361 - INFO -   [98/102] Toute Garnie (V3: 161975, source_id: 29206)
2025-12-28 12:47:14,217 - DEBUG -   Found active group: Pizza Toppings (V1 ID: 2760, Category: ci)
2025-12-28 12:47:14,232 - DEBUG -   Found active group: Crust Type (V1 ID: 2759, Category: br)
2025-12-28 12:47:14,235 - INFO -   Toute Garnie: 2 active modifier groups
2025-12-28 12:47:14,507 - DEBUG -     Linked: Toute Garnie -> Pizza Toppings
2025-12-28 12:47:14,680 - DEBUG -     Details: Ajouter des garnitures (min:0, max:0, free:0, order:2)
2025-12-28 12:47:14,966 - DEBUG -     Linked: Toute Garnie -> Crust Type
2025-12-28 12:47:15,127 - DEBUG -     Details: Choix de pain (min:0, max:0, free:0, order:1)
2025-12-28 12:47:15,127 - INFO -     -> 2 links, 2 details
2025-12-28 12:47:15,128 - INFO -   [99/102] Toute Garnie (V3: 161958, source_id: 29151)
2025-12-28 12:47:16,984 - DEBUG -   No active modifier groups for dish Toute Garnie
2025-12-28 12:47:16,985 - INFO -     -> 0 links, 0 details
2025-12-28 12:47:16,985 - INFO -   Progress: 100/102 dishes
2025-12-28 12:47:16,985 - INFO -   [100/102] Végétarien (V3: 161994, source_id: 29235)
2025-12-28 12:47:18,841 - DEBUG -   Found active group: Submarines extra (V1 ID: 2762, Category: ci)
2025-12-28 12:47:18,852 - INFO -   Végétarien: 1 active modifier groups
2025-12-28 12:47:19,139 - DEBUG -     Linked: Végétarien -> Submarines extra
2025-12-28 12:47:19,306 - DEBUG -     Details: Ajouter des garnitures (min:0, max:0, free:0, order:2)
2025-12-28 12:47:19,306 - INFO -     -> 1 links, 1 details
2025-12-28 12:47:19,308 - INFO -   [101/102] Végétarienne (V3: 161960, source_id: 29156)
2025-12-28 12:47:21,196 - DEBUG -   No active modifier groups for dish Végétarienne
2025-12-28 12:47:21,196 - INFO -     -> 0 links, 0 details
2025-12-28 12:47:21,196 - INFO -   [102/102] Végétarienne (V3: 161977, source_id: 29211)
2025-12-28 12:47:23,057 - DEBUG -   Found active group: Pizza Toppings (V1 ID: 2760, Category: ci)
2025-12-28 12:47:23,073 - DEBUG -   Found active group: Crust Type (V1 ID: 2759, Category: br)
2025-12-28 12:47:23,076 - INFO -   Végétarienne: 2 active modifier groups
2025-12-28 12:47:23,353 - DEBUG -     Linked: Végétarienne -> Pizza Toppings
2025-12-28 12:47:23,522 - DEBUG -     Details: Ajouter des garnitures (min:0, max:0, free:0, order:2)
2025-12-28 12:47:23,814 - DEBUG -     Linked: Végétarienne -> Crust Type
2025-12-28 12:47:23,968 - DEBUG -     Details: Choix de pain (min:0, max:0, free:0, order:1)
2025-12-28 12:47:23,969 - INFO -     -> 2 links, 2 details
2025-12-28 12:47:23,969 - INFO -   Result: 102 processed, 0 skipped, 75 links, 75 details
2025-12-28 12:47:23,969 - INFO - ----------------------------------------
2025-12-28 12:47:23,970 - INFO - [2/20] Processing: Greber Pizza et Shawarma (V3: 736, V1: 974)
2025-12-28 12:47:24,139 - INFO -   [1/105] 1 Grande Pizza avec Ailes (V3: 154144, source_id: 106126)
2025-12-28 12:47:25,996 - DEBUG -   No active modifier groups for dish 1 Grande Pizza avec Ailes
2025-12-28 12:47:25,996 - INFO -     -> 0 links, 0 details
2025-12-28 12:47:25,996 - INFO -   [2/105] 1 Moyenne Pizza avec Ailes (V3: 154143, source_id: 106125)
2025-12-28 12:47:27,855 - DEBUG -   No active modifier groups for dish 1 Moyenne Pizza avec Ailes
2025-12-28 12:47:27,855 - INFO -     -> 0 links, 0 details
2025-12-28 12:47:27,855 - INFO -   [3/105] 1 Petite Pizza avec Ailes (V3: 154142, source_id: 106124)
2025-12-28 12:47:29,725 - DEBUG -   No active modifier groups for dish 1 Petite Pizza avec Ailes
2025-12-28 12:47:29,726 - INFO -     -> 0 links, 0 details
2025-12-28 12:47:29,726 - INFO -   [4/105] 12 Ailes (V3: 152239, source_id: 106080)
2025-12-28 12:47:31,579 - DEBUG -   Found active group: Wings Sauces (V1 ID: 9896, Category: sa)
2025-12-28 12:47:31,588 - INFO -   12 Ailes: 1 active modifier groups
2025-12-28 12:47:31,869 - DEBUG -     Linked: 12 Ailes -> Wings Sauces
2025-12-28 12:47:32,032 - DEBUG -     Details: Sauces (min:1, max:1, free:0, order:4)
2025-12-28 12:47:32,032 - INFO -     -> 1 links, 1 details
2025-12-28 12:47:32,033 - INFO -   [5/105] 2 Grandes Pizzas Spéciales (V3: 154141, source_id: 106123)
2025-12-28 12:47:33,892 - DEBUG -   No active modifier groups for dish 2 Grandes Pizzas Spéciales
2025-12-28 12:47:33,892 - INFO -     -> 0 links, 0 details
2025-12-28 12:47:33,892 - INFO -   [6/105] 2 Moyennes Pizzas Spéciales (V3: 154140, source_id: 106122)
2025-12-28 12:47:35,768 - DEBUG -   No active modifier groups for dish 2 Moyennes Pizzas Spéciales
2025-12-28 12:47:35,768 - INFO -     -> 0 links, 0 details
2025-12-28 12:47:35,768 - INFO -   [7/105] 2 Petites Pizzas Spéciales (V3: 154139, source_id: 106121)
2025-12-28 12:47:37,626 - DEBUG -   No active modifier groups for dish 2 Petites Pizzas Spéciales
2025-12-28 12:47:37,626 - INFO -     -> 0 links, 0 details
2025-12-28 12:47:37,627 - INFO -   [8/105] 2 Sandwichs Falafel (V3: 152224, source_id: 106066)
2025-12-28 12:47:39,487 - DEBUG -   No active modifier groups for dish 2 Sandwichs Falafel
2025-12-28 12:47:39,488 - INFO -     -> 0 links, 0 details
2025-12-28 12:47:39,488 - INFO -   [9/105] 2 Sandwichs Gyros au Boeuf (V3: 152225, source_id: 106067)
2025-12-28 12:47:41,361 - DEBUG -   No active modifier groups for dish 2 Sandwichs Gyros au Boeuf
2025-12-28 12:47:41,362 - INFO -     -> 0 links, 0 details
2025-12-28 12:47:41,362 - INFO -   Progress: 10/105 dishes
2025-12-28 12:47:41,362 - INFO -   [10/105] 2 Sandwichs Shawarma Boeuf (V3: 152223, source_id: 106065)
2025-12-28 12:47:43,195 - DEBUG -   No active modifier groups for dish 2 Sandwichs Shawarma Boeuf
2025-12-28 12:47:43,195 - INFO -     -> 0 links, 0 details
2025-12-28 12:47:43,195 - INFO -   [11/105] 2 Sandwichs Shawarma Poulet (V3: 152222, source_id: 106064)
2025-12-28 12:47:45,048 - DEBUG -   No active modifier groups for dish 2 Sandwichs Shawarma Poulet
2025-12-28 12:47:45,048 - INFO -     -> 0 links, 0 details
2025-12-28 12:47:45,048 - INFO -   [12/105] 24 Ailes (V3: 152240, source_id: 106081)
2025-12-28 12:47:46,912 - DEBUG -   Found active group: Wings Sauces (V1 ID: 9896, Category: sa)
2025-12-28 12:47:46,922 - INFO -   24 Ailes: 1 active modifier groups
2025-12-28 12:47:47,199 - DEBUG -     Linked: 24 Ailes -> Wings Sauces
2025-12-28 12:47:47,366 - DEBUG -     Details: Sauces (min:1, max:1, free:0, order:4)
2025-12-28 12:47:47,366 - INFO -     -> 1 links, 1 details
2025-12-28 12:47:47,366 - INFO -   [13/105] 36 Ailes (V3: 152241, source_id: 106082)
2025-12-28 12:47:49,218 - DEBUG -   Found active group: Wings Sauces (V1 ID: 9896, Category: sa)
2025-12-28 12:47:49,227 - INFO -   36 Ailes: 1 active modifier groups
2025-12-28 12:47:49,498 - DEBUG -     Linked: 36 Ailes -> Wings Sauces
2025-12-28 12:47:49,675 - DEBUG -     Details: Sauces (min:1, max:1, free:0, order:4)
2025-12-28 12:47:49,675 - INFO -     -> 1 links, 1 details
2025-12-28 12:47:49,676 - INFO -   [14/105] 7Up (V3: 152246, source_id: 106120)
2025-12-28 12:47:51,533 - DEBUG -   No active modifier groups for dish 7Up
2025-12-28 12:47:51,534 - INFO -     -> 0 links, 0 details
2025-12-28 12:47:51,534 - INFO -   [15/105] Amateur de Viande Pizza (V3: 152163, source_id: 106007)
2025-12-28 12:47:53,401 - DEBUG -   Found active group: Pizza Toppings (V1 ID: 9881, Category: ci)
2025-12-28 12:47:53,412 - DEBUG -   Found active group: Dips (V1 ID: 9888, Category: sa)
2025-12-28 12:47:53,427 - DEBUG -   Found active group: Crust type (V1 ID: 9880, Category: br)
2025-12-28 12:47:53,432 - INFO -   Amateur de Viande Pizza: 3 active modifier groups
2025-12-28 12:47:53,725 - DEBUG -     Linked: Amateur de Viande Pizza -> Pizza Toppings
2025-12-28 12:47:53,906 - DEBUG -     Details: Ajouter plus de garnitures (min:0, max:0, free:0, order:2)
2025-12-28 12:47:54,241 - DEBUG -     Linked: Amateur de Viande Pizza -> Dips
2025-12-28 12:47:54,411 - DEBUG -     Details: Trempette (min:0, max:0, free:0, order:4)
2025-12-28 12:47:54,690 - DEBUG -     Linked: Amateur de Viande Pizza -> Crust type
2025-12-28 12:47:54,860 - DEBUG -     Details: Choix de pain (min:0, max:0, free:0, order:1)
2025-12-28 12:47:54,860 - INFO -     -> 3 links, 3 details
2025-12-28 12:47:54,860 - INFO -   [16/105] Assiette de Brochette de Poulet (V3: 152178, source_id: 106021)
2025-12-28 12:47:56,717 - DEBUG -   No active modifier groups for dish Assiette de Brochette de Poulet
2025-12-28 12:47:56,717 - INFO -     -> 0 links, 0 details
2025-12-28 12:47:56,717 - INFO -   [17/105] Assiette de Shawarma (V3: 152213, source_id: 106055)
2025-12-28 12:47:58,647 - DEBUG -   Found active group: Shawarma Platters Custom Ing. (V1 ID: 9900, Category: ci)
2025-12-28 12:47:58,656 - DEBUG -   Found active group: Shawarma Platters Sauces on Side (V1 ID: 9897, Category: sa)
2025-12-28 12:47:58,668 - DEBUG -   Found active group: Shawarma Platter Extras (meat + pita) (V1 ID: 11165, Category: e)
2025-12-28 12:47:58,674 - INFO -   Assiette de Shawarma: 3 active modifier groups
2025-12-28 12:47:59,000 - DEBUG -     Linked: Assiette de Shawarma -> Shawarma Platters Custom Ing.
2025-12-28 12:47:59,176 - DEBUG -     Details: Ingrédients personnalisés (min:0, max:6, free:0, order:2)
2025-12-28 12:47:59,467 - DEBUG -     Linked: Assiette de Shawarma -> Shawarma Platters Sauces on Side
2025-12-28 12:47:59,630 - DEBUG -     Details: Petite sauce sur le côté (min:0, max:0, free:0, order:4)
2025-12-28 12:47:59,967 - DEBUG -     Linked: Assiette de Shawarma -> Shawarma Platter Extras (meat + pita)
2025-12-28 12:48:00,132 - DEBUG -     Details: Extras (min:0, max:0, free:0, order:7)
2025-12-28 12:48:00,132 - INFO -     -> 3 links, 3 details
2025-12-28 12:48:00,133 - INFO -   [18/105] Assiette de Souvlaki (porc) (V3: 152179, source_id: 106022)
2025-12-28 12:48:02,014 - DEBUG -   No active modifier groups for dish Assiette de Souvlaki (porc)
2025-12-28 12:48:02,014 - INFO -     -> 0 links, 0 details
2025-12-28 12:48:02,014 - INFO -   [19/105] Assiette Falafel (V3: 152211, source_id: 106053)
2025-12-28 12:48:03,874 - DEBUG -   Found active group: Falafel Platter Extra Falafel (V1 ID: 11166, Category: e)
2025-12-28 12:48:03,879 - INFO -   Assiette Falafel: 1 active modifier groups
2025-12-28 12:48:04,166 - DEBUG -     Linked: Assiette Falafel -> Falafel Platter Extra Falafel
2025-12-28 12:48:04,326 - DEBUG -     Details: Extras (min:0, max:0, free:0, order:7)
2025-12-28 12:48:04,327 - INFO -     -> 1 links, 1 details
2025-12-28 12:48:04,327 - INFO -   Progress: 20/105 dishes
2025-12-28 12:48:04,328 - INFO -   [20/105] Assiette Mixte (V3: 152216, source_id: 106057)
2025-12-28 12:48:06,181 - DEBUG -   No active modifier groups for dish Assiette Mixte
2025-12-28 12:48:06,181 - INFO -     -> 0 links, 0 details
2025-12-28 12:48:06,181 - INFO -   [21/105] Assiette Spécial (V3: 152187, source_id: 106030)
2025-12-28 12:48:08,035 - DEBUG -   Found active group: Platter Selection (V1 ID: 9884, Category: sd)
2025-12-28 12:48:08,043 - INFO -   Assiette Spécial: 1 active modifier groups
2025-12-28 12:48:08,324 - DEBUG -     Linked: Assiette Spécial -> Platter Selection
2025-12-28 12:48:08,488 - DEBUG -     Details: Assiette au choix (min:1, max:1, free:0, order:5)
2025-12-28 12:48:08,488 - INFO -     -> 1 links, 1 details
2025-12-28 12:48:08,489 - INFO -   [22/105] Assiette Truite Arc-en-Ciel (V3: 152217, source_id: 106059)
2025-12-28 12:48:10,340 - DEBUG -   No active modifier groups for dish Assiette Truite Arc-en-Ciel
2025-12-28 12:48:10,340 - INFO -     -> 0 links, 0 details
2025-12-28 12:48:10,340 - INFO -   [23/105] Assiette Végétarienne (V3: 152212, source_id: 106054)
2025-12-28 12:48:12,199 - DEBUG -   No active modifier groups for dish Assiette Végétarienne
2025-12-28 12:48:12,199 - INFO -     -> 0 links, 0 details
2025-12-28 12:48:12,200 - INFO -   [24/105] Baba Ghanouj (V3: 152235, source_id: 106076)
2025-12-28 12:48:14,062 - DEBUG -   No active modifier groups for dish Baba Ghanouj
2025-12-28 12:48:14,062 - INFO -     -> 0 links, 0 details
2025-12-28 12:48:14,062 - INFO -   [25/105] Bacon Pizza (V3: 152154, source_id: 105998)
2025-12-28 12:48:15,904 - DEBUG -   Found active group: Pizza Toppings (V1 ID: 9881, Category: ci)
2025-12-28 12:48:15,921 - DEBUG -   Found active group: Dips (V1 ID: 9888, Category: sa)
2025-12-28 12:48:15,943 - DEBUG -   Found active group: Crust type (V1 ID: 9880, Category: br)
2025-12-28 12:48:15,948 - INFO -   Bacon Pizza: 3 active modifier groups
2025-12-28 12:48:16,229 - DEBUG -     Linked: Bacon Pizza -> Pizza Toppings
2025-12-28 12:48:16,392 - DEBUG -     Details: Ajouter plus de garnitures (min:0, max:0, free:0, order:2)
2025-12-28 12:48:16,680 - DEBUG -     Linked: Bacon Pizza -> Dips
2025-12-28 12:48:16,840 - DEBUG -     Details: Trempette (min:0, max:0, free:0, order:4)
2025-12-28 12:48:17,131 - DEBUG -     Linked: Bacon Pizza -> Crust type
2025-12-28 12:48:17,285 - DEBUG -     Details: Choix de pain (min:0, max:0, free:0, order:1)
2025-12-28 12:48:17,286 - INFO -     -> 3 links, 3 details
2025-12-28 12:48:17,286 - INFO -   [26/105] Bacon Sub (V3: 152200, source_id: 115456)
2025-12-28 12:48:19,146 - DEBUG -   Found active group: Hot or Cold Sub (V1 ID: 9886, Category: cm)
2025-12-28 12:48:19,146 - INFO -   Bacon Sub: 1 active modifier groups
2025-12-28 12:48:19,437 - DEBUG -     Linked: Bacon Sub -> Hot or Cold Sub
2025-12-28 12:48:19,583 - DEBUG -     Details: Méthode de cuisson (min:0, max:0, free:0, order:8)
2025-12-28 12:48:19,583 - INFO -     -> 1 links, 1 details
2025-12-28 12:48:19,583 - INFO -   [27/105] Boulettes de Viande Sub (V3: 152205, source_id: 106047)
2025-12-28 12:48:21,436 - DEBUG -   Found active group: Hot or Cold Sub (V1 ID: 9886, Category: cm)
2025-12-28 12:48:21,436 - INFO -   Boulettes de Viande Sub: 1 active modifier groups
2025-12-28 12:48:21,723 - DEBUG -     Linked: Boulettes de Viande Sub -> Hot or Cold Sub
2025-12-28 12:48:21,878 - DEBUG -     Details: Méthode de cuisson (min:0, max:0, free:0, order:8)
2025-12-28 12:48:21,878 - INFO -     -> 1 links, 1 details
2025-12-28 12:48:21,878 - INFO -   [28/105] Brochette de Poulet (V3: 152214, source_id: 106056)
2025-12-28 12:48:23,726 - DEBUG -   No active modifier groups for dish Brochette de Poulet
2025-12-28 12:48:23,726 - INFO -     -> 0 links, 0 details
2025-12-28 12:48:23,726 - INFO -   [29/105] Brochette de Souvlaki (V3: 152215, source_id: 106058)
2025-12-28 12:48:25,689 - DEBUG -   No active modifier groups for dish Brochette de Souvlaki
2025-12-28 12:48:25,689 - INFO -     -> 0 links, 0 details
2025-12-28 12:48:25,689 - INFO -   Progress: 30/105 dishes
2025-12-28 12:48:25,689 - INFO -   [30/105] Champignons Pizza (V3: 152152, source_id: 105996)
2025-12-28 12:48:27,532 - DEBUG -   Found active group: Pizza Toppings (V1 ID: 9881, Category: ci)
2025-12-28 12:48:27,546 - DEBUG -   Found active group: Dips (V1 ID: 9888, Category: sa)
2025-12-28 12:48:27,563 - DEBUG -   Found active group: Crust type (V1 ID: 9880, Category: br)
2025-12-28 12:48:27,565 - INFO -   Champignons Pizza: 3 active modifier groups
2025-12-28 12:48:27,850 - DEBUG -     Linked: Champignons Pizza -> Pizza Toppings
2025-12-28 12:48:28,015 - DEBUG -     Details: Ajouter plus de garnitures (min:0, max:0, free:0, order:2)
2025-12-28 12:48:28,297 - DEBUG -     Linked: Champignons Pizza -> Dips
2025-12-28 12:48:28,472 - DEBUG -     Details: Trempette (min:0, max:0, free:0, order:4)
2025-12-28 12:48:28,759 - DEBUG -     Linked: Champignons Pizza -> Crust type
2025-12-28 12:48:28,907 - DEBUG -     Details: Choix de pain (min:0, max:0, free:0, order:1)
2025-12-28 12:48:28,907 - INFO -     -> 3 links, 3 details
2025-12-28 12:48:28,908 - INFO -   [31/105] Club Sandwich (V3: 152172, source_id: 106015)
2025-12-28 12:48:30,841 - DEBUG -   Found active group: Upgrade to poutine (V1 ID: 9892, Category: sd)
2025-12-28 12:48:30,852 - DEBUG -   Found active group: Extra Cheese for Club Sandwich (V1 ID: 9893, Category: e)
2025-12-28 12:48:30,857 - INFO -   Club Sandwich: 2 active modifier groups
2025-12-28 12:48:31,149 - DEBUG -     Linked: Club Sandwich -> Upgrade to poutine
2025-12-28 12:48:31,316 - DEBUG -     Details: Changez vos frites pour Poutine (min:0, max:1, free:0, order:5)
2025-12-28 12:48:31,607 - DEBUG -     Linked: Club Sandwich -> Extra Cheese for Club Sandwich
2025-12-28 12:48:31,781 - DEBUG -     Details: Extras (min:0, max:0, free:0, order:7)
2025-12-28 12:48:31,781 - INFO -     -> 2 links, 2 details
2025-12-28 12:48:31,781 - INFO -   [32/105] Coke (V3: 152243, source_id: 106117)
2025-12-28 12:48:33,639 - DEBUG -   No active modifier groups for dish Coke
2025-12-28 12:48:33,639 - INFO -     -> 0 links, 0 details
2025-12-28 12:48:33,639 - INFO -   [33/105] Combiné Pizza (V3: 152156, source_id: 106000)
2025-12-28 12:48:35,494 - DEBUG -   Found active group: Pizza Toppings (V1 ID: 9881, Category: ci)
2025-12-28 12:48:35,503 - DEBUG -   Found active group: Dips (V1 ID: 9888, Category: sa)
2025-12-28 12:48:35,516 - DEBUG -   Found active group: Crust type (V1 ID: 9880, Category: br)
2025-12-28 12:48:35,519 - INFO -   Combiné Pizza: 3 active modifier groups
2025-12-28 12:48:35,804 - DEBUG -     Linked: Combiné Pizza -> Pizza Toppings
2025-12-28 12:48:35,977 - DEBUG -     Details: Ajouter plus de garnitures (min:0, max:0, free:0, order:2)
2025-12-28 12:48:36,258 - DEBUG -     Linked: Combiné Pizza -> Dips
2025-12-28 12:48:36,435 - DEBUG -     Details: Trempette (min:0, max:0, free:0, order:4)
2025-12-28 12:48:36,756 - DEBUG -     Linked: Combiné Pizza -> Crust type
2025-12-28 12:48:36,928 - DEBUG -     Details: Choix de pain (min:0, max:0, free:0, order:1)
2025-12-28 12:48:36,928 - INFO -     -> 3 links, 3 details
2025-12-28 12:48:36,928 - INFO -   [34/105] Diet Coke (V3: 152245, source_id: 106119)
2025-12-28 12:48:38,813 - DEBUG -   No active modifier groups for dish Diet Coke
2025-12-28 12:48:38,813 - INFO -     -> 0 links, 0 details
2025-12-28 12:48:38,813 - INFO -   [35/105] Diet Pepsi (V3: 152244, source_id: 106118)
2025-12-28 12:48:40,703 - DEBUG -   No active modifier groups for dish Diet Pepsi
2025-12-28 12:48:40,703 - INFO -     -> 0 links, 0 details
2025-12-28 12:48:40,703 - INFO -   [36/105] Dinde Sub (V3: 152201, source_id: 106043)
2025-12-28 12:48:42,575 - DEBUG -   Found active group: Hot or Cold Sub (V1 ID: 9886, Category: cm)
2025-12-28 12:48:42,575 - INFO -   Dinde Sub: 1 active modifier groups
2025-12-28 12:48:47,647 - DEBUG -     Linked: Dinde Sub -> Hot or Cold Sub
2025-12-28 12:48:47,827 - DEBUG -     Details: Méthode de cuisson (min:0, max:0, free:0, order:8)
2025-12-28 12:48:47,827 - INFO -     -> 1 links, 1 details
2025-12-28 12:48:47,827 - INFO -   [37/105] Doigts de Poulet (V3: 152174, source_id: 106017)
2025-12-28 12:48:50,676 - DEBUG -   Found active group: Upgrade to poutine (V1 ID: 9892, Category: sd)
2025-12-28 12:48:50,683 - INFO -   Doigts de Poulet: 1 active modifier groups
2025-12-28 12:48:51,003 - DEBUG -     Linked: Doigts de Poulet -> Upgrade to poutine
2025-12-28 12:48:51,177 - DEBUG -     Details: Changez vos frites pour Poutine (min:0, max:1, free:0, order:5)
2025-12-28 12:48:51,177 - INFO -     -> 1 links, 1 details
2025-12-28 12:48:51,178 - INFO -   [38/105] Donair au Boeuf  (12”) (V3: 152170, source_id: 106013)
2025-12-28 12:48:54,891 - DEBUG -   Found active group: Donairs Sauces (V1 ID: 9890, Category: sa)
2025-12-28 12:48:54,901 - INFO -   Donair au Boeuf  (12”): 1 active modifier groups
2025-12-28 12:48:55,209 - DEBUG -     Linked: Donair au Boeuf  (12”) -> Donairs Sauces
2025-12-28 12:48:55,390 - DEBUG -     Details: Sauces (min:1, max:1, free:0, order:4)
2025-12-28 12:48:55,390 - INFO -     -> 1 links, 1 details
2025-12-28 12:48:55,391 - INFO -   [39/105] Donair au Poulet (12”) (V3: 152169, source_id: 106012)
2025-12-28 12:48:57,410 - DEBUG -   Found active group: Donairs Sauces (V1 ID: 9890, Category: sa)
2025-12-28 12:48:57,419 - INFO -   Donair au Poulet (12”): 1 active modifier groups
2025-12-28 12:48:57,721 - DEBUG -     Linked: Donair au Poulet (12”) -> Donairs Sauces
2025-12-28 12:48:57,911 - DEBUG -     Details: Sauces (min:1, max:1, free:0, order:4)
2025-12-28 12:48:57,912 - INFO -     -> 1 links, 1 details
2025-12-28 12:48:57,912 - INFO -   Progress: 40/105 dishes
2025-12-28 12:48:57,912 - INFO -   [40/105] Donair Spécial (V3: 152171, source_id: 106014)
2025-12-28 12:49:00,431 - DEBUG -   Found active group: Donairs Sauces (V1 ID: 9890, Category: sa)
2025-12-28 12:49:00,440 - INFO -   Donair Spécial: 1 active modifier groups
2025-12-28 12:49:00,738 - DEBUG -     Linked: Donair Spécial -> Donairs Sauces
2025-12-28 12:49:00,908 - DEBUG -     Details: Sauces (min:1, max:1, free:0, order:4)
2025-12-28 12:49:00,909 - INFO -     -> 1 links, 1 details
2025-12-28 12:49:00,909 - INFO -   [41/105] Falafel (V3: 152220, source_id: 106062)
2025-12-28 12:49:03,464 - DEBUG -   Found active group: Shawarma Platters Custom Ing. (V1 ID: 9900, Category: ci)
2025-12-28 12:49:03,475 - INFO -   Falafel: 1 active modifier groups
2025-12-28 12:49:03,755 - DEBUG -     Linked: Falafel -> Shawarma Platters Custom Ing.
2025-12-28 12:49:03,918 - DEBUG -     Details: Ingrédients personnalisés (min:0, max:6, free:0, order:2)
2025-12-28 12:49:03,919 - INFO -     -> 1 links, 1 details
2025-12-28 12:49:03,919 - INFO -   [42/105] Feuilles de Vigne Farcie (V3: 152238, source_id: 106079)
2025-12-28 12:49:05,776 - DEBUG -   No active modifier groups for dish Feuilles de Vigne Farcie
2025-12-28 12:49:05,776 - INFO -     -> 0 links, 0 details
2025-12-28 12:49:05,776 - INFO -   [43/105] Frites (V3: 152227, source_id: 106068)
2025-12-28 12:49:07,656 - DEBUG -   Found active group: Sauce for Fries (V1 ID: 9895, Category: e)
2025-12-28 12:49:07,661 - INFO -   Frites: 1 active modifier groups
2025-12-28 12:49:07,984 - DEBUG -     Linked: Frites -> Sauce for Fries
2025-12-28 12:49:08,159 - DEBUG -     Details: Ajouter la sauce (min:0, max:0, free:0, order:7)
2025-12-28 12:49:08,159 - INFO -     -> 1 links, 1 details
2025-12-28 12:49:08,159 - INFO -   [44/105] Frites (grosses) (V3: 152180, source_id: 106023)
2025-12-28 12:49:10,018 - DEBUG -   Found active group: Sauce for Fries (V1 ID: 9895, Category: e)
2025-12-28 12:49:10,022 - INFO -   Frites (grosses): 1 active modifier groups
2025-12-28 12:49:10,315 - DEBUG -     Linked: Frites (grosses) -> Sauce for Fries
2025-12-28 12:49:10,479 - DEBUG -     Details: Aouter la sauce (min:0, max:0, free:0, order:7)
2025-12-28 12:49:10,479 - INFO -     -> 1 links, 1 details
2025-12-28 12:49:10,479 - INFO -   [45/105] Frites Familiales (V3: 152182, source_id: 106025)
2025-12-28 12:49:12,354 - DEBUG -   Found active group: Sauce for Fries (V1 ID: 9895, Category: e)
2025-12-28 12:49:12,359 - INFO -   Frites Familiales: 1 active modifier groups
2025-12-28 12:49:12,645 - DEBUG -     Linked: Frites Familiales -> Sauce for Fries
2025-12-28 12:49:12,818 - DEBUG -     Details: Ajouter la sauce (min:0, max:0, free:0, order:7)
2025-12-28 12:49:12,818 - INFO -     -> 1 links, 1 details
2025-12-28 12:49:12,818 - INFO -   [46/105] Frites Familliales (V3: 152229, source_id: 106070)
2025-12-28 12:49:14,671 - DEBUG -   Found active group: Sauce for Fries (V1 ID: 9895, Category: e)
2025-12-28 12:49:14,675 - INFO -   Frites Familliales: 1 active modifier groups
2025-12-28 12:49:14,963 - DEBUG -     Linked: Frites Familliales -> Sauce for Fries
2025-12-28 12:49:15,127 - DEBUG -     Details: Ajouter la sauce (min:0, max:0, free:0, order:7)
2025-12-28 12:49:15,127 - INFO -     -> 1 links, 1 details
2025-12-28 12:49:15,127 - INFO -   [47/105] Frites Sauce (V3: 152228, source_id: 106069)
2025-12-28 12:49:16,998 - DEBUG -   Found active group: Sauce for Fries (V1 ID: 9895, Category: e)
2025-12-28 12:49:17,003 - INFO -   Frites Sauce: 1 active modifier groups
2025-12-28 12:49:17,304 - DEBUG -     Linked: Frites Sauce -> Sauce for Fries
2025-12-28 12:49:17,469 - DEBUG -     Details: Ajouter la sauce (min:0, max:0, free:0, order:7)
2025-12-28 12:49:17,469 - INFO -     -> 1 links, 1 details
2025-12-28 12:49:17,470 - INFO -   [48/105] Frites Sauce (grosses) (V3: 152181, source_id: 106024)
2025-12-28 12:49:19,336 - DEBUG -   Found active group: Sauce for Fries (V1 ID: 9895, Category: e)
2025-12-28 12:49:19,341 - INFO -   Frites Sauce (grosses): 1 active modifier groups
2025-12-28 12:49:19,661 - DEBUG -     Linked: Frites Sauce (grosses) -> Sauce for Fries
2025-12-28 12:49:19,839 - DEBUG -     Details: Ajouter la sauce (min:0, max:0, free:0, order:7)
2025-12-28 12:49:19,839 - INFO -     -> 1 links, 1 details
2025-12-28 12:49:19,839 - INFO -   [49/105] Fromage Pizza (V3: 152150, source_id: 105994)
2025-12-28 12:49:21,698 - DEBUG -   Found active group: Pizza Toppings (V1 ID: 9881, Category: ci)
2025-12-28 12:49:21,708 - DEBUG -   Found active group: Dips (V1 ID: 9888, Category: sa)
2025-12-28 12:49:21,722 - DEBUG -   Found active group: Crust type (V1 ID: 9880, Category: br)
2025-12-28 12:49:21,725 - INFO -   Fromage Pizza: 3 active modifier groups
2025-12-28 12:49:22,011 - DEBUG -     Linked: Fromage Pizza -> Pizza Toppings
2025-12-28 12:49:22,192 - DEBUG -     Details: Ajouter plus de garnitures (min:0, max:0, free:0, order:2)
2025-12-28 12:49:22,476 - DEBUG -     Linked: Fromage Pizza -> Dips
2025-12-28 12:49:22,653 - DEBUG -     Details: Trempette (min:0, max:0, free:0, order:4)
2025-12-28 12:49:22,959 - DEBUG -     Linked: Fromage Pizza -> Crust type
2025-12-28 12:49:23,127 - DEBUG -     Details: Choix de pain (min:0, max:0, free:0, order:1)
2025-12-28 12:49:23,128 - INFO -     -> 3 links, 3 details
2025-12-28 12:49:23,128 - INFO -   Progress: 50/105 dishes
2025-12-28 12:49:23,128 - INFO -   [50/105] Garnie Sub (V3: 152204, source_id: 106046)
2025-12-28 12:49:25,015 - DEBUG -   Found active group: Hot or Cold Sub (V1 ID: 9886, Category: cm)
2025-12-28 12:49:25,015 - INFO -   Garnie Sub: 1 active modifier groups
2025-12-28 12:49:25,309 - DEBUG -     Linked: Garnie Sub -> Hot or Cold Sub
2025-12-28 12:49:25,495 - DEBUG -     Details: Méthode de cuisson (min:0, max:0, free:0, order:8)
2025-12-28 12:49:25,496 - INFO -     -> 1 links, 1 details
2025-12-28 12:49:25,496 - INFO -   [51/105] GREBER Spécial Pizza (V3: 152157, source_id: 106001)
2025-12-28 12:49:27,380 - DEBUG -   Found active group: Pizza Toppings (V1 ID: 9881, Category: ci)
2025-12-28 12:49:27,390 - DEBUG -   Found active group: Dips (V1 ID: 9888, Category: sa)
2025-12-28 12:49:27,406 - DEBUG -   Found active group: Crust type (V1 ID: 9880, Category: br)
2025-12-28 12:49:27,410 - INFO -   GREBER Spécial Pizza: 3 active modifier groups
2025-12-28 12:49:27,744 - DEBUG -     Linked: GREBER Spécial Pizza -> Pizza Toppings
2025-12-28 12:49:27,914 - DEBUG -     Details: Ajouter plus de garnitures (min:0, max:0, free:0, order:2)
2025-12-28 12:49:28,208 - DEBUG -     Linked: GREBER Spécial Pizza -> Dips
2025-12-28 12:49:28,379 - DEBUG -     Details: Trempette (min:0, max:0, free:0, order:4)
2025-12-28 12:49:28,659 - DEBUG -     Linked: GREBER Spécial Pizza -> Crust type
2025-12-28 12:49:28,813 - DEBUG -     Details: Choix de pain (min:0, max:0, free:0, order:1)
2025-12-28 12:49:28,813 - INFO -     -> 3 links, 3 details
2025-12-28 12:49:28,814 - INFO -   [52/105] Grosse Poutine (V3: 152185, source_id: 106028)
2025-12-28 12:49:30,675 - DEBUG -   Found active group: Extra Cheese for Poutine (V1 ID: 9894, Category: e)
2025-12-28 12:49:30,680 - INFO -   Grosse Poutine: 1 active modifier groups
2025-12-28 12:49:30,958 - DEBUG -     Linked: Grosse Poutine -> Extra Cheese for Poutine
2025-12-28 12:49:31,127 - DEBUG -     Details: Extras (min:0, max:1, free:0, order:7)
2025-12-28 12:49:31,127 - INFO -     -> 1 links, 1 details
2025-12-28 12:49:31,127 - INFO -   [53/105] Grosse Poutine Italienne (V3: 152186, source_id: 106029)
2025-12-28 12:49:32,986 - DEBUG -   Found active group: Extra Cheese for Poutine (V1 ID: 9894, Category: e)
2025-12-28 12:49:32,991 - INFO -   Grosse Poutine Italienne: 1 active modifier groups
2025-12-28 12:49:33,300 - DEBUG -     Linked: Grosse Poutine Italienne -> Extra Cheese for Poutine
2025-12-28 12:49:33,470 - DEBUG -     Details: Extras (min:0, max:1, free:0, order:7)
2025-12-28 12:49:33,470 - INFO -     -> 1 links, 1 details
2025-12-28 12:49:33,471 - INFO -   [54/105] Gyros au Boeuf (V3: 152221, source_id: 106063)
2025-12-28 12:49:35,329 - DEBUG -   Found active group: Sandwiches Custom Ing (V1 ID: 9899, Category: ci)
2025-12-28 12:49:35,339 - INFO -   Gyros au Boeuf: 1 active modifier groups
2025-12-28 12:49:35,926 - DEBUG -     Linked: Gyros au Boeuf -> Sandwiches Custom Ing
2025-12-28 12:49:36,200 - DEBUG -     Details: Ingrédients personnalisés (min:0, max:6, free:0, order:2)
2025-12-28 12:49:36,201 - INFO -     -> 1 links, 1 details
2025-12-28 12:49:36,201 - INFO -   [55/105] Hamburger Steak (V3: 152175, source_id: 106018)
2025-12-28 12:49:38,326 - DEBUG -   Found active group: Upgrade to poutine (V1 ID: 9892, Category: sd)
2025-12-28 12:49:38,334 - INFO -   Hamburger Steak: 1 active modifier groups
2025-12-28 12:49:38,650 - DEBUG -     Linked: Hamburger Steak -> Upgrade to poutine
2025-12-28 12:49:38,824 - DEBUG -     Details: Changez vos frites pour Poutine (min:0, max:1, free:0, order:5)
2025-12-28 12:49:38,824 - INFO -     -> 1 links, 1 details
2025-12-28 12:49:38,825 - INFO -   [56/105] Hawaïenne Pizza (V3: 152160, source_id: 106004)
2025-12-28 12:49:40,706 - DEBUG -   Found active group: Pizza Toppings (V1 ID: 9881, Category: ci)
2025-12-28 12:49:40,715 - DEBUG -   Found active group: Dips (V1 ID: 9888, Category: sa)
2025-12-28 12:49:40,730 - DEBUG -   Found active group: Crust type (V1 ID: 9880, Category: br)
2025-12-28 12:49:40,733 - INFO -   Hawaïenne Pizza: 3 active modifier groups
2025-12-28 12:49:41,028 - DEBUG -     Linked: Hawaïenne Pizza -> Pizza Toppings
2025-12-28 12:49:41,206 - DEBUG -     Details: Ajouter plus de garnitures (min:0, max:0, free:0, order:2)
2025-12-28 12:49:41,494 - DEBUG -     Linked: Hawaïenne Pizza -> Dips
2025-12-28 12:49:41,661 - DEBUG -     Details: Trempette (min:0, max:0, free:0, order:4)
2025-12-28 12:49:41,984 - DEBUG -     Linked: Hawaïenne Pizza -> Crust type
2025-12-28 12:49:42,134 - DEBUG -     Details: Choix de pain (min:0, max:0, free:0, order:1)
2025-12-28 12:49:42,134 - INFO -     -> 3 links, 3 details
2025-12-28 12:49:42,135 - INFO -   [57/105] Hawaïenne Sub (V3: 152208, source_id: 106050)
2025-12-28 12:49:44,003 - DEBUG -   No active modifier groups for dish Hawaïenne Sub
2025-12-28 12:49:44,003 - INFO -     -> 0 links, 0 details
2025-12-28 12:49:44,003 - INFO -   [58/105] Hummos (V3: 152236, source_id: 106077)
2025-12-28 12:49:45,853 - DEBUG -   No active modifier groups for dish Hummos
2025-12-28 12:49:45,854 - INFO -     -> 0 links, 0 details
2025-12-28 12:49:45,854 - INFO -   [59/105] Jambon Sub (V3: 152202, source_id: 106044)
2025-12-28 12:49:47,715 - DEBUG -   Found active group: Hot or Cold Sub (V1 ID: 9886, Category: cm)
2025-12-28 12:49:47,715 - INFO -   Jambon Sub: 1 active modifier groups
2025-12-28 12:49:48,041 - DEBUG -     Linked: Jambon Sub -> Hot or Cold Sub
2025-12-28 12:49:48,211 - DEBUG -     Details: Méthode de cuisson (min:0, max:0, free:0, order:8)
2025-12-28 12:49:48,212 - INFO -     -> 1 links, 1 details
2025-12-28 12:49:48,212 - INFO -   Progress: 60/105 dishes
2025-12-28 12:49:48,212 - INFO -   [60/105] Lasagne (V3: 152192, source_id: 106035)
2025-12-28 12:49:50,092 - DEBUG -   Found active group: Pasta Extras (V1 ID: 9885, Category: e)
2025-12-28 12:49:50,097 - INFO -   Lasagne: 1 active modifier groups
2025-12-28 12:49:50,417 - DEBUG -     Linked: Lasagne -> Pasta Extras
2025-12-28 12:49:50,592 - DEBUG -     Details: Extras (min:0, max:0, free:0, order:7)
2025-12-28 12:49:50,592 - INFO -     -> 1 links, 1 details
2025-12-28 12:49:50,592 - INFO -   [61/105] Mexicaine Pizza (V3: 152162, source_id: 106006)
2025-12-28 12:49:52,485 - DEBUG -   Found active group: Pizza Toppings (V1 ID: 9881, Category: ci)
2025-12-28 12:49:52,494 - DEBUG -   Found active group: Dips (V1 ID: 9888, Category: sa)
2025-12-28 12:49:52,508 - DEBUG -   Found active group: Crust type (V1 ID: 9880, Category: br)
2025-12-28 12:49:52,511 - INFO -   Mexicaine Pizza: 3 active modifier groups
2025-12-28 12:49:52,829 - DEBUG -     Linked: Mexicaine Pizza -> Pizza Toppings
2025-12-28 12:49:53,014 - DEBUG -     Details: Ajouter plus de garnitures (min:0, max:0, free:0, order:2)
2025-12-28 12:49:53,331 - DEBUG -     Linked: Mexicaine Pizza -> Dips
2025-12-28 12:49:53,510 - DEBUG -     Details: Trempette (min:0, max:0, free:0, order:4)
2025-12-28 12:49:53,827 - DEBUG -     Linked: Mexicaine Pizza -> Crust type
2025-12-28 12:49:54,005 - DEBUG -     Details: Choix de pain (min:0, max:0, free:0, order:1)
2025-12-28 12:49:54,006 - INFO -     -> 3 links, 3 details
2025-12-28 12:49:54,006 - INFO -   [62/105] Olives Pizza (V3: 152155, source_id: 105999)
2025-12-28 12:49:56,042 - DEBUG -   Found active group: Pizza Toppings (V1 ID: 9881, Category: ci)
2025-12-28 12:49:56,051 - DEBUG -   Found active group: Dips (V1 ID: 9888, Category: sa)
2025-12-28 12:49:56,065 - DEBUG -   Found active group: Crust type (V1 ID: 9880, Category: br)
2025-12-28 12:49:56,068 - INFO -   Olives Pizza: 3 active modifier groups
2025-12-28 12:49:56,385 - DEBUG -     Linked: Olives Pizza -> Pizza Toppings
2025-12-28 12:49:56,573 - DEBUG -     Details: Ajouter plus de garnitures (min:0, max:0, free:0, order:2)
2025-12-28 12:49:56,884 - DEBUG -     Linked: Olives Pizza -> Dips
2025-12-28 12:49:57,066 - DEBUG -     Details: Trempette (min:0, max:0, free:0, order:4)
2025-12-28 12:49:57,361 - DEBUG -     Linked: Olives Pizza -> Crust type
2025-12-28 12:49:57,528 - DEBUG -     Details: Choix de pain (min:0, max:0, free:0, order:1)
2025-12-28 12:49:57,528 - INFO -     -> 3 links, 3 details
2025-12-28 12:49:57,529 - INFO -   [63/105] Pain à l’ail (V3: 152195, source_id: 106038)
2025-12-28 12:49:59,387 - DEBUG -   No active modifier groups for dish Pain à l’ail
2025-12-28 12:49:59,388 - INFO -     -> 0 links, 0 details
2025-12-28 12:49:59,388 - INFO -   [64/105] Pain à l’ail gratiné (12”) (V3: 152196, source_id: 106039)
2025-12-28 12:50:01,238 - DEBUG -   No active modifier groups for dish Pain à l’ail gratiné (12”)
2025-12-28 12:50:01,239 - INFO -     -> 0 links, 0 details
2025-12-28 12:50:01,239 - INFO -   [65/105] Patates à l’ail (V3: 152226, source_id: 115182)
2025-12-28 12:50:03,102 - DEBUG -   No active modifier groups for dish Patates à l’ail
2025-12-28 12:50:03,102 - INFO -     -> 0 links, 0 details
2025-12-28 12:50:03,102 - INFO -   [66/105] Pâtes Spécial (V3: 152197, source_id: 106040)
2025-12-28 12:50:04,983 - DEBUG -   No active modifier groups for dish Pâtes Spécial
2025-12-28 12:50:04,983 - INFO -     -> 0 links, 0 details
2025-12-28 12:50:04,983 - INFO -   [67/105] Pepperoni Pizza (V3: 152151, source_id: 105995)
2025-12-28 12:50:06,846 - DEBUG -   Found active group: Pizza Toppings (V1 ID: 9881, Category: ci)
2025-12-28 12:50:06,856 - DEBUG -   Found active group: Dips (V1 ID: 9888, Category: sa)
2025-12-28 12:50:06,870 - DEBUG -   Found active group: Crust type (V1 ID: 9880, Category: br)
2025-12-28 12:50:06,872 - INFO -   Pepperoni Pizza: 3 active modifier groups
2025-12-28 12:50:07,164 - DEBUG -     Linked: Pepperoni Pizza -> Pizza Toppings
2025-12-28 12:50:07,336 - DEBUG -     Details: Ajouter plus de garnitures (min:0, max:0, free:0, order:2)
2025-12-28 12:50:07,638 - DEBUG -     Linked: Pepperoni Pizza -> Dips
2025-12-28 12:50:07,819 - DEBUG -     Details: Trempette (min:0, max:0, free:0, order:4)
2025-12-28 12:50:08,130 - DEBUG -     Linked: Pepperoni Pizza -> Crust type
2025-12-28 12:50:08,302 - DEBUG -     Details: Choix de pain (min:0, max:0, free:0, order:1)
2025-12-28 12:50:08,302 - INFO -     -> 3 links, 3 details
2025-12-28 12:50:08,303 - INFO -   [68/105] Pepperoni Sub (V3: 152199, source_id: 106042)
2025-12-28 12:50:10,164 - DEBUG -   Found active group: Hot or Cold Sub (V1 ID: 9886, Category: cm)
2025-12-28 12:50:10,164 - INFO -   Pepperoni Sub: 1 active modifier groups
2025-12-28 12:50:10,475 - DEBUG -     Linked: Pepperoni Sub -> Hot or Cold Sub
2025-12-28 12:50:10,628 - DEBUG -     Details: Méthode de cuisson (min:0, max:0, free:0, order:8)
2025-12-28 12:50:10,628 - INFO -     -> 1 links, 1 details
2025-12-28 12:50:10,628 - INFO -   [69/105] Pepsi (V3: 152242, source_id: 106116)
2025-12-28 12:50:12,487 - DEBUG -   No active modifier groups for dish Pepsi
2025-12-28 12:50:12,487 - INFO -     -> 0 links, 0 details
2025-12-28 12:50:12,487 - INFO -   Progress: 70/105 dishes
2025-12-28 12:50:12,487 - INFO -   [70/105] Piments Verts Pizza (V3: 152153, source_id: 105997)
2025-12-28 12:50:14,354 - DEBUG -   Found active group: Pizza Toppings (V1 ID: 9881, Category: ci)
2025-12-28 12:50:14,364 - DEBUG -   Found active group: Dips (V1 ID: 9888, Category: sa)
2025-12-28 12:50:14,379 - DEBUG -   Found active group: Crust type (V1 ID: 9880, Category: br)
2025-12-28 12:50:14,382 - INFO -   Piments Verts Pizza: 3 active modifier groups
2025-12-28 12:50:14,678 - DEBUG -     Linked: Piments Verts Pizza -> Pizza Toppings
2025-12-28 12:50:14,858 - DEBUG -     Details: Ajouter plus de garnitures (min:0, max:0, free:0, order:2)
2025-12-28 12:50:15,160 - DEBUG -     Linked: Piments Verts Pizza -> Dips
2025-12-28 12:50:15,336 - DEBUG -     Details: Trempette (min:0, max:0, free:0, order:4)
2025-12-28 12:50:15,653 - DEBUG -     Linked: Piments Verts Pizza -> Crust type
2025-12-28 12:50:15,822 - DEBUG -     Details: Choix de pain (min:0, max:0, free:0, order:1)
2025-12-28 12:50:15,823 - INFO -     -> 3 links, 3 details
2025-12-28 12:50:15,823 - INFO -   [71/105] Pizza Sub (V3: 152198, source_id: 106041)
2025-12-28 12:50:17,698 - DEBUG -   No active modifier groups for dish Pizza Sub
2025-12-28 12:50:17,698 - INFO -     -> 0 links, 0 details
2025-12-28 12:50:17,699 - INFO -   [72/105] Poisson (V3: 152173, source_id: 106016)
2025-12-28 12:50:19,570 - DEBUG -   Found active group: Upgrade to poutine (V1 ID: 9892, Category: sd)
2025-12-28 12:50:19,578 - INFO -   Poisson: 1 active modifier groups
2025-12-28 12:50:20,113 - DEBUG -     Linked: Poisson -> Upgrade to poutine
2025-12-28 12:50:20,281 - DEBUG -     Details: Changez vos frites pour Poutine (min:0, max:1, free:0, order:5)
2025-12-28 12:50:20,281 - INFO -     -> 1 links, 1 details
2025-12-28 12:50:20,282 - INFO -   [73/105] Poulet Chaud (V3: 152176, source_id: 106019)
2025-12-28 12:50:22,153 - DEBUG -   Found active group: Upgrade to poutine (V1 ID: 9892, Category: sd)
2025-12-28 12:50:22,161 - INFO -   Poulet Chaud: 1 active modifier groups
2025-12-28 12:50:22,437 - DEBUG -     Linked: Poulet Chaud -> Upgrade to poutine
2025-12-28 12:50:22,601 - DEBUG -     Details: Changez vos frites pour Poutine (min:0, max:1, free:0, order:5)
2025-12-28 12:50:22,601 - INFO -     -> 1 links, 1 details
2025-12-28 12:50:22,601 - INFO -   [74/105] Poutine (V3: 152232, source_id: 106073)
2025-12-28 12:50:24,504 - DEBUG -   Found active group: Extra Cheese for Poutine (V1 ID: 9894, Category: e)
2025-12-28 12:50:24,508 - INFO -   Poutine: 1 active modifier groups
2025-12-28 12:50:24,775 - DEBUG -     Linked: Poutine -> Extra Cheese for Poutine
2025-12-28 12:50:24,940 - DEBUG -     Details: Extras (min:0, max:1, free:0, order:7)
2025-12-28 12:50:24,940 - INFO -     -> 1 links, 1 details
2025-12-28 12:50:24,941 - INFO -   [75/105] Poutine Italienne (V3: 152233, source_id: 106074)
2025-12-28 12:50:26,846 - DEBUG -   Found active group: Extra Cheese for Poutine (V1 ID: 9894, Category: e)
2025-12-28 12:50:26,850 - INFO -   Poutine Italienne: 1 active modifier groups
2025-12-28 12:50:27,137 - DEBUG -     Linked: Poutine Italienne -> Extra Cheese for Poutine
2025-12-28 12:50:27,307 - DEBUG -     Details: Extras (min:0, max:1, free:0, order:7)
2025-12-28 12:50:27,307 - INFO -     -> 1 links, 1 details
2025-12-28 12:50:27,308 - INFO -   [76/105] Ravioli (V3: 152193, source_id: 106036)
2025-12-28 12:50:29,178 - DEBUG -   Found active group: Pasta Extras (V1 ID: 9885, Category: e)
2025-12-28 12:50:29,184 - INFO -   Ravioli: 1 active modifier groups
2025-12-28 12:50:29,455 - DEBUG -     Linked: Ravioli -> Pasta Extras
2025-12-28 12:50:29,615 - DEBUG -     Details: Extras (min:0, max:0, free:0, order:7)
2025-12-28 12:50:29,615 - INFO -     -> 1 links, 1 details
2025-12-28 12:50:29,615 - INFO -   [77/105] Riz (V3: 152234, source_id: 106075)
2025-12-28 12:50:31,471 - DEBUG -   No active modifier groups for dish Riz
2025-12-28 12:50:31,471 - INFO -     -> 0 links, 0 details
2025-12-28 12:50:31,471 - INFO -   [78/105] Rondelles d’oignon (V3: 152230, source_id: 106071)
2025-12-28 12:50:33,327 - DEBUG -   No active modifier groups for dish Rondelles d’oignon
2025-12-28 12:50:33,327 - INFO -     -> 0 links, 0 details
2025-12-28 12:50:33,327 - INFO -   [79/105] Rondelles d’oignon (V3: 152183, source_id: 106026)
2025-12-28 12:50:35,190 - DEBUG -   No active modifier groups for dish Rondelles d’oignon
2025-12-28 12:50:35,190 - INFO -     -> 0 links, 0 details
2025-12-28 12:50:35,190 - INFO -   Progress: 80/105 dishes
2025-12-28 12:50:35,190 - INFO -   [80/105] Salade César (V3: 152167, source_id: 106011)
2025-12-28 12:50:37,031 - DEBUG -   No active modifier groups for dish Salade César
2025-12-28 12:50:37,031 - INFO -     -> 0 links, 0 details
2025-12-28 12:50:37,031 - INFO -   [81/105] Salade de Poulet (V3: 152166, source_id: 106010)
2025-12-28 12:50:38,891 - DEBUG -   Found active group: Salad Dressings (V1 ID: 9889, Category: dr)
2025-12-28 12:50:38,893 - INFO -   Salade de Poulet: 1 active modifier groups
2025-12-28 12:50:39,174 - DEBUG -     Linked: Salade de Poulet -> Salad Dressings
2025-12-28 12:50:39,338 - DEBUG -     Details: Vinaigrette (min:1, max:1, free:0, order:3)
2025-12-28 12:50:39,339 - INFO -     -> 1 links, 1 details
2025-12-28 12:50:39,339 - INFO -   [82/105] Salade du Chef (V3: 152165, source_id: 106009)
2025-12-28 12:50:41,222 - DEBUG -   Found active group: Salad Dressings (V1 ID: 9889, Category: dr)
2025-12-28 12:50:41,223 - INFO -   Salade du Chef: 1 active modifier groups
2025-12-28 12:50:41,507 - DEBUG -     Linked: Salade du Chef -> Salad Dressings
2025-12-28 12:50:41,671 - DEBUG -     Details: Vinaigrette (min:1, max:1, free:0, order:3)
2025-12-28 12:50:41,672 - INFO -     -> 1 links, 1 details
2025-12-28 12:50:41,672 - INFO -   [83/105] Salade Italienne (V3: 152164, source_id: 106008)
2025-12-28 12:50:43,556 - DEBUG -   No active modifier groups for dish Salade Italienne
2025-12-28 12:50:43,556 - INFO -     -> 0 links, 0 details
2025-12-28 12:50:43,556 - INFO -   [84/105] Salade Libanaise (V3: 152168, source_id: 106052)
2025-12-28 12:50:45,423 - DEBUG -   No active modifier groups for dish Salade Libanaise
2025-12-28 12:50:45,423 - INFO -     -> 0 links, 0 details
2025-12-28 12:50:45,423 - INFO -   [85/105] Shawarma au Boeuf (V3: 152219, source_id: 106061)
2025-12-28 12:50:47,295 - DEBUG -   Found active group: Sandwiches Custom Ing (V1 ID: 9899, Category: ci)
2025-12-28 12:50:47,306 - INFO -   Shawarma au Boeuf: 1 active modifier groups
2025-12-28 12:50:47,571 - DEBUG -     Linked: Shawarma au Boeuf -> Sandwiches Custom Ing
2025-12-28 12:50:47,729 - DEBUG -     Details: Ingrédients personnalisés (min:0, max:6, free:0, order:2)
2025-12-28 12:50:47,729 - INFO -     -> 1 links, 1 details
2025-12-28 12:50:47,730 - INFO -   [86/105] Shawarma au Poulet (V3: 152218, source_id: 106060)
2025-12-28 12:50:49,600 - DEBUG -   Found active group: Sandwiches Custom Ing (V1 ID: 9899, Category: ci)
2025-12-28 12:50:49,610 - INFO -   Shawarma au Poulet: 1 active modifier groups
2025-12-28 12:50:49,881 - DEBUG -     Linked: Shawarma au Poulet -> Sandwiches Custom Ing
2025-12-28 12:50:50,052 - DEBUG -     Details: Ingrédients personnalisés (min:0, max:6, free:0, order:2)
2025-12-28 12:50:50,053 - INFO -     -> 1 links, 1 details
2025-12-28 12:50:50,053 - INFO -   [87/105] Spaghetti (V3: 152188, source_id: 106031)
2025-12-28 12:50:51,920 - DEBUG -   Found active group: Pasta Extras (V1 ID: 9885, Category: e)
2025-12-28 12:50:51,925 - INFO -   Spaghetti: 1 active modifier groups
2025-12-28 12:50:52,224 - DEBUG -     Linked: Spaghetti -> Pasta Extras
2025-12-28 12:50:52,407 - DEBUG -     Details: Extras (min:0, max:0, free:0, order:7)
2025-12-28 12:50:52,407 - INFO -     -> 1 links, 1 details
2025-12-28 12:50:52,408 - INFO -   [88/105] Spaghetti au Gratin (V3: 152190, source_id: 106033)
2025-12-28 12:50:54,279 - DEBUG -   Found active group: Pasta Extras (V1 ID: 9885, Category: e)
2025-12-28 12:50:54,283 - INFO -   Spaghetti au Gratin: 1 active modifier groups
2025-12-28 12:50:54,559 - DEBUG -     Linked: Spaghetti au Gratin -> Pasta Extras
2025-12-28 12:50:54,814 - DEBUG -     Details: Extras (min:0, max:0, free:0, order:7)
2025-12-28 12:50:54,815 - INFO -     -> 1 links, 1 details
2025-12-28 12:50:54,815 - INFO -   [89/105] Spaghetti Boulettes (V3: 152191, source_id: 106034)
2025-12-28 12:50:56,899 - DEBUG -   Found active group: Pasta Extras (V1 ID: 9885, Category: e)
2025-12-28 12:50:56,903 - INFO -   Spaghetti Boulettes: 1 active modifier groups
2025-12-28 12:50:57,472 - DEBUG -     Linked: Spaghetti Boulettes -> Pasta Extras
2025-12-28 12:50:57,846 - DEBUG -     Details: Extras (min:0, max:0, free:0, order:7)
2025-12-28 12:50:57,846 - INFO -     -> 1 links, 1 details
2025-12-28 12:50:57,847 - INFO -   Progress: 90/105 dishes
2025-12-28 12:50:57,847 - INFO -   [90/105] Spaghetti Garni (V3: 152189, source_id: 106032)
2025-12-28 12:50:59,835 - DEBUG -   Found active group: Pasta Extras (V1 ID: 9885, Category: e)
2025-12-28 12:50:59,839 - INFO -   Spaghetti Garni: 1 active modifier groups
2025-12-28 12:51:00,124 - DEBUG -     Linked: Spaghetti Garni -> Pasta Extras
2025-12-28 12:51:00,291 - DEBUG -     Details: Extras (min:0, max:0, free:0, order:7)
2025-12-28 12:51:00,292 - INFO -     -> 1 links, 1 details
2025-12-28 12:51:00,292 - INFO -   [91/105] Spécial du Chef Pizza (V3: 152159, source_id: 106003)
2025-12-28 12:51:02,156 - DEBUG -   Found active group: Pizza Toppings (V1 ID: 9881, Category: ci)
2025-12-28 12:51:02,165 - DEBUG -   Found active group: Dips (V1 ID: 9888, Category: sa)
2025-12-28 12:51:02,179 - DEBUG -   Found active group: Crust type (V1 ID: 9880, Category: br)
2025-12-28 12:51:02,182 - INFO -   Spécial du Chef Pizza: 3 active modifier groups
2025-12-28 12:51:02,454 - DEBUG -     Linked: Spécial du Chef Pizza -> Pizza Toppings
2025-12-28 12:51:02,618 - DEBUG -     Details: Ajouter plus de garnitures (min:0, max:0, free:0, order:2)
2025-12-28 12:51:02,935 - DEBUG -     Linked: Spécial du Chef Pizza -> Dips
2025-12-28 12:51:03,098 - DEBUG -     Details: Trempette (min:0, max:0, free:0, order:4)
2025-12-28 12:51:03,365 - DEBUG -     Linked: Spécial du Chef Pizza -> Crust type
2025-12-28 12:51:03,513 - DEBUG -     Details: Choix de pain (min:0, max:0, free:0, order:1)
2025-12-28 12:51:03,514 - INFO -     -> 3 links, 3 details
2025-12-28 12:51:03,514 - INFO -   [92/105] Spéciaux Trio Petit Sandwich (V3: 152148, source_id: 115183)
2025-12-28 12:51:05,374 - DEBUG -   Found active group: Small Sandwich Selection (V1 ID: 10723, Category: ci)
2025-12-28 12:51:05,383 - DEBUG -   Found active group: Sauces for Small Sandwiches Trio (V1 ID: 10724, Category: sa)
2025-12-28 12:51:05,394 - DEBUG -   Found active group: Drinks can (V1 ID: 9891, Category: d)
2025-12-28 12:51:05,400 - INFO -   Spéciaux Trio Petit Sandwich: 3 active modifier groups
2025-12-28 12:51:05,688 - DEBUG -     Linked: Spéciaux Trio Petit Sandwich -> Small Sandwich Selection
2025-12-28 12:51:05,860 - DEBUG -     Details: Sandwich (min:1, max:1, free:0, order:2)
2025-12-28 12:51:06,131 - DEBUG -     Linked: Spéciaux Trio Petit Sandwich -> Sauces for Small Sandwiches Trio
2025-12-28 12:51:06,290 - DEBUG -     Details: Sauces (min:1, max:1, free:0, order:4)
2025-12-28 12:51:06,571 - DEBUG -     Linked: Spéciaux Trio Petit Sandwich -> Drinks can
2025-12-28 12:51:06,734 - DEBUG -     Details: Boisson (min:1, max:1, free:0, order:6)
2025-12-28 12:51:06,734 - INFO -     -> 3 links, 3 details
2025-12-28 12:51:06,734 - INFO -   [93/105] Spéciaux Trio Shawarma Petit (V3: 152149, source_id: 115184)
2025-12-28 12:51:08,593 - DEBUG -   Found active group: Sauces for Small Sandwiches Trio (V1 ID: 10724, Category: sa)
2025-12-28 12:51:08,603 - DEBUG -   Found active group: Drinks can (V1 ID: 9891, Category: d)
2025-12-28 12:51:08,609 - INFO -   Spéciaux Trio Shawarma Petit: 2 active modifier groups
2025-12-28 12:51:08,894 - DEBUG -     Linked: Spéciaux Trio Shawarma Petit -> Sauces for Small Sandwiches Trio
2025-12-28 12:51:09,054 - DEBUG -     Details: Sauces (min:1, max:1, free:0, order:4)
2025-12-28 12:51:09,324 - DEBUG -     Linked: Spéciaux Trio Shawarma Petit -> Drinks can
2025-12-28 12:51:09,497 - DEBUG -     Details: Boisson (min:1, max:1, free:0, order:6)
2025-12-28 12:51:09,497 - INFO -     -> 2 links, 2 details
2025-12-28 12:51:09,498 - INFO -   [94/105] Sub Spécial (V3: 152210, source_id: 106051)
2025-12-28 12:51:11,361 - DEBUG -   Found active group: Sub Selection (V1 ID: 9887, Category: sd)
2025-12-28 12:51:11,376 - DEBUG -   Found active group: Hot or Cold Sub (V1 ID: 9886, Category: cm)
2025-12-28 12:51:11,376 - INFO -   Sub Spécial: 2 active modifier groups
2025-12-28 12:51:11,654 - DEBUG -     Linked: Sub Spécial -> Sub Selection
2025-12-28 12:51:11,812 - DEBUG -     Details: Choisissez votre sous marin (min:1, max:1, free:0, order:5)
2025-12-28 12:51:12,093 - DEBUG -     Linked: Sub Spécial -> Hot or Cold Sub
2025-12-28 12:51:12,248 - DEBUG -     Details: Méthode de cuisson (min:0, max:0, free:0, order:8)
2025-12-28 12:51:12,249 - INFO -     -> 2 links, 2 details
2025-12-28 12:51:12,249 - INFO -   [95/105] Super Deluxe Pizza (V3: 152158, source_id: 106002)
2025-12-28 12:51:14,102 - DEBUG -   Found active group: Pizza Toppings (V1 ID: 9881, Category: ci)
2025-12-28 12:51:14,111 - DEBUG -   Found active group: Dips (V1 ID: 9888, Category: sa)
2025-12-28 12:51:14,125 - DEBUG -   Found active group: Crust type (V1 ID: 9880, Category: br)
2025-12-28 12:51:14,128 - INFO -   Super Deluxe Pizza: 3 active modifier groups
2025-12-28 12:51:14,407 - DEBUG -     Linked: Super Deluxe Pizza -> Pizza Toppings
2025-12-28 12:51:14,570 - DEBUG -     Details: Ajouter plus de garnitures (min:0, max:0, free:0, order:2)
2025-12-28 12:51:14,845 - DEBUG -     Linked: Super Deluxe Pizza -> Dips
2025-12-28 12:51:15,007 - DEBUG -     Details: Trempette (min:0, max:0, free:0, order:4)
2025-12-28 12:51:15,292 - DEBUG -     Linked: Super Deluxe Pizza -> Crust type
2025-12-28 12:51:15,443 - DEBUG -     Details: Choix de pain (min:0, max:0, free:0, order:1)
2025-12-28 12:51:15,443 - INFO -     -> 3 links, 3 details
2025-12-28 12:51:15,444 - INFO -   [96/105] Super Poulet Sub (V3: 152207, source_id: 106049)
2025-12-28 12:51:17,343 - DEBUG -   Found active group: Hot or Cold Sub (V1 ID: 9886, Category: cm)
2025-12-28 12:51:17,343 - INFO -   Super Poulet Sub: 1 active modifier groups
2025-12-28 12:51:17,627 - DEBUG -     Linked: Super Poulet Sub -> Hot or Cold Sub
2025-12-28 12:51:17,788 - DEBUG -     Details: Méthode de cuisson (min:0, max:0, free:0, order:8)
2025-12-28 12:51:17,788 - INFO -     -> 1 links, 1 details
2025-12-28 12:51:17,788 - INFO -   [97/105] Super Steak Sub (V3: 152206, source_id: 106048)
2025-12-28 12:51:19,656 - DEBUG -   Found active group: Hot or Cold Sub (V1 ID: 9886, Category: cm)
2025-12-28 12:51:19,656 - INFO -   Super Steak Sub: 1 active modifier groups
2025-12-28 12:51:19,931 - DEBUG -     Linked: Super Steak Sub -> Hot or Cold Sub
2025-12-28 12:51:20,079 - DEBUG -     Details: Méthode de cuisson (min:0, max:0, free:0, order:8)
2025-12-28 12:51:20,079 - INFO -     -> 1 links, 1 details
2025-12-28 12:51:20,080 - INFO -   [98/105] Taboulé (V3: 152237, source_id: 106078)
2025-12-28 12:51:21,944 - DEBUG -   No active modifier groups for dish Taboulé
2025-12-28 12:51:21,945 - INFO -     -> 0 links, 0 details
2025-12-28 12:51:21,945 - INFO -   [99/105] Veau Parmesan (V3: 152194, source_id: 106037)
2025-12-28 12:51:23,807 - DEBUG -   Found active group: Pasta Extras (V1 ID: 9885, Category: e)
2025-12-28 12:51:23,812 - INFO -   Veau Parmesan: 1 active modifier groups
2025-12-28 12:51:24,101 - DEBUG -     Linked: Veau Parmesan -> Pasta Extras
2025-12-28 12:51:24,264 - DEBUG -     Details: Extras (min:0, max:0, free:0, order:7)
2025-12-28 12:51:24,264 - INFO -     -> 1 links, 1 details
2025-12-28 12:51:24,264 - INFO -   Progress: 100/105 dishes
2025-12-28 12:51:24,264 - INFO -   [100/105] Vegetarian Sub (V3: 152209, source_id: 115457)
2025-12-28 12:51:26,121 - DEBUG -   No active modifier groups for dish Vegetarian Sub
2025-12-28 12:51:26,121 - INFO -     -> 0 links, 0 details
2025-12-28 12:51:26,121 - INFO -   [101/105] Végétarienne Pizza (V3: 152161, source_id: 106005)
2025-12-28 12:51:27,991 - DEBUG -   Found active group: Pizza Toppings (V1 ID: 9881, Category: ci)
2025-12-28 12:51:28,001 - DEBUG -   Found active group: Dips (V1 ID: 9888, Category: sa)
2025-12-28 12:51:28,015 - DEBUG -   Found active group: Crust type (V1 ID: 9880, Category: br)
2025-12-28 12:51:28,018 - INFO -   Végétarienne Pizza: 3 active modifier groups
2025-12-28 12:51:28,312 - DEBUG -     Linked: Végétarienne Pizza -> Pizza Toppings
2025-12-28 12:51:28,464 - DEBUG -     Details: Ajouter plus de garnitures (min:0, max:0, free:0, order:2)
2025-12-28 12:51:28,750 - DEBUG -     Linked: Végétarienne Pizza -> Dips
2025-12-28 12:51:28,919 - DEBUG -     Details: Trempette (min:0, max:0, free:0, order:4)
2025-12-28 12:51:29,187 - DEBUG -     Linked: Végétarienne Pizza -> Crust type
2025-12-28 12:51:29,329 - DEBUG -     Details: Choix de pain (min:0, max:0, free:0, order:1)
2025-12-28 12:51:29,329 - INFO -     -> 3 links, 3 details
2025-12-28 12:51:29,330 - INFO -   [102/105] Viande Fumée (V3: 152177, source_id: 106020)
2025-12-28 12:51:31,188 - DEBUG -   Found active group: Upgrade to poutine (V1 ID: 9892, Category: sd)
2025-12-28 12:51:31,196 - INFO -   Viande Fumée: 1 active modifier groups
2025-12-28 12:51:31,461 - DEBUG -     Linked: Viande Fumée -> Upgrade to poutine
2025-12-28 12:51:31,617 - DEBUG -     Details: Changez vos frites pour Poutine (min:0, max:1, free:0, order:5)
2025-12-28 12:51:31,618 - INFO -     -> 1 links, 1 details
2025-12-28 12:51:31,618 - INFO -   [103/105] Viande Fumée Sub (V3: 152203, source_id: 106045)
2025-12-28 12:51:33,510 - DEBUG -   Found active group: Hot or Cold Sub (V1 ID: 9886, Category: cm)
2025-12-28 12:51:33,510 - INFO -   Viande Fumée Sub: 1 active modifier groups
2025-12-28 12:51:33,791 - DEBUG -     Linked: Viande Fumée Sub -> Hot or Cold Sub
2025-12-28 12:51:33,941 - DEBUG -     Details: Méthode de cuisson (min:0, max:0, free:0, order:8)
2025-12-28 12:51:33,942 - INFO -     -> 1 links, 1 details
2025-12-28 12:51:33,942 - INFO -   [104/105] Zucchini (V3: 152231, source_id: 106072)
2025-12-28 12:51:35,804 - DEBUG -   No active modifier groups for dish Zucchini
2025-12-28 12:51:35,804 - INFO -     -> 0 links, 0 details
2025-12-28 12:51:35,804 - INFO -   [105/105] Zucchini (V3: 152184, source_id: 106027)
2025-12-28 12:51:37,648 - DEBUG -   No active modifier groups for dish Zucchini
2025-12-28 12:51:37,648 - INFO -     -> 0 links, 0 details
2025-12-28 12:51:37,648 - INFO -   Result: 105 processed, 0 skipped, 99 links, 99 details
2025-12-28 12:51:37,648 - INFO - ----------------------------------------
2025-12-28 12:51:37,648 - INFO - [3/20] Processing: Kabylie Pizza (V3: 798, V1: 1042)
2025-12-28 12:51:37,810 - INFO -   [1/135] 1 Tasse (V3: 152333, source_id: 116892)
2025-12-28 12:51:39,688 - DEBUG -   No active modifier groups for dish 1 Tasse
2025-12-28 12:51:39,688 - INFO -     -> 0 links, 0 details
2025-12-28 12:51:39,688 - INFO -   [2/135] 2 Assiettes Hambourgeois avec 2 Canettes (V3: 152332, source_id: 116906)
2025-12-28 12:51:41,547 - DEBUG -   Found active group: 2 Platters (V1 ID: 10949, Category: ci)
2025-12-28 12:51:41,562 - DEBUG -   Found active group: Drinks Can (V1 ID: 10948, Category: d)
2025-12-28 12:51:41,569 - INFO -   2 Assiettes Hambourgeois avec 2 Canettes: 2 active modifier groups
2025-12-28 12:51:41,860 - DEBUG -     Linked: 2 Assiettes Hambourgeois avec 2 Canettes -> 2 Platters
2025-12-28 12:51:42,015 - DEBUG -     Details: 2 Assiettes (min:2, max:2, free:0, order:2)
2025-12-28 12:51:42,292 - DEBUG -     Linked: 2 Assiettes Hambourgeois avec 2 Canettes -> Drinks Can
2025-12-28 12:51:42,451 - DEBUG -     Details: 2 Canettes (min:2, max:2, free:0, order:6)
2025-12-28 12:51:42,452 - INFO -     -> 2 links, 2 details
2025-12-28 12:51:42,452 - INFO -   [3/135] 2 Grandes Pizzas avec Trempettes et Boisson (V3: 154147, source_id: 116909)
2025-12-28 12:51:44,295 - DEBUG -   Found active group: Drinks 2L (V1 ID: 10950, Category: d)
2025-12-28 12:51:44,301 - INFO -   2 Grandes Pizzas avec Trempettes et Boisson: 1 active modifier groups
2025-12-28 12:51:44,577 - DEBUG -     Linked: 2 Grandes Pizzas avec Trempettes et Boisson -> Drinks 2L
2025-12-28 12:51:44,741 - DEBUG -     Details: 2L Boisson (min:1, max:1, free:0, order:6)
2025-12-28 12:51:44,742 - INFO -     -> 1 links, 1 details
2025-12-28 12:51:44,742 - INFO -   [4/135] 2 Moyennes Pizzas avec Trempettes et Boisson (V3: 154146, source_id: 116908)
2025-12-28 12:51:46,635 - DEBUG -   Found active group: Drinks Can (V1 ID: 10948, Category: d)
2025-12-28 12:51:46,641 - INFO -   2 Moyennes Pizzas avec Trempettes et Boisson: 1 active modifier groups
2025-12-28 12:51:47,242 - DEBUG -     Linked: 2 Moyennes Pizzas avec Trempettes et Boisson -> Drinks Can
2025-12-28 12:51:47,613 - DEBUG -     Details: 3 Bouteilles 591ml (min:3, max:3, free:0, order:6)
2025-12-28 12:51:47,613 - INFO -     -> 1 links, 1 details
2025-12-28 12:51:47,613 - INFO -   [5/135] 2 Petites Pizzas avec Trempettes et Boisson (V3: 154145, source_id: 116907)
2025-12-28 12:51:49,569 - DEBUG -   Found active group: Drinks Can (V1 ID: 10948, Category: d)
2025-12-28 12:51:49,575 - INFO -   2 Petites Pizzas avec Trempettes et Boisson: 1 active modifier groups
2025-12-28 12:51:50,077 - DEBUG -     Linked: 2 Petites Pizzas avec Trempettes et Boisson -> Drinks Can
2025-12-28 12:51:50,236 - DEBUG -     Details: 2 Bouteilles 591ml (min:2, max:2, free:0, order:6)
2025-12-28 12:51:50,236 - INFO -     -> 1 links, 1 details
2025-12-28 12:51:50,237 - INFO -   [6/135] 2 Petites Poutines Originales avec 2 Bouteilles 591ml (V3: 152327, source_id: 116905)
2025-12-28 12:51:52,112 - DEBUG -   Found active group: Drinks Can (V1 ID: 10948, Category: d)
2025-12-28 12:51:52,118 - INFO -   2 Petites Poutines Originales avec 2 Bouteilles 591ml: 1 active modifier groups
2025-12-28 12:51:52,397 - DEBUG -     Linked: 2 Petites Poutines Originales avec 2 Bouteilles 591ml -> Drinks Can
2025-12-28 12:51:52,567 - DEBUG -     Details: 2 Canettes (min:2, max:2, free:0, order:6)
2025-12-28 12:51:52,568 - INFO -     -> 1 links, 1 details
2025-12-28 12:51:52,568 - INFO -   [7/135] 2 Tasses (V3: 152334, source_id: 116893)
2025-12-28 12:51:54,419 - DEBUG -   No active modifier groups for dish 2 Tasses
2025-12-28 12:51:54,419 - INFO -     -> 0 links, 0 details
2025-12-28 12:51:54,419 - INFO -   [8/135] 2 X-Grandes Pizzas avec Trempettes et Boisson (V3: 154148, source_id: 116910)
2025-12-28 12:51:56,271 - DEBUG -   Found active group: Drinks 2L (V1 ID: 10950, Category: d)
2025-12-28 12:51:56,277 - INFO -   2 X-Grandes Pizzas avec Trempettes et Boisson: 1 active modifier groups
2025-12-28 12:51:56,580 - DEBUG -     Linked: 2 X-Grandes Pizzas avec Trempettes et Boisson -> Drinks 2L
2025-12-28 12:51:56,753 - DEBUG -     Details: 2L Boisson (min:1, max:1, free:0, order:6)
2025-12-28 12:51:56,754 - INFO -     -> 1 links, 1 details
2025-12-28 12:51:56,754 - INFO -   [9/135] 6 x 355ml Canette (V3: 152345, source_id: 116904)
2025-12-28 12:51:58,787 - DEBUG -   Found active group: Drinks Can (V1 ID: 10948, Category: d)
2025-12-28 12:51:58,794 - INFO -   6 x 355ml Canette: 1 active modifier groups
2025-12-28 12:51:59,105 - DEBUG -     Linked: 6 x 355ml Canette -> Drinks Can
2025-12-28 12:51:59,268 - DEBUG -     Details: 6 Canettes (min:6, max:6, free:0, order:6)
2025-12-28 12:51:59,268 - INFO -     -> 1 links, 1 details
2025-12-28 12:51:59,268 - INFO -   Progress: 10/135 dishes
2025-12-28 12:51:59,269 - INFO -   [10/135] 7 Up (V3: 152338, source_id: 116897)
2025-12-28 12:52:01,117 - DEBUG -   No active modifier groups for dish 7 Up
2025-12-28 12:52:01,117 - INFO -     -> 0 links, 0 details
2025-12-28 12:52:01,117 - INFO -   [11/135] Ailes de poulet (V3: 152271, source_id: 116810)
2025-12-28 12:52:02,994 - DEBUG -   Found active group: Wings Sauces (V1 ID: 10938, Category: sa)
2025-12-28 12:52:03,011 - INFO -   Ailes de poulet: 1 active modifier groups
2025-12-28 12:52:03,304 - DEBUG -     Linked: Ailes de poulet -> Wings Sauces
2025-12-28 12:52:03,484 - DEBUG -     Details: Sauces (min:1, max:1, free:0, order:4)
2025-12-28 12:52:03,484 - INFO -     -> 1 links, 1 details
2025-12-28 12:52:03,484 - INFO -   [12/135] Ailes et Choses (V3: 152248, source_id: 116922)
2025-12-28 12:52:05,343 - DEBUG -   Found active group: Wings Sauces (V1 ID: 10938, Category: sa)
2025-12-28 12:52:05,355 - DEBUG -   Found active group: Drinks Can (V1 ID: 10948, Category: d)
2025-12-28 12:52:05,362 - INFO -   Ailes et Choses: 2 active modifier groups
2025-12-28 12:52:05,633 - DEBUG -     Linked: Ailes et Choses -> Wings Sauces
2025-12-28 12:52:05,803 - DEBUG -     Details: Sauces (min:1, max:1, free:0, order:4)
2025-12-28 12:52:06,069 - DEBUG -     Linked: Ailes et Choses -> Drinks Can
2025-12-28 12:52:06,228 - DEBUG -     Details: 3 Bouteilles 591ml (min:3, max:3, free:0, order:6)
2025-12-28 12:52:06,228 - INFO -     -> 2 links, 2 details
2025-12-28 12:52:06,229 - INFO -   [13/135] Amateurs de légumes (V3: 152313, source_id: 116861)
2025-12-28 12:52:08,101 - DEBUG -   Found active group: Pizza Toppings (V1 ID: 10944, Category: ci)
2025-12-28 12:52:08,111 - DEBUG -   Found active group: Dips (V1 ID: 10947, Category: sa)
2025-12-28 12:52:08,125 - DEBUG -   Found active group: Crust type (V1 ID: 10943, Category: br)
2025-12-28 12:52:08,129 - INFO -   Amateurs de légumes: 3 active modifier groups
2025-12-28 12:52:08,412 - DEBUG -     Linked: Amateurs de légumes -> Pizza Toppings
2025-12-28 12:52:08,563 - DEBUG -     Details: Ajouter plus de garnitures (min:0, max:0, free:0, order:2)
2025-12-28 12:52:08,843 - DEBUG -     Linked: Amateurs de légumes -> Dips
2025-12-28 12:52:09,013 - DEBUG -     Details: Trempettes (min:0, max:0, free:0, order:4)
2025-12-28 12:52:09,324 - DEBUG -     Linked: Amateurs de légumes -> Crust type
2025-12-28 12:52:09,469 - DEBUG -     Details: Choix de pain (min:0, max:0, free:0, order:1)
2025-12-28 12:52:09,469 - INFO -     -> 3 links, 3 details
2025-12-28 12:52:09,469 - INFO -   [14/135] Amateurs de légumes (V3: 154173, source_id: 116883)
2025-12-28 12:52:11,332 - DEBUG -   No active modifier groups for dish Amateurs de légumes
2025-12-28 12:52:11,332 - INFO -     -> 0 links, 0 details
2025-12-28 12:52:11,332 - INFO -   [15/135] Amateurs de viande (V3: 152311, source_id: 116859)
2025-12-28 12:52:13,190 - DEBUG -   Found active group: Pizza Toppings (V1 ID: 10944, Category: ci)
2025-12-28 12:52:13,199 - DEBUG -   Found active group: Dips (V1 ID: 10947, Category: sa)
2025-12-28 12:52:13,213 - DEBUG -   Found active group: Crust type (V1 ID: 10943, Category: br)
2025-12-28 12:52:13,216 - INFO -   Amateurs de viande: 3 active modifier groups
2025-12-28 12:52:13,541 - DEBUG -     Linked: Amateurs de viande -> Pizza Toppings
2025-12-28 12:52:13,697 - DEBUG -     Details: Ajouter plus de garnitures (min:0, max:0, free:0, order:2)
2025-12-28 12:52:14,009 - DEBUG -     Linked: Amateurs de viande -> Dips
2025-12-28 12:52:14,183 - DEBUG -     Details: Trempettes (min:0, max:0, free:0, order:4)
2025-12-28 12:52:14,521 - DEBUG -     Linked: Amateurs de viande -> Crust type
2025-12-28 12:52:14,684 - DEBUG -     Details: Choix de pain (min:0, max:0, free:0, order:1)
2025-12-28 12:52:14,685 - INFO -     -> 3 links, 3 details
2025-12-28 12:52:14,685 - INFO -   [16/135] Amateurs de viande (V3: 154171, source_id: 116881)
2025-12-28 12:52:16,551 - DEBUG -   No active modifier groups for dish Amateurs de viande
2025-12-28 12:52:16,551 - INFO -     -> 0 links, 0 details
2025-12-28 12:52:16,551 - INFO -   [17/135] Bâtonnets à l’ail (8) (V3: 152256, source_id: 116795)
2025-12-28 12:52:18,432 - DEBUG -   Found active group: Dips (V1 ID: 10947, Category: sa)
2025-12-28 12:52:18,442 - INFO -   Bâtonnets à l’ail (8): 1 active modifier groups
2025-12-28 12:52:18,755 - DEBUG -     Linked: Bâtonnets à l’ail (8) -> Dips
2025-12-28 12:52:18,938 - DEBUG -     Details: Première trempette gratuite (min:1, max:0, free:1, order:4)
2025-12-28 12:52:18,938 - INFO -     -> 1 links, 1 details
2025-12-28 12:52:18,938 - INFO -   [18/135] Bâtonnets à l’ail avec fromage (8) (V3: 152257, source_id: 116796)
2025-12-28 12:52:20,784 - DEBUG -   Found active group: Dips (V1 ID: 10947, Category: sa)
2025-12-28 12:52:20,793 - INFO -   Bâtonnets à l’ail avec fromage (8): 1 active modifier groups
2025-12-28 12:52:21,066 - DEBUG -     Linked: Bâtonnets à l’ail avec fromage (8) -> Dips
2025-12-28 12:52:21,339 - DEBUG -     Details: Première trempette gratuite (min:1, max:0, free:1, order:4)
2025-12-28 12:52:21,339 - INFO -     -> 1 links, 1 details
2025-12-28 12:52:21,339 - INFO -   [19/135] Bâtonnets de mozzarella (8) (V3: 152258, source_id: 116797)
2025-12-28 12:52:23,266 - DEBUG -   Found active group: Dips (V1 ID: 10947, Category: sa)
2025-12-28 12:52:23,276 - INFO -   Bâtonnets de mozzarella (8): 1 active modifier groups
2025-12-28 12:52:23,548 - DEBUG -     Linked: Bâtonnets de mozzarella (8) -> Dips
2025-12-28 12:52:23,713 - DEBUG -     Details: Première trempette gratuite (min:1, max:0, free:1, order:4)
2025-12-28 12:52:23,714 - INFO -     -> 1 links, 1 details
2025-12-28 12:52:23,714 - INFO -   Progress: 20/135 dishes
2025-12-28 12:52:23,714 - INFO -   [20/135] Bâtonnets de zucchini (20) (V3: 152255, source_id: 116794)
2025-12-28 12:52:25,566 - DEBUG -   Found active group: Dips (V1 ID: 10947, Category: sa)
2025-12-28 12:52:25,575 - INFO -   Bâtonnets de zucchini (20): 1 active modifier groups
2025-12-28 12:52:25,851 - DEBUG -     Linked: Bâtonnets de zucchini (20) -> Dips
2025-12-28 12:52:26,018 - DEBUG -     Details: Première trempette gratuite (min:1, max:0, free:1, order:4)
2025-12-28 12:52:26,018 - INFO -     -> 1 links, 1 details
2025-12-28 12:52:26,019 - INFO -   [21/135] Bifteck (V3: 152275, source_id: 116814)
2025-12-28 12:52:27,895 - DEBUG -   No active modifier groups for dish Bifteck
2025-12-28 12:52:27,895 - INFO -     -> 0 links, 0 details
2025-12-28 12:52:27,896 - INFO -   [22/135] Bifteck Combo 1 (V3: 152287, source_id: 116826)
2025-12-28 12:52:30,287 - DEBUG -   Found active group: Drinks Can (V1 ID: 10948, Category: d)
2025-12-28 12:52:30,294 - INFO -   Bifteck Combo 1: 1 active modifier groups
2025-12-28 12:52:30,581 - DEBUG -     Linked: Bifteck Combo 1 -> Drinks Can
2025-12-28 12:52:30,744 - DEBUG -     Details: 1 Bouteille 591ml (min:1, max:1, free:0, order:6)
2025-12-28 12:52:30,744 - INFO -     -> 1 links, 1 details
2025-12-28 12:52:30,744 - INFO -   [23/135] Bifteck Combo 2 (V3: 152288, source_id: 116827)
2025-12-28 12:52:32,642 - DEBUG -   Found active group: Drinks Can (V1 ID: 10948, Category: d)
2025-12-28 12:52:32,649 - INFO -   Bifteck Combo 2: 1 active modifier groups
2025-12-28 12:52:32,926 - DEBUG -     Linked: Bifteck Combo 2 -> Drinks Can
2025-12-28 12:52:33,094 - DEBUG -     Details: 1 Bouteille 591ml (min:1, max:1, free:0, order:6)
2025-12-28 12:52:33,095 - INFO -     -> 1 links, 1 details
2025-12-28 12:52:33,096 - INFO -   [24/135] Biscuit Choco (V3: 152335, source_id: 116894)
2025-12-28 12:52:34,963 - DEBUG -   No active modifier groups for dish Biscuit Choco
2025-12-28 12:52:34,963 - INFO -     -> 0 links, 0 details
2025-12-28 12:52:34,963 - INFO -   [25/135] BLT (V3: 152274, source_id: 116813)
2025-12-28 12:52:36,820 - DEBUG -   No active modifier groups for dish BLT
2025-12-28 12:52:36,820 - INFO -     -> 0 links, 0 details
2025-12-28 12:52:36,820 - INFO -   [26/135] BLT Combo 1 (V3: 152285, source_id: 116824)
2025-12-28 12:52:38,697 - DEBUG -   Found active group: Drinks Can (V1 ID: 10948, Category: d)
2025-12-28 12:52:38,703 - INFO -   BLT Combo 1: 1 active modifier groups
2025-12-28 12:52:38,992 - DEBUG -     Linked: BLT Combo 1 -> Drinks Can
2025-12-28 12:52:39,160 - DEBUG -     Details: 1 Bouteille 591ml (min:1, max:1, free:0, order:6)
2025-12-28 12:52:39,160 - INFO -     -> 1 links, 1 details
2025-12-28 12:52:39,161 - INFO -   [27/135] BLT Combo 2 (V3: 152286, source_id: 116825)
2025-12-28 12:52:41,049 - DEBUG -   Found active group: Drinks Can (V1 ID: 10948, Category: d)
2025-12-28 12:52:41,055 - INFO -   BLT Combo 2: 1 active modifier groups
2025-12-28 12:52:41,344 - DEBUG -     Linked: BLT Combo 2 -> Drinks Can
2025-12-28 12:52:41,516 - DEBUG -     Details: 1 Bouteille 591ml (min:1, max:1, free:0, order:6)
2025-12-28 12:52:41,516 - INFO -     -> 1 links, 1 details
2025-12-28 12:52:41,516 - INFO -   [28/135] Bouchées de poulet (10 mcx) (V3: 152270, source_id: 116809)
2025-12-28 12:52:43,393 - DEBUG -   Found active group: Dips (V1 ID: 10947, Category: sa)
2025-12-28 12:52:43,402 - INFO -   Bouchées de poulet (10 mcx): 1 active modifier groups
2025-12-28 12:52:43,687 - DEBUG -     Linked: Bouchées de poulet (10 mcx) -> Dips
2025-12-28 12:52:43,851 - DEBUG -     Details: Première trempette gratuite (min:1, max:0, free:1, order:4)
2025-12-28 12:52:43,851 - INFO -     -> 1 links, 1 details
2025-12-28 12:52:43,852 - INFO -   [29/135] Brisk Iced Tea (V3: 152343, source_id: 116902)
2025-12-28 12:52:45,725 - DEBUG -   No active modifier groups for dish Brisk Iced Tea
2025-12-28 12:52:45,725 - INFO -     -> 0 links, 0 details
2025-12-28 12:52:45,725 - INFO -   Progress: 30/135 dishes
2025-12-28 12:52:45,725 - INFO -   [30/135] Canadienne (V3: 154166, source_id: 116878)
2025-12-28 12:52:47,583 - DEBUG -   No active modifier groups for dish Canadienne
2025-12-28 12:52:47,583 - INFO -     -> 0 links, 0 details
2025-12-28 12:52:47,583 - INFO -   [31/135] Canadienne (V3: 152306, source_id: 116856)
2025-12-28 12:52:49,428 - DEBUG -   Found active group: Pizza Toppings (V1 ID: 10944, Category: ci)
2025-12-28 12:52:49,438 - DEBUG -   Found active group: Dips (V1 ID: 10947, Category: sa)
2025-12-28 12:52:49,452 - DEBUG -   Found active group: Crust type (V1 ID: 10943, Category: br)
2025-12-28 12:52:49,455 - INFO -   Canadienne: 3 active modifier groups
2025-12-28 12:52:49,726 - DEBUG -     Linked: Canadienne -> Pizza Toppings
2025-12-28 12:52:49,901 - DEBUG -     Details: Ajouter plus de garnitures (min:0, max:0, free:0, order:2)
2025-12-28 12:52:50,206 - DEBUG -     Linked: Canadienne -> Dips
2025-12-28 12:52:50,363 - DEBUG -     Details: Trempettes (min:0, max:0, free:0, order:4)
2025-12-28 12:52:50,635 - DEBUG -     Linked: Canadienne -> Crust type
2025-12-28 12:52:50,801 - DEBUG -     Details: Choix de pain (min:0, max:0, free:0, order:1)
2025-12-28 12:52:50,801 - INFO -     -> 3 links, 3 details
2025-12-28 12:52:50,802 - INFO -   [32/135] César (V3: 152265, source_id: 116804)
2025-12-28 12:52:52,679 - DEBUG -   Found active group: Extras for Salads (V1 ID: 10937, Category: e)
2025-12-28 12:52:52,684 - INFO -   César: 1 active modifier groups
2025-12-28 12:52:52,972 - DEBUG -     Linked: César -> Extras for Salads
2025-12-28 12:52:53,134 - DEBUG -     Details: Extras (min:0, max:0, free:0, order:7)
2025-12-28 12:52:53,134 - INFO -     -> 1 links, 1 details
2025-12-28 12:52:53,135 - INFO -   [33/135] César Classique (V3: 152266, source_id: 116805)
2025-12-28 12:52:54,995 - DEBUG -   Found active group: Extras for Salads (V1 ID: 10937, Category: e)
2025-12-28 12:52:55,000 - INFO -   César Classique: 1 active modifier groups
2025-12-28 12:52:55,297 - DEBUG -     Linked: César Classique -> Extras for Salads
2025-12-28 12:52:55,454 - DEBUG -     Details: Extras (min:0, max:0, free:0, order:7)
2025-12-28 12:52:55,454 - INFO -     -> 1 links, 1 details
2025-12-28 12:52:55,454 - INFO -   [34/135] Choisissez votre quatuor (V3: 152263, source_id: 116802)
2025-12-28 12:52:57,318 - DEBUG -   Found active group: Choisissez votre quatuor SELECTION (V1 ID: 10935, Category: ci)
2025-12-28 12:52:57,328 - DEBUG -   Found active group: Dips (V1 ID: 10947, Category: sa)
2025-12-28 12:52:57,338 - INFO -   Choisissez votre quatuor: 2 active modifier groups
2025-12-28 12:52:57,609 - DEBUG -     Linked: Choisissez votre quatuor -> Choisissez votre quatuor SELECTION
2025-12-28 12:52:57,767 - DEBUG -     Details: Sélectionnez 4 choix (min:4, max:4, free:0, order:2)
2025-12-28 12:52:58,060 - DEBUG -     Linked: Choisissez votre quatuor -> Dips
2025-12-28 12:52:58,225 - DEBUG -     Details: Première trempette gratuite (min:1, max:0, free:1, order:4)
2025-12-28 12:52:58,225 - INFO -     -> 2 links, 2 details
2025-12-28 12:52:58,226 - INFO -   [35/135] Classique Canadienne Magnifique (V3: 154157, source_id: 116920)
2025-12-28 12:53:00,119 - DEBUG -   No active modifier groups for dish Classique Canadienne Magnifique
2025-12-28 12:53:00,119 - INFO -     -> 0 links, 0 details
2025-12-28 12:53:00,119 - INFO -   [36/135] Club Sandwich avec poulet (V3: 152331, source_id: 116847)
2025-12-28 12:53:01,987 - DEBUG -   Found active group: Upgrade to Poutine (V1 ID: 10939, Category: sd)
2025-12-28 12:53:01,999 - DEBUG -   Found active group: Extras for Burgers (V1 ID: 10942, Category: e)
2025-12-28 12:53:02,004 - INFO -   Club Sandwich avec poulet: 2 active modifier groups
2025-12-28 12:53:02,270 - DEBUG -     Linked: Club Sandwich avec poulet -> Upgrade to Poutine
2025-12-28 12:53:02,435 - DEBUG -     Details: Changez vos frites (min:0, max:1, free:0, order:8)
2025-12-28 12:53:02,718 - DEBUG -     Linked: Club Sandwich avec poulet -> Extras for Burgers
2025-12-28 12:53:02,878 - DEBUG -     Details: Extras (min:0, max:0, free:0, order:7)
2025-12-28 12:53:02,878 - INFO -     -> 2 links, 2 details
2025-12-28 12:53:02,879 - INFO -   [37/135] Combo 1 (V3: 154153, source_id: 116915)
2025-12-28 12:53:04,768 - DEBUG -   Found active group: Drinks Can (V1 ID: 10948, Category: d)
2025-12-28 12:53:04,774 - INFO -   Combo 1: 1 active modifier groups
2025-12-28 12:53:05,048 - DEBUG -     Linked: Combo 1 -> Drinks Can
2025-12-28 12:53:05,212 - DEBUG -     Details: 2 Bouteilles 591ml (min:2, max:2, free:0, order:6)
2025-12-28 12:53:05,212 - INFO -     -> 1 links, 1 details
2025-12-28 12:53:05,213 - INFO -   [38/135] Combo 2 (V3: 154154, source_id: 116916)
2025-12-28 12:53:07,095 - DEBUG -   Found active group: Drinks 2L (V1 ID: 10950, Category: d)
2025-12-28 12:53:07,102 - INFO -   Combo 2: 1 active modifier groups
2025-12-28 12:53:07,381 - DEBUG -     Linked: Combo 2 -> Drinks 2L
2025-12-28 12:53:07,547 - DEBUG -     Details: 2L Boisson (min:1, max:1, free:0, order:6)
2025-12-28 12:53:07,547 - INFO -     -> 1 links, 1 details
2025-12-28 12:53:07,548 - INFO -   [39/135] Combo 3 (V3: 154155, source_id: 116917)
2025-12-28 12:53:09,427 - DEBUG -   Found active group: Drinks Can (V1 ID: 10948, Category: d)
2025-12-28 12:53:09,435 - INFO -   Combo 3: 1 active modifier groups
2025-12-28 12:53:09,720 - DEBUG -     Linked: Combo 3 -> Drinks Can
2025-12-28 12:53:09,882 - DEBUG -     Details: 3 Bbouteilles 591ml (min:3, max:3, free:0, order:6)
2025-12-28 12:53:09,882 - INFO -     -> 1 links, 1 details
2025-12-28 12:53:09,882 - INFO -   Progress: 40/135 dishes
2025-12-28 12:53:09,883 - INFO -   [40/135] Combo 4 (V3: 154156, source_id: 116918)
2025-12-28 12:53:11,754 - DEBUG -   Found active group: Drinks Can (V1 ID: 10948, Category: d)
2025-12-28 12:53:11,760 - INFO -   Combo 4: 1 active modifier groups
2025-12-28 12:53:12,031 - DEBUG -     Linked: Combo 4 -> Drinks Can
2025-12-28 12:53:12,191 - DEBUG -     Details: 2 Bouteilles 591ml (min:2, max:2, free:0, order:6)
2025-12-28 12:53:12,191 - INFO -     -> 1 links, 1 details
2025-12-28 12:53:12,191 - INFO -   [41/135] Cream Soda Crush (V3: 152341, source_id: 116900)
2025-12-28 12:53:14,049 - DEBUG -   No active modifier groups for dish Cream Soda Crush
2025-12-28 12:53:14,049 - INFO -     -> 0 links, 0 details
2025-12-28 12:53:14,050 - INFO -   [42/135] Croustilles maison (V3: 152249, source_id: 116788)
2025-12-28 12:53:15,941 - DEBUG -   No active modifier groups for dish Croustilles maison
2025-12-28 12:53:15,941 - INFO -     -> 0 links, 0 details
2025-12-28 12:53:15,941 - INFO -   [43/135] Deluxe (V3: 154172, source_id: 116882)
2025-12-28 12:53:17,809 - DEBUG -   No active modifier groups for dish Deluxe
2025-12-28 12:53:17,809 - INFO -     -> 0 links, 0 details
2025-12-28 12:53:17,809 - INFO -   [44/135] Deluxe (V3: 152312, source_id: 116860)
2025-12-28 12:53:20,114 - DEBUG -   Found active group: Pizza Toppings (V1 ID: 10944, Category: ci)
2025-12-28 12:53:20,124 - DEBUG -   Found active group: Dips (V1 ID: 10947, Category: sa)
2025-12-28 12:53:20,138 - DEBUG -   Found active group: Crust type (V1 ID: 10943, Category: br)
2025-12-28 12:53:20,142 - INFO -   Deluxe: 3 active modifier groups
2025-12-28 12:53:20,406 - DEBUG -     Linked: Deluxe -> Pizza Toppings
2025-12-28 12:53:20,572 - DEBUG -     Details: Ajouter plus de garnitures (min:0, max:0, free:0, order:2)
2025-12-28 12:53:20,845 - DEBUG -     Linked: Deluxe -> Dips
2025-12-28 12:53:21,004 - DEBUG -     Details: Trempettes (min:0, max:0, free:0, order:4)
2025-12-28 12:53:21,273 - DEBUG -     Linked: Deluxe -> Crust type
2025-12-28 12:53:21,432 - DEBUG -     Details: Choix de pain (min:0, max:0, free:0, order:1)
2025-12-28 12:53:21,432 - INFO -     -> 3 links, 3 details
2025-12-28 12:53:21,433 - INFO -   [45/135] Diet Pepsi (V3: 152337, source_id: 116896)
2025-12-28 12:53:23,323 - DEBUG -   No active modifier groups for dish Diet Pepsi
2025-12-28 12:53:23,323 - INFO -     -> 0 links, 0 details
2025-12-28 12:53:23,324 - INFO -   [46/135] Fanta (V3: 152339, source_id: 116898)
2025-12-28 12:53:25,188 - DEBUG -   No active modifier groups for dish Fanta
2025-12-28 12:53:25,188 - INFO -     -> 0 links, 0 details
2025-12-28 12:53:25,189 - INFO -   [47/135] Frites (V3: 152250, source_id: 116789)
2025-12-28 12:53:27,063 - DEBUG -   No active modifier groups for dish Frites
2025-12-28 12:53:27,063 - INFO -     -> 0 links, 0 details
2025-12-28 12:53:27,063 - INFO -   [48/135] Frites au patate douce (V3: 152252, source_id: 116791)
2025-12-28 12:53:28,927 - DEBUG -   No active modifier groups for dish Frites au patate douce
2025-12-28 12:53:28,927 - INFO -     -> 0 links, 0 details
2025-12-28 12:53:28,927 - INFO -   [49/135] Frites de poulet (V3: 152268, source_id: 116807)
2025-12-28 12:53:30,793 - DEBUG -   No active modifier groups for dish Frites de poulet
2025-12-28 12:53:30,793 - INFO -     -> 0 links, 0 details
2025-12-28 12:53:30,794 - INFO -   Progress: 50/135 dishes
2025-12-28 12:53:30,794 - INFO -   [50/135] Frites en vrilles assaissonées (V3: 152251, source_id: 116790)
2025-12-28 12:53:32,665 - DEBUG -   No active modifier groups for dish Frites en vrilles assaissonées
2025-12-28 12:53:32,665 - INFO -     -> 0 links, 0 details
2025-12-28 12:53:32,665 - INFO -   [51/135] Fruits de Mer (V3: 152310, source_id: 116862)
2025-12-28 12:53:34,503 - DEBUG -   Found active group: Pizza Toppings (V1 ID: 10944, Category: ci)
2025-12-28 12:53:34,512 - DEBUG -   Found active group: Dips (V1 ID: 10947, Category: sa)
2025-12-28 12:53:34,525 - DEBUG -   Found active group: Crust type (V1 ID: 10943, Category: br)
2025-12-28 12:53:34,528 - INFO -   Fruits de Mer: 3 active modifier groups
2025-12-28 12:53:34,806 - DEBUG -     Linked: Fruits de Mer -> Pizza Toppings
2025-12-28 12:53:34,969 - DEBUG -     Details: Ajouter plus de garnitures (min:0, max:0, free:0, order:2)
2025-12-28 12:53:35,255 - DEBUG -     Linked: Fruits de Mer -> Dips
2025-12-28 12:53:35,417 - DEBUG -     Details: Trempettes (min:0, max:0, free:0, order:4)
2025-12-28 12:53:35,691 - DEBUG -     Linked: Fruits de Mer -> Crust type
2025-12-28 12:53:35,853 - DEBUG -     Details: Choix de pain (min:0, max:0, free:0, order:1)
2025-12-28 12:53:35,854 - INFO -     -> 3 links, 3 details
2025-12-28 12:53:35,854 - INFO -   [52/135] Fruits de Mer (V3: 154170, source_id: 116884)
2025-12-28 12:53:37,796 - DEBUG -   No active modifier groups for dish Fruits de Mer
2025-12-28 12:53:37,796 - INFO -     -> 0 links, 0 details
2025-12-28 12:53:37,796 - INFO -   [53/135] Grande Pizza et Ailes (V3: 154151, source_id: 116913)
2025-12-28 12:53:39,648 - DEBUG -   No active modifier groups for dish Grande Pizza et Ailes
2025-12-28 12:53:39,648 - INFO -     -> 0 links, 0 details
2025-12-28 12:53:39,648 - INFO -   [54/135] Grape Crush (V3: 152340, source_id: 116899)
2025-12-28 12:53:41,501 - DEBUG -   No active modifier groups for dish Grape Crush
2025-12-28 12:53:41,501 - INFO -     -> 0 links, 0 details
2025-12-28 12:53:41,501 - INFO -   [55/135] Grecque (V3: 152267, source_id: 116806)
2025-12-28 12:53:43,371 - DEBUG -   Found active group: Extras for Salads (V1 ID: 10937, Category: e)
2025-12-28 12:53:43,376 - INFO -   Grecque: 1 active modifier groups
2025-12-28 12:53:43,650 - DEBUG -     Linked: Grecque -> Extras for Salads
2025-12-28 12:53:43,824 - DEBUG -     Details: Extras (min:0, max:0, free:0, order:7)
2025-12-28 12:53:43,824 - INFO -     -> 1 links, 1 details
2025-12-28 12:53:43,824 - INFO -   [56/135] Hamburgeois (V3: 152328, source_id: 116844)
2025-12-28 12:53:45,690 - DEBUG -   Found active group: Upgrade to Poutine (V1 ID: 10939, Category: sd)
2025-12-28 12:53:45,700 - DEBUG -   Found active group: Extras for Burgers (V1 ID: 10942, Category: e)
2025-12-28 12:53:45,704 - INFO -   Hamburgeois: 2 active modifier groups
2025-12-28 12:53:45,989 - DEBUG -     Linked: Hamburgeois -> Upgrade to Poutine
2025-12-28 12:53:46,152 - DEBUG -     Details: Changez vos frites (min:0, max:1, free:0, order:8)
2025-12-28 12:53:46,438 - DEBUG -     Linked: Hamburgeois -> Extras for Burgers
2025-12-28 12:53:46,595 - DEBUG -     Details: Extras (min:0, max:0, free:0, order:7)
2025-12-28 12:53:46,596 - INFO -     -> 2 links, 2 details
2025-12-28 12:53:46,596 - INFO -   [57/135] Hamburgeois au fromage (V3: 152329, source_id: 116845)
2025-12-28 12:53:48,489 - DEBUG -   Found active group: Upgrade to Poutine (V1 ID: 10939, Category: sd)
2025-12-28 12:53:48,500 - DEBUG -   Found active group: Extras for Burgers (V1 ID: 10942, Category: e)
2025-12-28 12:53:48,504 - INFO -   Hamburgeois au fromage: 2 active modifier groups
2025-12-28 12:53:48,796 - DEBUG -     Linked: Hamburgeois au fromage -> Upgrade to Poutine
2025-12-28 12:53:48,959 - DEBUG -     Details: Changez vos frites (min:0, max:1, free:0, order:8)
2025-12-28 12:53:49,244 - DEBUG -     Linked: Hamburgeois au fromage -> Extras for Burgers
2025-12-28 12:53:49,404 - DEBUG -     Details: Extras (min:0, max:0, free:0, order:7)
2025-12-28 12:53:49,404 - INFO -     -> 2 links, 2 details
2025-12-28 12:53:49,405 - INFO -   [58/135] Hamburgeois au poulet (V3: 152330, source_id: 116846)
2025-12-28 12:53:51,266 - DEBUG -   Found active group: Upgrade to Poutine (V1 ID: 10939, Category: sd)
2025-12-28 12:53:51,276 - DEBUG -   Found active group: Extras for Burgers (V1 ID: 10942, Category: e)
2025-12-28 12:53:51,281 - INFO -   Hamburgeois au poulet: 2 active modifier groups
2025-12-28 12:53:51,563 - DEBUG -     Linked: Hamburgeois au poulet -> Upgrade to Poutine
2025-12-28 12:53:51,723 - DEBUG -     Details: Changez vos frites (min:0, max:1, free:0, order:8)
2025-12-28 12:53:52,015 - DEBUG -     Linked: Hamburgeois au poulet -> Extras for Burgers
2025-12-28 12:53:52,187 - DEBUG -     Details: Extras (min:0, max:0, free:0, order:7)
2025-12-28 12:53:52,187 - INFO -     -> 2 links, 2 details
2025-12-28 12:53:52,189 - INFO -   [59/135] Hawaïenne (V3: 154163, source_id: 116874)
2025-12-28 12:53:54,066 - DEBUG -   No active modifier groups for dish Hawaïenne
2025-12-28 12:53:54,067 - INFO -     -> 0 links, 0 details
2025-12-28 12:53:54,067 - INFO -   Progress: 60/135 dishes
2025-12-28 12:53:54,067 - INFO -   [60/135] Hawaïenne (V3: 152303, source_id: 116852)
2025-12-28 12:53:55,915 - DEBUG -   Found active group: Pizza Toppings (V1 ID: 10944, Category: ci)
2025-12-28 12:53:55,924 - DEBUG -   Found active group: Dips (V1 ID: 10947, Category: sa)
2025-12-28 12:53:55,938 - DEBUG -   Found active group: Crust type (V1 ID: 10943, Category: br)
2025-12-28 12:53:55,941 - INFO -   Hawaïenne: 3 active modifier groups
2025-12-28 12:53:56,212 - DEBUG -     Linked: Hawaïenne -> Pizza Toppings
2025-12-28 12:53:56,369 - DEBUG -     Details: Ajouter plus de garnitures (min:0, max:0, free:0, order:2)
2025-12-28 12:53:56,637 - DEBUG -     Linked: Hawaïenne -> Dips
2025-12-28 12:53:56,801 - DEBUG -     Details: Trempettes (min:0, max:0, free:0, order:4)
2025-12-28 12:53:57,080 - DEBUG -     Linked: Hawaïenne -> Crust type
2025-12-28 12:53:57,236 - DEBUG -     Details: Choix de pain (min:0, max:0, free:0, order:1)
2025-12-28 12:53:57,237 - INFO -     -> 3 links, 3 details
2025-12-28 12:53:57,237 - INFO -   [61/135] Hawaïenne suprême (V3: 154164, source_id: 116876)
2025-12-28 12:53:59,133 - DEBUG -   No active modifier groups for dish Hawaïenne suprême
2025-12-28 12:53:59,133 - INFO -     -> 0 links, 0 details
2025-12-28 12:53:59,133 - INFO -   [62/135] Hawaïenne suprême (V3: 152304, source_id: 116854)
2025-12-28 12:54:00,987 - DEBUG -   Found active group: Pizza Toppings (V1 ID: 10944, Category: ci)
2025-12-28 12:54:00,996 - DEBUG -   Found active group: Dips (V1 ID: 10947, Category: sa)
2025-12-28 12:54:01,010 - DEBUG -   Found active group: Crust type (V1 ID: 10943, Category: br)
2025-12-28 12:54:01,013 - INFO -   Hawaïenne suprême: 3 active modifier groups
2025-12-28 12:54:01,298 - DEBUG -     Linked: Hawaïenne suprême -> Pizza Toppings
2025-12-28 12:54:01,462 - DEBUG -     Details: Ajouter plus de garnitures (min:0, max:0, free:0, order:2)
2025-12-28 12:54:01,779 - DEBUG -     Linked: Hawaïenne suprême -> Dips
2025-12-28 12:54:01,935 - DEBUG -     Details: Trempettes (min:0, max:0, free:0, order:4)
2025-12-28 12:54:02,208 - DEBUG -     Linked: Hawaïenne suprême -> Crust type
2025-12-28 12:54:02,366 - DEBUG -     Details: Choix de pain (min:0, max:0, free:0, order:1)
2025-12-28 12:54:02,366 - INFO -     -> 3 links, 3 details
2025-12-28 12:54:02,366 - INFO -   [63/135] Jardinière (V3: 152264, source_id: 116803)
2025-12-28 12:54:04,243 - DEBUG -   Found active group: Extras for Salads (V1 ID: 10937, Category: e)
2025-12-28 12:54:04,254 - DEBUG -   Found active group: Salad Dressings (V1 ID: 10936, Category: dr)
2025-12-28 12:54:04,256 - INFO -   Jardinière: 2 active modifier groups
2025-12-28 12:54:04,543 - DEBUG -     Linked: Jardinière -> Extras for Salads
2025-12-28 12:54:04,712 - DEBUG -     Details: Extras (min:0, max:0, free:0, order:7)
2025-12-28 12:54:04,987 - DEBUG -     Linked: Jardinière -> Salad Dressings
2025-12-28 12:54:05,154 - DEBUG -     Details: Vinaigrette (min:1, max:1, free:0, order:3)
2025-12-28 12:54:05,154 - INFO -     -> 2 links, 2 details
2025-12-28 12:54:05,155 - INFO -   [64/135] Maison Kabyle (V3: 152317, source_id: 116866)
2025-12-28 12:54:07,031 - DEBUG -   Found active group: Pizza Toppings (V1 ID: 10944, Category: ci)
2025-12-28 12:54:07,040 - DEBUG -   Found active group: Dips (V1 ID: 10947, Category: sa)
2025-12-28 12:54:07,054 - DEBUG -   Found active group: Crust type (V1 ID: 10943, Category: br)
2025-12-28 12:54:07,057 - INFO -   Maison Kabyle: 3 active modifier groups
2025-12-28 12:54:07,345 - DEBUG -     Linked: Maison Kabyle -> Pizza Toppings
2025-12-28 12:54:07,524 - DEBUG -     Details: Ajouter plus de garnitures (min:0, max:0, free:0, order:2)
2025-12-28 12:54:07,797 - DEBUG -     Linked: Maison Kabyle -> Dips
2025-12-28 12:54:07,962 - DEBUG -     Details: Trempettes (min:0, max:0, free:0, order:4)
2025-12-28 12:54:08,233 - DEBUG -     Linked: Maison Kabyle -> Crust type
2025-12-28 12:54:08,392 - DEBUG -     Details: Choix de pain (min:0, max:0, free:0, order:1)
2025-12-28 12:54:08,392 - INFO -     -> 3 links, 3 details
2025-12-28 12:54:08,393 - INFO -   [65/135] Maison Kabyle (V3: 154177, source_id: 116888)
2025-12-28 12:54:10,277 - DEBUG -   No active modifier groups for dish Maison Kabyle
2025-12-28 12:54:10,277 - INFO -     -> 0 links, 0 details
2025-12-28 12:54:10,277 - INFO -   [66/135] Mexicaine (V3: 152308, source_id: 116858)
2025-12-28 12:54:12,155 - DEBUG -   Found active group: Pizza Toppings (V1 ID: 10944, Category: ci)
2025-12-28 12:54:12,164 - DEBUG -   Found active group: Dips (V1 ID: 10947, Category: sa)
2025-12-28 12:54:12,178 - DEBUG -   Found active group: Crust type (V1 ID: 10943, Category: br)
2025-12-28 12:54:12,181 - INFO -   Mexicaine: 3 active modifier groups
2025-12-28 12:54:12,454 - DEBUG -     Linked: Mexicaine -> Pizza Toppings
2025-12-28 12:54:12,626 - DEBUG -     Details: Ajouter plus de garnitures (min:0, max:0, free:0, order:2)
2025-12-28 12:54:12,899 - DEBUG -     Linked: Mexicaine -> Dips
2025-12-28 12:54:13,060 - DEBUG -     Details: Trempettes (min:0, max:0, free:0, order:4)
2025-12-28 12:54:13,336 - DEBUG -     Linked: Mexicaine -> Crust type
2025-12-28 12:54:13,486 - DEBUG -     Details: Choix de pain (min:0, max:0, free:0, order:1)
2025-12-28 12:54:13,486 - INFO -     -> 3 links, 3 details
2025-12-28 12:54:13,487 - INFO -   [67/135] Mexicaine (V3: 154168, source_id: 116880)
2025-12-28 12:54:15,352 - DEBUG -   No active modifier groups for dish Mexicaine
2025-12-28 12:54:15,352 - INFO -     -> 0 links, 0 details
2025-12-28 12:54:15,352 - INFO -   [68/135] Morceaux de poulet (V3: 152269, source_id: 116808)
2025-12-28 12:54:17,224 - DEBUG -   Found active group: Dips (V1 ID: 10947, Category: sa)
2025-12-28 12:54:17,234 - DEBUG -   Found active group: Upgrade to Poutine (V1 ID: 10939, Category: sd)
2025-12-28 12:54:17,241 - INFO -   Morceaux de poulet: 2 active modifier groups
2025-12-28 12:54:17,522 - DEBUG -     Linked: Morceaux de poulet -> Dips
2025-12-28 12:54:17,680 - DEBUG -     Details: Première trempette gratuite (min:1, max:0, free:1, order:4)
2025-12-28 12:54:17,966 - DEBUG -     Linked: Morceaux de poulet -> Upgrade to Poutine
2025-12-28 12:54:18,128 - DEBUG -     Details: Changez vos frites (min:0, max:1, free:0, order:5)
2025-12-28 12:54:18,128 - INFO -     -> 2 links, 2 details
2025-12-28 12:54:18,129 - INFO -   [69/135] Moyenne Pizza et Ailes (V3: 154150, source_id: 116912)
2025-12-28 12:54:20,000 - DEBUG -   No active modifier groups for dish Moyenne Pizza et Ailes
2025-12-28 12:54:20,000 - INFO -     -> 0 links, 0 details
2025-12-28 12:54:20,000 - INFO -   Progress: 70/135 dishes
2025-12-28 12:54:20,000 - INFO -   [70/135] Orange Crush (V3: 152342, source_id: 116901)
2025-12-28 12:54:21,876 - DEBUG -   No active modifier groups for dish Orange Crush
2025-12-28 12:54:21,876 - INFO -     -> 0 links, 0 details
2025-12-28 12:54:21,876 - INFO -   [71/135] Pain à l’ail (V3: 152260, source_id: 116799)
2025-12-28 12:54:23,737 - DEBUG -   No active modifier groups for dish Pain à l’ail
2025-12-28 12:54:23,737 - INFO -     -> 0 links, 0 details
2025-12-28 12:54:23,737 - INFO -   [72/135] Pain à l’ail avec fromage (V3: 152261, source_id: 116800)
2025-12-28 12:54:25,611 - DEBUG -   No active modifier groups for dish Pain à l’ail avec fromage
2025-12-28 12:54:25,611 - INFO -     -> 0 links, 0 details
2025-12-28 12:54:25,611 - INFO -   [73/135] Pain à l’ail avec fromage et bacon (V3: 152262, source_id: 116801)
2025-12-28 12:54:27,489 - DEBUG -   No active modifier groups for dish Pain à l’ail avec fromage et bacon
2025-12-28 12:54:27,489 - INFO -     -> 0 links, 0 details
2025-12-28 12:54:27,489 - INFO -   [74/135] Patates au cheddar et chipotle (V3: 152259, source_id: 116798)
2025-12-28 12:54:29,335 - DEBUG -   No active modifier groups for dish Patates au cheddar et chipotle
2025-12-28 12:54:29,335 - INFO -     -> 0 links, 0 details
2025-12-28 12:54:29,336 - INFO -   [75/135] Pepperoni classique (V3: 152300, source_id: 116849)
2025-12-28 12:54:31,194 - DEBUG -   Found active group: Pizza Toppings (V1 ID: 10944, Category: ci)
2025-12-28 12:54:31,203 - DEBUG -   Found active group: Dips (V1 ID: 10947, Category: sa)
2025-12-28 12:54:31,217 - DEBUG -   Found active group: Crust type (V1 ID: 10943, Category: br)
2025-12-28 12:54:31,220 - INFO -   Pepperoni classique: 3 active modifier groups
2025-12-28 12:54:31,510 - DEBUG -     Linked: Pepperoni classique -> Pizza Toppings
2025-12-28 12:54:31,680 - DEBUG -     Details: Ajouter plus de garnitures (min:0, max:0, free:0, order:2)
2025-12-28 12:54:31,959 - DEBUG -     Linked: Pepperoni classique -> Dips
2025-12-28 12:54:32,127 - DEBUG -     Details: Trempettes (min:0, max:0, free:0, order:4)
2025-12-28 12:54:32,426 - DEBUG -     Linked: Pepperoni classique -> Crust type
2025-12-28 12:54:32,575 - DEBUG -     Details: Choix de pain (min:0, max:0, free:0, order:1)
2025-12-28 12:54:32,575 - INFO -     -> 3 links, 3 details
2025-12-28 12:54:32,576 - INFO -   [76/135] Pepperoni classique (V3: 154160, source_id: 116871)
2025-12-28 12:54:34,451 - DEBUG -   No active modifier groups for dish Pepperoni classique
2025-12-28 12:54:34,451 - INFO -     -> 0 links, 0 details
2025-12-28 12:54:34,451 - INFO -   [77/135] Pepperoni extra mince New York (V3: 152301, source_id: 116850)
2025-12-28 12:54:36,300 - DEBUG -   Found active group: Pizza Toppings (V1 ID: 10944, Category: ci)
2025-12-28 12:54:36,310 - DEBUG -   Found active group: Dips (V1 ID: 10947, Category: sa)
2025-12-28 12:54:36,319 - INFO -   Pepperoni extra mince New York: 2 active modifier groups
2025-12-28 12:54:36,648 - DEBUG -     Linked: Pepperoni extra mince New York -> Pizza Toppings
2025-12-28 12:54:36,844 - DEBUG -     Details: Ajouter plus de garnitures (min:0, max:0, free:0, order:2)
2025-12-28 12:54:37,146 - DEBUG -     Linked: Pepperoni extra mince New York -> Dips
2025-12-28 12:54:37,330 - DEBUG -     Details: Trempettes (min:0, max:0, free:0, order:4)
2025-12-28 12:54:37,330 - INFO -     -> 2 links, 2 details
2025-12-28 12:54:37,330 - INFO -   [78/135] Pepperoni extra mince New York (V3: 154161, source_id: 116872)
2025-12-28 12:54:39,180 - DEBUG -   No active modifier groups for dish Pepperoni extra mince New York
2025-12-28 12:54:39,180 - INFO -     -> 0 links, 0 details
2025-12-28 12:54:39,180 - INFO -   [79/135] Pepsi (V3: 152336, source_id: 116895)
2025-12-28 12:54:41,067 - DEBUG -   No active modifier groups for dish Pepsi
2025-12-28 12:54:41,067 - INFO -     -> 0 links, 0 details
2025-12-28 12:54:41,067 - INFO -   Progress: 80/135 dishes
2025-12-28 12:54:41,067 - INFO -   [80/135] Pesto Classique (V3: 154176, source_id: 116887)
2025-12-28 12:54:42,941 - DEBUG -   No active modifier groups for dish Pesto Classique
2025-12-28 12:54:42,941 - INFO -     -> 0 links, 0 details
2025-12-28 12:54:42,941 - INFO -   [81/135] Pesto Classique (V3: 152316, source_id: 116865)
2025-12-28 12:54:44,811 - DEBUG -   Found active group: Pizza Toppings (V1 ID: 10944, Category: ci)
2025-12-28 12:54:44,820 - DEBUG -   Found active group: Dips (V1 ID: 10947, Category: sa)
2025-12-28 12:54:44,834 - DEBUG -   Found active group: Crust type (V1 ID: 10943, Category: br)
2025-12-28 12:54:44,837 - INFO -   Pesto Classique: 3 active modifier groups
2025-12-28 12:54:45,149 - DEBUG -     Linked: Pesto Classique -> Pizza Toppings
2025-12-28 12:54:45,350 - DEBUG -     Details: Ajouter plus de garnitures (min:0, max:0, free:0, order:2)
2025-12-28 12:54:45,650 - DEBUG -     Linked: Pesto Classique -> Dips
2025-12-28 12:54:45,814 - DEBUG -     Details: Trempettes (min:0, max:0, free:0, order:4)
2025-12-28 12:54:46,093 - DEBUG -     Linked: Pesto Classique -> Crust type
2025-12-28 12:54:46,255 - DEBUG -     Details: Choix de pain (min:0, max:0, free:0, order:1)
2025-12-28 12:54:46,255 - INFO -     -> 3 links, 3 details
2025-12-28 12:54:46,256 - INFO -   [82/135] Pesto tropicale (V3: 152318, source_id: 116867)
2025-12-28 12:54:48,121 - DEBUG -   Found active group: Pizza Toppings (V1 ID: 10944, Category: ci)
2025-12-28 12:54:48,130 - DEBUG -   Found active group: Dips (V1 ID: 10947, Category: sa)
2025-12-28 12:54:48,145 - DEBUG -   Found active group: Crust type (V1 ID: 10943, Category: br)
2025-12-28 12:54:48,148 - INFO -   Pesto tropicale: 3 active modifier groups
2025-12-28 12:54:48,456 - DEBUG -     Linked: Pesto tropicale -> Pizza Toppings
2025-12-28 12:54:48,637 - DEBUG -     Details: Ajouter plus de garnitures (min:0, max:0, free:0, order:2)
2025-12-28 12:54:48,994 - DEBUG -     Linked: Pesto tropicale -> Dips
2025-12-28 12:54:49,173 - DEBUG -     Details: Trempettes (min:0, max:0, free:0, order:4)
2025-12-28 12:54:49,456 - DEBUG -     Linked: Pesto tropicale -> Crust type
2025-12-28 12:54:49,612 - DEBUG -     Details: Choix de pain (min:0, max:0, free:0, order:1)
2025-12-28 12:54:49,612 - INFO -     -> 3 links, 3 details
2025-12-28 12:54:49,613 - INFO -   [83/135] Pesto tropicale (V3: 154178, source_id: 116889)
2025-12-28 12:54:51,483 - DEBUG -   No active modifier groups for dish Pesto tropicale
2025-12-28 12:54:51,483 - INFO -     -> 0 links, 0 details
2025-12-28 12:54:51,483 - INFO -   [84/135] Petit Pizza et Ailes (V3: 154149, source_id: 116911)
2025-12-28 12:54:53,342 - DEBUG -   No active modifier groups for dish Petit Pizza et Ailes
2025-12-28 12:54:53,342 - INFO -     -> 0 links, 0 details
2025-12-28 12:54:53,342 - INFO -   [85/135] Pizza 1 pour 1 Margarita (V3: 152302, source_id: 116851)
2025-12-28 12:54:55,208 - DEBUG -   Found active group: Pizza Toppings (V1 ID: 10944, Category: ci)
2025-12-28 12:54:55,218 - DEBUG -   Found active group: Dips (V1 ID: 10947, Category: sa)
2025-12-28 12:54:55,231 - DEBUG -   Found active group: Crust type (V1 ID: 10943, Category: br)
2025-12-28 12:54:55,234 - INFO -   Pizza 1 pour 1 Margarita: 3 active modifier groups
2025-12-28 12:54:55,500 - DEBUG -     Linked: Pizza 1 pour 1 Margarita -> Pizza Toppings
2025-12-28 12:54:55,658 - DEBUG -     Details: Ajouter plus de garnitures (min:0, max:0, free:0, order:2)
2025-12-28 12:54:55,933 - DEBUG -     Linked: Pizza 1 pour 1 Margarita -> Dips
2025-12-28 12:54:56,103 - DEBUG -     Details: Trempettes (min:0, max:0, free:0, order:4)
2025-12-28 12:54:56,401 - DEBUG -     Linked: Pizza 1 pour 1 Margarita -> Crust type
2025-12-28 12:54:56,557 - DEBUG -     Details: Choix de pain (min:0, max:0, free:0, order:1)
2025-12-28 12:54:56,557 - INFO -     -> 3 links, 3 details
2025-12-28 12:54:56,558 - INFO -   [86/135] Pizza 1 pour 1 Margarita (V3: 154162, source_id: 116873)
2025-12-28 12:54:58,433 - DEBUG -   No active modifier groups for dish Pizza 1 pour 1 Margarita
2025-12-28 12:54:58,433 - INFO -     -> 0 links, 0 details
2025-12-28 12:54:58,433 - INFO -   [87/135] Pizza au fromage (V3: 154159, source_id: 116870)
2025-12-28 12:55:00,295 - DEBUG -   No active modifier groups for dish Pizza au fromage
2025-12-28 12:55:00,295 - INFO -     -> 0 links, 0 details
2025-12-28 12:55:00,295 - INFO -   [88/135] Pizza au fromage (V3: 152299, source_id: 116848)
2025-12-28 12:55:02,185 - DEBUG -   Found active group: Pizza Toppings (V1 ID: 10944, Category: ci)
2025-12-28 12:55:02,194 - DEBUG -   Found active group: Dips (V1 ID: 10947, Category: sa)
2025-12-28 12:55:02,207 - DEBUG -   Found active group: Crust type (V1 ID: 10943, Category: br)
2025-12-28 12:55:02,210 - INFO -   Pizza au fromage: 3 active modifier groups
2025-12-28 12:55:02,495 - DEBUG -     Linked: Pizza au fromage -> Pizza Toppings
2025-12-28 12:55:02,666 - DEBUG -     Details: Ajouter plus de garnitures (min:0, max:0, free:0, order:2)
2025-12-28 12:55:02,993 - DEBUG -     Linked: Pizza au fromage -> Dips
2025-12-28 12:55:03,165 - DEBUG -     Details: Trempettes (min:0, max:0, free:0, order:4)
2025-12-28 12:55:03,469 - DEBUG -     Linked: Pizza au fromage -> Crust type
2025-12-28 12:55:03,634 - DEBUG -     Details: Choix de pain (min:0, max:0, free:0, order:1)
2025-12-28 12:55:03,634 - INFO -     -> 3 links, 3 details
2025-12-28 12:55:03,635 - INFO -   [89/135] Pizza au poulet BBQ (V3: 154175, source_id: 116886)
2025-12-28 12:55:05,512 - DEBUG -   No active modifier groups for dish Pizza au poulet BBQ
2025-12-28 12:55:05,512 - INFO -     -> 0 links, 0 details
2025-12-28 12:55:05,512 - INFO -   Progress: 90/135 dishes
2025-12-28 12:55:05,512 - INFO -   [90/135] Pizza au poulet BBQ (V3: 152315, source_id: 116864)
2025-12-28 12:55:07,368 - DEBUG -   Found active group: Pizza Toppings (V1 ID: 10944, Category: ci)
2025-12-28 12:55:07,377 - DEBUG -   Found active group: Dips (V1 ID: 10947, Category: sa)
2025-12-28 12:55:07,391 - DEBUG -   Found active group: Crust type (V1 ID: 10943, Category: br)
2025-12-28 12:55:07,395 - INFO -   Pizza au poulet BBQ: 3 active modifier groups
2025-12-28 12:55:07,669 - DEBUG -     Linked: Pizza au poulet BBQ -> Pizza Toppings
2025-12-28 12:55:07,832 - DEBUG -     Details: Ajouter plus de garnitures (min:0, max:0, free:0, order:2)
2025-12-28 12:55:08,113 - DEBUG -     Linked: Pizza au poulet BBQ -> Dips
2025-12-28 12:55:08,272 - DEBUG -     Details: Trempettes (min:0, max:0, free:0, order:4)
2025-12-28 12:55:08,544 - DEBUG -     Linked: Pizza au poulet BBQ -> Crust type
2025-12-28 12:55:08,695 - DEBUG -     Details: Choix de pain (min:0, max:0, free:0, order:1)
2025-12-28 12:55:08,696 - INFO -     -> 3 links, 3 details
2025-12-28 12:55:08,696 - INFO -   [91/135] Pizza Grecque (V3: 152319, source_id: 116868)
2025-12-28 12:55:10,576 - DEBUG -   Found active group: Pizza Toppings (V1 ID: 10944, Category: ci)
2025-12-28 12:55:10,585 - DEBUG -   Found active group: Dips (V1 ID: 10947, Category: sa)
2025-12-28 12:55:10,600 - DEBUG -   Found active group: Crust type (V1 ID: 10943, Category: br)
2025-12-28 12:55:10,603 - INFO -   Pizza Grecque: 3 active modifier groups
2025-12-28 12:55:10,878 - DEBUG -     Linked: Pizza Grecque -> Pizza Toppings
2025-12-28 12:55:11,036 - DEBUG -     Details: Ajouter plus de garnitures (min:0, max:0, free:0, order:2)
2025-12-28 12:55:11,309 - DEBUG -     Linked: Pizza Grecque -> Dips
2025-12-28 12:55:11,473 - DEBUG -     Details: Trempettes (min:0, max:0, free:0, order:4)
2025-12-28 12:55:11,753 - DEBUG -     Linked: Pizza Grecque -> Crust type
2025-12-28 12:55:11,915 - DEBUG -     Details: Choix de pain (min:0, max:0, free:0, order:1)
2025-12-28 12:55:11,915 - INFO -     -> 3 links, 3 details
2025-12-28 12:55:11,916 - INFO -   [92/135] Pizza Grecque (V3: 154179, source_id: 116890)
2025-12-28 12:55:13,803 - DEBUG -   No active modifier groups for dish Pizza Grecque
2025-12-28 12:55:13,803 - INFO -     -> 0 links, 0 details
2025-12-28 12:55:13,803 - INFO -   [93/135] Pommes de terre en quartier (V3: 152254, source_id: 116793)
2025-12-28 12:55:15,673 - DEBUG -   No active modifier groups for dish Pommes de terre en quartier
2025-12-28 12:55:15,673 - INFO -     -> 0 links, 0 details
2025-12-28 12:55:15,673 - INFO -   [94/135] Poulet Bacon Ranch (V3: 154174, source_id: 116885)
2025-12-28 12:55:17,536 - DEBUG -   No active modifier groups for dish Poulet Bacon Ranch
2025-12-28 12:55:17,536 - INFO -     -> 0 links, 0 details
2025-12-28 12:55:17,536 - INFO -   [95/135] Poulet Bacon Ranch (V3: 152314, source_id: 116863)
2025-12-28 12:55:19,414 - DEBUG -   Found active group: Pizza Toppings (V1 ID: 10944, Category: ci)
2025-12-28 12:55:19,423 - DEBUG -   Found active group: Dips (V1 ID: 10947, Category: sa)
2025-12-28 12:55:19,437 - DEBUG -   Found active group: Crust type (V1 ID: 10943, Category: br)
2025-12-28 12:55:19,440 - INFO -   Poulet Bacon Ranch: 3 active modifier groups
2025-12-28 12:55:19,734 - DEBUG -     Linked: Poulet Bacon Ranch -> Pizza Toppings
2025-12-28 12:55:19,890 - DEBUG -     Details: Ajouter plus de garnitures (min:0, max:0, free:0, order:2)
2025-12-28 12:55:20,166 - DEBUG -     Linked: Poulet Bacon Ranch -> Dips
2025-12-28 12:55:20,328 - DEBUG -     Details: Trempettes (min:0, max:0, free:0, order:4)
2025-12-28 12:55:20,612 - DEBUG -     Linked: Poulet Bacon Ranch -> Crust type
2025-12-28 12:55:20,770 - DEBUG -     Details: Choix de pain (min:0, max:0, free:0, order:1)
2025-12-28 12:55:20,771 - INFO -     -> 3 links, 3 details
2025-12-28 12:55:20,771 - INFO -   [96/135] Poulet cajun (V3: 152276, source_id: 116815)
2025-12-28 12:55:22,627 - DEBUG -   No active modifier groups for dish Poulet cajun
2025-12-28 12:55:22,627 - INFO -     -> 0 links, 0 details
2025-12-28 12:55:22,627 - INFO -   [97/135] Poulet cajun bacon (V3: 152277, source_id: 116816)
2025-12-28 12:55:24,481 - DEBUG -   No active modifier groups for dish Poulet cajun bacon
2025-12-28 12:55:24,481 - INFO -     -> 0 links, 0 details
2025-12-28 12:55:24,481 - INFO -   [98/135] Poulet cajun bacon Combo 1 (V3: 152291, source_id: 116830)
2025-12-28 12:55:26,348 - DEBUG -   Found active group: Drinks Can (V1 ID: 10948, Category: d)
2025-12-28 12:55:26,354 - INFO -   Poulet cajun bacon Combo 1: 1 active modifier groups
2025-12-28 12:55:26,634 - DEBUG -     Linked: Poulet cajun bacon Combo 1 -> Drinks Can
2025-12-28 12:55:26,807 - DEBUG -     Details: 1 Bouteille 591ml (min:1, max:1, free:0, order:6)
2025-12-28 12:55:26,807 - INFO -     -> 1 links, 1 details
2025-12-28 12:55:26,807 - INFO -   [99/135] Poulet cajun bacon Combo 2 (V3: 152292, source_id: 116831)
2025-12-28 12:55:28,694 - DEBUG -   Found active group: Drinks Can (V1 ID: 10948, Category: d)
2025-12-28 12:55:28,700 - INFO -   Poulet cajun bacon Combo 2: 1 active modifier groups
2025-12-28 12:55:28,979 - DEBUG -     Linked: Poulet cajun bacon Combo 2 -> Drinks Can
2025-12-28 12:55:29,137 - DEBUG -     Details: 1 Bouteille 591ml (min:1, max:1, free:0, order:6)
2025-12-28 12:55:29,137 - INFO -     -> 1 links, 1 details
2025-12-28 12:55:29,137 - INFO -   Progress: 100/135 dishes
2025-12-28 12:55:29,138 - INFO -   [100/135] Poulet cajun Combo 1 (V3: 152289, source_id: 116828)
2025-12-28 12:55:31,027 - DEBUG -   Found active group: Drinks Can (V1 ID: 10948, Category: d)
2025-12-28 12:55:31,033 - INFO -   Poulet cajun Combo 1: 1 active modifier groups
2025-12-28 12:55:31,355 - DEBUG -     Linked: Poulet cajun Combo 1 -> Drinks Can
2025-12-28 12:55:31,535 - DEBUG -     Details: 1 Bouteille 591ml (min:1, max:1, free:0, order:6)
2025-12-28 12:55:31,536 - INFO -     -> 1 links, 1 details
2025-12-28 12:55:31,536 - INFO -   [101/135] Poulet cajun Combo 2 (V3: 152290, source_id: 116829)
2025-12-28 12:55:33,427 - DEBUG -   Found active group: Drinks Can (V1 ID: 10948, Category: d)
2025-12-28 12:55:33,434 - INFO -   Poulet cajun Combo 2: 1 active modifier groups
2025-12-28 12:55:33,718 - DEBUG -     Linked: Poulet cajun Combo 2 -> Drinks Can
2025-12-28 12:55:33,880 - DEBUG -     Details: 1 Bouteille 591ml (min:1, max:1, free:0, order:6)
2025-12-28 12:55:33,880 - INFO -     -> 1 links, 1 details
2025-12-28 12:55:33,881 - INFO -   [102/135] Poulet club (V3: 152280, source_id: 116819)
2025-12-28 12:55:35,775 - DEBUG -   No active modifier groups for dish Poulet club
2025-12-28 12:55:35,775 - INFO -     -> 0 links, 0 details
2025-12-28 12:55:35,775 - INFO -   [103/135] Poulet club Combo 1 (V3: 152297, source_id: 116836)
2025-12-28 12:55:37,645 - DEBUG -   Found active group: Drinks Can (V1 ID: 10948, Category: d)
2025-12-28 12:55:37,651 - INFO -   Poulet club Combo 1: 1 active modifier groups
2025-12-28 12:55:37,934 - DEBUG -     Linked: Poulet club Combo 1 -> Drinks Can
2025-12-28 12:55:38,097 - DEBUG -     Details: 1 Bouteille 591ml (min:1, max:1, free:0, order:6)
2025-12-28 12:55:38,097 - INFO -     -> 1 links, 1 details
2025-12-28 12:55:38,098 - INFO -   [104/135] Poulet club Combo 2 (V3: 152298, source_id: 116837)
2025-12-28 12:55:39,979 - DEBUG -   Found active group: Drinks Can (V1 ID: 10948, Category: d)
2025-12-28 12:55:39,984 - INFO -   Poulet club Combo 2: 1 active modifier groups
2025-12-28 12:55:40,287 - DEBUG -     Linked: Poulet club Combo 2 -> Drinks Can
2025-12-28 12:55:40,462 - DEBUG -     Details: 1 Bouteille 591ml (min:1, max:1, free:0, order:6)
2025-12-28 12:55:40,462 - INFO -     -> 1 links, 1 details
2025-12-28 12:55:40,462 - INFO -   [105/135] Poutine au croustilles maison (V3: 152321, source_id: 116838)
2025-12-28 12:55:42,327 - DEBUG -   Found active group: Custom Ing for Poutines (V1 ID: 10940, Category: ci)
2025-12-28 12:55:42,337 - INFO -   Poutine au croustilles maison: 1 active modifier groups
2025-12-28 12:55:42,618 - DEBUG -     Linked: Poutine au croustilles maison -> Custom Ing for Poutines
2025-12-28 12:55:42,784 - DEBUG -     Details: Ingrédients personnalisés (min:0, max:0, free:0, order:2)
2025-12-28 12:55:42,784 - INFO -     -> 1 links, 1 details
2025-12-28 12:55:42,785 - INFO -   [106/135] Poutine au patates douce (V3: 152325, source_id: 116842)
2025-12-28 12:55:44,649 - DEBUG -   Found active group: Custom Ing for Poutines (V1 ID: 10940, Category: ci)
2025-12-28 12:55:44,660 - INFO -   Poutine au patates douce: 1 active modifier groups
2025-12-28 12:55:44,945 - DEBUG -     Linked: Poutine au patates douce -> Custom Ing for Poutines
2025-12-28 12:55:45,104 - DEBUG -     Details: Ingrédients personnalisés (min:0, max:0, free:0, order:2)
2025-12-28 12:55:45,104 - INFO -     -> 1 links, 1 details
2025-12-28 12:55:45,105 - INFO -   [107/135] Poutine en quartier (V3: 152324, source_id: 116841)
2025-12-28 12:55:46,968 - DEBUG -   Found active group: Custom Ing for Poutines (V1 ID: 10940, Category: ci)
2025-12-28 12:55:46,979 - INFO -   Poutine en quartier: 1 active modifier groups
2025-12-28 12:55:47,261 - DEBUG -     Linked: Poutine en quartier -> Custom Ing for Poutines
2025-12-28 12:55:47,424 - DEBUG -     Details: Ingrédients personnalisés (min:0, max:0, free:0, order:2)
2025-12-28 12:55:47,424 - INFO -     -> 1 links, 1 details
2025-12-28 12:55:47,424 - INFO -   [108/135] Poutine en vrilles assaissonées (V3: 152323, source_id: 116840)
2025-12-28 12:55:49,281 - DEBUG -   Found active group: Custom Ing for Poutines (V1 ID: 10940, Category: ci)
2025-12-28 12:55:49,291 - INFO -   Poutine en vrilles assaissonées: 1 active modifier groups
2025-12-28 12:55:49,581 - DEBUG -     Linked: Poutine en vrilles assaissonées -> Custom Ing for Poutines
2025-12-28 12:55:49,756 - DEBUG -     Details: Ingrédients personnalisés (min:0, max:0, free:0, order:2)
2025-12-28 12:55:49,757 - INFO -     -> 1 links, 1 details
2025-12-28 12:55:49,757 - INFO -   [109/135] Poutine frites au poulet (V3: 152326, source_id: 116843)
2025-12-28 12:55:51,614 - DEBUG -   Found active group: Custom Ing for Poutines (V1 ID: 10940, Category: ci)
2025-12-28 12:55:51,625 - INFO -   Poutine frites au poulet: 1 active modifier groups
2025-12-28 12:55:51,948 - DEBUG -     Linked: Poutine frites au poulet -> Custom Ing for Poutines
2025-12-28 12:55:52,131 - DEBUG -     Details: Ingrédients personnalisés (min:0, max:0, free:0, order:2)
2025-12-28 12:55:52,131 - INFO -     -> 1 links, 1 details
2025-12-28 12:55:52,132 - INFO -   Progress: 110/135 dishes
2025-12-28 12:55:52,133 - INFO -   [110/135] Poutine Originale (V3: 152322, source_id: 116839)
2025-12-28 12:55:54,527 - DEBUG -   Found active group: Custom Ing for Poutines (V1 ID: 10940, Category: ci)
2025-12-28 12:55:54,537 - INFO -   Poutine Originale: 1 active modifier groups
2025-12-28 12:55:54,825 - DEBUG -     Linked: Poutine Originale -> Custom Ing for Poutines
2025-12-28 12:55:55,016 - DEBUG -     Details: Ingrédients personnalisés (min:0, max:0, free:0, order:2)
2025-12-28 12:55:55,016 - INFO -     -> 1 links, 1 details
2025-12-28 12:55:55,016 - INFO -   [111/135] Quatro Fromages (V3: 154169, source_id: 116875)
2025-12-28 12:55:56,887 - DEBUG -   No active modifier groups for dish Quatro Fromages
2025-12-28 12:55:56,887 - INFO -     -> 0 links, 0 details
2025-12-28 12:55:56,888 - INFO -   [112/135] Quatro Fromages (V3: 152309, source_id: 116853)
2025-12-28 12:55:58,762 - DEBUG -   Found active group: Pizza Toppings (V1 ID: 10944, Category: ci)
2025-12-28 12:55:58,771 - DEBUG -   Found active group: Dips (V1 ID: 10947, Category: sa)
2025-12-28 12:55:58,784 - DEBUG -   Found active group: Crust type (V1 ID: 10943, Category: br)
2025-12-28 12:55:58,787 - INFO -   Quatro Fromages: 3 active modifier groups
2025-12-28 12:55:59,083 - DEBUG -     Linked: Quatro Fromages -> Pizza Toppings
2025-12-28 12:55:59,249 - DEBUG -     Details: Ajouter plus de garnitures (min:0, max:0, free:0, order:2)
2025-12-28 12:55:59,539 - DEBUG -     Linked: Quatro Fromages -> Dips
2025-12-28 12:55:59,718 - DEBUG -     Details: Trempettes (min:0, max:0, free:0, order:4)
2025-12-28 12:56:00,027 - DEBUG -     Linked: Quatro Fromages -> Crust type
2025-12-28 12:56:00,197 - DEBUG -     Details: Choix de pain (min:0, max:0, free:0, order:1)
2025-12-28 12:56:00,197 - INFO -     -> 3 links, 3 details
2025-12-28 12:56:00,197 - INFO -   [113/135] Rondelles d’oignon (V3: 152253, source_id: 116792)
2025-12-28 12:56:02,062 - DEBUG -   No active modifier groups for dish Rondelles d’oignon
2025-12-28 12:56:02,062 - INFO -     -> 0 links, 0 details
2025-12-28 12:56:02,062 - INFO -   [114/135] Schweppes Ginger Ale (V3: 152344, source_id: 116903)
2025-12-28 12:56:03,944 - DEBUG -   No active modifier groups for dish Schweppes Ginger Ale
2025-12-28 12:56:03,945 - INFO -     -> 0 links, 0 details
2025-12-28 12:56:03,945 - INFO -   [115/135] Sous-Marin Morceaux de poulet (V3: 152278, source_id: 116817)
2025-12-28 12:56:05,835 - DEBUG -   No active modifier groups for dish Sous-Marin Morceaux de poulet
2025-12-28 12:56:05,835 - INFO -     -> 0 links, 0 details
2025-12-28 12:56:05,835 - INFO -   [116/135] Sous-Marin Morceaux de poulet buffalo (V3: 152279, source_id: 116818)
2025-12-28 12:56:07,705 - DEBUG -   No active modifier groups for dish Sous-Marin Morceaux de poulet buffalo
2025-12-28 12:56:07,705 - INFO -     -> 0 links, 0 details
2025-12-28 12:56:07,705 - INFO -   [117/135] Sous-Marin Morceaux de poulet buffalo Combo 1 (V3: 152295, source_id: 116834)
2025-12-28 12:56:09,589 - DEBUG -   Found active group: Drinks Can (V1 ID: 10948, Category: d)
2025-12-28 12:56:09,595 - INFO -   Sous-Marin Morceaux de poulet buffalo Combo 1: 1 active modifier groups
2025-12-28 12:56:09,868 - DEBUG -     Linked: Sous-Marin Morceaux de poulet buffalo Combo 1 -> Drinks Can
2025-12-28 12:56:10,045 - DEBUG -     Details: 1 Bouteille 591ml (min:1, max:1, free:0, order:6)
2025-12-28 12:56:10,045 - INFO -     -> 1 links, 1 details
2025-12-28 12:56:10,045 - INFO -   [118/135] Sous-Marin Morceaux de poulet buffalo Combo 2 (V3: 152296, source_id: 116835)
2025-12-28 12:56:11,903 - DEBUG -   Found active group: Drinks Can (V1 ID: 10948, Category: d)
2025-12-28 12:56:11,909 - INFO -   Sous-Marin Morceaux de poulet buffalo Combo 2: 1 active modifier groups
2025-12-28 12:56:12,219 - DEBUG -     Linked: Sous-Marin Morceaux de poulet buffalo Combo 2 -> Drinks Can
2025-12-28 12:56:12,411 - DEBUG -     Details: 1 Bouteille 591ml (min:1, max:1, free:0, order:6)
2025-12-28 12:56:12,411 - INFO -     -> 1 links, 1 details
2025-12-28 12:56:12,411 - INFO -   [119/135] Sous-Marin Morceaux de poulet Combo 1 (V3: 152293, source_id: 116832)
2025-12-28 12:56:14,279 - DEBUG -   Found active group: Drinks Can (V1 ID: 10948, Category: d)
2025-12-28 12:56:14,285 - INFO -   Sous-Marin Morceaux de poulet Combo 1: 1 active modifier groups
2025-12-28 12:56:14,563 - DEBUG -     Linked: Sous-Marin Morceaux de poulet Combo 1 -> Drinks Can
2025-12-28 12:56:14,720 - DEBUG -     Details: 1 Bouteille 591ml (min:1, max:1, free:0, order:6)
2025-12-28 12:56:14,720 - INFO -     -> 1 links, 1 details
2025-12-28 12:56:14,721 - INFO -   Progress: 120/135 dishes
2025-12-28 12:56:14,721 - INFO -   [120/135] Sous-Marin Morceaux de poulet Combo 2 (V3: 152294, source_id: 116833)
2025-12-28 12:56:16,600 - DEBUG -   Found active group: Drinks Can (V1 ID: 10948, Category: d)
2025-12-28 12:56:16,606 - INFO -   Sous-Marin Morceaux de poulet Combo 2: 1 active modifier groups
2025-12-28 12:56:16,895 - DEBUG -     Linked: Sous-Marin Morceaux de poulet Combo 2 -> Drinks Can
2025-12-28 12:56:17,074 - DEBUG -     Details: 1 Bouteille 591ml (min:1, max:1, free:0, order:6)
2025-12-28 12:56:17,074 - INFO -     -> 1 links, 1 details
2025-12-28 12:56:17,075 - INFO -   [121/135] Sous-marin pizza (V3: 152273, source_id: 116812)
2025-12-28 12:56:18,941 - DEBUG -   No active modifier groups for dish Sous-marin pizza
2025-12-28 12:56:18,941 - INFO -     -> 0 links, 0 details
2025-12-28 12:56:18,941 - INFO -   [122/135] Sous-marin pizza Combo 1 (V3: 152283, source_id: 116822)
2025-12-28 12:56:20,804 - DEBUG -   Found active group: Drinks Can (V1 ID: 10948, Category: d)
2025-12-28 12:56:20,811 - INFO -   Sous-marin pizza Combo 1: 1 active modifier groups
2025-12-28 12:56:21,093 - DEBUG -     Linked: Sous-marin pizza Combo 1 -> Drinks Can
2025-12-28 12:56:21,251 - DEBUG -     Details: 1 Bouteille 591ml (min:1, max:1, free:0, order:6)
2025-12-28 12:56:21,251 - INFO -     -> 1 links, 1 details
2025-12-28 12:56:21,251 - INFO -   [123/135] Sous-marin pizza Combo 2 (V3: 152284, source_id: 116823)
2025-12-28 12:56:23,130 - DEBUG -   Found active group: Drinks Can (V1 ID: 10948, Category: d)
2025-12-28 12:56:23,137 - INFO -   Sous-marin pizza Combo 2: 1 active modifier groups
2025-12-28 12:56:23,446 - DEBUG -     Linked: Sous-marin pizza Combo 2 -> Drinks Can
2025-12-28 12:56:23,630 - DEBUG -     Details: 1 Bouteille 591ml (min:1, max:1, free:0, order:6)
2025-12-28 12:56:23,631 - INFO -     -> 1 links, 1 details
2025-12-28 12:56:23,631 - INFO -   [124/135] Sous-marin végétarien (V3: 152272, source_id: 116811)
2025-12-28 12:56:25,495 - DEBUG -   No active modifier groups for dish Sous-marin végétarien
2025-12-28 12:56:25,496 - INFO -     -> 0 links, 0 details
2025-12-28 12:56:25,496 - INFO -   [125/135] Sous-marin végétarien Combo 1 (V3: 152281, source_id: 116820)
2025-12-28 12:56:27,361 - DEBUG -   Found active group: Drinks Can (V1 ID: 10948, Category: d)
2025-12-28 12:56:27,367 - INFO -   Sous-marin végétarien Combo 1: 1 active modifier groups
2025-12-28 12:56:27,675 - DEBUG -     Linked: Sous-marin végétarien Combo 1 -> Drinks Can
2025-12-28 12:56:27,830 - DEBUG -     Details: 1 Bouteille 591ml (min:1, max:1, free:0, order:6)
2025-12-28 12:56:27,830 - INFO -     -> 1 links, 1 details
2025-12-28 12:56:27,830 - INFO -   [126/135] Sous-marin végétarien Combo 2 (V3: 152282, source_id: 116821)
2025-12-28 12:56:29,706 - DEBUG -   Found active group: Drinks Can (V1 ID: 10948, Category: d)
2025-12-28 12:56:29,712 - INFO -   Sous-marin végétarien Combo 2: 1 active modifier groups
2025-12-28 12:56:30,020 - DEBUG -     Linked: Sous-marin végétarien Combo 2 -> Drinks Can
2025-12-28 12:56:30,208 - DEBUG -     Details: 1 Bouteille 591ml (min:1, max:1, free:0, order:6)
2025-12-28 12:56:30,208 - INFO -     -> 1 links, 1 details
2025-12-28 12:56:30,208 - INFO -   [127/135] Spéciale T-Grande (V3: 154158, source_id: 116921)
2025-12-28 12:56:32,065 - DEBUG -   Found active group: Drinks Can (V1 ID: 10948, Category: d)
2025-12-28 12:56:32,071 - INFO -   Spéciale T-Grande: 1 active modifier groups
2025-12-28 12:56:32,388 - DEBUG -     Linked: Spéciale T-Grande -> Drinks Can
2025-12-28 12:56:32,570 - DEBUG -     Details: 2 Canettes (min:2, max:2, free:0, order:6)
2025-12-28 12:56:32,570 - INFO -     -> 1 links, 1 details
2025-12-28 12:56:32,571 - INFO -   [128/135] Sub-Lime (V3: 152247, source_id: 116919)
2025-12-28 12:56:34,439 - DEBUG -   Found active group: Subs Selection (V1 ID: 10951, Category: ci)
2025-12-28 12:56:34,451 - DEBUG -   Found active group: Upgrade to Poutine (V1 ID: 10939, Category: sd)
2025-12-28 12:56:34,460 - DEBUG -   Found active group: Drinks Can (V1 ID: 10948, Category: d)
2025-12-28 12:56:34,466 - INFO -   Sub-Lime: 3 active modifier groups
2025-12-28 12:56:34,740 - DEBUG -     Linked: Sub-Lime -> Subs Selection
2025-12-28 12:56:34,900 - DEBUG -     Details: Deux Sous-Marins (min:2, max:2, free:0, order:2)
2025-12-28 12:56:35,172 - DEBUG -     Linked: Sub-Lime -> Upgrade to Poutine
2025-12-28 12:56:35,342 - DEBUG -     Details: Changez vos frites (min:0, max:1, free:0, order:7)
2025-12-28 12:56:35,632 - DEBUG -     Linked: Sub-Lime -> Drinks Can
2025-12-28 12:56:35,795 - DEBUG -     Details: 2 Bouteilles 591ml (min:2, max:2, free:0, order:6)
2025-12-28 12:56:35,795 - INFO -     -> 3 links, 3 details
2025-12-28 12:56:35,795 - INFO -   [129/135] Suprème gourmet (V3: 152320, source_id: 116869)
2025-12-28 12:56:37,683 - DEBUG -   Found active group: Pizza Toppings (V1 ID: 10944, Category: ci)
2025-12-28 12:56:37,692 - DEBUG -   Found active group: Dips (V1 ID: 10947, Category: sa)
2025-12-28 12:56:37,706 - DEBUG -   Found active group: Crust type (V1 ID: 10943, Category: br)
2025-12-28 12:56:37,709 - INFO -   Suprème gourmet: 3 active modifier groups
2025-12-28 12:56:37,990 - DEBUG -     Linked: Suprème gourmet -> Pizza Toppings
2025-12-28 12:56:38,156 - DEBUG -     Details: Ajouter plus de garnitures (min:0, max:0, free:0, order:2)
2025-12-28 12:56:38,429 - DEBUG -     Linked: Suprème gourmet -> Dips
2025-12-28 12:56:38,600 - DEBUG -     Details: Trempettes (min:0, max:0, free:0, order:4)
2025-12-28 12:56:38,923 - DEBUG -     Linked: Suprème gourmet -> Crust type
2025-12-28 12:56:39,126 - DEBUG -     Details: Choix de pain (min:0, max:0, free:0, order:1)
2025-12-28 12:56:39,126 - INFO -     -> 3 links, 3 details
2025-12-28 12:56:39,127 - INFO -   Progress: 130/135 dishes
2025-12-28 12:56:39,128 - INFO -   [130/135] Suprème gourmet (V3: 154180, source_id: 116891)
2025-12-28 12:56:40,980 - DEBUG -   No active modifier groups for dish Suprème gourmet
2025-12-28 12:56:40,981 - INFO -     -> 0 links, 0 details
2025-12-28 12:56:40,981 - INFO -   [131/135] Toute garnie (V3: 154165, source_id: 116877)
2025-12-28 12:56:42,837 - DEBUG -   No active modifier groups for dish Toute garnie
2025-12-28 12:56:42,837 - INFO -     -> 0 links, 0 details
2025-12-28 12:56:42,837 - INFO -   [132/135] Toute garnie (V3: 152305, source_id: 116855)
2025-12-28 12:56:44,717 - DEBUG -   Found active group: Pizza Toppings (V1 ID: 10944, Category: ci)
2025-12-28 12:56:44,726 - DEBUG -   Found active group: Dips (V1 ID: 10947, Category: sa)
2025-12-28 12:56:44,739 - DEBUG -   Found active group: Crust type (V1 ID: 10943, Category: br)
2025-12-28 12:56:44,742 - INFO -   Toute garnie: 3 active modifier groups
2025-12-28 12:56:45,029 - DEBUG -     Linked: Toute garnie -> Pizza Toppings
2025-12-28 12:56:45,190 - DEBUG -     Details: Ajouter plus de garnitures (min:0, max:0, free:0, order:2)
2025-12-28 12:56:45,474 - DEBUG -     Linked: Toute garnie -> Dips
2025-12-28 12:56:45,631 - DEBUG -     Details: Trempettes (min:0, max:0, free:0, order:4)
2025-12-28 12:56:45,899 - DEBUG -     Linked: Toute garnie -> Crust type
2025-12-28 12:56:46,055 - DEBUG -     Details: Choix de pain (min:0, max:0, free:0, order:1)
2025-12-28 12:56:46,055 - INFO -     -> 3 links, 3 details
2025-12-28 12:56:46,055 - INFO -   [133/135] Végetarienne (V3: 152307, source_id: 116857)
2025-12-28 12:56:47,929 - DEBUG -   Found active group: Pizza Toppings (V1 ID: 10944, Category: ci)
2025-12-28 12:56:47,939 - DEBUG -   Found active group: Dips (V1 ID: 10947, Category: sa)
2025-12-28 12:56:47,953 - DEBUG -   Found active group: Crust type (V1 ID: 10943, Category: br)
2025-12-28 12:56:47,957 - INFO -   Végetarienne: 3 active modifier groups
2025-12-28 12:56:48,263 - DEBUG -     Linked: Végetarienne -> Pizza Toppings
2025-12-28 12:56:48,441 - DEBUG -     Details: Ajouter plus de garnitures (min:0, max:0, free:0, order:2)
2025-12-28 12:56:48,755 - DEBUG -     Linked: Végetarienne -> Dips
2025-12-28 12:56:48,950 - DEBUG -     Details: Trempettes (min:0, max:0, free:0, order:4)
2025-12-28 12:56:49,264 - DEBUG -     Linked: Végetarienne -> Crust type
2025-12-28 12:56:49,420 - DEBUG -     Details: Choix de pain (min:0, max:0, free:0, order:1)
2025-12-28 12:56:49,420 - INFO -     -> 3 links, 3 details
2025-12-28 12:56:49,420 - INFO -   [134/135] Végetarienne (V3: 154167, source_id: 116879)
2025-12-28 12:56:51,735 - DEBUG -   No active modifier groups for dish Végetarienne
2025-12-28 12:56:51,735 - INFO -     -> 0 links, 0 details
2025-12-28 12:56:51,735 - INFO -   [135/135] X-Grande Pizza et Ailes (V3: 154152, source_id: 116914)
2025-12-28 12:56:53,628 - DEBUG -   No active modifier groups for dish X-Grande Pizza et Ailes
2025-12-28 12:56:53,628 - INFO -     -> 0 links, 0 details
2025-12-28 12:56:53,628 - INFO -   Result: 135 processed, 0 skipped, 130 links, 130 details
2025-12-28 12:56:53,628 - INFO - ----------------------------------------
2025-12-28 12:56:53,629 - INFO - [4/20] Processing: Marina Pizza des Flandres (V3: 614, V1: 838)
2025-12-28 12:56:53,799 - INFO -   [1/73] 1 Grande Pizza et 2 Poutines (V3: 154183, source_id: 84630)
2025-12-28 12:56:55,667 - DEBUG -   No active modifier groups for dish 1 Grande Pizza et 2 Poutines
2025-12-28 12:56:55,667 - INFO -     -> 0 links, 0 details
2025-12-28 12:56:55,667 - INFO -   [2/73] 1 Grande Pizza et 20 Ailes (V3: 154199, source_id: 84633)
2025-12-28 12:56:57,517 - DEBUG -   No active modifier groups for dish 1 Grande Pizza et 20 Ailes
2025-12-28 12:56:57,517 - INFO -     -> 0 links, 0 details
2025-12-28 12:56:57,517 - INFO -   [3/73] 1 Moyenne Pizza et 15 Ailes (V3: 154198, source_id: 84632)
2025-12-28 12:56:59,380 - DEBUG -   No active modifier groups for dish 1 Moyenne Pizza et 15 Ailes
2025-12-28 12:56:59,380 - INFO -     -> 0 links, 0 details
2025-12-28 12:56:59,380 - INFO -   [4/73] 1 Moyenne Pizza et 2 Petites Poutines (V3: 154182, source_id: 84629)
2025-12-28 12:57:01,253 - DEBUG -   No active modifier groups for dish 1 Moyenne Pizza et 2 Petites Poutines
2025-12-28 12:57:01,253 - INFO -     -> 0 links, 0 details
2025-12-28 12:57:01,253 - INFO -   [5/73] 1 Petit Pizza et 10 Ailes (V3: 154197, source_id: 84631)
2025-12-28 12:57:03,168 - DEBUG -   No active modifier groups for dish 1 Petit Pizza et 10 Ailes
2025-12-28 12:57:03,168 - INFO -     -> 0 links, 0 details
2025-12-28 12:57:03,168 - INFO -   [6/73] 1 Petite Pizza et 1 Poutine (V3: 154181, source_id: 84628)
2025-12-28 12:57:05,031 - DEBUG -   No active modifier groups for dish 1 Petite Pizza et 1 Poutine
2025-12-28 12:57:05,031 - INFO -     -> 0 links, 0 details
2025-12-28 12:57:05,031 - INFO -   [7/73] 12 Ailes (V3: 152499, source_id: 84622)
2025-12-28 12:57:06,906 - DEBUG -   Found active group: Wings Sauces (V1 ID: 7877, Category: sa)
2025-12-28 12:57:06,915 - INFO -   12 Ailes: 1 active modifier groups
2025-12-28 12:57:07,235 - DEBUG -     Linked: 12 Ailes -> Wings Sauces
2025-12-28 12:57:07,417 - DEBUG -     Details: Sauces (min:1, max:1, free:0, order:4)
2025-12-28 12:57:07,417 - INFO -     -> 1 links, 1 details
2025-12-28 12:57:07,418 - INFO -   [8/73] 12 Mini Beignets (V3: 152515, source_id: 113076)
2025-12-28 12:57:09,293 - DEBUG -   Found active group: Mini Beignets Dips (V1 ID: 10501, Category: sa)
2025-12-28 12:57:09,302 - INFO -   12 Mini Beignets: 1 active modifier groups
2025-12-28 12:57:09,601 - DEBUG -     Linked: 12 Mini Beignets -> Mini Beignets Dips
2025-12-28 12:57:09,780 - DEBUG -     Details: Trempette (min:0, max:0, free:0, order:4)
2025-12-28 12:57:09,780 - INFO -     -> 1 links, 1 details
2025-12-28 12:57:09,780 - INFO -   [9/73] 18 Ailes (V3: 152500, source_id: 84623)
2025-12-28 12:57:11,647 - DEBUG -   Found active group: Wings Sauces (V1 ID: 7877, Category: sa)
2025-12-28 12:57:11,667 - INFO -   18 Ailes: 1 active modifier groups
2025-12-28 12:57:11,944 - DEBUG -     Linked: 18 Ailes -> Wings Sauces
2025-12-28 12:57:12,103 - DEBUG -     Details: Sauces (min:1, max:1, free:0, order:4)
2025-12-28 12:57:12,103 - INFO -     -> 1 links, 1 details
2025-12-28 12:57:12,104 - INFO -   Progress: 10/73 dishes
2025-12-28 12:57:12,104 - INFO -   [10/73] 2 Sandwich donair (V3: 152512, source_id: 84644)
2025-12-28 12:57:13,965 - DEBUG -   Found active group: Shawarma sauces (V1 ID: 7879, Category: sa)
2025-12-28 12:57:13,978 - DEBUG -   Found active group: Extra Sauce for Shawarma (V1 ID: 7880, Category: e)
2025-12-28 12:57:13,982 - INFO -   2 Sandwich donair: 2 active modifier groups
2025-12-28 12:57:14,259 - DEBUG -     Linked: 2 Sandwich donair -> Shawarma sauces
2025-12-28 12:57:14,415 - DEBUG -     Details: Sauces (min:0, max:1, free:0, order:4)
2025-12-28 12:57:14,707 - DEBUG -     Linked: 2 Sandwich donair -> Extra Sauce for Shawarma
2025-12-28 12:57:14,875 - DEBUG -     Details: Sauce Extra (min:0, max:0, free:0, order:7)
2025-12-28 12:57:14,876 - INFO -     -> 2 links, 2 details
2025-12-28 12:57:14,876 - INFO -   [11/73] 24 Ailes (V3: 152501, source_id: 84624)
2025-12-28 12:57:16,734 - DEBUG -   Found active group: Wings Sauces (V1 ID: 7877, Category: sa)
2025-12-28 12:57:16,742 - INFO -   24 Ailes: 1 active modifier groups
2025-12-28 12:57:17,039 - DEBUG -     Linked: 24 Ailes -> Wings Sauces
2025-12-28 12:57:17,216 - DEBUG -     Details: Sauces (min:1, max:1, free:0, order:4)
2025-12-28 12:57:17,217 - INFO -     -> 1 links, 1 details
2025-12-28 12:57:17,217 - INFO -   [12/73] 24 Mini Beignets (V3: 152516, source_id: 113077)
2025-12-28 12:57:19,068 - DEBUG -   Found active group: Mini Beignets Dips (V1 ID: 10501, Category: sa)
2025-12-28 12:57:19,077 - INFO -   24 Mini Beignets: 1 active modifier groups
2025-12-28 12:57:19,352 - DEBUG -     Linked: 24 Mini Beignets -> Mini Beignets Dips
2025-12-28 12:57:19,514 - DEBUG -     Details: Trempette (min:0, max:0, free:0, order:4)
2025-12-28 12:57:19,515 - INFO -     -> 1 links, 1 details
2025-12-28 12:57:19,515 - INFO -   [13/73] 36 Mini Beignets (V3: 152517, source_id: 113078)
2025-12-28 12:57:21,374 - DEBUG -   Found active group: Mini Beignets Dips (V1 ID: 10501, Category: sa)
2025-12-28 12:57:21,383 - INFO -   36 Mini Beignets: 1 active modifier groups
2025-12-28 12:57:21,659 - DEBUG -     Linked: 36 Mini Beignets -> Mini Beignets Dips
2025-12-28 12:57:21,822 - DEBUG -     Details: Trempette (min:0, max:0, free:0, order:4)
2025-12-28 12:57:21,822 - INFO -     -> 1 links, 1 details
2025-12-28 12:57:21,823 - INFO -   [14/73] 6 Mini Beignets (V3: 152514, source_id: 113075)
2025-12-28 12:57:23,686 - DEBUG -   Found active group: Mini Beignets Dips (V1 ID: 10501, Category: sa)
2025-12-28 12:57:23,695 - INFO -   6 Mini Beignets: 1 active modifier groups
2025-12-28 12:57:24,001 - DEBUG -     Linked: 6 Mini Beignets -> Mini Beignets Dips
2025-12-28 12:57:24,189 - DEBUG -     Details: Trempette (min:0, max:0, free:0, order:4)
2025-12-28 12:57:24,190 - INFO -     -> 1 links, 1 details
2025-12-28 12:57:24,190 - INFO -   [15/73] 7 Up (V3: 152520, source_id: 84647)
2025-12-28 12:57:26,071 - DEBUG -   No active modifier groups for dish 7 Up
2025-12-28 12:57:26,072 - INFO -     -> 0 links, 0 details
2025-12-28 12:57:26,072 - INFO -   [16/73] Assiette shawarma donair (V3: 152506, source_id: 84638)
2025-12-28 12:57:27,937 - DEBUG -   Found active group: Shawarma sauces (V1 ID: 7879, Category: sa)
2025-12-28 12:57:27,949 - DEBUG -   Found active group: Extra Sauce for Shawarma (V1 ID: 7880, Category: e)
2025-12-28 12:57:27,953 - INFO -   Assiette shawarma donair: 2 active modifier groups
2025-12-28 12:57:28,260 - DEBUG -     Linked: Assiette shawarma donair -> Shawarma sauces
2025-12-28 12:57:28,442 - DEBUG -     Details: Sauces (min:0, max:1, free:0, order:4)
2025-12-28 12:57:28,729 - DEBUG -     Linked: Assiette shawarma donair -> Extra Sauce for Shawarma
2025-12-28 12:57:28,888 - DEBUG -     Details: Sauce Extra (min:0, max:0, free:0, order:7)
2025-12-28 12:57:28,889 - INFO -     -> 2 links, 2 details
2025-12-28 12:57:28,889 - INFO -   [17/73] Assiette shawarma mix (V3: 152507, source_id: 84639)
2025-12-28 12:57:30,763 - DEBUG -   Found active group: Shawarma sauces (V1 ID: 7879, Category: sa)
2025-12-28 12:57:30,775 - DEBUG -   Found active group: Extra Sauce for Shawarma (V1 ID: 7880, Category: e)
2025-12-28 12:57:30,780 - INFO -   Assiette shawarma mix: 2 active modifier groups
2025-12-28 12:57:31,095 - DEBUG -     Linked: Assiette shawarma mix -> Shawarma sauces
2025-12-28 12:57:31,273 - DEBUG -     Details: Sauces (min:0, max:1, free:0, order:4)
2025-12-28 12:57:31,593 - DEBUG -     Linked: Assiette shawarma mix -> Extra Sauce for Shawarma
2025-12-28 12:57:31,778 - DEBUG -     Details: Sauce Extra (min:0, max:0, free:0, order:7)
2025-12-28 12:57:31,778 - INFO -     -> 2 links, 2 details
2025-12-28 12:57:31,778 - INFO -   [18/73] Assiette shawarma poulet (V3: 152505, source_id: 84637)
2025-12-28 12:57:33,666 - DEBUG -   Found active group: Shawarma sauces (V1 ID: 7879, Category: sa)
2025-12-28 12:57:33,678 - DEBUG -   Found active group: Extra Sauce for Shawarma (V1 ID: 7880, Category: e)
2025-12-28 12:57:33,682 - INFO -   Assiette shawarma poulet: 2 active modifier groups
2025-12-28 12:57:33,956 - DEBUG -     Linked: Assiette shawarma poulet -> Shawarma sauces
2025-12-28 12:57:34,118 - DEBUG -     Details: Sauces (min:0, max:1, free:0, order:4)
2025-12-28 12:57:34,387 - DEBUG -     Linked: Assiette shawarma poulet -> Extra Sauce for Shawarma
2025-12-28 12:57:34,557 - DEBUG -     Details: Sauce Extra (min:0, max:0, free:0, order:7)
2025-12-28 12:57:34,557 - INFO -     -> 2 links, 2 details
2025-12-28 12:57:34,558 - INFO -   [19/73] Baklawa (V3: 152513, source_id: 84658)
2025-12-28 12:57:36,429 - DEBUG -   No active modifier groups for dish Baklawa
2025-12-28 12:57:36,429 - INFO -     -> 0 links, 0 details
2025-12-28 12:57:36,429 - INFO -   Progress: 20/73 dishes
2025-12-28 12:57:36,429 - INFO -   [20/73] Bâtonnets au fromage (V3: 152488, source_id: 84611)
2025-12-28 12:57:38,294 - DEBUG -   No active modifier groups for dish Bâtonnets au fromage
2025-12-28 12:57:38,294 - INFO -     -> 0 links, 0 details
2025-12-28 12:57:38,294 - INFO -   [21/73] Bubbly (V3: 152528, source_id: 106430)
2025-12-28 12:57:40,166 - DEBUG -   No active modifier groups for dish Bubbly
2025-12-28 12:57:40,166 - INFO -     -> 0 links, 0 details
2025-12-28 12:57:40,166 - INFO -   [22/73] Carne (V3: 154195, source_id: 84603)
2025-12-28 12:57:42,019 - DEBUG -   No active modifier groups for dish Carne
2025-12-28 12:57:42,019 - INFO -     -> 0 links, 0 details
2025-12-28 12:57:42,019 - INFO -   [23/73] Club Sandwich (V3: 152486, source_id: 84609)
2025-12-28 12:57:43,877 - DEBUG -   No active modifier groups for dish Club Sandwich
2025-12-28 12:57:43,878 - INFO -     -> 0 links, 0 details
2025-12-28 12:57:43,878 - INFO -   [24/73] Combiné (V3: 152493, source_id: 84616)
2025-12-28 12:57:45,752 - DEBUG -   Found active group: Subs Sauces (V1 ID: 7874, Category: sa)
2025-12-28 12:57:45,760 - INFO -   Combiné: 1 active modifier groups
2025-12-28 12:57:46,022 - DEBUG -     Linked: Combiné -> Subs Sauces
2025-12-28 12:57:46,197 - DEBUG -     Details: Sauces (min:1, max:1, free:0, order:4)
2025-12-28 12:57:46,197 - INFO -     -> 1 links, 1 details
2025-12-28 12:57:46,198 - INFO -   [25/73] Cream Soda (V3: 152526, source_id: 84651)
2025-12-28 12:57:48,050 - DEBUG -   No active modifier groups for dish Cream Soda
2025-12-28 12:57:48,050 - INFO -     -> 0 links, 0 details
2025-12-28 12:57:48,050 - INFO -   [26/73] Diet Pepsi (V3: 152519, source_id: 84656)
2025-12-28 12:57:49,902 - DEBUG -   No active modifier groups for dish Diet Pepsi
2025-12-28 12:57:49,902 - INFO -     -> 0 links, 0 details
2025-12-28 12:57:49,902 - INFO -   [27/73] Doigts de poulet (V3: 152487, source_id: 84610)
2025-12-28 12:57:51,764 - DEBUG -   No active modifier groups for dish Doigts de poulet
2025-12-28 12:57:51,764 - INFO -     -> 0 links, 0 details
2025-12-28 12:57:51,764 - INFO -   [28/73] Eau Aquafina (V3: 152531, source_id: 84657)
2025-12-28 12:57:53,624 - DEBUG -   No active modifier groups for dish Eau Aquafina
2025-12-28 12:57:53,624 - INFO -     -> 0 links, 0 details
2025-12-28 12:57:53,624 - INFO -   [29/73] Evo (V3: 154196, source_id: 84604)
2025-12-28 12:57:55,472 - DEBUG -   No active modifier groups for dish Evo
2025-12-28 12:57:55,472 - INFO -     -> 0 links, 0 details
2025-12-28 12:57:55,472 - INFO -   Progress: 30/73 dishes
2025-12-28 12:57:55,472 - INFO -   [30/73] Frites (V3: 152483, source_id: 84606)
2025-12-28 12:57:57,372 - DEBUG -   No active modifier groups for dish Frites
2025-12-28 12:57:57,372 - INFO -     -> 0 links, 0 details
2025-12-28 12:57:57,372 - INFO -   [31/73] Garnie (V3: 154187, source_id: 84595)
2025-12-28 12:57:59,239 - DEBUG -   No active modifier groups for dish Garnie
2025-12-28 12:57:59,239 - INFO -     -> 0 links, 0 details
2025-12-28 12:57:59,239 - INFO -   [32/73] Ginger Ale (V3: 152521, source_id: 84650)
2025-12-28 12:58:01,086 - DEBUG -   No active modifier groups for dish Ginger Ale
2025-12-28 12:58:01,086 - INFO -     -> 0 links, 0 details
2025-12-28 12:58:01,086 - INFO -   [33/73] Grand sandwich donair (V3: 152511, source_id: 84643)
2025-12-28 12:58:02,986 - DEBUG -   Found active group: Shawarma sauces (V1 ID: 7879, Category: sa)
2025-12-28 12:58:03,005 - DEBUG -   Found active group: Extra Sauce for Shawarma (V1 ID: 7880, Category: e)
2025-12-28 12:58:03,010 - INFO -   Grand sandwich donair: 2 active modifier groups
2025-12-28 12:58:03,290 - DEBUG -     Linked: Grand sandwich donair -> Shawarma sauces
2025-12-28 12:58:03,452 - DEBUG -     Details: Sauces (min:0, max:1, free:0, order:4)
2025-12-28 12:58:03,730 - DEBUG -     Linked: Grand sandwich donair -> Extra Sauce for Shawarma
2025-12-28 12:58:03,891 - DEBUG -     Details: Sauce Extra (min:0, max:0, free:0, order:7)
2025-12-28 12:58:03,891 - INFO -     -> 2 links, 2 details
2025-12-28 12:58:03,892 - INFO -   [34/73] Grand sandwich poulet (V3: 152510, source_id: 84642)
2025-12-28 12:58:05,823 - DEBUG -   Found active group: Shawarma sauces (V1 ID: 7879, Category: sa)
2025-12-28 12:58:05,848 - DEBUG -   Found active group: Extra Sauce for Shawarma (V1 ID: 7880, Category: e)
2025-12-28 12:58:05,854 - INFO -   Grand sandwich poulet: 2 active modifier groups
2025-12-28 12:58:06,152 - DEBUG -     Linked: Grand sandwich poulet -> Shawarma sauces
2025-12-28 12:58:06,317 - DEBUG -     Details: Sauces (min:0, max:1, free:0, order:4)
2025-12-28 12:58:06,578 - DEBUG -     Linked: Grand sandwich poulet -> Extra Sauce for Shawarma
2025-12-28 12:58:06,777 - DEBUG -     Details: Sauce Extra (min:0, max:0, free:0, order:7)
2025-12-28 12:58:06,777 - INFO -     -> 2 links, 2 details
2025-12-28 12:58:06,778 - INFO -   [35/73] Grande Pizza avec Frites Familiale (V3: 154201, source_id: 84635)
2025-12-28 12:58:08,636 - DEBUG -   No active modifier groups for dish Grande Pizza avec Frites Familiale
2025-12-28 12:58:08,636 - INFO -     -> 0 links, 0 details
2025-12-28 12:58:08,636 - INFO -   [36/73] Grape Crush (V3: 152523, source_id: 84654)
2025-12-28 12:58:10,495 - DEBUG -   No active modifier groups for dish Grape Crush
2025-12-28 12:58:10,495 - INFO -     -> 0 links, 0 details
2025-12-28 12:58:10,495 - INFO -   [37/73] Grecque (V3: 154193, source_id: 84601)
2025-12-28 12:58:12,347 - DEBUG -   No active modifier groups for dish Grecque
2025-12-28 12:58:12,347 - INFO -     -> 0 links, 0 details
2025-12-28 12:58:12,347 - INFO -   [38/73] Hamburger Combo (V3: 152491, source_id: 84614)
2025-12-28 12:58:14,200 - DEBUG -   No active modifier groups for dish Hamburger Combo
2025-12-28 12:58:14,200 - INFO -     -> 0 links, 0 details
2025-12-28 12:58:14,200 - INFO -   [39/73] Hawaïenne (V3: 154188, source_id: 84596)
2025-12-28 12:58:16,048 - DEBUG -   No active modifier groups for dish Hawaïenne
2025-12-28 12:58:16,048 - INFO -     -> 0 links, 0 details
2025-12-28 12:58:16,048 - INFO -   Progress: 40/73 dishes
2025-12-28 12:58:16,048 - INFO -   [40/73] Iced Tea (V3: 152525, source_id: 84649)
2025-12-28 12:58:17,929 - DEBUG -   No active modifier groups for dish Iced Tea
2025-12-28 12:58:17,929 - INFO -     -> 0 links, 0 details
2025-12-28 12:58:17,929 - INFO -   [41/73] Juice (V3: 152529, source_id: 84652)
2025-12-28 12:58:19,781 - DEBUG -   No active modifier groups for dish Juice
2025-12-28 12:58:19,781 - INFO -     -> 0 links, 0 details
2025-12-28 12:58:19,781 - INFO -   [42/73] Lasagne (V3: 152503, source_id: 84626)
2025-12-28 12:58:21,633 - DEBUG -   No active modifier groups for dish Lasagne
2025-12-28 12:58:21,634 - INFO -     -> 0 links, 0 details
2025-12-28 12:58:21,634 - INFO -   [43/73] Marina Spéciale (V3: 154194, source_id: 84602)
2025-12-28 12:58:23,486 - DEBUG -   No active modifier groups for dish Marina Spéciale
2025-12-28 12:58:23,486 - INFO -     -> 0 links, 0 details
2025-12-28 12:58:23,486 - INFO -   [44/73] Mexicaine (V3: 154190, source_id: 84598)
2025-12-28 12:58:25,323 - DEBUG -   No active modifier groups for dish Mexicaine
2025-12-28 12:58:25,323 - INFO -     -> 0 links, 0 details
2025-12-28 12:58:25,323 - INFO -   [45/73] Mountain Dew (V3: 152527, source_id: 84646)
2025-12-28 12:58:27,171 - DEBUG -   No active modifier groups for dish Mountain Dew
2025-12-28 12:58:27,171 - INFO -     -> 0 links, 0 details
2025-12-28 12:58:27,171 - INFO -   [46/73] Moyenne Pizza avec Frites Familiale (V3: 154200, source_id: 84634)
2025-12-28 12:58:29,051 - DEBUG -   No active modifier groups for dish Moyenne Pizza avec Frites Familiale
2025-12-28 12:58:29,051 - INFO -     -> 0 links, 0 details
2025-12-28 12:58:29,051 - INFO -   [47/73] Nachos (V3: 152489, source_id: 84612)
2025-12-28 12:58:30,903 - DEBUG -   No active modifier groups for dish Nachos
2025-12-28 12:58:30,903 - INFO -     -> 0 links, 0 details
2025-12-28 12:58:30,903 - INFO -   [48/73] Nachos au poulet (V3: 152490, source_id: 84613)
2025-12-28 12:58:32,755 - DEBUG -   No active modifier groups for dish Nachos au poulet
2025-12-28 12:58:32,755 - INFO -     -> 0 links, 0 details
2025-12-28 12:58:32,755 - INFO -   [49/73] Orange Crush (V3: 152522, source_id: 84648)
2025-12-28 12:58:34,616 - DEBUG -   No active modifier groups for dish Orange Crush
2025-12-28 12:58:34,616 - INFO -     -> 0 links, 0 details
2025-12-28 12:58:34,616 - INFO -   Progress: 50/73 dishes
2025-12-28 12:58:34,617 - INFO -   [50/73] Paco (V3: 154191, source_id: 84599)
2025-12-28 12:58:36,483 - DEBUG -   No active modifier groups for dish Paco
2025-12-28 12:58:36,483 - INFO -     -> 0 links, 0 details
2025-12-28 12:58:36,483 - INFO -   [51/73] Pepperoni & Bacon (V3: 154185, source_id: 84593)
2025-12-28 12:58:38,364 - DEBUG -   No active modifier groups for dish Pepperoni & Bacon
2025-12-28 12:58:38,364 - INFO -     -> 0 links, 0 details
2025-12-28 12:58:38,365 - INFO -   [52/73] Pepperoni & Fromage (V3: 154184, source_id: 84592)
2025-12-28 12:58:40,229 - DEBUG -   No active modifier groups for dish Pepperoni & Fromage
2025-12-28 12:58:40,229 - INFO -     -> 0 links, 0 details
2025-12-28 12:58:40,229 - INFO -   [53/73] Pepperoni et Fromage (V3: 152492, source_id: 84615)
2025-12-28 12:58:42,098 - DEBUG -   Found active group: Subs Sauces (V1 ID: 7874, Category: sa)
2025-12-28 12:58:42,106 - INFO -   Pepperoni et Fromage: 1 active modifier groups
2025-12-28 12:58:42,402 - DEBUG -     Linked: Pepperoni et Fromage -> Subs Sauces
2025-12-28 12:58:42,578 - DEBUG -     Details: Sauces (min:1, max:1, free:0, order:4)
2025-12-28 12:58:42,578 - INFO -     -> 1 links, 1 details
2025-12-28 12:58:42,579 - INFO -   [54/73] Pepsi (V3: 152518, source_id: 84645)
2025-12-28 12:58:44,429 - DEBUG -   No active modifier groups for dish Pepsi
2025-12-28 12:58:44,429 - INFO -     -> 0 links, 0 details
2025-12-28 12:58:44,429 - INFO -   [55/73] Perrier (V3: 152530, source_id: 84655)
2025-12-28 12:58:46,272 - DEBUG -   No active modifier groups for dish Perrier
2025-12-28 12:58:46,272 - INFO -     -> 0 links, 0 details
2025-12-28 12:58:46,272 - INFO -   [56/73] Petit sandwich donair (V3: 152509, source_id: 84641)
2025-12-28 12:58:48,108 - DEBUG -   Found active group: Shawarma sauces (V1 ID: 7879, Category: sa)
2025-12-28 12:58:48,120 - DEBUG -   Found active group: Extra Sauce for Shawarma (V1 ID: 7880, Category: e)
2025-12-28 12:58:48,124 - INFO -   Petit sandwich donair: 2 active modifier groups
2025-12-28 12:58:48,449 - DEBUG -     Linked: Petit sandwich donair -> Shawarma sauces
2025-12-28 12:58:48,629 - DEBUG -     Details: Sauces (min:0, max:1, free:0, order:4)
2025-12-28 12:58:48,921 - DEBUG -     Linked: Petit sandwich donair -> Extra Sauce for Shawarma
2025-12-28 12:58:49,098 - DEBUG -     Details: Sauce Extra (min:0, max:0, free:0, order:7)
2025-12-28 12:58:49,099 - INFO -     -> 2 links, 2 details
2025-12-28 12:58:49,099 - INFO -   [57/73] Petit sandwich poulet (V3: 152508, source_id: 84640)
2025-12-28 12:58:50,973 - DEBUG -   Found active group: Shawarma sauces (V1 ID: 7879, Category: sa)
2025-12-28 12:58:50,985 - DEBUG -   Found active group: Extra Sauce for Shawarma (V1 ID: 7880, Category: e)
2025-12-28 12:58:50,991 - INFO -   Petit sandwich poulet: 2 active modifier groups
2025-12-28 12:58:51,287 - DEBUG -     Linked: Petit sandwich poulet -> Shawarma sauces
2025-12-28 12:58:51,471 - DEBUG -     Details: Sauces (min:0, max:1, free:0, order:4)
2025-12-28 12:58:51,768 - DEBUG -     Linked: Petit sandwich poulet -> Extra Sauce for Shawarma
2025-12-28 12:58:51,951 - DEBUG -     Details: Sauce Extra (min:0, max:0, free:0, order:7)
2025-12-28 12:58:51,952 - INFO -     -> 2 links, 2 details
2025-12-28 12:58:51,952 - INFO -   [58/73] POB (V3: 154186, source_id: 84594)
2025-12-28 12:58:53,812 - DEBUG -   No active modifier groups for dish POB
2025-12-28 12:58:53,812 - INFO -     -> 0 links, 0 details
2025-12-28 12:58:53,812 - INFO -   [59/73] Poulet BBQ (V3: 154192, source_id: 84600)
2025-12-28 12:58:55,659 - DEBUG -   No active modifier groups for dish Poulet BBQ
2025-12-28 12:58:55,659 - INFO -     -> 0 links, 0 details
2025-12-28 12:58:55,659 - INFO -   Progress: 60/73 dishes
2025-12-28 12:58:55,659 - INFO -   [60/73] Poulet et Bacon (V3: 152497, source_id: 84620)
2025-12-28 12:58:57,543 - DEBUG -   Found active group: Subs Sauces (V1 ID: 7874, Category: sa)
2025-12-28 12:58:57,552 - INFO -   Poulet et Bacon: 1 active modifier groups
2025-12-28 12:58:57,855 - DEBUG -     Linked: Poulet et Bacon -> Subs Sauces
2025-12-28 12:58:58,031 - DEBUG -     Details: Sauces (min:1, max:1, free:0, order:4)
2025-12-28 12:58:58,031 - INFO -     -> 1 links, 1 details
2025-12-28 12:58:58,031 - INFO -   [61/73] Poulet et Fromage (V3: 152494, source_id: 84617)
2025-12-28 12:58:59,909 - DEBUG -   Found active group: Subs Sauces (V1 ID: 7874, Category: sa)
2025-12-28 12:58:59,918 - INFO -   Poulet et Fromage: 1 active modifier groups
2025-12-28 12:59:00,199 - DEBUG -     Linked: Poulet et Fromage -> Subs Sauces
2025-12-28 12:59:00,354 - DEBUG -     Details: Sauces (min:1, max:1, free:0, order:4)
2025-12-28 12:59:00,354 - INFO -     -> 1 links, 1 details
2025-12-28 12:59:00,354 - INFO -   [62/73] Poulet Parmesan (V3: 152504, source_id: 84627)
2025-12-28 12:59:02,413 - DEBUG -   No active modifier groups for dish Poulet Parmesan
2025-12-28 12:59:02,413 - INFO -     -> 0 links, 0 details
2025-12-28 12:59:02,413 - INFO -   [63/73] Poutine (V3: 152485, source_id: 84608)
2025-12-28 12:59:04,371 - DEBUG -   No active modifier groups for dish Poutine
2025-12-28 12:59:04,371 - INFO -     -> 0 links, 0 details
2025-12-28 12:59:04,371 - INFO -   [64/73] Rondelles d’oignons (V3: 152484, source_id: 84607)
2025-12-28 12:59:06,408 - DEBUG -   No active modifier groups for dish Rondelles d’oignons
2025-12-28 12:59:06,408 - INFO -     -> 0 links, 0 details
2025-12-28 12:59:06,408 - INFO -   [65/73] Root Beer (V3: 152524, source_id: 84653)
2025-12-28 12:59:08,508 - DEBUG -   No active modifier groups for dish Root Beer
2025-12-28 12:59:08,508 - INFO -     -> 0 links, 0 details
2025-12-28 12:59:08,508 - INFO -   [66/73] Spaghetti (V3: 152502, source_id: 84625)
2025-12-28 12:59:10,372 - DEBUG -   No active modifier groups for dish Spaghetti
2025-12-28 12:59:10,372 - INFO -     -> 0 links, 0 details
2025-12-28 12:59:10,372 - INFO -   [67/73] Spéciale Combo (V3: 154203, source_id: 84636)
2025-12-28 12:59:12,240 - DEBUG -   Found active group: Drinks 591 ml (V1 ID: 7878, Category: d)
2025-12-28 12:59:12,245 - INFO -   Spéciale Combo: 1 active modifier groups
2025-12-28 12:59:12,558 - DEBUG -     Linked: Spéciale Combo -> Drinks 591 ml
2025-12-28 12:59:12,733 - DEBUG -     Details: Canette (min:1, max:1, free:0, order:6)
2025-12-28 12:59:12,733 - INFO -     -> 1 links, 1 details
2025-12-28 12:59:12,733 - INFO -   [68/73] Spéciale Sportif (V3: 154202, source_id: 91441)
2025-12-28 12:59:14,633 - DEBUG -   No active modifier groups for dish Spéciale Sportif
2025-12-28 12:59:14,633 - INFO -     -> 0 links, 0 details
2025-12-28 12:59:14,633 - INFO -   [69/73] Steak (V3: 152495, source_id: 84618)
2025-12-28 12:59:16,503 - DEBUG -   Found active group: Subs Sauces (V1 ID: 7874, Category: sa)
2025-12-28 12:59:16,511 - INFO -   Steak: 1 active modifier groups
2025-12-28 12:59:16,801 - DEBUG -     Linked: Steak -> Subs Sauces
2025-12-28 12:59:16,966 - DEBUG -     Details: Sauces (min:1, max:1, free:0, order:4)
2025-12-28 12:59:16,967 - INFO -     -> 1 links, 1 details
2025-12-28 12:59:16,967 - INFO -   Progress: 70/73 dishes
2025-12-28 12:59:16,968 - INFO -   [70/73] Steak et Pepperoni (V3: 152496, source_id: 84619)
2025-12-28 12:59:18,841 - DEBUG -   Found active group: Subs Sauces (V1 ID: 7874, Category: sa)
2025-12-28 12:59:18,849 - INFO -   Steak et Pepperoni: 1 active modifier groups
2025-12-28 12:59:19,159 - DEBUG -     Linked: Steak et Pepperoni -> Subs Sauces
2025-12-28 12:59:19,352 - DEBUG -     Details: Sauces (min:1, max:1, free:0, order:4)
2025-12-28 12:59:19,352 - INFO -     -> 1 links, 1 details
2025-12-28 12:59:19,352 - INFO -   [71/73] Végétarienne (V3: 154189, source_id: 84597)
2025-12-28 12:59:21,222 - DEBUG -   No active modifier groups for dish Végétarienne
2025-12-28 12:59:21,222 - INFO -     -> 0 links, 0 details
2025-12-28 12:59:21,222 - INFO -   [72/73] Viande Fumée (V3: 152498, source_id: 84621)
2025-12-28 12:59:23,081 - DEBUG -   Found active group: Viande Fumée Sub Sauces (V1 ID: 7875, Category: sa)
2025-12-28 12:59:23,090 - INFO -   Viande Fumée: 1 active modifier groups
2025-12-28 12:59:23,395 - DEBUG -     Linked: Viande Fumée -> Viande Fumée Sub Sauces
2025-12-28 12:59:23,580 - DEBUG -     Details: Sauces (min:1, max:1, free:0, order:4)
2025-12-28 12:59:23,580 - INFO -     -> 1 links, 1 details
2025-12-28 12:59:23,580 - INFO -   [73/73] Zucchini Panés (V3: 152482, source_id: 84605)
2025-12-28 12:59:25,468 - DEBUG -   No active modifier groups for dish Zucchini Panés
2025-12-28 12:59:25,468 - INFO -     -> 0 links, 0 details
2025-12-28 12:59:25,468 - INFO -   Result: 73 processed, 0 skipped, 31 links, 31 details
2025-12-28 12:59:25,468 - INFO - ----------------------------------------
2025-12-28 12:59:25,468 - INFO - [5/20] Processing: Oka's Hull (V3: 681, V1: 914)
2025-12-28 12:59:25,630 - INFO -   [1/130] 1 Grande Pizza et 2 Poutines (V3: 154251, source_id: 96869)
2025-12-28 12:59:27,485 - DEBUG -   No active modifier groups for dish 1 Grande Pizza et 2 Poutines
2025-12-28 12:59:27,486 - INFO -     -> 0 links, 0 details
2025-12-28 12:59:27,486 - INFO -   [2/130] 1 Moyenne Pizza et 1 Poutine (V3: 154250, source_id: 96868)
2025-12-28 12:59:29,359 - DEBUG -   No active modifier groups for dish 1 Moyenne Pizza et 1 Poutine
2025-12-28 12:59:29,359 - INFO -     -> 0 links, 0 details
2025-12-28 12:59:29,359 - INFO -   [3/130] 1 Petite Pizza et 1 Poutine (V3: 154249, source_id: 96867)
2025-12-28 12:59:31,230 - DEBUG -   No active modifier groups for dish 1 Petite Pizza et 1 Poutine
2025-12-28 12:59:31,230 - INFO -     -> 0 links, 0 details
2025-12-28 12:59:31,230 - INFO -   [4/130] 12 Ailes (V3: 152843, source_id: 96793)
2025-12-28 12:59:33,098 - DEBUG -   Found active group: Wings Sauces (V1 ID: 9075, Category: sa)
2025-12-28 12:59:33,108 - INFO -   12 Ailes: 1 active modifier groups
2025-12-28 12:59:33,428 - DEBUG -     Linked: 12 Ailes -> Wings Sauces
2025-12-28 12:59:33,618 - DEBUG -     Details: Sauces Ailes (min:1, max:1, free:0, order:4)
2025-12-28 12:59:33,619 - INFO -     -> 1 links, 1 details
2025-12-28 12:59:33,619 - INFO -   [5/130] 18 Ailes (V3: 152844, source_id: 96794)
2025-12-28 12:59:35,497 - DEBUG -   Found active group: Wings Sauces (V1 ID: 9075, Category: sa)
2025-12-28 12:59:35,506 - INFO -   18 Ailes: 1 active modifier groups
2025-12-28 12:59:35,808 - DEBUG -     Linked: 18 Ailes -> Wings Sauces
2025-12-28 12:59:35,988 - DEBUG -     Details: Sauces Ailes (min:1, max:1, free:0, order:4)
2025-12-28 12:59:35,988 - INFO -     -> 1 links, 1 details
2025-12-28 12:59:35,989 - INFO -   [6/130] 24 Ailes (V3: 152845, source_id: 96795)
2025-12-28 12:59:37,841 - DEBUG -   Found active group: Wings Sauces (V1 ID: 9075, Category: sa)
2025-12-28 12:59:37,851 - INFO -   24 Ailes: 1 active modifier groups
2025-12-28 12:59:38,153 - DEBUG -     Linked: 24 Ailes -> Wings Sauces
2025-12-28 12:59:38,340 - DEBUG -     Details: Sauces Ailes (min:1, max:1, free:0, order:4)
2025-12-28 12:59:38,341 - INFO -     -> 1 links, 1 details
2025-12-28 12:59:38,341 - INFO -   [7/130] 6 Ailes (V3: 152842, source_id: 96796)
2025-12-28 12:59:40,207 - DEBUG -   Found active group: Wings Sauces (V1 ID: 9075, Category: sa)
2025-12-28 12:59:40,215 - INFO -   6 Ailes: 1 active modifier groups
2025-12-28 12:59:40,522 - DEBUG -     Linked: 6 Ailes -> Wings Sauces
2025-12-28 12:59:40,703 - DEBUG -     Details: Sauces Ailes (min:1, max:1, free:0, order:4)
2025-12-28 12:59:40,704 - INFO -     -> 1 links, 1 details
2025-12-28 12:59:40,705 - INFO -   [8/130] AMATEUR DE VIANDE (V3: 152787, source_id: 96858)
2025-12-28 12:59:42,563 - DEBUG -   Found active group: Pizza Toppings (V1 ID: 9078, Category: ci)
2025-12-28 12:59:42,572 - DEBUG -   Found active group: Dips (V1 ID: 9081, Category: sa)
2025-12-28 12:59:42,586 - DEBUG -   Found active group: Crust Type (V1 ID: 9077, Category: br)
2025-12-28 12:59:42,589 - INFO -   AMATEUR DE VIANDE: 3 active modifier groups
2025-12-28 12:59:42,880 - DEBUG -     Linked: AMATEUR DE VIANDE -> Pizza Toppings
2025-12-28 12:59:43,055 - DEBUG -     Details: Ajouter plus de garnitures (min:0, max:0, free:0, order:2)
2025-12-28 12:59:43,380 - DEBUG -     Linked: AMATEUR DE VIANDE -> Dips
2025-12-28 12:59:43,553 - DEBUG -     Details: Trempettes (min:0, max:0, free:0, order:4)
2025-12-28 12:59:43,857 - DEBUG -     Linked: AMATEUR DE VIANDE -> Crust Type
2025-12-28 12:59:44,019 - DEBUG -     Details: Choix de pain (min:0, max:0, free:0, order:1)
2025-12-28 12:59:44,019 - INFO -     -> 3 links, 3 details
2025-12-28 12:59:44,020 - INFO -   [9/130] AMATEUR DE VIANDE (V3: 154259, source_id: 96842)
2025-12-28 12:59:45,878 - DEBUG -   No active modifier groups for dish AMATEUR DE VIANDE
2025-12-28 12:59:45,878 - INFO -     -> 0 links, 0 details
2025-12-28 12:59:45,878 - INFO -   Progress: 10/130 dishes
2025-12-28 12:59:45,878 - INFO -   [10/130] Assiette Poulet Mariné (V3: 152798, source_id: 96621)
2025-12-28 12:59:47,741 - DEBUG -   No active modifier groups for dish Assiette Poulet Mariné
2025-12-28 12:59:47,741 - INFO -     -> 0 links, 0 details
2025-12-28 12:59:47,741 - INFO -   [11/130] Assiette Shawarma au Boeuf (V3: 152796, source_id: 96619)
2025-12-28 12:59:49,610 - DEBUG -   No active modifier groups for dish Assiette Shawarma au Boeuf
2025-12-28 12:59:49,610 - INFO -     -> 0 links, 0 details
2025-12-28 12:59:49,610 - INFO -   [12/130] Assiette Shawarma au poulet (V3: 152797, source_id: 96620)
2025-12-28 12:59:51,921 - DEBUG -   No active modifier groups for dish Assiette Shawarma au poulet
2025-12-28 12:59:51,921 - INFO -     -> 0 links, 0 details
2025-12-28 12:59:51,921 - INFO -   [13/130] Assiette Végétarienne Oka’s (V3: 152807, source_id: 96630)
2025-12-28 12:59:53,783 - DEBUG -   No active modifier groups for dish Assiette Végétarienne Oka’s
2025-12-28 12:59:53,783 - INFO -     -> 0 links, 0 details
2025-12-28 12:59:53,783 - INFO -   [14/130] Backlava (V3: 152873, source_id: 96824)
2025-12-28 12:59:55,638 - DEBUG -   No active modifier groups for dish Backlava
2025-12-28 12:59:55,638 - INFO -     -> 0 links, 0 details
2025-12-28 12:59:55,638 - INFO -   [15/130] Bâtonnets au fromage (V3: 152852, source_id: 96804)
2025-12-28 12:59:57,514 - DEBUG -   No active modifier groups for dish Bâtonnets au fromage
2025-12-28 12:59:57,514 - INFO -     -> 0 links, 0 details
2025-12-28 12:59:57,514 - INFO -   [16/130] Bol Gyro au Boeuf (V3: 152834, source_id: 122711)
2025-12-28 12:59:59,381 - DEBUG -   No active modifier groups for dish Bol Gyro au Boeuf
2025-12-28 12:59:59,381 - INFO -     -> 0 links, 0 details
2025-12-28 12:59:59,381 - INFO -   [17/130] Bol Gyro au Poulet (V3: 152833, source_id: 122710)
2025-12-28 13:00:01,242 - DEBUG -   No active modifier groups for dish Bol Gyro au Poulet
2025-12-28 13:00:01,242 - INFO -     -> 0 links, 0 details
2025-12-28 13:00:01,242 - INFO -   [18/130] Bol Souvlaki au Poulet (V3: 152835, source_id: 122712)
2025-12-28 13:00:03,096 - DEBUG -   No active modifier groups for dish Bol Souvlaki au Poulet
2025-12-28 13:00:03,097 - INFO -     -> 0 links, 0 details
2025-12-28 13:00:03,097 - INFO -   [19/130] Bouteille d’eau (V3: 152883, source_id: 96834)
2025-12-28 13:00:04,983 - DEBUG -   No active modifier groups for dish Bouteille d’eau
2025-12-28 13:00:04,983 - INFO -     -> 0 links, 0 details
2025-12-28 13:00:04,983 - INFO -   Progress: 20/130 dishes
2025-12-28 13:00:04,983 - INFO -   [20/130] Brochettes D’agneau (V3: 152808, source_id: 96631)
2025-12-28 13:00:06,846 - DEBUG -   Found active group: Extra Brochette 6.99 (V1 ID: 9058, Category: e)
2025-12-28 13:00:06,851 - INFO -   Brochettes D’agneau: 1 active modifier groups
2025-12-28 13:00:07,141 - DEBUG -     Linked: Brochettes D’agneau -> Extra Brochette 6.99
2025-12-28 13:00:07,308 - DEBUG -     Details: Extras (min:0, max:0, free:0, order:7)
2025-12-28 13:00:07,309 - INFO -     -> 1 links, 1 details
2025-12-28 13:00:07,309 - INFO -   [21/130] Brochettes de Crevettes (V3: 152800, source_id: 96623)
2025-12-28 13:00:09,168 - DEBUG -   Found active group: Extra Brochette 6.99 (V1 ID: 9058, Category: e)
2025-12-28 13:00:09,172 - INFO -   Brochettes de Crevettes: 1 active modifier groups
2025-12-28 13:00:09,475 - DEBUG -     Linked: Brochettes de Crevettes -> Extra Brochette 6.99
2025-12-28 13:00:09,632 - DEBUG -     Details: Extras (min:0, max:0, free:0, order:7)
2025-12-28 13:00:09,632 - INFO -     -> 1 links, 1 details
2025-12-28 13:00:09,633 - INFO -   [22/130] Brochettes de Filet Mignon (V3: 152801, source_id: 96624)
2025-12-28 13:00:11,522 - DEBUG -   Found active group: Extra Brochette 6.99 (V1 ID: 9058, Category: e)
2025-12-28 13:00:11,527 - INFO -   Brochettes de Filet Mignon: 1 active modifier groups
2025-12-28 13:00:11,805 - DEBUG -     Linked: Brochettes de Filet Mignon -> Extra Brochette 6.99
2025-12-28 13:00:11,972 - DEBUG -     Details: Extras (min:0, max:0, free:0, order:7)
2025-12-28 13:00:11,972 - INFO -     -> 1 links, 1 details
2025-12-28 13:00:11,973 - INFO -   [23/130] Brochettes de Kafta (V3: 152802, source_id: 96625)
2025-12-28 13:00:13,826 - DEBUG -   Found active group: Extra Brochette 6.99 (V1 ID: 9058, Category: e)
2025-12-28 13:00:13,830 - INFO -   Brochettes de Kafta: 1 active modifier groups
2025-12-28 13:00:14,153 - DEBUG -     Linked: Brochettes de Kafta -> Extra Brochette 6.99
2025-12-28 13:00:14,325 - DEBUG -     Details: Extras (min:0, max:0, free:0, order:7)
2025-12-28 13:00:14,325 - INFO -     -> 1 links, 1 details
2025-12-28 13:00:14,326 - INFO -   [24/130] Brochettes de Poulet (V3: 152799, source_id: 96622)
2025-12-28 13:00:16,200 - DEBUG -   Found active group: Extra Brochette 5.99 (V1 ID: 9057, Category: e)
2025-12-28 13:00:16,205 - INFO -   Brochettes de Poulet: 1 active modifier groups
2025-12-28 13:00:16,470 - DEBUG -     Linked: Brochettes de Poulet -> Extra Brochette 5.99
2025-12-28 13:00:16,637 - DEBUG -     Details: Extras (min:0, max:0, free:0, order:7)
2025-12-28 13:00:16,637 - INFO -     -> 1 links, 1 details
2025-12-28 13:00:16,637 - INFO -   [25/130] Club Sandwich Frites (V3: 152853, source_id: 96805)
2025-12-28 13:00:18,524 - DEBUG -   No active modifier groups for dish Club Sandwich Frites
2025-12-28 13:00:18,524 - INFO -     -> 0 links, 0 details
2025-12-28 13:00:18,524 - INFO -   [26/130] Club Sandwich Poutine (V3: 152854, source_id: 96806)
2025-12-28 13:00:20,388 - DEBUG -   No active modifier groups for dish Club Sandwich Poutine
2025-12-28 13:00:20,388 - INFO -     -> 0 links, 0 details
2025-12-28 13:00:20,388 - INFO -   [27/130] Club sur pita (V3: 152824, source_id: 96647)
2025-12-28 13:00:22,250 - DEBUG -   Found active group: Wraps Sauces (V1 ID: 9059, Category: sa)
2025-12-28 13:00:22,260 - INFO -   Club sur pita: 1 active modifier groups
2025-12-28 13:00:22,530 - DEBUG -     Linked: Club sur pita -> Wraps Sauces
2025-12-28 13:00:22,695 - DEBUG -     Details: Sauces (min:0, max:5, free:0, order:4)
2025-12-28 13:00:22,695 - INFO -     -> 1 links, 1 details
2025-12-28 13:00:22,696 - INFO -   [28/130] Club sur pita Trio (V3: 152825, source_id: 96648)
2025-12-28 13:00:24,556 - DEBUG -   Found active group: Wraps Sauces (V1 ID: 9059, Category: sa)
2025-12-28 13:00:24,565 - DEBUG -   Found active group: Side dishes for TRIO (V1 ID: 9060, Category: sd)
2025-12-28 13:00:24,575 - DEBUG -   Found active group: Drinks can (V1 ID: 9061, Category: d)
2025-12-28 13:00:24,581 - INFO -   Club sur pita Trio: 3 active modifier groups
2025-12-28 13:00:24,850 - DEBUG -     Linked: Club sur pita Trio -> Wraps Sauces
2025-12-28 13:00:25,009 - DEBUG -     Details: Sauces (min:0, max:5, free:0, order:4)
2025-12-28 13:00:25,307 - DEBUG -     Linked: Club sur pita Trio -> Side dishes for TRIO
2025-12-28 13:00:25,462 - DEBUG -     Details: Plat d’accompagnement (min:1, max:1, free:0, order:5)
2025-12-28 13:00:25,733 - DEBUG -     Linked: Club sur pita Trio -> Drinks can
2025-12-28 13:00:25,901 - DEBUG -     Details: Boissons (min:1, max:1, free:0, order:6)
2025-12-28 13:00:25,901 - INFO -     -> 3 links, 3 details
2025-12-28 13:00:25,901 - INFO -   [29/130] Coke (V3: 152874, source_id: 96825)
2025-12-28 13:00:27,780 - DEBUG -   No active modifier groups for dish Coke
2025-12-28 13:00:27,780 - INFO -     -> 0 links, 0 details
2025-12-28 13:00:27,780 - INFO -   Progress: 30/130 dishes
2025-12-28 13:00:27,781 - INFO -   [30/130] Coke Zero (V3: 152877, source_id: 96828)
2025-12-28 13:00:29,626 - DEBUG -   No active modifier groups for dish Coke Zero
2025-12-28 13:00:29,626 - INFO -     -> 0 links, 0 details
2025-12-28 13:00:29,626 - INFO -   [31/130] Combo Filet Mignon et Kafta (V3: 152806, source_id: 96629)
2025-12-28 13:00:31,487 - DEBUG -   No active modifier groups for dish Combo Filet Mignon et Kafta
2025-12-28 13:00:31,487 - INFO -     -> 0 links, 0 details
2025-12-28 13:00:31,487 - INFO -   [32/130] Combo Kafta et Agneau (V3: 152810, source_id: 96633)
2025-12-28 13:00:33,346 - DEBUG -   No active modifier groups for dish Combo Kafta et Agneau
2025-12-28 13:00:33,346 - INFO -     -> 0 links, 0 details
2025-12-28 13:00:33,346 - INFO -   [33/130] Combo Poulet et Agneau (V3: 152809, source_id: 96632)
2025-12-28 13:00:35,202 - DEBUG -   No active modifier groups for dish Combo Poulet et Agneau
2025-12-28 13:00:35,202 - INFO -     -> 0 links, 0 details
2025-12-28 13:00:35,202 - INFO -   [34/130] Combo Poulet et Crevettes (V3: 152803, source_id: 96626)
2025-12-28 13:00:37,048 - DEBUG -   No active modifier groups for dish Combo Poulet et Crevettes
2025-12-28 13:00:37,048 - INFO -     -> 0 links, 0 details
2025-12-28 13:00:37,048 - INFO -   [35/130] Combo Poulet et Filet Mignon (V3: 152804, source_id: 96627)
2025-12-28 13:00:38,921 - DEBUG -   No active modifier groups for dish Combo Poulet et Filet Mignon
2025-12-28 13:00:38,921 - INFO -     -> 0 links, 0 details
2025-12-28 13:00:38,921 - INFO -   [36/130] Combo Poulet et Kafta (V3: 152805, source_id: 96628)
2025-12-28 13:00:40,769 - DEBUG -   No active modifier groups for dish Combo Poulet et Kafta
2025-12-28 13:00:40,769 - INFO -     -> 0 links, 0 details
2025-12-28 13:00:40,769 - INFO -   [37/130] Cream Soda (V3: 152881, source_id: 96832)
2025-12-28 13:00:42,626 - DEBUG -   No active modifier groups for dish Cream Soda
2025-12-28 13:00:42,626 - INFO -     -> 0 links, 0 details
2025-12-28 13:00:42,626 - INFO -   [38/130] Diet Coke (V3: 152875, source_id: 96826)
2025-12-28 13:00:44,490 - DEBUG -   No active modifier groups for dish Diet Coke
2025-12-28 13:00:44,490 - INFO -     -> 0 links, 0 details
2025-12-28 13:00:44,490 - INFO -   [39/130] Doigts de poulet (V3: 152855, source_id: 96807)
2025-12-28 13:00:46,346 - DEBUG -   No active modifier groups for dish Doigts de poulet
2025-12-28 13:00:46,346 - INFO -     -> 0 links, 0 details
2025-12-28 13:00:46,346 - INFO -   Progress: 40/130 dishes
2025-12-28 13:00:46,346 - INFO -   [40/130] Donair Sub (V3: 152865, source_id: 96818)
2025-12-28 13:00:48,253 - DEBUG -   Found active group: Subs Extra Cheese (V1 ID: 9083, Category: e)
2025-12-28 13:00:48,258 - INFO -   Donair Sub: 1 active modifier groups
2025-12-28 13:00:48,563 - DEBUG -     Linked: Donair Sub -> Subs Extra Cheese
2025-12-28 13:00:48,713 - DEBUG -     Details: Extras (min:0, max:0, free:0, order:7)
2025-12-28 13:00:48,714 - INFO -     -> 1 links, 1 details
2025-12-28 13:00:48,714 - INFO -   [41/130] Frite (V3: 152858, source_id: 96801)
2025-12-28 13:00:50,577 - DEBUG -   No active modifier groups for dish Frite
2025-12-28 13:00:50,577 - INFO -     -> 0 links, 0 details
2025-12-28 13:00:50,577 - INFO -   [42/130] Frites (V3: 152828, source_id: 96650)
2025-12-28 13:00:52,469 - DEBUG -   No active modifier groups for dish Frites
2025-12-28 13:00:52,469 - INFO -     -> 0 links, 0 details
2025-12-28 13:00:52,469 - INFO -   [43/130] Ginger Ale (V3: 152882, source_id: 96833)
2025-12-28 13:00:54,340 - DEBUG -   No active modifier groups for dish Ginger Ale
2025-12-28 13:00:54,341 - INFO -     -> 0 links, 0 details
2025-12-28 13:00:54,341 - INFO -   [44/130] Grande Pizza avec Ailes (V3: 154244, source_id: 96874)
2025-12-28 13:00:56,283 - DEBUG -   Found active group: Drinks can (V1 ID: 9061, Category: d)
2025-12-28 13:00:56,289 - INFO -   Grande Pizza avec Ailes: 1 active modifier groups
2025-12-28 13:00:56,633 - DEBUG -     Linked: Grande Pizza avec Ailes -> Drinks can
2025-12-28 13:00:56,801 - DEBUG -     Details: 3 Canettes (min:3, max:3, free:0, order:6)
2025-12-28 13:00:56,801 - INFO -     -> 1 links, 1 details
2025-12-28 13:00:56,802 - INFO -   [45/130] Grande Pizza avec Plat d’accompagnement (V3: 154248, source_id: 96875)
2025-12-28 13:00:58,677 - DEBUG -   Found active group: Drinks can (V1 ID: 9061, Category: d)
2025-12-28 13:00:58,682 - INFO -   Grande Pizza avec Plat d’accompagnement: 1 active modifier groups
2025-12-28 13:00:59,014 - DEBUG -     Linked: Grande Pizza avec Plat d’accompagnement -> Drinks can
2025-12-28 13:00:59,184 - DEBUG -     Details: 3 Canettes (min:3, max:3, free:0, order:6)
2025-12-28 13:00:59,185 - INFO -     -> 1 links, 1 details
2025-12-28 13:00:59,185 - INFO -   [46/130] Gyro Boeuf (V3: 152815, source_id: 96638)
2025-12-28 13:01:01,046 - DEBUG -   Found active group: Wraps Sauces (V1 ID: 9059, Category: sa)
2025-12-28 13:01:01,055 - INFO -   Gyro Boeuf: 1 active modifier groups
2025-12-28 13:01:01,352 - DEBUG -     Linked: Gyro Boeuf -> Wraps Sauces
2025-12-28 13:01:01,534 - DEBUG -     Details: Sauces (min:0, max:5, free:0, order:4)
2025-12-28 13:01:01,535 - INFO -     -> 1 links, 1 details
2025-12-28 13:01:01,535 - INFO -   [47/130] Gyro Poulet (V3: 152814, source_id: 96637)
2025-12-28 13:01:03,400 - DEBUG -   Found active group: Wraps Sauces (V1 ID: 9059, Category: sa)
2025-12-28 13:01:03,409 - INFO -   Gyro Poulet: 1 active modifier groups
2025-12-28 13:01:03,703 - DEBUG -     Linked: Gyro Poulet -> Wraps Sauces
2025-12-28 13:01:03,864 - DEBUG -     Details: Sauces (min:0, max:5, free:0, order:4)
2025-12-28 13:01:03,864 - INFO -     -> 1 links, 1 details
2025-12-28 13:01:03,864 - INFO -   [48/130] Hoagie Pizza Sub (V3: 152867, source_id: 96813)
2025-12-28 13:01:05,748 - DEBUG -   Found active group: Subs Extra Cheese (V1 ID: 9083, Category: e)
2025-12-28 13:01:05,753 - INFO -   Hoagie Pizza Sub: 1 active modifier groups
2025-12-28 13:01:06,028 - DEBUG -     Linked: Hoagie Pizza Sub -> Subs Extra Cheese
2025-12-28 13:01:06,212 - DEBUG -     Details: Extras (min:0, max:0, free:0, order:7)
2025-12-28 13:01:06,213 - INFO -     -> 1 links, 1 details
2025-12-28 13:01:06,213 - INFO -   [49/130] Humus (V3: 152830, source_id: 96654)
2025-12-28 13:01:08,098 - DEBUG -   Found active group: Extra Pita 0.75 (V1 ID: 9062, Category: e)
2025-12-28 13:01:08,103 - INFO -   Humus: 1 active modifier groups
2025-12-28 13:01:08,376 - DEBUG -     Linked: Humus -> Extra Pita 0.75
2025-12-28 13:01:08,537 - DEBUG -     Details: Extras (min:0, max:0, free:0, order:7)
2025-12-28 13:01:08,537 - INFO -     -> 1 links, 1 details
2025-12-28 13:01:08,538 - INFO -   Progress: 50/130 dishes
2025-12-28 13:01:08,539 - INFO -   [50/130] Iced Tea (V3: 152878, source_id: 96829)
2025-12-28 13:01:10,415 - DEBUG -   No active modifier groups for dish Iced Tea
2025-12-28 13:01:10,415 - INFO -     -> 0 links, 0 details
2025-12-28 13:01:10,415 - INFO -   [51/130] Kafta sur Pita (V3: 152820, source_id: 96643)
2025-12-28 13:01:12,283 - DEBUG -   Found active group: Wraps Sauces (V1 ID: 9059, Category: sa)
2025-12-28 13:01:12,293 - INFO -   Kafta sur Pita: 1 active modifier groups
2025-12-28 13:01:12,560 - DEBUG -     Linked: Kafta sur Pita -> Wraps Sauces
2025-12-28 13:01:12,721 - DEBUG -     Details: Sauces (min:0, max:5, free:0, order:4)
2025-12-28 13:01:12,722 - INFO -     -> 1 links, 1 details
2025-12-28 13:01:12,722 - INFO -   [52/130] Kafta sur Pita Trio (V3: 152821, source_id: 96644)
2025-12-28 13:01:14,594 - DEBUG -   Found active group: Wraps Sauces (V1 ID: 9059, Category: sa)
2025-12-28 13:01:14,603 - DEBUG -   Found active group: Side dishes for TRIO (V1 ID: 9060, Category: sd)
2025-12-28 13:01:14,612 - DEBUG -   Found active group: Drinks can (V1 ID: 9061, Category: d)
2025-12-28 13:01:14,618 - INFO -   Kafta sur Pita Trio: 3 active modifier groups
2025-12-28 13:01:14,931 - DEBUG -     Linked: Kafta sur Pita Trio -> Wraps Sauces
2025-12-28 13:01:15,101 - DEBUG -     Details: Sauces (min:0, max:5, free:0, order:4)
2025-12-28 13:01:15,387 - DEBUG -     Linked: Kafta sur Pita Trio -> Side dishes for TRIO
2025-12-28 13:01:15,569 - DEBUG -     Details: Plat d’accompagnement (min:1, max:1, free:0, order:5)
2025-12-28 13:01:15,864 - DEBUG -     Linked: Kafta sur Pita Trio -> Drinks can
2025-12-28 13:01:16,046 - DEBUG -     Details: Boissons (min:1, max:1, free:0, order:6)
2025-12-28 13:01:16,046 - INFO -     -> 3 links, 3 details
2025-12-28 13:01:16,047 - INFO -   [53/130] LA BRUSCHETTA (V3: 152789, source_id: 96860)
2025-12-28 13:01:17,920 - DEBUG -   Found active group: Pizza Toppings (V1 ID: 9078, Category: ci)
2025-12-28 13:01:17,935 - DEBUG -   Found active group: Dips (V1 ID: 9081, Category: sa)
2025-12-28 13:01:17,964 - DEBUG -   Found active group: Crust Type (V1 ID: 9077, Category: br)
2025-12-28 13:01:17,968 - INFO -   LA BRUSCHETTA: 3 active modifier groups
2025-12-28 13:01:18,255 - DEBUG -     Linked: LA BRUSCHETTA -> Pizza Toppings
2025-12-28 13:01:18,417 - DEBUG -     Details: Ajouter plus de garnitures (min:0, max:0, free:0, order:2)
2025-12-28 13:01:18,707 - DEBUG -     Linked: LA BRUSCHETTA -> Dips
2025-12-28 13:01:18,869 - DEBUG -     Details: Trempettes (min:0, max:0, free:0, order:4)
2025-12-28 13:01:19,154 - DEBUG -     Linked: LA BRUSCHETTA -> Crust Type
2025-12-28 13:01:19,314 - DEBUG -     Details: Choix de pain (min:0, max:0, free:0, order:1)
2025-12-28 13:01:19,314 - INFO -     -> 3 links, 3 details
2025-12-28 13:01:19,315 - INFO -   [54/130] LA BRUSCHETTA (V3: 154261, source_id: 96844)
2025-12-28 13:01:21,179 - DEBUG -   No active modifier groups for dish LA BRUSCHETTA
2025-12-28 13:01:21,179 - INFO -     -> 0 links, 0 details
2025-12-28 13:01:21,180 - INFO -   [55/130] LA CANADIENNE (V3: 154257, source_id: 96840)
2025-12-28 13:01:23,047 - DEBUG -   No active modifier groups for dish LA CANADIENNE
2025-12-28 13:01:23,047 - INFO -     -> 0 links, 0 details
2025-12-28 13:01:23,047 - INFO -   [56/130] LA CANADIENNE (V3: 152785, source_id: 96856)
2025-12-28 13:01:24,904 - DEBUG -   Found active group: Pizza Toppings (V1 ID: 9078, Category: ci)
2025-12-28 13:01:24,913 - DEBUG -   Found active group: Dips (V1 ID: 9081, Category: sa)
2025-12-28 13:01:24,927 - DEBUG -   Found active group: Crust Type (V1 ID: 9077, Category: br)
2025-12-28 13:01:24,930 - INFO -   LA CANADIENNE: 3 active modifier groups
2025-12-28 13:01:25,199 - DEBUG -     Linked: LA CANADIENNE -> Pizza Toppings
2025-12-28 13:01:25,359 - DEBUG -     Details: Ajouter plus de garnitures (min:0, max:0, free:0, order:2)
2025-12-28 13:01:25,647 - DEBUG -     Linked: LA CANADIENNE -> Dips
2025-12-28 13:01:25,807 - DEBUG -     Details: Trempettes (min:0, max:0, free:0, order:4)
2025-12-28 13:01:26,096 - DEBUG -     Linked: LA CANADIENNE -> Crust Type
2025-12-28 13:01:26,243 - DEBUG -     Details: Choix de pain (min:0, max:0, free:0, order:1)
2025-12-28 13:01:26,244 - INFO -     -> 3 links, 3 details
2025-12-28 13:01:26,244 - INFO -   [57/130] LA CLUB (V3: 154258, source_id: 96841)
2025-12-28 13:01:28,567 - DEBUG -   No active modifier groups for dish LA CLUB
2025-12-28 13:01:28,568 - INFO -     -> 0 links, 0 details
2025-12-28 13:01:28,568 - INFO -   [58/130] LA CLUB (V3: 152786, source_id: 96857)
2025-12-28 13:01:30,434 - DEBUG -   Found active group: Pizza Toppings (V1 ID: 9078, Category: ci)
2025-12-28 13:01:30,444 - DEBUG -   Found active group: Dips (V1 ID: 9081, Category: sa)
2025-12-28 13:01:30,457 - DEBUG -   Found active group: Crust Type (V1 ID: 9077, Category: br)
2025-12-28 13:01:30,460 - INFO -   LA CLUB: 3 active modifier groups
2025-12-28 13:01:30,736 - DEBUG -     Linked: LA CLUB -> Pizza Toppings
2025-12-28 13:01:30,924 - DEBUG -     Details: Ajouter plus de garnitures (min:0, max:0, free:0, order:2)
2025-12-28 13:01:31,251 - DEBUG -     Linked: LA CLUB -> Dips
2025-12-28 13:01:31,438 - DEBUG -     Details: Trempettes (min:0, max:0, free:0, order:4)
2025-12-28 13:01:31,731 - DEBUG -     Linked: LA CLUB -> Crust Type
2025-12-28 13:01:31,889 - DEBUG -     Details: Choix de pain (min:0, max:0, free:0, order:1)
2025-12-28 13:01:31,889 - INFO -     -> 3 links, 3 details
2025-12-28 13:01:31,889 - INFO -   [59/130] LA COMBINAISON (V3: 152783, source_id: 96854)
2025-12-28 13:01:33,749 - DEBUG -   Found active group: Pizza Toppings (V1 ID: 9078, Category: ci)
2025-12-28 13:01:33,758 - DEBUG -   Found active group: Dips (V1 ID: 9081, Category: sa)
2025-12-28 13:01:33,771 - DEBUG -   Found active group: Crust Type (V1 ID: 9077, Category: br)
2025-12-28 13:01:33,774 - INFO -   LA COMBINAISON: 3 active modifier groups
2025-12-28 13:01:34,082 - DEBUG -     Linked: LA COMBINAISON -> Pizza Toppings
2025-12-28 13:01:34,250 - DEBUG -     Details: Ajouter plus de garnitures (min:0, max:0, free:0, order:2)
2025-12-28 13:01:34,550 - DEBUG -     Linked: LA COMBINAISON -> Dips
2025-12-28 13:01:34,732 - DEBUG -     Details: Trempettes (min:0, max:0, free:0, order:4)
2025-12-28 13:01:35,048 - DEBUG -     Linked: LA COMBINAISON -> Crust Type
2025-12-28 13:01:35,203 - DEBUG -     Details: Choix de pain (min:0, max:0, free:0, order:1)
2025-12-28 13:01:35,203 - INFO -     -> 3 links, 3 details
2025-12-28 13:01:35,204 - INFO -   Progress: 60/130 dishes
2025-12-28 13:01:35,204 - INFO -   [60/130] LA COMBINAISON (V3: 154255, source_id: 96838)
2025-12-28 13:01:37,058 - DEBUG -   No active modifier groups for dish LA COMBINAISON
2025-12-28 13:01:37,058 - INFO -     -> 0 links, 0 details
2025-12-28 13:01:37,058 - INFO -   [61/130] LA DIANA (V3: 154266, source_id: 96850)
2025-12-28 13:01:38,895 - DEBUG -   No active modifier groups for dish LA DIANA
2025-12-28 13:01:38,895 - INFO -     -> 0 links, 0 details
2025-12-28 13:01:38,895 - INFO -   [62/130] LA DIANA (V3: 152794, source_id: 96866)
2025-12-28 13:01:40,782 - DEBUG -   Found active group: Pizza Toppings (V1 ID: 9078, Category: ci)
2025-12-28 13:01:40,792 - DEBUG -   Found active group: Dips (V1 ID: 9081, Category: sa)
2025-12-28 13:01:40,805 - DEBUG -   Found active group: Crust Type (V1 ID: 9077, Category: br)
2025-12-28 13:01:40,808 - INFO -   LA DIANA: 3 active modifier groups
2025-12-28 13:01:41,098 - DEBUG -     Linked: LA DIANA -> Pizza Toppings
2025-12-28 13:01:41,288 - DEBUG -     Details: Ajouter plus de garnitures (min:0, max:0, free:0, order:2)
2025-12-28 13:01:41,578 - DEBUG -     Linked: LA DIANA -> Dips
2025-12-28 13:01:41,755 - DEBUG -     Details: Trempettes (min:0, max:0, free:0, order:4)
2025-12-28 13:01:42,053 - DEBUG -     Linked: LA DIANA -> Crust Type
2025-12-28 13:01:42,202 - DEBUG -     Details: Choix de pain (min:0, max:0, free:0, order:1)
2025-12-28 13:01:42,202 - INFO -     -> 3 links, 3 details
2025-12-28 13:01:42,203 - INFO -   [63/130] LA GRECQUE (V3: 152790, source_id: 96861)
2025-12-28 13:01:44,059 - DEBUG -   Found active group: Pizza Toppings (V1 ID: 9078, Category: ci)
2025-12-28 13:01:44,068 - DEBUG -   Found active group: Dips (V1 ID: 9081, Category: sa)
2025-12-28 13:01:44,081 - DEBUG -   Found active group: Crust Type (V1 ID: 9077, Category: br)
2025-12-28 13:01:44,084 - INFO -   LA GRECQUE: 3 active modifier groups
2025-12-28 13:01:44,360 - DEBUG -     Linked: LA GRECQUE -> Pizza Toppings
2025-12-28 13:01:44,530 - DEBUG -     Details: Ajouter plus de garnitures (min:0, max:0, free:0, order:2)
2025-12-28 13:01:44,798 - DEBUG -     Linked: LA GRECQUE -> Dips
2025-12-28 13:01:44,957 - DEBUG -     Details: Trempettes (min:0, max:0, free:0, order:4)
2025-12-28 13:01:45,229 - DEBUG -     Linked: LA GRECQUE -> Crust Type
2025-12-28 13:01:45,389 - DEBUG -     Details: Choix de pain (min:0, max:0, free:0, order:1)
2025-12-28 13:01:45,389 - INFO -     -> 3 links, 3 details
2025-12-28 13:01:45,389 - INFO -   [64/130] LA GRECQUE (V3: 154262, source_id: 96845)
2025-12-28 13:01:47,248 - DEBUG -   No active modifier groups for dish LA GRECQUE
2025-12-28 13:01:47,248 - INFO -     -> 0 links, 0 details
2025-12-28 13:01:47,248 - INFO -   [65/130] LA HAWAIIENNE (V3: 154254, source_id: 96837)
2025-12-28 13:01:49,128 - DEBUG -   No active modifier groups for dish LA HAWAIIENNE
2025-12-28 13:01:49,128 - INFO -     -> 0 links, 0 details
2025-12-28 13:01:49,128 - INFO -   [66/130] LA HAWAIIENNE (V3: 152782, source_id: 96853)
2025-12-28 13:01:50,983 - DEBUG -   Found active group: Pizza Toppings (V1 ID: 9078, Category: ci)
2025-12-28 13:01:50,992 - DEBUG -   Found active group: Dips (V1 ID: 9081, Category: sa)
2025-12-28 13:01:51,007 - DEBUG -   Found active group: Crust Type (V1 ID: 9077, Category: br)
2025-12-28 13:01:51,010 - INFO -   LA HAWAIIENNE: 3 active modifier groups
2025-12-28 13:01:51,274 - DEBUG -     Linked: LA HAWAIIENNE -> Pizza Toppings
2025-12-28 13:01:51,432 - DEBUG -     Details: Ajouter plus de garnitures (min:0, max:0, free:0, order:2)
2025-12-28 13:01:51,714 - DEBUG -     Linked: LA HAWAIIENNE -> Dips
2025-12-28 13:01:51,875 - DEBUG -     Details: Trempettes (min:0, max:0, free:0, order:4)
2025-12-28 13:01:52,162 - DEBUG -     Linked: LA HAWAIIENNE -> Crust Type
2025-12-28 13:01:52,308 - DEBUG -     Details: Choix de pain (min:0, max:0, free:0, order:1)
2025-12-28 13:01:52,308 - INFO -     -> 3 links, 3 details
2025-12-28 13:01:52,309 - INFO -   [67/130] La Jambon (V3: 152860, source_id: 96812)
2025-12-28 13:01:54,173 - DEBUG -   Found active group: Subs Extra Cheese (V1 ID: 9083, Category: e)
2025-12-28 13:01:54,177 - INFO -   La Jambon: 1 active modifier groups
2025-12-28 13:01:54,476 - DEBUG -     Linked: La Jambon -> Subs Extra Cheese
2025-12-28 13:01:54,657 - DEBUG -     Details: Extras (min:0, max:0, free:0, order:7)
2025-12-28 13:01:54,658 - INFO -     -> 1 links, 1 details
2025-12-28 13:01:54,658 - INFO -   [68/130] LA MARINARA (V3: 152788, source_id: 96859)
2025-12-28 13:01:56,498 - DEBUG -   Found active group: Pizza Toppings (V1 ID: 9078, Category: ci)
2025-12-28 13:01:56,507 - DEBUG -   Found active group: Dips (V1 ID: 9081, Category: sa)
2025-12-28 13:01:56,521 - DEBUG -   Found active group: Crust Type (V1 ID: 9077, Category: br)
2025-12-28 13:01:56,524 - INFO -   LA MARINARA: 3 active modifier groups
2025-12-28 13:01:56,807 - DEBUG -     Linked: LA MARINARA -> Pizza Toppings
2025-12-28 13:01:56,969 - DEBUG -     Details: Ajouter plus de garnitures (min:0, max:0, free:0, order:2)
2025-12-28 13:01:57,242 - DEBUG -     Linked: LA MARINARA -> Dips
2025-12-28 13:01:57,403 - DEBUG -     Details: Trempettes (min:0, max:0, free:0, order:4)
2025-12-28 13:01:57,693 - DEBUG -     Linked: LA MARINARA -> Crust Type
2025-12-28 13:01:57,846 - DEBUG -     Details: Choix de pain (min:0, max:0, free:0, order:1)
2025-12-28 13:01:57,846 - INFO -     -> 3 links, 3 details
2025-12-28 13:01:57,846 - INFO -   [69/130] LA MARINARA (V3: 154260, source_id: 96843)
2025-12-28 13:01:59,721 - DEBUG -   No active modifier groups for dish LA MARINARA
2025-12-28 13:01:59,721 - INFO -     -> 0 links, 0 details
2025-12-28 13:01:59,721 - INFO -   Progress: 70/130 dishes
2025-12-28 13:01:59,721 - INFO -   [70/130] LA MEXICALI (V3: 154264, source_id: 96847)
2025-12-28 13:02:01,574 - DEBUG -   No active modifier groups for dish LA MEXICALI
2025-12-28 13:02:01,574 - INFO -     -> 0 links, 0 details
2025-12-28 13:02:01,574 - INFO -   [71/130] LA MEXICALI (V3: 152792, source_id: 96863)
2025-12-28 13:02:03,448 - DEBUG -   Found active group: Pizza Toppings (V1 ID: 9078, Category: ci)
2025-12-28 13:02:03,457 - DEBUG -   Found active group: Dips (V1 ID: 9081, Category: sa)
2025-12-28 13:02:03,471 - DEBUG -   Found active group: Crust Type (V1 ID: 9077, Category: br)
2025-12-28 13:02:03,474 - INFO -   LA MEXICALI: 3 active modifier groups
2025-12-28 13:02:03,739 - DEBUG -     Linked: LA MEXICALI -> Pizza Toppings
2025-12-28 13:02:03,902 - DEBUG -     Details: Ajouter plus de garnitures (min:0, max:0, free:0, order:2)
2025-12-28 13:02:04,227 - DEBUG -     Linked: LA MEXICALI -> Dips
2025-12-28 13:02:04,395 - DEBUG -     Details: Trempettes (min:0, max:0, free:0, order:4)
2025-12-28 13:02:04,684 - DEBUG -     Linked: LA MEXICALI -> Crust Type
2025-12-28 13:02:04,856 - DEBUG -     Details: Choix de pain (min:0, max:0, free:0, order:1)
2025-12-28 13:02:04,856 - INFO -     -> 3 links, 3 details
2025-12-28 13:02:04,857 - INFO -   [72/130] LA OKA’S (V3: 152784, source_id: 96855)
2025-12-28 13:02:06,834 - DEBUG -   Found active group: Pizza Toppings (V1 ID: 9078, Category: ci)
2025-12-28 13:02:06,843 - DEBUG -   Found active group: Dips (V1 ID: 9081, Category: sa)
2025-12-28 13:02:06,857 - DEBUG -   Found active group: Crust Type (V1 ID: 9077, Category: br)
2025-12-28 13:02:06,860 - INFO -   LA OKA’S: 3 active modifier groups
2025-12-28 13:02:07,128 - DEBUG -     Linked: LA OKA’S -> Pizza Toppings
2025-12-28 13:02:07,294 - DEBUG -     Details: Ajouter plus de garnitures (min:0, max:0, free:0, order:2)
2025-12-28 13:02:07,576 - DEBUG -     Linked: LA OKA’S -> Dips
2025-12-28 13:02:07,734 - DEBUG -     Details: Trempettes (min:0, max:0, free:0, order:4)
2025-12-28 13:02:08,017 - DEBUG -     Linked: LA OKA’S -> Crust Type
2025-12-28 13:02:08,166 - DEBUG -     Details: Choix de pain (min:0, max:0, free:0, order:1)
2025-12-28 13:02:08,166 - INFO -     -> 3 links, 3 details
2025-12-28 13:02:08,167 - INFO -   [73/130] LA OPA’S (V3: 154256, source_id: 96839)
2025-12-28 13:02:10,041 - DEBUG -   No active modifier groups for dish LA OPA’S
2025-12-28 13:02:10,041 - INFO -     -> 0 links, 0 details
2025-12-28 13:02:10,042 - INFO -   [74/130] La Québecoise (V3: 152861, source_id: 96811)
2025-12-28 13:02:11,909 - DEBUG -   Found active group: Subs Extra Cheese (V1 ID: 9083, Category: e)
2025-12-28 13:02:11,913 - INFO -   La Québecoise: 1 active modifier groups
2025-12-28 13:02:12,190 - DEBUG -     Linked: La Québecoise -> Subs Extra Cheese
2025-12-28 13:02:12,353 - DEBUG -     Details: Extras (min:0, max:0, free:0, order:7)
2025-12-28 13:02:12,353 - INFO -     -> 1 links, 1 details
2025-12-28 13:02:12,353 - INFO -   [75/130] LA SICILIENNE (V3: 152780, source_id: 96851)
2025-12-28 13:02:14,213 - DEBUG -   Found active group: Pizza Toppings (V1 ID: 9078, Category: ci)
2025-12-28 13:02:14,233 - DEBUG -   Found active group: Dips (V1 ID: 9081, Category: sa)
2025-12-28 13:02:14,247 - DEBUG -   Found active group: Crust Type (V1 ID: 9077, Category: br)
2025-12-28 13:02:14,250 - INFO -   LA SICILIENNE: 3 active modifier groups
2025-12-28 13:02:14,557 - DEBUG -     Linked: LA SICILIENNE -> Pizza Toppings
2025-12-28 13:02:14,728 - DEBUG -     Details: Ajouter plus de garnitures (min:0, max:0, free:0, order:2)
2025-12-28 13:02:15,020 - DEBUG -     Linked: LA SICILIENNE -> Dips
2025-12-28 13:02:15,202 - DEBUG -     Details: Trempettes (min:0, max:0, free:0, order:4)
2025-12-28 13:02:15,506 - DEBUG -     Linked: LA SICILIENNE -> Crust Type
2025-12-28 13:02:15,671 - DEBUG -     Details: Choix de pain (min:0, max:0, free:0, order:1)
2025-12-28 13:02:15,671 - INFO -     -> 3 links, 3 details
2025-12-28 13:02:15,672 - INFO -   [76/130] LA SICILIENNE (V3: 154252, source_id: 96835)
2025-12-28 13:02:17,536 - DEBUG -   No active modifier groups for dish LA SICILIENNE
2025-12-28 13:02:17,536 - INFO -     -> 0 links, 0 details
2025-12-28 13:02:17,536 - INFO -   [77/130] LA SPECIALITE DU CHEF (V3: 154265, source_id: 96849)
2025-12-28 13:02:19,421 - DEBUG -   No active modifier groups for dish LA SPECIALITE DU CHEF
2025-12-28 13:02:19,421 - INFO -     -> 0 links, 0 details
2025-12-28 13:02:19,422 - INFO -   [78/130] LA SPECIALITE DU CHEF (V3: 152793, source_id: 96865)
2025-12-28 13:02:21,280 - DEBUG -   Found active group: Pizza Toppings (V1 ID: 9078, Category: ci)
2025-12-28 13:02:21,289 - DEBUG -   Found active group: Dips (V1 ID: 9081, Category: sa)
2025-12-28 13:02:21,303 - DEBUG -   Found active group: Crust Type (V1 ID: 9077, Category: br)
2025-12-28 13:02:21,306 - INFO -   LA SPECIALITE DU CHEF: 3 active modifier groups
2025-12-28 13:02:21,579 - DEBUG -     Linked: LA SPECIALITE DU CHEF -> Pizza Toppings
2025-12-28 13:02:21,739 - DEBUG -     Details: Ajouter plus de garnitures (min:0, max:0, free:0, order:2)
2025-12-28 13:02:22,017 - DEBUG -     Linked: LA SPECIALITE DU CHEF -> Dips
2025-12-28 13:02:22,174 - DEBUG -     Details: Trempettes (min:0, max:0, free:0, order:4)
2025-12-28 13:02:22,466 - DEBUG -     Linked: LA SPECIALITE DU CHEF -> Crust Type
2025-12-28 13:02:22,629 - DEBUG -     Details: Choix de pain (min:0, max:0, free:0, order:1)
2025-12-28 13:02:22,629 - INFO -     -> 3 links, 3 details
2025-12-28 13:02:22,630 - INFO -   [79/130] LA VEGETARIENNE (V3: 152791, source_id: 96862)
2025-12-28 13:02:24,489 - DEBUG -   Found active group: Pizza Toppings (V1 ID: 9078, Category: ci)
2025-12-28 13:02:24,498 - DEBUG -   Found active group: Dips (V1 ID: 9081, Category: sa)
2025-12-28 13:02:24,511 - DEBUG -   Found active group: Crust Type (V1 ID: 9077, Category: br)
2025-12-28 13:02:24,514 - INFO -   LA VEGETARIENNE: 3 active modifier groups
2025-12-28 13:02:24,810 - DEBUG -     Linked: LA VEGETARIENNE -> Pizza Toppings
2025-12-28 13:02:24,975 - DEBUG -     Details: Ajouter plus de garnitures (min:0, max:0, free:0, order:2)
2025-12-28 13:02:25,291 - DEBUG -     Linked: LA VEGETARIENNE -> Dips
2025-12-28 13:02:25,468 - DEBUG -     Details: Trempettes (min:0, max:0, free:0, order:4)
2025-12-28 13:02:25,795 - DEBUG -     Linked: LA VEGETARIENNE -> Crust Type
2025-12-28 13:02:25,947 - DEBUG -     Details: Choix de pain (min:0, max:0, free:0, order:1)
2025-12-28 13:02:25,947 - INFO -     -> 3 links, 3 details
2025-12-28 13:02:25,948 - INFO -   Progress: 80/130 dishes
2025-12-28 13:02:25,948 - INFO -   [80/130] LA VEGETARIENNE (V3: 154263, source_id: 96846)
2025-12-28 13:02:27,815 - DEBUG -   No active modifier groups for dish LA VEGETARIENNE
2025-12-28 13:02:27,816 - INFO -     -> 0 links, 0 details
2025-12-28 13:02:27,816 - INFO -   [81/130] Lasagne (V3: 152870, source_id: 96821)
2025-12-28 13:02:29,657 - DEBUG -   No active modifier groups for dish Lasagne
2025-12-28 13:02:29,657 - INFO -     -> 0 links, 0 details
2025-12-28 13:02:29,657 - INFO -   [82/130] Lasagne à la Québecoise (V3: 152871, source_id: 96822)
2025-12-28 13:02:31,526 - DEBUG -   No active modifier groups for dish Lasagne à la Québecoise
2025-12-28 13:02:31,526 - INFO -     -> 0 links, 0 details
2025-12-28 13:02:31,526 - INFO -   [83/130] Le Club Sub (V3: 152863, source_id: 96815)
2025-12-28 13:02:33,390 - DEBUG -   Found active group: Subs Extra Cheese (V1 ID: 9083, Category: e)
2025-12-28 13:02:33,394 - INFO -   Le Club Sub: 1 active modifier groups
2025-12-28 13:02:33,684 - DEBUG -     Linked: Le Club Sub -> Subs Extra Cheese
2025-12-28 13:02:33,845 - DEBUG -     Details: Extras (min:0, max:0, free:0, order:7)
2025-12-28 13:02:33,845 - INFO -     -> 1 links, 1 details
2025-12-28 13:02:33,846 - INFO -   [84/130] Le Combiné (V3: 152862, source_id: 96814)
2025-12-28 13:02:35,727 - DEBUG -   Found active group: Subs Extra Cheese (V1 ID: 9083, Category: e)
2025-12-28 13:02:35,736 - INFO -   Le Combiné: 1 active modifier groups
2025-12-28 13:02:36,013 - DEBUG -     Linked: Le Combiné -> Subs Extra Cheese
2025-12-28 13:02:36,170 - DEBUG -     Details: Extras (min:0, max:0, free:0, order:7)
2025-12-28 13:02:36,171 - INFO -     -> 1 links, 1 details
2025-12-28 13:02:36,171 - INFO -   [85/130] Le Super Super (V3: 152864, source_id: 96816)
2025-12-28 13:02:38,048 - DEBUG -   Found active group: Subs Extra Cheese (V1 ID: 9083, Category: e)
2025-12-28 13:02:38,053 - INFO -   Le Super Super: 1 active modifier groups
2025-12-28 13:02:38,323 - DEBUG -     Linked: Le Super Super -> Subs Extra Cheese
2025-12-28 13:02:38,485 - DEBUG -     Details: Extras (min:0, max:0, free:0, order:7)
2025-12-28 13:02:38,486 - INFO -     -> 1 links, 1 details
2025-12-28 13:02:38,486 - INFO -   [86/130] Macaron au Miel (V3: 152872, source_id: 96823)
2025-12-28 13:02:40,371 - DEBUG -   No active modifier groups for dish Macaron au Miel
2025-12-28 13:02:40,371 - INFO -     -> 0 links, 0 details
2025-12-28 13:02:40,372 - INFO -   [87/130] Moyenne Pizza avec Ailes (V3: 154243, source_id: 96872)
2025-12-28 13:02:42,245 - DEBUG -   Found active group: Drinks can (V1 ID: 9061, Category: d)
2025-12-28 13:02:42,251 - INFO -   Moyenne Pizza avec Ailes: 1 active modifier groups
2025-12-28 13:02:42,528 - DEBUG -     Linked: Moyenne Pizza avec Ailes -> Drinks can
2025-12-28 13:02:42,700 - DEBUG -     Details: 2 Canettes (min:2, max:2, free:0, order:6)
2025-12-28 13:02:42,700 - INFO -     -> 1 links, 1 details
2025-12-28 13:02:42,700 - INFO -   [88/130] Moyenne Pizza avec Plat d’accompagnement (V3: 154247, source_id: 96873)
2025-12-28 13:02:44,549 - DEBUG -   Found active group: Drinks can (V1 ID: 9061, Category: d)
2025-12-28 13:02:44,555 - INFO -   Moyenne Pizza avec Plat d’accompagnement: 1 active modifier groups
2025-12-28 13:02:44,835 - DEBUG -     Linked: Moyenne Pizza avec Plat d’accompagnement -> Drinks can
2025-12-28 13:02:45,000 - DEBUG -     Details: 2 Canettes (min:2, max:2, free:0, order:6)
2025-12-28 13:02:45,000 - INFO -     -> 1 links, 1 details
2025-12-28 13:02:45,000 - INFO -   [89/130] Mug Root Beer (V3: 152880, source_id: 96831)
2025-12-28 13:02:46,864 - DEBUG -   No active modifier groups for dish Mug Root Beer
2025-12-28 13:02:46,864 - INFO -     -> 0 links, 0 details
2025-12-28 13:02:46,864 - INFO -   Progress: 90/130 dishes
2025-12-28 13:02:46,865 - INFO -   [90/130] Nachos (V3: 152856, source_id: 96808)
2025-12-28 13:02:48,715 - DEBUG -   No active modifier groups for dish Nachos
2025-12-28 13:02:48,715 - INFO -     -> 0 links, 0 details
2025-12-28 13:02:48,715 - INFO -   [91/130] Nachos au poulet shawarma (V3: 152832, source_id: 96653)
2025-12-28 13:02:50,580 - DEBUG -   No active modifier groups for dish Nachos au poulet shawarma
2025-12-28 13:02:50,580 - INFO -     -> 0 links, 0 details
2025-12-28 13:02:50,580 - INFO -   [92/130] Nachos avec poulet shawarma (V3: 152857, source_id: 96809)
2025-12-28 13:02:52,425 - DEBUG -   No active modifier groups for dish Nachos avec poulet shawarma
2025-12-28 13:02:52,425 - INFO -     -> 0 links, 0 details
2025-12-28 13:02:52,425 - INFO -   [93/130] Orange Crush (V3: 152879, source_id: 96830)
2025-12-28 13:02:54,313 - DEBUG -   No active modifier groups for dish Orange Crush
2025-12-28 13:02:54,313 - INFO -     -> 0 links, 0 details
2025-12-28 13:02:54,313 - INFO -   [94/130] Patates Grecques (V3: 152826, source_id: 96651)
2025-12-28 13:02:56,171 - DEBUG -   No active modifier groups for dish Patates Grecques
2025-12-28 13:02:56,171 - INFO -     -> 0 links, 0 details
2025-12-28 13:02:56,171 - INFO -   [95/130] Petite Pizza avec Ailes (V3: 154242, source_id: 96870)
2025-12-28 13:02:58,033 - DEBUG -   Found active group: Drinks can (V1 ID: 9061, Category: d)
2025-12-28 13:02:58,038 - INFO -   Petite Pizza avec Ailes: 1 active modifier groups
2025-12-28 13:02:58,313 - DEBUG -     Linked: Petite Pizza avec Ailes -> Drinks can
2025-12-28 13:02:58,477 - DEBUG -     Details: 1 Canette (min:1, max:1, free:0, order:6)
2025-12-28 13:02:58,477 - INFO -     -> 1 links, 1 details
2025-12-28 13:02:58,478 - INFO -   [96/130] Petite Pizza avec Plat d’accompagnement (V3: 154246, source_id: 96871)
2025-12-28 13:03:00,343 - DEBUG -   Found active group: Drinks can (V1 ID: 9061, Category: d)
2025-12-28 13:03:00,349 - INFO -   Petite Pizza avec Plat d’accompagnement: 1 active modifier groups
2025-12-28 13:03:00,615 - DEBUG -     Linked: Petite Pizza avec Plat d’accompagnement -> Drinks can
2025-12-28 13:03:00,777 - DEBUG -     Details: 1 Canette (min:1, max:1, free:0, order:6)
2025-12-28 13:03:00,777 - INFO -     -> 1 links, 1 details
2025-12-28 13:03:00,778 - INFO -   [97/130] Pita Végétarien (V3: 152822, source_id: 96645)
2025-12-28 13:03:02,650 - DEBUG -   Found active group: Wraps Sauces (V1 ID: 9059, Category: sa)
2025-12-28 13:03:02,658 - INFO -   Pita Végétarien: 1 active modifier groups
2025-12-28 13:03:02,953 - DEBUG -     Linked: Pita Végétarien -> Wraps Sauces
2025-12-28 13:03:03,118 - DEBUG -     Details: Sauces (min:0, max:5, free:0, order:4)
2025-12-28 13:03:03,118 - INFO -     -> 1 links, 1 details
2025-12-28 13:03:03,119 - INFO -   [98/130] Pita Végétarien Trio (V3: 152823, source_id: 96646)
2025-12-28 13:03:04,987 - DEBUG -   Found active group: Wraps Sauces (V1 ID: 9059, Category: sa)
2025-12-28 13:03:04,997 - DEBUG -   Found active group: Side dishes for TRIO (V1 ID: 9060, Category: sd)
2025-12-28 13:03:05,006 - DEBUG -   Found active group: Drinks can (V1 ID: 9061, Category: d)
2025-12-28 13:03:05,012 - INFO -   Pita Végétarien Trio: 3 active modifier groups
2025-12-28 13:03:05,290 - DEBUG -     Linked: Pita Végétarien Trio -> Wraps Sauces
2025-12-28 13:03:05,456 - DEBUG -     Details: Sauces (min:0, max:5, free:0, order:4)
2025-12-28 13:03:05,734 - DEBUG -     Linked: Pita Végétarien Trio -> Side dishes for TRIO
2025-12-28 13:03:05,895 - DEBUG -     Details: Plat d’accompagnement (min:1, max:1, free:0, order:5)
2025-12-28 13:03:06,169 - DEBUG -     Linked: Pita Végétarien Trio -> Drinks can
2025-12-28 13:03:06,331 - DEBUG -     Details: Boissons (min:1, max:1, free:0, order:6)
2025-12-28 13:03:06,331 - INFO -     -> 3 links, 3 details
2025-12-28 13:03:06,332 - INFO -   [99/130] PIZZA PEPPERONI (V3: 154253, source_id: 96836)
2025-12-28 13:03:08,237 - DEBUG -   No active modifier groups for dish PIZZA PEPPERONI
2025-12-28 13:03:08,237 - INFO -     -> 0 links, 0 details
2025-12-28 13:03:08,237 - INFO -   Progress: 100/130 dishes
2025-12-28 13:03:08,237 - INFO -   [100/130] PIZZA PEPPERONI (V3: 152781, source_id: 96852)
2025-12-28 13:03:10,127 - DEBUG -   Found active group: Pizza Toppings (V1 ID: 9078, Category: ci)
2025-12-28 13:03:10,136 - DEBUG -   Found active group: Dips (V1 ID: 9081, Category: sa)
2025-12-28 13:03:10,149 - DEBUG -   Found active group: Crust Type (V1 ID: 9077, Category: br)
2025-12-28 13:03:10,152 - INFO -   PIZZA PEPPERONI: 3 active modifier groups
2025-12-28 13:03:10,432 - DEBUG -     Linked: PIZZA PEPPERONI -> Pizza Toppings
2025-12-28 13:03:10,592 - DEBUG -     Details: Ajouter plus de garnitures (min:0, max:0, free:0, order:2)
2025-12-28 13:03:10,882 - DEBUG -     Linked: PIZZA PEPPERONI -> Dips
2025-12-28 13:03:11,054 - DEBUG -     Details: Trempettes (min:0, max:0, free:0, order:4)
2025-12-28 13:03:11,338 - DEBUG -     Linked: PIZZA PEPPERONI -> Crust Type
2025-12-28 13:03:11,487 - DEBUG -     Details: Choix de pain (min:0, max:0, free:0, order:1)
2025-12-28 13:03:11,487 - INFO -     -> 3 links, 3 details
2025-12-28 13:03:11,487 - INFO -   [101/130] Poutine (V3: 152846, source_id: 96797)
2025-12-28 13:03:13,803 - DEBUG -   Found active group: Extra Cheese for POUTINES (V1 ID: 9084, Category: e)
2025-12-28 13:03:13,808 - INFO -   Poutine: 1 active modifier groups
2025-12-28 13:03:14,086 - DEBUG -     Linked: Poutine -> Extra Cheese for POUTINES
2025-12-28 13:03:14,254 - DEBUG -     Details: Extras (min:0, max:0, free:0, order:7)
2025-12-28 13:03:14,254 - INFO -     -> 1 links, 1 details
2025-12-28 13:03:14,255 - INFO -   [102/130] Poutine Club (V3: 152849, source_id: 96800)
2025-12-28 13:03:16,126 - DEBUG -   Found active group: Extra Cheese for POUTINES (V1 ID: 9084, Category: e)
2025-12-28 13:03:16,130 - INFO -   Poutine Club: 1 active modifier groups
2025-12-28 13:03:16,409 - DEBUG -     Linked: Poutine Club -> Extra Cheese for POUTINES
2025-12-28 13:03:16,565 - DEBUG -     Details: Extras (min:0, max:0, free:0, order:7)
2025-12-28 13:03:16,565 - INFO -     -> 1 links, 1 details
2025-12-28 13:03:16,566 - INFO -   [103/130] Poutine Shawarma au Boeuf (V3: 152848, source_id: 96799)
2025-12-28 13:03:18,446 - DEBUG -   Found active group: Extra Cheese for POUTINES (V1 ID: 9084, Category: e)
2025-12-28 13:03:18,451 - INFO -   Poutine Shawarma au Boeuf: 1 active modifier groups
2025-12-28 13:03:18,733 - DEBUG -     Linked: Poutine Shawarma au Boeuf -> Extra Cheese for POUTINES
2025-12-28 13:03:18,898 - DEBUG -     Details: Extras (min:0, max:0, free:0, order:7)
2025-12-28 13:03:18,899 - INFO -     -> 1 links, 1 details
2025-12-28 13:03:18,899 - INFO -   [104/130] Poutine Shawarma au Poulet (V3: 152847, source_id: 96798)
2025-12-28 13:03:20,769 - DEBUG -   Found active group: Extra Cheese for POUTINES (V1 ID: 9084, Category: e)
2025-12-28 13:03:20,773 - INFO -   Poutine Shawarma au Poulet: 1 active modifier groups
2025-12-28 13:03:21,072 - DEBUG -     Linked: Poutine Shawarma au Poulet -> Extra Cheese for POUTINES
2025-12-28 13:03:21,232 - DEBUG -     Details: Extras (min:0, max:0, free:0, order:7)
2025-12-28 13:03:21,232 - INFO -     -> 1 links, 1 details
2025-12-28 13:03:21,232 - INFO -   [105/130] QUATRE SAISON (V3: 152795, source_id: 96864)
2025-12-28 13:03:23,093 - DEBUG -   Found active group: Pizza Toppings (V1 ID: 9078, Category: ci)
2025-12-28 13:03:23,102 - DEBUG -   Found active group: Dips (V1 ID: 9081, Category: sa)
2025-12-28 13:03:23,116 - DEBUG -   Found active group: Crust Type (V1 ID: 9077, Category: br)
2025-12-28 13:03:23,119 - INFO -   QUATRE SAISON: 3 active modifier groups
2025-12-28 13:03:23,391 - DEBUG -     Linked: QUATRE SAISON -> Pizza Toppings
2025-12-28 13:03:23,555 - DEBUG -     Details: Ajouter plus de garnitures (min:0, max:0, free:0, order:2)
2025-12-28 13:03:23,832 - DEBUG -     Linked: QUATRE SAISON -> Dips
2025-12-28 13:03:24,000 - DEBUG -     Details: Trempettes (min:0, max:0, free:0, order:4)
2025-12-28 13:03:24,274 - DEBUG -     Linked: QUATRE SAISON -> Crust Type
2025-12-28 13:03:24,425 - DEBUG -     Details: Choix de pain (min:0, max:0, free:0, order:1)
2025-12-28 13:03:24,425 - INFO -     -> 3 links, 3 details
2025-12-28 13:03:24,425 - INFO -   [106/130] QUATRE SAISON (V3: 154267, source_id: 96848)
2025-12-28 13:03:26,325 - DEBUG -   No active modifier groups for dish QUATRE SAISON
2025-12-28 13:03:26,325 - INFO -     -> 0 links, 0 details
2025-12-28 13:03:26,325 - INFO -   [107/130] Riz (V3: 152827, source_id: 96652)
2025-12-28 13:03:28,181 - DEBUG -   No active modifier groups for dish Riz
2025-12-28 13:03:28,181 - INFO -     -> 0 links, 0 details
2025-12-28 13:03:28,181 - INFO -   [108/130] Rondelles d’oignon (V3: 152850, source_id: 96802)
2025-12-28 13:03:30,053 - DEBUG -   No active modifier groups for dish Rondelles d’oignon
2025-12-28 13:03:30,053 - INFO -     -> 0 links, 0 details
2025-12-28 13:03:30,053 - INFO -   [109/130] Salade César (V3: 152838, source_id: 96658)
2025-12-28 13:03:31,915 - DEBUG -   No active modifier groups for dish Salade César
2025-12-28 13:03:31,915 - INFO -     -> 0 links, 0 details
2025-12-28 13:03:31,915 - INFO -   Progress: 110/130 dishes
2025-12-28 13:03:31,916 - INFO -   [110/130] Salade César avec poulet (V3: 152839, source_id: 96659)
2025-12-28 13:03:33,781 - DEBUG -   No active modifier groups for dish Salade César avec poulet
2025-12-28 13:03:33,781 - INFO -     -> 0 links, 0 details
2025-12-28 13:03:33,781 - INFO -   [111/130] Salade Fattoush (V3: 152840, source_id: 96660)
2025-12-28 13:03:35,648 - DEBUG -   No active modifier groups for dish Salade Fattoush
2025-12-28 13:03:35,648 - INFO -     -> 0 links, 0 details
2025-12-28 13:03:35,648 - INFO -   [112/130] Salade Fattoush avec poulet (V3: 152841, source_id: 96661)
2025-12-28 13:03:37,498 - DEBUG -   No active modifier groups for dish Salade Fattoush avec poulet
2025-12-28 13:03:37,498 - INFO -     -> 0 links, 0 details
2025-12-28 13:03:37,498 - INFO -   [113/130] Salade Grecque (V3: 152836, source_id: 96656)
2025-12-28 13:03:39,350 - DEBUG -   No active modifier groups for dish Salade Grecque
2025-12-28 13:03:39,350 - INFO -     -> 0 links, 0 details
2025-12-28 13:03:39,350 - INFO -   [114/130] Salade Grecque avec poulet (V3: 152837, source_id: 96657)
2025-12-28 13:03:41,209 - DEBUG -   No active modifier groups for dish Salade Grecque avec poulet
2025-12-28 13:03:41,209 - INFO -     -> 0 links, 0 details
2025-12-28 13:03:41,209 - INFO -   [115/130] Sauce à l’ail (V3: 152831, source_id: 96655)
2025-12-28 13:03:43,056 - DEBUG -   No active modifier groups for dish Sauce à l’ail
2025-12-28 13:03:43,056 - INFO -     -> 0 links, 0 details
2025-12-28 13:03:43,056 - INFO -   [116/130] Sauce Tzatziki (V3: 152829, source_id: 96649)
2025-12-28 13:03:44,929 - DEBUG -   Found active group: Extra Pita 0.75 (V1 ID: 9062, Category: e)
2025-12-28 13:03:44,933 - INFO -   Sauce Tzatziki: 1 active modifier groups
2025-12-28 13:03:45,213 - DEBUG -     Linked: Sauce Tzatziki -> Extra Pita 0.75
2025-12-28 13:03:45,382 - DEBUG -     Details: Extras (min:0, max:0, free:0, order:7)
2025-12-28 13:03:45,382 - INFO -     -> 1 links, 1 details
2025-12-28 13:03:45,382 - INFO -   [117/130] Shawarma au boeuf (V3: 152816, source_id: 96639)
2025-12-28 13:03:47,255 - DEBUG -   Found active group: Wraps Sauces (V1 ID: 9059, Category: sa)
2025-12-28 13:03:47,264 - INFO -   Shawarma au boeuf: 1 active modifier groups
2025-12-28 13:03:47,542 - DEBUG -     Linked: Shawarma au boeuf -> Wraps Sauces
2025-12-28 13:03:47,709 - DEBUG -     Details: Sauces (min:0, max:5, free:0, order:4)
2025-12-28 13:03:47,710 - INFO -     -> 1 links, 1 details
2025-12-28 13:03:47,710 - INFO -   [118/130] Shawarma au boeuf Trio (V3: 152817, source_id: 96640)
2025-12-28 13:03:49,581 - DEBUG -   Found active group: Wraps Sauces (V1 ID: 9059, Category: sa)
2025-12-28 13:03:49,590 - DEBUG -   Found active group: Side dishes for TRIO (V1 ID: 9060, Category: sd)
2025-12-28 13:03:49,599 - DEBUG -   Found active group: Drinks can (V1 ID: 9061, Category: d)
2025-12-28 13:03:49,605 - INFO -   Shawarma au boeuf Trio: 3 active modifier groups
2025-12-28 13:03:49,868 - DEBUG -     Linked: Shawarma au boeuf Trio -> Wraps Sauces
2025-12-28 13:03:50,035 - DEBUG -     Details: Sauces (min:0, max:5, free:0, order:4)
2025-12-28 13:03:50,304 - DEBUG -     Linked: Shawarma au boeuf Trio -> Side dishes for TRIO
2025-12-28 13:03:50,474 - DEBUG -     Details: Plat d’accompagnement (min:1, max:1, free:0, order:5)
2025-12-28 13:03:50,760 - DEBUG -     Linked: Shawarma au boeuf Trio -> Drinks can
2025-12-28 13:03:50,930 - DEBUG -     Details: Boissons (min:1, max:1, free:0, order:6)
2025-12-28 13:03:50,930 - INFO -     -> 3 links, 3 details
2025-12-28 13:03:50,930 - INFO -   [119/130] Shawarma au poulet (V3: 152818, source_id: 96641)
2025-12-28 13:03:52,793 - DEBUG -   Found active group: Wraps Sauces (V1 ID: 9059, Category: sa)
2025-12-28 13:03:52,801 - INFO -   Shawarma au poulet: 1 active modifier groups
2025-12-28 13:03:53,088 - DEBUG -     Linked: Shawarma au poulet -> Wraps Sauces
2025-12-28 13:03:53,256 - DEBUG -     Details: Sauces (min:0, max:5, free:0, order:4)
2025-12-28 13:03:53,257 - INFO -     -> 1 links, 1 details
2025-12-28 13:03:53,257 - INFO -   Progress: 120/130 dishes
2025-12-28 13:03:53,257 - INFO -   [120/130] Shawarma au poulet Trio (V3: 152819, source_id: 96642)
2025-12-28 13:03:55,121 - DEBUG -   Found active group: Wraps Sauces (V1 ID: 9059, Category: sa)
2025-12-28 13:03:55,131 - DEBUG -   Found active group: Side dishes for TRIO (V1 ID: 9060, Category: sd)
2025-12-28 13:03:55,142 - DEBUG -   Found active group: Drinks can (V1 ID: 9061, Category: d)
2025-12-28 13:03:55,148 - INFO -   Shawarma au poulet Trio: 3 active modifier groups
2025-12-28 13:03:55,443 - DEBUG -     Linked: Shawarma au poulet Trio -> Wraps Sauces
2025-12-28 13:03:55,604 - DEBUG -     Details: Sauces (min:0, max:5, free:0, order:4)
2025-12-28 13:03:55,885 - DEBUG -     Linked: Shawarma au poulet Trio -> Side dishes for TRIO
2025-12-28 13:03:56,047 - DEBUG -     Details: Plat d’accompagnement (min:1, max:1, free:0, order:5)
2025-12-28 13:03:56,321 - DEBUG -     Linked: Shawarma au poulet Trio -> Drinks can
2025-12-28 13:03:56,487 - DEBUG -     Details: Boissons (min:1, max:1, free:0, order:6)
2025-12-28 13:03:56,487 - INFO -     -> 3 links, 3 details
2025-12-28 13:03:56,488 - INFO -   [121/130] Sous Marin Vous (V3: 154245, source_id: 96876)
2025-12-28 13:03:58,388 - DEBUG -   Found active group: Drinks can (V1 ID: 9061, Category: d)
2025-12-28 13:03:58,395 - INFO -   Sous Marin Vous: 1 active modifier groups
2025-12-28 13:03:58,668 - DEBUG -     Linked: Sous Marin Vous -> Drinks can
2025-12-28 13:03:58,830 - DEBUG -     Details: 1 Canette (min:1, max:1, free:0, order:6)
2025-12-28 13:03:58,830 - INFO -     -> 1 links, 1 details
2025-12-28 13:03:58,831 - INFO -   [122/130] Souvlaki sur Pita avec Agneau (V3: 152812, source_id: 96635)
2025-12-28 13:04:00,697 - DEBUG -   Found active group: Wraps Sauces (V1 ID: 9059, Category: sa)
2025-12-28 13:04:00,707 - INFO -   Souvlaki sur Pita avec Agneau: 1 active modifier groups
2025-12-28 13:04:00,998 - DEBUG -     Linked: Souvlaki sur Pita avec Agneau -> Wraps Sauces
2025-12-28 13:04:01,152 - DEBUG -     Details: Sauces (min:0, max:5, free:0, order:4)
2025-12-28 13:04:01,153 - INFO -     -> 1 links, 1 details
2025-12-28 13:04:01,153 - INFO -   [123/130] Souvlaki sur Pita avec Filet Mignon (V3: 152813, source_id: 96636)
2025-12-28 13:04:03,015 - DEBUG -   Found active group: Wraps Sauces (V1 ID: 9059, Category: sa)
2025-12-28 13:04:03,024 - INFO -   Souvlaki sur Pita avec Filet Mignon: 1 active modifier groups
2025-12-28 13:04:03,292 - DEBUG -     Linked: Souvlaki sur Pita avec Filet Mignon -> Wraps Sauces
2025-12-28 13:04:03,467 - DEBUG -     Details: Sauces (min:0, max:5, free:0, order:4)
2025-12-28 13:04:03,467 - INFO -     -> 1 links, 1 details
2025-12-28 13:04:03,468 - INFO -   [124/130] Souvlaki sur Pita avec Poulet (V3: 152811, source_id: 96634)
2025-12-28 13:04:05,335 - DEBUG -   Found active group: Wraps Sauces (V1 ID: 9059, Category: sa)
2025-12-28 13:04:05,344 - INFO -   Souvlaki sur Pita avec Poulet: 1 active modifier groups
2025-12-28 13:04:05,625 - DEBUG -     Linked: Souvlaki sur Pita avec Poulet -> Wraps Sauces
2025-12-28 13:04:05,799 - DEBUG -     Details: Sauces (min:0, max:5, free:0, order:4)
2025-12-28 13:04:05,799 - INFO -     -> 1 links, 1 details
2025-12-28 13:04:05,800 - INFO -   [125/130] Spaghetti (V3: 152868, source_id: 96819)
2025-12-28 13:04:07,676 - DEBUG -   No active modifier groups for dish Spaghetti
2025-12-28 13:04:07,676 - INFO -     -> 0 links, 0 details
2025-12-28 13:04:07,676 - INFO -   [126/130] Spaghetti la Québecoise (V3: 152869, source_id: 96820)
2025-12-28 13:04:09,639 - DEBUG -   No active modifier groups for dish Spaghetti la Québecoise
2025-12-28 13:04:09,639 - INFO -     -> 0 links, 0 details
2025-12-28 13:04:09,639 - INFO -   [127/130] Sprite (V3: 152876, source_id: 96827)
2025-12-28 13:04:11,511 - DEBUG -   No active modifier groups for dish Sprite
2025-12-28 13:04:11,511 - INFO -     -> 0 links, 0 details
2025-12-28 13:04:11,511 - INFO -   [128/130] Steak Style Philadelphia (V3: 152859, source_id: 96810)
2025-12-28 13:04:13,386 - DEBUG -   Found active group: Subs Extra Cheese (V1 ID: 9083, Category: e)
2025-12-28 13:04:13,391 - INFO -   Steak Style Philadelphia: 1 active modifier groups
2025-12-28 13:04:13,681 - DEBUG -     Linked: Steak Style Philadelphia -> Subs Extra Cheese
2025-12-28 13:04:13,850 - DEBUG -     Details: Extras (min:0, max:0, free:0, order:7)
2025-12-28 13:04:13,851 - INFO -     -> 1 links, 1 details
2025-12-28 13:04:13,851 - INFO -   [129/130] Viande Fumée (V3: 152866, source_id: 96817)
2025-12-28 13:04:15,723 - DEBUG -   Found active group: Viande Fumée Sub Sauces (V1 ID: 9076, Category: sa)
2025-12-28 13:04:15,735 - DEBUG -   Found active group: Subs Extra Cheese (V1 ID: 9083, Category: e)
2025-12-28 13:04:15,740 - INFO -   Viande Fumée: 2 active modifier groups
2025-12-28 13:04:16,012 - DEBUG -     Linked: Viande Fumée -> Viande Fumée Sub Sauces
2025-12-28 13:04:16,171 - DEBUG -     Details: Sauces (min:1, max:1, free:0, order:4)
2025-12-28 13:04:16,443 - DEBUG -     Linked: Viande Fumée -> Subs Extra Cheese
2025-12-28 13:04:16,600 - DEBUG -     Details: Extras (min:0, max:0, free:0, order:7)
2025-12-28 13:04:16,600 - INFO -     -> 2 links, 2 details
2025-12-28 13:04:16,601 - INFO -   Progress: 130/130 dishes
2025-12-28 13:04:16,602 - INFO -   [130/130] Zucchini (V3: 152851, source_id: 96803)
2025-12-28 13:04:18,485 - DEBUG -   No active modifier groups for dish Zucchini
2025-12-28 13:04:18,485 - INFO -     -> 0 links, 0 details
2025-12-28 13:04:18,485 - INFO -   Result: 130 processed, 0 skipped, 105 links, 105 details
2025-12-28 13:04:18,485 - INFO - ----------------------------------------
2025-12-28 13:04:18,485 - INFO - [6/20] Processing: Papa Burger (V3: 797, V1: 1041)
2025-12-28 13:04:18,646 - INFO -   [1/69] 12 Mini Beignets (V3: 152936, source_id: 116540)
2025-12-28 13:04:20,507 - DEBUG -   No active modifier groups for dish 12 Mini Beignets
2025-12-28 13:04:20,508 - INFO -     -> 0 links, 0 details
2025-12-28 13:04:20,508 - INFO -   [2/69] 24 Mini Beignets (V3: 152937, source_id: 116541)
2025-12-28 13:04:22,346 - DEBUG -   No active modifier groups for dish 24 Mini Beignets
2025-12-28 13:04:22,347 - INFO -     -> 0 links, 0 details
2025-12-28 13:04:22,347 - INFO -   [3/69] 36 Mini Beignets (V3: 152938, source_id: 116542)
2025-12-28 13:04:24,212 - DEBUG -   No active modifier groups for dish 36 Mini Beignets
2025-12-28 13:04:24,212 - INFO -     -> 0 links, 0 details
2025-12-28 13:04:24,212 - INFO -   [4/69] 7 Up (V3: 152941, source_id: 116545)
2025-12-28 13:04:26,083 - DEBUG -   No active modifier groups for dish 7 Up
2025-12-28 13:04:26,083 - INFO -     -> 0 links, 0 details
2025-12-28 13:04:26,083 - INFO -   [5/69] Ailes de Poulet (V3: 152899, source_id: 123563)
2025-12-28 13:04:27,924 - DEBUG -   Found active group: Wings Sauces (V1 ID: 11341, Category: sa)
2025-12-28 13:04:27,934 - INFO -   Ailes de Poulet: 1 active modifier groups
2025-12-28 13:04:28,240 - DEBUG -     Linked: Ailes de Poulet -> Wings Sauces
2025-12-28 13:04:28,462 - DEBUG -     Details: Sauces (min:1, max:1, free:0, order:4)
2025-12-28 13:04:28,462 - INFO -     -> 1 links, 1 details
2025-12-28 13:04:28,462 - INFO -   [6/69] Baklava (1 gros morceau) (V3: 152935, source_id: 116539)
2025-12-28 13:04:30,314 - DEBUG -   No active modifier groups for dish Baklava (1 gros morceau)
2025-12-28 13:04:30,314 - INFO -     -> 0 links, 0 details
2025-12-28 13:04:30,314 - INFO -   [7/69] Bâtonnetes de fromage (V3: 152890, source_id: 116499)
2025-12-28 13:04:32,203 - DEBUG -   No active modifier groups for dish Bâtonnetes de fromage
2025-12-28 13:04:32,203 - INFO -     -> 0 links, 0 details
2025-12-28 13:04:32,203 - INFO -   [8/69] Bouchées de poulet avec frites (V3: 152928, source_id: 116532)
2025-12-28 13:04:34,095 - DEBUG -   No active modifier groups for dish Bouchées de poulet avec frites
2025-12-28 13:04:34,095 - INFO -     -> 0 links, 0 details
2025-12-28 13:04:34,095 - INFO -   [9/69] Brownies pour enfant (V3: 152933, source_id: 116537)
2025-12-28 13:04:36,002 - DEBUG -   No active modifier groups for dish Brownies pour enfant
2025-12-28 13:04:36,002 - INFO -     -> 0 links, 0 details
2025-12-28 13:04:36,002 - INFO -   Progress: 10/69 dishes
2025-12-28 13:04:36,002 - INFO -   [10/69] Bubbly (V3: 152948, source_id: 116552)
2025-12-28 13:04:37,857 - DEBUG -   No active modifier groups for dish Bubbly
2025-12-28 13:04:37,857 - INFO -     -> 0 links, 0 details
2025-12-28 13:04:37,858 - INFO -   [11/69] Burger Amateur de Viande (Burger Seule) (V3: 152908, source_id: 116518)
2025-12-28 13:04:39,716 - DEBUG -   Found active group: Custom ingredients for Burgers (V1 ID: 10882, Category: ci)
2025-12-28 13:04:39,727 - INFO -   Burger Amateur de Viande (Burger Seule): 1 active modifier groups
2025-12-28 13:04:40,072 - DEBUG -     Linked: Burger Amateur de Viande (Burger Seule) -> Custom ingredients for Burgers
2025-12-28 13:04:40,235 - DEBUG -     Details: Ingrédients personnalisés (min:0, max:4, free:0, order:2)
2025-12-28 13:04:40,235 - INFO -     -> 1 links, 1 details
2025-12-28 13:04:40,236 - INFO -   [12/69] Burger Amateur de Viande Combo (V3: 152909, source_id: 116519)
2025-12-28 13:04:42,092 - DEBUG -   Found active group: Custom ingredients for Burgers (V1 ID: 10882, Category: ci)
2025-12-28 13:04:42,110 - DEBUG -   Found active group: Drinks for COMBOS (V1 ID: 11009, Category: d)
2025-12-28 13:04:42,116 - INFO -   Burger Amateur de Viande Combo: 2 active modifier groups
2025-12-28 13:04:42,456 - DEBUG -     Linked: Burger Amateur de Viande Combo -> Custom ingredients for Burgers
2025-12-28 13:04:42,674 - DEBUG -     Details: Ingrédients personnalisés (min:0, max:4, free:0, order:2)
2025-12-28 13:04:43,011 - DEBUG -     Linked: Burger Amateur de Viande Combo -> Drinks for COMBOS
2025-12-28 13:04:43,173 - DEBUG -     Details: Boissons (min:1, max:1, free:0, order:6)
2025-12-28 13:04:43,174 - INFO -     -> 2 links, 2 details
2025-12-28 13:04:43,174 - INFO -   [13/69] Burger au poulet (Burger Seule) (V3: 152914, source_id: 123562)
2025-12-28 13:04:45,017 - DEBUG -   Found active group: Custom ingredients for Burgers (V1 ID: 10882, Category: ci)
2025-12-28 13:04:45,028 - INFO -   Burger au poulet (Burger Seule): 1 active modifier groups
2025-12-28 13:04:45,299 - DEBUG -     Linked: Burger au poulet (Burger Seule) -> Custom ingredients for Burgers
2025-12-28 13:04:45,459 - DEBUG -     Details: Ingrédients personnalisés (min:0, max:4, free:0, order:2)
2025-12-28 13:04:45,459 - INFO -     -> 1 links, 1 details
2025-12-28 13:04:45,459 - INFO -   [14/69] Burger au poulet avec frites (V3: 152927, source_id: 116531)
2025-12-28 13:04:47,318 - DEBUG -   No active modifier groups for dish Burger au poulet avec frites
2025-12-28 13:04:47,319 - INFO -     -> 0 links, 0 details
2025-12-28 13:04:47,319 - INFO -   [15/69] Burger au poulet Combo (V3: 152915, source_id: 116523)
2025-12-28 13:04:49,198 - DEBUG -   Found active group: Custom ingredients for Burgers (V1 ID: 10882, Category: ci)
2025-12-28 13:04:49,210 - DEBUG -   Found active group: Drinks for COMBOS (V1 ID: 11009, Category: d)
2025-12-28 13:04:49,215 - INFO -   Burger au poulet Combo: 2 active modifier groups
2025-12-28 13:04:49,490 - DEBUG -     Linked: Burger au poulet Combo -> Custom ingredients for Burgers
2025-12-28 13:04:49,660 - DEBUG -     Details: Ingrédients personnalisés (min:0, max:4, free:0, order:2)
2025-12-28 13:04:49,939 - DEBUG -     Linked: Burger au poulet Combo -> Drinks for COMBOS
2025-12-28 13:04:50,126 - DEBUG -     Details: Boissons (min:1, max:1, free:0, order:6)
2025-12-28 13:04:50,126 - INFO -     -> 2 links, 2 details
2025-12-28 13:04:50,126 - INFO -   [16/69] Burger au poulet et bacon (Burger Seule) (V3: 152912, source_id: 116522)
2025-12-28 13:04:51,979 - DEBUG -   Found active group: Custom ingredients for Burgers (V1 ID: 10882, Category: ci)
2025-12-28 13:04:51,995 - INFO -   Burger au poulet et bacon (Burger Seule): 1 active modifier groups
2025-12-28 13:04:52,289 - DEBUG -     Linked: Burger au poulet et bacon (Burger Seule) -> Custom ingredients for Burgers
2025-12-28 13:04:52,446 - DEBUG -     Details: Ingrédients personnalisés (min:0, max:4, free:0, order:2)
2025-12-28 13:04:52,446 - INFO -     -> 1 links, 1 details
2025-12-28 13:04:52,447 - INFO -   [17/69] Burger au poulet et bacon Combo (V3: 152913, source_id: 123561)
2025-12-28 13:04:54,284 - DEBUG -   Found active group: Custom ingredients for Burgers (V1 ID: 10882, Category: ci)
2025-12-28 13:04:54,306 - DEBUG -   Found active group: Drinks for COMBOS (V1 ID: 11009, Category: d)
2025-12-28 13:04:54,316 - INFO -   Burger au poulet et bacon Combo: 2 active modifier groups
2025-12-28 13:04:54,607 - DEBUG -     Linked: Burger au poulet et bacon Combo -> Custom ingredients for Burgers
2025-12-28 13:04:54,769 - DEBUG -     Details: Ingrédients personnalisés (min:0, max:4, free:0, order:2)
2025-12-28 13:04:55,039 - DEBUG -     Linked: Burger au poulet et bacon Combo -> Drinks for COMBOS
2025-12-28 13:04:55,197 - DEBUG -     Details: Boissons (min:1, max:1, free:0, order:6)
2025-12-28 13:04:55,197 - INFO -     -> 2 links, 2 details
2025-12-28 13:04:55,197 - INFO -   [18/69] Burger Brie Fondant (Burger Seule) (V3: 152916, source_id: 116514)
2025-12-28 13:04:57,070 - DEBUG -   Found active group: Custom ingredients for Burgers (V1 ID: 10882, Category: ci)
2025-12-28 13:04:57,080 - INFO -   Burger Brie Fondant (Burger Seule): 1 active modifier groups
2025-12-28 13:04:57,359 - DEBUG -     Linked: Burger Brie Fondant (Burger Seule) -> Custom ingredients for Burgers
2025-12-28 13:04:57,517 - DEBUG -     Details: Ingrédients personnalisés (min:0, max:4, free:0, order:2)
2025-12-28 13:04:57,517 - INFO -     -> 1 links, 1 details
2025-12-28 13:04:57,518 - INFO -   [19/69] Burger Brie Fondant Combo (V3: 152917, source_id: 116515)
2025-12-28 13:04:59,819 - DEBUG -   Found active group: Custom ingredients for Burgers (V1 ID: 10882, Category: ci)
2025-12-28 13:04:59,831 - DEBUG -   Found active group: Drinks for COMBOS (V1 ID: 11009, Category: d)
2025-12-28 13:04:59,837 - INFO -   Burger Brie Fondant Combo: 2 active modifier groups
2025-12-28 13:05:00,112 - DEBUG -     Linked: Burger Brie Fondant Combo -> Custom ingredients for Burgers
2025-12-28 13:05:00,291 - DEBUG -     Details: Ingrédients personnalisés (min:0, max:4, free:0, order:2)
2025-12-28 13:05:00,587 - DEBUG -     Linked: Burger Brie Fondant Combo -> Drinks for COMBOS
2025-12-28 13:05:00,761 - DEBUG -     Details: Boissons (min:1, max:1, free:0, order:6)
2025-12-28 13:05:00,761 - INFO -     -> 2 links, 2 details
2025-12-28 13:05:00,761 - INFO -   Progress: 20/69 dishes
2025-12-28 13:05:00,761 - INFO -   [20/69] Burger Originale (Burger Seule) (V3: 152900, source_id: 116508)
2025-12-28 13:05:03,066 - DEBUG -   Found active group: Custom ingredients for Burgers (V1 ID: 10882, Category: ci)
2025-12-28 13:05:03,076 - INFO -   Burger Originale (Burger Seule): 1 active modifier groups
2025-12-28 13:05:03,361 - DEBUG -     Linked: Burger Originale (Burger Seule) -> Custom ingredients for Burgers
2025-12-28 13:05:03,525 - DEBUG -     Details: Ingrédients personnalisés (min:0, max:4, free:0, order:2)
2025-12-28 13:05:03,526 - INFO -     -> 1 links, 1 details
2025-12-28 13:05:03,526 - INFO -   [21/69] Burger Originale Combo (V3: 152901, source_id: 116509)
2025-12-28 13:05:05,401 - DEBUG -   Found active group: Custom ingredients for Burgers (V1 ID: 10882, Category: ci)
2025-12-28 13:05:05,412 - DEBUG -   Found active group: Drinks for COMBOS (V1 ID: 11009, Category: d)
2025-12-28 13:05:05,418 - INFO -   Burger Originale Combo: 2 active modifier groups
2025-12-28 13:05:05,691 - DEBUG -     Linked: Burger Originale Combo -> Custom ingredients for Burgers
2025-12-28 13:05:05,854 - DEBUG -     Details: Ingrédients personnalisés (min:0, max:4, free:0, order:2)
2025-12-28 13:05:06,137 - DEBUG -     Linked: Burger Originale Combo -> Drinks for COMBOS
2025-12-28 13:05:06,308 - DEBUG -     Details: Boissons (min:1, max:1, free:0, order:6)
2025-12-28 13:05:06,308 - INFO -     -> 2 links, 2 details
2025-12-28 13:05:06,308 - INFO -   [22/69] Burger Végétarien (Burger Seule) (V3: 152920, source_id: 116525)
2025-12-28 13:05:08,213 - DEBUG -   Found active group: Custom ingredients for Burgers (V1 ID: 10882, Category: ci)
2025-12-28 13:05:08,223 - INFO -   Burger Végétarien (Burger Seule): 1 active modifier groups
2025-12-28 13:05:08,496 - DEBUG -     Linked: Burger Végétarien (Burger Seule) -> Custom ingredients for Burgers
2025-12-28 13:05:08,658 - DEBUG -     Details: Ingrédients personnalisés (min:0, max:4, free:0, order:2)
2025-12-28 13:05:08,659 - INFO -     -> 1 links, 1 details
2025-12-28 13:05:08,659 - INFO -   [23/69] Burger Végétarien Combo (V3: 152921, source_id: 116526)
2025-12-28 13:05:10,747 - DEBUG -   Found active group: Custom ingredients for Burgers (V1 ID: 10882, Category: ci)
2025-12-28 13:05:10,760 - DEBUG -   Found active group: Drinks for COMBOS (V1 ID: 11009, Category: d)
2025-12-28 13:05:10,766 - INFO -   Burger Végétarien Combo: 2 active modifier groups
2025-12-28 13:05:11,045 - DEBUG -     Linked: Burger Végétarien Combo -> Custom ingredients for Burgers
2025-12-28 13:05:11,202 - DEBUG -     Details: Ingrédients personnalisés (min:0, max:4, free:0, order:2)
2025-12-28 13:05:11,472 - DEBUG -     Linked: Burger Végétarien Combo -> Drinks for COMBOS
2025-12-28 13:05:11,637 - DEBUG -     Details: Boissons (min:1, max:1, free:0, order:6)
2025-12-28 13:05:11,638 - INFO -     -> 2 links, 2 details
2025-12-28 13:05:11,638 - INFO -   [24/69] Cheeseburger (Burger Seule) (V3: 152902, source_id: 116510)
2025-12-28 13:05:13,492 - DEBUG -   Found active group: Custom ingredients for Burgers (V1 ID: 10882, Category: ci)
2025-12-28 13:05:13,502 - INFO -   Cheeseburger (Burger Seule): 1 active modifier groups
2025-12-28 13:05:13,788 - DEBUG -     Linked: Cheeseburger (Burger Seule) -> Custom ingredients for Burgers
2025-12-28 13:05:13,948 - DEBUG -     Details: Ingrédients personnalisés (min:0, max:4, free:0, order:2)
2025-12-28 13:05:13,948 - INFO -     -> 1 links, 1 details
2025-12-28 13:05:13,948 - INFO -   [25/69] Cheeseburger Combo (V3: 152903, source_id: 116511)
2025-12-28 13:05:15,816 - DEBUG -   Found active group: Custom ingredients for Burgers (V1 ID: 10882, Category: ci)
2025-12-28 13:05:15,829 - DEBUG -   Found active group: Drinks for COMBOS (V1 ID: 11009, Category: d)
2025-12-28 13:05:15,834 - INFO -   Cheeseburger Combo: 2 active modifier groups
2025-12-28 13:05:16,106 - DEBUG -     Linked: Cheeseburger Combo -> Custom ingredients for Burgers
2025-12-28 13:05:16,268 - DEBUG -     Details: Ingrédients personnalisés (min:0, max:4, free:0, order:2)
2025-12-28 13:05:16,539 - DEBUG -     Linked: Cheeseburger Combo -> Drinks for COMBOS
2025-12-28 13:05:16,701 - DEBUG -     Details: Boissons (min:1, max:1, free:0, order:6)
2025-12-28 13:05:16,701 - INFO -     -> 2 links, 2 details
2025-12-28 13:05:16,702 - INFO -   [26/69] Club Burger (Burger Seule) (V3: 152918, source_id: 116524)
2025-12-28 13:05:18,556 - DEBUG -   Found active group: Custom ingredients for Burgers (V1 ID: 10882, Category: ci)
2025-12-28 13:05:18,566 - INFO -   Club Burger (Burger Seule): 1 active modifier groups
2025-12-28 13:05:18,883 - DEBUG -     Linked: Club Burger (Burger Seule) -> Custom ingredients for Burgers
2025-12-28 13:05:19,050 - DEBUG -     Details: Ingrédients personnalisés (min:0, max:4, free:0, order:2)
2025-12-28 13:05:19,050 - INFO -     -> 1 links, 1 details
2025-12-28 13:05:19,050 - INFO -   [27/69] Club Burger Combo (V3: 152919, source_id: 116557)
2025-12-28 13:05:20,899 - DEBUG -   Found active group: Custom ingredients for Burgers (V1 ID: 10882, Category: ci)
2025-12-28 13:05:20,912 - DEBUG -   Found active group: Drinks for COMBOS (V1 ID: 11009, Category: d)
2025-12-28 13:05:20,917 - INFO -   Club Burger Combo: 2 active modifier groups
2025-12-28 13:05:21,184 - DEBUG -     Linked: Club Burger Combo -> Custom ingredients for Burgers
2025-12-28 13:05:21,346 - DEBUG -     Details: Ingrédients personnalisés (min:0, max:4, free:0, order:2)
2025-12-28 13:05:21,623 - DEBUG -     Linked: Club Burger Combo -> Drinks for COMBOS
2025-12-28 13:05:21,780 - DEBUG -     Details: Boissons (min:1, max:1, free:0, order:6)
2025-12-28 13:05:21,780 - INFO -     -> 2 links, 2 details
2025-12-28 13:05:21,781 - INFO -   [28/69] Club Sandwich Poutine (V3: 152925, source_id: 116530)
2025-12-28 13:05:23,660 - DEBUG -   No active modifier groups for dish Club Sandwich Poutine
2025-12-28 13:05:23,660 - INFO -     -> 0 links, 0 details
2025-12-28 13:05:23,660 - INFO -   [29/69] Combo Pour 1 (V3: 152884, source_id: 123564)
2025-12-28 13:05:25,556 - DEBUG -   Found active group: Wings Sauces (V1 ID: 11341, Category: sa)
2025-12-28 13:05:25,567 - DEBUG -   Found active group: Drinks for COMBOS (V1 ID: 11009, Category: d)
2025-12-28 13:05:25,573 - INFO -   Combo Pour 1: 2 active modifier groups
2025-12-28 13:05:25,853 - DEBUG -     Linked: Combo Pour 1 -> Wings Sauces
2025-12-28 13:05:26,019 - DEBUG -     Details: Sauces pour Ailes (min:1, max:1, free:0, order:4)
2025-12-28 13:05:26,291 - DEBUG -     Linked: Combo Pour 1 -> Drinks for COMBOS
2025-12-28 13:05:26,451 - DEBUG -     Details: Boissons (min:1, max:1, free:0, order:6)
2025-12-28 13:05:26,451 - INFO -     -> 2 links, 2 details
2025-12-28 13:05:26,452 - INFO -   Progress: 30/69 dishes
2025-12-28 13:05:26,452 - INFO -   [30/69] Combo Pour 2 (V3: 152885, source_id: 123565)
2025-12-28 13:05:28,312 - DEBUG -   Found active group: Wings Sauces (V1 ID: 11341, Category: sa)
2025-12-28 13:05:28,323 - DEBUG -   Found active group: Drinks for COMBOS (V1 ID: 11009, Category: d)
2025-12-28 13:05:28,330 - INFO -   Combo Pour 2: 2 active modifier groups
2025-12-28 13:05:28,606 - DEBUG -     Linked: Combo Pour 2 -> Wings Sauces
2025-12-28 13:05:28,774 - DEBUG -     Details: Sauces pour Ailes (min:1, max:1, free:0, order:4)
2025-12-28 13:05:29,053 - DEBUG -     Linked: Combo Pour 2 -> Drinks for COMBOS
2025-12-28 13:05:29,215 - DEBUG -     Details: Boissons (min:2, max:2, free:0, order:6)
2025-12-28 13:05:29,215 - INFO -     -> 2 links, 2 details
2025-12-28 13:05:29,215 - INFO -   [31/69] Cornichons Panés Frits (V3: 152894, source_id: 116503)
2025-12-28 13:05:31,062 - DEBUG -   No active modifier groups for dish Cornichons Panés Frits
2025-12-28 13:05:31,062 - INFO -     -> 0 links, 0 details
2025-12-28 13:05:31,062 - INFO -   [32/69] Cream Soda (V3: 152946, source_id: 116550)
2025-12-28 13:05:32,905 - DEBUG -   No active modifier groups for dish Cream Soda
2025-12-28 13:05:32,905 - INFO -     -> 0 links, 0 details
2025-12-28 13:05:32,905 - INFO -   [33/69] Diet Pepsi (V3: 152940, source_id: 116544)
2025-12-28 13:05:34,751 - DEBUG -   No active modifier groups for dish Diet Pepsi
2025-12-28 13:05:34,751 - INFO -     -> 0 links, 0 details
2025-12-28 13:05:34,751 - INFO -   [34/69] Doigts de pouet (2) avec frites (V3: 152929, source_id: 116533)
2025-12-28 13:05:36,612 - DEBUG -   No active modifier groups for dish Doigts de pouet (2) avec frites
2025-12-28 13:05:36,612 - INFO -     -> 0 links, 0 details
2025-12-28 13:05:36,612 - INFO -   [35/69] Doigts de poulet (4) (V3: 152891, source_id: 116500)
2025-12-28 13:05:38,477 - DEBUG -   No active modifier groups for dish Doigts de poulet (4)
2025-12-28 13:05:38,477 - INFO -     -> 0 links, 0 details
2025-12-28 13:05:38,477 - INFO -   [36/69] Eau Aquafina (V3: 152952, source_id: 116556)
2025-12-28 13:05:40,329 - DEBUG -   No active modifier groups for dish Eau Aquafina
2025-12-28 13:05:40,330 - INFO -     -> 0 links, 0 details
2025-12-28 13:05:40,330 - INFO -   [37/69] Frites (V3: 152886, source_id: 116495)
2025-12-28 13:05:42,188 - DEBUG -   No active modifier groups for dish Frites
2025-12-28 13:05:42,188 - INFO -     -> 0 links, 0 details
2025-12-28 13:05:42,189 - INFO -   [38/69] Frites épicée (V3: 152887, source_id: 116496)
2025-12-28 13:05:44,041 - DEBUG -   No active modifier groups for dish Frites épicée
2025-12-28 13:05:44,041 - INFO -     -> 0 links, 0 details
2025-12-28 13:05:44,041 - INFO -   [39/69] Frites Patates Douces (V3: 152893, source_id: 116502)
2025-12-28 13:05:45,895 - DEBUG -   No active modifier groups for dish Frites Patates Douces
2025-12-28 13:05:45,895 - INFO -     -> 0 links, 0 details
2025-12-28 13:05:45,895 - INFO -   Progress: 40/69 dishes
2025-12-28 13:05:45,895 - INFO -   [40/69] Gâteau carrots (V3: 152934, source_id: 116538)
2025-12-28 13:05:47,767 - DEBUG -   No active modifier groups for dish Gâteau carrots
2025-12-28 13:05:47,767 - INFO -     -> 0 links, 0 details
2025-12-28 13:05:47,767 - INFO -   [41/69] Gâteau fromage (V3: 152932, source_id: 116536)
2025-12-28 13:05:49,624 - DEBUG -   No active modifier groups for dish Gâteau fromage
2025-12-28 13:05:49,624 - INFO -     -> 0 links, 0 details
2025-12-28 13:05:49,624 - INFO -   [42/69] Ginger Ale (V3: 152942, source_id: 116546)
2025-12-28 13:05:51,469 - DEBUG -   No active modifier groups for dish Ginger Ale
2025-12-28 13:05:51,469 - INFO -     -> 0 links, 0 details
2025-12-28 13:05:51,469 - INFO -   [43/69] Grape Crush (V3: 152944, source_id: 116548)
2025-12-28 13:05:53,312 - DEBUG -   No active modifier groups for dish Grape Crush
2025-12-28 13:05:53,312 - INFO -     -> 0 links, 0 details
2025-12-28 13:05:53,312 - INFO -   [44/69] Hamburger Double (Burger Seule) (V3: 152910, source_id: 116520)
2025-12-28 13:05:55,156 - DEBUG -   Found active group: Custom ingredients for Burgers (V1 ID: 10882, Category: ci)
2025-12-28 13:05:55,168 - INFO -   Hamburger Double (Burger Seule): 1 active modifier groups
2025-12-28 13:05:55,548 - DEBUG -     Linked: Hamburger Double (Burger Seule) -> Custom ingredients for Burgers
2025-12-28 13:05:55,731 - DEBUG -     Details: Ingrédients personnalisés (min:0, max:4, free:0, order:2)
2025-12-28 13:05:55,731 - INFO -     -> 1 links, 1 details
2025-12-28 13:05:55,731 - INFO -   [45/69] Hamburger Double Combo (V3: 152911, source_id: 116521)
2025-12-28 13:05:57,595 - DEBUG -   Found active group: Custom ingredients for Burgers (V1 ID: 10882, Category: ci)
2025-12-28 13:05:57,607 - DEBUG -   Found active group: Drinks for COMBOS (V1 ID: 11009, Category: d)
2025-12-28 13:05:57,613 - INFO -   Hamburger Double Combo: 2 active modifier groups
2025-12-28 13:05:57,887 - DEBUG -     Linked: Hamburger Double Combo -> Custom ingredients for Burgers
2025-12-28 13:05:58,054 - DEBUG -     Details: Ingrédients personnalisés (min:0, max:4, free:0, order:2)
2025-12-28 13:05:58,338 - DEBUG -     Linked: Hamburger Double Combo -> Drinks for COMBOS
2025-12-28 13:05:58,504 - DEBUG -     Details: Boissons (min:1, max:1, free:0, order:6)
2025-12-28 13:05:58,505 - INFO -     -> 2 links, 2 details
2025-12-28 13:05:58,506 - INFO -   [46/69] Hamburger Steak (V3: 152922, source_id: 116527)
2025-12-28 13:06:00,371 - DEBUG -   No active modifier groups for dish Hamburger Steak
2025-12-28 13:06:00,371 - INFO -     -> 0 links, 0 details
2025-12-28 13:06:00,372 - INFO -   [47/69] Hot Burger (Burger Seule) (V3: 152906, source_id: 116516)
2025-12-28 13:06:02,249 - DEBUG -   Found active group: Custom ingredients for Burgers (V1 ID: 10882, Category: ci)
2025-12-28 13:06:02,259 - INFO -   Hot Burger (Burger Seule): 1 active modifier groups
2025-12-28 13:06:02,529 - DEBUG -     Linked: Hot Burger (Burger Seule) -> Custom ingredients for Burgers
2025-12-28 13:06:02,694 - DEBUG -     Details: Ingrédients personnalisés (min:0, max:4, free:0, order:2)
2025-12-28 13:06:02,694 - INFO -     -> 1 links, 1 details
2025-12-28 13:06:02,694 - INFO -   [48/69] Hot Burger Combo (V3: 152907, source_id: 116517)
2025-12-28 13:06:04,548 - DEBUG -   Found active group: Custom ingredients for Burgers (V1 ID: 10882, Category: ci)
2025-12-28 13:06:04,560 - DEBUG -   Found active group: Drinks for COMBOS (V1 ID: 11009, Category: d)
2025-12-28 13:06:04,566 - INFO -   Hot Burger Combo: 2 active modifier groups
2025-12-28 13:06:04,854 - DEBUG -     Linked: Hot Burger Combo -> Custom ingredients for Burgers
2025-12-28 13:06:05,033 - DEBUG -     Details: Ingrédients personnalisés (min:0, max:4, free:0, order:2)
2025-12-28 13:06:05,341 - DEBUG -     Linked: Hot Burger Combo -> Drinks for COMBOS
2025-12-28 13:06:05,506 - DEBUG -     Details: Boissons (min:1, max:1, free:0, order:6)
2025-12-28 13:06:05,506 - INFO -     -> 2 links, 2 details
2025-12-28 13:06:05,507 - INFO -   [49/69] Iced Tea (V3: 152945, source_id: 116549)
2025-12-28 13:06:07,376 - DEBUG -   No active modifier groups for dish Iced Tea
2025-12-28 13:06:07,376 - INFO -     -> 0 links, 0 details
2025-12-28 13:06:07,376 - INFO -   Progress: 50/69 dishes
2025-12-28 13:06:07,376 - INFO -   [50/69] Juice (V3: 152949, source_id: 116553)
2025-12-28 13:06:09,217 - DEBUG -   No active modifier groups for dish Juice
2025-12-28 13:06:09,217 - INFO -     -> 0 links, 0 details
2025-12-28 13:06:09,217 - INFO -   [51/69] Mountain Dew (V3: 152947, source_id: 116551)
2025-12-28 13:06:11,222 - DEBUG -   No active modifier groups for dish Mountain Dew
2025-12-28 13:06:11,222 - INFO -     -> 0 links, 0 details
2025-12-28 13:06:11,222 - INFO -   [52/69] Orange Crush (V3: 152943, source_id: 116547)
2025-12-28 13:06:13,062 - DEBUG -   No active modifier groups for dish Orange Crush
2025-12-28 13:06:13,062 - INFO -     -> 0 links, 0 details
2025-12-28 13:06:13,062 - INFO -   [53/69] Pain à l'ail (12") (V3: 152889, source_id: 116498)
2025-12-28 13:06:14,927 - DEBUG -   No active modifier groups for dish Pain à l'ail (12")
2025-12-28 13:06:14,927 - INFO -     -> 0 links, 0 details
2025-12-28 13:06:14,927 - INFO -   [54/69] Papa Burger (Burger Seule) (V3: 152904, source_id: 116512)
2025-12-28 13:06:16,780 - DEBUG -   Found active group: Custom ingredients for Burgers (V1 ID: 10882, Category: ci)
2025-12-28 13:06:16,791 - INFO -   Papa Burger (Burger Seule): 1 active modifier groups
2025-12-28 13:06:17,067 - DEBUG -     Linked: Papa Burger (Burger Seule) -> Custom ingredients for Burgers
2025-12-28 13:06:17,234 - DEBUG -     Details: Ingrédients personnalisés (min:0, max:4, free:0, order:2)
2025-12-28 13:06:17,235 - INFO -     -> 1 links, 1 details
2025-12-28 13:06:17,235 - INFO -   [55/69] Papa Burger Combo (V3: 152905, source_id: 116513)
2025-12-28 13:06:19,088 - DEBUG -   Found active group: Custom ingredients for Burgers (V1 ID: 10882, Category: ci)
2025-12-28 13:06:19,100 - DEBUG -   Found active group: Drinks for COMBOS (V1 ID: 11009, Category: d)
2025-12-28 13:06:19,106 - INFO -   Papa Burger Combo: 2 active modifier groups
2025-12-28 13:06:19,375 - DEBUG -     Linked: Papa Burger Combo -> Custom ingredients for Burgers
2025-12-28 13:06:19,533 - DEBUG -     Details: Ingrédients personnalisés (min:0, max:4, free:0, order:2)
2025-12-28 13:06:19,847 - DEBUG -     Linked: Papa Burger Combo -> Drinks for COMBOS
2025-12-28 13:06:20,007 - DEBUG -     Details: Boissons (min:1, max:1, free:0, order:6)
2025-12-28 13:06:20,007 - INFO -     -> 2 links, 2 details
2025-12-28 13:06:20,008 - INFO -   [56/69] Papa Club Sandwich (V3: 152924, source_id: 116529)
2025-12-28 13:06:21,888 - DEBUG -   No active modifier groups for dish Papa Club Sandwich
2025-12-28 13:06:21,888 - INFO -     -> 0 links, 0 details
2025-12-28 13:06:21,888 - INFO -   [57/69] Papa Nachos (V3: 152923, source_id: 116528)
2025-12-28 13:06:23,752 - DEBUG -   Found active group: Nachos Custom Ing (V1 ID: 10883, Category: ci)
2025-12-28 13:06:23,763 - INFO -   Papa Nachos: 1 active modifier groups
2025-12-28 13:06:24,066 - DEBUG -     Linked: Papa Nachos -> Nachos Custom Ing
2025-12-28 13:06:24,231 - DEBUG -     Details: Ingrédients personnalisés (min:0, max:1, free:0, order:2)
2025-12-28 13:06:24,231 - INFO -     -> 1 links, 1 details
2025-12-28 13:06:24,232 - INFO -   [58/69] Papa Poutine (V3: 152896, source_id: 116505)
2025-12-28 13:06:26,113 - DEBUG -   Found active group: Sauces for Poutines (V1 ID: 10881, Category: sa)
2025-12-28 13:06:26,122 - INFO -   Papa Poutine: 1 active modifier groups
2025-12-28 13:06:26,424 - DEBUG -     Linked: Papa Poutine -> Sauces for Poutines
2025-12-28 13:06:26,604 - DEBUG -     Details: Choix de Sauce (min:1, max:1, free:0, order:4)
2025-12-28 13:06:26,604 - INFO -     -> 1 links, 1 details
2025-12-28 13:06:26,605 - INFO -   [59/69] Pepsi (V3: 152939, source_id: 116543)
2025-12-28 13:06:28,477 - DEBUG -   No active modifier groups for dish Pepsi
2025-12-28 13:06:28,477 - INFO -     -> 0 links, 0 details
2025-12-28 13:06:28,478 - INFO -   Progress: 60/69 dishes
2025-12-28 13:06:28,478 - INFO -   [60/69] Perrier (V3: 152951, source_id: 116555)
2025-12-28 13:06:30,334 - DEBUG -   No active modifier groups for dish Perrier
2025-12-28 13:06:30,334 - INFO -     -> 0 links, 0 details
2025-12-28 13:06:30,335 - INFO -   [61/69] Poutine (V3: 152895, source_id: 116504)
2025-12-28 13:06:32,185 - DEBUG -   Found active group: Sauces for Poutines (V1 ID: 10881, Category: sa)
2025-12-28 13:06:32,195 - INFO -   Poutine: 1 active modifier groups
2025-12-28 13:06:32,502 - DEBUG -     Linked: Poutine -> Sauces for Poutines
2025-12-28 13:06:32,678 - DEBUG -     Details: Choix de Sauce (min:1, max:1, free:0, order:4)
2025-12-28 13:06:32,678 - INFO -     -> 1 links, 1 details
2025-12-28 13:06:32,678 - INFO -   [62/69] Poutine au Poulet (V3: 152897, source_id: 116506)
2025-12-28 13:06:34,532 - DEBUG -   Found active group: Sauces for Poutines (V1 ID: 10881, Category: sa)
2025-12-28 13:06:34,540 - INFO -   Poutine au Poulet: 1 active modifier groups
2025-12-28 13:06:34,882 - DEBUG -     Linked: Poutine au Poulet -> Sauces for Poutines
2025-12-28 13:06:35,063 - DEBUG -     Details: Choix de Sauce (min:1, max:1, free:0, order:4)
2025-12-28 13:06:35,064 - INFO -     -> 1 links, 1 details
2025-12-28 13:06:35,064 - INFO -   [63/69] Poutine au Steak (V3: 152898, source_id: 116507)
2025-12-28 13:06:36,937 - DEBUG -   Found active group: Sauces for Poutines (V1 ID: 10881, Category: sa)
2025-12-28 13:06:36,946 - INFO -   Poutine au Steak: 1 active modifier groups
2025-12-28 13:06:37,245 - DEBUG -     Linked: Poutine au Steak -> Sauces for Poutines
2025-12-28 13:06:37,423 - DEBUG -     Details: Choix de Sauce (min:1, max:1, free:0, order:4)
2025-12-28 13:06:37,423 - INFO -     -> 1 links, 1 details
2025-12-28 13:06:37,423 - INFO -   [64/69] Rondelles d'oignon (V3: 152888, source_id: 116497)
2025-12-28 13:06:39,268 - DEBUG -   No active modifier groups for dish Rondelles d'oignon
2025-12-28 13:06:39,268 - INFO -     -> 0 links, 0 details
2025-12-28 13:06:39,268 - INFO -   [65/69] Root Beer (V3: 152950, source_id: 116554)
2025-12-28 13:06:41,113 - DEBUG -   No active modifier groups for dish Root Beer
2025-12-28 13:06:41,113 - INFO -     -> 0 links, 0 details
2025-12-28 13:06:41,113 - INFO -   [66/69] Salade de Poulet Suprême (V3: 152926, source_id: 122854)
2025-12-28 13:06:42,955 - DEBUG -   No active modifier groups for dish Salade de Poulet Suprême
2025-12-28 13:06:42,955 - INFO -     -> 0 links, 0 details
2025-12-28 13:06:42,956 - INFO -   [67/69] Tartelette 3 choco (V3: 152930, source_id: 116534)
2025-12-28 13:06:44,830 - DEBUG -   No active modifier groups for dish Tartelette 3 choco
2025-12-28 13:06:44,830 - INFO -     -> 0 links, 0 details
2025-12-28 13:06:44,830 - INFO -   [68/69] Tartelette au sirop d’érable du Québec (V3: 152931, source_id: 116535)
2025-12-28 13:06:46,688 - DEBUG -   No active modifier groups for dish Tartelette au sirop d’érable du Québec
2025-12-28 13:06:46,688 - INFO -     -> 0 links, 0 details
2025-12-28 13:06:46,689 - INFO -   [69/69] Zucchinis (V3: 152892, source_id: 116501)
2025-12-28 13:06:48,524 - DEBUG -   No active modifier groups for dish Zucchinis
2025-12-28 13:06:48,524 - INFO -     -> 0 links, 0 details
2025-12-28 13:06:48,524 - INFO -   Result: 69 processed, 0 skipped, 43 links, 43 details
2025-12-28 13:06:48,525 - INFO - ----------------------------------------
2025-12-28 13:06:48,525 - INFO - [7/20] Processing: Papa Burger Maloney (V3: 822, V1: 1066)
2025-12-28 13:06:48,688 - INFO -   [1/64] 12 Mini Beignets (V3: 153000, source_id: 121197)
2025-12-28 13:06:50,536 - DEBUG -   No active modifier groups for dish 12 Mini Beignets
2025-12-28 13:06:50,536 - INFO -     -> 0 links, 0 details
2025-12-28 13:06:50,536 - INFO -   [2/64] 24 Mini Beignets (V3: 153001, source_id: 121198)
2025-12-28 13:06:52,387 - DEBUG -   No active modifier groups for dish 24 Mini Beignets
2025-12-28 13:06:52,387 - INFO -     -> 0 links, 0 details
2025-12-28 13:06:52,387 - INFO -   [3/64] 36 Mini Beignets (V3: 153002, source_id: 121199)
2025-12-28 13:06:54,258 - DEBUG -   No active modifier groups for dish 36 Mini Beignets
2025-12-28 13:06:54,258 - INFO -     -> 0 links, 0 details
2025-12-28 13:06:54,258 - INFO -   [4/64] 7 Up (V3: 153005, source_id: 121202)
2025-12-28 13:06:56,107 - DEBUG -   No active modifier groups for dish 7 Up
2025-12-28 13:06:56,107 - INFO -     -> 0 links, 0 details
2025-12-28 13:06:56,107 - INFO -   [5/64] American Burger (Burger Seule) (V3: 152972, source_id: 121171)
2025-12-28 13:06:57,951 - DEBUG -   Found active group: Custom ingredients for Burgers (V1 ID: 11150, Category: ci)
2025-12-28 13:06:57,970 - INFO -   American Burger (Burger Seule): 1 active modifier groups
2025-12-28 13:06:58,284 - DEBUG -     Linked: American Burger (Burger Seule) -> Custom ingredients for Burgers
2025-12-28 13:06:58,467 - DEBUG -     Details: Ingrédients personnalisés (min:0, max:4, free:0, order:2)
2025-12-28 13:06:58,468 - INFO -     -> 1 links, 1 details
2025-12-28 13:06:58,468 - INFO -   [6/64] American Burger Combo (V3: 152973, source_id: 121172)
2025-12-28 13:07:00,321 - DEBUG -   Found active group: Custom ingredients for Burgers (V1 ID: 11150, Category: ci)
2025-12-28 13:07:00,334 - DEBUG -   Found active group: Drinks for COMBOS (V1 ID: 11153, Category: d)
2025-12-28 13:07:00,340 - INFO -   American Burger Combo: 2 active modifier groups
2025-12-28 13:07:00,614 - DEBUG -     Linked: American Burger Combo -> Custom ingredients for Burgers
2025-12-28 13:07:00,777 - DEBUG -     Details: Ingrédients personnalisés (min:0, max:4, free:0, order:2)
2025-12-28 13:07:01,068 - DEBUG -     Linked: American Burger Combo -> Drinks for COMBOS
2025-12-28 13:07:01,251 - DEBUG -     Details: Boissons (min:1, max:1, free:0, order:6)
2025-12-28 13:07:01,251 - INFO -     -> 2 links, 2 details
2025-12-28 13:07:01,251 - INFO -   [7/64] Baklava (V3: 152999, source_id: 121196)
2025-12-28 13:07:03,116 - DEBUG -   No active modifier groups for dish Baklava
2025-12-28 13:07:03,116 - INFO -     -> 0 links, 0 details
2025-12-28 13:07:03,116 - INFO -   [8/64] Bâtonnetes de fromage (V3: 152957, source_id: 121156)
2025-12-28 13:07:04,991 - DEBUG -   No active modifier groups for dish Bâtonnetes de fromage
2025-12-28 13:07:04,991 - INFO -     -> 0 links, 0 details
2025-12-28 13:07:04,991 - INFO -   [9/64] Bouchées de poulet avec frites (V3: 152992, source_id: 121189)
2025-12-28 13:07:06,869 - DEBUG -   No active modifier groups for dish Bouchées de poulet avec frites
2025-12-28 13:07:06,869 - INFO -     -> 0 links, 0 details
2025-12-28 13:07:06,869 - INFO -   Progress: 10/64 dishes
2025-12-28 13:07:06,869 - INFO -   [10/64] Brownies pour enfant (V3: 152997, source_id: 121194)
2025-12-28 13:07:08,735 - DEBUG -   No active modifier groups for dish Brownies pour enfant
2025-12-28 13:07:08,735 - INFO -     -> 0 links, 0 details
2025-12-28 13:07:08,735 - INFO -   [11/64] Bubbly (V3: 153012, source_id: 121209)
2025-12-28 13:07:10,583 - DEBUG -   No active modifier groups for dish Bubbly
2025-12-28 13:07:10,584 - INFO -     -> 0 links, 0 details
2025-12-28 13:07:10,584 - INFO -   [12/64] Burger Amateur de Viande (Burger Seule) (V3: 152976, source_id: 121175)
2025-12-28 13:07:12,466 - DEBUG -   Found active group: Custom ingredients for Burgers (V1 ID: 11150, Category: ci)
2025-12-28 13:07:12,476 - INFO -   Burger Amateur de Viande (Burger Seule): 1 active modifier groups
2025-12-28 13:07:12,782 - DEBUG -     Linked: Burger Amateur de Viande (Burger Seule) -> Custom ingredients for Burgers
2025-12-28 13:07:12,959 - DEBUG -     Details: Ingrédients personnalisés (min:0, max:4, free:0, order:2)
2025-12-28 13:07:12,959 - INFO -     -> 1 links, 1 details
2025-12-28 13:07:12,960 - INFO -   [13/64] Burger Amateur de Viande Combo (V3: 152977, source_id: 121176)
2025-12-28 13:07:14,939 - DEBUG -   Found active group: Custom ingredients for Burgers (V1 ID: 11150, Category: ci)
2025-12-28 13:07:14,951 - DEBUG -   Found active group: Drinks for COMBOS (V1 ID: 11153, Category: d)
2025-12-28 13:07:14,957 - INFO -   Burger Amateur de Viande Combo: 2 active modifier groups
2025-12-28 13:07:15,289 - DEBUG -     Linked: Burger Amateur de Viande Combo -> Custom ingredients for Burgers
2025-12-28 13:07:15,479 - DEBUG -     Details: Ingrédients personnalisés (min:0, max:4, free:0, order:2)
2025-12-28 13:07:15,769 - DEBUG -     Linked: Burger Amateur de Viande Combo -> Drinks for COMBOS
2025-12-28 13:07:15,950 - DEBUG -     Details: Boissons (min:1, max:1, free:0, order:6)
2025-12-28 13:07:15,950 - INFO -     -> 2 links, 2 details
2025-12-28 13:07:15,951 - INFO -   [14/64] Burger au poulet avec frites (V3: 152991, source_id: 121188)
2025-12-28 13:07:17,816 - DEBUG -   No active modifier groups for dish Burger au poulet avec frites
2025-12-28 13:07:17,816 - INFO -     -> 0 links, 0 details
2025-12-28 13:07:17,816 - INFO -   [15/64] Burger au poulet Combo (V3: 152981, source_id: 121180)
2025-12-28 13:07:19,670 - DEBUG -   Found active group: Custom ingredients for Burgers (V1 ID: 11150, Category: ci)
2025-12-28 13:07:19,682 - DEBUG -   Found active group: Drinks for COMBOS (V1 ID: 11153, Category: d)
2025-12-28 13:07:19,688 - INFO -   Burger au poulet Combo: 2 active modifier groups
2025-12-28 13:07:19,957 - DEBUG -     Linked: Burger au poulet Combo -> Custom ingredients for Burgers
2025-12-28 13:07:20,141 - DEBUG -     Details: Ingrédients personnalisés (min:0, max:4, free:0, order:2)
2025-12-28 13:07:20,451 - DEBUG -     Linked: Burger au poulet Combo -> Drinks for COMBOS
2025-12-28 13:07:20,627 - DEBUG -     Details: Boissons (min:1, max:1, free:0, order:6)
2025-12-28 13:07:20,627 - INFO -     -> 2 links, 2 details
2025-12-28 13:07:20,628 - INFO -   [16/64] Burger au poulet et bacon (Burger Seule) (V3: 152980, source_id: 121179)
2025-12-28 13:07:22,496 - DEBUG -   Found active group: Custom ingredients for Burgers (V1 ID: 11150, Category: ci)
2025-12-28 13:07:22,506 - INFO -   Burger au poulet et bacon (Burger Seule): 1 active modifier groups
2025-12-28 13:07:22,803 - DEBUG -     Linked: Burger au poulet et bacon (Burger Seule) -> Custom ingredients for Burgers
2025-12-28 13:07:22,965 - DEBUG -     Details: Ingrédients personnalisés (min:0, max:4, free:0, order:2)
2025-12-28 13:07:22,965 - INFO -     -> 1 links, 1 details
2025-12-28 13:07:22,965 - INFO -   [17/64] Burger Originale (Burger Seule) (V3: 152966, source_id: 121165)
2025-12-28 13:07:24,839 - DEBUG -   Found active group: Custom ingredients for Burgers (V1 ID: 11150, Category: ci)
2025-12-28 13:07:24,849 - INFO -   Burger Originale (Burger Seule): 1 active modifier groups
2025-12-28 13:07:25,159 - DEBUG -     Linked: Burger Originale (Burger Seule) -> Custom ingredients for Burgers
2025-12-28 13:07:25,346 - DEBUG -     Details: Ingrédients personnalisés (min:0, max:4, free:0, order:2)
2025-12-28 13:07:25,346 - INFO -     -> 1 links, 1 details
2025-12-28 13:07:25,346 - INFO -   [18/64] Burger Originale Combo (V3: 152967, source_id: 121166)
2025-12-28 13:07:27,203 - DEBUG -   Found active group: Custom ingredients for Burgers (V1 ID: 11150, Category: ci)
2025-12-28 13:07:27,215 - DEBUG -   Found active group: Drinks for COMBOS (V1 ID: 11153, Category: d)
2025-12-28 13:07:27,221 - INFO -   Burger Originale Combo: 2 active modifier groups
2025-12-28 13:07:27,522 - DEBUG -     Linked: Burger Originale Combo -> Custom ingredients for Burgers
2025-12-28 13:07:27,704 - DEBUG -     Details: Ingrédients personnalisés (min:0, max:4, free:0, order:2)
2025-12-28 13:07:28,019 - DEBUG -     Linked: Burger Originale Combo -> Drinks for COMBOS
2025-12-28 13:07:28,194 - DEBUG -     Details: Boissons (min:1, max:1, free:0, order:6)
2025-12-28 13:07:28,194 - INFO -     -> 2 links, 2 details
2025-12-28 13:07:28,195 - INFO -   [19/64] Burger Végétarien (Burger Seule) (V3: 152984, source_id: 121182)
2025-12-28 13:07:30,046 - DEBUG -   Found active group: Custom ingredients for Burgers (V1 ID: 11150, Category: ci)
2025-12-28 13:07:30,056 - INFO -   Burger Végétarien (Burger Seule): 1 active modifier groups
2025-12-28 13:07:30,377 - DEBUG -     Linked: Burger Végétarien (Burger Seule) -> Custom ingredients for Burgers
2025-12-28 13:07:30,562 - DEBUG -     Details: Ingrédients personnalisés (min:0, max:4, free:0, order:2)
2025-12-28 13:07:30,562 - INFO -     -> 1 links, 1 details
2025-12-28 13:07:30,563 - INFO -   Progress: 20/64 dishes
2025-12-28 13:07:30,564 - INFO -   [20/64] Burger Végétarien Combo (V3: 152985, source_id: 121183)
2025-12-28 13:07:32,418 - DEBUG -   Found active group: Custom ingredients for Burgers (V1 ID: 11150, Category: ci)
2025-12-28 13:07:32,430 - DEBUG -   Found active group: Drinks for COMBOS (V1 ID: 11153, Category: d)
2025-12-28 13:07:32,436 - INFO -   Burger Végétarien Combo: 2 active modifier groups
2025-12-28 13:07:32,863 - DEBUG -     Linked: Burger Végétarien Combo -> Custom ingredients for Burgers
2025-12-28 13:07:33,274 - DEBUG -     Details: Ingrédients personnalisés (min:0, max:4, free:0, order:2)
2025-12-28 13:07:34,008 - DEBUG -     Linked: Burger Végétarien Combo -> Drinks for COMBOS
2025-12-28 13:07:34,295 - DEBUG -     Details: Boissons (min:1, max:1, free:0, order:6)
2025-12-28 13:07:34,296 - INFO -     -> 2 links, 2 details
2025-12-28 13:07:34,296 - INFO -   [21/64] Cheeseburger (Burger Seule) (V3: 152968, source_id: 121167)
2025-12-28 13:07:36,317 - DEBUG -   Found active group: Custom ingredients for Burgers (V1 ID: 11150, Category: ci)
2025-12-28 13:07:36,327 - INFO -   Cheeseburger (Burger Seule): 1 active modifier groups
2025-12-28 13:07:36,632 - DEBUG -     Linked: Cheeseburger (Burger Seule) -> Custom ingredients for Burgers
2025-12-28 13:07:36,802 - DEBUG -     Details: Ingrédients personnalisés (min:0, max:4, free:0, order:2)
2025-12-28 13:07:36,802 - INFO -     -> 1 links, 1 details
2025-12-28 13:07:36,802 - INFO -   [22/64] Cheeseburger Combo (V3: 152969, source_id: 121168)
2025-12-28 13:07:38,668 - DEBUG -   Found active group: Custom ingredients for Burgers (V1 ID: 11150, Category: ci)
2025-12-28 13:07:38,679 - DEBUG -   Found active group: Drinks for COMBOS (V1 ID: 11153, Category: d)
2025-12-28 13:07:38,685 - INFO -   Cheeseburger Combo: 2 active modifier groups
2025-12-28 13:07:38,966 - DEBUG -     Linked: Cheeseburger Combo -> Custom ingredients for Burgers
2025-12-28 13:07:39,142 - DEBUG -     Details: Ingrédients personnalisés (min:0, max:4, free:0, order:2)
2025-12-28 13:07:39,430 - DEBUG -     Linked: Cheeseburger Combo -> Drinks for COMBOS
2025-12-28 13:07:39,611 - DEBUG -     Details: Boissons (min:1, max:1, free:0, order:6)
2025-12-28 13:07:39,612 - INFO -     -> 2 links, 2 details
2025-12-28 13:07:39,612 - INFO -   [23/64] Club Burger (Burger Seule) (V3: 152982, source_id: 121181)
2025-12-28 13:07:41,472 - DEBUG -   Found active group: Custom ingredients for Burgers (V1 ID: 11150, Category: ci)
2025-12-28 13:07:41,486 - INFO -   Club Burger (Burger Seule): 1 active modifier groups
2025-12-28 13:07:41,788 - DEBUG -     Linked: Club Burger (Burger Seule) -> Custom ingredients for Burgers
2025-12-28 13:07:41,972 - DEBUG -     Details: Ingrédients personnalisés (min:0, max:4, free:0, order:2)
2025-12-28 13:07:41,972 - INFO -     -> 1 links, 1 details
2025-12-28 13:07:41,973 - INFO -   [24/64] Club Burger Combo (V3: 152983, source_id: 121214)
2025-12-28 13:07:43,832 - DEBUG -   Found active group: Custom ingredients for Burgers (V1 ID: 11150, Category: ci)
2025-12-28 13:07:43,844 - DEBUG -   Found active group: Drinks for COMBOS (V1 ID: 11153, Category: d)
2025-12-28 13:07:43,849 - INFO -   Club Burger Combo: 2 active modifier groups
2025-12-28 13:07:44,141 - DEBUG -     Linked: Club Burger Combo -> Custom ingredients for Burgers
2025-12-28 13:07:44,312 - DEBUG -     Details: Ingrédients personnalisés (min:0, max:4, free:0, order:2)
2025-12-28 13:07:44,594 - DEBUG -     Linked: Club Burger Combo -> Drinks for COMBOS
2025-12-28 13:07:44,761 - DEBUG -     Details: Boissons (min:1, max:1, free:0, order:6)
2025-12-28 13:07:44,762 - INFO -     -> 2 links, 2 details
2025-12-28 13:07:44,762 - INFO -   [25/64] Club Sandwich Poutine (V3: 152989, source_id: 121187)
2025-12-28 13:07:46,621 - DEBUG -   No active modifier groups for dish Club Sandwich Poutine
2025-12-28 13:07:46,621 - INFO -     -> 0 links, 0 details
2025-12-28 13:07:46,621 - INFO -   [26/64] Cornichons Panés Frits (V3: 152961, source_id: 121160)
2025-12-28 13:07:48,496 - DEBUG -   No active modifier groups for dish Cornichons Panés Frits
2025-12-28 13:07:48,496 - INFO -     -> 0 links, 0 details
2025-12-28 13:07:48,496 - INFO -   [27/64] Cream Soda (V3: 153010, source_id: 121207)
2025-12-28 13:07:50,336 - DEBUG -   No active modifier groups for dish Cream Soda
2025-12-28 13:07:50,336 - INFO -     -> 0 links, 0 details
2025-12-28 13:07:50,336 - INFO -   [28/64] Diet Pepsi (V3: 153004, source_id: 121201)
2025-12-28 13:07:52,310 - DEBUG -   No active modifier groups for dish Diet Pepsi
2025-12-28 13:07:52,310 - INFO -     -> 0 links, 0 details
2025-12-28 13:07:52,310 - INFO -   [29/64] Doigts de pouet (2) avec frites (V3: 152993, source_id: 121190)
2025-12-28 13:07:54,179 - DEBUG -   No active modifier groups for dish Doigts de pouet (2) avec frites
2025-12-28 13:07:54,179 - INFO -     -> 0 links, 0 details
2025-12-28 13:07:54,179 - INFO -   Progress: 30/64 dishes
2025-12-28 13:07:54,179 - INFO -   [30/64] Doigts de poulet (V3: 152958, source_id: 121157)
2025-12-28 13:07:56,015 - DEBUG -   No active modifier groups for dish Doigts de poulet
2025-12-28 13:07:56,015 - INFO -     -> 0 links, 0 details
2025-12-28 13:07:56,015 - INFO -   [31/64] Eau Aquafina (V3: 153016, source_id: 121213)
2025-12-28 13:07:57,850 - DEBUG -   No active modifier groups for dish Eau Aquafina
2025-12-28 13:07:57,850 - INFO -     -> 0 links, 0 details
2025-12-28 13:07:57,850 - INFO -   [32/64] Frites (V3: 152953, source_id: 121152)
2025-12-28 13:07:59,710 - DEBUG -   No active modifier groups for dish Frites
2025-12-28 13:07:59,710 - INFO -     -> 0 links, 0 details
2025-12-28 13:07:59,710 - INFO -   [33/64] Frites épicée (V3: 152954, source_id: 121153)
2025-12-28 13:08:01,571 - DEBUG -   No active modifier groups for dish Frites épicée
2025-12-28 13:08:01,571 - INFO -     -> 0 links, 0 details
2025-12-28 13:08:01,572 - INFO -   [34/64] Frites Patates Douces (V3: 152960, source_id: 121159)
2025-12-28 13:08:03,423 - DEBUG -   No active modifier groups for dish Frites Patates Douces
2025-12-28 13:08:03,423 - INFO -     -> 0 links, 0 details
2025-12-28 13:08:03,423 - INFO -   [35/64] Gâteau carrots (V3: 152998, source_id: 121195)
2025-12-28 13:08:05,281 - DEBUG -   No active modifier groups for dish Gâteau carrots
2025-12-28 13:08:05,281 - INFO -     -> 0 links, 0 details
2025-12-28 13:08:05,281 - INFO -   [36/64] Gâteau fromage (V3: 152996, source_id: 121193)
2025-12-28 13:08:07,131 - DEBUG -   No active modifier groups for dish Gâteau fromage
2025-12-28 13:08:07,131 - INFO -     -> 0 links, 0 details
2025-12-28 13:08:07,132 - INFO -   [37/64] Ginger Ale (V3: 153006, source_id: 121203)
2025-12-28 13:08:08,984 - DEBUG -   No active modifier groups for dish Ginger Ale
2025-12-28 13:08:08,984 - INFO -     -> 0 links, 0 details
2025-12-28 13:08:08,984 - INFO -   [38/64] Grape Crush (V3: 153008, source_id: 121205)
2025-12-28 13:08:10,811 - DEBUG -   No active modifier groups for dish Grape Crush
2025-12-28 13:08:10,811 - INFO -     -> 0 links, 0 details
2025-12-28 13:08:10,811 - INFO -   [39/64] Hamburger Double (Burger Seule) (V3: 152978, source_id: 121177)
2025-12-28 13:08:12,878 - DEBUG -   Found active group: Custom ingredients for Burgers (V1 ID: 11150, Category: ci)
2025-12-28 13:08:12,888 - INFO -   Hamburger Double (Burger Seule): 1 active modifier groups
2025-12-28 13:08:13,176 - DEBUG -     Linked: Hamburger Double (Burger Seule) -> Custom ingredients for Burgers
2025-12-28 13:08:13,340 - DEBUG -     Details: Ingrédients personnalisés (min:0, max:4, free:0, order:2)
2025-12-28 13:08:13,340 - INFO -     -> 1 links, 1 details
2025-12-28 13:08:13,341 - INFO -   Progress: 40/64 dishes
2025-12-28 13:08:13,341 - INFO -   [40/64] Hamburger Double Combo (V3: 152979, source_id: 121178)
2025-12-28 13:08:15,215 - DEBUG -   Found active group: Custom ingredients for Burgers (V1 ID: 11150, Category: ci)
2025-12-28 13:08:15,227 - DEBUG -   Found active group: Drinks for COMBOS (V1 ID: 11153, Category: d)
2025-12-28 13:08:15,232 - INFO -   Hamburger Double Combo: 2 active modifier groups
2025-12-28 13:08:15,517 - DEBUG -     Linked: Hamburger Double Combo -> Custom ingredients for Burgers
2025-12-28 13:08:15,679 - DEBUG -     Details: Ingrédients personnalisés (min:0, max:4, free:0, order:2)
2025-12-28 13:08:15,952 - DEBUG -     Linked: Hamburger Double Combo -> Drinks for COMBOS
2025-12-28 13:08:16,113 - DEBUG -     Details: Boissons (min:1, max:1, free:0, order:6)
2025-12-28 13:08:16,113 - INFO -     -> 2 links, 2 details
2025-12-28 13:08:16,114 - INFO -   [41/64] Hamburger Steak (V3: 152986, source_id: 121184)
2025-12-28 13:08:17,967 - DEBUG -   No active modifier groups for dish Hamburger Steak
2025-12-28 13:08:17,967 - INFO -     -> 0 links, 0 details
2025-12-28 13:08:17,967 - INFO -   [42/64] Hot Burger (Burger Seule) (V3: 152974, source_id: 121173)
2025-12-28 13:08:19,804 - DEBUG -   Found active group: Custom ingredients for Burgers (V1 ID: 11150, Category: ci)
2025-12-28 13:08:19,815 - INFO -   Hot Burger (Burger Seule): 1 active modifier groups
2025-12-28 13:08:20,086 - DEBUG -     Linked: Hot Burger (Burger Seule) -> Custom ingredients for Burgers
2025-12-28 13:08:20,262 - DEBUG -     Details: Ingrédients personnalisés (min:0, max:4, free:0, order:2)
2025-12-28 13:08:20,262 - INFO -     -> 1 links, 1 details
2025-12-28 13:08:20,263 - INFO -   [43/64] Hot Burger Combo (V3: 152975, source_id: 121174)
2025-12-28 13:08:22,122 - DEBUG -   Found active group: Custom ingredients for Burgers (V1 ID: 11150, Category: ci)
2025-12-28 13:08:22,135 - DEBUG -   Found active group: Drinks for COMBOS (V1 ID: 11153, Category: d)
2025-12-28 13:08:22,140 - INFO -   Hot Burger Combo: 2 active modifier groups
2025-12-28 13:08:22,420 - DEBUG -     Linked: Hot Burger Combo -> Custom ingredients for Burgers
2025-12-28 13:08:22,576 - DEBUG -     Details: Ingrédients personnalisés (min:0, max:4, free:0, order:2)
2025-12-28 13:08:22,854 - DEBUG -     Linked: Hot Burger Combo -> Drinks for COMBOS
2025-12-28 13:08:23,029 - DEBUG -     Details: Boissons (min:1, max:1, free:0, order:6)
2025-12-28 13:08:23,029 - INFO -     -> 2 links, 2 details
2025-12-28 13:08:23,029 - INFO -   [44/64] Iced Tea (V3: 153009, source_id: 121206)
2025-12-28 13:08:24,877 - DEBUG -   No active modifier groups for dish Iced Tea
2025-12-28 13:08:24,877 - INFO -     -> 0 links, 0 details
2025-12-28 13:08:24,877 - INFO -   [45/64] Juice (V3: 153013, source_id: 121210)
2025-12-28 13:08:26,738 - DEBUG -   No active modifier groups for dish Juice
2025-12-28 13:08:26,738 - INFO -     -> 0 links, 0 details
2025-12-28 13:08:26,739 - INFO -   [46/64] Mountain Dew (V3: 153011, source_id: 121208)
2025-12-28 13:08:28,595 - DEBUG -   No active modifier groups for dish Mountain Dew
2025-12-28 13:08:28,595 - INFO -     -> 0 links, 0 details
2025-12-28 13:08:28,596 - INFO -   [47/64] Orange Crush (V3: 153007, source_id: 121204)
2025-12-28 13:08:30,499 - DEBUG -   No active modifier groups for dish Orange Crush
2025-12-28 13:08:30,500 - INFO -     -> 0 links, 0 details
2025-12-28 13:08:30,500 - INFO -   [48/64] Pain à l'ail (12") (V3: 152956, source_id: 121155)
2025-12-28 13:08:32,352 - DEBUG -   No active modifier groups for dish Pain à l'ail (12")
2025-12-28 13:08:32,352 - INFO -     -> 0 links, 0 details
2025-12-28 13:08:32,352 - INFO -   [49/64] Papa Burger (Burger Seule) (V3: 152970, source_id: 121169)
2025-12-28 13:08:34,215 - DEBUG -   Found active group: Custom ingredients for Burgers (V1 ID: 11150, Category: ci)
2025-12-28 13:08:34,225 - INFO -   Papa Burger (Burger Seule): 1 active modifier groups
2025-12-28 13:08:34,492 - DEBUG -     Linked: Papa Burger (Burger Seule) -> Custom ingredients for Burgers
2025-12-28 13:08:34,651 - DEBUG -     Details: Ingrédients personnalisés (min:0, max:4, free:0, order:2)
2025-12-28 13:08:34,652 - INFO -     -> 1 links, 1 details
2025-12-28 13:08:34,652 - INFO -   Progress: 50/64 dishes
2025-12-28 13:08:34,652 - INFO -   [50/64] Papa Burger Combo (V3: 152971, source_id: 121170)
2025-12-28 13:08:36,511 - DEBUG -   Found active group: Custom ingredients for Burgers (V1 ID: 11150, Category: ci)
2025-12-28 13:08:36,523 - DEBUG -   Found active group: Drinks for COMBOS (V1 ID: 11153, Category: d)
2025-12-28 13:08:36,529 - INFO -   Papa Burger Combo: 2 active modifier groups
2025-12-28 13:08:36,850 - DEBUG -     Linked: Papa Burger Combo -> Custom ingredients for Burgers
2025-12-28 13:08:37,031 - DEBUG -     Details: Ingrédients personnalisés (min:0, max:4, free:0, order:2)
2025-12-28 13:08:37,348 - DEBUG -     Linked: Papa Burger Combo -> Drinks for COMBOS
2025-12-28 13:08:37,527 - DEBUG -     Details: Boissons (min:1, max:1, free:0, order:6)
2025-12-28 13:08:37,527 - INFO -     -> 2 links, 2 details
2025-12-28 13:08:37,527 - INFO -   [51/64] Papa Club Sandwich (V3: 152988, source_id: 121186)
2025-12-28 13:08:39,382 - DEBUG -   No active modifier groups for dish Papa Club Sandwich
2025-12-28 13:08:39,382 - INFO -     -> 0 links, 0 details
2025-12-28 13:08:39,382 - INFO -   [52/64] Papa Nachos (V3: 152987, source_id: 121185)
2025-12-28 13:08:41,251 - DEBUG -   Found active group: Nachos Custom Ing (V1 ID: 11151, Category: ci)
2025-12-28 13:08:41,262 - INFO -   Papa Nachos: 1 active modifier groups
2025-12-28 13:08:41,557 - DEBUG -     Linked: Papa Nachos -> Nachos Custom Ing
2025-12-28 13:08:41,767 - DEBUG -     Details: Ingrédients personnalisés (min:0, max:1, free:0, order:2)
2025-12-28 13:08:41,767 - INFO -     -> 1 links, 1 details
2025-12-28 13:08:41,767 - INFO -   [53/64] Papa Poutine (V3: 152963, source_id: 121162)
2025-12-28 13:08:43,655 - DEBUG -   Found active group: Sauces for Poutines (V1 ID: 11149, Category: sa)
2025-12-28 13:08:43,663 - INFO -   Papa Poutine: 1 active modifier groups
2025-12-28 13:08:43,939 - DEBUG -     Linked: Papa Poutine -> Sauces for Poutines
2025-12-28 13:08:44,103 - DEBUG -     Details: Choix de Sauce (min:1, max:1, free:0, order:4)
2025-12-28 13:08:44,104 - INFO -     -> 1 links, 1 details
2025-12-28 13:08:44,104 - INFO -   [54/64] Pepsi (V3: 153003, source_id: 121200)
2025-12-28 13:08:45,998 - DEBUG -   No active modifier groups for dish Pepsi
2025-12-28 13:08:45,998 - INFO -     -> 0 links, 0 details
2025-12-28 13:08:45,998 - INFO -   [55/64] Perrier (V3: 153015, source_id: 121212)
2025-12-28 13:08:47,855 - DEBUG -   No active modifier groups for dish Perrier
2025-12-28 13:08:47,855 - INFO -     -> 0 links, 0 details
2025-12-28 13:08:47,855 - INFO -   [56/64] Poutine (V3: 152962, source_id: 121161)
2025-12-28 13:08:49,717 - DEBUG -   Found active group: Sauces for Poutines (V1 ID: 11149, Category: sa)
2025-12-28 13:08:49,726 - INFO -   Poutine: 1 active modifier groups
2025-12-28 13:08:50,039 - DEBUG -     Linked: Poutine -> Sauces for Poutines
2025-12-28 13:08:50,229 - DEBUG -     Details: Choix de Sauce (min:1, max:1, free:0, order:4)
2025-12-28 13:08:50,229 - INFO -     -> 1 links, 1 details
2025-12-28 13:08:50,230 - INFO -   [57/64] Poutine au Poulet (V3: 152964, source_id: 121163)
2025-12-28 13:08:52,177 - DEBUG -   Found active group: Sauces for Poutines (V1 ID: 11149, Category: sa)
2025-12-28 13:08:52,185 - INFO -   Poutine au Poulet: 1 active modifier groups
2025-12-28 13:08:52,493 - DEBUG -     Linked: Poutine au Poulet -> Sauces for Poutines
2025-12-28 13:08:52,656 - DEBUG -     Details: Choix de Sauce (min:1, max:1, free:0, order:4)
2025-12-28 13:08:52,656 - INFO -     -> 1 links, 1 details
2025-12-28 13:08:52,656 - INFO -   [58/64] Poutine au Steak (V3: 152965, source_id: 121164)
2025-12-28 13:08:54,499 - DEBUG -   Found active group: Sauces for Poutines (V1 ID: 11149, Category: sa)
2025-12-28 13:08:54,508 - INFO -   Poutine au Steak: 1 active modifier groups
2025-12-28 13:08:54,827 - DEBUG -     Linked: Poutine au Steak -> Sauces for Poutines
2025-12-28 13:08:54,985 - DEBUG -     Details: Choix de Sauce (min:1, max:1, free:0, order:4)
2025-12-28 13:08:54,985 - INFO -     -> 1 links, 1 details
2025-12-28 13:08:54,986 - INFO -   [59/64] Rondelles d'oignon (V3: 152955, source_id: 121154)
2025-12-28 13:08:56,856 - DEBUG -   No active modifier groups for dish Rondelles d'oignon
2025-12-28 13:08:56,856 - INFO -     -> 0 links, 0 details
2025-12-28 13:08:56,856 - INFO -   Progress: 60/64 dishes
2025-12-28 13:08:56,856 - INFO -   [60/64] Root Beer (V3: 153014, source_id: 121211)
2025-12-28 13:08:58,713 - DEBUG -   No active modifier groups for dish Root Beer
2025-12-28 13:08:58,713 - INFO -     -> 0 links, 0 details
2025-12-28 13:08:58,713 - INFO -   [61/64] Salade de Poulet Suprême (V3: 152990, source_id: 122855)
2025-12-28 13:09:00,560 - DEBUG -   No active modifier groups for dish Salade de Poulet Suprême
2025-12-28 13:09:00,560 - INFO -     -> 0 links, 0 details
2025-12-28 13:09:00,560 - INFO -   [62/64] Tartelette 3 choco (V3: 152994, source_id: 121191)
2025-12-28 13:09:02,417 - DEBUG -   No active modifier groups for dish Tartelette 3 choco
2025-12-28 13:09:02,417 - INFO -     -> 0 links, 0 details
2025-12-28 13:09:02,417 - INFO -   [63/64] Tartelette au sirop d’érable du Québec (V3: 152995, source_id: 121192)
2025-12-28 13:09:04,279 - DEBUG -   No active modifier groups for dish Tartelette au sirop d’érable du Québec
2025-12-28 13:09:04,279 - INFO -     -> 0 links, 0 details
2025-12-28 13:09:04,279 - INFO -   [64/64] Zucchinis (V3: 152959, source_id: 121158)
2025-12-28 13:09:06,140 - DEBUG -   No active modifier groups for dish Zucchinis
2025-12-28 13:09:06,140 - INFO -     -> 0 links, 0 details
2025-12-28 13:09:06,140 - INFO -   Result: 64 processed, 0 skipped, 35 links, 35 details
2025-12-28 13:09:06,140 - INFO - ----------------------------------------
2025-12-28 13:09:06,140 - INFO - [8/20] Processing: Papa Grecque Cantley (V3: 810, V1: 1054)
2025-12-28 13:09:06,289 - INFO -   [1/45] 1. Souvlaki (V3: 153024, source_id: 117697)
2025-12-28 13:09:08,245 - DEBUG -   No active modifier groups for dish 1. Souvlaki
2025-12-28 13:09:08,246 - INFO -     -> 0 links, 0 details
2025-12-28 13:09:08,246 - INFO -   [2/45] 1a. Souvlaki Combo (V3: 153025, source_id: 117698)
2025-12-28 13:09:10,105 - DEBUG -   Found active group: Gyro Combos Side Dishes (V1 ID: 11011, Category: sd)
2025-12-28 13:09:10,113 - INFO -   1a. Souvlaki Combo: 1 active modifier groups
2025-12-28 13:09:10,620 - DEBUG -     Linked: 1a. Souvlaki Combo -> Gyro Combos Side Dishes
2025-12-28 13:09:10,894 - DEBUG -     Details: Plat d’accompagnement (min:1, max:1, free:0, order:5)
2025-12-28 13:09:10,895 - INFO -     -> 1 links, 1 details
2025-12-28 13:09:10,895 - INFO -   [3/45] 2. BLT (V3: 153026, source_id: 117699)
2025-12-28 13:09:12,753 - DEBUG -   No active modifier groups for dish 2. BLT
2025-12-28 13:09:12,753 - INFO -     -> 0 links, 0 details
2025-12-28 13:09:12,753 - INFO -   [4/45] 2a. BLT Combo (V3: 153027, source_id: 117700)
2025-12-28 13:09:14,615 - DEBUG -   Found active group: Gyro Combos Side Dishes (V1 ID: 11011, Category: sd)
2025-12-28 13:09:14,621 - INFO -   2a. BLT Combo: 1 active modifier groups
2025-12-28 13:09:14,933 - DEBUG -     Linked: 2a. BLT Combo -> Gyro Combos Side Dishes
2025-12-28 13:09:15,093 - DEBUG -     Details: Plat d’accompagnement (min:1, max:1, free:0, order:5)
2025-12-28 13:09:15,093 - INFO -     -> 1 links, 1 details
2025-12-28 13:09:15,094 - INFO -   [5/45] 3. Gyro Poulet César (V3: 153028, source_id: 117701)
2025-12-28 13:09:16,953 - DEBUG -   No active modifier groups for dish 3. Gyro Poulet César
2025-12-28 13:09:16,953 - INFO -     -> 0 links, 0 details
2025-12-28 13:09:16,953 - INFO -   [6/45] 3a. Gyro Poulet César Combo (V3: 153029, source_id: 117702)
2025-12-28 13:09:18,826 - DEBUG -   Found active group: Gyro Combos Side Dishes (V1 ID: 11011, Category: sd)
2025-12-28 13:09:18,834 - INFO -   3a. Gyro Poulet César Combo: 1 active modifier groups
2025-12-28 13:09:19,100 - DEBUG -     Linked: 3a. Gyro Poulet César Combo -> Gyro Combos Side Dishes
2025-12-28 13:09:19,264 - DEBUG -     Details: Plat d’accompagnement (min:1, max:1, free:0, order:5)
2025-12-28 13:09:19,264 - INFO -     -> 1 links, 1 details
2025-12-28 13:09:19,265 - INFO -   [7/45] 4 Pains Pita (V3: 153043, source_id: 117716)
2025-12-28 13:09:21,110 - DEBUG -   No active modifier groups for dish 4 Pains Pita
2025-12-28 13:09:21,110 - INFO -     -> 0 links, 0 details
2025-12-28 13:09:21,110 - INFO -   [8/45] 4. Gyro Vegetarien (V3: 153030, source_id: 117703)
2025-12-28 13:09:22,970 - DEBUG -   No active modifier groups for dish 4. Gyro Vegetarien
2025-12-28 13:09:22,970 - INFO -     -> 0 links, 0 details
2025-12-28 13:09:22,970 - INFO -   [9/45] 4a. Gyro Vegetarien Combo (V3: 153031, source_id: 117704)
2025-12-28 13:09:24,818 - DEBUG -   Found active group: Gyro Combos Side Dishes (V1 ID: 11011, Category: sd)
2025-12-28 13:09:24,826 - INFO -   4a. Gyro Vegetarien Combo: 1 active modifier groups
2025-12-28 13:09:25,107 - DEBUG -     Linked: 4a. Gyro Vegetarien Combo -> Gyro Combos Side Dishes
2025-12-28 13:09:25,268 - DEBUG -     Details: Plat d’accompagnement (min:1, max:1, free:0, order:5)
2025-12-28 13:09:25,268 - INFO -     -> 1 links, 1 details
2025-12-28 13:09:25,269 - INFO -   Progress: 10/45 dishes
2025-12-28 13:09:25,269 - INFO -   [10/45] 5. Gyro Filet Mignon (V3: 153032, source_id: 117705)
2025-12-28 13:09:27,570 - DEBUG -   No active modifier groups for dish 5. Gyro Filet Mignon
2025-12-28 13:09:27,570 - INFO -     -> 0 links, 0 details
2025-12-28 13:09:27,570 - INFO -   [11/45] 5a. Gyro Filet Mignon Combo (V3: 153033, source_id: 117706)
2025-12-28 13:09:29,672 - DEBUG -   Found active group: Gyro Combos Side Dishes (V1 ID: 11011, Category: sd)
2025-12-28 13:09:29,678 - INFO -   5a. Gyro Filet Mignon Combo: 1 active modifier groups
2025-12-28 13:09:30,157 - DEBUG -     Linked: 5a. Gyro Filet Mignon Combo -> Gyro Combos Side Dishes
2025-12-28 13:09:30,322 - DEBUG -     Details: Plat d’accompagnement (min:1, max:1, free:0, order:5)
2025-12-28 13:09:30,322 - INFO -     -> 1 links, 1 details
2025-12-28 13:09:30,323 - INFO -   [12/45] 7 Up (V3: 153053, source_id: 117726)
2025-12-28 13:09:32,202 - DEBUG -   No active modifier groups for dish 7 Up
2025-12-28 13:09:32,202 - INFO -     -> 0 links, 0 details
2025-12-28 13:09:32,202 - INFO -   [13/45] Baklava (1 gros morceau) (V3: 153044, source_id: 117717)
2025-12-28 13:09:34,060 - DEBUG -   No active modifier groups for dish Baklava (1 gros morceau)
2025-12-28 13:09:34,060 - INFO -     -> 0 links, 0 details
2025-12-28 13:09:34,060 - INFO -   [14/45] Bouteille d’eau (V3: 153061, source_id: 117734)
2025-12-28 13:09:35,908 - DEBUG -   No active modifier groups for dish Bouteille d’eau
2025-12-28 13:09:35,908 - INFO -     -> 0 links, 0 details
2025-12-28 13:09:35,908 - INFO -   [15/45] Brisk Thé Glacé (V3: 153057, source_id: 117730)
2025-12-28 13:09:37,768 - DEBUG -   No active modifier groups for dish Brisk Thé Glacé
2025-12-28 13:09:37,768 - INFO -     -> 0 links, 0 details
2025-12-28 13:09:37,768 - INFO -   [16/45] Brochettes de crevettes (V3: 153020, source_id: 117693)
2025-12-28 13:09:39,641 - DEBUG -   No active modifier groups for dish Brochettes de crevettes
2025-12-28 13:09:39,641 - INFO -     -> 0 links, 0 details
2025-12-28 13:09:39,641 - INFO -   [17/45] Brochettes de filet mignon (V3: 153018, source_id: 117691)
2025-12-28 13:09:41,491 - DEBUG -   No active modifier groups for dish Brochettes de filet mignon
2025-12-28 13:09:41,491 - INFO -     -> 0 links, 0 details
2025-12-28 13:09:41,491 - INFO -   [18/45] Brochettes de poulet marinée (V3: 153017, source_id: 117690)
2025-12-28 13:09:43,390 - DEBUG -   No active modifier groups for dish Brochettes de poulet marinée
2025-12-28 13:09:43,390 - INFO -     -> 0 links, 0 details
2025-12-28 13:09:43,390 - INFO -   [19/45] Brochettes de souvlaki (V3: 153019, source_id: 117692)
2025-12-28 13:09:45,240 - DEBUG -   No active modifier groups for dish Brochettes de souvlaki
2025-12-28 13:09:45,240 - INFO -     -> 0 links, 0 details
2025-12-28 13:09:45,240 - INFO -   Progress: 20/45 dishes
2025-12-28 13:09:45,240 - INFO -   [20/45] Brownies pour enfant (V3: 153047, source_id: 117720)
2025-12-28 13:09:47,126 - DEBUG -   No active modifier groups for dish Brownies pour enfant
2025-12-28 13:09:47,127 - INFO -     -> 0 links, 0 details
2025-12-28 13:09:47,127 - INFO -   [21/45] Cream Soda (V3: 153051, source_id: 117724)
2025-12-28 13:09:48,993 - DEBUG -   No active modifier groups for dish Cream Soda
2025-12-28 13:09:48,994 - INFO -     -> 0 links, 0 details
2025-12-28 13:09:48,994 - INFO -   [22/45] Diet Pepsi (V3: 153060, source_id: 117733)
2025-12-28 13:09:50,859 - DEBUG -   No active modifier groups for dish Diet Pepsi
2025-12-28 13:09:50,859 - INFO -     -> 0 links, 0 details
2025-12-28 13:09:50,859 - INFO -   [23/45] Dr.Pepper (V3: 153056, source_id: 117729)
2025-12-28 13:09:52,724 - DEBUG -   No active modifier groups for dish Dr.Pepper
2025-12-28 13:09:52,725 - INFO -     -> 0 links, 0 details
2025-12-28 13:09:52,725 - INFO -   [24/45] Fromage Feta et Olives (V3: 153038, source_id: 117711)
2025-12-28 13:09:54,591 - DEBUG -   No active modifier groups for dish Fromage Feta et Olives
2025-12-28 13:09:54,591 - INFO -     -> 0 links, 0 details
2025-12-28 13:09:54,591 - INFO -   [25/45] Gateaux carrots (V3: 153048, source_id: 117721)
2025-12-28 13:09:56,438 - DEBUG -   No active modifier groups for dish Gateaux carrots
2025-12-28 13:09:56,438 - INFO -     -> 0 links, 0 details
2025-12-28 13:09:56,439 - INFO -   [26/45] Gateaux Fromage (V3: 153046, source_id: 117719)
2025-12-28 13:09:58,297 - DEBUG -   No active modifier groups for dish Gateaux Fromage
2025-12-28 13:09:58,298 - INFO -     -> 0 links, 0 details
2025-12-28 13:09:58,298 - INFO -   [27/45] Ginger Ale (V3: 153058, source_id: 117731)
2025-12-28 13:10:00,160 - DEBUG -   No active modifier groups for dish Ginger Ale
2025-12-28 13:10:00,160 - INFO -     -> 0 links, 0 details
2025-12-28 13:10:00,160 - INFO -   [28/45] Mountain Dew (V3: 153054, source_id: 117727)
2025-12-28 13:10:02,016 - DEBUG -   No active modifier groups for dish Mountain Dew
2025-12-28 13:10:02,016 - INFO -     -> 0 links, 0 details
2025-12-28 13:10:02,016 - INFO -   [29/45] Mug Racinette (V3: 153055, source_id: 117728)
2025-12-28 13:10:03,882 - DEBUG -   No active modifier groups for dish Mug Racinette
2025-12-28 13:10:03,882 - INFO -     -> 0 links, 0 details
2025-12-28 13:10:03,882 - INFO -   Progress: 30/45 dishes
2025-12-28 13:10:03,882 - INFO -   [30/45] Orange Crush (V3: 153052, source_id: 117725)
2025-12-28 13:10:05,733 - DEBUG -   No active modifier groups for dish Orange Crush
2025-12-28 13:10:05,733 - INFO -     -> 0 links, 0 details
2025-12-28 13:10:05,734 - INFO -   [31/45] Pain à l'ail (V3: 153042, source_id: 117715)
2025-12-28 13:10:07,578 - DEBUG -   No active modifier groups for dish Pain à l'ail
2025-12-28 13:10:07,578 - INFO -     -> 0 links, 0 details
2025-12-28 13:10:07,578 - INFO -   [32/45] Patates Grecques (V3: 153040, source_id: 117713)
2025-12-28 13:10:09,420 - DEBUG -   No active modifier groups for dish Patates Grecques
2025-12-28 13:10:09,420 - INFO -     -> 0 links, 0 details
2025-12-28 13:10:09,420 - INFO -   [33/45] Pepsi (V3: 153059, source_id: 117732)
2025-12-28 13:10:11,281 - DEBUG -   No active modifier groups for dish Pepsi
2025-12-28 13:10:11,281 - INFO -     -> 0 links, 0 details
2025-12-28 13:10:11,281 - INFO -   [34/45] Repas Pour Deux (V3: 153021, source_id: 117694)
2025-12-28 13:10:13,142 - DEBUG -   No active modifier groups for dish Repas Pour Deux
2025-12-28 13:10:13,142 - INFO -     -> 0 links, 0 details
2025-12-28 13:10:13,142 - INFO -   [35/45] Repas Pour Quatre (V3: 153023, source_id: 117696)
2025-12-28 13:10:14,996 - DEBUG -   No active modifier groups for dish Repas Pour Quatre
2025-12-28 13:10:14,996 - INFO -     -> 0 links, 0 details
2025-12-28 13:10:14,996 - INFO -   [36/45] Repas Pour Trois (V3: 153022, source_id: 117695)
2025-12-28 13:10:16,846 - DEBUG -   No active modifier groups for dish Repas Pour Trois
2025-12-28 13:10:16,846 - INFO -     -> 0 links, 0 details
2025-12-28 13:10:16,846 - INFO -   [37/45] Riz (V3: 153041, source_id: 117714)
2025-12-28 13:10:18,688 - DEBUG -   No active modifier groups for dish Riz
2025-12-28 13:10:18,688 - INFO -     -> 0 links, 0 details
2025-12-28 13:10:18,688 - INFO -   [38/45] Salade César (V3: 153036, source_id: 117709)
2025-12-28 13:10:20,531 - DEBUG -   No active modifier groups for dish Salade César
2025-12-28 13:10:20,531 - INFO -     -> 0 links, 0 details
2025-12-28 13:10:20,531 - INFO -   [39/45] Salade de Poulet Suprême (V3: 153037, source_id: 117710)
2025-12-28 13:10:22,395 - DEBUG -   No active modifier groups for dish Salade de Poulet Suprême
2025-12-28 13:10:22,395 - INFO -     -> 0 links, 0 details
2025-12-28 13:10:22,395 - INFO -   Progress: 40/45 dishes
2025-12-28 13:10:22,395 - INFO -   [40/45] Salade Grecque (V3: 153034, source_id: 117707)
2025-12-28 13:10:24,243 - DEBUG -   No active modifier groups for dish Salade Grecque
2025-12-28 13:10:24,243 - INFO -     -> 0 links, 0 details
2025-12-28 13:10:24,243 - INFO -   [41/45] Salade Maison (V3: 153035, source_id: 117708)
2025-12-28 13:10:26,083 - DEBUG -   No active modifier groups for dish Salade Maison
2025-12-28 13:10:26,084 - INFO -     -> 0 links, 0 details
2025-12-28 13:10:26,084 - INFO -   [42/45] Sauce Tzatziki (V3: 153039, source_id: 117712)
2025-12-28 13:10:27,931 - DEBUG -   No active modifier groups for dish Sauce Tzatziki
2025-12-28 13:10:27,931 - INFO -     -> 0 links, 0 details
2025-12-28 13:10:27,931 - INFO -   [43/45] Tartelette 3 choco (V3: 153045, source_id: 117718)
2025-12-28 13:10:29,844 - DEBUG -   No active modifier groups for dish Tartelette 3 choco
2025-12-28 13:10:29,844 - INFO -     -> 0 links, 0 details
2025-12-28 13:10:29,845 - INFO -   [44/45] Tartelette sirop d'érable du Quebec (V3: 153050, source_id: 117723)
2025-12-28 13:10:31,692 - DEBUG -   No active modifier groups for dish Tartelette sirop d'érable du Quebec
2025-12-28 13:10:31,693 - INFO -     -> 0 links, 0 details
2025-12-28 13:10:31,693 - INFO -   [45/45] Tartellete de saison (V3: 153049, source_id: 117722)
2025-12-28 13:10:33,538 - DEBUG -   No active modifier groups for dish Tartellete de saison
2025-12-28 13:10:33,538 - INFO -     -> 0 links, 0 details
2025-12-28 13:10:33,538 - INFO -   Result: 45 processed, 0 skipped, 5 links, 5 details
2025-12-28 13:10:33,539 - INFO - ----------------------------------------
2025-12-28 13:10:33,539 - INFO - [9/20] Processing: Papa Grecque des Flandres (V3: 540, V1: 758)
2025-12-28 13:10:33,681 - INFO -   [1/49] 1. Souvlaki (V3: 153062, source_id: 75556)
2025-12-28 13:10:35,532 - DEBUG -   No active modifier groups for dish 1. Souvlaki
2025-12-28 13:10:35,532 - INFO -     -> 0 links, 0 details
2025-12-28 13:10:35,532 - INFO -   [2/49] 12 Mini Beignets (V3: 153098, source_id: 112328)
2025-12-28 13:10:37,592 - DEBUG -   Found active group: Mini Beignets Dips (V1 ID: 10505, Category: sa)
2025-12-28 13:10:37,606 - INFO -   12 Mini Beignets: 1 active modifier groups
2025-12-28 13:10:38,447 - DEBUG -     Linked: 12 Mini Beignets -> Mini Beignets Dips
2025-12-28 13:10:38,620 - DEBUG -     Details: Trempette (min:0, max:0, free:0, order:4)
2025-12-28 13:10:38,620 - INFO -     -> 1 links, 1 details
2025-12-28 13:10:38,620 - INFO -   [3/49] 1a. Souvlaki Combo (V3: 153063, source_id: 75561)
2025-12-28 13:10:39,765 - WARNING -   Network error (attempt 1/10): Page.goto: net::ERR_NAME_NOT_RESOLVED at https://menuadmin.menu.ca/?p=restaurants&display=editRestau
2025-12-28 13:10:39,766 - INFO -   Retrying in 5 seconds...
2025-12-28 13:10:51,787 - DEBUG -   Found active group: Gyro Combos Side Dishes (V1 ID: 6968, Category: sd)
2025-12-28 13:10:51,795 - INFO -   1a. Souvlaki Combo: 1 active modifier groups
2025-12-28 13:10:52,078 - DEBUG -     Linked: 1a. Souvlaki Combo -> Gyro Combos Side Dishes
2025-12-28 13:10:52,276 - DEBUG -     Details: Plat d’accompagnement (min:1, max:1, free:0, order:5)
2025-12-28 13:10:52,277 - INFO -     -> 1 links, 1 details
2025-12-28 13:10:52,277 - INFO -   [4/49] 2. BLT (V3: 153064, source_id: 75557)
2025-12-28 13:10:54,986 - DEBUG -   No active modifier groups for dish 2. BLT
2025-12-28 13:10:54,986 - INFO -     -> 0 links, 0 details
2025-12-28 13:10:54,986 - INFO -   [5/49] 24 Mini Beignets (V3: 153099, source_id: 113055)
2025-12-28 13:10:56,942 - DEBUG -   Found active group: Mini Beignets Dips (V1 ID: 10505, Category: sa)
2025-12-28 13:10:56,950 - INFO -   24 Mini Beignets: 1 active modifier groups
2025-12-28 13:10:57,233 - DEBUG -     Linked: 24 Mini Beignets -> Mini Beignets Dips
2025-12-28 13:10:57,402 - DEBUG -     Details: Trempette (min:0, max:0, free:0, order:4)
2025-12-28 13:10:57,402 - INFO -     -> 1 links, 1 details
2025-12-28 13:10:57,403 - INFO -   [6/49] 2a. BLT Combo (V3: 153065, source_id: 75562)
2025-12-28 13:10:59,255 - DEBUG -   Found active group: Gyro Combos Side Dishes (V1 ID: 6968, Category: sd)
2025-12-28 13:10:59,262 - INFO -   2a. BLT Combo: 1 active modifier groups
2025-12-28 13:10:59,536 - DEBUG -     Linked: 2a. BLT Combo -> Gyro Combos Side Dishes
2025-12-28 13:10:59,688 - DEBUG -     Details: Plat d’accompagnement (min:1, max:1, free:0, order:5)
2025-12-28 13:10:59,688 - INFO -     -> 1 links, 1 details
2025-12-28 13:10:59,688 - INFO -   [7/49] 3. Gyro Poulet César (V3: 153066, source_id: 75558)
2025-12-28 13:11:01,546 - DEBUG -   No active modifier groups for dish 3. Gyro Poulet César
2025-12-28 13:11:01,546 - INFO -     -> 0 links, 0 details
2025-12-28 13:11:01,546 - INFO -   [8/49] 36 Mini Beignets (V3: 153100, source_id: 113056)
2025-12-28 13:11:03,388 - DEBUG -   Found active group: Mini Beignets Dips (V1 ID: 10505, Category: sa)
2025-12-28 13:11:03,396 - INFO -   36 Mini Beignets: 1 active modifier groups
2025-12-28 13:11:03,700 - DEBUG -     Linked: 36 Mini Beignets -> Mini Beignets Dips
2025-12-28 13:11:03,860 - DEBUG -     Details: Trempette (min:0, max:0, free:0, order:4)
2025-12-28 13:11:03,860 - INFO -     -> 1 links, 1 details
2025-12-28 13:11:03,860 - INFO -   [9/49] 3a. Gyro Poulet César Combo (V3: 153067, source_id: 75563)
2025-12-28 13:11:05,706 - DEBUG -   Found active group: Gyro Combos Side Dishes (V1 ID: 6968, Category: sd)
2025-12-28 13:11:05,712 - INFO -   3a. Gyro Poulet César Combo: 1 active modifier groups
2025-12-28 13:11:05,992 - DEBUG -     Linked: 3a. Gyro Poulet César Combo -> Gyro Combos Side Dishes
2025-12-28 13:11:06,159 - DEBUG -     Details: Plat d’accompagnement (min:1, max:1, free:0, order:5)
2025-12-28 13:11:06,159 - INFO -     -> 1 links, 1 details
2025-12-28 13:11:06,160 - INFO -   Progress: 10/49 dishes
2025-12-28 13:11:06,160 - INFO -   [10/49] 4 Pains Pita (V3: 153090, source_id: 75582)
2025-12-28 13:11:07,998 - DEBUG -   No active modifier groups for dish 4 Pains Pita
2025-12-28 13:11:07,998 - INFO -     -> 0 links, 0 details
2025-12-28 13:11:07,998 - INFO -   [11/49] 4. Gyro Vegetarien (V3: 153068, source_id: 90915)
2025-12-28 13:11:09,853 - DEBUG -   No active modifier groups for dish 4. Gyro Vegetarien
2025-12-28 13:11:09,853 - INFO -     -> 0 links, 0 details
2025-12-28 13:11:09,853 - INFO -   [12/49] 4a. Gyro Vegetarien Combo (V3: 153069, source_id: 90916)
2025-12-28 13:11:11,739 - DEBUG -   Found active group: Gyro Combos Side Dishes (V1 ID: 6968, Category: sd)
2025-12-28 13:11:11,746 - INFO -   4a. Gyro Vegetarien Combo: 1 active modifier groups
2025-12-28 13:11:12,033 - DEBUG -     Linked: 4a. Gyro Vegetarien Combo -> Gyro Combos Side Dishes
2025-12-28 13:11:12,205 - DEBUG -     Details: Plat d’accompagnement (min:1, max:1, free:0, order:5)
2025-12-28 13:11:12,205 - INFO -     -> 1 links, 1 details
2025-12-28 13:11:12,205 - INFO -   [13/49] 5. Gyro Donair (V3: 153072, source_id: 75560)
2025-12-28 13:11:14,065 - DEBUG -   No active modifier groups for dish 5. Gyro Donair
2025-12-28 13:11:14,065 - INFO -     -> 0 links, 0 details
2025-12-28 13:11:14,065 - INFO -   [14/49] 5. Gyro Filet Mignon (V3: 153070, source_id: 75559)
2025-12-28 13:11:15,894 - DEBUG -   No active modifier groups for dish 5. Gyro Filet Mignon
2025-12-28 13:11:15,894 - INFO -     -> 0 links, 0 details
2025-12-28 13:11:15,894 - INFO -   [15/49] 5a. Gyro Donair Combo (V3: 153073, source_id: 75565)
2025-12-28 13:11:17,730 - DEBUG -   Found active group: Gyro Combos Side Dishes (V1 ID: 6968, Category: sd)
2025-12-28 13:11:17,737 - INFO -   5a. Gyro Donair Combo: 1 active modifier groups
2025-12-28 13:11:18,044 - DEBUG -     Linked: 5a. Gyro Donair Combo -> Gyro Combos Side Dishes
2025-12-28 13:11:18,246 - DEBUG -     Details: Plat d’accompagnement (min:1, max:1, free:0, order:5)
2025-12-28 13:11:18,246 - INFO -     -> 1 links, 1 details
2025-12-28 13:11:18,247 - INFO -   [16/49] 5a. Gyro Filet Mignon Combo (V3: 153071, source_id: 75564)
2025-12-28 13:11:20,097 - DEBUG -   Found active group: Gyro Combos Side Dishes (V1 ID: 6968, Category: sd)
2025-12-28 13:11:20,104 - INFO -   5a. Gyro Filet Mignon Combo: 1 active modifier groups
2025-12-28 13:11:20,417 - DEBUG -     Linked: 5a. Gyro Filet Mignon Combo -> Gyro Combos Side Dishes
2025-12-28 13:11:20,588 - DEBUG -     Details: Plat d’accompagnement (min:1, max:1, free:0, order:5)
2025-12-28 13:11:20,588 - INFO -     -> 1 links, 1 details
2025-12-28 13:11:20,589 - INFO -   [17/49] 6 Mini Beignets (V3: 153097, source_id: 113085)
2025-12-28 13:11:22,453 - DEBUG -   Found active group: Mini Beignets Dips (V1 ID: 10505, Category: sa)
2025-12-28 13:11:22,462 - INFO -   6 Mini Beignets: 1 active modifier groups
2025-12-28 13:11:22,761 - DEBUG -     Linked: 6 Mini Beignets -> Mini Beignets Dips
2025-12-28 13:11:22,933 - DEBUG -     Details: Trempette (min:0, max:0, free:0, order:4)
2025-12-28 13:11:22,934 - INFO -     -> 1 links, 1 details
2025-12-28 13:11:22,934 - INFO -   [18/49] 7 Up (V3: 153103, source_id: 77398)
2025-12-28 13:11:25,142 - DEBUG -   No active modifier groups for dish 7 Up
2025-12-28 13:11:25,142 - INFO -     -> 0 links, 0 details
2025-12-28 13:11:25,142 - INFO -   [19/49] Baklava (1 gros morceau) (V3: 153091, source_id: 102293)
2025-12-28 13:11:26,988 - DEBUG -   No active modifier groups for dish Baklava (1 gros morceau)
2025-12-28 13:11:26,988 - INFO -     -> 0 links, 0 details
2025-12-28 13:11:26,988 - INFO -   Progress: 20/49 dishes
2025-12-28 13:11:26,988 - INFO -   [20/49] Brisk (V3: 153105, source_id: 77400)
2025-12-28 13:11:28,941 - DEBUG -   No active modifier groups for dish Brisk
2025-12-28 13:11:28,941 - INFO -     -> 0 links, 0 details
2025-12-28 13:11:28,941 - INFO -   [21/49] Brochette de Crevettes (V3: 153077, source_id: 75569)
2025-12-28 13:11:30,813 - DEBUG -   No active modifier groups for dish Brochette de Crevettes
2025-12-28 13:11:30,813 - INFO -     -> 0 links, 0 details
2025-12-28 13:11:30,813 - INFO -   [22/49] Brochette de Filet Mignon (V3: 153075, source_id: 75567)
2025-12-28 13:11:32,655 - DEBUG -   No active modifier groups for dish Brochette de Filet Mignon
2025-12-28 13:11:32,655 - INFO -     -> 0 links, 0 details
2025-12-28 13:11:32,655 - INFO -   [23/49] Brochette de Poulet Marinée (V3: 153074, source_id: 75566)
2025-12-28 13:11:34,503 - DEBUG -   No active modifier groups for dish Brochette de Poulet Marinée
2025-12-28 13:11:34,504 - INFO -     -> 0 links, 0 details
2025-12-28 13:11:34,504 - INFO -   [24/49] Brochette de Souvlaki (V3: 153076, source_id: 75568)
2025-12-28 13:11:36,342 - DEBUG -   No active modifier groups for dish Brochette de Souvlaki
2025-12-28 13:11:36,342 - INFO -     -> 0 links, 0 details
2025-12-28 13:11:36,342 - INFO -   [25/49] Brownies pour enfant (V3: 153094, source_id: 110821)
2025-12-28 13:11:38,204 - DEBUG -   No active modifier groups for dish Brownies pour enfant
2025-12-28 13:11:38,204 - INFO -     -> 0 links, 0 details
2025-12-28 13:11:38,204 - INFO -   [26/49] Cream Soda (V3: 153107, source_id: 77402)
2025-12-28 13:11:40,077 - DEBUG -   No active modifier groups for dish Cream Soda
2025-12-28 13:11:40,077 - INFO -     -> 0 links, 0 details
2025-12-28 13:11:40,077 - INFO -   [27/49] Diet Pepsi (V3: 153102, source_id: 77397)
2025-12-28 13:11:41,927 - DEBUG -   No active modifier groups for dish Diet Pepsi
2025-12-28 13:11:41,927 - INFO -     -> 0 links, 0 details
2025-12-28 13:11:41,927 - INFO -   [28/49] Eau en Bouteille (V3: 153110, source_id: 77405)
2025-12-28 13:11:43,762 - DEBUG -   No active modifier groups for dish Eau en Bouteille
2025-12-28 13:11:43,762 - INFO -     -> 0 links, 0 details
2025-12-28 13:11:43,762 - INFO -   [29/49] Fromage Feta et Olives (V3: 153085, source_id: 75577)
2025-12-28 13:11:45,624 - DEBUG -   No active modifier groups for dish Fromage Feta et Olives
2025-12-28 13:11:45,624 - INFO -     -> 0 links, 0 details
2025-12-28 13:11:45,624 - INFO -   Progress: 30/49 dishes
2025-12-28 13:11:45,625 - INFO -   [30/49] Gateaux carrots (V3: 153095, source_id: 110822)
2025-12-28 13:11:47,490 - DEBUG -   No active modifier groups for dish Gateaux carrots
2025-12-28 13:11:47,490 - INFO -     -> 0 links, 0 details
2025-12-28 13:11:47,490 - INFO -   [31/49] Gateaux Fromage (V3: 153093, source_id: 110820)
2025-12-28 13:11:49,415 - DEBUG -   No active modifier groups for dish Gateaux Fromage
2025-12-28 13:11:49,416 - INFO -     -> 0 links, 0 details
2025-12-28 13:11:49,416 - INFO -   [32/49] Ginger Ale (V3: 153106, source_id: 77401)
2025-12-28 13:11:51,279 - DEBUG -   No active modifier groups for dish Ginger Ale
2025-12-28 13:11:51,279 - INFO -     -> 0 links, 0 details
2025-12-28 13:11:51,279 - INFO -   [33/49] Orange Crush (V3: 153104, source_id: 77399)
2025-12-28 13:11:53,131 - DEBUG -   No active modifier groups for dish Orange Crush
2025-12-28 13:11:53,131 - INFO -     -> 0 links, 0 details
2025-12-28 13:11:53,131 - INFO -   [34/49] Orange Juice (V3: 153108, source_id: 77403)
2025-12-28 13:11:55,017 - DEBUG -   No active modifier groups for dish Orange Juice
2025-12-28 13:11:55,017 - INFO -     -> 0 links, 0 details
2025-12-28 13:11:55,017 - INFO -   [35/49] Pain à l'ail (V3: 153089, source_id: 75581)
2025-12-28 13:11:56,854 - DEBUG -   No active modifier groups for dish Pain à l'ail
2025-12-28 13:11:56,854 - INFO -     -> 0 links, 0 details
2025-12-28 13:11:56,854 - INFO -   [36/49] Patates Grecques (V3: 153087, source_id: 75579)
2025-12-28 13:11:58,704 - DEBUG -   No active modifier groups for dish Patates Grecques
2025-12-28 13:11:58,704 - INFO -     -> 0 links, 0 details
2025-12-28 13:11:58,704 - INFO -   [37/49] Pepsi (V3: 153101, source_id: 77396)
2025-12-28 13:12:00,549 - DEBUG -   No active modifier groups for dish Pepsi
2025-12-28 13:12:00,549 - INFO -     -> 0 links, 0 details
2025-12-28 13:12:00,549 - INFO -   [38/49] Repas Pour Deux (V3: 153078, source_id: 75570)
2025-12-28 13:12:02,392 - DEBUG -   No active modifier groups for dish Repas Pour Deux
2025-12-28 13:12:02,392 - INFO -     -> 0 links, 0 details
2025-12-28 13:12:02,392 - INFO -   [39/49] Repas Pour Quatre (V3: 153080, source_id: 75572)
2025-12-28 13:12:04,234 - DEBUG -   No active modifier groups for dish Repas Pour Quatre
2025-12-28 13:12:04,234 - INFO -     -> 0 links, 0 details
2025-12-28 13:12:04,234 - INFO -   Progress: 40/49 dishes
2025-12-28 13:12:04,235 - INFO -   [40/49] Repas Pour Trois (V3: 153079, source_id: 75571)
2025-12-28 13:12:06,090 - DEBUG -   No active modifier groups for dish Repas Pour Trois
2025-12-28 13:12:06,090 - INFO -     -> 0 links, 0 details
2025-12-28 13:12:06,090 - INFO -   [41/49] Riz (V3: 153088, source_id: 75580)
2025-12-28 13:12:07,947 - DEBUG -   No active modifier groups for dish Riz
2025-12-28 13:12:07,948 - INFO -     -> 0 links, 0 details
2025-12-28 13:12:07,948 - INFO -   [42/49] Root Beer (V3: 153109, source_id: 77404)
2025-12-28 13:12:09,830 - DEBUG -   No active modifier groups for dish Root Beer
2025-12-28 13:12:09,830 - INFO -     -> 0 links, 0 details
2025-12-28 13:12:09,830 - INFO -   [43/49] Salade César (V3: 153083, source_id: 75575)
2025-12-28 13:12:11,676 - DEBUG -   No active modifier groups for dish Salade César
2025-12-28 13:12:11,676 - INFO -     -> 0 links, 0 details
2025-12-28 13:12:11,676 - INFO -   [44/49] Salade de Poulet Suprême (V3: 153084, source_id: 75576)
2025-12-28 13:12:13,530 - DEBUG -   No active modifier groups for dish Salade de Poulet Suprême
2025-12-28 13:12:13,530 - INFO -     -> 0 links, 0 details
2025-12-28 13:12:13,530 - INFO -   [45/49] Salade Grecque (V3: 153081, source_id: 75573)
2025-12-28 13:12:15,379 - DEBUG -   No active modifier groups for dish Salade Grecque
2025-12-28 13:12:15,379 - INFO -     -> 0 links, 0 details
2025-12-28 13:12:15,379 - INFO -   [46/49] Salade Maison (V3: 153082, source_id: 75574)
2025-12-28 13:12:17,216 - DEBUG -   No active modifier groups for dish Salade Maison
2025-12-28 13:12:17,216 - INFO -     -> 0 links, 0 details
2025-12-28 13:12:17,216 - INFO -   [47/49] Sauce Tzatziki (V3: 153086, source_id: 75578)
2025-12-28 13:12:19,072 - DEBUG -   No active modifier groups for dish Sauce Tzatziki
2025-12-28 13:12:19,072 - INFO -     -> 0 links, 0 details
2025-12-28 13:12:19,072 - INFO -   [48/49] Tartelette 3 choco (V3: 153092, source_id: 110819)
2025-12-28 13:12:20,911 - DEBUG -   No active modifier groups for dish Tartelette 3 choco
2025-12-28 13:12:20,911 - INFO -     -> 0 links, 0 details
2025-12-28 13:12:20,912 - INFO -   [49/49] Tartellete sirop d'érable du Québec (V3: 153096, source_id: 110823)
2025-12-28 13:12:22,790 - DEBUG -   No active modifier groups for dish Tartellete sirop d'érable du Québec
2025-12-28 13:12:22,790 - INFO -     -> 0 links, 0 details
2025-12-28 13:12:22,790 - INFO -   Result: 49 processed, 0 skipped, 10 links, 10 details
2025-12-28 13:12:22,791 - INFO - ----------------------------------------
2025-12-28 13:12:22,791 - INFO - [10/20] Processing: Papa Grecque Maloney (V3: 616, V1: 840)
2025-12-28 13:12:22,939 - INFO -   [1/55] 1. Souvlaki (V3: 153111, source_id: 84733)
2025-12-28 13:12:24,770 - DEBUG -   No active modifier groups for dish 1. Souvlaki
2025-12-28 13:12:24,770 - INFO -     -> 0 links, 0 details
2025-12-28 13:12:24,770 - INFO -   [2/55] 12 Mini Beignets (V3: 153153, source_id: 112329)
2025-12-28 13:12:26,617 - DEBUG -   Found active group: Mini Beignets Dips (V1 ID: 10506, Category: sa)
2025-12-28 13:12:26,625 - INFO -   12 Mini Beignets: 1 active modifier groups
2025-12-28 13:12:26,899 - DEBUG -     Linked: 12 Mini Beignets -> Mini Beignets Dips
2025-12-28 13:12:27,062 - DEBUG -     Details: Trempette (min:0, max:0, free:0, order:4)
2025-12-28 13:12:27,062 - INFO -     -> 1 links, 1 details
2025-12-28 13:12:27,063 - INFO -   [3/55] 1a. Souvlaki Combo (V3: 153112, source_id: 84738)
2025-12-28 13:12:28,932 - DEBUG -   Found active group: Gyro Combos Side Dishes (V1 ID: 7890, Category: sd)
2025-12-28 13:12:28,939 - INFO -   1a. Souvlaki Combo: 1 active modifier groups
2025-12-28 13:12:29,230 - DEBUG -     Linked: 1a. Souvlaki Combo -> Gyro Combos Side Dishes
2025-12-28 13:12:29,451 - DEBUG -     Details: Plat d’accompagnement (min:1, max:1, free:0, order:5)
2025-12-28 13:12:29,451 - INFO -     -> 1 links, 1 details
2025-12-28 13:12:29,451 - INFO -   [4/55] 2. BLT (V3: 153113, source_id: 84734)
2025-12-28 13:12:31,300 - DEBUG -   No active modifier groups for dish 2. BLT
2025-12-28 13:12:31,300 - INFO -     -> 0 links, 0 details
2025-12-28 13:12:31,300 - INFO -   [5/55] 24 Mini Beignets (V3: 153154, source_id: 113057)
2025-12-28 13:12:33,146 - DEBUG -   Found active group: Mini Beignets Dips (V1 ID: 10506, Category: sa)
2025-12-28 13:12:33,154 - INFO -   24 Mini Beignets: 1 active modifier groups
2025-12-28 13:12:33,434 - DEBUG -     Linked: 24 Mini Beignets -> Mini Beignets Dips
2025-12-28 13:12:33,593 - DEBUG -     Details: Trempette (min:0, max:0, free:0, order:4)
2025-12-28 13:12:33,593 - INFO -     -> 1 links, 1 details
2025-12-28 13:12:33,594 - INFO -   [6/55] 2a. BLT Combo (V3: 153114, source_id: 84739)
2025-12-28 13:12:35,461 - DEBUG -   Found active group: Gyro Combos Side Dishes (V1 ID: 7890, Category: sd)
2025-12-28 13:12:35,469 - INFO -   2a. BLT Combo: 1 active modifier groups
2025-12-28 13:12:35,768 - DEBUG -     Linked: 2a. BLT Combo -> Gyro Combos Side Dishes
2025-12-28 13:12:35,927 - DEBUG -     Details: Plat d’accompagnement (min:1, max:1, free:0, order:5)
2025-12-28 13:12:35,927 - INFO -     -> 1 links, 1 details
2025-12-28 13:12:35,927 - INFO -   [7/55] 3. Gyro Poulet César (V3: 153115, source_id: 84735)
2025-12-28 13:12:37,771 - DEBUG -   No active modifier groups for dish 3. Gyro Poulet César
2025-12-28 13:12:37,771 - INFO -     -> 0 links, 0 details
2025-12-28 13:12:37,771 - INFO -   [8/55] 36 Mini Beignets (V3: 153155, source_id: 113058)
2025-12-28 13:12:39,612 - DEBUG -   Found active group: Mini Beignets Dips (V1 ID: 10506, Category: sa)
2025-12-28 13:12:39,620 - INFO -   36 Mini Beignets: 1 active modifier groups
2025-12-28 13:12:39,909 - DEBUG -     Linked: 36 Mini Beignets -> Mini Beignets Dips
2025-12-28 13:12:40,074 - DEBUG -     Details: Trempette (min:0, max:0, free:0, order:4)
2025-12-28 13:12:40,074 - INFO -     -> 1 links, 1 details
2025-12-28 13:12:40,074 - INFO -   [9/55] 3a. Gyro Poulet César Combo (V3: 153116, source_id: 84740)
2025-12-28 13:12:41,911 - DEBUG -   Found active group: Gyro Combos Side Dishes (V1 ID: 7890, Category: sd)
2025-12-28 13:12:41,918 - INFO -   3a. Gyro Poulet César Combo: 1 active modifier groups
2025-12-28 13:12:42,202 - DEBUG -     Linked: 3a. Gyro Poulet César Combo -> Gyro Combos Side Dishes
2025-12-28 13:12:42,370 - DEBUG -     Details: Plat d’accompagnement (min:1, max:1, free:0, order:5)
2025-12-28 13:12:42,370 - INFO -     -> 1 links, 1 details
2025-12-28 13:12:42,370 - INFO -   Progress: 10/55 dishes
2025-12-28 13:12:42,371 - INFO -   [10/55] 4 Pains Pita (V3: 153144, source_id: 84759)
2025-12-28 13:12:44,213 - DEBUG -   No active modifier groups for dish 4 Pains Pita
2025-12-28 13:12:44,213 - INFO -     -> 0 links, 0 details
2025-12-28 13:12:44,213 - INFO -   [11/55] 4. Gyro Vegetarien (V3: 153117, source_id: 90917)
2025-12-28 13:12:46,057 - DEBUG -   No active modifier groups for dish 4. Gyro Vegetarien
2025-12-28 13:12:46,057 - INFO -     -> 0 links, 0 details
2025-12-28 13:12:46,057 - INFO -   [12/55] 4a. Gyro Vegetarien Combo (V3: 153118, source_id: 90918)
2025-12-28 13:12:47,910 - DEBUG -   Found active group: Gyro Combos Side Dishes (V1 ID: 7890, Category: sd)
2025-12-28 13:12:47,918 - INFO -   4a. Gyro Vegetarien Combo: 1 active modifier groups
2025-12-28 13:12:48,212 - DEBUG -     Linked: 4a. Gyro Vegetarien Combo -> Gyro Combos Side Dishes
2025-12-28 13:12:48,375 - DEBUG -     Details: Plat d’accompagnement (min:1, max:1, free:0, order:5)
2025-12-28 13:12:48,375 - INFO -     -> 1 links, 1 details
2025-12-28 13:12:48,376 - INFO -   [13/55] 5. Gyro Donair (V3: 153121, source_id: 84737)
2025-12-28 13:12:50,520 - DEBUG -   No active modifier groups for dish 5. Gyro Donair
2025-12-28 13:12:50,520 - INFO -     -> 0 links, 0 details
2025-12-28 13:12:50,520 - INFO -   [14/55] 5. Gyro Filet Mignon (V3: 153119, source_id: 84736)
2025-12-28 13:12:52,407 - DEBUG -   No active modifier groups for dish 5. Gyro Filet Mignon
2025-12-28 13:12:52,407 - INFO -     -> 0 links, 0 details
2025-12-28 13:12:52,407 - INFO -   [15/55] 5a. Gyro Donair Combo (V3: 153122, source_id: 84742)
2025-12-28 13:12:54,249 - DEBUG -   Found active group: Gyro Combos Side Dishes (V1 ID: 7890, Category: sd)
2025-12-28 13:12:54,256 - INFO -   5a. Gyro Donair Combo: 1 active modifier groups
2025-12-28 13:12:54,519 - DEBUG -     Linked: 5a. Gyro Donair Combo -> Gyro Combos Side Dishes
2025-12-28 13:12:54,681 - DEBUG -     Details: Plat d’accompagnement (min:1, max:1, free:0, order:5)
2025-12-28 13:12:54,681 - INFO -     -> 1 links, 1 details
2025-12-28 13:12:54,682 - INFO -   [16/55] 5a. Gyro Filet Mignon Combo (V3: 153120, source_id: 84741)
2025-12-28 13:12:56,531 - DEBUG -   Found active group: Gyro Combos Side Dishes (V1 ID: 7890, Category: sd)
2025-12-28 13:12:56,538 - INFO -   5a. Gyro Filet Mignon Combo: 1 active modifier groups
2025-12-28 13:12:56,815 - DEBUG -     Linked: 5a. Gyro Filet Mignon Combo -> Gyro Combos Side Dishes
2025-12-28 13:12:56,976 - DEBUG -     Details: Plat d’accompagnement (min:1, max:1, free:0, order:5)
2025-12-28 13:12:56,976 - INFO -     -> 1 links, 1 details
2025-12-28 13:12:56,977 - INFO -   [17/55] 6 Mini Beignets (V3: 153152, source_id: 113086)
2025-12-28 13:12:58,835 - DEBUG -   Found active group: Mini Beignets Dips (V1 ID: 10506, Category: sa)
2025-12-28 13:12:58,843 - INFO -   6 Mini Beignets: 1 active modifier groups
2025-12-28 13:12:59,122 - DEBUG -     Linked: 6 Mini Beignets -> Mini Beignets Dips
2025-12-28 13:12:59,299 - DEBUG -     Details: Trempette (min:0, max:0, free:0, order:4)
2025-12-28 13:12:59,299 - INFO -     -> 1 links, 1 details
2025-12-28 13:12:59,300 - INFO -   [18/55] 7 Up (V3: 153158, source_id: 84762)
2025-12-28 13:13:01,216 - DEBUG -   No active modifier groups for dish 7 Up
2025-12-28 13:13:01,216 - INFO -     -> 0 links, 0 details
2025-12-28 13:13:01,216 - INFO -   [19/55] Baklava (1 gros morceau) (V3: 153146, source_id: 102296)
2025-12-28 13:13:03,046 - DEBUG -   No active modifier groups for dish Baklava (1 gros morceau)
2025-12-28 13:13:03,047 - INFO -     -> 0 links, 0 details
2025-12-28 13:13:03,047 - INFO -   Progress: 20/55 dishes
2025-12-28 13:13:03,047 - INFO -   [20/55] Brisk (V3: 153160, source_id: 84764)
2025-12-28 13:13:04,893 - DEBUG -   No active modifier groups for dish Brisk
2025-12-28 13:13:04,893 - INFO -     -> 0 links, 0 details
2025-12-28 13:13:04,893 - INFO -   [21/55] Brochette de Crevettes (V3: 153126, source_id: 84746)
2025-12-28 13:13:06,756 - DEBUG -   No active modifier groups for dish Brochette de Crevettes
2025-12-28 13:13:06,756 - INFO -     -> 0 links, 0 details
2025-12-28 13:13:06,756 - INFO -   [22/55] Brochette de Filet Mignon (V3: 153124, source_id: 84744)
2025-12-28 13:13:08,584 - DEBUG -   No active modifier groups for dish Brochette de Filet Mignon
2025-12-28 13:13:08,584 - INFO -     -> 0 links, 0 details
2025-12-28 13:13:08,584 - INFO -   [23/55] Brochette de Poulet Marinée (V3: 153123, source_id: 84743)
2025-12-28 13:13:10,422 - DEBUG -   No active modifier groups for dish Brochette de Poulet Marinée
2025-12-28 13:13:10,422 - INFO -     -> 0 links, 0 details
2025-12-28 13:13:10,422 - INFO -   [24/55] Brochette de Souvlaki (V3: 153125, source_id: 84745)
2025-12-28 13:13:12,264 - DEBUG -   No active modifier groups for dish Brochette de Souvlaki
2025-12-28 13:13:12,264 - INFO -     -> 0 links, 0 details
2025-12-28 13:13:12,264 - INFO -   [25/55] Brownies pour enfant (V3: 153149, source_id: 110826)
2025-12-28 13:13:14,102 - DEBUG -   No active modifier groups for dish Brownies pour enfant
2025-12-28 13:13:14,103 - INFO -     -> 0 links, 0 details
2025-12-28 13:13:14,103 - INFO -   [26/55] Cream Soda (V3: 153162, source_id: 84766)
2025-12-28 13:13:16,045 - DEBUG -   No active modifier groups for dish Cream Soda
2025-12-28 13:13:16,045 - INFO -     -> 0 links, 0 details
2025-12-28 13:13:16,045 - INFO -   [27/55] Diet Pepsi (V3: 153157, source_id: 84761)
2025-12-28 13:13:17,892 - DEBUG -   No active modifier groups for dish Diet Pepsi
2025-12-28 13:13:17,892 - INFO -     -> 0 links, 0 details
2025-12-28 13:13:17,892 - INFO -   [28/55] Eau en Bouteille (V3: 153165, source_id: 84769)
2025-12-28 13:13:19,754 - DEBUG -   No active modifier groups for dish Eau en Bouteille
2025-12-28 13:13:19,754 - INFO -     -> 0 links, 0 details
2025-12-28 13:13:19,754 - INFO -   [29/55] Fromage Feta et Olives (V3: 153139, source_id: 84754)
2025-12-28 13:13:21,595 - DEBUG -   No active modifier groups for dish Fromage Feta et Olives
2025-12-28 13:13:21,595 - INFO -     -> 0 links, 0 details
2025-12-28 13:13:21,595 - INFO -   Progress: 30/55 dishes
2025-12-28 13:13:21,595 - INFO -   [30/55] Gateaux carrots (V3: 153150, source_id: 110827)
2025-12-28 13:13:23,431 - DEBUG -   No active modifier groups for dish Gateaux carrots
2025-12-28 13:13:23,432 - INFO -     -> 0 links, 0 details
2025-12-28 13:13:23,432 - INFO -   [31/55] Gateaux Fromage (V3: 153148, source_id: 110825)
2025-12-28 13:13:25,263 - DEBUG -   No active modifier groups for dish Gateaux Fromage
2025-12-28 13:13:25,263 - INFO -     -> 0 links, 0 details
2025-12-28 13:13:25,263 - INFO -   [32/55] Ginger Ale (V3: 153161, source_id: 84765)
2025-12-28 13:13:27,114 - DEBUG -   No active modifier groups for dish Ginger Ale
2025-12-28 13:13:27,114 - INFO -     -> 0 links, 0 details
2025-12-28 13:13:27,114 - INFO -   [33/55] Le Bol Suprême Crevettes (V3: 153132, source_id: 122694)
2025-12-28 13:13:28,975 - DEBUG -   Found active group: Le Bol Suprême Extra Cheese (V1 ID: 11268, Category: e)
2025-12-28 13:13:28,979 - INFO -   Le Bol Suprême Crevettes: 1 active modifier groups
2025-12-28 13:13:29,282 - DEBUG -     Linked: Le Bol Suprême Crevettes -> Le Bol Suprême Extra Cheese
2025-12-28 13:13:29,447 - DEBUG -     Details: Extras (min:0, max:0, free:0, order:7)
2025-12-28 13:13:29,447 - INFO -     -> 1 links, 1 details
2025-12-28 13:13:29,448 - INFO -   [34/55] Le Bol Suprême Donair (V3: 153131, source_id: 122693)
2025-12-28 13:13:31,328 - DEBUG -   Found active group: Le Bol Suprême Extra Cheese (V1 ID: 11268, Category: e)
2025-12-28 13:13:31,333 - INFO -   Le Bol Suprême Donair: 1 active modifier groups
2025-12-28 13:13:31,607 - DEBUG -     Linked: Le Bol Suprême Donair -> Le Bol Suprême Extra Cheese
2025-12-28 13:13:31,773 - DEBUG -     Details: Extras (min:0, max:0, free:0, order:7)
2025-12-28 13:13:31,773 - INFO -     -> 1 links, 1 details
2025-12-28 13:13:31,774 - INFO -   [35/55] Le Bol Suprême Poulet (V3: 153130, source_id: 122692)
2025-12-28 13:13:33,630 - DEBUG -   Found active group: Le Bol Suprême Extra Cheese (V1 ID: 11268, Category: e)
2025-12-28 13:13:33,635 - INFO -   Le Bol Suprême Poulet: 1 active modifier groups
2025-12-28 13:13:33,909 - DEBUG -     Linked: Le Bol Suprême Poulet -> Le Bol Suprême Extra Cheese
2025-12-28 13:13:34,068 - DEBUG -     Details: Extras (min:0, max:0, free:0, order:7)
2025-12-28 13:13:34,069 - INFO -     -> 1 links, 1 details
2025-12-28 13:13:34,069 - INFO -   [36/55] Le Bol Suprême Steak (V3: 153134, source_id: 122696)
2025-12-28 13:13:35,939 - DEBUG -   Found active group: Le Bol Suprême Extra Cheese (V1 ID: 11268, Category: e)
2025-12-28 13:13:35,944 - INFO -   Le Bol Suprême Steak: 1 active modifier groups
2025-12-28 13:13:36,223 - DEBUG -     Linked: Le Bol Suprême Steak -> Le Bol Suprême Extra Cheese
2025-12-28 13:13:36,379 - DEBUG -     Details: Extras (min:0, max:0, free:0, order:7)
2025-12-28 13:13:36,379 - INFO -     -> 1 links, 1 details
2025-12-28 13:13:36,379 - INFO -   [37/55] Le Bol Suprême Veggie (V3: 153133, source_id: 122695)
2025-12-28 13:13:38,245 - DEBUG -   Found active group: Le Bol Suprême Extra Cheese (V1 ID: 11268, Category: e)
2025-12-28 13:13:38,250 - INFO -   Le Bol Suprême Veggie: 1 active modifier groups
2025-12-28 13:13:38,645 - DEBUG -     Linked: Le Bol Suprême Veggie -> Le Bol Suprême Extra Cheese
2025-12-28 13:13:38,813 - DEBUG -     Details: Extras (min:0, max:0, free:0, order:7)
2025-12-28 13:13:38,814 - INFO -     -> 1 links, 1 details
2025-12-28 13:13:38,815 - INFO -   [38/55] Orange Crush (V3: 153159, source_id: 84763)
2025-12-28 13:13:41,092 - DEBUG -   No active modifier groups for dish Orange Crush
2025-12-28 13:13:41,092 - INFO -     -> 0 links, 0 details
2025-12-28 13:13:41,092 - INFO -   [39/55] Orange Juice (V3: 153163, source_id: 84767)
2025-12-28 13:13:42,939 - DEBUG -   No active modifier groups for dish Orange Juice
2025-12-28 13:13:42,939 - INFO -     -> 0 links, 0 details
2025-12-28 13:13:42,939 - INFO -   Progress: 40/55 dishes
2025-12-28 13:13:42,939 - INFO -   [40/55] Pain à l'ail (V3: 153143, source_id: 84758)
2025-12-28 13:13:44,793 - DEBUG -   No active modifier groups for dish Pain à l'ail
2025-12-28 13:13:44,793 - INFO -     -> 0 links, 0 details
2025-12-28 13:13:44,793 - INFO -   [41/55] Patates Grecques (V3: 153141, source_id: 84756)
2025-12-28 13:13:46,631 - DEBUG -   No active modifier groups for dish Patates Grecques
2025-12-28 13:13:46,631 - INFO -     -> 0 links, 0 details
2025-12-28 13:13:46,631 - INFO -   [42/55] Pepsi (V3: 153156, source_id: 84760)
2025-12-28 13:13:48,521 - DEBUG -   No active modifier groups for dish Pepsi
2025-12-28 13:13:48,521 - INFO -     -> 0 links, 0 details
2025-12-28 13:13:48,521 - INFO -   [43/55] Repas Pour Deux (V3: 153127, source_id: 84747)
2025-12-28 13:13:50,464 - DEBUG -   No active modifier groups for dish Repas Pour Deux
2025-12-28 13:13:50,464 - INFO -     -> 0 links, 0 details
2025-12-28 13:13:50,465 - INFO -   [44/55] Repas Pour Quatre (V3: 153129, source_id: 84749)
2025-12-28 13:13:52,307 - DEBUG -   No active modifier groups for dish Repas Pour Quatre
2025-12-28 13:13:52,307 - INFO -     -> 0 links, 0 details
2025-12-28 13:13:52,307 - INFO -   [45/55] Repas Pour Trois (V3: 153128, source_id: 84748)
2025-12-28 13:13:54,151 - DEBUG -   No active modifier groups for dish Repas Pour Trois
2025-12-28 13:13:54,151 - INFO -     -> 0 links, 0 details
2025-12-28 13:13:54,151 - INFO -   [46/55] Riz (V3: 153142, source_id: 84757)
2025-12-28 13:13:56,000 - DEBUG -   No active modifier groups for dish Riz
2025-12-28 13:13:56,000 - INFO -     -> 0 links, 0 details
2025-12-28 13:13:56,000 - INFO -   [47/55] Root Beer (V3: 153164, source_id: 84768)
2025-12-28 13:13:57,866 - DEBUG -   No active modifier groups for dish Root Beer
2025-12-28 13:13:57,866 - INFO -     -> 0 links, 0 details
2025-12-28 13:13:57,866 - INFO -   [48/55] Salade César (V3: 153137, source_id: 84752)
2025-12-28 13:13:59,715 - DEBUG -   No active modifier groups for dish Salade César
2025-12-28 13:13:59,715 - INFO -     -> 0 links, 0 details
2025-12-28 13:13:59,715 - INFO -   [49/55] Salade de Poulet Suprême (V3: 153138, source_id: 84753)
2025-12-28 13:14:01,562 - DEBUG -   No active modifier groups for dish Salade de Poulet Suprême
2025-12-28 13:14:01,563 - INFO -     -> 0 links, 0 details
2025-12-28 13:14:01,563 - INFO -   Progress: 50/55 dishes
2025-12-28 13:14:01,563 - INFO -   [50/55] Salade Grecque (V3: 153135, source_id: 84750)
2025-12-28 13:14:03,399 - DEBUG -   No active modifier groups for dish Salade Grecque
2025-12-28 13:14:03,400 - INFO -     -> 0 links, 0 details
2025-12-28 13:14:03,400 - INFO -   [51/55] Salade Maison (V3: 153136, source_id: 84751)
2025-12-28 13:14:05,253 - DEBUG -   No active modifier groups for dish Salade Maison
2025-12-28 13:14:05,254 - INFO -     -> 0 links, 0 details
2025-12-28 13:14:05,254 - INFO -   [52/55] Sauce Tzatziki (V3: 153140, source_id: 84755)
2025-12-28 13:14:07,082 - DEBUG -   No active modifier groups for dish Sauce Tzatziki
2025-12-28 13:14:07,082 - INFO -     -> 0 links, 0 details
2025-12-28 13:14:07,082 - INFO -   [53/55] Tartelette 3 choco (V3: 153147, source_id: 110824)
2025-12-28 13:14:08,920 - DEBUG -   No active modifier groups for dish Tartelette 3 choco
2025-12-28 13:14:08,920 - INFO -     -> 0 links, 0 details
2025-12-28 13:14:08,920 - INFO -   [54/55] Tartellete de saison (V3: 153151, source_id: 110828)
2025-12-28 13:14:10,780 - DEBUG -   No active modifier groups for dish Tartellete de saison
2025-12-28 13:14:10,780 - INFO -     -> 0 links, 0 details
2025-12-28 13:14:10,780 - INFO -   [55/55] Tartellete sirop de d'érable du Quebec (V3: 153145, source_id: 121150)
2025-12-28 13:14:12,638 - DEBUG -   No active modifier groups for dish Tartellete sirop de d'érable du Quebec
2025-12-28 13:14:12,638 - INFO -     -> 0 links, 0 details
2025-12-28 13:14:12,638 - INFO -   Result: 55 processed, 0 skipped, 15 links, 15 details
2025-12-28 13:14:12,638 - INFO - ----------------------------------------
2025-12-28 13:14:12,638 - INFO - [11/20] Processing: Papa Pizza - Hull (V3: 70, V1: 184)
2025-12-28 13:14:12,844 - INFO -   [1/148] 1 Grande avec Grande Poutines et 3 Canettes Pepsi (V3: 162281, source_id: 77732)
2025-12-28 13:14:14,690 - DEBUG -   No active modifier groups for dish 1 Grande avec Grande Poutines et 3 Canettes Pepsi
2025-12-28 13:14:14,690 - INFO -     -> 0 links, 0 details
2025-12-28 13:14:14,690 - INFO -   [2/148] 1 Grande et Ailes (V3: 162257, source_id: 17383)
2025-12-28 13:14:16,588 - DEBUG -   No active modifier groups for dish 1 Grande et Ailes
2025-12-28 13:14:16,588 - INFO -     -> 0 links, 0 details
2025-12-28 13:14:16,588 - INFO -   [3/148] 1 Grande et Ailes (V3: 162260, source_id: 17386)
2025-12-28 13:14:18,427 - DEBUG -   No active modifier groups for dish 1 Grande et Ailes
2025-12-28 13:14:18,427 - INFO -     -> 0 links, 0 details
2025-12-28 13:14:18,427 - INFO -   [4/148] 1 Grande et Nachos (V3: 162263, source_id: 13364)
2025-12-28 13:14:20,280 - DEBUG -   No active modifier groups for dish 1 Grande et Nachos
2025-12-28 13:14:20,281 - INFO -     -> 0 links, 0 details
2025-12-28 13:14:20,281 - INFO -   [5/148] 1 Grande et Nachos (V3: 162266, source_id: 17389)
2025-12-28 13:14:22,130 - DEBUG -   No active modifier groups for dish 1 Grande et Nachos
2025-12-28 13:14:22,130 - INFO -     -> 0 links, 0 details
2025-12-28 13:14:22,130 - INFO -   [6/148] 1 Grande No 1 (V3: 162276, source_id: 17400)
2025-12-28 13:14:24,006 - DEBUG -   No active modifier groups for dish 1 Grande No 1
2025-12-28 13:14:24,006 - INFO -     -> 0 links, 0 details
2025-12-28 13:14:24,006 - INFO -   [7/148] 1 Moyenne avec Grande Poutines et 2 Canettes Pepsi (V3: 162280, source_id: 77731)
2025-12-28 13:14:25,874 - DEBUG -   No active modifier groups for dish 1 Moyenne avec Grande Poutines et 2 Canettes Pepsi
2025-12-28 13:14:25,874 - INFO -     -> 0 links, 0 details
2025-12-28 13:14:25,874 - INFO -   [8/148] 1 Moyenne et Ailes (V3: 162259, source_id: 17385)
2025-12-28 13:14:27,704 - DEBUG -   No active modifier groups for dish 1 Moyenne et Ailes
2025-12-28 13:14:27,704 - INFO -     -> 0 links, 0 details
2025-12-28 13:14:27,704 - INFO -   [9/148] 1 Moyenne et Ailes (V3: 162256, source_id: 17382)
2025-12-28 13:14:29,583 - DEBUG -   No active modifier groups for dish 1 Moyenne et Ailes
2025-12-28 13:14:29,583 - INFO -     -> 0 links, 0 details
2025-12-28 13:14:29,583 - INFO -   Progress: 10/148 dishes
2025-12-28 13:14:29,583 - INFO -   [10/148] 1 Moyenne et Nachos (V3: 162262, source_id: 13363)
2025-12-28 13:14:31,434 - DEBUG -   No active modifier groups for dish 1 Moyenne et Nachos
2025-12-28 13:14:31,434 - INFO -     -> 0 links, 0 details
2025-12-28 13:14:31,434 - INFO -   [11/148] 1 Moyenne et Nachos (V3: 162265, source_id: 17388)
2025-12-28 13:14:33,299 - DEBUG -   No active modifier groups for dish 1 Moyenne et Nachos
2025-12-28 13:14:33,299 - INFO -     -> 0 links, 0 details
2025-12-28 13:14:33,299 - INFO -   [12/148] 1 Moyenne No 1 (V3: 162275, source_id: 17398)
2025-12-28 13:14:35,136 - DEBUG -   No active modifier groups for dish 1 Moyenne No 1
2025-12-28 13:14:35,136 - INFO -     -> 0 links, 0 details
2025-12-28 13:14:35,136 - INFO -   [13/148] 1 Petite avec Poutine et 1 Canette Pepsi (V3: 162279, source_id: 77730)
2025-12-28 13:14:37,005 - DEBUG -   No active modifier groups for dish 1 Petite avec Poutine et 1 Canette Pepsi
2025-12-28 13:14:37,005 - INFO -     -> 0 links, 0 details
2025-12-28 13:14:37,005 - INFO -   [14/148] 1 Petite et Ailes (V3: 162255, source_id: 17381)
2025-12-28 13:14:38,899 - DEBUG -   No active modifier groups for dish 1 Petite et Ailes
2025-12-28 13:14:38,899 - INFO -     -> 0 links, 0 details
2025-12-28 13:14:38,899 - INFO -   [15/148] 1 Petite et Ailes (V3: 162258, source_id: 17384)
2025-12-28 13:14:40,752 - DEBUG -   No active modifier groups for dish 1 Petite et Ailes
2025-12-28 13:14:40,752 - INFO -     -> 0 links, 0 details
2025-12-28 13:14:40,752 - INFO -   [16/148] 1 Petite et Nachos (V3: 162261, source_id: 13362)
2025-12-28 13:14:43,062 - DEBUG -   No active modifier groups for dish 1 Petite et Nachos
2025-12-28 13:14:43,062 - INFO -     -> 0 links, 0 details
2025-12-28 13:14:43,062 - INFO -   [17/148] 1 Petite et Nachos (V3: 162264, source_id: 17387)
2025-12-28 13:14:44,909 - DEBUG -   No active modifier groups for dish 1 Petite et Nachos
2025-12-28 13:14:44,909 - INFO -     -> 0 links, 0 details
2025-12-28 13:14:44,909 - INFO -   [18/148] 1 Sous Marin 12" (V3: 162283, source_id: 13373)
2025-12-28 13:14:46,762 - DEBUG -   No active modifier groups for dish 1 Sous Marin 12"
2025-12-28 13:14:46,762 - INFO -     -> 0 links, 0 details
2025-12-28 13:14:46,762 - INFO -   [19/148] 12 Ailes (V3: 162220, source_id: 13333)
2025-12-28 13:14:48,659 - DEBUG -   No active modifier groups for dish 12 Ailes
2025-12-28 13:14:48,659 - INFO -     -> 0 links, 0 details
2025-12-28 13:14:48,659 - INFO -   Progress: 20/148 dishes
2025-12-28 13:14:48,660 - INFO -   [20/148] 12 Mini Beignets (V3: 162295, source_id: 113064)
2025-12-28 13:14:50,530 - DEBUG -   Found active group: Mini Beignets Dips (V1 ID: 10498, Category: sa)
2025-12-28 13:14:50,544 - INFO -   12 Mini Beignets: 1 active modifier groups
2025-12-28 13:14:50,887 - DEBUG -     Linked: 12 Mini Beignets -> Mini Beignets Dips
2025-12-28 13:14:51,081 - DEBUG -     Details: Trempette (min:0, max:0, free:0, order:4)
2025-12-28 13:14:51,081 - INFO -     -> 1 links, 1 details
2025-12-28 13:14:51,081 - INFO -   [21/148] 18 Ailes (V3: 162221, source_id: 13334)
2025-12-28 13:14:52,951 - DEBUG -   No active modifier groups for dish 18 Ailes
2025-12-28 13:14:52,951 - INFO -     -> 0 links, 0 details
2025-12-28 13:14:52,951 - INFO -   [22/148] 2 Burgers Special (V3: 162289, source_id: 59215)
2025-12-28 13:14:54,784 - DEBUG -   Found active group: Drinks can (V1 ID: 1780, Category: d)
2025-12-28 13:14:54,790 - INFO -   2 Burgers Special: 1 active modifier groups
2025-12-28 13:14:55,144 - DEBUG -     Linked: 2 Burgers Special -> Drinks can
2025-12-28 13:14:55,328 - DEBUG -     Details: 2 Canettes (min:2, max:2, free:0, order:6)
2025-12-28 13:14:55,328 - INFO -     -> 1 links, 1 details
2025-12-28 13:14:55,329 - INFO -   [23/148] 2 Grande Pizzas 1 Garniture (V3: 162142, source_id: 100189)
2025-12-28 13:14:57,202 - DEBUG -   No active modifier groups for dish 2 Grande Pizzas 1 Garniture
2025-12-28 13:14:57,202 - INFO -     -> 0 links, 0 details
2025-12-28 13:14:57,202 - INFO -   [24/148] 2 Grandes avec Trempettes (V3: 162278, source_id: 59209)
2025-12-28 13:14:59,053 - DEBUG -   Found active group: Drinks can (V1 ID: 1780, Category: d)
2025-12-28 13:14:59,059 - INFO -   2 Grandes avec Trempettes: 1 active modifier groups
2025-12-28 13:14:59,348 - DEBUG -     Linked: 2 Grandes avec Trempettes -> Drinks can
2025-12-28 13:14:59,536 - DEBUG -     Details: 4 Boissons (min:4, max:4, free:0, order:6)
2025-12-28 13:14:59,536 - INFO -     -> 1 links, 1 details
2025-12-28 13:14:59,536 - INFO -   [25/148] 2 Grandes No 1 (V3: 162274, source_id: 17401)
2025-12-28 13:15:01,425 - DEBUG -   No active modifier groups for dish 2 Grandes No 1
2025-12-28 13:15:01,425 - INFO -     -> 0 links, 0 details
2025-12-28 13:15:01,425 - INFO -   [26/148] 2 Grandes No 2 (V3: 162272, source_id: 17397)
2025-12-28 13:15:03,265 - DEBUG -   No active modifier groups for dish 2 Grandes No 2
2025-12-28 13:15:03,265 - INFO -     -> 0 links, 0 details
2025-12-28 13:15:03,265 - INFO -   [27/148] 2 Grandes No1 (V3: 162268, source_id: 17392)
2025-12-28 13:15:05,098 - DEBUG -   No active modifier groups for dish 2 Grandes No1
2025-12-28 13:15:05,098 - INFO -     -> 0 links, 0 details
2025-12-28 13:15:05,098 - INFO -   [28/148] 2 Grandes No2 (V3: 162270, source_id: 17393)
2025-12-28 13:15:06,962 - DEBUG -   No active modifier groups for dish 2 Grandes No2
2025-12-28 13:15:06,963 - INFO -     -> 0 links, 0 details
2025-12-28 13:15:06,963 - INFO -   [29/148] 2 Lasagne avec 2 Pain à l’ail et 2 Pepsi (V3: 162285, source_id: 59211)
2025-12-28 13:15:08,840 - DEBUG -   Found active group: Drinks can (V1 ID: 1780, Category: d)
2025-12-28 13:15:08,846 - INFO -   2 Lasagne avec 2 Pain à l’ail et 2 Pepsi: 1 active modifier groups
2025-12-28 13:15:09,250 - DEBUG -     Linked: 2 Lasagne avec 2 Pain à l’ail et 2 Pepsi -> Drinks can
2025-12-28 13:15:09,442 - DEBUG -     Details: 2 Canettes (min:2, max:2, free:0, order:6)
2025-12-28 13:15:09,442 - INFO -     -> 1 links, 1 details
2025-12-28 13:15:09,443 - INFO -   Progress: 30/148 dishes
2025-12-28 13:15:09,443 - INFO -   [30/148] 2 Moyenne Pizzas avec Frites et Pepsi (V3: 162282, source_id: 118012)
2025-12-28 13:15:11,297 - DEBUG -   No active modifier groups for dish 2 Moyenne Pizzas avec Frites et Pepsi
2025-12-28 13:15:11,297 - INFO -     -> 0 links, 0 details
2025-12-28 13:15:11,297 - INFO -   [31/148] 2 Moyennes avec Trempettes (V3: 162277, source_id: 59208)
2025-12-28 13:15:13,174 - DEBUG -   Found active group: Drinks can (V1 ID: 1780, Category: d)
2025-12-28 13:15:13,180 - INFO -   2 Moyennes avec Trempettes: 1 active modifier groups
2025-12-28 13:15:13,480 - DEBUG -     Linked: 2 Moyennes avec Trempettes -> Drinks can
2025-12-28 13:15:13,660 - DEBUG -     Details: 3 Boissons (min:3, max:3, free:0, order:6)
2025-12-28 13:15:13,660 - INFO -     -> 1 links, 1 details
2025-12-28 13:15:13,660 - INFO -   [32/148] 2 Moyennes No 1 (V3: 162273, source_id: 17399)
2025-12-28 13:15:15,500 - DEBUG -   No active modifier groups for dish 2 Moyennes No 1
2025-12-28 13:15:15,501 - INFO -     -> 0 links, 0 details
2025-12-28 13:15:15,501 - INFO -   [33/148] 2 Moyennes No 2 (V3: 162271, source_id: 17395)
2025-12-28 13:15:17,376 - DEBUG -   No active modifier groups for dish 2 Moyennes No 2
2025-12-28 13:15:17,376 - INFO -     -> 0 links, 0 details
2025-12-28 13:15:17,376 - INFO -   [34/148] 2 Moyennes No 2 (V3: 162269, source_id: 17391)
2025-12-28 13:15:19,234 - DEBUG -   No active modifier groups for dish 2 Moyennes No 2
2025-12-28 13:15:19,234 - INFO -     -> 0 links, 0 details
2025-12-28 13:15:19,234 - INFO -   [35/148] 2 Moyennes No1 (V3: 162267, source_id: 17390)
2025-12-28 13:15:21,079 - DEBUG -   No active modifier groups for dish 2 Moyennes No1
2025-12-28 13:15:21,079 - INFO -     -> 0 links, 0 details
2025-12-28 13:15:21,079 - INFO -   [36/148] 2 Spaghetti avec 2 Pain à l’ail et 2 Pepsi (V3: 162284, source_id: 59210)
2025-12-28 13:15:22,942 - DEBUG -   Found active group: Drinks can (V1 ID: 1780, Category: d)
2025-12-28 13:15:22,948 - INFO -   2 Spaghetti avec 2 Pain à l’ail et 2 Pepsi: 1 active modifier groups
2025-12-28 13:15:23,287 - DEBUG -     Linked: 2 Spaghetti avec 2 Pain à l’ail et 2 Pepsi -> Drinks can
2025-12-28 13:15:23,471 - DEBUG -     Details: 2 Canettes (min:2, max:2, free:0, order:6)
2025-12-28 13:15:23,471 - INFO -     -> 1 links, 1 details
2025-12-28 13:15:23,472 - INFO -   [37/148] 24 Ailes (V3: 162222, source_id: 13335)
2025-12-28 13:15:25,331 - DEBUG -   No active modifier groups for dish 24 Ailes
2025-12-28 13:15:25,331 - INFO -     -> 0 links, 0 details
2025-12-28 13:15:25,331 - INFO -   [38/148] 24 Mini Beignets (V3: 162296, source_id: 113065)
2025-12-28 13:15:27,175 - DEBUG -   Found active group: Mini Beignets Dips (V1 ID: 10498, Category: sa)
2025-12-28 13:15:27,185 - INFO -   24 Mini Beignets: 1 active modifier groups
2025-12-28 13:15:27,509 - DEBUG -     Linked: 24 Mini Beignets -> Mini Beignets Dips
2025-12-28 13:15:27,678 - DEBUG -     Details: Trempette (min:0, max:0, free:0, order:4)
2025-12-28 13:15:27,678 - INFO -     -> 1 links, 1 details
2025-12-28 13:15:27,678 - INFO -   [39/148] 36 Mini Beignets (V3: 162297, source_id: 113066)
2025-12-28 13:15:29,518 - DEBUG -   Found active group: Mini Beignets Dips (V1 ID: 10498, Category: sa)
2025-12-28 13:15:29,526 - INFO -   36 Mini Beignets: 1 active modifier groups
2025-12-28 13:15:29,840 - DEBUG -     Linked: 36 Mini Beignets -> Mini Beignets Dips
2025-12-28 13:15:30,011 - DEBUG -     Details: Trempette (min:0, max:0, free:0, order:4)
2025-12-28 13:15:30,011 - INFO -     -> 1 links, 1 details
2025-12-28 13:15:30,011 - INFO -   Progress: 40/148 dishes
2025-12-28 13:15:30,012 - INFO -   [40/148] 48 Ailes (V3: 162223, source_id: 99706)
2025-12-28 13:15:31,865 - DEBUG -   No active modifier groups for dish 48 Ailes
2025-12-28 13:15:31,865 - INFO -     -> 0 links, 0 details
2025-12-28 13:15:31,865 - INFO -   [41/148] 6 Mini Beignets (V3: 162294, source_id: 113063)
2025-12-28 13:15:33,749 - DEBUG -   Found active group: Mini Beignets Dips (V1 ID: 10498, Category: sa)
2025-12-28 13:15:33,758 - INFO -   6 Mini Beignets: 1 active modifier groups
2025-12-28 13:15:34,048 - DEBUG -     Linked: 6 Mini Beignets -> Mini Beignets Dips
2025-12-28 13:15:34,221 - DEBUG -     Details: Trempette (min:0, max:0, free:0, order:4)
2025-12-28 13:15:34,222 - INFO -     -> 1 links, 1 details
2025-12-28 13:15:34,222 - INFO -   [42/148] 7 Up (V3: 162302, source_id: 17406)
2025-12-28 13:15:36,098 - DEBUG -   No active modifier groups for dish 7 Up
2025-12-28 13:15:36,099 - INFO -     -> 0 links, 0 details
2025-12-28 13:15:36,099 - INFO -   [43/148] Barre Nanaimo (V3: 162291, source_id: 77733)
2025-12-28 13:15:37,968 - DEBUG -   No active modifier groups for dish Barre Nanaimo
2025-12-28 13:15:37,968 - INFO -     -> 0 links, 0 details
2025-12-28 13:15:37,969 - INFO -   [44/148] Bâtonnets au Fromage (8mcx) (V3: 162236, source_id: 13349)
2025-12-28 13:15:39,833 - DEBUG -   No active modifier groups for dish Bâtonnets au Fromage (8mcx)
2025-12-28 13:15:39,833 - INFO -     -> 0 links, 0 details
2025-12-28 13:15:39,833 - INFO -   [45/148] Bourger Gourmet (V3: 162150, source_id: 59204)
2025-12-28 13:15:41,683 - DEBUG -   No active modifier groups for dish Bourger Gourmet
2025-12-28 13:15:41,684 - INFO -     -> 0 links, 0 details
2025-12-28 13:15:41,684 - INFO -   [46/148] Bourger Gourmet Combo (V3: 162151, source_id: 77727)
2025-12-28 13:15:43,542 - DEBUG -   Found active group: Drinks can (V1 ID: 1780, Category: d)
2025-12-28 13:15:43,548 - INFO -   Bourger Gourmet Combo: 1 active modifier groups
2025-12-28 13:15:43,850 - DEBUG -     Linked: Bourger Gourmet Combo -> Drinks can
2025-12-28 13:15:44,049 - DEBUG -     Details: Liqueur (min:1, max:1, free:0, order:6)
2025-12-28 13:15:44,049 - INFO -     -> 1 links, 1 details
2025-12-28 13:15:44,050 - INFO -   [47/148] Brochette de Poulet Combo (V3: 162213, source_id: 45968)
2025-12-28 13:15:45,920 - DEBUG -   No active modifier groups for dish Brochette de Poulet Combo
2025-12-28 13:15:45,920 - INFO -     -> 0 links, 0 details
2025-12-28 13:15:45,920 - INFO -   [48/148] Brownie au Chocolat (V3: 162292, source_id: 77734)
2025-12-28 13:15:47,763 - DEBUG -   No active modifier groups for dish Brownie au Chocolat
2025-12-28 13:15:47,763 - INFO -     -> 0 links, 0 details
2025-12-28 13:15:47,763 - INFO -   [49/148] Burger 1/4 livre (V3: 162143, source_id: 59201)
2025-12-28 13:15:49,688 - DEBUG -   Found active group: Burgers Extras (V1 ID: 5047, Category: e)
2025-12-28 13:15:49,693 - INFO -   Burger 1/4 livre: 1 active modifier groups
2025-12-28 13:15:49,986 - DEBUG -     Linked: Burger 1/4 livre -> Burgers Extras
2025-12-28 13:15:50,158 - DEBUG -     Details: Extras (min:0, max:2, free:0, order:7)
2025-12-28 13:15:50,158 - INFO -     -> 1 links, 1 details
2025-12-28 13:15:50,158 - INFO -   Progress: 50/148 dishes
2025-12-28 13:15:50,159 - INFO -   [50/148] Burger au Poulet (V3: 162146, source_id: 59202)
2025-12-28 13:15:52,082 - DEBUG -   Found active group: Burgers Extras (V1 ID: 5047, Category: e)
2025-12-28 13:15:52,087 - INFO -   Burger au Poulet: 1 active modifier groups
2025-12-28 13:15:52,386 - DEBUG -     Linked: Burger au Poulet -> Burgers Extras
2025-12-28 13:15:52,557 - DEBUG -     Details: Extras (min:0, max:2, free:0, order:7)
2025-12-28 13:15:52,558 - INFO -     -> 1 links, 1 details
2025-12-28 13:15:52,558 - INFO -   [51/148] Burger au Poulet Combo (V3: 162147, source_id: 77726)
2025-12-28 13:15:54,411 - DEBUG -   Found active group: Drinks can (V1 ID: 1780, Category: d)
2025-12-28 13:15:54,420 - DEBUG -   Found active group: Burgers Extras (V1 ID: 5047, Category: e)
2025-12-28 13:15:54,425 - INFO -   Burger au Poulet Combo: 2 active modifier groups
2025-12-28 13:15:54,710 - DEBUG -     Linked: Burger au Poulet Combo -> Drinks can
2025-12-28 13:15:54,873 - DEBUG -     Details: Liqueur (min:1, max:1, free:0, order:6)
2025-12-28 13:15:55,169 - DEBUG -     Linked: Burger au Poulet Combo -> Burgers Extras
2025-12-28 13:15:55,353 - DEBUG -     Details: Extras (min:0, max:2, free:0, order:7)
2025-12-28 13:15:55,353 - INFO -     -> 2 links, 2 details
2025-12-28 13:15:55,354 - INFO -   [52/148] Burger Champignons Sautées (V3: 162164, source_id: 104738)
2025-12-28 13:15:57,218 - DEBUG -   No active modifier groups for dish Burger Champignons Sautées
2025-12-28 13:15:57,218 - INFO -     -> 0 links, 0 details
2025-12-28 13:15:57,218 - INFO -   [53/148] Burger Champignons Sautées Combo (V3: 162165, source_id: 104739)
2025-12-28 13:15:59,085 - DEBUG -   Found active group: Drinks can (V1 ID: 1780, Category: d)
2025-12-28 13:15:59,092 - INFO -   Burger Champignons Sautées Combo: 1 active modifier groups
2025-12-28 13:15:59,434 - DEBUG -     Linked: Burger Champignons Sautées Combo -> Drinks can
2025-12-28 13:15:59,589 - DEBUG -     Details: Liqueur (min:1, max:1, free:0, order:6)
2025-12-28 13:15:59,590 - INFO -     -> 1 links, 1 details
2025-12-28 13:15:59,590 - INFO -   [54/148] Burger Festive (V3: 162162, source_id: 100842)
2025-12-28 13:16:01,468 - DEBUG -   No active modifier groups for dish Burger Festive
2025-12-28 13:16:01,468 - INFO -     -> 0 links, 0 details
2025-12-28 13:16:01,468 - INFO -   [55/148] Burger Festive Combo (V3: 162163, source_id: 100843)
2025-12-28 13:16:03,299 - DEBUG -   Found active group: Drinks can (V1 ID: 1780, Category: d)
2025-12-28 13:16:03,305 - INFO -   Burger Festive Combo: 1 active modifier groups
2025-12-28 13:16:03,605 - DEBUG -     Linked: Burger Festive Combo -> Drinks can
2025-12-28 13:16:03,778 - DEBUG -     Details: Liqueur (min:1, max:1, free:0, order:6)
2025-12-28 13:16:03,778 - INFO -     -> 1 links, 1 details
2025-12-28 13:16:03,778 - INFO -   [56/148] Burger Jack (V3: 162160, source_id: 100840)
2025-12-28 13:16:05,638 - DEBUG -   No active modifier groups for dish Burger Jack
2025-12-28 13:16:05,638 - INFO -     -> 0 links, 0 details
2025-12-28 13:16:05,638 - INFO -   [57/148] Burger Jack Combo (V3: 162161, source_id: 100841)
2025-12-28 13:16:07,502 - DEBUG -   Found active group: Drinks can (V1 ID: 1780, Category: d)
2025-12-28 13:16:07,508 - INFO -   Burger Jack Combo: 1 active modifier groups
2025-12-28 13:16:07,812 - DEBUG -     Linked: Burger Jack Combo -> Drinks can
2025-12-28 13:16:08,012 - DEBUG -     Details: Liqueur (min:1, max:1, free:0, order:6)
2025-12-28 13:16:08,012 - INFO -     -> 1 links, 1 details
2025-12-28 13:16:08,013 - INFO -   [58/148] Burger Jumbo (V3: 162156, source_id: 100836)
2025-12-28 13:16:09,907 - DEBUG -   No active modifier groups for dish Burger Jumbo
2025-12-28 13:16:09,907 - INFO -     -> 0 links, 0 details
2025-12-28 13:16:09,907 - INFO -   [59/148] Burger Jumbo Combo (V3: 162157, source_id: 100837)
2025-12-28 13:16:11,767 - DEBUG -   Found active group: Drinks can (V1 ID: 1780, Category: d)
2025-12-28 13:16:11,773 - INFO -   Burger Jumbo Combo: 1 active modifier groups
2025-12-28 13:16:12,077 - DEBUG -     Linked: Burger Jumbo Combo -> Drinks can
2025-12-28 13:16:12,254 - DEBUG -     Details: Liqueur (min:1, max:1, free:0, order:6)
2025-12-28 13:16:12,254 - INFO -     -> 1 links, 1 details
2025-12-28 13:16:12,255 - INFO -   Progress: 60/148 dishes
2025-12-28 13:16:12,255 - INFO -   [60/148] Burger Original (V3: 162144, source_id: 59203)
2025-12-28 13:16:14,163 - DEBUG -   No active modifier groups for dish Burger Original
2025-12-28 13:16:14,163 - INFO -     -> 0 links, 0 details
2025-12-28 13:16:14,163 - INFO -   [61/148] Burger Original Combo (V3: 162145, source_id: 77725)
2025-12-28 13:16:16,017 - DEBUG -   Found active group: Drinks can (V1 ID: 1780, Category: d)
2025-12-28 13:16:16,022 - INFO -   Burger Original Combo: 1 active modifier groups
2025-12-28 13:16:16,357 - DEBUG -     Linked: Burger Original Combo -> Drinks can
2025-12-28 13:16:16,549 - DEBUG -     Details: Liqueur (min:1, max:1, free:0, order:6)
2025-12-28 13:16:16,549 - INFO -     -> 1 links, 1 details
2025-12-28 13:16:16,550 - INFO -   [62/148] Burger poulet croustillant (V3: 162158, source_id: 100838)
2025-12-28 13:16:18,419 - DEBUG -   No active modifier groups for dish Burger poulet croustillant
2025-12-28 13:16:18,419 - INFO -     -> 0 links, 0 details
2025-12-28 13:16:18,419 - INFO -   [63/148] Burger poulet croustillant Combo (V3: 162159, source_id: 100839)
2025-12-28 13:16:20,260 - DEBUG -   Found active group: Drinks can (V1 ID: 1780, Category: d)
2025-12-28 13:16:20,266 - INFO -   Burger poulet croustillant Combo: 1 active modifier groups
2025-12-28 13:16:20,564 - DEBUG -     Linked: Burger poulet croustillant Combo -> Drinks can
2025-12-28 13:16:20,732 - DEBUG -     Details: Liqueur (min:1, max:1, free:0, order:6)
2025-12-28 13:16:20,732 - INFO -     -> 1 links, 1 details
2025-12-28 13:16:20,733 - INFO -   [64/148] Burger Poutine (V3: 162148, source_id: 88621)
2025-12-28 13:16:22,599 - DEBUG -   No active modifier groups for dish Burger Poutine
2025-12-28 13:16:22,599 - INFO -     -> 0 links, 0 details
2025-12-28 13:16:22,599 - INFO -   [65/148] Burger Poutine Combo (V3: 162149, source_id: 88622)
2025-12-28 13:16:24,453 - DEBUG -   Found active group: Drinks can (V1 ID: 1780, Category: d)
2025-12-28 13:16:24,460 - INFO -   Burger Poutine Combo: 1 active modifier groups
2025-12-28 13:16:24,770 - DEBUG -     Linked: Burger Poutine Combo -> Drinks can
2025-12-28 13:16:24,938 - DEBUG -     Details: Liqueur (min:1, max:1, free:0, order:6)
2025-12-28 13:16:24,938 - INFO -     -> 1 links, 1 details
2025-12-28 13:16:24,939 - INFO -   [66/148] Burger Québecoise (V3: 162152, source_id: 59206)
2025-12-28 13:16:26,809 - DEBUG -   No active modifier groups for dish Burger Québecoise
2025-12-28 13:16:26,809 - INFO -     -> 0 links, 0 details
2025-12-28 13:16:26,809 - INFO -   [67/148] Burger Québecoise Combo (V3: 162153, source_id: 77728)
2025-12-28 13:16:28,687 - DEBUG -   Found active group: Drinks can (V1 ID: 1780, Category: d)
2025-12-28 13:16:28,692 - INFO -   Burger Québecoise Combo: 1 active modifier groups
2025-12-28 13:16:28,994 - DEBUG -     Linked: Burger Québecoise Combo -> Drinks can
2025-12-28 13:16:29,162 - DEBUG -     Details: Liqueur (min:1, max:1, free:0, order:6)
2025-12-28 13:16:29,162 - INFO -     -> 1 links, 1 details
2025-12-28 13:16:29,163 - INFO -   [68/148] Burger Ultime (V3: 162154, source_id: 59207)
2025-12-28 13:16:31,056 - DEBUG -   No active modifier groups for dish Burger Ultime
2025-12-28 13:16:31,056 - INFO -     -> 0 links, 0 details
2025-12-28 13:16:31,056 - INFO -   [69/148] Burger Ultime Combo (V3: 162155, source_id: 77729)
2025-12-28 13:16:32,926 - DEBUG -   Found active group: Drinks can (V1 ID: 1780, Category: d)
2025-12-28 13:16:32,932 - INFO -   Burger Ultime Combo: 1 active modifier groups
2025-12-28 13:16:33,251 - DEBUG -     Linked: Burger Ultime Combo -> Drinks can
2025-12-28 13:16:33,428 - DEBUG -     Details: Liqueur (min:1, max:1, free:0, order:6)
2025-12-28 13:16:33,428 - INFO -     -> 1 links, 1 details
2025-12-28 13:16:33,429 - INFO -   Progress: 70/148 dishes
2025-12-28 13:16:33,430 - INFO -   [70/148] Club Sandwich (V3: 162241, source_id: 13350)
2025-12-28 13:16:35,290 - DEBUG -   No active modifier groups for dish Club Sandwich
2025-12-28 13:16:35,290 - INFO -     -> 0 links, 0 details
2025-12-28 13:16:35,291 - INFO -   [71/148] Club Sandwich Special (V3: 162290, source_id: 100185)
2025-12-28 13:16:37,159 - DEBUG -   Found active group: Sous marins chaud upgrade to poutine (V1 ID: 1782, Category: e)
2025-12-28 13:16:37,164 - INFO -   Club Sandwich Special: 1 active modifier groups
2025-12-28 13:16:37,451 - DEBUG -     Linked: Club Sandwich Special -> Sous marins chaud upgrade to poutine
2025-12-28 13:16:37,605 - DEBUG -     Details: Extras (min:0, max:1, free:0, order:7)
2025-12-28 13:16:37,605 - INFO -     -> 1 links, 1 details
2025-12-28 13:16:37,606 - INFO -   [72/148] Combo Végétarien (V3: 162216, source_id: 45971)
2025-12-28 13:16:39,462 - DEBUG -   No active modifier groups for dish Combo Végétarien
2025-12-28 13:16:39,462 - INFO -     -> 0 links, 0 details
2025-12-28 13:16:39,463 - INFO -   [73/148] Croquettes de Poulet (V3: 162239, source_id: 117271)
2025-12-28 13:16:41,318 - DEBUG -   No active modifier groups for dish Croquettes de Poulet
2025-12-28 13:16:41,318 - INFO -     -> 0 links, 0 details
2025-12-28 13:16:41,318 - INFO -   [74/148] Deux Grandes 3 Garnitures (V3: 162168, source_id: 124835)
2025-12-28 13:16:43,377 - DEBUG -   No active modifier groups for dish Deux Grandes 3 Garnitures
2025-12-28 13:16:43,377 - INFO -     -> 0 links, 0 details
2025-12-28 13:16:43,378 - INFO -   [75/148] Deux Moyennes 3 Garnitures (V3: 162167, source_id: 124834)
2025-12-28 13:16:45,484 - DEBUG -   No active modifier groups for dish Deux Moyennes 3 Garnitures
2025-12-28 13:16:45,484 - INFO -     -> 0 links, 0 details
2025-12-28 13:16:45,484 - INFO -   [76/148] Deux Petites 3 Garnitures (V3: 162166, source_id: 124833)
2025-12-28 13:16:47,504 - DEBUG -   No active modifier groups for dish Deux Petites 3 Garnitures
2025-12-28 13:16:47,504 - INFO -     -> 0 links, 0 details
2025-12-28 13:16:47,504 - INFO -   [77/148] Diet Pepsi (V3: 162301, source_id: 17405)
2025-12-28 13:16:49,425 - DEBUG -   No active modifier groups for dish Diet Pepsi
2025-12-28 13:16:49,425 - INFO -     -> 0 links, 0 details
2025-12-28 13:16:49,425 - INFO -   [78/148] Doigts de Poulet (V3: 162242, source_id: 13351)
2025-12-28 13:16:51,274 - DEBUG -   No active modifier groups for dish Doigts de Poulet
2025-12-28 13:16:51,274 - INFO -     -> 0 links, 0 details
2025-12-28 13:16:51,275 - INFO -   [79/148] Frites maison (V3: 162234, source_id: 13344)
2025-12-28 13:16:53,147 - DEBUG -   No active modifier groups for dish Frites maison
2025-12-28 13:16:53,147 - INFO -     -> 0 links, 0 details
2025-12-28 13:16:53,147 - INFO -   Progress: 80/148 dishes
2025-12-28 13:16:53,147 - INFO -   [80/148] Ginger Ale (V3: 162298, source_id: 17402)
2025-12-28 13:16:55,012 - DEBUG -   No active modifier groups for dish Ginger Ale
2025-12-28 13:16:55,012 - INFO -     -> 0 links, 0 details
2025-12-28 13:16:55,012 - INFO -   [81/148] Grande Pizza 1 Garniture et 10 Ailes de Poulet (V3: 162139, source_id: 100186)
2025-12-28 13:16:56,860 - DEBUG -   No active modifier groups for dish Grande Pizza 1 Garniture et 10 Ailes de Poulet
2025-12-28 13:16:56,860 - INFO -     -> 0 links, 0 details
2025-12-28 13:16:56,860 - INFO -   [82/148] Grande Pizza 4 Garnitures (V3: 162140, source_id: 100187)
2025-12-28 13:16:58,790 - DEBUG -   No active modifier groups for dish Grande Pizza 4 Garnitures
2025-12-28 13:16:58,790 - INFO -     -> 0 links, 0 details
2025-12-28 13:16:58,790 - INFO -   [83/148] Grande Pizza Special (V3: 162288, source_id: 59214)
2025-12-28 13:17:00,636 - DEBUG -   Found active group: Pizza Toppings (V1 ID: 1777, Category: ci)
2025-12-28 13:17:00,646 - DEBUG -   Found active group: Pizza Dips Fr (V1 ID: 1371, Category: sa)
2025-12-28 13:17:00,654 - INFO -   Grande Pizza Special: 2 active modifier groups
2025-12-28 13:17:00,950 - DEBUG -     Linked: Grande Pizza Special -> Pizza Toppings
2025-12-28 13:17:01,113 - DEBUG -     Details: Premiere 3 Garnitures Gratuit (min:3, max:0, free:3, order:2)
2025-12-28 13:17:01,403 - DEBUG -     Linked: Grande Pizza Special -> Pizza Dips Fr
2025-12-28 13:17:01,581 - DEBUG -     Details: Premiere 2 Trempettes Gratuit (min:2, max:0, free:2, order:4)
2025-12-28 13:17:01,581 - INFO -     -> 2 links, 2 details
2025-12-28 13:17:01,581 - INFO -   [84/148] Gyros (Boeuf) (V3: 162217, source_id: 45972)
2025-12-28 13:17:03,435 - DEBUG -   No active modifier groups for dish Gyros (Boeuf)
2025-12-28 13:17:03,435 - INFO -     -> 0 links, 0 details
2025-12-28 13:17:03,435 - INFO -   [85/148] Hamburger Steak (V3: 162237, source_id: 83275)
2025-12-28 13:17:05,287 - DEBUG -   No active modifier groups for dish Hamburger Steak
2025-12-28 13:17:05,287 - INFO -     -> 0 links, 0 details
2025-12-28 13:17:05,287 - INFO -   [86/148] L’Americaine (V3: 162204, source_id: 17428)
2025-12-28 13:17:07,126 - DEBUG -   Found active group: Pizza Toppings (V1 ID: 1777, Category: ci)
2025-12-28 13:17:07,136 - DEBUG -   Found active group: Pizza Dips Fr (V1 ID: 1371, Category: sa)
2025-12-28 13:17:07,144 - INFO -   L’Americaine: 2 active modifier groups
2025-12-28 13:17:07,408 - DEBUG -     Linked: L’Americaine -> Pizza Toppings
2025-12-28 13:17:07,578 - DEBUG -     Details: Ajouter des garnitures (min:0, max:0, free:0, order:2)
2025-12-28 13:17:07,855 - DEBUG -     Linked: L’Americaine -> Pizza Dips Fr
2025-12-28 13:17:08,023 - DEBUG -     Details: Sauces (min:0, max:0, free:0, order:4)
2025-12-28 13:17:08,023 - INFO -     -> 2 links, 2 details
2025-12-28 13:17:08,024 - INFO -   [87/148] L’Hawaïenne (V3: 162195, source_id: 17417)
2025-12-28 13:17:09,926 - DEBUG -   Found active group: Pizza Toppings (V1 ID: 1777, Category: ci)
2025-12-28 13:17:09,936 - DEBUG -   Found active group: Pizza Dips Fr (V1 ID: 1371, Category: sa)
2025-12-28 13:17:09,944 - INFO -   L’Hawaïenne: 2 active modifier groups
2025-12-28 13:17:10,214 - DEBUG -     Linked: L’Hawaïenne -> Pizza Toppings
2025-12-28 13:17:10,371 - DEBUG -     Details: Ajouter des garnitures (min:0, max:0, free:0, order:2)
2025-12-28 13:17:10,685 - DEBUG -     Linked: L’Hawaïenne -> Pizza Dips Fr
2025-12-28 13:17:10,857 - DEBUG -     Details: Sauces (min:0, max:0, free:0, order:4)
2025-12-28 13:17:10,857 - INFO -     -> 2 links, 2 details
2025-12-28 13:17:10,857 - INFO -   [88/148] La 4 Saisons Végétarienne (V3: 162196, source_id: 17418)
2025-12-28 13:17:12,708 - DEBUG -   Found active group: Pizza Toppings (V1 ID: 1777, Category: ci)
2025-12-28 13:17:12,718 - DEBUG -   Found active group: Pizza Dips Fr (V1 ID: 1371, Category: sa)
2025-12-28 13:17:12,727 - INFO -   La 4 Saisons Végétarienne: 2 active modifier groups
2025-12-28 13:17:13,047 - DEBUG -     Linked: La 4 Saisons Végétarienne -> Pizza Toppings
2025-12-28 13:17:13,237 - DEBUG -     Details: Ajouter des garnitures (min:0, max:0, free:0, order:2)
2025-12-28 13:17:13,554 - DEBUG -     Linked: La 4 Saisons Végétarienne -> Pizza Dips Fr
2025-12-28 13:17:13,725 - DEBUG -     Details: Sauces (min:0, max:0, free:0, order:4)
2025-12-28 13:17:13,725 - INFO -     -> 2 links, 2 details
2025-12-28 13:17:13,726 - INFO -   [89/148] La Canadienne (V3: 162201, source_id: 17424)
2025-12-28 13:17:15,616 - DEBUG -   Found active group: Pizza Toppings (V1 ID: 1777, Category: ci)
2025-12-28 13:17:15,626 - DEBUG -   Found active group: Pizza Dips Fr (V1 ID: 1371, Category: sa)
2025-12-28 13:17:15,635 - INFO -   La Canadienne: 2 active modifier groups
2025-12-28 13:17:15,898 - DEBUG -     Linked: La Canadienne -> Pizza Toppings
2025-12-28 13:17:16,056 - DEBUG -     Details: Ajouter des garnitures (min:0, max:0, free:0, order:2)
2025-12-28 13:17:16,356 - DEBUG -     Linked: La Canadienne -> Pizza Dips Fr
2025-12-28 13:17:16,512 - DEBUG -     Details: Sauces (min:0, max:0, free:0, order:4)
2025-12-28 13:17:16,512 - INFO -     -> 2 links, 2 details
2025-12-28 13:17:16,513 - INFO -   Progress: 90/148 dishes
2025-12-28 13:17:16,513 - INFO -   [90/148] La Chicago (V3: 162205, source_id: 17430)
2025-12-28 13:17:18,373 - DEBUG -   Found active group: Pizza Toppings (V1 ID: 1777, Category: ci)
2025-12-28 13:17:18,383 - DEBUG -   Found active group: Pizza Dips Fr (V1 ID: 1371, Category: sa)
2025-12-28 13:17:18,392 - INFO -   La Chicago: 2 active modifier groups
2025-12-28 13:17:18,689 - DEBUG -     Linked: La Chicago -> Pizza Toppings
2025-12-28 13:17:18,866 - DEBUG -     Details: Ajouter des garnitures (min:0, max:0, free:0, order:2)
2025-12-28 13:17:19,172 - DEBUG -     Linked: La Chicago -> Pizza Dips Fr
2025-12-28 13:17:19,344 - DEBUG -     Details: Sauces (min:0, max:0, free:0, order:4)
2025-12-28 13:17:19,344 - INFO -     -> 2 links, 2 details
2025-12-28 13:17:19,344 - INFO -   [91/148] La Classico Italiano (V3: 162194, source_id: 17416)
2025-12-28 13:17:21,177 - DEBUG -   Found active group: Pizza Toppings (V1 ID: 1777, Category: ci)
2025-12-28 13:17:21,187 - DEBUG -   Found active group: Pizza Dips Fr (V1 ID: 1371, Category: sa)
2025-12-28 13:17:21,197 - INFO -   La Classico Italiano: 2 active modifier groups
2025-12-28 13:17:21,485 - DEBUG -     Linked: La Classico Italiano -> Pizza Toppings
2025-12-28 13:17:21,662 - DEBUG -     Details: Ajouter des garnitures (min:0, max:0, free:0, order:2)
2025-12-28 13:17:21,940 - DEBUG -     Linked: La Classico Italiano -> Pizza Dips Fr
2025-12-28 13:17:22,107 - DEBUG -     Details: Sauces (min:0, max:0, free:0, order:4)
2025-12-28 13:17:22,107 - INFO -     -> 2 links, 2 details
2025-12-28 13:17:22,108 - INFO -   [92/148] La Club (V3: 162187, source_id: 17378)
2025-12-28 13:17:23,949 - DEBUG -   No active modifier groups for dish La Club
2025-12-28 13:17:23,949 - INFO -     -> 0 links, 0 details
2025-12-28 13:17:23,949 - INFO -   [93/148] La Club (V3: 162211, source_id: 17431)
2025-12-28 13:17:25,801 - DEBUG -   Found active group: Pizza Toppings (V1 ID: 1777, Category: ci)
2025-12-28 13:17:25,811 - DEBUG -   Found active group: Pizza Dips Fr (V1 ID: 1371, Category: sa)
2025-12-28 13:17:25,819 - INFO -   La Club: 2 active modifier groups
2025-12-28 13:17:26,092 - DEBUG -     Linked: La Club -> Pizza Toppings
2025-12-28 13:17:26,254 - DEBUG -     Details: Ajouter des garnitures (min:0, max:0, free:0, order:2)
2025-12-28 13:17:26,547 - DEBUG -     Linked: La Club -> Pizza Dips Fr
2025-12-28 13:17:26,715 - DEBUG -     Details: Sauces (min:0, max:0, free:0, order:4)
2025-12-28 13:17:26,715 - INFO -     -> 2 links, 2 details
2025-12-28 13:17:26,715 - INFO -   [94/148] La Dani (V3: 162209, source_id: 17429)
2025-12-28 13:17:28,578 - DEBUG -   Found active group: Pizza Toppings (V1 ID: 1777, Category: ci)
2025-12-28 13:17:28,588 - DEBUG -   Found active group: Pizza Dips Fr (V1 ID: 1371, Category: sa)
2025-12-28 13:17:28,597 - INFO -   La Dani: 2 active modifier groups
2025-12-28 13:17:28,872 - DEBUG -     Linked: La Dani -> Pizza Toppings
2025-12-28 13:17:29,035 - DEBUG -     Details: Ajouter des garnitures (min:0, max:0, free:0, order:2)
2025-12-28 13:17:29,409 - DEBUG -     Linked: La Dani -> Pizza Dips Fr
2025-12-28 13:17:29,568 - DEBUG -     Details: Sauces (min:0, max:0, free:0, order:4)
2025-12-28 13:17:29,569 - INFO -     -> 2 links, 2 details
2025-12-28 13:17:29,569 - INFO -   [95/148] La Dani (V3: 162185, source_id: 17376)
2025-12-28 13:17:31,418 - DEBUG -   No active modifier groups for dish La Dani
2025-12-28 13:17:31,418 - INFO -     -> 0 links, 0 details
2025-12-28 13:17:31,418 - INFO -   [96/148] La Française (V3: 162202, source_id: 17425)
2025-12-28 13:17:33,308 - DEBUG -   Found active group: Pizza Toppings (V1 ID: 1777, Category: ci)
2025-12-28 13:17:33,318 - DEBUG -   Found active group: Pizza Dips Fr (V1 ID: 1371, Category: sa)
2025-12-28 13:17:33,327 - INFO -   La Française: 2 active modifier groups
2025-12-28 13:17:33,642 - DEBUG -     Linked: La Française -> Pizza Toppings
2025-12-28 13:17:33,805 - DEBUG -     Details: Ajouter des garnitures (min:0, max:0, free:0, order:2)
2025-12-28 13:17:34,115 - DEBUG -     Linked: La Française -> Pizza Dips Fr
2025-12-28 13:17:34,312 - DEBUG -     Details: Sauces (min:0, max:0, free:0, order:4)
2025-12-28 13:17:34,312 - INFO -     -> 2 links, 2 details
2025-12-28 13:17:34,313 - INFO -   [97/148] La Gatinoise Combinée (V3: 162193, source_id: 17415)
2025-12-28 13:17:36,170 - DEBUG -   Found active group: Pizza Toppings (V1 ID: 1777, Category: ci)
2025-12-28 13:17:36,180 - DEBUG -   Found active group: Pizza Dips Fr (V1 ID: 1371, Category: sa)
2025-12-28 13:17:36,189 - INFO -   La Gatinoise Combinée: 2 active modifier groups
2025-12-28 13:17:36,475 - DEBUG -     Linked: La Gatinoise Combinée -> Pizza Toppings
2025-12-28 13:17:36,659 - DEBUG -     Details: Ajouter des garnitures (min:0, max:0, free:0, order:2)
2025-12-28 13:17:36,981 - DEBUG -     Linked: La Gatinoise Combinée -> Pizza Dips Fr
2025-12-28 13:17:37,159 - DEBUG -     Details: Sauces (min:0, max:0, free:0, order:4)
2025-12-28 13:17:37,159 - INFO -     -> 2 links, 2 details
2025-12-28 13:17:37,159 - INFO -   [98/148] La Geo (V3: 162182, source_id: 17373)
2025-12-28 13:17:39,049 - DEBUG -   No active modifier groups for dish La Geo
2025-12-28 13:17:39,049 - INFO -     -> 0 links, 0 details
2025-12-28 13:17:39,049 - INFO -   [99/148] La Geo (V3: 162210, source_id: 17426)
2025-12-28 13:17:40,940 - DEBUG -   Found active group: Pizza Toppings (V1 ID: 1777, Category: ci)
2025-12-28 13:17:40,948 - DEBUG -   Found active group: Pizza Dips Fr (V1 ID: 1371, Category: sa)
2025-12-28 13:17:40,957 - INFO -   La Geo: 2 active modifier groups
2025-12-28 13:17:41,279 - DEBUG -     Linked: La Geo -> Pizza Toppings
2025-12-28 13:17:41,502 - DEBUG -     Details: Ajouter des garnitures (min:0, max:0, free:0, order:2)
2025-12-28 13:17:41,815 - DEBUG -     Linked: La Geo -> Pizza Dips Fr
2025-12-28 13:17:41,971 - DEBUG -     Details: Sauces (min:0, max:0, free:0, order:4)
2025-12-28 13:17:41,972 - INFO -     -> 2 links, 2 details
2025-12-28 13:17:41,972 - INFO -   Progress: 100/148 dishes
2025-12-28 13:17:41,973 - INFO -   [100/148] La Grecque (V3: 162203, source_id: 17427)
2025-12-28 13:17:43,842 - DEBUG -   Found active group: Pizza Toppings (V1 ID: 1777, Category: ci)
2025-12-28 13:17:43,852 - DEBUG -   Found active group: Pizza Dips Fr (V1 ID: 1371, Category: sa)
2025-12-28 13:17:43,861 - INFO -   La Grecque: 2 active modifier groups
2025-12-28 13:17:44,147 - DEBUG -     Linked: La Grecque -> Pizza Toppings
2025-12-28 13:17:44,303 - DEBUG -     Details: Ajouter des garnitures (min:0, max:0, free:0, order:2)
2025-12-28 13:17:44,635 - DEBUG -     Linked: La Grecque -> Pizza Dips Fr
2025-12-28 13:17:44,797 - DEBUG -     Details: Sauces (min:0, max:0, free:0, order:4)
2025-12-28 13:17:44,797 - INFO -     -> 2 links, 2 details
2025-12-28 13:17:44,798 - INFO -   [101/148] La Meat Lover (V3: 162200, source_id: 17423)
2025-12-28 13:17:46,656 - DEBUG -   Found active group: Pizza Toppings (V1 ID: 1777, Category: ci)
2025-12-28 13:17:46,665 - DEBUG -   Found active group: Pizza Dips Fr (V1 ID: 1371, Category: sa)
2025-12-28 13:17:46,673 - INFO -   La Meat Lover: 2 active modifier groups
2025-12-28 13:17:46,959 - DEBUG -     Linked: La Meat Lover -> Pizza Toppings
2025-12-28 13:17:47,134 - DEBUG -     Details: Ajouter des garnitures (min:0, max:0, free:0, order:2)
2025-12-28 13:17:47,446 - DEBUG -     Linked: La Meat Lover -> Pizza Dips Fr
2025-12-28 13:17:47,645 - DEBUG -     Details: Sauces (min:0, max:0, free:0, order:4)
2025-12-28 13:17:47,645 - INFO -     -> 2 links, 2 details
2025-12-28 13:17:47,645 - INFO -   [102/148] La Mexicaine (V3: 162197, source_id: 17420)
2025-12-28 13:17:49,495 - DEBUG -   Found active group: Pizza Toppings (V1 ID: 1777, Category: ci)
2025-12-28 13:17:49,504 - DEBUG -   Found active group: Pizza Dips Fr (V1 ID: 1371, Category: sa)
2025-12-28 13:17:49,512 - INFO -   La Mexicaine: 2 active modifier groups
2025-12-28 13:17:49,815 - DEBUG -     Linked: La Mexicaine -> Pizza Toppings
2025-12-28 13:17:50,001 - DEBUG -     Details: Ajouter des garnitures (min:0, max:0, free:0, order:2)
2025-12-28 13:17:50,318 - DEBUG -     Linked: La Mexicaine -> Pizza Dips Fr
2025-12-28 13:17:50,514 - DEBUG -     Details: Sauces (min:0, max:0, free:0, order:4)
2025-12-28 13:17:50,514 - INFO -     -> 2 links, 2 details
2025-12-28 13:17:50,515 - INFO -   [103/148] La Montrealaise (V3: 162189, source_id: 17380)
2025-12-28 13:17:52,359 - DEBUG -   No active modifier groups for dish La Montrealaise
2025-12-28 13:17:52,359 - INFO -     -> 0 links, 0 details
2025-12-28 13:17:52,359 - INFO -   [104/148] La Newyorkaise (V3: 162207, source_id: 17433)
2025-12-28 13:17:54,266 - DEBUG -   Found active group: Pizza Toppings (V1 ID: 1777, Category: ci)
2025-12-28 13:17:54,275 - DEBUG -   Found active group: Pizza Dips Fr (V1 ID: 1371, Category: sa)
2025-12-28 13:17:54,285 - INFO -   La Newyorkaise: 2 active modifier groups
2025-12-28 13:17:54,561 - DEBUG -     Linked: La Newyorkaise -> Pizza Toppings
2025-12-28 13:17:54,726 - DEBUG -     Details: Ajouter des garnitures (min:0, max:0, free:0, order:2)
2025-12-28 13:17:55,018 - DEBUG -     Linked: La Newyorkaise -> Pizza Dips Fr
2025-12-28 13:17:55,185 - DEBUG -     Details: Sauces (min:0, max:0, free:0, order:4)
2025-12-28 13:17:55,185 - INFO -     -> 2 links, 2 details
2025-12-28 13:17:55,186 - INFO -   [105/148] La Poulet BBQ (V3: 162198, source_id: 17421)
2025-12-28 13:17:57,059 - DEBUG -   Found active group: Pizza Toppings (V1 ID: 1777, Category: ci)
2025-12-28 13:17:57,068 - DEBUG -   Found active group: Pizza Dips Fr (V1 ID: 1371, Category: sa)
2025-12-28 13:17:57,078 - INFO -   La Poulet BBQ: 2 active modifier groups
2025-12-28 13:17:57,380 - DEBUG -     Linked: La Poulet BBQ -> Pizza Toppings
2025-12-28 13:17:57,550 - DEBUG -     Details: Ajouter des garnitures (min:0, max:0, free:0, order:2)
2025-12-28 13:17:57,845 - DEBUG -     Linked: La Poulet BBQ -> Pizza Dips Fr
2025-12-28 13:17:58,015 - DEBUG -     Details: Sauces (min:0, max:0, free:0, order:4)
2025-12-28 13:17:58,015 - INFO -     -> 2 links, 2 details
2025-12-28 13:17:58,016 - INFO -   [106/148] La Québécoise Spécial Maison (V3: 162199, source_id: 17422)
2025-12-28 13:17:59,842 - DEBUG -   Found active group: Pizza Toppings (V1 ID: 1777, Category: ci)
2025-12-28 13:17:59,851 - DEBUG -   Found active group: Pizza Dips Fr (V1 ID: 1371, Category: sa)
2025-12-28 13:17:59,861 - INFO -   La Québécoise Spécial Maison: 2 active modifier groups
2025-12-28 13:18:00,128 - DEBUG -     Linked: La Québécoise Spécial Maison -> Pizza Toppings
2025-12-28 13:18:00,284 - DEBUG -     Details: Ajouter des garnitures (min:0, max:0, free:0, order:2)
2025-12-28 13:18:00,554 - DEBUG -     Linked: La Québécoise Spécial Maison -> Pizza Dips Fr
2025-12-28 13:18:00,712 - DEBUG -     Details: Sauces (min:0, max:0, free:0, order:4)
2025-12-28 13:18:00,712 - INFO -     -> 2 links, 2 details
2025-12-28 13:18:00,712 - INFO -   [107/148] La Tianna (V3: 162208, source_id: 17419)
2025-12-28 13:18:02,569 - DEBUG -   Found active group: Pizza Toppings (V1 ID: 1777, Category: ci)
2025-12-28 13:18:02,590 - DEBUG -   Found active group: Pizza Dips Fr (V1 ID: 1371, Category: sa)
2025-12-28 13:18:02,616 - INFO -   La Tianna: 2 active modifier groups
2025-12-28 13:18:02,918 - DEBUG -     Linked: La Tianna -> Pizza Toppings
2025-12-28 13:18:03,107 - DEBUG -     Details: Ajouter des garnitures (min:0, max:0, free:0, order:2)
2025-12-28 13:18:03,404 - DEBUG -     Linked: La Tianna -> Pizza Dips Fr
2025-12-28 13:18:03,570 - DEBUG -     Details: Sauces (min:0, max:0, free:0, order:4)
2025-12-28 13:18:03,570 - INFO -     -> 2 links, 2 details
2025-12-28 13:18:03,570 - INFO -   [108/148] La Tianna (V3: 162175, source_id: 17366)
2025-12-28 13:18:05,438 - DEBUG -   No active modifier groups for dish La Tianna
2025-12-28 13:18:05,438 - INFO -     -> 0 links, 0 details
2025-12-28 13:18:05,438 - INFO -   [109/148] Lasagne (V3: 162227, source_id: 13339)
2025-12-28 13:18:07,287 - DEBUG -   No active modifier groups for dish Lasagne
2025-12-28 13:18:07,287 - INFO -     -> 0 links, 0 details
2025-12-28 13:18:07,287 - INFO -   Progress: 110/148 dishes
2025-12-28 13:18:07,287 - INFO -   [110/148] Lasagne À LA QUÉBÉCOISE (V3: 162228, source_id: 13340)
2025-12-28 13:18:09,127 - DEBUG -   No active modifier groups for dish Lasagne À LA QUÉBÉCOISE
2025-12-28 13:18:09,127 - INFO -     -> 0 links, 0 details
2025-12-28 13:18:09,127 - INFO -   [111/148] LE CLUB SUB (V3: 162253, source_id: 13357)
2025-12-28 13:18:10,989 - DEBUG -   Found active group: Subs Sauces Fr (V1 ID: 1373, Category: sa)
2025-12-28 13:18:11,002 - DEBUG -   Found active group: Sous marins chaud upgrade to poutine (V1 ID: 1782, Category: e)
2025-12-28 13:18:11,007 - INFO -   LE CLUB SUB: 2 active modifier groups
2025-12-28 13:18:11,309 - DEBUG -     Linked: LE CLUB SUB -> Subs Sauces Fr
2025-12-28 13:18:11,493 - DEBUG -     Details: Sauces (min:1, max:1, free:0, order:4)
2025-12-28 13:18:11,769 - DEBUG -     Linked: LE CLUB SUB -> Sous marins chaud upgrade to poutine
2025-12-28 13:18:12,002 - DEBUG -     Details: Extras (min:0, max:1, free:0, order:7)
2025-12-28 13:18:12,002 - INFO -     -> 2 links, 2 details
2025-12-28 13:18:12,003 - INFO -   [112/148] LE COMBINÉ (V3: 162252, source_id: 13356)
2025-12-28 13:18:13,876 - DEBUG -   Found active group: Subs Sauces Fr (V1 ID: 1373, Category: sa)
2025-12-28 13:18:13,889 - DEBUG -   Found active group: Sous marins chaud upgrade to poutine (V1 ID: 1782, Category: e)
2025-12-28 13:18:13,894 - INFO -   LE COMBINÉ: 2 active modifier groups
2025-12-28 13:18:14,217 - DEBUG -     Linked: LE COMBINÉ -> Subs Sauces Fr
2025-12-28 13:18:14,447 - DEBUG -     Details: Sauces (min:1, max:1, free:0, order:4)
2025-12-28 13:18:14,780 - DEBUG -     Linked: LE COMBINÉ -> Sous marins chaud upgrade to poutine
2025-12-28 13:18:14,959 - DEBUG -     Details: Extras (min:0, max:1, free:0, order:7)
2025-12-28 13:18:14,959 - INFO -     -> 2 links, 2 details
2025-12-28 13:18:14,959 - INFO -   [113/148] LE JAMBON (V3: 162250, source_id: 13354)
2025-12-28 13:18:16,828 - DEBUG -   Found active group: Subs Sauces Fr (V1 ID: 1373, Category: sa)
2025-12-28 13:18:16,841 - DEBUG -   Found active group: Sous marins chaud upgrade to poutine (V1 ID: 1782, Category: e)
2025-12-28 13:18:16,845 - INFO -   LE JAMBON: 2 active modifier groups
2025-12-28 13:18:17,153 - DEBUG -     Linked: LE JAMBON -> Subs Sauces Fr
2025-12-28 13:18:17,345 - DEBUG -     Details: Sauces (min:1, max:1, free:0, order:4)
2025-12-28 13:18:17,691 - DEBUG -     Linked: LE JAMBON -> Sous marins chaud upgrade to poutine
2025-12-28 13:18:17,969 - DEBUG -     Details: Extras (min:0, max:1, free:0, order:7)
2025-12-28 13:18:17,969 - INFO -     -> 2 links, 2 details
2025-12-28 13:18:17,970 - INFO -   [114/148] Le Jeune Hockeyeur (V3: 162192, source_id: 17414)
2025-12-28 13:18:19,825 - DEBUG -   Found active group: Pizza Toppings (V1 ID: 1777, Category: ci)
2025-12-28 13:18:19,835 - DEBUG -   Found active group: Pizza Dips Fr (V1 ID: 1371, Category: sa)
2025-12-28 13:18:19,844 - INFO -   Le Jeune Hockeyeur: 2 active modifier groups
2025-12-28 13:18:20,162 - DEBUG -     Linked: Le Jeune Hockeyeur -> Pizza Toppings
2025-12-28 13:18:20,374 - DEBUG -     Details: Ajouter des garnitures (min:0, max:0, free:0, order:2)
2025-12-28 13:18:20,686 - DEBUG -     Linked: Le Jeune Hockeyeur -> Pizza Dips Fr
2025-12-28 13:18:20,867 - DEBUG -     Details: Sauces (min:0, max:0, free:0, order:4)
2025-12-28 13:18:20,867 - INFO -     -> 2 links, 2 details
2025-12-28 13:18:20,868 - INFO -   [115/148] LE QUÉBÉCOIS (V3: 162249, source_id: 13353)
2025-12-28 13:18:22,732 - DEBUG -   Found active group: Subs Sauces Fr (V1 ID: 1373, Category: sa)
2025-12-28 13:18:22,743 - DEBUG -   Found active group: Sous marins chaud upgrade to poutine (V1 ID: 1782, Category: e)
2025-12-28 13:18:22,748 - INFO -   LE QUÉBÉCOIS: 2 active modifier groups
2025-12-28 13:18:23,067 - DEBUG -     Linked: LE QUÉBÉCOIS -> Subs Sauces Fr
2025-12-28 13:18:23,238 - DEBUG -     Details: Sauces (min:1, max:1, free:0, order:4)
2025-12-28 13:18:23,544 - DEBUG -     Linked: LE QUÉBÉCOIS -> Sous marins chaud upgrade to poutine
2025-12-28 13:18:23,721 - DEBUG -     Details: Extras (min:0, max:1, free:0, order:7)
2025-12-28 13:18:23,721 - INFO -     -> 2 links, 2 details
2025-12-28 13:18:23,721 - INFO -   [116/148] Moyenne Pizza 3 Garnitures et 2 Trempette (V3: 162141, source_id: 100188)
2025-12-28 13:18:25,581 - DEBUG -   No active modifier groups for dish Moyenne Pizza 3 Garnitures et 2 Trempette
2025-12-28 13:18:25,581 - INFO -     -> 0 links, 0 details
2025-12-28 13:18:25,581 - INFO -   [117/148] Moyenne Pizza Special (V3: 162287, source_id: 59213)
2025-12-28 13:18:27,463 - DEBUG -   Found active group: Pizza Toppings (V1 ID: 1777, Category: ci)
2025-12-28 13:18:27,473 - DEBUG -   Found active group: Pizza Dips Fr (V1 ID: 1371, Category: sa)
2025-12-28 13:18:27,481 - INFO -   Moyenne Pizza Special: 2 active modifier groups
2025-12-28 13:18:27,778 - DEBUG -     Linked: Moyenne Pizza Special -> Pizza Toppings
2025-12-28 13:18:27,978 - DEBUG -     Details: Premiere 3 Garnitures Gratuit (min:3, max:0, free:3, order:2)
2025-12-28 13:18:28,284 - DEBUG -     Linked: Moyenne Pizza Special -> Pizza Dips Fr
2025-12-28 13:18:28,461 - DEBUG -     Details: Premiere 2 Trempettes Gratuit (min:2, max:0, free:2, order:4)
2025-12-28 13:18:28,461 - INFO -     -> 2 links, 2 details
2025-12-28 13:18:28,462 - INFO -   [118/148] Nachos (V3: 162224, source_id: 13336)
2025-12-28 13:18:30,335 - DEBUG -   Found active group: Nachos extra Chicken an Boeuf Fr (V1 ID: 1372, Category: e)
2025-12-28 13:18:30,339 - INFO -   Nachos: 1 active modifier groups
2025-12-28 13:18:30,645 - DEBUG -     Linked: Nachos -> Nachos extra Chicken an Boeuf Fr
2025-12-28 13:18:30,842 - DEBUG -     Details: Extras (min:0, max:1, free:0, order:7)
2025-12-28 13:18:30,842 - INFO -     -> 1 links, 1 details
2025-12-28 13:18:30,843 - INFO -   [119/148] Orange Crush (V3: 162299, source_id: 17403)
2025-12-28 13:18:32,704 - DEBUG -   No active modifier groups for dish Orange Crush
2025-12-28 13:18:32,704 - INFO -     -> 0 links, 0 details
2025-12-28 13:18:32,704 - INFO -   Progress: 120/148 dishes
2025-12-28 13:18:32,704 - INFO -   [120/148] Pain à l’ail 12" (V3: 162232, source_id: 13348)
2025-12-28 13:18:34,560 - DEBUG -   No active modifier groups for dish Pain à l’ail 12"
2025-12-28 13:18:34,560 - INFO -     -> 0 links, 0 details
2025-12-28 13:18:34,561 - INFO -   [121/148] Pain à l’ail gratiné 12" (V3: 162240, source_id: 100844)
2025-12-28 13:18:36,435 - DEBUG -   No active modifier groups for dish Pain à l’ail gratiné 12"
2025-12-28 13:18:36,435 - INFO -     -> 0 links, 0 details
2025-12-28 13:18:36,435 - INFO -   [122/148] Pepsi (V3: 162300, source_id: 17404)
2025-12-28 13:18:38,310 - DEBUG -   No active modifier groups for dish Pepsi
2025-12-28 13:18:38,310 - INFO -     -> 0 links, 0 details
2025-12-28 13:18:38,310 - INFO -   [123/148] Pita Végétarien (V3: 162219, source_id: 45974)
2025-12-28 13:18:40,173 - DEBUG -   No active modifier groups for dish Pita Végétarien
2025-12-28 13:18:40,173 - INFO -     -> 0 links, 0 details
2025-12-28 13:18:40,173 - INFO -   [124/148] PIZZA SUB (V3: 162251, source_id: 13355)
2025-12-28 13:18:42,040 - DEBUG -   Found active group: Subs Sauces Fr (V1 ID: 1373, Category: sa)
2025-12-28 13:18:42,053 - DEBUG -   Found active group: Sous marins chaud upgrade to poutine (V1 ID: 1782, Category: e)
2025-12-28 13:18:42,057 - INFO -   PIZZA SUB: 2 active modifier groups
2025-12-28 13:18:42,423 - DEBUG -     Linked: PIZZA SUB -> Subs Sauces Fr
2025-12-28 13:18:42,605 - DEBUG -     Details: Sauces (min:1, max:1, free:0, order:4)
2025-12-28 13:18:42,881 - DEBUG -     Linked: PIZZA SUB -> Sous marins chaud upgrade to poutine
2025-12-28 13:18:43,050 - DEBUG -     Details: Extras (min:0, max:1, free:0, order:7)
2025-12-28 13:18:43,050 - INFO -     -> 2 links, 2 details
2025-12-28 13:18:43,051 - INFO -   [125/148] Poutine (V3: 162243, source_id: 13346)
2025-12-28 13:18:44,953 - DEBUG -   No active modifier groups for dish Poutine
2025-12-28 13:18:44,953 - INFO -     -> 0 links, 0 details
2025-12-28 13:18:44,953 - INFO -   [126/148] Poutine avec Bacon (V3: 162245, source_id: 88617)
2025-12-28 13:18:46,832 - DEBUG -   No active modifier groups for dish Poutine avec Bacon
2025-12-28 13:18:46,832 - INFO -     -> 0 links, 0 details
2025-12-28 13:18:46,832 - INFO -   [127/148] Poutine avec Bacon et Saucisse (V3: 162246, source_id: 88618)
2025-12-28 13:18:48,682 - DEBUG -   No active modifier groups for dish Poutine avec Bacon et Saucisse
2025-12-28 13:18:48,682 - INFO -     -> 0 links, 0 details
2025-12-28 13:18:48,682 - INFO -   [128/148] Poutine avec Poulet (V3: 162247, source_id: 88619)
2025-12-28 13:18:50,533 - DEBUG -   No active modifier groups for dish Poutine avec Poulet
2025-12-28 13:18:50,534 - INFO -     -> 0 links, 0 details
2025-12-28 13:18:50,534 - INFO -   [129/148] Poutine Italienne (V3: 162244, source_id: 88620)
2025-12-28 13:18:52,425 - DEBUG -   No active modifier groups for dish Poutine Italienne
2025-12-28 13:18:52,425 - INFO -     -> 0 links, 0 details
2025-12-28 13:18:52,425 - INFO -   Progress: 130/148 dishes
2025-12-28 13:18:52,425 - INFO -   [130/148] Rondelles d'oignon (V3: 162233, source_id: 13345)
2025-12-28 13:18:54,273 - DEBUG -   No active modifier groups for dish Rondelles d'oignon
2025-12-28 13:18:54,273 - INFO -     -> 0 links, 0 details
2025-12-28 13:18:54,273 - INFO -   [131/148] Salade César (V3: 162230, source_id: 13342)
2025-12-28 13:18:56,127 - DEBUG -   Found active group: No bacon for caesar salad (V1 ID: 1781, Category: e)
2025-12-28 13:18:56,132 - INFO -   Salade César: 1 active modifier groups
2025-12-28 13:18:56,413 - DEBUG -     Linked: Salade César -> No bacon for caesar salad
2025-12-28 13:18:56,570 - DEBUG -     Details: Extras (min:0, max:1, free:0, order:7)
2025-12-28 13:18:56,570 - INFO -     -> 1 links, 1 details
2025-12-28 13:18:56,570 - INFO -   [132/148] Salade Grecque (V3: 162231, source_id: 13343)
2025-12-28 13:18:58,431 - DEBUG -   No active modifier groups for dish Salade Grecque
2025-12-28 13:18:58,431 - INFO -     -> 0 links, 0 details
2025-12-28 13:18:58,431 - INFO -   [133/148] Salade Jardinier (V3: 162229, source_id: 13341)
2025-12-28 13:19:00,296 - DEBUG -   No active modifier groups for dish Salade Jardinier
2025-12-28 13:19:00,296 - INFO -     -> 0 links, 0 details
2025-12-28 13:19:00,296 - INFO -   [134/148] Sandwich Poulet Chaud (V3: 162238, source_id: 83276)
2025-12-28 13:19:02,144 - DEBUG -   No active modifier groups for dish Sandwich Poulet Chaud
2025-12-28 13:19:02,144 - INFO -     -> 0 links, 0 details
2025-12-28 13:19:02,144 - INFO -   [135/148] Shawarma Combo (V3: 162215, source_id: 45970)
2025-12-28 13:19:04,010 - DEBUG -   No active modifier groups for dish Shawarma Combo
2025-12-28 13:19:04,010 - INFO -     -> 0 links, 0 details
2025-12-28 13:19:04,010 - INFO -   [136/148] Shawarma Pita (V3: 162218, source_id: 45973)
2025-12-28 13:19:05,855 - DEBUG -   No active modifier groups for dish Shawarma Pita
2025-12-28 13:19:05,855 - INFO -     -> 0 links, 0 details
2025-12-28 13:19:05,856 - INFO -   [137/148] Shawarma Vous (V3: 162286, source_id: 59212)
2025-12-28 13:19:07,710 - DEBUG -   Found active group: Sous marins chaud upgrade to poutine (V1 ID: 1782, Category: e)
2025-12-28 13:19:07,714 - INFO -   Shawarma Vous: 1 active modifier groups
2025-12-28 13:19:07,991 - DEBUG -     Linked: Shawarma Vous -> Sous marins chaud upgrade to poutine
2025-12-28 13:19:08,152 - DEBUG -     Details: Extras (min:0, max:1, free:0, order:7)
2025-12-28 13:19:08,152 - INFO -     -> 1 links, 1 details
2025-12-28 13:19:08,153 - INFO -   [138/148] Souvlaki Combo (Porc) (V3: 162214, source_id: 45969)
2025-12-28 13:19:10,030 - DEBUG -   No active modifier groups for dish Souvlaki Combo (Porc)
2025-12-28 13:19:10,031 - INFO -     -> 0 links, 0 details
2025-12-28 13:19:10,031 - INFO -   [139/148] Spaghetti (V3: 162225, source_id: 13337)
2025-12-28 13:19:11,890 - DEBUG -   No active modifier groups for dish Spaghetti
2025-12-28 13:19:11,890 - INFO -     -> 0 links, 0 details
2025-12-28 13:19:11,890 - INFO -   Progress: 140/148 dishes
2025-12-28 13:19:11,891 - INFO -   [140/148] Spaghetti À LA QUÉBÉCOISE (V3: 162226, source_id: 13338)
2025-12-28 13:19:13,787 - DEBUG -   No active modifier groups for dish Spaghetti À LA QUÉBÉCOISE
2025-12-28 13:19:13,787 - INFO -     -> 0 links, 0 details
2025-12-28 13:19:13,787 - INFO -   [141/148] STEAK STYLE PHILADELPHIA (V3: 162248, source_id: 13352)
2025-12-28 13:19:15,644 - DEBUG -   Found active group: Subs Sauces Fr (V1 ID: 1373, Category: sa)
2025-12-28 13:19:15,655 - DEBUG -   Found active group: Sous marins chaud upgrade to poutine (V1 ID: 1782, Category: e)
2025-12-28 13:19:15,660 - INFO -   STEAK STYLE PHILADELPHIA: 2 active modifier groups
2025-12-28 13:19:15,947 - DEBUG -     Linked: STEAK STYLE PHILADELPHIA -> Subs Sauces Fr
2025-12-28 13:19:16,112 - DEBUG -     Details: Sauces (min:1, max:1, free:0, order:4)
2025-12-28 13:19:16,404 - DEBUG -     Linked: STEAK STYLE PHILADELPHIA -> Sous marins chaud upgrade to poutine
2025-12-28 13:19:16,563 - DEBUG -     Details: Extras (min:0, max:1, free:0, order:7)
2025-12-28 13:19:16,563 - INFO -     -> 2 links, 2 details
2025-12-28 13:19:16,564 - INFO -   [142/148] Style Maniwaki (V3: 162206, source_id: 17432)
2025-12-28 13:19:18,424 - DEBUG -   Found active group: Pizza Toppings (V1 ID: 1777, Category: ci)
2025-12-28 13:19:18,434 - DEBUG -   Found active group: Pizza Dips Fr (V1 ID: 1371, Category: sa)
2025-12-28 13:19:18,442 - INFO -   Style Maniwaki: 2 active modifier groups
2025-12-28 13:19:18,721 - DEBUG -     Linked: Style Maniwaki -> Pizza Toppings
2025-12-28 13:19:18,896 - DEBUG -     Details: Ajouter des garnitures (min:0, max:0, free:0, order:2)
2025-12-28 13:19:19,166 - DEBUG -     Linked: Style Maniwaki -> Pizza Dips Fr
2025-12-28 13:19:19,344 - DEBUG -     Details: Sauces (min:0, max:0, free:0, order:4)
2025-12-28 13:19:19,344 - INFO -     -> 2 links, 2 details
2025-12-28 13:19:19,345 - INFO -   [143/148] SUPER SUPER (V3: 162254, source_id: 13358)
2025-12-28 13:19:21,216 - DEBUG -   Found active group: Sous marins chaud upgrade to poutine (V1 ID: 1782, Category: e)
2025-12-28 13:19:21,220 - INFO -   SUPER SUPER: 1 active modifier groups
2025-12-28 13:19:21,505 - DEBUG -     Linked: SUPER SUPER -> Sous marins chaud upgrade to poutine
2025-12-28 13:19:21,683 - DEBUG -     Details: Extras (min:0, max:1, free:0, order:7)
2025-12-28 13:19:21,683 - INFO -     -> 1 links, 1 details
2025-12-28 13:19:21,683 - INFO -   [144/148] Tourbillon Caramel (V3: 162293, source_id: 77735)
2025-12-28 13:19:23,517 - DEBUG -   No active modifier groups for dish Tourbillon Caramel
2025-12-28 13:19:23,517 - INFO -     -> 0 links, 0 details
2025-12-28 13:19:23,517 - INFO -   [145/148] Trempette (V3: 162190, source_id: 91057)
2025-12-28 13:19:25,387 - DEBUG -   No active modifier groups for dish Trempette
2025-12-28 13:19:25,387 - INFO -     -> 0 links, 0 details
2025-12-28 13:19:25,388 - INFO -   [146/148] Trempette (V3: 162212, source_id: 88616)
2025-12-28 13:19:27,235 - DEBUG -   No active modifier groups for dish Trempette
2025-12-28 13:19:27,235 - INFO -     -> 0 links, 0 details
2025-12-28 13:19:27,235 - INFO -   [147/148] Une Garniture (V3: 162191, source_id: 17413)
2025-12-28 13:19:29,112 - DEBUG -   Found active group: Pizza Toppings (V1 ID: 1777, Category: ci)
2025-12-28 13:19:29,122 - DEBUG -   Found active group: Pizza Dips Fr (V1 ID: 1371, Category: sa)
2025-12-28 13:19:29,131 - INFO -   Une Garniture: 2 active modifier groups
2025-12-28 13:19:29,403 - DEBUG -     Linked: Une Garniture -> Pizza Toppings
2025-12-28 13:19:29,570 - DEBUG -     Details: Ajouter des garnitures (min:0, max:0, free:0, order:2)
2025-12-28 13:19:29,884 - DEBUG -     Linked: Une Garniture -> Pizza Dips Fr
2025-12-28 13:19:30,040 - DEBUG -     Details: Sauces (min:0, max:0, free:0, order:4)
2025-12-28 13:19:30,040 - INFO -     -> 2 links, 2 details
2025-12-28 13:19:30,041 - INFO -   [148/148] Zucchinis (10 mcx) (V3: 162235, source_id: 13347)
2025-12-28 13:19:31,909 - DEBUG -   No active modifier groups for dish Zucchinis (10 mcx)
2025-12-28 13:19:31,909 - INFO -     -> 0 links, 0 details
2025-12-28 13:19:31,909 - INFO -   Result: 148 processed, 0 skipped, 86 links, 86 details
2025-12-28 13:19:31,909 - INFO - ----------------------------------------
2025-12-28 13:19:31,909 - INFO - [12/20] Processing: Papa Pizza Cantley (V3: 602, V1: 825)
2025-12-28 13:19:32,060 - INFO -   [1/134] 1 Grande Pizza avec Nachos (V3: 154273, source_id: 108033)
2025-12-28 13:19:33,908 - DEBUG -   No active modifier groups for dish 1 Grande Pizza avec Nachos
2025-12-28 13:19:33,908 - INFO -     -> 0 links, 0 details
2025-12-28 13:19:33,908 - INFO -   [2/134] 1 Grande Pizza et 1 Poutine (V3: 154276, source_id: 83481)
2025-12-28 13:19:35,762 - DEBUG -   No active modifier groups for dish 1 Grande Pizza et 1 Poutine
2025-12-28 13:19:35,762 - INFO -     -> 0 links, 0 details
2025-12-28 13:19:35,762 - INFO -   [3/134] 1 Grande Pizza et 2 Poutines (V3: 154277, source_id: 123047)
2025-12-28 13:19:37,684 - DEBUG -   No active modifier groups for dish 1 Grande Pizza et 2 Poutines
2025-12-28 13:19:37,684 - INFO -     -> 0 links, 0 details
2025-12-28 13:19:37,684 - INFO -   [4/134] 1 Grande Pizza et Ailes (V3: 154270, source_id: 83484)
2025-12-28 13:19:39,549 - DEBUG -   No active modifier groups for dish 1 Grande Pizza et Ailes
2025-12-28 13:19:39,549 - INFO -     -> 0 links, 0 details
2025-12-28 13:19:39,549 - INFO -   [5/134] 1 Moyenne Pizza avec Nachos (V3: 154272, source_id: 108032)
2025-12-28 13:19:41,391 - DEBUG -   No active modifier groups for dish 1 Moyenne Pizza avec Nachos
2025-12-28 13:19:41,391 - INFO -     -> 0 links, 0 details
2025-12-28 13:19:41,391 - INFO -   [6/134] 1 Moyenne Pizza et 1 Poutine (V3: 154275, source_id: 83480)
2025-12-28 13:19:43,234 - DEBUG -   No active modifier groups for dish 1 Moyenne Pizza et 1 Poutine
2025-12-28 13:19:43,234 - INFO -     -> 0 links, 0 details
2025-12-28 13:19:43,234 - INFO -   [7/134] 1 Moyenne Pizza et Ailes (V3: 154269, source_id: 83483)
2025-12-28 13:19:45,076 - DEBUG -   No active modifier groups for dish 1 Moyenne Pizza et Ailes
2025-12-28 13:19:45,076 - INFO -     -> 0 links, 0 details
2025-12-28 13:19:45,076 - INFO -   [8/134] 1 Petit Pizza et Ailes (V3: 154268, source_id: 83482)
2025-12-28 13:19:46,940 - DEBUG -   Found active group: Drinks bottle (V1 ID: 7863, Category: d)
2025-12-28 13:19:46,945 - INFO -   1 Petit Pizza et Ailes: 1 active modifier groups
2025-12-28 13:19:47,227 - DEBUG -     Linked: 1 Petit Pizza et Ailes -> Drinks bottle
2025-12-28 13:19:47,386 - DEBUG -     Details: 591ml Boisson (min:1, max:1, free:0, order:6)
2025-12-28 13:19:47,386 - INFO -     -> 1 links, 1 details
2025-12-28 13:19:47,387 - INFO -   [9/134] 1 Petite Pizza avec Nachos (V3: 154271, source_id: 108031)
2025-12-28 13:19:49,252 - DEBUG -   No active modifier groups for dish 1 Petite Pizza avec Nachos
2025-12-28 13:19:49,252 - INFO -     -> 0 links, 0 details
2025-12-28 13:19:49,252 - INFO -   Progress: 10/134 dishes
2025-12-28 13:19:49,252 - INFO -   [10/134] 1 Petite Pizza et 1 Poutine (V3: 154274, source_id: 83479)
2025-12-28 13:19:51,100 - DEBUG -   No active modifier groups for dish 1 Petite Pizza et 1 Poutine
2025-12-28 13:19:51,100 - INFO -     -> 0 links, 0 details
2025-12-28 13:19:51,100 - INFO -   [11/134] 1. Souvlaki (V3: 153194, source_id: 118315)
2025-12-28 13:19:53,002 - DEBUG -   No active modifier groups for dish 1. Souvlaki
2025-12-28 13:19:53,003 - INFO -     -> 0 links, 0 details
2025-12-28 13:19:53,003 - INFO -   [12/134] 12 Ailes (V3: 153221, source_id: 83473)
2025-12-28 13:19:54,903 - DEBUG -   Found active group: Wings Sauces (V1 ID: 7862, Category: sa)
2025-12-28 13:19:54,911 - INFO -   12 Ailes: 1 active modifier groups
2025-12-28 13:19:55,196 - DEBUG -     Linked: 12 Ailes -> Wings Sauces
2025-12-28 13:19:55,375 - DEBUG -     Details: Sauces (min:1, max:1, free:0, order:4)
2025-12-28 13:19:55,375 - INFO -     -> 1 links, 1 details
2025-12-28 13:19:55,376 - INFO -   [13/134] 18 Ailes (V3: 153222, source_id: 83474)
2025-12-28 13:19:57,241 - DEBUG -   Found active group: Wings Sauces (V1 ID: 7862, Category: sa)
2025-12-28 13:19:57,254 - INFO -   18 Ailes: 1 active modifier groups
2025-12-28 13:19:57,555 - DEBUG -     Linked: 18 Ailes -> Wings Sauces
2025-12-28 13:19:57,728 - DEBUG -     Details: Sauces (min:1, max:1, free:0, order:4)
2025-12-28 13:19:57,728 - INFO -     -> 1 links, 1 details
2025-12-28 13:19:57,728 - INFO -   [14/134] 1a. Souvlaki Combo (V3: 153195, source_id: 118316)
2025-12-28 13:19:59,603 - DEBUG -   Found active group: Gyro Combos Side Dishes (V1 ID: 11069, Category: sd)
2025-12-28 13:19:59,610 - INFO -   1a. Souvlaki Combo: 1 active modifier groups
2025-12-28 13:19:59,899 - DEBUG -     Linked: 1a. Souvlaki Combo -> Gyro Combos Side Dishes
2025-12-28 13:20:00,087 - DEBUG -     Details: Plat d’accompagnement (min:1, max:1, free:0, order:5)
2025-12-28 13:20:00,088 - INFO -     -> 1 links, 1 details
2025-12-28 13:20:00,088 - INFO -   [15/134] 2 Grandes Pizzas et 24 Ailes (V3: 154283, source_id: 108039)
2025-12-28 13:20:02,963 - DEBUG -   No active modifier groups for dish 2 Grandes Pizzas et 24 Ailes
2025-12-28 13:20:02,963 - INFO -     -> 0 links, 0 details
2025-12-28 13:20:02,963 - INFO -   [16/134] 2 Grandes Pizzas et Frites Familiale (V3: 154279, source_id: 108035)
2025-12-28 13:20:04,821 - DEBUG -   No active modifier groups for dish 2 Grandes Pizzas et Frites Familiale
2025-12-28 13:20:04,821 - INFO -     -> 0 links, 0 details
2025-12-28 13:20:04,821 - INFO -   [17/134] 2 Grandes Pizzas et Salade Familiale (V3: 154281, source_id: 108037)
2025-12-28 13:20:06,665 - DEBUG -   No active modifier groups for dish 2 Grandes Pizzas et Salade Familiale
2025-12-28 13:20:06,665 - INFO -     -> 0 links, 0 details
2025-12-28 13:20:06,666 - INFO -   [18/134] 2 Moyennes Pizzas et 14 Ailes (V3: 154282, source_id: 108038)
2025-12-28 13:20:08,513 - DEBUG -   No active modifier groups for dish 2 Moyennes Pizzas et 14 Ailes
2025-12-28 13:20:08,513 - INFO -     -> 0 links, 0 details
2025-12-28 13:20:08,513 - INFO -   [19/134] 2 Moyennes Pizzas et Frites Familiale (V3: 154278, source_id: 108034)
2025-12-28 13:20:10,353 - DEBUG -   No active modifier groups for dish 2 Moyennes Pizzas et Frites Familiale
2025-12-28 13:20:10,353 - INFO -     -> 0 links, 0 details
2025-12-28 13:20:10,354 - INFO -   Progress: 20/134 dishes
2025-12-28 13:20:10,354 - INFO -   [20/134] 2 Moyennes Pizzas et Salade Familiale (V3: 154280, source_id: 108036)
2025-12-28 13:20:12,205 - DEBUG -   No active modifier groups for dish 2 Moyennes Pizzas et Salade Familiale
2025-12-28 13:20:12,205 - INFO -     -> 0 links, 0 details
2025-12-28 13:20:12,205 - INFO -   [21/134] 2. BLT (V3: 153196, source_id: 118317)
2025-12-28 13:20:14,062 - DEBUG -   No active modifier groups for dish 2. BLT
2025-12-28 13:20:14,062 - INFO -     -> 0 links, 0 details
2025-12-28 13:20:14,062 - INFO -   [22/134] 24 Ailes (V3: 153223, source_id: 83475)
2025-12-28 13:20:15,915 - DEBUG -   Found active group: Wings Sauces (V1 ID: 7862, Category: sa)
2025-12-28 13:20:15,925 - INFO -   24 Ailes: 1 active modifier groups
2025-12-28 13:20:16,196 - DEBUG -     Linked: 24 Ailes -> Wings Sauces
2025-12-28 13:20:16,357 - DEBUG -     Details: Sauces (min:1, max:1, free:0, order:4)
2025-12-28 13:20:16,357 - INFO -     -> 1 links, 1 details
2025-12-28 13:20:16,357 - INFO -   [23/134] 2a. BLT Combo (V3: 153197, source_id: 118318)
2025-12-28 13:20:18,206 - DEBUG -   Found active group: Gyro Combos Side Dishes (V1 ID: 11069, Category: sd)
2025-12-28 13:20:18,213 - INFO -   2a. BLT Combo: 1 active modifier groups
2025-12-28 13:20:18,498 - DEBUG -     Linked: 2a. BLT Combo -> Gyro Combos Side Dishes
2025-12-28 13:20:18,663 - DEBUG -     Details: Plat d’accompagnement (min:1, max:1, free:0, order:5)
2025-12-28 13:20:18,663 - INFO -     -> 1 links, 1 details
2025-12-28 13:20:18,663 - INFO -   [24/134] 3. Gyro Poulet César (V3: 153198, source_id: 118319)
2025-12-28 13:20:20,530 - DEBUG -   No active modifier groups for dish 3. Gyro Poulet César
2025-12-28 13:20:20,530 - INFO -     -> 0 links, 0 details
2025-12-28 13:20:20,530 - INFO -   [25/134] 3a. Gyro Poulet César Combo (V3: 153199, source_id: 118320)
2025-12-28 13:20:22,366 - DEBUG -   Found active group: Gyro Combos Side Dishes (V1 ID: 11069, Category: sd)
2025-12-28 13:20:22,374 - INFO -   3a. Gyro Poulet César Combo: 1 active modifier groups
2025-12-28 13:20:22,664 - DEBUG -     Linked: 3a. Gyro Poulet César Combo -> Gyro Combos Side Dishes
2025-12-28 13:20:22,841 - DEBUG -     Details: Plat d’accompagnement (min:1, max:1, free:0, order:5)
2025-12-28 13:20:22,841 - INFO -     -> 1 links, 1 details
2025-12-28 13:20:22,841 - INFO -   [26/134] 4. Gyro Vegetarien (V3: 153200, source_id: 118321)
2025-12-28 13:20:24,692 - DEBUG -   No active modifier groups for dish 4. Gyro Vegetarien
2025-12-28 13:20:24,692 - INFO -     -> 0 links, 0 details
2025-12-28 13:20:24,692 - INFO -   [27/134] 4a. Gyro Vegetarien Combo (V3: 153201, source_id: 118322)
2025-12-28 13:20:26,542 - DEBUG -   Found active group: Gyro Combos Side Dishes (V1 ID: 11069, Category: sd)
2025-12-28 13:20:26,549 - INFO -   4a. Gyro Vegetarien Combo: 1 active modifier groups
2025-12-28 13:20:26,839 - DEBUG -     Linked: 4a. Gyro Vegetarien Combo -> Gyro Combos Side Dishes
2025-12-28 13:20:27,040 - DEBUG -     Details: Plat d’accompagnement (min:1, max:1, free:0, order:5)
2025-12-28 13:20:27,040 - INFO -     -> 1 links, 1 details
2025-12-28 13:20:27,040 - INFO -   [28/134] 5. Gyro Filet Mignon (V3: 153202, source_id: 118323)
2025-12-28 13:20:28,899 - DEBUG -   No active modifier groups for dish 5. Gyro Filet Mignon
2025-12-28 13:20:28,899 - INFO -     -> 0 links, 0 details
2025-12-28 13:20:28,899 - INFO -   [29/134] 5a. Gyro Filet Mignon Combo (V3: 153203, source_id: 118324)
2025-12-28 13:20:30,752 - DEBUG -   Found active group: Gyro Combos Side Dishes (V1 ID: 11069, Category: sd)
2025-12-28 13:20:30,759 - INFO -   5a. Gyro Filet Mignon Combo: 1 active modifier groups
2025-12-28 13:20:31,059 - DEBUG -     Linked: 5a. Gyro Filet Mignon Combo -> Gyro Combos Side Dishes
2025-12-28 13:20:31,237 - DEBUG -     Details: Plat d’accompagnement (min:1, max:1, free:0, order:5)
2025-12-28 13:20:31,237 - INFO -     -> 1 links, 1 details
2025-12-28 13:20:31,238 - INFO -   Progress: 30/134 dishes
2025-12-28 13:20:31,238 - INFO -   [30/134] 7 Up (V3: 153254, source_id: 84553)
2025-12-28 13:20:33,096 - DEBUG -   No active modifier groups for dish 7 Up
2025-12-28 13:20:33,096 - INFO -     -> 0 links, 0 details
2025-12-28 13:20:33,096 - INFO -   [31/134] Assiette Hamburger Steak (2 boulettes) (V3: 153239, source_id: 108028)
2025-12-28 13:20:35,034 - DEBUG -   No active modifier groups for dish Assiette Hamburger Steak (2 boulettes)
2025-12-28 13:20:35,035 - INFO -     -> 0 links, 0 details
2025-12-28 13:20:35,035 - INFO -   [32/134] Baklawa (1 gros morceau) (V3: 153245, source_id: 84564)
2025-12-28 13:20:36,889 - DEBUG -   No active modifier groups for dish Baklawa (1 gros morceau)
2025-12-28 13:20:36,889 - INFO -     -> 0 links, 0 details
2025-12-28 13:20:36,889 - INFO -   [33/134] Bâtonnets de fromage (V3: 153209, source_id: 83462)
2025-12-28 13:20:38,739 - DEBUG -   No active modifier groups for dish Bâtonnets de fromage
2025-12-28 13:20:38,739 - INFO -     -> 0 links, 0 details
2025-12-28 13:20:38,739 - INFO -   [34/134] Boeuf Hamburger (V3: 153237, source_id: 108026)
2025-12-28 13:20:40,691 - DEBUG -   Found active group: Burgers ing (V1 ID: 10047, Category: ci)
2025-12-28 13:20:40,705 - DEBUG -   Found active group: Burgers extra (V1 ID: 10048, Category: e)
2025-12-28 13:20:40,709 - INFO -   Boeuf Hamburger: 2 active modifier groups
2025-12-28 13:20:41,055 - DEBUG -     Linked: Boeuf Hamburger -> Burgers ing
2025-12-28 13:20:41,223 - DEBUG -     Details: Ingrédients personnalisés (min:0, max:0, free:0, order:2)
2025-12-28 13:20:41,524 - DEBUG -     Linked: Boeuf Hamburger -> Burgers extra
2025-12-28 13:20:41,689 - DEBUG -     Details: Extras (min:0, max:0, free:0, order:7)
2025-12-28 13:20:41,689 - INFO -     -> 2 links, 2 details
2025-12-28 13:20:41,689 - INFO -   [35/134] Bouteille d’eau (V3: 153262, source_id: 84563)
2025-12-28 13:20:43,543 - DEBUG -   No active modifier groups for dish Bouteille d’eau
2025-12-28 13:20:43,543 - INFO -     -> 0 links, 0 details
2025-12-28 13:20:43,544 - INFO -   [36/134] Brisk Thé Glacé (V3: 153258, source_id: 84555)
2025-12-28 13:20:45,396 - DEBUG -   No active modifier groups for dish Brisk Thé Glacé
2025-12-28 13:20:45,396 - INFO -     -> 0 links, 0 details
2025-12-28 13:20:45,396 - INFO -   [37/134] Brochettes de crevettes (V3: 153190, source_id: 118311)
2025-12-28 13:20:47,253 - DEBUG -   No active modifier groups for dish Brochettes de crevettes
2025-12-28 13:20:47,254 - INFO -     -> 0 links, 0 details
2025-12-28 13:20:47,254 - INFO -   [38/134] Brochettes de filet mignon (V3: 153188, source_id: 118309)
2025-12-28 13:20:49,094 - DEBUG -   No active modifier groups for dish Brochettes de filet mignon
2025-12-28 13:20:49,094 - INFO -     -> 0 links, 0 details
2025-12-28 13:20:49,094 - INFO -   [39/134] Brochettes de poulet marinée (V3: 153187, source_id: 118308)
2025-12-28 13:20:50,997 - DEBUG -   No active modifier groups for dish Brochettes de poulet marinée
2025-12-28 13:20:50,997 - INFO -     -> 0 links, 0 details
2025-12-28 13:20:50,997 - INFO -   Progress: 40/134 dishes
2025-12-28 13:20:50,997 - INFO -   [40/134] Brochettes de souvlaki (V3: 153189, source_id: 118310)
2025-12-28 13:20:52,862 - DEBUG -   No active modifier groups for dish Brochettes de souvlaki
2025-12-28 13:20:52,862 - INFO -     -> 0 links, 0 details
2025-12-28 13:20:52,862 - INFO -   [41/134] Brownies pour enfant (V3: 153248, source_id: 118327)
2025-12-28 13:20:54,854 - DEBUG -   No active modifier groups for dish Brownies pour enfant
2025-12-28 13:20:54,854 - INFO -     -> 0 links, 0 details
2025-12-28 13:20:54,854 - INFO -   [42/134] Club Sandwich (V3: 153210, source_id: 83460)
2025-12-28 13:20:56,698 - DEBUG -   No active modifier groups for dish Club Sandwich
2025-12-28 13:20:56,698 - INFO -     -> 0 links, 0 details
2025-12-28 13:20:56,699 - INFO -   [43/134] Club Sandwich Poutine (V3: 153211, source_id: 108019)
2025-12-28 13:20:58,525 - DEBUG -   No active modifier groups for dish Club Sandwich Poutine
2025-12-28 13:20:58,525 - INFO -     -> 0 links, 0 details
2025-12-28 13:20:58,525 - INFO -   [44/134] Cornichons Panés Frits (V3: 153216, source_id: 118266)
2025-12-28 13:21:00,407 - DEBUG -   No active modifier groups for dish Cornichons Panés Frits
2025-12-28 13:21:00,407 - INFO -     -> 0 links, 0 details
2025-12-28 13:21:00,407 - INFO -   [45/134] Cream Soda (V3: 153252, source_id: 84557)
2025-12-28 13:21:02,248 - DEBUG -   No active modifier groups for dish Cream Soda
2025-12-28 13:21:02,248 - INFO -     -> 0 links, 0 details
2025-12-28 13:21:02,249 - INFO -   [46/134] Diet Pepsi (V3: 153261, source_id: 84552)
2025-12-28 13:21:04,094 - DEBUG -   No active modifier groups for dish Diet Pepsi
2025-12-28 13:21:04,095 - INFO -     -> 0 links, 0 details
2025-12-28 13:21:04,095 - INFO -   [47/134] Doigts de poulet (V3: 153212, source_id: 83461)
2025-12-28 13:21:05,929 - DEBUG -   No active modifier groups for dish Doigts de poulet
2025-12-28 13:21:05,929 - INFO -     -> 0 links, 0 details
2025-12-28 13:21:05,929 - INFO -   [48/134] Donair Sub (V3: 153234, source_id: 108024)
2025-12-28 13:21:07,772 - DEBUG -   No active modifier groups for dish Donair Sub
2025-12-28 13:21:07,772 - INFO -     -> 0 links, 0 details
2025-12-28 13:21:07,772 - INFO -   [49/134] Dr.Pepper (V3: 153257, source_id: 107995)
2025-12-28 13:21:09,638 - DEBUG -   No active modifier groups for dish Dr.Pepper
2025-12-28 13:21:09,638 - INFO -     -> 0 links, 0 details
2025-12-28 13:21:09,638 - INFO -   Progress: 50/134 dishes
2025-12-28 13:21:09,639 - INFO -   [50/134] Frites (V3: 153204, source_id: 83457)
2025-12-28 13:21:11,451 - DEBUG -   No active modifier groups for dish Frites
2025-12-28 13:21:11,451 - INFO -     -> 0 links, 0 details
2025-12-28 13:21:11,451 - INFO -   [51/134] Frites Patates Douces (V3: 153215, source_id: 118265)
2025-12-28 13:21:13,297 - DEBUG -   No active modifier groups for dish Frites Patates Douces
2025-12-28 13:21:13,297 - INFO -     -> 0 links, 0 details
2025-12-28 13:21:13,297 - INFO -   [52/134] Gateaux carrots (V3: 153249, source_id: 118328)
2025-12-28 13:21:15,134 - DEBUG -   No active modifier groups for dish Gateaux carrots
2025-12-28 13:21:15,134 - INFO -     -> 0 links, 0 details
2025-12-28 13:21:15,134 - INFO -   [53/134] Gateaux Fromage (V3: 153247, source_id: 118326)
2025-12-28 13:21:16,976 - DEBUG -   No active modifier groups for dish Gateaux Fromage
2025-12-28 13:21:16,976 - INFO -     -> 0 links, 0 details
2025-12-28 13:21:16,976 - INFO -   [54/134] Ginger Ale (V3: 153259, source_id: 84556)
2025-12-28 13:21:18,822 - DEBUG -   No active modifier groups for dish Ginger Ale
2025-12-28 13:21:18,822 - INFO -     -> 0 links, 0 details
2025-12-28 13:21:18,822 - INFO -   [55/134] Hoagie Pizza Sub (V3: 153229, source_id: 83468)
2025-12-28 13:21:20,683 - DEBUG -   Found active group: Subs Sauces (V1 ID: 7762, Category: sa)
2025-12-28 13:21:20,693 - INFO -   Hoagie Pizza Sub: 1 active modifier groups
2025-12-28 13:21:20,959 - DEBUG -     Linked: Hoagie Pizza Sub -> Subs Sauces
2025-12-28 13:21:21,135 - DEBUG -     Details: Sauces (min:1, max:1, free:0, order:4)
2025-12-28 13:21:21,136 - INFO -     -> 1 links, 1 details
2025-12-28 13:21:21,136 - INFO -   [56/134] L’Americaine (V3: 154299, source_id: 107987)
2025-12-28 13:21:23,044 - DEBUG -   No active modifier groups for dish L’Americaine
2025-12-28 13:21:23,044 - INFO -     -> 0 links, 0 details
2025-12-28 13:21:23,044 - INFO -   [57/134] L’Americaine (V3: 153181, source_id: 108011)
2025-12-28 13:21:24,908 - DEBUG -   Found active group: Pizza Toppings (V1 ID: 7759, Category: ci)
2025-12-28 13:21:24,917 - DEBUG -   Found active group: Dips (V1 ID: 7761, Category: sa)
2025-12-28 13:21:24,928 - INFO -   L’Americaine: 2 active modifier groups
2025-12-28 13:21:25,190 - DEBUG -     Linked: L’Americaine -> Pizza Toppings
2025-12-28 13:21:25,358 - DEBUG -     Details: Ajouter des garnitures (min:0, max:0, free:0, order:2)
2025-12-28 13:21:25,635 - DEBUG -     Linked: L’Americaine -> Dips
2025-12-28 13:21:25,807 - DEBUG -     Details: Trempette (min:0, max:0, free:0, order:4)
2025-12-28 13:21:25,807 - INFO -     -> 2 links, 2 details
2025-12-28 13:21:25,807 - INFO -   [58/134] L’Hawaïenne (V3: 153170, source_id: 108000)
2025-12-28 13:21:27,664 - DEBUG -   Found active group: Pizza Toppings (V1 ID: 7759, Category: ci)
2025-12-28 13:21:27,673 - DEBUG -   Found active group: Dips (V1 ID: 7761, Category: sa)
2025-12-28 13:21:27,682 - INFO -   L’Hawaïenne: 2 active modifier groups
2025-12-28 13:21:27,996 - DEBUG -     Linked: L’Hawaïenne -> Pizza Toppings
2025-12-28 13:21:28,184 - DEBUG -     Details: Ajouter des garnitures (min:0, max:0, free:0, order:2)
2025-12-28 13:21:28,479 - DEBUG -     Linked: L’Hawaïenne -> Dips
2025-12-28 13:21:28,659 - DEBUG -     Details: Trempette (min:0, max:0, free:0, order:4)
2025-12-28 13:21:28,660 - INFO -     -> 2 links, 2 details
2025-12-28 13:21:28,660 - INFO -   [59/134] L’Hawaïenne (V3: 154288, source_id: 83447)
2025-12-28 13:21:30,499 - DEBUG -   No active modifier groups for dish L’Hawaïenne
2025-12-28 13:21:30,499 - INFO -     -> 0 links, 0 details
2025-12-28 13:21:30,499 - INFO -   Progress: 60/134 dishes
2025-12-28 13:21:30,499 - INFO -   [60/134] La 4 Saisons Végétarienne (V3: 154289, source_id: 83448)
2025-12-28 13:21:32,383 - DEBUG -   No active modifier groups for dish La 4 Saisons Végétarienne
2025-12-28 13:21:32,383 - INFO -     -> 0 links, 0 details
2025-12-28 13:21:32,383 - INFO -   [61/134] La 4 Saisons Végétarienne (V3: 153171, source_id: 108001)
2025-12-28 13:21:34,712 - DEBUG -   Found active group: Pizza Toppings (V1 ID: 7759, Category: ci)
2025-12-28 13:21:34,722 - DEBUG -   Found active group: Dips (V1 ID: 7761, Category: sa)
2025-12-28 13:21:34,732 - INFO -   La 4 Saisons Végétarienne: 2 active modifier groups
2025-12-28 13:21:35,012 - DEBUG -     Linked: La 4 Saisons Végétarienne -> Pizza Toppings
2025-12-28 13:21:35,183 - DEBUG -     Details: Ajouter des garnitures (min:0, max:0, free:0, order:2)
2025-12-28 13:21:35,534 - DEBUG -     Linked: La 4 Saisons Végétarienne -> Dips
2025-12-28 13:21:35,705 - DEBUG -     Details: Trempette (min:0, max:0, free:0, order:4)
2025-12-28 13:21:35,705 - INFO -     -> 2 links, 2 details
2025-12-28 13:21:35,705 - INFO -   [62/134] La Canadienne (V3: 154295, source_id: 83455)
2025-12-28 13:21:37,595 - DEBUG -   No active modifier groups for dish La Canadienne
2025-12-28 13:21:37,595 - INFO -     -> 0 links, 0 details
2025-12-28 13:21:37,596 - INFO -   [63/134] La Canadienne (V3: 153177, source_id: 108007)
2025-12-28 13:21:39,447 - DEBUG -   Found active group: Pizza Toppings (V1 ID: 7759, Category: ci)
2025-12-28 13:21:39,457 - DEBUG -   Found active group: Dips (V1 ID: 7761, Category: sa)
2025-12-28 13:21:39,466 - INFO -   La Canadienne: 2 active modifier groups
2025-12-28 13:21:39,733 - DEBUG -     Linked: La Canadienne -> Pizza Toppings
2025-12-28 13:21:39,915 - DEBUG -     Details: Ajouter des garnitures (min:0, max:0, free:0, order:2)
2025-12-28 13:21:40,192 - DEBUG -     Linked: La Canadienne -> Dips
2025-12-28 13:21:40,344 - DEBUG -     Details: Trempette (min:0, max:0, free:0, order:4)
2025-12-28 13:21:40,344 - INFO -     -> 2 links, 2 details
2025-12-28 13:21:40,344 - INFO -   [64/134] La Chicago (V3: 153183, source_id: 108013)
2025-12-28 13:21:42,186 - DEBUG -   Found active group: Pizza Toppings (V1 ID: 7759, Category: ci)
2025-12-28 13:21:42,195 - DEBUG -   Found active group: Dips (V1 ID: 7761, Category: sa)
2025-12-28 13:21:42,204 - INFO -   La Chicago: 2 active modifier groups
2025-12-28 13:21:42,491 - DEBUG -     Linked: La Chicago -> Pizza Toppings
2025-12-28 13:21:42,668 - DEBUG -     Details: Ajouter des garnitures (min:0, max:0, free:0, order:2)
2025-12-28 13:21:42,970 - DEBUG -     Linked: La Chicago -> Dips
2025-12-28 13:21:43,123 - DEBUG -     Details: Trempette (min:0, max:0, free:0, order:4)
2025-12-28 13:21:43,123 - INFO -     -> 2 links, 2 details
2025-12-28 13:21:43,124 - INFO -   [65/134] La Chicago (V3: 154301, source_id: 107989)
2025-12-28 13:21:44,974 - DEBUG -   No active modifier groups for dish La Chicago
2025-12-28 13:21:44,974 - INFO -     -> 0 links, 0 details
2025-12-28 13:21:44,975 - INFO -   [66/134] La Classico Italiano (V3: 153169, source_id: 107999)
2025-12-28 13:21:46,826 - DEBUG -   Found active group: Pizza Toppings (V1 ID: 7759, Category: ci)
2025-12-28 13:21:46,834 - DEBUG -   Found active group: Dips (V1 ID: 7761, Category: sa)
2025-12-28 13:21:46,843 - INFO -   La Classico Italiano: 2 active modifier groups
2025-12-28 13:21:47,122 - DEBUG -     Linked: La Classico Italiano -> Pizza Toppings
2025-12-28 13:21:47,284 - DEBUG -     Details: Ajouter des garnitures (min:0, max:0, free:0, order:2)
2025-12-28 13:21:47,570 - DEBUG -     Linked: La Classico Italiano -> Dips
2025-12-28 13:21:47,750 - DEBUG -     Details: Trempette (min:0, max:0, free:0, order:4)
2025-12-28 13:21:47,750 - INFO -     -> 2 links, 2 details
2025-12-28 13:21:47,751 - INFO -   [67/134] La Classico Italiano (V3: 154287, source_id: 83446)
2025-12-28 13:21:49,647 - DEBUG -   No active modifier groups for dish La Classico Italiano
2025-12-28 13:21:49,647 - INFO -     -> 0 links, 0 details
2025-12-28 13:21:49,647 - INFO -   [68/134] La Club (V3: 154302, source_id: 107990)
2025-12-28 13:21:51,784 - DEBUG -   No active modifier groups for dish La Club
2025-12-28 13:21:51,784 - INFO -     -> 0 links, 0 details
2025-12-28 13:21:51,784 - INFO -   [69/134] La Club (V3: 153184, source_id: 108014)
2025-12-28 13:21:53,843 - DEBUG -   Found active group: Pizza Toppings (V1 ID: 7759, Category: ci)
2025-12-28 13:21:53,852 - DEBUG -   Found active group: Dips (V1 ID: 7761, Category: sa)
2025-12-28 13:21:53,861 - INFO -   La Club: 2 active modifier groups
2025-12-28 13:21:54,181 - DEBUG -     Linked: La Club -> Pizza Toppings
2025-12-28 13:21:54,342 - DEBUG -     Details: Ajouter des garnitures (min:0, max:0, free:0, order:2)
2025-12-28 13:21:54,645 - DEBUG -     Linked: La Club -> Dips
2025-12-28 13:21:54,812 - DEBUG -     Details: Trempette (min:0, max:0, free:0, order:4)
2025-12-28 13:21:54,812 - INFO -     -> 2 links, 2 details
2025-12-28 13:21:54,813 - INFO -   Progress: 70/134 dishes
2025-12-28 13:21:54,813 - INFO -   [70/134] La Dani (V3: 154300, source_id: 107988)
2025-12-28 13:21:56,769 - DEBUG -   No active modifier groups for dish La Dani
2025-12-28 13:21:56,769 - INFO -     -> 0 links, 0 details
2025-12-28 13:21:56,769 - INFO -   [71/134] La Dani (V3: 153182, source_id: 108012)
2025-12-28 13:21:58,699 - DEBUG -   Found active group: Pizza Toppings (V1 ID: 7759, Category: ci)
2025-12-28 13:21:58,709 - DEBUG -   Found active group: Dips (V1 ID: 7761, Category: sa)
2025-12-28 13:21:58,718 - INFO -   La Dani: 2 active modifier groups
2025-12-28 13:21:58,987 - DEBUG -     Linked: La Dani -> Pizza Toppings
2025-12-28 13:21:59,161 - DEBUG -     Details: Ajouter des garnitures (min:0, max:0, free:0, order:2)
2025-12-28 13:21:59,433 - DEBUG -     Linked: La Dani -> Dips
2025-12-28 13:21:59,603 - DEBUG -     Details: Trempette (min:0, max:0, free:0, order:4)
2025-12-28 13:21:59,604 - INFO -     -> 2 links, 2 details
2025-12-28 13:21:59,604 - INFO -   [72/134] La Française (V3: 154296, source_id: 83452)
2025-12-28 13:22:01,454 - DEBUG -   No active modifier groups for dish La Française
2025-12-28 13:22:01,454 - INFO -     -> 0 links, 0 details
2025-12-28 13:22:01,454 - INFO -   [73/134] La Française (V3: 153178, source_id: 108008)
2025-12-28 13:22:03,329 - DEBUG -   Found active group: Pizza Toppings (V1 ID: 7759, Category: ci)
2025-12-28 13:22:03,339 - DEBUG -   Found active group: Dips (V1 ID: 7761, Category: sa)
2025-12-28 13:22:03,347 - INFO -   La Française: 2 active modifier groups
2025-12-28 13:22:03,638 - DEBUG -     Linked: La Française -> Pizza Toppings
2025-12-28 13:22:03,815 - DEBUG -     Details: Ajouter des garnitures (min:0, max:0, free:0, order:2)
2025-12-28 13:22:04,113 - DEBUG -     Linked: La Française -> Dips
2025-12-28 13:22:04,278 - DEBUG -     Details: Trempette (min:0, max:0, free:0, order:4)
2025-12-28 13:22:04,278 - INFO -     -> 2 links, 2 details
2025-12-28 13:22:04,278 - INFO -   [74/134] La Gatinoise Combinée (V3: 154286, source_id: 83445)
2025-12-28 13:22:06,123 - DEBUG -   No active modifier groups for dish La Gatinoise Combinée
2025-12-28 13:22:06,123 - INFO -     -> 0 links, 0 details
2025-12-28 13:22:06,123 - INFO -   [75/134] La Gatinoise Combinée (V3: 153168, source_id: 107998)
2025-12-28 13:22:07,965 - DEBUG -   Found active group: Pizza Toppings (V1 ID: 7759, Category: ci)
2025-12-28 13:22:07,975 - DEBUG -   Found active group: Dips (V1 ID: 7761, Category: sa)
2025-12-28 13:22:07,983 - INFO -   La Gatinoise Combinée: 2 active modifier groups
2025-12-28 13:22:08,264 - DEBUG -     Linked: La Gatinoise Combinée -> Pizza Toppings
2025-12-28 13:22:08,425 - DEBUG -     Details: Ajouter des garnitures (min:0, max:0, free:0, order:2)
2025-12-28 13:22:08,701 - DEBUG -     Linked: La Gatinoise Combinée -> Dips
2025-12-28 13:22:08,859 - DEBUG -     Details: Trempette (min:0, max:0, free:0, order:4)
2025-12-28 13:22:08,859 - INFO -     -> 2 links, 2 details
2025-12-28 13:22:08,860 - INFO -   [76/134] La Geo (V3: 154297, source_id: 107985)
2025-12-28 13:22:10,690 - DEBUG -   No active modifier groups for dish La Geo
2025-12-28 13:22:10,690 - INFO -     -> 0 links, 0 details
2025-12-28 13:22:10,690 - INFO -   [77/134] La Geo (V3: 153179, source_id: 108009)
2025-12-28 13:22:12,539 - DEBUG -   Found active group: Pizza Toppings (V1 ID: 7759, Category: ci)
2025-12-28 13:22:12,548 - DEBUG -   Found active group: Dips (V1 ID: 7761, Category: sa)
2025-12-28 13:22:12,557 - INFO -   La Geo: 2 active modifier groups
2025-12-28 13:22:12,868 - DEBUG -     Linked: La Geo -> Pizza Toppings
2025-12-28 13:22:13,069 - DEBUG -     Details: Ajouter des garnitures (min:0, max:0, free:0, order:2)
2025-12-28 13:22:13,363 - DEBUG -     Linked: La Geo -> Dips
2025-12-28 13:22:13,521 - DEBUG -     Details: Trempette (min:0, max:0, free:0, order:4)
2025-12-28 13:22:13,521 - INFO -     -> 2 links, 2 details
2025-12-28 13:22:13,521 - INFO -   [78/134] La Grecque (V3: 153180, source_id: 108010)
2025-12-28 13:22:15,388 - DEBUG -   Found active group: Pizza Toppings (V1 ID: 7759, Category: ci)
2025-12-28 13:22:15,397 - DEBUG -   Found active group: Dips (V1 ID: 7761, Category: sa)
2025-12-28 13:22:15,406 - INFO -   La Grecque: 2 active modifier groups
2025-12-28 13:22:15,712 - DEBUG -     Linked: La Grecque -> Pizza Toppings
2025-12-28 13:22:15,900 - DEBUG -     Details: Ajouter des garnitures (min:0, max:0, free:0, order:2)
2025-12-28 13:22:16,205 - DEBUG -     Linked: La Grecque -> Dips
2025-12-28 13:22:16,400 - DEBUG -     Details: Trempette (min:0, max:0, free:0, order:4)
2025-12-28 13:22:16,400 - INFO -     -> 2 links, 2 details
2025-12-28 13:22:16,400 - INFO -   [79/134] La Grecque (V3: 154298, source_id: 107986)
2025-12-28 13:22:18,264 - DEBUG -   No active modifier groups for dish La Grecque
2025-12-28 13:22:18,264 - INFO -     -> 0 links, 0 details
2025-12-28 13:22:18,265 - INFO -   Progress: 80/134 dishes
2025-12-28 13:22:18,265 - INFO -   [80/134] La Meat Lover (V3: 153176, source_id: 108006)
2025-12-28 13:22:20,176 - DEBUG -   Found active group: Pizza Toppings (V1 ID: 7759, Category: ci)
2025-12-28 13:22:20,186 - DEBUG -   Found active group: Dips (V1 ID: 7761, Category: sa)
2025-12-28 13:22:20,194 - INFO -   La Meat Lover: 2 active modifier groups
2025-12-28 13:22:20,470 - DEBUG -     Linked: La Meat Lover -> Pizza Toppings
2025-12-28 13:22:20,664 - DEBUG -     Details: Ajouter des garnitures (min:0, max:0, free:0, order:2)
2025-12-28 13:22:21,046 - DEBUG -     Linked: La Meat Lover -> Dips
2025-12-28 13:22:21,203 - DEBUG -     Details: Trempette (min:0, max:0, free:0, order:4)
2025-12-28 13:22:21,203 - INFO -     -> 2 links, 2 details
2025-12-28 13:22:21,203 - INFO -   [81/134] La Meat Lover (V3: 154294, source_id: 83454)
2025-12-28 13:22:23,068 - DEBUG -   No active modifier groups for dish La Meat Lover
2025-12-28 13:22:23,068 - INFO -     -> 0 links, 0 details
2025-12-28 13:22:23,068 - INFO -   [82/134] La Mexicaine (V3: 154290, source_id: 83449)
2025-12-28 13:22:24,905 - DEBUG -   No active modifier groups for dish La Mexicaine
2025-12-28 13:22:24,905 - INFO -     -> 0 links, 0 details
2025-12-28 13:22:24,906 - INFO -   [83/134] La Mexicaine (V3: 153172, source_id: 108002)
2025-12-28 13:22:26,762 - DEBUG -   Found active group: Pizza Toppings (V1 ID: 7759, Category: ci)
2025-12-28 13:22:26,772 - DEBUG -   Found active group: Dips (V1 ID: 7761, Category: sa)
2025-12-28 13:22:26,780 - INFO -   La Mexicaine: 2 active modifier groups
2025-12-28 13:22:27,073 - DEBUG -     Linked: La Mexicaine -> Pizza Toppings
2025-12-28 13:22:27,264 - DEBUG -     Details: Ajouter des garnitures (min:0, max:0, free:0, order:2)
2025-12-28 13:22:27,603 - DEBUG -     Linked: La Mexicaine -> Dips
2025-12-28 13:22:27,791 - DEBUG -     Details: Trempette (min:0, max:0, free:0, order:4)
2025-12-28 13:22:27,791 - INFO -     -> 2 links, 2 details
2025-12-28 13:22:27,792 - INFO -   [84/134] La Montrealaise (V3: 153186, source_id: 108016)
2025-12-28 13:22:29,656 - DEBUG -   Found active group: Pizza Toppings (V1 ID: 7759, Category: ci)
2025-12-28 13:22:29,665 - DEBUG -   Found active group: Dips (V1 ID: 7761, Category: sa)
2025-12-28 13:22:29,674 - INFO -   La Montrealaise: 2 active modifier groups
2025-12-28 13:22:29,964 - DEBUG -     Linked: La Montrealaise -> Pizza Toppings
2025-12-28 13:22:30,130 - DEBUG -     Details: Ajouter des garnitures (min:0, max:0, free:0, order:2)
2025-12-28 13:22:30,424 - DEBUG -     Linked: La Montrealaise -> Dips
2025-12-28 13:22:30,589 - DEBUG -     Details: Trempette (min:0, max:0, free:0, order:4)
2025-12-28 13:22:30,590 - INFO -     -> 2 links, 2 details
2025-12-28 13:22:30,590 - INFO -   [85/134] La Montrealaise (V3: 154304, source_id: 107992)
2025-12-28 13:22:32,451 - DEBUG -   No active modifier groups for dish La Montrealaise
2025-12-28 13:22:32,452 - INFO -     -> 0 links, 0 details
2025-12-28 13:22:32,452 - INFO -   [86/134] La Poulet BBQ (V3: 154292, source_id: 83451)
2025-12-28 13:22:34,303 - DEBUG -   No active modifier groups for dish La Poulet BBQ
2025-12-28 13:22:34,303 - INFO -     -> 0 links, 0 details
2025-12-28 13:22:34,303 - INFO -   [87/134] La Poulet BBQ (V3: 153174, source_id: 108004)
2025-12-28 13:22:36,137 - DEBUG -   Found active group: Pizza Toppings (V1 ID: 7759, Category: ci)
2025-12-28 13:22:36,147 - DEBUG -   Found active group: Dips (V1 ID: 7761, Category: sa)
2025-12-28 13:22:36,155 - INFO -   La Poulet BBQ: 2 active modifier groups
2025-12-28 13:22:36,460 - DEBUG -     Linked: La Poulet BBQ -> Pizza Toppings
2025-12-28 13:22:36,630 - DEBUG -     Details: Ajouter des garnitures (min:0, max:0, free:0, order:2)
2025-12-28 13:22:36,927 - DEBUG -     Linked: La Poulet BBQ -> Dips
2025-12-28 13:22:37,109 - DEBUG -     Details: Trempette (min:0, max:0, free:0, order:4)
2025-12-28 13:22:37,109 - INFO -     -> 2 links, 2 details
2025-12-28 13:22:37,109 - INFO -   [88/134] La Québecoise (V3: 153227, source_id: 83466)
2025-12-28 13:22:38,981 - DEBUG -   Found active group: Subs Sauces (V1 ID: 7762, Category: sa)
2025-12-28 13:22:38,990 - INFO -   La Québecoise: 1 active modifier groups
2025-12-28 13:22:39,295 - DEBUG -     Linked: La Québecoise -> Subs Sauces
2025-12-28 13:22:39,485 - DEBUG -     Details: Sauces (min:1, max:1, free:0, order:4)
2025-12-28 13:22:39,486 - INFO -     -> 1 links, 1 details
2025-12-28 13:22:39,486 - INFO -   [89/134] La Québécoise Spécial Maison (V3: 153175, source_id: 108005)
2025-12-28 13:22:41,358 - DEBUG -   Found active group: Pizza Toppings (V1 ID: 7759, Category: ci)
2025-12-28 13:22:41,367 - DEBUG -   Found active group: Dips (V1 ID: 7761, Category: sa)
2025-12-28 13:22:41,376 - INFO -   La Québécoise Spécial Maison: 2 active modifier groups
2025-12-28 13:22:41,722 - DEBUG -     Linked: La Québécoise Spécial Maison -> Pizza Toppings
2025-12-28 13:22:41,918 - DEBUG -     Details: Ajouter des garnitures (min:0, max:0, free:0, order:2)
2025-12-28 13:22:42,220 - DEBUG -     Linked: La Québécoise Spécial Maison -> Dips
2025-12-28 13:22:42,385 - DEBUG -     Details: Trempette (min:0, max:0, free:0, order:4)
2025-12-28 13:22:42,385 - INFO -     -> 2 links, 2 details
2025-12-28 13:22:42,385 - INFO -   Progress: 90/134 dishes
2025-12-28 13:22:42,385 - INFO -   [90/134] La Québécoise Spécial Maison (V3: 154293, source_id: 83453)
2025-12-28 13:22:44,241 - DEBUG -   No active modifier groups for dish La Québécoise Spécial Maison
2025-12-28 13:22:44,241 - INFO -     -> 0 links, 0 details
2025-12-28 13:22:44,241 - INFO -   [91/134] La Tianna (V3: 153173, source_id: 108003)
2025-12-28 13:22:46,100 - DEBUG -   Found active group: Pizza Toppings (V1 ID: 7759, Category: ci)
2025-12-28 13:22:46,110 - DEBUG -   Found active group: Dips (V1 ID: 7761, Category: sa)
2025-12-28 13:22:46,118 - INFO -   La Tianna: 2 active modifier groups
2025-12-28 13:22:46,425 - DEBUG -     Linked: La Tianna -> Pizza Toppings
2025-12-28 13:22:46,607 - DEBUG -     Details: Ajouter des garnitures (min:0, max:0, free:0, order:2)
2025-12-28 13:22:47,054 - DEBUG -     Linked: La Tianna -> Dips
2025-12-28 13:22:47,271 - DEBUG -     Details: Trempette (min:0, max:0, free:0, order:4)
2025-12-28 13:22:47,271 - INFO -     -> 2 links, 2 details
2025-12-28 13:22:47,271 - INFO -   [92/134] La Tianna (V3: 154291, source_id: 83450)
2025-12-28 13:22:49,135 - DEBUG -   No active modifier groups for dish La Tianna
2025-12-28 13:22:49,135 - INFO -     -> 0 links, 0 details
2025-12-28 13:22:49,135 - INFO -   [93/134] Lasagne (V3: 153241, source_id: 83477)
2025-12-28 13:22:50,998 - DEBUG -   No active modifier groups for dish Lasagne
2025-12-28 13:22:50,998 - INFO -     -> 0 links, 0 details
2025-12-28 13:22:50,998 - INFO -   [94/134] Lasagne à la Québécoise (V3: 153243, source_id: 108030)
2025-12-28 13:22:52,852 - DEBUG -   No active modifier groups for dish Lasagne à la Québécoise
2025-12-28 13:22:52,852 - INFO -     -> 0 links, 0 details
2025-12-28 13:22:52,853 - INFO -   [95/134] Le Club Sub (V3: 153231, source_id: 83471)
2025-12-28 13:22:54,706 - DEBUG -   Found active group: Subs Sauces (V1 ID: 7762, Category: sa)
2025-12-28 13:22:54,715 - INFO -   Le Club Sub: 1 active modifier groups
2025-12-28 13:22:55,012 - DEBUG -     Linked: Le Club Sub -> Subs Sauces
2025-12-28 13:22:55,182 - DEBUG -     Details: Sauces (min:1, max:1, free:0, order:4)
2025-12-28 13:22:55,182 - INFO -     -> 1 links, 1 details
2025-12-28 13:22:55,182 - INFO -   [96/134] Le Combiné (V3: 153230, source_id: 83470)
2025-12-28 13:22:57,107 - DEBUG -   Found active group: Subs Sauces (V1 ID: 7762, Category: sa)
2025-12-28 13:22:57,127 - INFO -   Le Combiné: 1 active modifier groups
2025-12-28 13:22:57,496 - DEBUG -     Linked: Le Combiné -> Subs Sauces
2025-12-28 13:22:57,683 - DEBUG -     Details: Sauces (min:1, max:1, free:0, order:4)
2025-12-28 13:22:57,684 - INFO -     -> 1 links, 1 details
2025-12-28 13:22:57,684 - INFO -   [97/134] Le Jambon (V3: 153228, source_id: 83467)
2025-12-28 13:22:59,546 - DEBUG -   Found active group: Subs Sauces (V1 ID: 7762, Category: sa)
2025-12-28 13:22:59,554 - INFO -   Le Jambon: 1 active modifier groups
2025-12-28 13:22:59,855 - DEBUG -     Linked: Le Jambon -> Subs Sauces
2025-12-28 13:23:00,025 - DEBUG -     Details: Sauces (min:1, max:1, free:0, order:4)
2025-12-28 13:23:00,025 - INFO -     -> 1 links, 1 details
2025-12-28 13:23:00,026 - INFO -   [98/134] Le Jeune Hockeyeur (V3: 154285, source_id: 83444)
2025-12-28 13:23:01,893 - DEBUG -   No active modifier groups for dish Le Jeune Hockeyeur
2025-12-28 13:23:01,893 - INFO -     -> 0 links, 0 details
2025-12-28 13:23:01,893 - INFO -   [99/134] Le Jeune Hockeyeur (V3: 153167, source_id: 107997)
2025-12-28 13:23:03,756 - DEBUG -   Found active group: Pizza Toppings (V1 ID: 7759, Category: ci)
2025-12-28 13:23:03,765 - DEBUG -   Found active group: Dips (V1 ID: 7761, Category: sa)
2025-12-28 13:23:03,774 - INFO -   Le Jeune Hockeyeur: 2 active modifier groups
2025-12-28 13:23:04,072 - DEBUG -     Linked: Le Jeune Hockeyeur -> Pizza Toppings
2025-12-28 13:23:04,247 - DEBUG -     Details: Ajouter des garnitures (min:0, max:0, free:0, order:2)
2025-12-28 13:23:04,535 - DEBUG -     Linked: Le Jeune Hockeyeur -> Dips
2025-12-28 13:23:04,697 - DEBUG -     Details: Trempette (min:0, max:0, free:0, order:4)
2025-12-28 13:23:04,697 - INFO -     -> 2 links, 2 details
2025-12-28 13:23:04,697 - INFO -   Progress: 100/134 dishes
2025-12-28 13:23:04,698 - INFO -   [100/134] Le Super Super (V3: 153232, source_id: 108023)
2025-12-28 13:23:06,566 - DEBUG -   Found active group: Subs Sauces (V1 ID: 7762, Category: sa)
2025-12-28 13:23:06,575 - INFO -   Le Super Super: 1 active modifier groups
2025-12-28 13:23:06,918 - DEBUG -     Linked: Le Super Super -> Subs Sauces
2025-12-28 13:23:07,088 - DEBUG -     Details: Sauces (min:1, max:1, free:0, order:4)
2025-12-28 13:23:07,088 - INFO -     -> 1 links, 1 details
2025-12-28 13:23:07,089 - INFO -   [101/134] Mountain Dew (V3: 153255, source_id: 107993)
2025-12-28 13:23:08,952 - DEBUG -   No active modifier groups for dish Mountain Dew
2025-12-28 13:23:08,953 - INFO -     -> 0 links, 0 details
2025-12-28 13:23:08,953 - INFO -   [102/134] Mug Racinette (V3: 153256, source_id: 107994)
2025-12-28 13:23:10,845 - DEBUG -   No active modifier groups for dish Mug Racinette
2025-12-28 13:23:10,845 - INFO -     -> 0 links, 0 details
2025-12-28 13:23:10,845 - INFO -   [103/134] Nachos (V3: 153214, source_id: 83463)
2025-12-28 13:23:12,740 - DEBUG -   Found active group: Extras for Nachos (V1 ID: 11051, Category: e)
2025-12-28 13:23:12,745 - INFO -   Nachos: 1 active modifier groups
2025-12-28 13:23:13,058 - DEBUG -     Linked: Nachos -> Extras for Nachos
2025-12-28 13:23:13,230 - DEBUG -     Details: Extras (min:0, max:1, free:0, order:7)
2025-12-28 13:23:13,230 - INFO -     -> 1 links, 1 details
2025-12-28 13:23:13,231 - INFO -   [104/134] Orange Crush (V3: 153253, source_id: 84554)
2025-12-28 13:23:15,096 - DEBUG -   No active modifier groups for dish Orange Crush
2025-12-28 13:23:15,096 - INFO -     -> 0 links, 0 details
2025-12-28 13:23:15,096 - INFO -   [105/134] Pain à l’ail 12" (V3: 153208, source_id: 108018)
2025-12-28 13:23:16,936 - DEBUG -   No active modifier groups for dish Pain à l’ail 12"
2025-12-28 13:23:16,936 - INFO -     -> 0 links, 0 details
2025-12-28 13:23:16,936 - INFO -   [106/134] Papa Poutine (V3: 153207, source_id: 108017)
2025-12-28 13:23:18,790 - DEBUG -   No active modifier groups for dish Papa Poutine
2025-12-28 13:23:18,790 - INFO -     -> 0 links, 0 details
2025-12-28 13:23:18,790 - INFO -   [107/134] Pepsi (V3: 153260, source_id: 84551)
2025-12-28 13:23:20,663 - DEBUG -   No active modifier groups for dish Pepsi
2025-12-28 13:23:20,663 - INFO -     -> 0 links, 0 details
2025-12-28 13:23:20,663 - INFO -   [108/134] Poulet Hamburger (V3: 153238, source_id: 108027)
2025-12-28 13:23:22,573 - DEBUG -   Found active group: Burgers ing (V1 ID: 10047, Category: ci)
2025-12-28 13:23:22,587 - DEBUG -   Found active group: Burgers extra (V1 ID: 10048, Category: e)
2025-12-28 13:23:22,591 - INFO -   Poulet Hamburger: 2 active modifier groups
2025-12-28 13:23:22,905 - DEBUG -     Linked: Poulet Hamburger -> Burgers ing
2025-12-28 13:23:23,079 - DEBUG -     Details: Ingrédients personnalisés (min:0, max:0, free:0, order:2)
2025-12-28 13:23:23,456 - DEBUG -     Linked: Poulet Hamburger -> Burgers extra
2025-12-28 13:23:23,710 - DEBUG -     Details: Extras (min:0, max:0, free:0, order:7)
2025-12-28 13:23:23,711 - INFO -     -> 2 links, 2 details
2025-12-28 13:23:23,711 - INFO -   [109/134] Poulet Parmesan (V3: 153244, source_id: 83478)
2025-12-28 13:23:25,624 - DEBUG -   No active modifier groups for dish Poulet Parmesan
2025-12-28 13:23:25,624 - INFO -     -> 0 links, 0 details
2025-12-28 13:23:25,624 - INFO -   Progress: 110/134 dishes
2025-12-28 13:23:25,624 - INFO -   [110/134] Poutine (V3: 153206, source_id: 83459)
2025-12-28 13:23:27,480 - DEBUG -   No active modifier groups for dish Poutine
2025-12-28 13:23:27,480 - INFO -     -> 0 links, 0 details
2025-12-28 13:23:27,480 - INFO -   [111/134] Repas Pour Deux (V3: 153191, source_id: 118312)
2025-12-28 13:23:29,334 - DEBUG -   No active modifier groups for dish Repas Pour Deux
2025-12-28 13:23:29,334 - INFO -     -> 0 links, 0 details
2025-12-28 13:23:29,334 - INFO -   [112/134] Repas Pour Quatre (V3: 153193, source_id: 118314)
2025-12-28 13:23:31,180 - DEBUG -   No active modifier groups for dish Repas Pour Quatre
2025-12-28 13:23:31,180 - INFO -     -> 0 links, 0 details
2025-12-28 13:23:31,180 - INFO -   [113/134] Repas Pour Trois (V3: 153192, source_id: 118313)
2025-12-28 13:23:33,043 - DEBUG -   No active modifier groups for dish Repas Pour Trois
2025-12-28 13:23:33,043 - INFO -     -> 0 links, 0 details
2025-12-28 13:23:33,043 - INFO -   [114/134] Rondelles d’oignons (V3: 153205, source_id: 83458)
2025-12-28 13:23:34,927 - DEBUG -   No active modifier groups for dish Rondelles d’oignons
2025-12-28 13:23:34,927 - INFO -     -> 0 links, 0 details
2025-12-28 13:23:34,927 - INFO -   [115/134] Salade César (V3: 153218, source_id: 108021)
2025-12-28 13:23:36,757 - DEBUG -   No active modifier groups for dish Salade César
2025-12-28 13:23:36,757 - INFO -     -> 0 links, 0 details
2025-12-28 13:23:36,757 - INFO -   [116/134] Salade Grecque (V3: 153219, source_id: 108022)
2025-12-28 13:23:38,602 - DEBUG -   No active modifier groups for dish Salade Grecque
2025-12-28 13:23:38,602 - INFO -     -> 0 links, 0 details
2025-12-28 13:23:38,602 - INFO -   [117/134] Salade Poulet Suprême (V3: 153220, source_id: 123048)
2025-12-28 13:23:40,467 - DEBUG -   No active modifier groups for dish Salade Poulet Suprême
2025-12-28 13:23:40,467 - INFO -     -> 0 links, 0 details
2025-12-28 13:23:40,468 - INFO -   [118/134] Salade Quatre Saison (V3: 153217, source_id: 108020)
2025-12-28 13:23:42,320 - DEBUG -   No active modifier groups for dish Salade Quatre Saison
2025-12-28 13:23:42,320 - INFO -     -> 0 links, 0 details
2025-12-28 13:23:42,320 - INFO -   [119/134] Shawarma Sandwish (V3: 153225, source_id: 84345)
2025-12-28 13:23:44,254 - DEBUG -   Found active group: Shawarma sauces (V1 ID: 7864, Category: sa)
2025-12-28 13:23:44,267 - DEBUG -   Found active group: Extra Sauce for Shawarma (V1 ID: 7865, Category: e)
2025-12-28 13:23:44,271 - INFO -   Shawarma Sandwish: 2 active modifier groups
2025-12-28 13:23:44,570 - DEBUG -     Linked: Shawarma Sandwish -> Shawarma sauces
2025-12-28 13:23:44,813 - DEBUG -     Details: Sauces (min:0, max:1, free:0, order:4)
2025-12-28 13:23:45,093 - DEBUG -     Linked: Shawarma Sandwish -> Extra Sauce for Shawarma
2025-12-28 13:23:45,279 - DEBUG -     Details: Sauce Extra (min:0, max:0, free:0, order:7)
2025-12-28 13:23:45,279 - INFO -     -> 2 links, 2 details
2025-12-28 13:23:45,280 - INFO -   Progress: 120/134 dishes
2025-12-28 13:23:45,280 - INFO -   [120/134] Sous Marin avec 591ml Breuvage et Frite (V3: 153236, source_id: 108025)
2025-12-28 13:23:47,120 - DEBUG -   Found active group: 12" Sub Selection (V1 ID: 10046, Category: ci)
2025-12-28 13:23:47,132 - DEBUG -   Found active group: Drinks bottle (V1 ID: 7863, Category: d)
2025-12-28 13:23:47,138 - INFO -   Sous Marin avec 591ml Breuvage et Frite: 2 active modifier groups
2025-12-28 13:23:47,464 - DEBUG -     Linked: Sous Marin avec 591ml Breuvage et Frite -> 12" Sub Selection
2025-12-28 13:23:47,647 - DEBUG -     Details: Sous-Marin (min:1, max:1, free:0, order:2)
2025-12-28 13:23:47,969 - DEBUG -     Linked: Sous Marin avec 591ml Breuvage et Frite -> Drinks bottle
2025-12-28 13:23:48,165 - DEBUG -     Details: 591ml Boisson (min:1, max:1, free:0, order:6)
2025-12-28 13:23:48,165 - INFO -     -> 2 links, 2 details
2025-12-28 13:23:48,166 - INFO -   [121/134] Spaghetti (V3: 153240, source_id: 83476)
2025-12-28 13:23:50,021 - DEBUG -   No active modifier groups for dish Spaghetti
2025-12-28 13:23:50,021 - INFO -     -> 0 links, 0 details
2025-12-28 13:23:50,022 - INFO -   [122/134] Spaghetti à la Québécoise (V3: 153242, source_id: 108029)
2025-12-28 13:23:51,880 - DEBUG -   No active modifier groups for dish Spaghetti à la Québécoise
2025-12-28 13:23:51,880 - INFO -     -> 0 links, 0 details
2025-12-28 13:23:51,880 - INFO -   [123/134] Steak Style Philadelphia Sub (V3: 153226, source_id: 83469)
2025-12-28 13:23:53,728 - DEBUG -   Found active group: Subs Sauces (V1 ID: 7762, Category: sa)
2025-12-28 13:23:53,736 - INFO -   Steak Style Philadelphia Sub: 1 active modifier groups
2025-12-28 13:23:54,054 - DEBUG -     Linked: Steak Style Philadelphia Sub -> Subs Sauces
2025-12-28 13:23:54,243 - DEBUG -     Details: Sauces (min:1, max:1, free:0, order:4)
2025-12-28 13:23:54,243 - INFO -     -> 1 links, 1 details
2025-12-28 13:23:54,243 - INFO -   [124/134] Style Maniwaki (V3: 153185, source_id: 108015)
2025-12-28 13:23:56,266 - DEBUG -   Found active group: Pizza Toppings (V1 ID: 7759, Category: ci)
2025-12-28 13:23:56,275 - DEBUG -   Found active group: Dips (V1 ID: 7761, Category: sa)
2025-12-28 13:23:56,284 - INFO -   Style Maniwaki: 2 active modifier groups
2025-12-28 13:23:56,579 - DEBUG -     Linked: Style Maniwaki -> Pizza Toppings
2025-12-28 13:23:56,749 - DEBUG -     Details: Ajouter des garnitures (min:0, max:0, free:0, order:2)
2025-12-28 13:23:57,093 - DEBUG -     Linked: Style Maniwaki -> Dips
2025-12-28 13:23:57,296 - DEBUG -     Details: Trempette (min:0, max:0, free:0, order:4)
2025-12-28 13:23:57,297 - INFO -     -> 2 links, 2 details
2025-12-28 13:23:57,297 - INFO -   [125/134] Style Maniwaki (V3: 154303, source_id: 107991)
2025-12-28 13:23:59,290 - DEBUG -   No active modifier groups for dish Style Maniwaki
2025-12-28 13:23:59,290 - INFO -     -> 0 links, 0 details
2025-12-28 13:23:59,290 - INFO -   [126/134] Tartelette 3 choco (V3: 153246, source_id: 118325)
2025-12-28 13:24:01,136 - DEBUG -   No active modifier groups for dish Tartelette 3 choco
2025-12-28 13:24:01,137 - INFO -     -> 0 links, 0 details
2025-12-28 13:24:01,137 - INFO -   [127/134] Tartelette sirop d'érable du Quebec (V3: 153251, source_id: 118330)
2025-12-28 13:24:02,968 - DEBUG -   No active modifier groups for dish Tartelette sirop d'érable du Quebec
2025-12-28 13:24:02,968 - INFO -     -> 0 links, 0 details
2025-12-28 13:24:02,968 - INFO -   [128/134] Tartellete de saison (V3: 153250, source_id: 118329)
2025-12-28 13:24:04,859 - DEBUG -   No active modifier groups for dish Tartellete de saison
2025-12-28 13:24:04,859 - INFO -     -> 0 links, 0 details
2025-12-28 13:24:04,859 - INFO -   [129/134] Trio Assiette Shawarma (V3: 153224, source_id: 84342)
2025-12-28 13:24:06,720 - DEBUG -   Found active group: Shawarma sauces (V1 ID: 7864, Category: sa)
2025-12-28 13:24:06,732 - DEBUG -   Found active group: Extra Sauce for Shawarma (V1 ID: 7865, Category: e)
2025-12-28 13:24:06,736 - INFO -   Trio Assiette Shawarma: 2 active modifier groups
2025-12-28 13:24:07,039 - DEBUG -     Linked: Trio Assiette Shawarma -> Shawarma sauces
2025-12-28 13:24:07,238 - DEBUG -     Details: Sauces (min:0, max:1, free:0, order:4)
2025-12-28 13:24:07,538 - DEBUG -     Linked: Trio Assiette Shawarma -> Extra Sauce for Shawarma
2025-12-28 13:24:07,723 - DEBUG -     Details: Sauce Extra (min:0, max:0, free:0, order:7)
2025-12-28 13:24:07,723 - INFO -     -> 2 links, 2 details
2025-12-28 13:24:07,724 - INFO -   Progress: 130/134 dishes
2025-12-28 13:24:07,724 - INFO -   [130/134] Une Garniture (V3: 154284, source_id: 83443)
2025-12-28 13:24:09,578 - DEBUG -   No active modifier groups for dish Une Garniture
2025-12-28 13:24:09,578 - INFO -     -> 0 links, 0 details
2025-12-28 13:24:09,578 - INFO -   [131/134] Une Garniture (V3: 153166, source_id: 107996)
2025-12-28 13:24:11,438 - DEBUG -   Found active group: Pizza Toppings (V1 ID: 7759, Category: ci)
2025-12-28 13:24:11,447 - DEBUG -   Found active group: Dips (V1 ID: 7761, Category: sa)
2025-12-28 13:24:11,456 - INFO -   Une Garniture: 2 active modifier groups
2025-12-28 13:24:11,755 - DEBUG -     Linked: Une Garniture -> Pizza Toppings
2025-12-28 13:24:11,914 - DEBUG -     Details: Ajouter des garnitures (min:0, max:0, free:0, order:2)
2025-12-28 13:24:12,217 - DEBUG -     Linked: Une Garniture -> Dips
2025-12-28 13:24:12,380 - DEBUG -     Details: Trempettes (min:0, max:0, free:0, order:4)
2025-12-28 13:24:12,381 - INFO -     -> 2 links, 2 details
2025-12-28 13:24:12,381 - INFO -   [132/134] Vegetarian Sub (V3: 153235, source_id: 118267)
2025-12-28 13:24:14,237 - DEBUG -   No active modifier groups for dish Vegetarian Sub
2025-12-28 13:24:14,237 - INFO -     -> 0 links, 0 details
2025-12-28 13:24:14,237 - INFO -   [133/134] Viande Fumée (V3: 153233, source_id: 83472)
2025-12-28 13:24:16,097 - DEBUG -   Found active group: Viande Fumée Sub Sauces (V1 ID: 7763, Category: sa)
2025-12-28 13:24:16,106 - INFO -   Viande Fumée: 1 active modifier groups
2025-12-28 13:24:16,420 - DEBUG -     Linked: Viande Fumée -> Viande Fumée Sub Sauces
2025-12-28 13:24:16,592 - DEBUG -     Details: Sauces (min:1, max:1, free:0, order:4)
2025-12-28 13:24:16,593 - INFO -     -> 1 links, 1 details
2025-12-28 13:24:16,593 - INFO -   [134/134] Zucchini (V3: 153213, source_id: 83456)
2025-12-28 13:24:18,480 - DEBUG -   No active modifier groups for dish Zucchini
2025-12-28 13:24:18,480 - INFO -     -> 0 links, 0 details
2025-12-28 13:24:18,480 - INFO -   Result: 134 processed, 0 skipped, 70 links, 70 details
2025-12-28 13:24:18,480 - INFO - ----------------------------------------
2025-12-28 13:24:18,480 - INFO - [13/20] Processing: Papa Pizza Chem. de Masson (V3: 795, V1: 1039)
2025-12-28 13:24:18,655 - INFO -   [1/70] 1 Grande et Ailes (V3: 154310, source_id: 116237)
2025-12-28 13:24:20,530 - DEBUG -   No active modifier groups for dish 1 Grande et Ailes
2025-12-28 13:24:20,530 - INFO -     -> 0 links, 0 details
2025-12-28 13:24:20,530 - INFO -   [2/70] 1 Moyenne et Ailes (V3: 154309, source_id: 116236)
2025-12-28 13:24:22,372 - DEBUG -   No active modifier groups for dish 1 Moyenne et Ailes
2025-12-28 13:24:22,372 - INFO -     -> 0 links, 0 details
2025-12-28 13:24:22,372 - INFO -   [3/70] 1 Petite et Ailes (V3: 154308, source_id: 116235)
2025-12-28 13:24:24,250 - DEBUG -   No active modifier groups for dish 1 Petite et Ailes
2025-12-28 13:24:24,250 - INFO -     -> 0 links, 0 details
2025-12-28 13:24:24,250 - INFO -   [4/70] 12 Ailes (V3: 153283, source_id: 116166)
2025-12-28 13:24:26,153 - DEBUG -   Found active group: Wings Sauces (V1 ID: 10862, Category: sa)
2025-12-28 13:24:26,162 - INFO -   12 Ailes: 1 active modifier groups
2025-12-28 13:24:26,468 - DEBUG -     Linked: 12 Ailes -> Wings Sauces
2025-12-28 13:24:26,641 - DEBUG -     Details: Sauces (min:1, max:1, free:0, order:4)
2025-12-28 13:24:26,641 - INFO -     -> 1 links, 1 details
2025-12-28 13:24:26,641 - INFO -   [5/70] 18 Ailes (V3: 153284, source_id: 116167)
2025-12-28 13:24:28,495 - DEBUG -   Found active group: Wings Sauces (V1 ID: 10862, Category: sa)
2025-12-28 13:24:28,504 - INFO -   18 Ailes: 1 active modifier groups
2025-12-28 13:24:28,799 - DEBUG -     Linked: 18 Ailes -> Wings Sauces
2025-12-28 13:24:28,989 - DEBUG -     Details: Sauces (min:1, max:1, free:0, order:4)
2025-12-28 13:24:28,989 - INFO -     -> 1 links, 1 details
2025-12-28 13:24:28,990 - INFO -   [6/70] 2 Grandes Pizza (V3: 154307, source_id: 116925)
2025-12-28 13:24:30,827 - DEBUG -   No active modifier groups for dish 2 Grandes Pizza
2025-12-28 13:24:30,828 - INFO -     -> 0 links, 0 details
2025-12-28 13:24:30,828 - INFO -   [7/70] 2 Moyennes Pizza (V3: 154306, source_id: 116924)
2025-12-28 13:24:32,770 - DEBUG -   No active modifier groups for dish 2 Moyennes Pizza
2025-12-28 13:24:32,770 - INFO -     -> 0 links, 0 details
2025-12-28 13:24:32,770 - INFO -   [8/70] 2 Petites Pizza (V3: 154305, source_id: 116923)
2025-12-28 13:24:34,630 - DEBUG -   No active modifier groups for dish 2 Petites Pizza
2025-12-28 13:24:34,630 - INFO -     -> 0 links, 0 details
2025-12-28 13:24:34,631 - INFO -   [9/70] 24 Ailes (V3: 153285, source_id: 116168)
2025-12-28 13:24:36,487 - DEBUG -   Found active group: Wings Sauces (V1 ID: 10862, Category: sa)
2025-12-28 13:24:36,495 - INFO -   24 Ailes: 1 active modifier groups
2025-12-28 13:24:36,819 - DEBUG -     Linked: 24 Ailes -> Wings Sauces
2025-12-28 13:24:37,003 - DEBUG -     Details: Sauces (min:1, max:1, free:0, order:4)
2025-12-28 13:24:37,003 - INFO -     -> 1 links, 1 details
2025-12-28 13:24:37,004 - INFO -   Progress: 10/70 dishes
2025-12-28 13:24:37,004 - INFO -   [10/70] Bâtonnets au Fromage (V3: 153299, source_id: 116182)
2025-12-28 13:24:38,870 - DEBUG -   No active modifier groups for dish Bâtonnets au Fromage
2025-12-28 13:24:38,870 - INFO -     -> 0 links, 0 details
2025-12-28 13:24:38,870 - INFO -   [11/70] Club Sandwich (V3: 153300, source_id: 116183)
2025-12-28 13:24:40,788 - DEBUG -   No active modifier groups for dish Club Sandwich
2025-12-28 13:24:40,788 - INFO -     -> 0 links, 0 details
2025-12-28 13:24:40,788 - INFO -   [12/70] Club Sandwich Poutine (V3: 153301, source_id: 116271)
2025-12-28 13:24:42,655 - DEBUG -   No active modifier groups for dish Club Sandwich Poutine
2025-12-28 13:24:42,655 - INFO -     -> 0 links, 0 details
2025-12-28 13:24:42,655 - INFO -   [13/70] Coke (V3: 153316, source_id: 116261)
2025-12-28 13:24:44,508 - DEBUG -   No active modifier groups for dish Coke
2025-12-28 13:24:44,508 - INFO -     -> 0 links, 0 details
2025-12-28 13:24:44,508 - INFO -   [14/70] Coke Zero (V3: 153317, source_id: 116576)
2025-12-28 13:24:46,388 - DEBUG -   No active modifier groups for dish Coke Zero
2025-12-28 13:24:46,389 - INFO -     -> 0 links, 0 details
2025-12-28 13:24:46,389 - INFO -   [15/70] Cream Soda (V3: 153323, source_id: 116265)
2025-12-28 13:24:48,229 - DEBUG -   No active modifier groups for dish Cream Soda
2025-12-28 13:24:48,229 - INFO -     -> 0 links, 0 details
2025-12-28 13:24:48,230 - INFO -   [16/70] Diet Pepsi (V3: 153315, source_id: 116260)
2025-12-28 13:24:50,090 - DEBUG -   No active modifier groups for dish Diet Pepsi
2025-12-28 13:24:50,090 - INFO -     -> 0 links, 0 details
2025-12-28 13:24:50,091 - INFO -   [17/70] Doigts de Poulet (V3: 153302, source_id: 116184)
2025-12-28 13:24:51,970 - DEBUG -   Found active group: Upgrade to Poutine (V1 ID: 10866, Category: e)
2025-12-28 13:24:51,975 - INFO -   Doigts de Poulet: 1 active modifier groups
2025-12-28 13:24:52,259 - DEBUG -     Linked: Doigts de Poulet -> Upgrade to Poutine
2025-12-28 13:24:52,418 - DEBUG -     Details: Extras (min:0, max:1, free:0, order:7)
2025-12-28 13:24:52,418 - INFO -     -> 1 links, 1 details
2025-12-28 13:24:52,418 - INFO -   [18/70] Eau Naya (V3: 153324, source_id: 116286)
2025-12-28 13:24:54,275 - DEBUG -   No active modifier groups for dish Eau Naya
2025-12-28 13:24:54,275 - INFO -     -> 0 links, 0 details
2025-12-28 13:24:54,275 - INFO -   [19/70] Frites (V3: 153293, source_id: 116177)
2025-12-28 13:24:56,146 - DEBUG -   No active modifier groups for dish Frites
2025-12-28 13:24:56,146 - INFO -     -> 0 links, 0 details
2025-12-28 13:24:56,146 - INFO -   Progress: 20/70 dishes
2025-12-28 13:24:56,146 - INFO -   [20/70] Ginger Ale (V3: 153318, source_id: 116264)
2025-12-28 13:24:58,029 - DEBUG -   No active modifier groups for dish Ginger Ale
2025-12-28 13:24:58,030 - INFO -     -> 0 links, 0 details
2025-12-28 13:24:58,030 - INFO -   [21/70] Grape Crush (V3: 153322, source_id: 116285)
2025-12-28 13:24:59,893 - DEBUG -   No active modifier groups for dish Grape Crush
2025-12-28 13:24:59,893 - INFO -     -> 0 links, 0 details
2025-12-28 13:24:59,893 - INFO -   [22/70] Hoagie Pizza Sub (V3: 153306, source_id: 116188)
2025-12-28 13:25:01,773 - DEBUG -   Found active group: Subs sauces (V1 ID: 10867, Category: sa)
2025-12-28 13:25:01,782 - INFO -   Hoagie Pizza Sub: 1 active modifier groups
2025-12-28 13:25:02,094 - DEBUG -     Linked: Hoagie Pizza Sub -> Subs sauces
2025-12-28 13:25:02,279 - DEBUG -     Details: Sauces (min:0, max:1, free:0, order:4)
2025-12-28 13:25:02,279 - INFO -     -> 1 links, 1 details
2025-12-28 13:25:02,279 - INFO -   [23/70] Iced Tea (V3: 153319, source_id: 116263)
2025-12-28 13:25:04,158 - DEBUG -   No active modifier groups for dish Iced Tea
2025-12-28 13:25:04,158 - INFO -     -> 0 links, 0 details
2025-12-28 13:25:04,158 - INFO -   [24/70] Jus Oasis Orange (V3: 153325, source_id: 116287)
2025-12-28 13:25:05,993 - DEBUG -   No active modifier groups for dish Jus Oasis Orange
2025-12-28 13:25:05,993 - INFO -     -> 0 links, 0 details
2025-12-28 13:25:05,993 - INFO -   [25/70] Jus Oasis Pomme (V3: 153326, source_id: 116266)
2025-12-28 13:25:07,859 - DEBUG -   No active modifier groups for dish Jus Oasis Pomme
2025-12-28 13:25:07,859 - INFO -     -> 0 links, 0 details
2025-12-28 13:25:07,859 - INFO -   [26/70] L’Americaine (V3: 153278, source_id: 116229)
2025-12-28 13:25:09,724 - DEBUG -   Found active group: Pizza Toppings (V1 ID: 10868, Category: ci)
2025-12-28 13:25:09,734 - DEBUG -   Found active group: Pizza Dips (V1 ID: 10869, Category: sa)
2025-12-28 13:25:09,743 - INFO -   L’Americaine: 2 active modifier groups
2025-12-28 13:25:10,028 - DEBUG -     Linked: L’Americaine -> Pizza Toppings
2025-12-28 13:25:10,199 - DEBUG -     Details: Ajouter des garnitures (min:0, max:0, free:0, order:2)
2025-12-28 13:25:10,486 - DEBUG -     Linked: L’Americaine -> Pizza Dips
2025-12-28 13:25:10,652 - DEBUG -     Details: Trempettes (min:0, max:0, free:0, order:4)
2025-12-28 13:25:10,652 - INFO -     -> 2 links, 2 details
2025-12-28 13:25:10,653 - INFO -   [27/70] L’Hawaïenne (V3: 153267, source_id: 116218)
2025-12-28 13:25:12,506 - DEBUG -   Found active group: Pizza Toppings (V1 ID: 10868, Category: ci)
2025-12-28 13:25:12,515 - DEBUG -   Found active group: Pizza Dips (V1 ID: 10869, Category: sa)
2025-12-28 13:25:12,524 - INFO -   L’Hawaïenne: 2 active modifier groups
2025-12-28 13:25:12,857 - DEBUG -     Linked: L’Hawaïenne -> Pizza Toppings
2025-12-28 13:25:13,033 - DEBUG -     Details: Ajouter des garnitures (min:0, max:0, free:0, order:2)
2025-12-28 13:25:13,377 - DEBUG -     Linked: L’Hawaïenne -> Pizza Dips
2025-12-28 13:25:13,556 - DEBUG -     Details: Trempettes (min:0, max:0, free:0, order:4)
2025-12-28 13:25:13,556 - INFO -     -> 2 links, 2 details
2025-12-28 13:25:13,557 - INFO -   [28/70] La 4 Saisons Végétarienne (V3: 153268, source_id: 116219)
2025-12-28 13:25:15,428 - DEBUG -   Found active group: Pizza Toppings (V1 ID: 10868, Category: ci)
2025-12-28 13:25:15,437 - DEBUG -   Found active group: Pizza Dips (V1 ID: 10869, Category: sa)
2025-12-28 13:25:15,445 - INFO -   La 4 Saisons Végétarienne: 2 active modifier groups
2025-12-28 13:25:15,753 - DEBUG -     Linked: La 4 Saisons Végétarienne -> Pizza Toppings
2025-12-28 13:25:15,936 - DEBUG -     Details: Ajouter des garnitures (min:0, max:0, free:0, order:2)
2025-12-28 13:25:16,219 - DEBUG -     Linked: La 4 Saisons Végétarienne -> Pizza Dips
2025-12-28 13:25:16,405 - DEBUG -     Details: Trempettes (min:0, max:0, free:0, order:4)
2025-12-28 13:25:16,405 - INFO -     -> 2 links, 2 details
2025-12-28 13:25:16,406 - INFO -   [29/70] La Canadienne (V3: 153274, source_id: 116225)
2025-12-28 13:25:18,267 - DEBUG -   Found active group: Pizza Toppings (V1 ID: 10868, Category: ci)
2025-12-28 13:25:18,276 - DEBUG -   Found active group: Pizza Dips (V1 ID: 10869, Category: sa)
2025-12-28 13:25:18,285 - INFO -   La Canadienne: 2 active modifier groups
2025-12-28 13:25:18,583 - DEBUG -     Linked: La Canadienne -> Pizza Toppings
2025-12-28 13:25:18,742 - DEBUG -     Details: Ajouter des garnitures (min:0, max:0, free:0, order:2)
2025-12-28 13:25:19,030 - DEBUG -     Linked: La Canadienne -> Pizza Dips
2025-12-28 13:25:19,185 - DEBUG -     Details: Trempettes (min:0, max:0, free:0, order:4)
2025-12-28 13:25:19,185 - INFO -     -> 2 links, 2 details
2025-12-28 13:25:19,186 - INFO -   Progress: 30/70 dishes
2025-12-28 13:25:19,186 - INFO -   [30/70] La Chicago (V3: 153280, source_id: 116231)
2025-12-28 13:25:21,036 - DEBUG -   Found active group: Pizza Toppings (V1 ID: 10868, Category: ci)
2025-12-28 13:25:21,045 - DEBUG -   Found active group: Pizza Dips (V1 ID: 10869, Category: sa)
2025-12-28 13:25:21,054 - INFO -   La Chicago: 2 active modifier groups
2025-12-28 13:25:21,440 - DEBUG -     Linked: La Chicago -> Pizza Toppings
2025-12-28 13:25:21,634 - DEBUG -     Details: Ajouter des garnitures (min:0, max:0, free:0, order:2)
2025-12-28 13:25:21,972 - DEBUG -     Linked: La Chicago -> Pizza Dips
2025-12-28 13:25:22,167 - DEBUG -     Details: Trempettes (min:0, max:0, free:0, order:4)
2025-12-28 13:25:22,167 - INFO -     -> 2 links, 2 details
2025-12-28 13:25:22,168 - INFO -   [31/70] La Classico Italiano (V3: 153266, source_id: 116217)
2025-12-28 13:25:24,037 - DEBUG -   Found active group: Pizza Toppings (V1 ID: 10868, Category: ci)
2025-12-28 13:25:24,046 - DEBUG -   Found active group: Pizza Dips (V1 ID: 10869, Category: sa)
2025-12-28 13:25:24,055 - INFO -   La Classico Italiano: 2 active modifier groups
2025-12-28 13:25:24,352 - DEBUG -     Linked: La Classico Italiano -> Pizza Toppings
2025-12-28 13:25:24,537 - DEBUG -     Details: Ajouter des garnitures (min:0, max:0, free:0, order:2)
2025-12-28 13:25:24,824 - DEBUG -     Linked: La Classico Italiano -> Pizza Dips
2025-12-28 13:25:24,993 - DEBUG -     Details: Trempettes (min:0, max:0, free:0, order:4)
2025-12-28 13:25:24,993 - INFO -     -> 2 links, 2 details
2025-12-28 13:25:24,993 - INFO -   [32/70] La Dani (V3: 153279, source_id: 116230)
2025-12-28 13:25:26,850 - DEBUG -   Found active group: Pizza Toppings (V1 ID: 10868, Category: ci)
2025-12-28 13:25:26,860 - DEBUG -   Found active group: Pizza Dips (V1 ID: 10869, Category: sa)
2025-12-28 13:25:26,869 - INFO -   La Dani: 2 active modifier groups
2025-12-28 13:25:27,142 - DEBUG -     Linked: La Dani -> Pizza Toppings
2025-12-28 13:25:27,304 - DEBUG -     Details: Ajouter des garnitures (min:0, max:0, free:0, order:2)
2025-12-28 13:25:27,671 - DEBUG -     Linked: La Dani -> Pizza Dips
2025-12-28 13:25:27,844 - DEBUG -     Details: Trempettes (min:0, max:0, free:0, order:4)
2025-12-28 13:25:27,844 - INFO -     -> 2 links, 2 details
2025-12-28 13:25:27,845 - INFO -   [33/70] La Française (V3: 153275, source_id: 116226)
2025-12-28 13:25:29,709 - DEBUG -   Found active group: Pizza Toppings (V1 ID: 10868, Category: ci)
2025-12-28 13:25:29,718 - DEBUG -   Found active group: Pizza Dips (V1 ID: 10869, Category: sa)
2025-12-28 13:25:29,727 - INFO -   La Française: 2 active modifier groups
2025-12-28 13:25:30,008 - DEBUG -     Linked: La Française -> Pizza Toppings
2025-12-28 13:25:30,170 - DEBUG -     Details: Ajouter des garnitures (min:0, max:0, free:0, order:2)
2025-12-28 13:25:30,482 - DEBUG -     Linked: La Française -> Pizza Dips
2025-12-28 13:25:30,676 - DEBUG -     Details: Trempettes (min:0, max:0, free:0, order:4)
2025-12-28 13:25:30,676 - INFO -     -> 2 links, 2 details
2025-12-28 13:25:30,676 - INFO -   [34/70] La Gatinoise Combinée (V3: 153265, source_id: 116216)
2025-12-28 13:25:32,534 - DEBUG -   Found active group: Pizza Toppings (V1 ID: 10868, Category: ci)
2025-12-28 13:25:32,544 - DEBUG -   Found active group: Pizza Dips (V1 ID: 10869, Category: sa)
2025-12-28 13:25:32,552 - INFO -   La Gatinoise Combinée: 2 active modifier groups
2025-12-28 13:25:32,864 - DEBUG -     Linked: La Gatinoise Combinée -> Pizza Toppings
2025-12-28 13:25:33,034 - DEBUG -     Details: Ajouter des garnitures (min:0, max:0, free:0, order:2)
2025-12-28 13:25:33,307 - DEBUG -     Linked: La Gatinoise Combinée -> Pizza Dips
2025-12-28 13:25:33,479 - DEBUG -     Details: Trempettes (min:0, max:0, free:0, order:4)
2025-12-28 13:25:33,479 - INFO -     -> 2 links, 2 details
2025-12-28 13:25:33,479 - INFO -   [35/70] La Geo (V3: 153276, source_id: 116227)
2025-12-28 13:25:35,391 - DEBUG -   Found active group: Pizza Toppings (V1 ID: 10868, Category: ci)
2025-12-28 13:25:35,402 - DEBUG -   Found active group: Pizza Dips (V1 ID: 10869, Category: sa)
2025-12-28 13:25:35,411 - INFO -   La Geo: 2 active modifier groups
2025-12-28 13:25:35,710 - DEBUG -     Linked: La Geo -> Pizza Toppings
2025-12-28 13:25:35,895 - DEBUG -     Details: Ajouter des garnitures (min:0, max:0, free:0, order:2)
2025-12-28 13:25:36,229 - DEBUG -     Linked: La Geo -> Pizza Dips
2025-12-28 13:25:36,412 - DEBUG -     Details: Trempettes (min:0, max:0, free:0, order:4)
2025-12-28 13:25:36,412 - INFO -     -> 2 links, 2 details
2025-12-28 13:25:36,413 - INFO -   [36/70] La Grecque (V3: 153277, source_id: 116228)
2025-12-28 13:25:38,269 - DEBUG -   Found active group: Pizza Toppings (V1 ID: 10868, Category: ci)
2025-12-28 13:25:38,278 - DEBUG -   Found active group: Pizza Dips (V1 ID: 10869, Category: sa)
2025-12-28 13:25:38,286 - INFO -   La Grecque: 2 active modifier groups
2025-12-28 13:25:38,568 - DEBUG -     Linked: La Grecque -> Pizza Toppings
2025-12-28 13:25:38,734 - DEBUG -     Details: Ajouter des garnitures (min:0, max:0, free:0, order:2)
2025-12-28 13:25:39,017 - DEBUG -     Linked: La Grecque -> Pizza Dips
2025-12-28 13:25:39,177 - DEBUG -     Details: Trempettes (min:0, max:0, free:0, order:4)
2025-12-28 13:25:39,178 - INFO -     -> 2 links, 2 details
2025-12-28 13:25:39,178 - INFO -   [37/70] La Meat Lover (V3: 153273, source_id: 116224)
2025-12-28 13:25:41,039 - DEBUG -   Found active group: Pizza Toppings (V1 ID: 10868, Category: ci)
2025-12-28 13:25:41,048 - DEBUG -   Found active group: Pizza Dips (V1 ID: 10869, Category: sa)
2025-12-28 13:25:41,058 - INFO -   La Meat Lover: 2 active modifier groups
2025-12-28 13:25:41,353 - DEBUG -     Linked: La Meat Lover -> Pizza Toppings
2025-12-28 13:25:41,530 - DEBUG -     Details: Ajouter des garnitures (min:0, max:0, free:0, order:2)
2025-12-28 13:25:41,854 - DEBUG -     Linked: La Meat Lover -> Pizza Dips
2025-12-28 13:25:42,033 - DEBUG -     Details: Trempettes (min:0, max:0, free:0, order:4)
2025-12-28 13:25:42,033 - INFO -     -> 2 links, 2 details
2025-12-28 13:25:42,034 - INFO -   [38/70] La Mexicaine (V3: 153269, source_id: 116220)
2025-12-28 13:25:43,888 - DEBUG -   Found active group: Pizza Toppings (V1 ID: 10868, Category: ci)
2025-12-28 13:25:43,897 - DEBUG -   Found active group: Pizza Dips (V1 ID: 10869, Category: sa)
2025-12-28 13:25:43,906 - INFO -   La Mexicaine: 2 active modifier groups
2025-12-28 13:25:44,193 - DEBUG -     Linked: La Mexicaine -> Pizza Toppings
2025-12-28 13:25:44,358 - DEBUG -     Details: Ajouter des garnitures (min:0, max:0, free:0, order:2)
2025-12-28 13:25:44,629 - DEBUG -     Linked: La Mexicaine -> Pizza Dips
2025-12-28 13:25:44,795 - DEBUG -     Details: Trempettes (min:0, max:0, free:0, order:4)
2025-12-28 13:25:44,795 - INFO -     -> 2 links, 2 details
2025-12-28 13:25:44,795 - INFO -   [39/70] La Poulet BBQ (V3: 153271, source_id: 116222)
2025-12-28 13:25:46,649 - DEBUG -   Found active group: Pizza Toppings (V1 ID: 10868, Category: ci)
2025-12-28 13:25:46,658 - DEBUG -   Found active group: Pizza Dips (V1 ID: 10869, Category: sa)
2025-12-28 13:25:46,667 - INFO -   La Poulet BBQ: 2 active modifier groups
2025-12-28 13:25:46,961 - DEBUG -     Linked: La Poulet BBQ -> Pizza Toppings
2025-12-28 13:25:47,119 - DEBUG -     Details: Ajouter des garnitures (min:0, max:0, free:0, order:2)
2025-12-28 13:25:47,393 - DEBUG -     Linked: La Poulet BBQ -> Pizza Dips
2025-12-28 13:25:47,557 - DEBUG -     Details: Trempettes (min:0, max:0, free:0, order:4)
2025-12-28 13:25:47,557 - INFO -     -> 2 links, 2 details
2025-12-28 13:25:47,557 - INFO -   Progress: 40/70 dishes
2025-12-28 13:25:47,558 - INFO -   [40/70] La Québecoise (V3: 153307, source_id: 116186)
2025-12-28 13:25:49,416 - DEBUG -   Found active group: Subs sauces (V1 ID: 10867, Category: sa)
2025-12-28 13:25:49,425 - INFO -   La Québecoise: 1 active modifier groups
2025-12-28 13:25:49,742 - DEBUG -     Linked: La Québecoise -> Subs sauces
2025-12-28 13:25:49,918 - DEBUG -     Details: Sauces (min:0, max:1, free:0, order:4)
2025-12-28 13:25:49,918 - INFO -     -> 1 links, 1 details
2025-12-28 13:25:49,918 - INFO -   [41/70] La Québécoise Spécial Maison (V3: 153272, source_id: 116223)
2025-12-28 13:25:51,776 - DEBUG -   Found active group: Pizza Toppings (V1 ID: 10868, Category: ci)
2025-12-28 13:25:51,786 - DEBUG -   Found active group: Pizza Dips (V1 ID: 10869, Category: sa)
2025-12-28 13:25:51,794 - INFO -   La Québécoise Spécial Maison: 2 active modifier groups
2025-12-28 13:25:52,096 - DEBUG -     Linked: La Québécoise Spécial Maison -> Pizza Toppings
2025-12-28 13:25:52,257 - DEBUG -     Details: Ajouter des garnitures (min:0, max:0, free:0, order:2)
2025-12-28 13:25:52,539 - DEBUG -     Linked: La Québécoise Spécial Maison -> Pizza Dips
2025-12-28 13:25:52,699 - DEBUG -     Details: Trempettes (min:0, max:0, free:0, order:4)
2025-12-28 13:25:52,700 - INFO -     -> 2 links, 2 details
2025-12-28 13:25:52,700 - INFO -   [42/70] La Tianna (V3: 153270, source_id: 116221)
2025-12-28 13:25:54,549 - DEBUG -   Found active group: Pizza Toppings (V1 ID: 10868, Category: ci)
2025-12-28 13:25:54,558 - DEBUG -   Found active group: Pizza Dips (V1 ID: 10869, Category: sa)
2025-12-28 13:25:54,566 - INFO -   La Tianna: 2 active modifier groups
2025-12-28 13:25:54,846 - DEBUG -     Linked: La Tianna -> Pizza Toppings
2025-12-28 13:25:55,027 - DEBUG -     Details: Ajouter des garnitures (min:0, max:0, free:0, order:2)
2025-12-28 13:25:55,304 - DEBUG -     Linked: La Tianna -> Pizza Dips
2025-12-28 13:25:55,465 - DEBUG -     Details: Trempettes (min:0, max:0, free:0, order:4)
2025-12-28 13:25:55,466 - INFO -     -> 2 links, 2 details
2025-12-28 13:25:55,466 - INFO -   [43/70] Lasagne (V3: 153288, source_id: 116172)
2025-12-28 13:25:57,320 - DEBUG -   No active modifier groups for dish Lasagne
2025-12-28 13:25:57,320 - INFO -     -> 0 links, 0 details
2025-12-28 13:25:57,320 - INFO -   [44/70] Lasagne à la Québécoise (V3: 153289, source_id: 116173)
2025-12-28 13:25:59,175 - DEBUG -   No active modifier groups for dish Lasagne à la Québécoise
2025-12-28 13:25:59,175 - INFO -     -> 0 links, 0 details
2025-12-28 13:25:59,175 - INFO -   [45/70] Le Club (V3: 153281, source_id: 116232)
2025-12-28 13:26:01,045 - DEBUG -   Found active group: Pizza Toppings (V1 ID: 10868, Category: ci)
2025-12-28 13:26:01,054 - DEBUG -   Found active group: Pizza Dips (V1 ID: 10869, Category: sa)
2025-12-28 13:26:01,063 - INFO -   Le Club: 2 active modifier groups
2025-12-28 13:26:01,344 - DEBUG -     Linked: Le Club -> Pizza Toppings
2025-12-28 13:26:01,499 - DEBUG -     Details: Ajouter des garnitures (min:0, max:0, free:0, order:2)
2025-12-28 13:26:01,777 - DEBUG -     Linked: Le Club -> Pizza Dips
2025-12-28 13:26:01,943 - DEBUG -     Details: Trempettes (min:0, max:0, free:0, order:4)
2025-12-28 13:26:01,943 - INFO -     -> 2 links, 2 details
2025-12-28 13:26:01,943 - INFO -   [46/70] Le Club Sub (V3: 153309, source_id: 116190)
2025-12-28 13:26:03,828 - DEBUG -   Found active group: Subs sauces (V1 ID: 10867, Category: sa)
2025-12-28 13:26:03,837 - INFO -   Le Club Sub: 1 active modifier groups
2025-12-28 13:26:04,113 - DEBUG -     Linked: Le Club Sub -> Subs sauces
2025-12-28 13:26:04,277 - DEBUG -     Details: Sauces (min:0, max:1, free:0, order:4)
2025-12-28 13:26:04,277 - INFO -     -> 1 links, 1 details
2025-12-28 13:26:04,278 - INFO -   [47/70] Le Combiné (V3: 153308, source_id: 116189)
2025-12-28 13:26:06,128 - DEBUG -   Found active group: Subs sauces (V1 ID: 10867, Category: sa)
2025-12-28 13:26:06,136 - INFO -   Le Combiné: 1 active modifier groups
2025-12-28 13:26:06,412 - DEBUG -     Linked: Le Combiné -> Subs sauces
2025-12-28 13:26:06,567 - DEBUG -     Details: Sauces (min:0, max:1, free:0, order:4)
2025-12-28 13:26:06,567 - INFO -     -> 1 links, 1 details
2025-12-28 13:26:06,568 - INFO -   [48/70] Le Jambon (V3: 153305, source_id: 116187)
2025-12-28 13:26:08,422 - DEBUG -   Found active group: Subs sauces (V1 ID: 10867, Category: sa)
2025-12-28 13:26:08,430 - INFO -   Le Jambon: 1 active modifier groups
2025-12-28 13:26:08,742 - DEBUG -     Linked: Le Jambon -> Subs sauces
2025-12-28 13:26:08,923 - DEBUG -     Details: Sauces (min:0, max:1, free:0, order:4)
2025-12-28 13:26:08,923 - INFO -     -> 1 links, 1 details
2025-12-28 13:26:08,923 - INFO -   [49/70] Le Jeune Hockeyeur (V3: 153264, source_id: 116215)
2025-12-28 13:26:10,852 - DEBUG -   Found active group: Pizza Toppings (V1 ID: 10868, Category: ci)
2025-12-28 13:26:10,861 - DEBUG -   Found active group: Pizza Dips (V1 ID: 10869, Category: sa)
2025-12-28 13:26:10,870 - INFO -   Le Jeune Hockeyeur: 2 active modifier groups
2025-12-28 13:26:11,151 - DEBUG -     Linked: Le Jeune Hockeyeur -> Pizza Toppings
2025-12-28 13:26:11,312 - DEBUG -     Details: Ajouter des garnitures (min:0, max:0, free:0, order:2)
2025-12-28 13:26:11,601 - DEBUG -     Linked: Le Jeune Hockeyeur -> Pizza Dips
2025-12-28 13:26:11,762 - DEBUG -     Details: Trempettes (min:0, max:0, free:0, order:4)
2025-12-28 13:26:11,762 - INFO -     -> 2 links, 2 details
2025-12-28 13:26:11,762 - INFO -   Progress: 50/70 dishes
2025-12-28 13:26:11,762 - INFO -   [50/70] Le Super Super (V3: 153310, source_id: 116191)
2025-12-28 13:26:13,598 - DEBUG -   Found active group: Subs sauces (V1 ID: 10867, Category: sa)
2025-12-28 13:26:13,607 - INFO -   Le Super Super: 1 active modifier groups
2025-12-28 13:26:13,929 - DEBUG -     Linked: Le Super Super -> Subs sauces
2025-12-28 13:26:14,105 - DEBUG -     Details: Sauces (min:0, max:1, free:0, order:4)
2025-12-28 13:26:14,105 - INFO -     -> 1 links, 1 details
2025-12-28 13:26:14,105 - INFO -   [51/70] Nachos (V3: 153303, source_id: 116169)
2025-12-28 13:26:15,977 - DEBUG -   Found active group: Nachos extra (V1 ID: 10863, Category: e)
2025-12-28 13:26:15,982 - INFO -   Nachos: 1 active modifier groups
2025-12-28 13:26:16,305 - DEBUG -     Linked: Nachos -> Nachos extra
2025-12-28 13:26:16,481 - DEBUG -     Details: Extras (min:0, max:1, free:0, order:7)
2025-12-28 13:26:16,482 - INFO -     -> 1 links, 1 details
2025-12-28 13:26:16,482 - INFO -   [52/70] Orange Crush (V3: 153321, source_id: 116262)
2025-12-28 13:26:18,358 - DEBUG -   No active modifier groups for dish Orange Crush
2025-12-28 13:26:18,358 - INFO -     -> 0 links, 0 details
2025-12-28 13:26:18,358 - INFO -   [53/70] Pain à l’ail 12" (V3: 153297, source_id: 116181)
2025-12-28 13:26:20,204 - DEBUG -   No active modifier groups for dish Pain à l’ail 12"
2025-12-28 13:26:20,204 - INFO -     -> 0 links, 0 details
2025-12-28 13:26:20,204 - INFO -   [54/70] Pain à l’ail Gratiné 12" (V3: 153298, source_id: 118250)
2025-12-28 13:26:22,043 - DEBUG -   No active modifier groups for dish Pain à l’ail Gratiné 12"
2025-12-28 13:26:22,043 - INFO -     -> 0 links, 0 details
2025-12-28 13:26:22,043 - INFO -   [55/70] Pepsi (V3: 153314, source_id: 116259)
2025-12-28 13:26:23,929 - DEBUG -   No active modifier groups for dish Pepsi
2025-12-28 13:26:23,929 - INFO -     -> 0 links, 0 details
2025-12-28 13:26:23,929 - INFO -   [56/70] Pizza Choco Banane (V3: 153312, source_id: 116926)
2025-12-28 13:26:25,794 - DEBUG -   No active modifier groups for dish Pizza Choco Banane
2025-12-28 13:26:25,794 - INFO -     -> 0 links, 0 details
2025-12-28 13:26:25,794 - INFO -   [57/70] Poutine (V3: 153295, source_id: 116179)
2025-12-28 13:26:27,643 - DEBUG -   Found active group: poutine extra fromage and sauce (V1 ID: 10865, Category: e)
2025-12-28 13:26:27,647 - INFO -   Poutine: 1 active modifier groups
2025-12-28 13:26:27,927 - DEBUG -     Linked: Poutine -> poutine extra fromage and sauce
2025-12-28 13:26:28,091 - DEBUG -     Details: Extras (min:0, max:0, free:0, order:7)
2025-12-28 13:26:28,091 - INFO -     -> 1 links, 1 details
2025-12-28 13:26:28,091 - INFO -   [58/70] Rondelles d'Oignons (V3: 153294, source_id: 116178)
2025-12-28 13:26:29,954 - DEBUG -   No active modifier groups for dish Rondelles d'Oignons
2025-12-28 13:26:29,954 - INFO -     -> 0 links, 0 details
2025-12-28 13:26:29,955 - INFO -   [59/70] Root Beer (V3: 153320, source_id: 116267)
2025-12-28 13:26:31,846 - DEBUG -   No active modifier groups for dish Root Beer
2025-12-28 13:26:31,846 - INFO -     -> 0 links, 0 details
2025-12-28 13:26:31,846 - INFO -   Progress: 60/70 dishes
2025-12-28 13:26:31,847 - INFO -   [60/70] Salade César (V3: 153291, source_id: 116175)
2025-12-28 13:26:33,694 - DEBUG -   No active modifier groups for dish Salade César
2025-12-28 13:26:33,694 - INFO -     -> 0 links, 0 details
2025-12-28 13:26:33,695 - INFO -   [61/70] Salade Grecque (V3: 153292, source_id: 116176)
2025-12-28 13:26:35,551 - DEBUG -   No active modifier groups for dish Salade Grecque
2025-12-28 13:26:35,551 - INFO -     -> 0 links, 0 details
2025-12-28 13:26:35,551 - INFO -   [62/70] Salade Quatre Saison (V3: 153290, source_id: 116174)
2025-12-28 13:26:37,390 - DEBUG -   No active modifier groups for dish Salade Quatre Saison
2025-12-28 13:26:37,390 - INFO -     -> 0 links, 0 details
2025-12-28 13:26:37,390 - INFO -   [63/70] Spaghetti (V3: 153286, source_id: 116170)
2025-12-28 13:26:39,277 - DEBUG -   No active modifier groups for dish Spaghetti
2025-12-28 13:26:39,277 - INFO -     -> 0 links, 0 details
2025-12-28 13:26:39,277 - INFO -   [64/70] Spaghetti à la Québécoise (V3: 153287, source_id: 116171)
2025-12-28 13:26:41,139 - DEBUG -   No active modifier groups for dish Spaghetti à la Québécoise
2025-12-28 13:26:41,139 - INFO -     -> 0 links, 0 details
2025-12-28 13:26:41,139 - INFO -   [65/70] Sprite (V3: 153313, source_id: 116577)
2025-12-28 13:26:42,983 - DEBUG -   No active modifier groups for dish Sprite
2025-12-28 13:26:42,983 - INFO -     -> 0 links, 0 details
2025-12-28 13:26:42,983 - INFO -   [66/70] Steak Style Philadelphia (V3: 153304, source_id: 116185)
2025-12-28 13:26:44,832 - DEBUG -   Found active group: Subs sauces (V1 ID: 10867, Category: sa)
2025-12-28 13:26:44,841 - INFO -   Steak Style Philadelphia: 1 active modifier groups
2025-12-28 13:26:45,161 - DEBUG -     Linked: Steak Style Philadelphia -> Subs sauces
2025-12-28 13:26:45,338 - DEBUG -     Details: Sauces (min:0, max:1, free:0, order:4)
2025-12-28 13:26:45,338 - INFO -     -> 1 links, 1 details
2025-12-28 13:26:45,338 - INFO -   [67/70] Style Maniwaki (V3: 153282, source_id: 116233)
2025-12-28 13:26:47,295 - DEBUG -   Found active group: Pizza Toppings (V1 ID: 10868, Category: ci)
2025-12-28 13:26:47,304 - DEBUG -   Found active group: Pizza Dips (V1 ID: 10869, Category: sa)
2025-12-28 13:26:47,313 - INFO -   Style Maniwaki: 2 active modifier groups
2025-12-28 13:26:47,598 - DEBUG -     Linked: Style Maniwaki -> Pizza Toppings
2025-12-28 13:26:47,757 - DEBUG -     Details: Ajouter des garnitures (min:0, max:0, free:0, order:2)
2025-12-28 13:26:48,062 - DEBUG -     Linked: Style Maniwaki -> Pizza Dips
2025-12-28 13:26:48,222 - DEBUG -     Details: Trempettes (min:0, max:0, free:0, order:4)
2025-12-28 13:26:48,222 - INFO -     -> 2 links, 2 details
2025-12-28 13:26:48,223 - INFO -   [68/70] Une Garniture (V3: 153263, source_id: 116214)
2025-12-28 13:26:50,105 - DEBUG -   Found active group: Pizza Toppings (V1 ID: 10868, Category: ci)
2025-12-28 13:26:50,113 - DEBUG -   Found active group: Pizza Dips (V1 ID: 10869, Category: sa)
2025-12-28 13:26:50,122 - INFO -   Une Garniture: 2 active modifier groups
2025-12-28 13:26:50,433 - DEBUG -     Linked: Une Garniture -> Pizza Toppings
2025-12-28 13:26:50,599 - DEBUG -     Details: Ajouter des garnitures (min:0, max:0, free:0, order:2)
2025-12-28 13:26:50,886 - DEBUG -     Linked: Une Garniture -> Pizza Dips
2025-12-28 13:26:51,053 - DEBUG -     Details: Trempettes (min:0, max:0, free:0, order:4)
2025-12-28 13:26:51,053 - INFO -     -> 2 links, 2 details
2025-12-28 13:26:51,053 - INFO -   [69/70] Végétarien (V3: 153311, source_id: 118251)
2025-12-28 13:26:52,912 - DEBUG -   Found active group: Subs sauces (V1 ID: 10867, Category: sa)
2025-12-28 13:26:52,921 - INFO -   Végétarien: 1 active modifier groups
2025-12-28 13:26:53,231 - DEBUG -     Linked: Végétarien -> Subs sauces
2025-12-28 13:26:53,395 - DEBUG -     Details: Sauces (min:0, max:1, free:0, order:4)
2025-12-28 13:26:53,396 - INFO -     -> 1 links, 1 details
2025-12-28 13:26:53,396 - INFO -   Progress: 70/70 dishes
2025-12-28 13:26:53,396 - INFO -   [70/70] Zucchinis (V3: 153296, source_id: 116180)
2025-12-28 13:26:55,234 - DEBUG -   No active modifier groups for dish Zucchinis
2025-12-28 13:26:55,234 - INFO -     -> 0 links, 0 details
2025-12-28 13:26:55,234 - INFO -   Result: 70 processed, 0 skipped, 54 links, 54 details
2025-12-28 13:26:55,235 - INFO - ----------------------------------------
2025-12-28 13:26:55,235 - INFO - [14/20] Processing: Patate Lou Lou (V3: 712, V1: 948)
2025-12-28 13:26:55,489 - INFO -   [1/104] 12 Mini Beignets (V3: 153416, source_id: 117087)
2025-12-28 13:26:57,513 - DEBUG -   No active modifier groups for dish 12 Mini Beignets
2025-12-28 13:26:57,513 - INFO -     -> 0 links, 0 details
2025-12-28 13:26:57,513 - INFO -   [2/104] 24 Mini Beignets (V3: 153417, source_id: 117088)
2025-12-28 13:26:57,953 - WARNING -   Network error (attempt 1/10): Page.goto: net::ERR_CONNECTION_RESET at https://menuadmin.menu.ca/?p=restaurants&display=editRestaur
2025-12-28 13:26:57,954 - INFO -   Retrying in 5 seconds...
2025-12-28 13:27:09,475 - DEBUG -   No active modifier groups for dish 24 Mini Beignets
2025-12-28 13:27:09,475 - INFO -     -> 0 links, 0 details
2025-12-28 13:27:09,475 - INFO -   [3/104] 36 Mini Beignets (V3: 153418, source_id: 117089)
2025-12-28 13:27:12,688 - DEBUG -   No active modifier groups for dish 36 Mini Beignets
2025-12-28 13:27:12,688 - INFO -     -> 0 links, 0 details
2025-12-28 13:27:12,688 - INFO -   [4/104] 6 Mini Beignets (V3: 153415, source_id: 117086)
2025-12-28 13:27:15,701 - DEBUG -   No active modifier groups for dish 6 Mini Beignets
2025-12-28 13:27:15,702 - INFO -     -> 0 links, 0 details
2025-12-28 13:27:15,702 - INFO -   [5/104] Ailes de poulet (V3: 153408, source_id: 100727)
2025-12-28 13:27:17,577 - DEBUG -   Found active group: Wings Sauces (V1 ID: 9552, Category: sa)
2025-12-28 13:27:17,586 - INFO -   Ailes de poulet: 1 active modifier groups
2025-12-28 13:27:17,912 - DEBUG -     Linked: Ailes de poulet -> Wings Sauces
2025-12-28 13:27:18,077 - DEBUG -     Details: Sauces (min:1, max:1, free:0, order:4)
2025-12-28 13:27:18,078 - INFO -     -> 1 links, 1 details
2025-12-28 13:27:18,078 - INFO -   [6/104] Assiette doigts de poulet (V3: 153382, source_id: 100702)
2025-12-28 13:27:19,948 - DEBUG -   Found active group: Divers Section Upgrade to Poutine-Gravy-Salad (V1 ID: 9654, Category: sd)
2025-12-28 13:27:19,964 - INFO -   Assiette doigts de poulet: 1 active modifier groups
2025-12-28 13:27:20,285 - DEBUG -     Linked: Assiette doigts de poulet -> Divers Section Upgrade to Poutine-Gravy-Salad
2025-12-28 13:27:20,454 - DEBUG -     Details: Changez vos frites (min:0, max:1, free:0, order:5)
2025-12-28 13:27:20,455 - INFO -     -> 1 links, 1 details
2025-12-28 13:27:20,455 - INFO -   [7/104] Assiette Donair (V3: 153385, source_id: 100705)
2025-12-28 13:27:22,352 - DEBUG -   Found active group: Divers Section Upgrade to Poutine-Gravy-Salad (V1 ID: 9654, Category: sd)
2025-12-28 13:27:22,359 - INFO -   Assiette Donair: 1 active modifier groups
2025-12-28 13:27:22,668 - DEBUG -     Linked: Assiette Donair -> Divers Section Upgrade to Poutine-Gravy-Salad
2025-12-28 13:27:22,834 - DEBUG -     Details: Changez vos frites (min:0, max:1, free:0, order:5)
2025-12-28 13:27:22,834 - INFO -     -> 1 links, 1 details
2025-12-28 13:27:22,834 - INFO -   [8/104] Assiette Viande Fumée (V3: 153384, source_id: 100704)
2025-12-28 13:27:24,695 - DEBUG -   Found active group: Divers Section Upgrade to Poutine-Gravy-Salad (V1 ID: 9654, Category: sd)
2025-12-28 13:27:24,703 - INFO -   Assiette Viande Fumée: 1 active modifier groups
2025-12-28 13:27:25,000 - DEBUG -     Linked: Assiette Viande Fumée -> Divers Section Upgrade to Poutine-Gravy-Salad
2025-12-28 13:27:25,175 - DEBUG -     Details: Changez vos frites (min:0, max:1, free:0, order:5)
2025-12-28 13:27:25,175 - INFO -     -> 1 links, 1 details
2025-12-28 13:27:25,175 - INFO -   [9/104] Bâtonnets de fromage (4) (V3: 153407, source_id: 100726)
2025-12-28 13:27:27,033 - DEBUG -   Found active group: Doigts de poulet and amuse gueule Sauces (V1 ID: 9573, Category: sa)
2025-12-28 13:27:27,041 - INFO -   Bâtonnets de fromage (4): 1 active modifier groups
2025-12-28 13:27:27,313 - DEBUG -     Linked: Bâtonnets de fromage (4) -> Doigts de poulet and amuse gueule Sauces
2025-12-28 13:27:27,473 - DEBUG -     Details: Sauces (min:0, max:1, free:0, order:4)
2025-12-28 13:27:27,473 - INFO -     -> 1 links, 1 details
2025-12-28 13:27:27,474 - INFO -   Progress: 10/104 dishes
2025-12-28 13:27:27,474 - INFO -   [10/104] BBQ Rib Sub (V3: 153399, source_id: 100719)
2025-12-28 13:27:29,315 - DEBUG -   No active modifier groups for dish BBQ Rib Sub
2025-12-28 13:27:29,315 - INFO -     -> 0 links, 0 details
2025-12-28 13:27:29,316 - INFO -   [11/104] Biscuits (V3: 153420, source_id: 100736)
2025-12-28 13:27:31,162 - DEBUG -   No active modifier groups for dish Biscuits
2025-12-28 13:27:31,162 - INFO -     -> 0 links, 0 details
2025-12-28 13:27:31,162 - INFO -   [12/104] BLT Sandwich (V3: 153368, source_id: 100690)
2025-12-28 13:27:33,025 - DEBUG -   No active modifier groups for dish BLT Sandwich
2025-12-28 13:27:33,025 - INFO -     -> 0 links, 0 details
2025-12-28 13:27:33,025 - INFO -   [13/104] BLT Sub (V3: 153394, source_id: 100714)
2025-12-28 13:27:34,893 - DEBUG -   No active modifier groups for dish BLT Sub
2025-12-28 13:27:34,893 - INFO -     -> 0 links, 0 details
2025-12-28 13:27:34,893 - INFO -   [14/104] Boulettes de viande Sub (V3: 153396, source_id: 100716)
2025-12-28 13:27:37,788 - DEBUG -   No active modifier groups for dish Boulettes de viande Sub
2025-12-28 13:27:37,788 - INFO -     -> 0 links, 0 details
2025-12-28 13:27:37,788 - INFO -   [15/104] Bouteilles de boissons gazeuses (591ml) (V3: 153421, source_id: 100738)
2025-12-28 13:27:39,631 - DEBUG -   No active modifier groups for dish Bouteilles de boissons gazeuses (591ml)
2025-12-28 13:27:39,631 - INFO -     -> 0 links, 0 details
2025-12-28 13:27:39,631 - INFO -   [16/104] Burger au Poisson (V3: 153364, source_id: 100686)
2025-12-28 13:27:41,481 - DEBUG -   Found active group: Burgers ingredients (free) (V1 ID: 9548, Category: ci)
2025-12-28 13:27:41,494 - DEBUG -   Found active group: Extras for Hot Dogs & Burgers (V1 ID: 9547, Category: e)
2025-12-28 13:27:41,498 - INFO -   Burger au Poisson: 2 active modifier groups
2025-12-28 13:27:41,789 - DEBUG -     Linked: Burger au Poisson -> Burgers ingredients (free)
2025-12-28 13:27:41,976 - DEBUG -     Details: Ingrédients personnalisés (min:0, max:0, free:0, order:2)
2025-12-28 13:27:42,251 - DEBUG -     Linked: Burger au Poisson -> Extras for Hot Dogs & Burgers
2025-12-28 13:27:42,411 - DEBUG -     Details: Extras (min:0, max:0, free:0, order:7)
2025-12-28 13:27:42,412 - INFO -     -> 2 links, 2 details
2025-12-28 13:27:42,412 - INFO -   [17/104] Burger au Poulet (V3: 153362, source_id: 100684)
2025-12-28 13:27:44,287 - DEBUG -   Found active group: Burgers ingredients (free) (V1 ID: 9548, Category: ci)
2025-12-28 13:27:44,319 - DEBUG -   Found active group: Extras for Hot Dogs & Burgers (V1 ID: 9547, Category: e)
2025-12-28 13:27:44,327 - INFO -   Burger au Poulet: 2 active modifier groups
2025-12-28 13:27:44,638 - DEBUG -     Linked: Burger au Poulet -> Burgers ingredients (free)
2025-12-28 13:27:44,824 - DEBUG -     Details: Ingrédients personnalisés (min:0, max:0, free:0, order:2)
2025-12-28 13:27:45,125 - DEBUG -     Linked: Burger au Poulet -> Extras for Hot Dogs & Burgers
2025-12-28 13:27:45,305 - DEBUG -     Details: Extras (min:0, max:0, free:0, order:7)
2025-12-28 13:27:45,305 - INFO -     -> 2 links, 2 details
2025-12-28 13:27:45,306 - INFO -   [18/104] Burger au Poulet Épicé (V3: 153363, source_id: 100685)
2025-12-28 13:27:47,194 - DEBUG -   Found active group: Burgers ingredients (free) (V1 ID: 9548, Category: ci)
2025-12-28 13:27:47,209 - DEBUG -   Found active group: Extras for Hot Dogs & Burgers (V1 ID: 9547, Category: e)
2025-12-28 13:27:47,213 - INFO -   Burger au Poulet Épicé: 2 active modifier groups
2025-12-28 13:27:47,625 - DEBUG -     Linked: Burger au Poulet Épicé -> Burgers ingredients (free)
2025-12-28 13:27:47,804 - DEBUG -     Details: Ingrédients personnalisés (min:0, max:0, free:0, order:2)
2025-12-28 13:27:48,086 - DEBUG -     Linked: Burger au Poulet Épicé -> Extras for Hot Dogs & Burgers
2025-12-28 13:27:48,247 - DEBUG -     Details: Extras (min:0, max:0, free:0, order:7)
2025-12-28 13:27:48,247 - INFO -     -> 2 links, 2 details
2025-12-28 13:27:48,248 - INFO -   [19/104] Club Sandwich (V3: 153378, source_id: 100699)
2025-12-28 13:27:50,105 - DEBUG -   Found active group: Divers Section Upgrade to Poutine-Gravy-Salad (V1 ID: 9654, Category: sd)
2025-12-28 13:27:50,114 - INFO -   Club Sandwich: 1 active modifier groups
2025-12-28 13:27:50,403 - DEBUG -     Linked: Club Sandwich -> Divers Section Upgrade to Poutine-Gravy-Salad
2025-12-28 13:27:50,565 - DEBUG -     Details: Changez vos frites (min:0, max:1, free:0, order:5)
2025-12-28 13:27:50,566 - INFO -     -> 1 links, 1 details
2025-12-28 13:27:50,566 - INFO -   Progress: 20/104 dishes
2025-12-28 13:27:50,567 - INFO -   [20/104] Club sandwich avec Fromage (V3: 153380, source_id: 100700)
2025-12-28 13:27:52,430 - DEBUG -   Found active group: Divers Section Upgrade to Poutine-Gravy-Salad (V1 ID: 9654, Category: sd)
2025-12-28 13:27:52,438 - INFO -   Club sandwich avec Fromage: 1 active modifier groups
2025-12-28 13:27:52,746 - DEBUG -     Linked: Club sandwich avec Fromage -> Divers Section Upgrade to Poutine-Gravy-Salad
2025-12-28 13:27:52,948 - DEBUG -     Details: Changez vos frites (min:0, max:1, free:0, order:5)
2025-12-28 13:27:52,948 - INFO -     -> 1 links, 1 details
2025-12-28 13:27:52,948 - INFO -   [21/104] Club sandwich avec Fromage version Poutine (V3: 153381, source_id: 123566)
2025-12-28 13:27:54,799 - DEBUG -   Found active group: Sauces for Make Your Own Poutine (V1 ID: 9544, Category: sa)
2025-12-28 13:27:54,808 - DEBUG -   Found active group: Divers Section Upgrade to Poutine-Gravy-Salad (V1 ID: 9654, Category: sd)
2025-12-28 13:27:54,816 - INFO -   Club sandwich avec Fromage version Poutine: 2 active modifier groups
2025-12-28 13:27:55,133 - DEBUG -     Linked: Club sandwich avec Fromage version Poutine -> Sauces for Make Your Own Poutine
2025-12-28 13:27:55,320 - DEBUG -     Details: Sauces pour Poutine (min:1, max:1, free:0, order:4)
2025-12-28 13:27:55,665 - DEBUG -     Linked: Club sandwich avec Fromage version Poutine -> Divers Section Upgrade to Poutine-Gravy-Salad
2025-12-28 13:27:55,832 - DEBUG -     Details: Changez vos Poutine (min:0, max:1, free:0, order:5)
2025-12-28 13:27:55,832 - INFO -     -> 2 links, 2 details
2025-12-28 13:27:55,833 - INFO -   [22/104] Club Sandwich avec Une Boisson Pepsi (V3: 153373, source_id: 123718)
2025-12-28 13:27:57,703 - DEBUG -   No active modifier groups for dish Club Sandwich avec Une Boisson Pepsi
2025-12-28 13:27:57,703 - INFO -     -> 0 links, 0 details
2025-12-28 13:27:57,703 - INFO -   [23/104] Club sandwich version Poutine (V3: 153379, source_id: 100701)
2025-12-28 13:27:59,564 - DEBUG -   Found active group: Sauces for Make Your Own Poutine (V1 ID: 9544, Category: sa)
2025-12-28 13:27:59,574 - DEBUG -   Found active group: Divers Section Upgrade to Poutine-Gravy-Salad (V1 ID: 9654, Category: sd)
2025-12-28 13:27:59,582 - INFO -   Club sandwich version Poutine: 2 active modifier groups
2025-12-28 13:27:59,871 - DEBUG -     Linked: Club sandwich version Poutine -> Sauces for Make Your Own Poutine
2025-12-28 13:28:00,053 - DEBUG -     Details: Sauces pour Poutine (min:1, max:1, free:0, order:4)
2025-12-28 13:28:00,369 - DEBUG -     Linked: Club sandwich version Poutine -> Divers Section Upgrade to Poutine-Gravy-Salad
2025-12-28 13:28:00,544 - DEBUG -     Details: Changez vos Poutine (min:0, max:1, free:0, order:5)
2025-12-28 13:28:00,544 - INFO -     -> 2 links, 2 details
2025-12-28 13:28:00,545 - INFO -   [24/104] Club Sub (V3: 153393, source_id: 100713)
2025-12-28 13:28:02,422 - DEBUG -   No active modifier groups for dish Club Sub
2025-12-28 13:28:02,422 - INFO -     -> 0 links, 0 details
2025-12-28 13:28:02,422 - INFO -   [25/104] Cornichons épicés (V3: 153403, source_id: 125018)
2025-12-28 13:28:04,315 - DEBUG -   No active modifier groups for dish Cornichons épicés
2025-12-28 13:28:04,315 - INFO -     -> 0 links, 0 details
2025-12-28 13:28:04,315 - INFO -   [26/104] Cornichons Panés (V3: 153411, source_id: 100730)
2025-12-28 13:28:06,169 - DEBUG -   Found active group: Doigts de poulet and amuse gueule Sauces (V1 ID: 9573, Category: sa)
2025-12-28 13:28:06,180 - INFO -   Cornichons Panés: 1 active modifier groups
2025-12-28 13:28:06,451 - DEBUG -     Linked: Cornichons Panés -> Doigts de poulet and amuse gueule Sauces
2025-12-28 13:28:06,611 - DEBUG -     Details: Sauces (min:0, max:1, free:0, order:4)
2025-12-28 13:28:06,611 - INFO -     -> 1 links, 1 details
2025-12-28 13:28:06,612 - INFO -   [27/104] Dole Jus (V3: 153425, source_id: 100742)
2025-12-28 13:28:08,606 - DEBUG -   No active modifier groups for dish Dole Jus
2025-12-28 13:28:08,606 - INFO -     -> 0 links, 0 details
2025-12-28 13:28:08,606 - INFO -   [28/104] Donair Boeuf (V3: 153370, source_id: 100692)
2025-12-28 13:28:10,502 - DEBUG -   No active modifier groups for dish Donair Boeuf
2025-12-28 13:28:10,502 - INFO -     -> 0 links, 0 details
2025-12-28 13:28:10,502 - INFO -   [29/104] Donair Poulet (V3: 153371, source_id: 100693)
2025-12-28 13:28:12,382 - DEBUG -   No active modifier groups for dish Donair Poulet
2025-12-28 13:28:12,382 - INFO -     -> 0 links, 0 details
2025-12-28 13:28:12,382 - INFO -   Progress: 30/104 dishes
2025-12-28 13:28:12,382 - INFO -   [30/104] Eau (V3: 153422, source_id: 100739)
2025-12-28 13:28:14,387 - DEBUG -   No active modifier groups for dish Eau
2025-12-28 13:28:14,387 - INFO -     -> 0 links, 0 details
2025-12-28 13:28:14,387 - INFO -   [31/104] Fish n’ Chips (V3: 153383, source_id: 100703)
2025-12-28 13:28:16,260 - DEBUG -   Found active group: Divers Section Upgrade to Poutine-Gravy-Salad (V1 ID: 9654, Category: sd)
2025-12-28 13:28:16,268 - INFO -   Fish n’ Chips: 1 active modifier groups
2025-12-28 13:28:16,542 - DEBUG -     Linked: Fish n’ Chips -> Divers Section Upgrade to Poutine-Gravy-Salad
2025-12-28 13:28:16,709 - DEBUG -     Details: Changez vos frites (min:0, max:1, free:0, order:5)
2025-12-28 13:28:16,710 - INFO -     -> 1 links, 1 details
2025-12-28 13:28:16,710 - INFO -   [32/104] Frites (V3: 153343, source_id: 100666)
2025-12-28 13:28:18,566 - DEBUG -   Found active group: Gravy for Fries Section (V1 ID: 9562, Category: sa)
2025-12-28 13:28:18,575 - INFO -   Frites: 1 active modifier groups
2025-12-28 13:28:18,851 - DEBUG -     Linked: Frites -> Gravy for Fries Section
2025-12-28 13:28:19,013 - DEBUG -     Details: Sauces (min:0, max:1, free:0, order:4)
2025-12-28 13:28:19,013 - INFO -     -> 1 links, 1 details
2025-12-28 13:28:19,014 - INFO -   [33/104] Frites au Poisson Alaska (V3: 153342, source_id: 111539)
2025-12-28 13:28:20,881 - DEBUG -   No active modifier groups for dish Frites au Poisson Alaska
2025-12-28 13:28:20,881 - INFO -     -> 0 links, 0 details
2025-12-28 13:28:20,882 - INFO -   [34/104] Frites Patates Douces (V3: 153344, source_id: 100667)
2025-12-28 13:28:22,767 - DEBUG -   Found active group: Gravy for Fries Section (V1 ID: 9562, Category: sa)
2025-12-28 13:28:22,776 - INFO -   Frites Patates Douces: 1 active modifier groups
2025-12-28 13:28:23,047 - DEBUG -     Linked: Frites Patates Douces -> Gravy for Fries Section
2025-12-28 13:28:23,228 - DEBUG -     Details: Sauces (min:0, max:1, free:0, order:4)
2025-12-28 13:28:23,228 - INFO -     -> 1 links, 1 details
2025-12-28 13:28:23,228 - INFO -   [35/104] Frites Patates Épicée (V3: 153345, source_id: 111218)
2025-12-28 13:28:25,102 - DEBUG -   Found active group: Gravy for Fries Section (V1 ID: 9562, Category: sa)
2025-12-28 13:28:25,110 - INFO -   Frites Patates Épicée: 1 active modifier groups
2025-12-28 13:28:25,398 - DEBUG -     Linked: Frites Patates Épicée -> Gravy for Fries Section
2025-12-28 13:28:25,556 - DEBUG -     Details: Sauces (min:0, max:1, free:0, order:4)
2025-12-28 13:28:25,556 - INFO -     -> 1 links, 1 details
2025-12-28 13:28:25,557 - INFO -   [36/104] Gatorade (V3: 153423, source_id: 100740)
2025-12-28 13:28:27,419 - DEBUG -   No active modifier groups for dish Gatorade
2025-12-28 13:28:27,419 - INFO -     -> 0 links, 0 details
2025-12-28 13:28:27,419 - INFO -   [37/104] Grilled Cheese (V3: 153367, source_id: 100689)
2025-12-28 13:28:29,281 - DEBUG -   No active modifier groups for dish Grilled Cheese
2025-12-28 13:28:29,282 - INFO -     -> 0 links, 0 details
2025-12-28 13:28:29,282 - INFO -   [38/104] Hamburger Chaud (V3: 153377, source_id: 100698)
2025-12-28 13:28:31,160 - DEBUG -   Found active group: Divers Section Upgrade to Poutine-Gravy-Salad (V1 ID: 9654, Category: sd)
2025-12-28 13:28:31,167 - INFO -   Hamburger Chaud: 1 active modifier groups
2025-12-28 13:28:31,448 - DEBUG -     Linked: Hamburger Chaud -> Divers Section Upgrade to Poutine-Gravy-Salad
2025-12-28 13:28:31,608 - DEBUG -     Details: Changez vos frites (min:0, max:1, free:0, order:5)
2025-12-28 13:28:31,609 - INFO -     -> 1 links, 1 details
2025-12-28 13:28:31,609 - INFO -   [39/104] Hamburger Garni (V3: 153358, source_id: 100680)
2025-12-28 13:28:33,480 - DEBUG -   Found active group: Burgers ingredients (free) (V1 ID: 9548, Category: ci)
2025-12-28 13:28:33,494 - DEBUG -   Found active group: Extras for Hot Dogs & Burgers (V1 ID: 9547, Category: e)
2025-12-28 13:28:33,499 - INFO -   Hamburger Garni: 2 active modifier groups
2025-12-28 13:28:33,771 - DEBUG -     Linked: Hamburger Garni -> Burgers ingredients (free)
2025-12-28 13:28:33,935 - DEBUG -     Details: Ingrédients personnalisés (min:0, max:0, free:0, order:2)
2025-12-28 13:28:34,215 - DEBUG -     Linked: Hamburger Garni -> Extras for Hot Dogs & Burgers
2025-12-28 13:28:34,382 - DEBUG -     Details: Extras (min:0, max:0, free:0, order:7)
2025-12-28 13:28:34,382 - INFO -     -> 2 links, 2 details
2025-12-28 13:28:34,382 - INFO -   Progress: 40/104 dishes
2025-12-28 13:28:34,383 - INFO -   [40/104] Hamburger Garni avec Fromage (V3: 153359, source_id: 100681)
2025-12-28 13:28:36,237 - DEBUG -   Found active group: Burgers ingredients (free) (V1 ID: 9548, Category: ci)
2025-12-28 13:28:36,247 - INFO -   Hamburger Garni avec Fromage: 1 active modifier groups
2025-12-28 13:28:36,511 - DEBUG -     Linked: Hamburger Garni avec Fromage -> Burgers ingredients (free)
2025-12-28 13:28:36,682 - DEBUG -     Details: Ingrédients personnalisés (min:0, max:0, free:0, order:2)
2025-12-28 13:28:36,683 - INFO -     -> 1 links, 1 details
2025-12-28 13:28:36,683 - INFO -   [41/104] Hamburger Garni avec Fromage et Bacon (V3: 153360, source_id: 100682)
2025-12-28 13:28:38,548 - DEBUG -   No active modifier groups for dish Hamburger Garni avec Fromage et Bacon
2025-12-28 13:28:38,548 - INFO -     -> 0 links, 0 details
2025-12-28 13:28:38,548 - INFO -   [42/104] Hamburger Lou-Lou Spécial (V3: 153361, source_id: 100683)
2025-12-28 13:28:40,435 - DEBUG -   Found active group: Burgers ingredients (free) (V1 ID: 9548, Category: ci)
2025-12-28 13:28:40,445 - INFO -   Hamburger Lou-Lou Spécial: 1 active modifier groups
2025-12-28 13:28:40,719 - DEBUG -     Linked: Hamburger Lou-Lou Spécial -> Burgers ingredients (free)
2025-12-28 13:28:40,879 - DEBUG -     Details: Ingrédients personnalisés (min:0, max:0, free:0, order:2)
2025-12-28 13:28:40,879 - INFO -     -> 1 links, 1 details
2025-12-28 13:28:40,880 - INFO -   [43/104] Hamburger Steak (V3: 153375, source_id: 100696)
2025-12-28 13:28:42,763 - DEBUG -   Found active group: Divers Section Upgrade to Poutine-Gravy-Salad (V1 ID: 9654, Category: sd)
2025-12-28 13:28:42,771 - INFO -   Hamburger Steak: 1 active modifier groups
2025-12-28 13:28:43,046 - DEBUG -     Linked: Hamburger Steak -> Divers Section Upgrade to Poutine-Gravy-Salad
2025-12-28 13:28:43,219 - DEBUG -     Details: Changez vos frites (min:0, max:1, free:0, order:5)
2025-12-28 13:28:43,219 - INFO -     -> 1 links, 1 details
2025-12-28 13:28:43,219 - INFO -   [44/104] Hamburger Steak du Chef (V3: 153376, source_id: 100697)
2025-12-28 13:28:45,093 - DEBUG -   Found active group: Divers Section Upgrade to Poutine-Gravy-Salad (V1 ID: 9654, Category: sd)
2025-12-28 13:28:45,101 - INFO -   Hamburger Steak du Chef: 1 active modifier groups
2025-12-28 13:28:45,394 - DEBUG -     Linked: Hamburger Steak du Chef -> Divers Section Upgrade to Poutine-Gravy-Salad
2025-12-28 13:28:45,576 - DEBUG -     Details: Changez vos frites (min:0, max:1, free:0, order:5)
2025-12-28 13:28:45,576 - INFO -     -> 1 links, 1 details
2025-12-28 13:28:45,576 - INFO -   [45/104] Hot Dog Garni avec Bacon et Fromage (V3: 153351, source_id: 100673)
2025-12-28 13:28:47,453 - DEBUG -   Found active group: Hot Dog Ingredients (V1 ID: 9546, Category: ci)
2025-12-28 13:28:47,464 - INFO -   Hot Dog Garni avec Bacon et Fromage: 1 active modifier groups
2025-12-28 13:28:47,726 - DEBUG -     Linked: Hot Dog Garni avec Bacon et Fromage -> Hot Dog Ingredients
2025-12-28 13:28:47,895 - DEBUG -     Details: Ingrédients personnalisés (min:0, max:0, free:0, order:2)
2025-12-28 13:28:47,895 - INFO -     -> 1 links, 1 details
2025-12-28 13:28:47,896 - INFO -   [46/104] Hot Dog Garni avec Bacon, Fromage et Chou (V3: 153352, source_id: 100674)
2025-12-28 13:28:49,763 - DEBUG -   Found active group: Hot Dog Ingredients (V1 ID: 9546, Category: ci)
2025-12-28 13:28:49,774 - INFO -   Hot Dog Garni avec Bacon, Fromage et Chou: 1 active modifier groups
2025-12-28 13:28:50,059 - DEBUG -     Linked: Hot Dog Garni avec Bacon, Fromage et Chou -> Hot Dog Ingredients
2025-12-28 13:28:50,229 - DEBUG -     Details: Ingrédients personnalisés (min:0, max:0, free:0, order:2)
2025-12-28 13:28:50,229 - INFO -     -> 1 links, 1 details
2025-12-28 13:28:50,229 - INFO -   [47/104] Hot Dog Garni avec Chou (V3: 153350, source_id: 100672)
2025-12-28 13:28:52,127 - DEBUG -   Found active group: Hot Dog Ingredients (V1 ID: 9546, Category: ci)
2025-12-28 13:28:52,142 - DEBUG -   Found active group: Extras for Hot Dogs & Burgers (V1 ID: 9547, Category: e)
2025-12-28 13:28:52,146 - INFO -   Hot Dog Garni avec Chou: 2 active modifier groups
2025-12-28 13:28:52,432 - DEBUG -     Linked: Hot Dog Garni avec Chou -> Hot Dog Ingredients
2025-12-28 13:28:52,596 - DEBUG -     Details: Ingrédients personnalisés (min:0, max:0, free:0, order:2)
2025-12-28 13:28:52,879 - DEBUG -     Linked: Hot Dog Garni avec Chou -> Extras for Hot Dogs & Burgers
2025-12-28 13:28:53,040 - DEBUG -     Details: Extras (min:0, max:0, free:0, order:7)
2025-12-28 13:28:53,040 - INFO -     -> 2 links, 2 details
2025-12-28 13:28:53,041 - INFO -   [48/104] Hot Dog Régulier (V3: 153349, source_id: 100671)
2025-12-28 13:28:54,896 - DEBUG -   Found active group: Hot Dog Ingredients (V1 ID: 9546, Category: ci)
2025-12-28 13:28:54,910 - DEBUG -   Found active group: Extras for Hot Dogs & Burgers (V1 ID: 9547, Category: e)
2025-12-28 13:28:54,914 - INFO -   Hot Dog Régulier: 2 active modifier groups
2025-12-28 13:28:55,190 - DEBUG -     Linked: Hot Dog Régulier -> Hot Dog Ingredients
2025-12-28 13:28:55,354 - DEBUG -     Details: Ingrédients personnalisés (min:0, max:0, free:0, order:2)
2025-12-28 13:28:55,640 - DEBUG -     Linked: Hot Dog Régulier -> Extras for Hot Dogs & Burgers
2025-12-28 13:28:55,802 - DEBUG -     Details: Extras (min:0, max:0, free:0, order:7)
2025-12-28 13:28:55,802 - INFO -     -> 2 links, 2 details
2025-12-28 13:28:55,802 - INFO -   [49/104] Jalapeño Poppers (4) (V3: 153409, source_id: 100728)
2025-12-28 13:28:57,675 - DEBUG -   Found active group: Doigts de poulet and amuse gueule Sauces (V1 ID: 9573, Category: sa)
2025-12-28 13:28:57,684 - INFO -   Jalapeño Poppers (4): 1 active modifier groups
2025-12-28 13:28:57,954 - DEBUG -     Linked: Jalapeño Poppers (4) -> Doigts de poulet and amuse gueule Sauces
2025-12-28 13:28:58,114 - DEBUG -     Details: Sauces (min:0, max:1, free:0, order:4)
2025-12-28 13:28:58,115 - INFO -     -> 1 links, 1 details
2025-12-28 13:28:58,115 - INFO -   Progress: 50/104 dishes
2025-12-28 13:28:58,116 - INFO -   [50/104] La Boîte (V3: 153341, source_id: 100665)
2025-12-28 13:29:00,026 - DEBUG -   No active modifier groups for dish La Boîte
2025-12-28 13:29:00,026 - INFO -     -> 0 links, 0 details
2025-12-28 13:29:00,026 - INFO -   [51/104] La boite d’amuse-gueules (V3: 153414, source_id: 100734)
2025-12-28 13:29:01,920 - DEBUG -   Found active group: Doigts de poulet and amuse gueule Sauces (V1 ID: 9573, Category: sa)
2025-12-28 13:29:01,930 - INFO -   La boite d’amuse-gueules: 1 active modifier groups
2025-12-28 13:29:02,199 - DEBUG -     Linked: La boite d’amuse-gueules -> Doigts de poulet and amuse gueule Sauces
2025-12-28 13:29:02,356 - DEBUG -     Details: Sauces (min:0, max:2, free:0, order:4)
2025-12-28 13:29:02,356 - INFO -     -> 1 links, 1 details
2025-12-28 13:29:02,357 - INFO -   [52/104] Lait au chocolat (V3: 153426, source_id: 100744)
2025-12-28 13:29:04,226 - DEBUG -   No active modifier groups for dish Lait au chocolat
2025-12-28 13:29:04,226 - INFO -     -> 0 links, 0 details
2025-12-28 13:29:04,226 - INFO -   [53/104] Le Bucheron (V3: 153357, source_id: 100679)
2025-12-28 13:29:06,110 - DEBUG -   Found active group: Burgers ingredients (free) (V1 ID: 9548, Category: ci)
2025-12-28 13:29:06,122 - INFO -   Le Bucheron: 1 active modifier groups
2025-12-28 13:29:06,387 - DEBUG -     Linked: Le Bucheron -> Burgers ingredients (free)
2025-12-28 13:29:06,549 - DEBUG -     Details: Ingrédients personnalisés (min:0, max:0, free:0, order:2)
2025-12-28 13:29:06,549 - INFO -     -> 1 links, 1 details
2025-12-28 13:29:06,550 - INFO -   [54/104] Le César (V3: 153387, source_id: 100707)
2025-12-28 13:29:08,456 - DEBUG -   No active modifier groups for dish Le César
2025-12-28 13:29:08,456 - INFO -     -> 0 links, 0 details
2025-12-28 13:29:08,456 - INFO -   [55/104] Le Club (V3: 153386, source_id: 100706)
2025-12-28 13:29:10,315 - DEBUG -   No active modifier groups for dish Le Club
2025-12-28 13:29:10,315 - INFO -     -> 0 links, 0 details
2025-12-28 13:29:10,315 - INFO -   [56/104] Le Pizza (V3: 153355, source_id: 100677)
2025-12-28 13:29:12,184 - DEBUG -   Found active group: Burgers ingredients (free) (V1 ID: 9548, Category: ci)
2025-12-28 13:29:12,195 - INFO -   Le Pizza: 1 active modifier groups
2025-12-28 13:29:12,477 - DEBUG -     Linked: Le Pizza -> Burgers ingredients (free)
2025-12-28 13:29:12,640 - DEBUG -     Details: Ingrédients personnalisés (min:0, max:0, free:0, order:2)
2025-12-28 13:29:12,640 - INFO -     -> 1 links, 1 details
2025-12-28 13:29:12,641 - INFO -   [57/104] Le Texas (V3: 153356, source_id: 100678)
2025-12-28 13:29:14,524 - DEBUG -   Found active group: Burgers ingredients (free) (V1 ID: 9548, Category: ci)
2025-12-28 13:29:14,535 - INFO -   Le Texas: 1 active modifier groups
2025-12-28 13:29:14,811 - DEBUG -     Linked: Le Texas -> Burgers ingredients (free)
2025-12-28 13:29:14,978 - DEBUG -     Details: Ingrédients personnalisés (min:0, max:0, free:0, order:2)
2025-12-28 13:29:14,978 - INFO -     -> 1 links, 1 details
2025-12-28 13:29:14,978 - INFO -   [58/104] Le Volcano (V3: 153354, source_id: 100676)
2025-12-28 13:29:16,834 - DEBUG -   Found active group: Burgers ingredients (free) (V1 ID: 9548, Category: ci)
2025-12-28 13:29:16,845 - INFO -   Le Volcano: 1 active modifier groups
2025-12-28 13:29:17,137 - DEBUG -     Linked: Le Volcano -> Burgers ingredients (free)
2025-12-28 13:29:17,303 - DEBUG -     Details: Ingrédients personnalisés (min:0, max:0, free:0, order:2)
2025-12-28 13:29:17,303 - INFO -     -> 1 links, 1 details
2025-12-28 13:29:17,303 - INFO -   [59/104] Le Volcano (V3: 153388, source_id: 100708)
2025-12-28 13:29:19,189 - DEBUG -   No active modifier groups for dish Le Volcano
2025-12-28 13:29:19,189 - INFO -     -> 0 links, 0 details
2025-12-28 13:29:19,189 - INFO -   Progress: 60/104 dishes
2025-12-28 13:29:19,189 - INFO -   [60/104] Les Repas (V3: 153340, source_id: 100664)
2025-12-28 13:29:21,052 - DEBUG -   Found active group: Sauces options (V1 ID: 9540, Category: sa)
2025-12-28 13:29:21,061 - INFO -   Les Repas: 1 active modifier groups
2025-12-28 13:29:21,346 - DEBUG -     Linked: Les Repas -> Sauces options
2025-12-28 13:29:21,511 - DEBUG -     Details: Sauces (min:1, max:1, free:0, order:4)
2025-12-28 13:29:21,511 - INFO -     -> 1 links, 1 details
2025-12-28 13:29:21,512 - INFO -   [61/104] No1. 2 Hot Dog, Petite Frite + Breuvage (V3: 154311, source_id: 100762)
2025-12-28 13:29:23,401 - DEBUG -   Found active group: Drinks 591ml (V1 ID: 9555, Category: d)
2025-12-28 13:29:23,407 - INFO -   No1. 2 Hot Dog, Petite Frite + Breuvage: 1 active modifier groups
2025-12-28 13:29:23,689 - DEBUG -     Linked: No1. 2 Hot Dog, Petite Frite + Breuvage -> Drinks 591ml
2025-12-28 13:29:23,847 - DEBUG -     Details: Boissons (min:1, max:1, free:0, order:6)
2025-12-28 13:29:23,847 - INFO -     -> 1 links, 1 details
2025-12-28 13:29:23,848 - INFO -   [62/104] No10. Burger au Poulet, Mini Poutine + Breuvage (V3: 153334, source_id: 100759)
2025-12-28 13:29:25,745 - DEBUG -   Found active group: Burgers ingredients (free) (V1 ID: 9548, Category: ci)
2025-12-28 13:29:25,757 - DEBUG -   Found active group: Extra Cheese & Meat (use on specials) (V1 ID: 9558, Category: sd)
2025-12-28 13:29:25,766 - DEBUG -   Found active group: Drinks 591ml (V1 ID: 9555, Category: d)
2025-12-28 13:29:25,775 - DEBUG -   Found active group: Extra Cheese for Poutines (V1 ID: 9541, Category: e)
2025-12-28 13:29:25,786 - DEBUG -   Found active group: Poutine sauces for #6,#7,#8,#10,#11 (V1 ID: 9628, Category: dr)
2025-12-28 13:29:25,788 - INFO -   No10. Burger au Poulet, Mini Poutine + Breuvage: 5 active modifier groups
2025-12-28 13:29:26,058 - DEBUG -     Linked: No10. Burger au Poulet, Mini Poutine + Breuvage -> Burgers ingredients (free)
2025-12-28 13:29:26,219 - DEBUG -     Details: Burger Ingrédients personnalisés (min:0, max:0, free:0, order:2)
2025-12-28 13:29:26,495 - DEBUG -     Linked: No10. Burger au Poulet, Mini Poutine + Breuvage -> Extra Cheese & Meat (use on specials)
2025-12-28 13:29:26,664 - DEBUG -     Details: Burger Extras (min:0, max:0, free:0, order:3)
2025-12-28 13:29:26,950 - DEBUG -     Linked: No10. Burger au Poulet, Mini Poutine + Breuvage -> Drinks 591ml
2025-12-28 13:29:27,126 - DEBUG -     Details: Boissons (min:1, max:1, free:0, order:6)
2025-12-28 13:29:27,453 - DEBUG -     Linked: No10. Burger au Poulet, Mini Poutine + Breuvage -> Extra Cheese for Poutines
2025-12-28 13:29:27,620 - DEBUG -     Details: Poutine Extras (min:0, max:1, free:0, order:5)
2025-12-28 13:29:27,906 - DEBUG -     Linked: No10. Burger au Poulet, Mini Poutine + Breuvage -> Poutine sauces for #6,#7,#8,#10,#11
2025-12-28 13:29:28,059 - DEBUG -     Details: Poutine Sauce (min:1, max:1, free:0, order:4)
2025-12-28 13:29:28,059 - INFO -     -> 5 links, 5 details
2025-12-28 13:29:28,060 - INFO -   [63/104] No11. 3 Doigts de Poulet, Mini Poutine + Breuvage (V3: 153335, source_id: 100760)
2025-12-28 13:29:29,932 - DEBUG -   Found active group: Doigts de poulet and amuse gueule Sauces (V1 ID: 9573, Category: sa)
2025-12-28 13:29:29,943 - DEBUG -   Found active group: Drinks 591ml (V1 ID: 9555, Category: d)
2025-12-28 13:29:29,952 - DEBUG -   Found active group: Extra Cheese for Poutines (V1 ID: 9541, Category: e)
2025-12-28 13:29:29,964 - DEBUG -   Found active group: Poutine sauces for #6,#7,#8,#10,#11 (V1 ID: 9628, Category: dr)
2025-12-28 13:29:29,966 - INFO -   No11. 3 Doigts de Poulet, Mini Poutine + Breuvage: 4 active modifier groups
2025-12-28 13:29:30,274 - DEBUG -     Linked: No11. 3 Doigts de Poulet, Mini Poutine + Breuvage -> Doigts de poulet and amuse gueule Sauces
2025-12-28 13:29:30,431 - DEBUG -     Details: Doigts de Poulet Sauce (min:0, max:1, free:0, order:4)
2025-12-28 13:29:30,722 - DEBUG -     Linked: No11. 3 Doigts de Poulet, Mini Poutine + Breuvage -> Drinks 591ml
2025-12-28 13:29:30,879 - DEBUG -     Details: Boissons (min:1, max:1, free:0, order:7)
2025-12-28 13:29:31,155 - DEBUG -     Linked: No11. 3 Doigts de Poulet, Mini Poutine + Breuvage -> Extra Cheese for Poutines
2025-12-28 13:29:31,315 - DEBUG -     Details: Poutine Extras (min:0, max:1, free:0, order:6)
2025-12-28 13:29:31,616 - DEBUG -     Linked: No11. 3 Doigts de Poulet, Mini Poutine + Breuvage -> Poutine sauces for #6,#7,#8,#10,#11
2025-12-28 13:29:31,773 - DEBUG -     Details: Poutine Sauce (min:1, max:1, free:0, order:5)
2025-12-28 13:29:31,773 - INFO -     -> 4 links, 4 details
2025-12-28 13:29:31,774 - INFO -   [64/104] No12. Burger au Poulet, Mini Frite + Breuvage (V3: 153336, source_id: 100761)
2025-12-28 13:29:33,643 - DEBUG -   Found active group: Burgers ingredients (free) (V1 ID: 9548, Category: ci)
2025-12-28 13:29:33,654 - DEBUG -   Found active group: Upgrade to Poutine and Gravy for Fries from Special (V1 ID: 9560, Category: sd)
2025-12-28 13:29:33,663 - DEBUG -   Found active group: Drinks 591ml (V1 ID: 9555, Category: d)
2025-12-28 13:29:33,673 - DEBUG -   Found active group: Extras for Hot Dogs & Burgers (V1 ID: 9547, Category: e)
2025-12-28 13:29:33,677 - INFO -   No12. Burger au Poulet, Mini Frite + Breuvage: 4 active modifier groups
2025-12-28 13:29:33,957 - DEBUG -     Linked: No12. Burger au Poulet, Mini Frite + Breuvage -> Burgers ingredients (free)
2025-12-28 13:29:34,115 - DEBUG -     Details: Burger Ingrédients personnalisés (min:0, max:0, free:0, order:2)
2025-12-28 13:29:34,392 - DEBUG -     Linked: No12. Burger au Poulet, Mini Frite + Breuvage -> Upgrade to Poutine and Gravy for Fries from Special
2025-12-28 13:29:34,551 - DEBUG -     Details: Améliorez vos frites (min:0, max:1, free:0, order:5)
2025-12-28 13:29:34,822 - DEBUG -     Linked: No12. Burger au Poulet, Mini Frite + Breuvage -> Drinks 591ml
2025-12-28 13:29:34,984 - DEBUG -     Details: Boissons (min:1, max:1, free:0, order:6)
2025-12-28 13:29:35,266 - DEBUG -     Linked: No12. Burger au Poulet, Mini Frite + Breuvage -> Extras for Hot Dogs & Burgers
2025-12-28 13:29:35,448 - DEBUG -     Details: Burger Extras (min:0, max:0, free:0, order:3)
2025-12-28 13:29:35,448 - INFO -     -> 4 links, 4 details
2025-12-28 13:29:35,448 - INFO -   [65/104] No14. 1 Hot Dog, Mini Frite + Jus + Biscuit (V3: 153337, source_id: 100746)
2025-12-28 13:29:37,325 - DEBUG -   Found active group: Hot Dog Ingredients (V1 ID: 9546, Category: ci)
2025-12-28 13:29:37,336 - DEBUG -   Found active group: Upgrade to Poutine and Gravy for Fries from Special (V1 ID: 9560, Category: sd)
2025-12-28 13:29:37,345 - DEBUG -   Found active group: Drinks for Kids Meals (V1 ID: 9554, Category: d)
2025-12-28 13:29:37,369 - DEBUG -   Found active group: Biscuits (from EXTRAS) (V1 ID: 9561, Category: e)
2025-12-28 13:29:37,376 - INFO -   No14. 1 Hot Dog, Mini Frite + Jus + Biscuit: 4 active modifier groups
2025-12-28 13:29:37,652 - DEBUG -     Linked: No14. 1 Hot Dog, Mini Frite + Jus + Biscuit -> Hot Dog Ingredients
2025-12-28 13:29:37,810 - DEBUG -     Details: Hot Dog Ingrédients personnalisés (min:0, max:0, free:0, order:2)
2025-12-28 13:29:38,094 - DEBUG -     Linked: No14. 1 Hot Dog, Mini Frite + Jus + Biscuit -> Upgrade to Poutine and Gravy for Fries from Special
2025-12-28 13:29:38,264 - DEBUG -     Details: Améliorez vos frites (min:0, max:1, free:0, order:3)
2025-12-28 13:29:38,569 - DEBUG -     Linked: No14. 1 Hot Dog, Mini Frite + Jus + Biscuit -> Drinks for Kids Meals
2025-12-28 13:29:38,735 - DEBUG -     Details: Jus (min:1, max:1, free:0, order:6)
2025-12-28 13:29:39,034 - DEBUG -     Linked: No14. 1 Hot Dog, Mini Frite + Jus + Biscuit -> Biscuits (from EXTRAS)
2025-12-28 13:29:39,192 - DEBUG -     Details: Biscuit (min:1, max:1, free:0, order:5)
2025-12-28 13:29:39,192 - INFO -     -> 4 links, 4 details
2025-12-28 13:29:39,192 - INFO -   [66/104] No15. 2 Mini Pogo, Mini Frite + Jus + Biscuit (V3: 154313, source_id: 100764)
2025-12-28 13:29:41,073 - DEBUG -   Found active group: Drinks for Kids Meals (V1 ID: 9554, Category: d)
2025-12-28 13:29:41,079 - INFO -   No15. 2 Mini Pogo, Mini Frite + Jus + Biscuit: 1 active modifier groups
2025-12-28 13:29:41,344 - DEBUG -     Linked: No15. 2 Mini Pogo, Mini Frite + Jus + Biscuit -> Drinks for Kids Meals
2025-12-28 13:29:41,500 - DEBUG -     Details: Jus (min:1, max:1, free:0, order:6)
2025-12-28 13:29:41,500 - INFO -     -> 1 links, 1 details
2025-12-28 13:29:41,501 - INFO -   [67/104] No16. Croquette Poulet, Mini Frite + Jus + Biscuit (V3: 153338, source_id: 100748)
2025-12-28 13:29:43,363 - DEBUG -   Found active group: Upgrade to Poutine and Gravy for Fries from Special (V1 ID: 9560, Category: sd)
2025-12-28 13:29:43,374 - DEBUG -   Found active group: Drinks for Kids Meals (V1 ID: 9554, Category: d)
2025-12-28 13:29:43,383 - DEBUG -   Found active group: Biscuits (from EXTRAS) (V1 ID: 9561, Category: e)
2025-12-28 13:29:43,388 - INFO -   No16. Croquette Poulet, Mini Frite + Jus + Biscuit: 3 active modifier groups
2025-12-28 13:29:43,657 - DEBUG -     Linked: No16. Croquette Poulet, Mini Frite + Jus + Biscuit -> Upgrade to Poutine and Gravy for Fries from Special
2025-12-28 13:29:43,819 - DEBUG -     Details: Améliorez vos frites (min:0, max:1, free:0, order:3)
2025-12-28 13:29:44,118 - DEBUG -     Linked: No16. Croquette Poulet, Mini Frite + Jus + Biscuit -> Drinks for Kids Meals
2025-12-28 13:29:44,282 - DEBUG -     Details: Jus (min:1, max:1, free:0, order:6)
2025-12-28 13:29:44,577 - DEBUG -     Linked: No16. Croquette Poulet, Mini Frite + Jus + Biscuit -> Biscuits (from EXTRAS)
2025-12-28 13:29:44,747 - DEBUG -     Details: Biscuit (min:1, max:1, free:0, order:5)
2025-12-28 13:29:44,747 - INFO -     -> 3 links, 3 details
2025-12-28 13:29:44,748 - INFO -   [68/104] No17. Poulet Popcorn, Petite Frite + Jus + Biscuit (V3: 153339, source_id: 100749)
2025-12-28 13:29:46,607 - DEBUG -   Found active group: Upgrade to Poutine and Gravy for Fries from Special (V1 ID: 9560, Category: sd)
2025-12-28 13:29:46,617 - DEBUG -   Found active group: Drinks for Kids Meals (V1 ID: 9554, Category: d)
2025-12-28 13:29:46,626 - DEBUG -   Found active group: Biscuits (from EXTRAS) (V1 ID: 9561, Category: e)
2025-12-28 13:29:46,630 - INFO -   No17. Poulet Popcorn, Petite Frite + Jus + Biscuit: 3 active modifier groups
2025-12-28 13:29:46,912 - DEBUG -     Linked: No17. Poulet Popcorn, Petite Frite + Jus + Biscuit -> Upgrade to Poutine and Gravy for Fries from Special
2025-12-28 13:29:47,082 - DEBUG -     Details: Améliorez vos frites (min:0, max:1, free:0, order:2)
2025-12-28 13:29:47,361 - DEBUG -     Linked: No17. Poulet Popcorn, Petite Frite + Jus + Biscuit -> Drinks for Kids Meals
2025-12-28 13:29:47,519 - DEBUG -     Details: Jus (min:1, max:1, free:0, order:6)
2025-12-28 13:29:47,810 - DEBUG -     Linked: No17. Poulet Popcorn, Petite Frite + Jus + Biscuit -> Biscuits (from EXTRAS)
2025-12-28 13:29:48,010 - DEBUG -     Details: Biscuit (min:1, max:1, free:0, order:3)
2025-12-28 13:29:48,011 - INFO -     -> 3 links, 3 details
2025-12-28 13:29:48,011 - INFO -   [69/104] No2. 2 Pogo, Petite Frite + Breuvage (V3: 154312, source_id: 100763)
2025-12-28 13:29:49,865 - DEBUG -   Found active group: Drinks 591ml (V1 ID: 9555, Category: d)
2025-12-28 13:29:49,871 - INFO -   No2. 2 Pogo, Petite Frite + Breuvage: 1 active modifier groups
2025-12-28 13:29:50,154 - DEBUG -     Linked: No2. 2 Pogo, Petite Frite + Breuvage -> Drinks 591ml
2025-12-28 13:29:50,325 - DEBUG -     Details: Boissons (min:1, max:1, free:0, order:6)
2025-12-28 13:29:50,325 - INFO -     -> 1 links, 1 details
2025-12-28 13:29:50,325 - INFO -   Progress: 70/104 dishes
2025-12-28 13:29:50,326 - INFO -   [70/104] No3. Hamburger, Petite Frite + Breuvage (V3: 153327, source_id: 100752)
2025-12-28 13:29:52,225 - DEBUG -   Found active group: Burgers ingredients (free) (V1 ID: 9548, Category: ci)
2025-12-28 13:29:52,236 - DEBUG -   Found active group: Upgrade to Poutine and Gravy for Fries from Special (V1 ID: 9560, Category: sd)
2025-12-28 13:29:52,245 - DEBUG -   Found active group: Drinks 591ml (V1 ID: 9555, Category: d)
2025-12-28 13:29:52,254 - DEBUG -   Found active group: Extras for Hot Dogs & Burgers (V1 ID: 9547, Category: e)
2025-12-28 13:29:52,260 - INFO -   No3. Hamburger, Petite Frite + Breuvage: 4 active modifier groups
2025-12-28 13:29:52,589 - DEBUG -     Linked: No3. Hamburger, Petite Frite + Breuvage -> Burgers ingredients (free)
2025-12-28 13:29:52,779 - DEBUG -     Details: Hamburger Ingrédients personnalisés (min:0, max:0, free:0, order:2)
2025-12-28 13:29:53,060 - DEBUG -     Linked: No3. Hamburger, Petite Frite + Breuvage -> Upgrade to Poutine and Gravy for Fries from Special
2025-12-28 13:29:53,216 - DEBUG -     Details: Améliorez vos frites (min:0, max:1, free:0, order:6)
2025-12-28 13:29:53,486 - DEBUG -     Linked: No3. Hamburger, Petite Frite + Breuvage -> Drinks 591ml
2025-12-28 13:29:53,648 - DEBUG -     Details: Boissons (min:1, max:1, free:0, order:7)
2025-12-28 13:29:53,926 - DEBUG -     Linked: No3. Hamburger, Petite Frite + Breuvage -> Extras for Hot Dogs & Burgers
2025-12-28 13:29:54,087 - DEBUG -     Details: Hamburger Extras (min:0, max:0, free:0, order:5)
2025-12-28 13:29:54,087 - INFO -     -> 4 links, 4 details
2025-12-28 13:29:54,088 - INFO -   [71/104] No4. Hot Dog, Petite Frite + Breuvage (V3: 153328, source_id: 100753)
2025-12-28 13:29:55,960 - DEBUG -   Found active group: Pogo Ingredients (V1 ID: 9557, Category: ci)
2025-12-28 13:29:55,970 - DEBUG -   Found active group: Upgrade to Poutine and Gravy for Fries from Special (V1 ID: 9560, Category: sd)
2025-12-28 13:29:55,980 - DEBUG -   Found active group: Drinks 591ml (V1 ID: 9555, Category: d)
2025-12-28 13:29:55,990 - DEBUG -   Found active group: Extras for Hot Dogs & Burgers (V1 ID: 9547, Category: e)
2025-12-28 13:29:55,994 - INFO -   No4. Hot Dog, Petite Frite + Breuvage: 4 active modifier groups
2025-12-28 13:29:56,276 - DEBUG -     Linked: No4. Hot Dog, Petite Frite + Breuvage -> Pogo Ingredients
2025-12-28 13:29:56,433 - DEBUG -     Details: Hot Dog Ingrédients personnalisés (min:0, max:0, free:0, order:2)
2025-12-28 13:29:56,712 - DEBUG -     Linked: No4. Hot Dog, Petite Frite + Breuvage -> Upgrade to Poutine and Gravy for Fries from Special
2025-12-28 13:29:56,870 - DEBUG -     Details: Améliorez vos frites (min:0, max:1, free:0, order:5)
2025-12-28 13:29:57,137 - DEBUG -     Linked: No4. Hot Dog, Petite Frite + Breuvage -> Drinks 591ml
2025-12-28 13:29:57,293 - DEBUG -     Details: Boissons (min:1, max:1, free:0, order:6)
2025-12-28 13:29:57,571 - DEBUG -     Linked: No4. Hot Dog, Petite Frite + Breuvage -> Extras for Hot Dogs & Burgers
2025-12-28 13:29:57,741 - DEBUG -     Details: Hot Dog Extras (min:0, max:0, free:0, order:3)
2025-12-28 13:29:57,741 - INFO -     -> 4 links, 4 details
2025-12-28 13:29:57,742 - INFO -   [72/104] No5. Pogo, Petite Frite + Breuvage (V3: 153329, source_id: 100754)
2025-12-28 13:29:59,771 - DEBUG -   Found active group: Pogo Ingredients (V1 ID: 9557, Category: ci)
2025-12-28 13:29:59,788 - DEBUG -   Found active group: Upgrade to Poutine and Gravy for Fries from Special (V1 ID: 9560, Category: sd)
2025-12-28 13:29:59,809 - DEBUG -   Found active group: Drinks 591ml (V1 ID: 9555, Category: d)
2025-12-28 13:29:59,822 - INFO -   No5. Pogo, Petite Frite + Breuvage: 3 active modifier groups
2025-12-28 13:30:00,358 - DEBUG -     Linked: No5. Pogo, Petite Frite + Breuvage -> Pogo Ingredients
2025-12-28 13:30:00,735 - DEBUG -     Details: Pogo Ingrédients personnalisés (min:0, max:0, free:0, order:2)
2025-12-28 13:30:01,306 - DEBUG -     Linked: No5. Pogo, Petite Frite + Breuvage -> Upgrade to Poutine and Gravy for Fries from Special
2025-12-28 13:30:01,593 - DEBUG -     Details: Améliorez vos frites (min:0, max:1, free:0, order:5)
2025-12-28 13:30:02,035 - DEBUG -     Linked: No5. Pogo, Petite Frite + Breuvage -> Drinks 591ml
2025-12-28 13:30:02,208 - DEBUG -     Details: Boissons (min:1, max:1, free:0, order:6)
2025-12-28 13:30:02,208 - INFO -     -> 3 links, 3 details
2025-12-28 13:30:02,209 - INFO -   [73/104] No6. Hot Dog, Mini Poutine + Breuvage (V3: 153330, source_id: 100755)
2025-12-28 13:30:04,085 - DEBUG -   Found active group: Hot Dog Ingredients (V1 ID: 9546, Category: ci)
2025-12-28 13:30:04,095 - DEBUG -   Found active group: Extra Cheese & Meat (use on specials) (V1 ID: 9558, Category: sd)
2025-12-28 13:30:04,105 - DEBUG -   Found active group: Drinks 591ml (V1 ID: 9555, Category: d)
2025-12-28 13:30:04,114 - DEBUG -   Found active group: Extra Cheese for Poutines (V1 ID: 9541, Category: e)
2025-12-28 13:30:04,125 - DEBUG -   Found active group: Poutine sauces for #6,#7,#8,#10,#11 (V1 ID: 9628, Category: dr)
2025-12-28 13:30:04,127 - INFO -   No6. Hot Dog, Mini Poutine + Breuvage: 5 active modifier groups
2025-12-28 13:30:04,407 - DEBUG -     Linked: No6. Hot Dog, Mini Poutine + Breuvage -> Hot Dog Ingredients
2025-12-28 13:30:04,573 - DEBUG -     Details: Hot Dog Ingrédients personnalisés (min:0, max:0, free:0, order:2)
2025-12-28 13:30:04,852 - DEBUG -     Linked: No6. Hot Dog, Mini Poutine + Breuvage -> Extra Cheese & Meat (use on specials)
2025-12-28 13:30:05,037 - DEBUG -     Details: Hot Dog Extras (min:0, max:0, free:0, order:3)
2025-12-28 13:30:05,321 - DEBUG -     Linked: No6. Hot Dog, Mini Poutine + Breuvage -> Drinks 591ml
2025-12-28 13:30:05,492 - DEBUG -     Details: Boissons (min:1, max:1, free:0, order:6)
2025-12-28 13:30:05,780 - DEBUG -     Linked: No6. Hot Dog, Mini Poutine + Breuvage -> Extra Cheese for Poutines
2025-12-28 13:30:05,935 - DEBUG -     Details: Poutine Extras (min:0, max:1, free:0, order:5)
2025-12-28 13:30:06,238 - DEBUG -     Linked: No6. Hot Dog, Mini Poutine + Breuvage -> Poutine sauces for #6,#7,#8,#10,#11
2025-12-28 13:30:06,419 - DEBUG -     Details: Poutine Sauce (min:1, max:1, free:0, order:4)
2025-12-28 13:30:06,419 - INFO -     -> 5 links, 5 details
2025-12-28 13:30:06,420 - INFO -   [74/104] No7. Hamburger, Mini Poutine + Breuvage (V3: 153331, source_id: 100756)
2025-12-28 13:30:08,311 - DEBUG -   Found active group: Burgers ingredients (free) (V1 ID: 9548, Category: ci)
2025-12-28 13:30:08,322 - DEBUG -   Found active group: Extra Cheese & Meat (use on specials) (V1 ID: 9558, Category: sd)
2025-12-28 13:30:08,332 - DEBUG -   Found active group: Drinks 591ml (V1 ID: 9555, Category: d)
2025-12-28 13:30:08,341 - DEBUG -   Found active group: Extra Cheese for Poutines (V1 ID: 9541, Category: e)
2025-12-28 13:30:08,352 - DEBUG -   Found active group: Poutine sauces for #6,#7,#8,#10,#11 (V1 ID: 9628, Category: dr)
2025-12-28 13:30:08,354 - INFO -   No7. Hamburger, Mini Poutine + Breuvage: 5 active modifier groups
2025-12-28 13:30:08,632 - DEBUG -     Linked: No7. Hamburger, Mini Poutine + Breuvage -> Burgers ingredients (free)
2025-12-28 13:30:08,829 - DEBUG -     Details: Hamburger Ingrédients personnalisés (min:0, max:0, free:0, order:2)
2025-12-28 13:30:09,128 - DEBUG -     Linked: No7. Hamburger, Mini Poutine + Breuvage -> Extra Cheese & Meat (use on specials)
2025-12-28 13:30:09,304 - DEBUG -     Details: Hamburger Extras (min:0, max:0, free:0, order:3)
2025-12-28 13:30:09,581 - DEBUG -     Linked: No7. Hamburger, Mini Poutine + Breuvage -> Drinks 591ml
2025-12-28 13:30:09,744 - DEBUG -     Details: Boissons (min:1, max:1, free:0, order:6)
2025-12-28 13:30:10,036 - DEBUG -     Linked: No7. Hamburger, Mini Poutine + Breuvage -> Extra Cheese for Poutines
2025-12-28 13:30:10,221 - DEBUG -     Details: Poutine Extras (min:0, max:1, free:0, order:5)
2025-12-28 13:30:10,503 - DEBUG -     Linked: No7. Hamburger, Mini Poutine + Breuvage -> Poutine sauces for #6,#7,#8,#10,#11
2025-12-28 13:30:10,664 - DEBUG -     Details: Poutine Sauce (min:1, max:1, free:0, order:4)
2025-12-28 13:30:10,664 - INFO -     -> 5 links, 5 details
2025-12-28 13:30:10,664 - INFO -   [75/104] No8. Pogo, Mini Poutine + Breuvage (V3: 153332, source_id: 100757)
2025-12-28 13:30:12,631 - DEBUG -   Found active group: Pogo Ingredients (V1 ID: 9557, Category: ci)
2025-12-28 13:30:12,644 - DEBUG -   Found active group: Drinks 591ml (V1 ID: 9555, Category: d)
2025-12-28 13:30:12,653 - DEBUG -   Found active group: Extra Cheese for Poutines (V1 ID: 9541, Category: e)
2025-12-28 13:30:12,664 - DEBUG -   Found active group: Poutine sauces for #6,#7,#8,#10,#11 (V1 ID: 9628, Category: dr)
2025-12-28 13:30:12,665 - INFO -   No8. Pogo, Mini Poutine + Breuvage: 4 active modifier groups
2025-12-28 13:30:12,939 - DEBUG -     Linked: No8. Pogo, Mini Poutine + Breuvage -> Pogo Ingredients
2025-12-28 13:30:13,096 - DEBUG -     Details: Pogo Ingrédients personnalisés (min:0, max:0, free:0, order:2)
2025-12-28 13:30:13,372 - DEBUG -     Linked: No8. Pogo, Mini Poutine + Breuvage -> Drinks 591ml
2025-12-28 13:30:13,533 - DEBUG -     Details: Boissons (min:1, max:1, free:0, order:6)
2025-12-28 13:30:13,810 - DEBUG -     Linked: No8. Pogo, Mini Poutine + Breuvage -> Extra Cheese for Poutines
2025-12-28 13:30:13,971 - DEBUG -     Details: Poutine Extras (min:0, max:1, free:0, order:4)
2025-12-28 13:30:14,247 - DEBUG -     Linked: No8. Pogo, Mini Poutine + Breuvage -> Poutine sauces for #6,#7,#8,#10,#11
2025-12-28 13:30:14,425 - DEBUG -     Details: Poutine Sauce (min:1, max:1, free:0, order:3)
2025-12-28 13:30:14,425 - INFO -     -> 4 links, 4 details
2025-12-28 13:30:14,425 - INFO -   [76/104] No9. 3 Doigts de Poulet, Mini Frite + Breuvage (V3: 153333, source_id: 100758)
2025-12-28 13:30:16,277 - DEBUG -   Found active group: Doigts de poulet and amuse gueule Sauces (V1 ID: 9573, Category: sa)
2025-12-28 13:30:16,287 - DEBUG -   Found active group: Upgrade to Poutine and Gravy for Fries from Special (V1 ID: 9560, Category: sd)
2025-12-28 13:30:16,296 - DEBUG -   Found active group: Drinks 591ml (V1 ID: 9555, Category: d)
2025-12-28 13:30:16,301 - INFO -   No9. 3 Doigts de Poulet, Mini Frite + Breuvage: 3 active modifier groups
2025-12-28 13:30:16,579 - DEBUG -     Linked: No9. 3 Doigts de Poulet, Mini Frite + Breuvage -> Doigts de poulet and amuse gueule Sauces
2025-12-28 13:30:16,740 - DEBUG -     Details: Doigts de Poulet Sauce (min:0, max:1, free:0, order:4)
2025-12-28 13:30:17,008 - DEBUG -     Linked: No9. 3 Doigts de Poulet, Mini Frite + Breuvage -> Upgrade to Poutine and Gravy for Fries from Special
2025-12-28 13:30:17,178 - DEBUG -     Details: Améliorez vos frites (min:0, max:1, free:0, order:5)
2025-12-28 13:30:17,447 - DEBUG -     Linked: No9. 3 Doigts de Poulet, Mini Frite + Breuvage -> Drinks 591ml
2025-12-28 13:30:17,616 - DEBUG -     Details: Boissons (min:1, max:1, free:0, order:6)
2025-12-28 13:30:17,617 - INFO -     -> 3 links, 3 details
2025-12-28 13:30:17,618 - INFO -   [77/104] Pepperoni Sub (V3: 153397, source_id: 100717)
2025-12-28 13:30:19,498 - DEBUG -   No active modifier groups for dish Pepperoni Sub
2025-12-28 13:30:19,498 - INFO -     -> 0 links, 0 details
2025-12-28 13:30:19,498 - INFO -   [78/104] Pizza Sub (V3: 153398, source_id: 100718)
2025-12-28 13:30:21,349 - DEBUG -   No active modifier groups for dish Pizza Sub
2025-12-28 13:30:21,349 - INFO -     -> 0 links, 0 details
2025-12-28 13:30:21,349 - INFO -   [79/104] Pogo (V3: 153353, source_id: 100675)
2025-12-28 13:30:23,230 - DEBUG -   Found active group: Pogo Ingredients (V1 ID: 9557, Category: ci)
2025-12-28 13:30:23,243 - INFO -   Pogo: 1 active modifier groups
2025-12-28 13:30:23,521 - DEBUG -     Linked: Pogo -> Pogo Ingredients
2025-12-28 13:30:23,705 - DEBUG -     Details: Ingrédients personnalisés (min:0, max:0, free:0, order:2)
2025-12-28 13:30:23,705 - INFO -     -> 1 links, 1 details
2025-12-28 13:30:23,705 - INFO -   Progress: 80/104 dishes
2025-12-28 13:30:23,705 - INFO -   [80/104] Popcurds (V3: 153404, source_id: 100723)
2025-12-28 13:30:25,572 - DEBUG -   Found active group: Doigts de poulet and amuse gueule Sauces (V1 ID: 9573, Category: sa)
2025-12-28 13:30:25,582 - INFO -   Popcurds: 1 active modifier groups
2025-12-28 13:30:25,864 - DEBUG -     Linked: Popcurds -> Doigts de poulet and amuse gueule Sauces
2025-12-28 13:30:26,033 - DEBUG -     Details: Sauces (min:0, max:1, free:0, order:4)
2025-12-28 13:30:26,033 - INFO -     -> 1 links, 1 details
2025-12-28 13:30:26,034 - INFO -   [81/104] Porc Éffiloché (V3: 153365, source_id: 100687)
2025-12-28 13:30:27,899 - DEBUG -   Found active group: Burgers ingredients (free) (V1 ID: 9548, Category: ci)
2025-12-28 13:30:27,914 - DEBUG -   Found active group: Extras for Hot Dogs & Burgers (V1 ID: 9547, Category: e)
2025-12-28 13:30:27,918 - INFO -   Porc Éffiloché: 2 active modifier groups
2025-12-28 13:30:28,182 - DEBUG -     Linked: Porc Éffiloché -> Burgers ingredients (free)
2025-12-28 13:30:28,348 - DEBUG -     Details: Ingrédients personnalisés (min:0, max:0, free:0, order:2)
2025-12-28 13:30:28,615 - DEBUG -     Linked: Porc Éffiloché -> Extras for Hot Dogs & Burgers
2025-12-28 13:30:28,776 - DEBUG -     Details: Extras (min:0, max:0, free:0, order:7)
2025-12-28 13:30:28,776 - INFO -     -> 2 links, 2 details
2025-12-28 13:30:28,777 - INFO -   [82/104] Poulet (V3: 153391, source_id: 100711)
2025-12-28 13:30:30,641 - DEBUG -   No active modifier groups for dish Poulet
2025-12-28 13:30:30,641 - INFO -     -> 0 links, 0 details
2025-12-28 13:30:30,641 - INFO -   [83/104] Poulet Chaud (V3: 153374, source_id: 100695)
2025-12-28 13:30:32,537 - DEBUG -   Found active group: Divers Section Upgrade to Poutine-Gravy-Salad (V1 ID: 9654, Category: sd)
2025-12-28 13:30:32,545 - INFO -   Poulet Chaud: 1 active modifier groups
2025-12-28 13:30:32,848 - DEBUG -     Linked: Poulet Chaud -> Divers Section Upgrade to Poutine-Gravy-Salad
2025-12-28 13:30:33,019 - DEBUG -     Details: Changez vos frites (min:0, max:1, free:0, order:5)
2025-12-28 13:30:33,019 - INFO -     -> 1 links, 1 details
2025-12-28 13:30:33,019 - INFO -   [84/104] Poulet Chipotle (V3: 153392, source_id: 100712)
2025-12-28 13:30:34,893 - DEBUG -   No active modifier groups for dish Poulet Chipotle
2025-12-28 13:30:34,893 - INFO -     -> 0 links, 0 details
2025-12-28 13:30:34,893 - INFO -   [85/104] Poulet Popcorn (V3: 153413, source_id: 100732)
2025-12-28 13:30:36,793 - DEBUG -   Found active group: Doigts de poulet and amuse gueule Sauces (V1 ID: 9573, Category: sa)
2025-12-28 13:30:36,802 - INFO -   Poulet Popcorn: 1 active modifier groups
2025-12-28 13:30:37,064 - DEBUG -     Linked: Poulet Popcorn -> Doigts de poulet and amuse gueule Sauces
2025-12-28 13:30:37,219 - DEBUG -     Details: Sauces (min:0, max:1, free:0, order:4)
2025-12-28 13:30:37,220 - INFO -     -> 1 links, 1 details
2025-12-28 13:30:37,220 - INFO -   [86/104] Poulet Sandwich (V3: 153369, source_id: 100691)
2025-12-28 13:30:39,095 - DEBUG -   No active modifier groups for dish Poulet Sandwich
2025-12-28 13:30:39,095 - INFO -     -> 0 links, 0 details
2025-12-28 13:30:39,096 - INFO -   [87/104] Poutine Originale (V3: 153347, source_id: 100669)
2025-12-28 13:30:40,957 - DEBUG -   Found active group: Sauces for Make Your Own Poutine (V1 ID: 9544, Category: sa)
2025-12-28 13:30:40,970 - DEBUG -   Found active group: Extra Cheese for Poutines (V1 ID: 9541, Category: e)
2025-12-28 13:30:40,982 - DEBUG -   Found active group: Lactose Free Cheese for Poutines (V1 ID: 9543, Category: cm)
2025-12-28 13:30:40,982 - INFO -   Poutine Originale: 3 active modifier groups
2025-12-28 13:30:41,263 - DEBUG -     Linked: Poutine Originale -> Sauces for Make Your Own Poutine
2025-12-28 13:30:41,435 - DEBUG -     Details: Sauces (min:1, max:1, free:0, order:2)
2025-12-28 13:30:41,725 - DEBUG -     Linked: Poutine Originale -> Extra Cheese for Poutines
2025-12-28 13:30:41,882 - DEBUG -     Details: Extras (min:0, max:1, free:0, order:7)
2025-12-28 13:30:42,163 - DEBUG -     Linked: Poutine Originale -> Lactose Free Cheese for Poutines
2025-12-28 13:30:42,310 - DEBUG -     Details: Sélection de Fromage (min:0, max:0, free:0, order:1)
2025-12-28 13:30:42,310 - INFO -     -> 3 links, 3 details
2025-12-28 13:30:42,311 - INFO -   [88/104] Poutines Personalisées (V3: 153348, source_id: 100670)
2025-12-28 13:30:44,168 - DEBUG -   Found active group: Extra Ingredients for Poutines (V1 ID: 9545, Category: ci)
2025-12-28 13:30:44,177 - DEBUG -   Found active group: Sauces for Make Your Own Poutine (V1 ID: 9544, Category: sa)
2025-12-28 13:30:44,190 - DEBUG -   Found active group: Extra Cheese for Poutines (V1 ID: 9541, Category: e)
2025-12-28 13:30:44,202 - DEBUG -   Found active group: Lactose Free Cheese for Poutines (V1 ID: 9543, Category: cm)
2025-12-28 13:30:44,202 - INFO -   Poutines Personalisées: 4 active modifier groups
2025-12-28 13:30:44,470 - DEBUG -     Linked: Poutines Personalisées -> Extra Ingredients for Poutines
2025-12-28 13:30:44,632 - DEBUG -     Details: Ingrédients personnalisés (min:0, max:0, free:0, order:3)
2025-12-28 13:30:44,902 - DEBUG -     Linked: Poutines Personalisées -> Sauces for Make Your Own Poutine
2025-12-28 13:30:45,076 - DEBUG -     Details: Sauces (min:1, max:1, free:0, order:2)
2025-12-28 13:30:45,355 - DEBUG -     Linked: Poutines Personalisées -> Extra Cheese for Poutines
2025-12-28 13:30:45,525 - DEBUG -     Details: Extras (min:0, max:1, free:0, order:7)
2025-12-28 13:30:45,811 - DEBUG -     Linked: Poutines Personalisées -> Lactose Free Cheese for Poutines
2025-12-28 13:30:45,963 - DEBUG -     Details: Sélection de Fromage (min:0, max:0, free:0, order:1)
2025-12-28 13:30:45,963 - INFO -     -> 4 links, 4 details
2025-12-28 13:30:45,964 - INFO -   [89/104] Rock Star Energy Drink (V3: 153424, source_id: 100741)
2025-12-28 13:30:47,821 - DEBUG -   No active modifier groups for dish Rock Star Energy Drink
2025-12-28 13:30:47,821 - INFO -     -> 0 links, 0 details
2025-12-28 13:30:47,821 - INFO -   Progress: 90/104 dishes
2025-12-28 13:30:47,821 - INFO -   [90/104] Rondelle d’oignons Royal (V3: 153412, source_id: 100731)
2025-12-28 13:30:49,696 - DEBUG -   No active modifier groups for dish Rondelle d’oignons Royal
2025-12-28 13:30:49,696 - INFO -     -> 0 links, 0 details
2025-12-28 13:30:49,696 - INFO -   [91/104] Rondelles d’oignons (V3: 153405, source_id: 100724)
2025-12-28 13:30:51,572 - DEBUG -   No active modifier groups for dish Rondelles d’oignons
2025-12-28 13:30:51,572 - INFO -     -> 0 links, 0 details
2025-12-28 13:30:51,573 - INFO -   [92/104] Rouleaux Pizza (4) (V3: 153410, source_id: 100729)
2025-12-28 13:30:53,482 - DEBUG -   Found active group: Doigts de poulet and amuse gueule Sauces (V1 ID: 9573, Category: sa)
2025-12-28 13:30:53,495 - INFO -   Rouleaux Pizza (4): 1 active modifier groups
2025-12-28 13:30:53,784 - DEBUG -     Linked: Rouleaux Pizza (4) -> Doigts de poulet and amuse gueule Sauces
2025-12-28 13:30:53,937 - DEBUG -     Details: Sauces (min:0, max:1, free:0, order:4)
2025-12-28 13:30:53,937 - INFO -     -> 1 links, 1 details
2025-12-28 13:30:53,937 - INFO -   [93/104] Salade César (V3: 153401, source_id: 100721)
2025-12-28 13:30:55,866 - DEBUG -   Found active group: Extra Chicken for Salads (V1 ID: 9550, Category: e)
2025-12-28 13:30:55,870 - INFO -   Salade César: 1 active modifier groups
2025-12-28 13:30:56,166 - DEBUG -     Linked: Salade César -> Extra Chicken for Salads
2025-12-28 13:30:56,328 - DEBUG -     Details: Extras (min:0, max:0, free:0, order:7)
2025-12-28 13:30:56,329 - INFO -     -> 1 links, 1 details
2025-12-28 13:30:56,329 - INFO -   [94/104] Salade de Choux (V3: 153402, source_id: 100722)
2025-12-28 13:30:58,186 - DEBUG -   No active modifier groups for dish Salade de Choux
2025-12-28 13:30:58,186 - INFO -     -> 0 links, 0 details
2025-12-28 13:30:58,187 - INFO -   [95/104] Salade Du Chef (V3: 153400, source_id: 100720)
2025-12-28 13:31:00,049 - DEBUG -   Found active group: Extra Chicken for Salads (V1 ID: 9550, Category: e)
2025-12-28 13:31:00,059 - DEBUG -   Found active group: Salad Dressings (V1 ID: 9551, Category: dr)
2025-12-28 13:31:00,061 - INFO -   Salade Du Chef: 2 active modifier groups
2025-12-28 13:31:00,342 - DEBUG -     Linked: Salade Du Chef -> Extra Chicken for Salads
2025-12-28 13:31:00,519 - DEBUG -     Details: Extras (min:0, max:0, free:0, order:7)
2025-12-28 13:31:00,791 - DEBUG -     Linked: Salade Du Chef -> Salad Dressings
2025-12-28 13:31:00,954 - DEBUG -     Details: Vinaigrette (min:0, max:1, free:0, order:3)
2025-12-28 13:31:00,955 - INFO -     -> 2 links, 2 details
2025-12-28 13:31:00,955 - INFO -   [96/104] Sauce (V3: 153346, source_id: 100668)
2025-12-28 13:31:02,841 - DEBUG -   No active modifier groups for dish Sauce
2025-12-28 13:31:02,841 - INFO -     -> 0 links, 0 details
2025-12-28 13:31:02,841 - INFO -   [97/104] Slush Puppie (V3: 153427, source_id: 100745)
2025-12-28 13:31:04,698 - DEBUG -   Found active group: Slushy Flavors (V1 ID: 9553, Category: ci)
2025-12-28 13:31:04,709 - INFO -   Slush Puppie: 1 active modifier groups
2025-12-28 13:31:04,981 - DEBUG -     Linked: Slush Puppie -> Slushy Flavors
2025-12-28 13:31:05,139 - DEBUG -     Details: Ingrédients personnalisés (min:1, max:1, free:0, order:2)
2025-12-28 13:31:05,139 - INFO -     -> 1 links, 1 details
2025-12-28 13:31:05,140 - INFO -   [98/104] Steak (V3: 153389, source_id: 100709)
2025-12-28 13:31:07,018 - DEBUG -   No active modifier groups for dish Steak
2025-12-28 13:31:07,018 - INFO -     -> 0 links, 0 details
2025-12-28 13:31:07,018 - INFO -   [99/104] Steak Chipotle (V3: 153390, source_id: 100710)
2025-12-28 13:31:08,902 - DEBUG -   No active modifier groups for dish Steak Chipotle
2025-12-28 13:31:08,902 - INFO -     -> 0 links, 0 details
2025-12-28 13:31:08,902 - INFO -   Progress: 100/104 dishes
2025-12-28 13:31:08,903 - INFO -   [100/104] Steak Phily Style Sub (V3: 153395, source_id: 100715)
2025-12-28 13:31:10,764 - DEBUG -   No active modifier groups for dish Steak Phily Style Sub
2025-12-28 13:31:10,764 - INFO -     -> 0 links, 0 details
2025-12-28 13:31:10,764 - INFO -   [101/104] Tartes (V3: 153419, source_id: 100735)
2025-12-28 13:31:12,788 - DEBUG -   No active modifier groups for dish Tartes
2025-12-28 13:31:12,788 - INFO -     -> 0 links, 0 details
2025-12-28 13:31:12,788 - INFO -   [102/104] Veggie Burger (V3: 153366, source_id: 100688)
2025-12-28 13:31:14,644 - DEBUG -   Found active group: Burgers ingredients (free) (V1 ID: 9548, Category: ci)
2025-12-28 13:31:14,654 - INFO -   Veggie Burger: 1 active modifier groups
2025-12-28 13:31:14,948 - DEBUG -     Linked: Veggie Burger -> Burgers ingredients (free)
2025-12-28 13:31:15,240 - DEBUG -     Details: Ingrédients personnalisés (min:0, max:0, free:0, order:2)
2025-12-28 13:31:15,240 - INFO -     -> 1 links, 1 details
2025-12-28 13:31:15,240 - INFO -   [103/104] Viande Fumée Sandwich (V3: 153372, source_id: 100694)
2025-12-28 13:31:17,133 - DEBUG -   No active modifier groups for dish Viande Fumée Sandwich
2025-12-28 13:31:17,133 - INFO -     -> 0 links, 0 details
2025-12-28 13:31:17,133 - INFO -   [104/104] Zucchini (V3: 153406, source_id: 100725)
2025-12-28 13:31:19,000 - DEBUG -   Found active group: Doigts de poulet and amuse gueule Sauces (V1 ID: 9573, Category: sa)
2025-12-28 13:31:19,009 - INFO -   Zucchini: 1 active modifier groups
2025-12-28 13:31:19,293 - DEBUG -     Linked: Zucchini -> Doigts de poulet and amuse gueule Sauces
2025-12-28 13:31:19,455 - DEBUG -     Details: Sauces (min:0, max:1, free:0, order:4)
2025-12-28 13:31:19,456 - INFO -     -> 1 links, 1 details
2025-12-28 13:31:19,456 - INFO -   Result: 104 processed, 0 skipped, 116 links, 116 details
2025-12-28 13:31:19,456 - INFO - ----------------------------------------
2025-12-28 13:31:19,456 - INFO - [15/20] Processing: Pizza Bravo (V3: 139, V1: 264)
2025-12-28 13:31:19,604 - INFO -   [1/65] 7 Up (V3: 162845, source_id: 21515)
2025-12-28 13:31:21,515 - DEBUG -   No active modifier groups for dish 7 Up
2025-12-28 13:31:21,515 - INFO -     -> 0 links, 0 details
2025-12-28 13:31:21,515 - INFO -   [2/65] Ailes de poulet (10) (V3: 162842, source_id: 21508)
2025-12-28 13:31:23,402 - DEBUG -   Found active group: Wings Sauces (V1 ID: 2194, Category: sa)
2025-12-28 13:31:23,411 - INFO -   Ailes de poulet (10): 1 active modifier groups
2025-12-28 13:31:23,696 - DEBUG -     Linked: Ailes de poulet (10) -> Wings Sauces
2025-12-28 13:31:23,886 - DEBUG -     Details: Sauces (min:1, max:1, free:0, order:4)
2025-12-28 13:31:23,886 - INFO -     -> 1 links, 1 details
2025-12-28 13:31:23,887 - INFO -   [3/65] Bacon (V3: 162786, source_id: 21455)
2025-12-28 13:31:25,743 - DEBUG -   Found active group: Pizza Toppings (V1 ID: 2210, Category: ci)
2025-12-28 13:31:25,752 - DEBUG -   Found active group: Dips (V1 ID: 2184, Category: sa)
2025-12-28 13:31:25,765 - DEBUG -   Found active group: Crust Type (V1 ID: 2172, Category: br)
2025-12-28 13:31:25,768 - INFO -   Bacon: 3 active modifier groups
2025-12-28 13:31:26,036 - DEBUG -     Linked: Bacon -> Pizza Toppings
2025-12-28 13:31:26,211 - DEBUG -     Details: Ajouter des garnitures (min:0, max:0, free:0, order:2)
2025-12-28 13:31:26,499 - DEBUG -     Linked: Bacon -> Dips
2025-12-28 13:31:26,677 - DEBUG -     Details: Trempettes (min:0, max:0, free:0, order:4)
2025-12-28 13:31:26,943 - DEBUG -     Linked: Bacon -> Crust Type
2025-12-28 13:31:27,101 - DEBUG -     Details: Choix de pain (min:0, max:0, free:0, order:1)
2025-12-28 13:31:27,101 - INFO -     -> 3 links, 3 details
2025-12-28 13:31:27,102 - INFO -   [4/65] Bâtonnets de Fromage (8mcx) (V3: 162817, source_id: 94675)
2025-12-28 13:31:28,983 - DEBUG -   No active modifier groups for dish Bâtonnets de Fromage (8mcx)
2025-12-28 13:31:28,983 - INFO -     -> 0 links, 0 details
2025-12-28 13:31:28,983 - INFO -   [5/65] Bravo Spécial (V3: 162792, source_id: 21461)
2025-12-28 13:31:30,837 - DEBUG -   Found active group: Pizza Toppings (V1 ID: 2210, Category: ci)
2025-12-28 13:31:30,855 - DEBUG -   Found active group: Dips (V1 ID: 2184, Category: sa)
2025-12-28 13:31:30,869 - DEBUG -   Found active group: Crust Type (V1 ID: 2172, Category: br)
2025-12-28 13:31:30,872 - INFO -   Bravo Spécial: 3 active modifier groups
2025-12-28 13:31:31,146 - DEBUG -     Linked: Bravo Spécial -> Pizza Toppings
2025-12-28 13:31:31,307 - DEBUG -     Details: Ajouter des garnitures (min:0, max:0, free:0, order:2)
2025-12-28 13:31:31,590 - DEBUG -     Linked: Bravo Spécial -> Dips
2025-12-28 13:31:31,755 - DEBUG -     Details: Trempettes (min:0, max:0, free:0, order:4)
2025-12-28 13:31:32,039 - DEBUG -     Linked: Bravo Spécial -> Crust Type
2025-12-28 13:31:32,189 - DEBUG -     Details: Choix de pain (min:0, max:0, free:0, order:1)
2025-12-28 13:31:32,189 - INFO -     -> 3 links, 3 details
2025-12-28 13:31:32,189 - INFO -   [6/65] Bravo Spécial (V3: 162833, source_id: 21499)
2025-12-28 13:31:34,044 - DEBUG -   No active modifier groups for dish Bravo Spécial
2025-12-28 13:31:34,044 - INFO -     -> 0 links, 0 details
2025-12-28 13:31:34,044 - INFO -   [7/65] Champignons (V3: 162787, source_id: 21456)
2025-12-28 13:31:35,939 - DEBUG -   Found active group: Pizza Toppings (V1 ID: 2210, Category: ci)
2025-12-28 13:31:35,948 - DEBUG -   Found active group: Dips (V1 ID: 2184, Category: sa)
2025-12-28 13:31:35,962 - DEBUG -   Found active group: Crust Type (V1 ID: 2172, Category: br)
2025-12-28 13:31:35,965 - INFO -   Champignons: 3 active modifier groups
2025-12-28 13:31:36,243 - DEBUG -     Linked: Champignons -> Pizza Toppings
2025-12-28 13:31:36,415 - DEBUG -     Details: Ajouter des garnitures (min:0, max:0, free:0, order:2)
2025-12-28 13:31:36,701 - DEBUG -     Linked: Champignons -> Dips
2025-12-28 13:31:36,869 - DEBUG -     Details: Trempettes (min:0, max:0, free:0, order:4)
2025-12-28 13:31:37,182 - DEBUG -     Linked: Champignons -> Crust Type
2025-12-28 13:31:37,348 - DEBUG -     Details: Choix de pain (min:0, max:0, free:0, order:1)
2025-12-28 13:31:37,348 - INFO -     -> 3 links, 3 details
2025-12-28 13:31:37,348 - INFO -   [8/65] Club Poutine (V3: 162838, source_id: 21504)
2025-12-28 13:31:39,199 - DEBUG -   No active modifier groups for dish Club Poutine
2025-12-28 13:31:39,199 - INFO -     -> 0 links, 0 details
2025-12-28 13:31:39,199 - INFO -   [9/65] Club Sandwich (V3: 162839, source_id: 21505)
2025-12-28 13:31:41,061 - DEBUG -   No active modifier groups for dish Club Sandwich
2025-12-28 13:31:41,061 - INFO -     -> 0 links, 0 details
2025-12-28 13:31:41,061 - INFO -   Progress: 10/65 dishes
2025-12-28 13:31:41,062 - INFO -   [10/65] Combinée (V3: 162799, source_id: 21460)
2025-12-28 13:31:42,920 - DEBUG -   Found active group: Pizza Toppings (V1 ID: 2210, Category: ci)
2025-12-28 13:31:42,929 - DEBUG -   Found active group: Dips (V1 ID: 2184, Category: sa)
2025-12-28 13:31:42,943 - DEBUG -   Found active group: Crust Type (V1 ID: 2172, Category: br)
2025-12-28 13:31:42,946 - INFO -   Combinée: 3 active modifier groups
2025-12-28 13:31:43,222 - DEBUG -     Linked: Combinée -> Pizza Toppings
2025-12-28 13:31:43,384 - DEBUG -     Details: Ajouter des garnitures (min:0, max:0, free:0, order:2)
2025-12-28 13:31:43,675 - DEBUG -     Linked: Combinée -> Dips
2025-12-28 13:31:43,833 - DEBUG -     Details: Trempettes (min:0, max:0, free:0, order:4)
2025-12-28 13:31:44,110 - DEBUG -     Linked: Combinée -> Crust Type
2025-12-28 13:31:44,260 - DEBUG -     Details: Choix de pain (min:0, max:0, free:0, order:1)
2025-12-28 13:31:44,260 - INFO -     -> 3 links, 3 details
2025-12-28 13:31:44,261 - INFO -   [11/65] Diet 7 Up (V3: 162846, source_id: 21516)
2025-12-28 13:31:46,094 - DEBUG -   No active modifier groups for dish Diet 7 Up
2025-12-28 13:31:46,094 - INFO -     -> 0 links, 0 details
2025-12-28 13:31:46,094 - INFO -   [12/65] Diet Pepsi (V3: 162844, source_id: 21511)
2025-12-28 13:31:47,955 - DEBUG -   No active modifier groups for dish Diet Pepsi
2025-12-28 13:31:47,955 - INFO -     -> 0 links, 0 details
2025-12-28 13:31:47,955 - INFO -   [13/65] Doigts de Poulet (V3: 162840, source_id: 21506)
2025-12-28 13:31:49,816 - DEBUG -   No active modifier groups for dish Doigts de Poulet
2025-12-28 13:31:49,816 - INFO -     -> 0 links, 0 details
2025-12-28 13:31:49,816 - INFO -   [14/65] Donair au boeuf (V3: 162825, source_id: 21491)
2025-12-28 13:31:51,674 - DEBUG -   Found active group: Shawarma and Donairs sauces (V1 ID: 2193, Category: sa)
2025-12-28 13:31:51,683 - INFO -   Donair au boeuf: 1 active modifier groups
2025-12-28 13:31:51,958 - DEBUG -     Linked: Donair au boeuf -> Shawarma and Donairs sauces
2025-12-28 13:31:52,115 - DEBUG -     Details: Sauces (min:1, max:1, free:0, order:4)
2025-12-28 13:31:52,116 - INFO -     -> 1 links, 1 details
2025-12-28 13:31:52,116 - INFO -   [15/65] Donair au poulet (V3: 162824, source_id: 21490)
2025-12-28 13:31:53,980 - DEBUG -   Found active group: Shawarma and Donairs sauces (V1 ID: 2193, Category: sa)
2025-12-28 13:31:53,994 - INFO -   Donair au poulet: 1 active modifier groups
2025-12-28 13:31:54,270 - DEBUG -     Linked: Donair au poulet -> Shawarma and Donairs sauces
2025-12-28 13:31:54,432 - DEBUG -     Details: Sauces (min:1, max:1, free:0, order:4)
2025-12-28 13:31:54,433 - INFO -     -> 1 links, 1 details
2025-12-28 13:31:54,433 - INFO -   [16/65] Eau en bouteille (V3: 162848, source_id: 21519)
2025-12-28 13:31:56,297 - DEBUG -   No active modifier groups for dish Eau en bouteille
2025-12-28 13:31:56,298 - INFO -     -> 0 links, 0 details
2025-12-28 13:31:56,298 - INFO -   [17/65] Frite familiale (V3: 162811, source_id: 21478)
2025-12-28 13:31:58,159 - DEBUG -   No active modifier groups for dish Frite familiale
2025-12-28 13:31:58,160 - INFO -     -> 0 links, 0 details
2025-12-28 13:31:58,160 - INFO -   [18/65] Fromage (V3: 162784, source_id: 21453)
2025-12-28 13:32:00,000 - DEBUG -   Found active group: Pizza Toppings (V1 ID: 2210, Category: ci)
2025-12-28 13:32:00,010 - DEBUG -   Found active group: Dips (V1 ID: 2184, Category: sa)
2025-12-28 13:32:00,026 - DEBUG -   Found active group: Crust Type (V1 ID: 2172, Category: br)
2025-12-28 13:32:00,029 - INFO -   Fromage: 3 active modifier groups
2025-12-28 13:32:00,315 - DEBUG -     Linked: Fromage -> Pizza Toppings
2025-12-28 13:32:00,476 - DEBUG -     Details: Ajouter des garnitures (min:0, max:0, free:0, order:2)
2025-12-28 13:32:00,764 - DEBUG -     Linked: Fromage -> Dips
2025-12-28 13:32:00,921 - DEBUG -     Details: Trempettes (min:0, max:0, free:0, order:4)
2025-12-28 13:32:01,194 - DEBUG -     Linked: Fromage -> Crust Type
2025-12-28 13:32:01,344 - DEBUG -     Details: Choix de pain (min:0, max:0, free:0, order:1)
2025-12-28 13:32:01,344 - INFO -     -> 3 links, 3 details
2025-12-28 13:32:01,345 - INFO -   [19/65] Grecque (V3: 162798, source_id: 21467)
2025-12-28 13:32:03,199 - DEBUG -   Found active group: Pizza Toppings (V1 ID: 2210, Category: ci)
2025-12-28 13:32:03,208 - DEBUG -   Found active group: Dips (V1 ID: 2184, Category: sa)
2025-12-28 13:32:03,221 - DEBUG -   Found active group: Crust Type (V1 ID: 2172, Category: br)
2025-12-28 13:32:03,224 - INFO -   Grecque: 3 active modifier groups
2025-12-28 13:32:03,486 - DEBUG -     Linked: Grecque -> Pizza Toppings
2025-12-28 13:32:03,673 - DEBUG -     Details: Ajouter des garnitures (min:0, max:0, free:0, order:2)
2025-12-28 13:32:03,943 - DEBUG -     Linked: Grecque -> Dips
2025-12-28 13:32:04,091 - DEBUG -     Details: Trempettes (min:0, max:0, free:0, order:4)
2025-12-28 13:32:04,368 - DEBUG -     Linked: Grecque -> Crust Type
2025-12-28 13:32:04,517 - DEBUG -     Details: Choix de pain (min:0, max:0, free:0, order:1)
2025-12-28 13:32:04,517 - INFO -     -> 3 links, 3 details
2025-12-28 13:32:04,518 - INFO -   Progress: 20/65 dishes
2025-12-28 13:32:04,518 - INFO -   [20/65] Grosse frite (V3: 162810, source_id: 21477)
2025-12-28 13:32:06,374 - DEBUG -   No active modifier groups for dish Grosse frite
2025-12-28 13:32:06,374 - INFO -     -> 0 links, 0 details
2025-12-28 13:32:06,375 - INFO -   [21/65] Hawaienne (V3: 162794, source_id: 21463)
2025-12-28 13:32:08,231 - DEBUG -   Found active group: Pizza Toppings (V1 ID: 2210, Category: ci)
2025-12-28 13:32:08,240 - DEBUG -   Found active group: Dips (V1 ID: 2184, Category: sa)
2025-12-28 13:32:08,259 - DEBUG -   Found active group: Crust Type (V1 ID: 2172, Category: br)
2025-12-28 13:32:08,262 - INFO -   Hawaienne: 3 active modifier groups
2025-12-28 13:32:08,533 - DEBUG -     Linked: Hawaienne -> Pizza Toppings
2025-12-28 13:32:08,694 - DEBUG -     Details: Ajouter des garnitures (min:0, max:0, free:0, order:2)
2025-12-28 13:32:08,967 - DEBUG -     Linked: Hawaienne -> Dips
2025-12-28 13:32:09,148 - DEBUG -     Details: Trempettes (min:0, max:0, free:0, order:4)
2025-12-28 13:32:09,457 - DEBUG -     Linked: Hawaienne -> Crust Type
2025-12-28 13:32:09,618 - DEBUG -     Details: Choix de pain (min:0, max:0, free:0, order:1)
2025-12-28 13:32:09,618 - INFO -     -> 3 links, 3 details
2025-12-28 13:32:09,619 - INFO -   [22/65] Jambon (V3: 162832, source_id: 21498)
2025-12-28 13:32:11,497 - DEBUG -   No active modifier groups for dish Jambon
2025-12-28 13:32:11,497 - INFO -     -> 0 links, 0 details
2025-12-28 13:32:11,497 - INFO -   [23/65] Jambon (V3: 162836, source_id: 21502)
2025-12-28 13:32:13,461 - DEBUG -   No active modifier groups for dish Jambon
2025-12-28 13:32:13,461 - INFO -     -> 0 links, 0 details
2025-12-28 13:32:13,461 - INFO -   [24/65] Lasagne (V3: 162801, source_id: 21469)
2025-12-28 13:32:15,291 - DEBUG -   No active modifier groups for dish Lasagne
2025-12-28 13:32:15,291 - INFO -     -> 0 links, 0 details
2025-12-28 13:32:15,291 - INFO -   [25/65] Lasagne au four (V3: 162800, source_id: 21468)
2025-12-28 13:32:17,154 - DEBUG -   No active modifier groups for dish Lasagne au four
2025-12-28 13:32:17,154 - INFO -     -> 0 links, 0 details
2025-12-28 13:32:17,154 - INFO -   [26/65] Meat Lover (V3: 162796, source_id: 21465)
2025-12-28 13:32:19,011 - DEBUG -   Found active group: Pizza Toppings (V1 ID: 2210, Category: ci)
2025-12-28 13:32:19,020 - DEBUG -   Found active group: Dips (V1 ID: 2184, Category: sa)
2025-12-28 13:32:19,034 - DEBUG -   Found active group: Crust Type (V1 ID: 2172, Category: br)
2025-12-28 13:32:19,037 - INFO -   Meat Lover: 3 active modifier groups
2025-12-28 13:32:19,317 - DEBUG -     Linked: Meat Lover -> Pizza Toppings
2025-12-28 13:32:19,475 - DEBUG -     Details: Ajouter des garnitures (min:0, max:0, free:0, order:2)
2025-12-28 13:32:19,769 - DEBUG -     Linked: Meat Lover -> Dips
2025-12-28 13:32:19,925 - DEBUG -     Details: Trempettes (min:0, max:0, free:0, order:4)
2025-12-28 13:32:20,208 - DEBUG -     Linked: Meat Lover -> Crust Type
2025-12-28 13:32:20,363 - DEBUG -     Details: Choix de pain (min:0, max:0, free:0, order:1)
2025-12-28 13:32:20,363 - INFO -     -> 3 links, 3 details
2025-12-28 13:32:20,363 - INFO -   [27/65] Mexicaine (V3: 162797, source_id: 21466)
2025-12-28 13:32:22,203 - DEBUG -   Found active group: Pizza Toppings (V1 ID: 2210, Category: ci)
2025-12-28 13:32:22,213 - DEBUG -   Found active group: Dips (V1 ID: 2184, Category: sa)
2025-12-28 13:32:22,238 - DEBUG -   Found active group: Crust Type (V1 ID: 2172, Category: br)
2025-12-28 13:32:22,241 - INFO -   Mexicaine: 3 active modifier groups
2025-12-28 13:32:22,518 - DEBUG -     Linked: Mexicaine -> Pizza Toppings
2025-12-28 13:32:22,677 - DEBUG -     Details: Ajouter des garnitures (min:0, max:0, free:0, order:2)
2025-12-28 13:32:22,951 - DEBUG -     Linked: Mexicaine -> Dips
2025-12-28 13:32:23,110 - DEBUG -     Details: Trempettes (min:0, max:0, free:0, order:4)
2025-12-28 13:32:23,380 - DEBUG -     Linked: Mexicaine -> Crust Type
2025-12-28 13:32:23,524 - DEBUG -     Details: Choix de pain (min:0, max:0, free:0, order:1)
2025-12-28 13:32:23,525 - INFO -     -> 3 links, 3 details
2025-12-28 13:32:23,525 - INFO -   [28/65] Oignons (V3: 162790, source_id: 21459)
2025-12-28 13:32:25,370 - DEBUG -   Found active group: Pizza Toppings (V1 ID: 2210, Category: ci)
2025-12-28 13:32:25,379 - DEBUG -   Found active group: Dips (V1 ID: 2184, Category: sa)
2025-12-28 13:32:25,393 - DEBUG -   Found active group: Crust Type (V1 ID: 2172, Category: br)
2025-12-28 13:32:25,396 - INFO -   Oignons: 3 active modifier groups
2025-12-28 13:32:25,696 - DEBUG -     Linked: Oignons -> Pizza Toppings
2025-12-28 13:32:25,866 - DEBUG -     Details: Ajouter des garnitures (min:0, max:0, free:0, order:2)
2025-12-28 13:32:26,147 - DEBUG -     Linked: Oignons -> Dips
2025-12-28 13:32:26,313 - DEBUG -     Details: Trempettes (min:0, max:0, free:0, order:4)
2025-12-28 13:32:26,586 - DEBUG -     Linked: Oignons -> Crust Type
2025-12-28 13:32:26,738 - DEBUG -     Details: Choix de pain (min:0, max:0, free:0, order:1)
2025-12-28 13:32:26,738 - INFO -     -> 3 links, 3 details
2025-12-28 13:32:26,739 - INFO -   [29/65] Olives (V3: 162789, source_id: 21458)
2025-12-28 13:32:28,618 - DEBUG -   Found active group: Pizza Toppings (V1 ID: 2210, Category: ci)
2025-12-28 13:32:28,627 - DEBUG -   Found active group: Dips (V1 ID: 2184, Category: sa)
2025-12-28 13:32:28,642 - DEBUG -   Found active group: Crust Type (V1 ID: 2172, Category: br)
2025-12-28 13:32:28,645 - INFO -   Olives: 3 active modifier groups
2025-12-28 13:32:28,917 - DEBUG -     Linked: Olives -> Pizza Toppings
2025-12-28 13:32:29,072 - DEBUG -     Details: Ajouter des garnitures (min:0, max:0, free:0, order:2)
2025-12-28 13:32:29,347 - DEBUG -     Linked: Olives -> Dips
2025-12-28 13:32:29,516 - DEBUG -     Details: Trempettes (min:0, max:0, free:0, order:4)
2025-12-28 13:32:29,787 - DEBUG -     Linked: Olives -> Crust Type
2025-12-28 13:32:29,939 - DEBUG -     Details: Choix de pain (min:0, max:0, free:0, order:1)
2025-12-28 13:32:29,939 - INFO -     -> 3 links, 3 details
2025-12-28 13:32:29,939 - INFO -   Progress: 30/65 dishes
2025-12-28 13:32:29,939 - INFO -   [30/65] Orange Crush (V3: 162847, source_id: 21517)
2025-12-28 13:32:31,793 - DEBUG -   No active modifier groups for dish Orange Crush
2025-12-28 13:32:31,793 - INFO -     -> 0 links, 0 details
2025-12-28 13:32:31,793 - INFO -   [31/65] Pain à l’ail (V3: 162807, source_id: 21474)
2025-12-28 13:32:33,640 - DEBUG -   No active modifier groups for dish Pain à l’ail
2025-12-28 13:32:33,640 - INFO -     -> 0 links, 0 details
2025-12-28 13:32:33,640 - INFO -   [32/65] Pain à l’ail gratiné (V3: 162808, source_id: 21475)
2025-12-28 13:32:35,502 - DEBUG -   No active modifier groups for dish Pain à l’ail gratiné
2025-12-28 13:32:35,502 - INFO -     -> 0 links, 0 details
2025-12-28 13:32:35,503 - INFO -   [33/65] Pepperoni (V3: 162835, source_id: 21501)
2025-12-28 13:32:37,359 - DEBUG -   No active modifier groups for dish Pepperoni
2025-12-28 13:32:37,360 - INFO -     -> 0 links, 0 details
2025-12-28 13:32:37,360 - INFO -   [34/65] Pepperoni (V3: 162831, source_id: 21497)
2025-12-28 13:32:39,189 - DEBUG -   No active modifier groups for dish Pepperoni
2025-12-28 13:32:39,189 - INFO -     -> 0 links, 0 details
2025-12-28 13:32:39,189 - INFO -   [35/65] Pepperoni (V3: 162785, source_id: 21454)
2025-12-28 13:32:41,048 - DEBUG -   Found active group: Pizza Toppings (V1 ID: 2210, Category: ci)
2025-12-28 13:32:41,057 - DEBUG -   Found active group: Dips (V1 ID: 2184, Category: sa)
2025-12-28 13:32:41,072 - DEBUG -   Found active group: Crust Type (V1 ID: 2172, Category: br)
2025-12-28 13:32:41,075 - INFO -   Pepperoni: 3 active modifier groups
2025-12-28 13:32:41,350 - DEBUG -     Linked: Pepperoni -> Pizza Toppings
2025-12-28 13:32:41,511 - DEBUG -     Details: Ajouter des garnitures (min:0, max:0, free:0, order:2)
2025-12-28 13:32:41,780 - DEBUG -     Linked: Pepperoni -> Dips
2025-12-28 13:32:41,942 - DEBUG -     Details: Trempettes (min:0, max:0, free:0, order:4)
2025-12-28 13:32:42,229 - DEBUG -     Linked: Pepperoni -> Crust Type
2025-12-28 13:32:42,385 - DEBUG -     Details: Choix de pain (min:0, max:0, free:0, order:1)
2025-12-28 13:32:42,385 - INFO -     -> 3 links, 3 details
2025-12-28 13:32:42,386 - INFO -   [36/65] Pepsi (V3: 162843, source_id: 21510)
2025-12-28 13:32:44,236 - DEBUG -   No active modifier groups for dish Pepsi
2025-12-28 13:32:44,236 - INFO -     -> 0 links, 0 details
2025-12-28 13:32:44,236 - INFO -   [37/65] Petite frite (V3: 162809, source_id: 21476)
2025-12-28 13:32:46,128 - DEBUG -   No active modifier groups for dish Petite frite
2025-12-28 13:32:46,128 - INFO -     -> 0 links, 0 details
2025-12-28 13:32:46,129 - INFO -   [38/65] Pizza Sub (V3: 162834, source_id: 21500)
2025-12-28 13:32:47,979 - DEBUG -   No active modifier groups for dish Pizza Sub
2025-12-28 13:32:47,979 - INFO -     -> 0 links, 0 details
2025-12-28 13:32:47,979 - INFO -   [39/65] Plat Combo (V3: 162841, source_id: 21507)
2025-12-28 13:32:49,844 - DEBUG -   No active modifier groups for dish Plat Combo
2025-12-28 13:32:49,844 - INFO -     -> 0 links, 0 details
2025-12-28 13:32:49,844 - INFO -   Progress: 40/65 dishes
2025-12-28 13:32:49,844 - INFO -   [40/65] Poivrons Verts (V3: 162788, source_id: 21457)
2025-12-28 13:32:51,681 - DEBUG -   Found active group: Pizza Toppings (V1 ID: 2210, Category: ci)
2025-12-28 13:32:51,690 - DEBUG -   Found active group: Dips (V1 ID: 2184, Category: sa)
2025-12-28 13:32:51,704 - DEBUG -   Found active group: Crust Type (V1 ID: 2172, Category: br)
2025-12-28 13:32:51,707 - INFO -   Poivrons Verts: 3 active modifier groups
2025-12-28 13:32:51,987 - DEBUG -     Linked: Poivrons Verts -> Pizza Toppings
2025-12-28 13:32:52,153 - DEBUG -     Details: Ajouter des garnitures (min:0, max:0, free:0, order:2)
2025-12-28 13:32:52,437 - DEBUG -     Linked: Poivrons Verts -> Dips
2025-12-28 13:32:52,596 - DEBUG -     Details: Trempettes (min:0, max:0, free:0, order:4)
2025-12-28 13:32:52,879 - DEBUG -     Linked: Poivrons Verts -> Crust Type
2025-12-28 13:32:53,028 - DEBUG -     Details: Choix de pain (min:0, max:0, free:0, order:1)
2025-12-28 13:32:53,029 - INFO -     -> 3 links, 3 details
2025-12-28 13:32:53,029 - INFO -   [41/65] Poulet (V3: 162827, source_id: 21493)
2025-12-28 13:32:54,897 - DEBUG -   No active modifier groups for dish Poulet
2025-12-28 13:32:54,897 - INFO -     -> 0 links, 0 details
2025-12-28 13:32:54,897 - INFO -   [42/65] Poutine (V3: 162812, source_id: 21479)
2025-12-28 13:32:56,748 - DEBUG -   No active modifier groups for dish Poutine
2025-12-28 13:32:56,748 - INFO -     -> 0 links, 0 details
2025-12-28 13:32:56,748 - INFO -   [43/65] Poutine familiale (V3: 162813, source_id: 78784)
2025-12-28 13:32:58,595 - DEBUG -   No active modifier groups for dish Poutine familiale
2025-12-28 13:32:58,596 - INFO -     -> 0 links, 0 details
2025-12-28 13:32:58,596 - INFO -   [44/65] Poutine Italienne (V3: 162814, source_id: 21480)
2025-12-28 13:33:00,448 - DEBUG -   No active modifier groups for dish Poutine Italienne
2025-12-28 13:33:00,448 - INFO -     -> 0 links, 0 details
2025-12-28 13:33:00,449 - INFO -   [45/65] Ravioli (V3: 162804, source_id: 21472)
2025-12-28 13:33:02,772 - DEBUG -   No active modifier groups for dish Ravioli
2025-12-28 13:33:02,772 - INFO -     -> 0 links, 0 details
2025-12-28 13:33:02,773 - INFO -   [46/65] Ravioli Spécial (V3: 162805, source_id: 21473)
2025-12-28 13:33:04,590 - DEBUG -   No active modifier groups for dish Ravioli Spécial
2025-12-28 13:33:04,590 - INFO -     -> 0 links, 0 details
2025-12-28 13:33:04,590 - INFO -   [47/65] Rondelles d’oignons (V3: 162815, source_id: 21481)
2025-12-28 13:33:06,819 - DEBUG -   No active modifier groups for dish Rondelles d’oignons
2025-12-28 13:33:06,819 - INFO -     -> 0 links, 0 details
2025-12-28 13:33:06,819 - INFO -   [48/65] Salade au poulet (V3: 162821, source_id: 21487)
2025-12-28 13:33:08,856 - DEBUG -   No active modifier groups for dish Salade au poulet
2025-12-28 13:33:08,856 - INFO -     -> 0 links, 0 details
2025-12-28 13:33:08,856 - INFO -   [49/65] Salade César (V3: 162818, source_id: 21484)
2025-12-28 13:33:10,828 - DEBUG -   No active modifier groups for dish Salade César
2025-12-28 13:33:10,828 - INFO -     -> 0 links, 0 details
2025-12-28 13:33:10,828 - INFO -   Progress: 50/65 dishes
2025-12-28 13:33:10,828 - INFO -   [50/65] Salade du Chef (V3: 162820, source_id: 21486)
2025-12-28 13:33:12,688 - DEBUG -   No active modifier groups for dish Salade du Chef
2025-12-28 13:33:12,688 - INFO -     -> 0 links, 0 details
2025-12-28 13:33:12,688 - INFO -   [51/65] Salade Grecque (V3: 162819, source_id: 21485)
2025-12-28 13:33:14,650 - DEBUG -   No active modifier groups for dish Salade Grecque
2025-12-28 13:33:14,650 - INFO -     -> 0 links, 0 details
2025-12-28 13:33:14,650 - INFO -   [52/65] Sauce à l’ail (V3: 162806, source_id: 113087)
2025-12-28 13:33:16,580 - DEBUG -   No active modifier groups for dish Sauce à l’ail
2025-12-28 13:33:16,580 - INFO -     -> 0 links, 0 details
2025-12-28 13:33:16,580 - INFO -   [53/65] Shawarma au boeuf (V3: 162823, source_id: 21489)
2025-12-28 13:33:18,434 - DEBUG -   Found active group: Shawarma and Donairs sauces (V1 ID: 2193, Category: sa)
2025-12-28 13:33:18,442 - INFO -   Shawarma au boeuf: 1 active modifier groups
2025-12-28 13:33:18,746 - DEBUG -     Linked: Shawarma au boeuf -> Shawarma and Donairs sauces
2025-12-28 13:33:18,926 - DEBUG -     Details: Sauces (min:1, max:1, free:0, order:4)
2025-12-28 13:33:18,926 - INFO -     -> 1 links, 1 details
2025-12-28 13:33:18,926 - INFO -   [54/65] Shawarma au poulet (V3: 162822, source_id: 21488)
2025-12-28 13:33:20,858 - DEBUG -   Found active group: Shawarma and Donairs sauces (V1 ID: 2193, Category: sa)
2025-12-28 13:33:20,871 - INFO -   Shawarma au poulet: 1 active modifier groups
2025-12-28 13:33:21,236 - DEBUG -     Linked: Shawarma au poulet -> Shawarma and Donairs sauces
2025-12-28 13:33:21,416 - DEBUG -     Details: Sauces (min:1, max:1, free:0, order:4)
2025-12-28 13:33:21,416 - INFO -     -> 1 links, 1 details
2025-12-28 13:33:21,417 - INFO -   [55/65] Spaghetti (V3: 162802, source_id: 21470)
2025-12-28 13:33:23,272 - DEBUG -   No active modifier groups for dish Spaghetti
2025-12-28 13:33:23,272 - INFO -     -> 0 links, 0 details
2025-12-28 13:33:23,272 - INFO -   [56/65] Spécial de Spaghetti (V3: 162803, source_id: 21471)
2025-12-28 13:33:25,271 - DEBUG -   No active modifier groups for dish Spécial de Spaghetti
2025-12-28 13:33:25,272 - INFO -     -> 0 links, 0 details
2025-12-28 13:33:25,272 - INFO -   [57/65] Spécial du Chef (V3: 162837, source_id: 21503)
2025-12-28 13:33:27,134 - DEBUG -   No active modifier groups for dish Spécial du Chef
2025-12-28 13:33:27,135 - INFO -     -> 0 links, 0 details
2025-12-28 13:33:27,135 - INFO -   [58/65] Steak et Poivrons Verts (V3: 162828, source_id: 21494)
2025-12-28 13:33:29,000 - DEBUG -   No active modifier groups for dish Steak et Poivrons Verts
2025-12-28 13:33:29,000 - INFO -     -> 0 links, 0 details
2025-12-28 13:33:29,000 - INFO -   [59/65] Steak Spencer (V3: 162826, source_id: 21492)
2025-12-28 13:33:30,853 - DEBUG -   No active modifier groups for dish Steak Spencer
2025-12-28 13:33:30,853 - INFO -     -> 0 links, 0 details
2025-12-28 13:33:30,854 - INFO -   Progress: 60/65 dishes
2025-12-28 13:33:30,854 - INFO -   [60/65] Super Spécial (V3: 162793, source_id: 21462)
2025-12-28 13:33:32,713 - DEBUG -   Found active group: Pizza Toppings (V1 ID: 2210, Category: ci)
2025-12-28 13:33:32,722 - DEBUG -   Found active group: Dips (V1 ID: 2184, Category: sa)
2025-12-28 13:33:32,735 - DEBUG -   Found active group: Crust Type (V1 ID: 2172, Category: br)
2025-12-28 13:33:32,739 - INFO -   Super Spécial: 3 active modifier groups
2025-12-28 13:33:33,017 - DEBUG -     Linked: Super Spécial -> Pizza Toppings
2025-12-28 13:33:33,181 - DEBUG -     Details: Ajouter des garnitures (min:0, max:0, free:0, order:2)
2025-12-28 13:33:33,477 - DEBUG -     Linked: Super Spécial -> Dips
2025-12-28 13:33:33,645 - DEBUG -     Details: Trempettes (min:0, max:0, free:0, order:4)
2025-12-28 13:33:33,927 - DEBUG -     Linked: Super Spécial -> Crust Type
2025-12-28 13:33:34,085 - DEBUG -     Details: Choix de pain (min:0, max:0, free:0, order:1)
2025-12-28 13:33:34,086 - INFO -     -> 3 links, 3 details
2025-12-28 13:33:34,086 - INFO -   [61/65] Toute garnie (V3: 162791, source_id: 78783)
2025-12-28 13:33:35,931 - DEBUG -   Found active group: Pizza Toppings (V1 ID: 2210, Category: ci)
2025-12-28 13:33:35,940 - DEBUG -   Found active group: Dips (V1 ID: 2184, Category: sa)
2025-12-28 13:33:35,954 - DEBUG -   Found active group: Crust Type (V1 ID: 2172, Category: br)
2025-12-28 13:33:35,957 - INFO -   Toute garnie: 3 active modifier groups
2025-12-28 13:33:36,246 - DEBUG -     Linked: Toute garnie -> Pizza Toppings
2025-12-28 13:33:36,408 - DEBUG -     Details: Ajouter des garnitures (min:0, max:0, free:0, order:2)
2025-12-28 13:33:36,699 - DEBUG -     Linked: Toute garnie -> Dips
2025-12-28 13:33:36,888 - DEBUG -     Details: Trempettes (min:0, max:0, free:0, order:4)
2025-12-28 13:33:37,252 - DEBUG -     Linked: Toute garnie -> Crust Type
2025-12-28 13:33:37,406 - DEBUG -     Details: Choix de pain (min:0, max:0, free:0, order:1)
2025-12-28 13:33:37,406 - INFO -     -> 3 links, 3 details
2025-12-28 13:33:37,406 - INFO -   [62/65] Végétarien (V3: 162829, source_id: 21495)
2025-12-28 13:33:39,281 - DEBUG -   No active modifier groups for dish Végétarien
2025-12-28 13:33:39,281 - INFO -     -> 0 links, 0 details
2025-12-28 13:33:39,281 - INFO -   [63/65] Veggie (V3: 162795, source_id: 21464)
2025-12-28 13:33:41,140 - DEBUG -   Found active group: Pizza Toppings (V1 ID: 2210, Category: ci)
2025-12-28 13:33:41,148 - DEBUG -   Found active group: Dips (V1 ID: 2184, Category: sa)
2025-12-28 13:33:41,162 - DEBUG -   Found active group: Crust Type (V1 ID: 2172, Category: br)
2025-12-28 13:33:41,165 - INFO -   Veggie: 3 active modifier groups
2025-12-28 13:33:41,456 - DEBUG -     Linked: Veggie -> Pizza Toppings
2025-12-28 13:33:41,611 - DEBUG -     Details: Ajouter des garnitures (min:0, max:0, free:0, order:2)
2025-12-28 13:33:41,909 - DEBUG -     Linked: Veggie -> Dips
2025-12-28 13:33:42,062 - DEBUG -     Details: Trempettes (min:0, max:0, free:0, order:4)
2025-12-28 13:33:42,356 - DEBUG -     Linked: Veggie -> Crust Type
2025-12-28 13:33:42,514 - DEBUG -     Details: Choix de pain (min:0, max:0, free:0, order:1)
2025-12-28 13:33:42,515 - INFO -     -> 3 links, 3 details
2025-12-28 13:33:42,515 - INFO -   [64/65] Viande Fumée (V3: 162830, source_id: 21496)
2025-12-28 13:33:44,389 - DEBUG -   No active modifier groups for dish Viande Fumée
2025-12-28 13:33:44,390 - INFO -     -> 0 links, 0 details
2025-12-28 13:33:44,390 - INFO -   [65/65] Zucchini (15) (V3: 162816, source_id: 21482)
2025-12-28 13:33:46,251 - DEBUG -   No active modifier groups for dish Zucchini (15)
2025-12-28 13:33:46,251 - INFO -     -> 0 links, 0 details
2025-12-28 13:33:46,251 - INFO -   Result: 65 processed, 0 skipped, 53 links, 53 details
2025-12-28 13:33:46,251 - INFO - ----------------------------------------
2025-12-28 13:33:46,251 - INFO - [16/20] Processing: Pizza des Hautes Plaines (V3: 562, V1: 782)
2025-12-28 13:33:46,430 - INFO -   [1/102] 1 Ingrédient (V3: 154322, source_id: 78267)
2025-12-28 13:33:48,294 - DEBUG -   No active modifier groups for dish 1 Ingrédient
2025-12-28 13:33:48,294 - INFO -     -> 0 links, 0 details
2025-12-28 13:33:48,294 - INFO -   [2/102] 2 Grandes Pizza (V3: 154321, source_id: 78342)
2025-12-28 13:33:50,130 - DEBUG -   No active modifier groups for dish 2 Grandes Pizza
2025-12-28 13:33:50,131 - INFO -     -> 0 links, 0 details
2025-12-28 13:33:50,131 - INFO -   [3/102] 2 Ingrédients (V3: 154323, source_id: 78268)
2025-12-28 13:33:52,021 - DEBUG -   No active modifier groups for dish 2 Ingrédients
2025-12-28 13:33:52,021 - INFO -     -> 0 links, 0 details
2025-12-28 13:33:52,021 - INFO -   [4/102] 2 Moyennes Pizza (V3: 154320, source_id: 78341)
2025-12-28 13:33:53,869 - DEBUG -   No active modifier groups for dish 2 Moyennes Pizza
2025-12-28 13:33:53,869 - INFO -     -> 0 links, 0 details
2025-12-28 13:33:53,870 - INFO -   [5/102] 7 Up (V3: 153636, source_id: 78760)
2025-12-28 13:33:55,737 - DEBUG -   No active modifier groups for dish 7 Up
2025-12-28 13:33:55,737 - INFO -     -> 0 links, 0 details
2025-12-28 13:33:55,737 - INFO -   [6/102] 7 Up Diète (V3: 153637, source_id: 78761)
2025-12-28 13:33:57,643 - DEBUG -   No active modifier groups for dish 7 Up Diète
2025-12-28 13:33:57,643 - INFO -     -> 0 links, 0 details
2025-12-28 13:33:57,643 - INFO -   [7/102] Ailes de poulet (V3: 153629, source_id: 78336)
2025-12-28 13:33:59,516 - DEBUG -   Found active group: Wings Sauces (V1 ID: 7228, Category: sa)
2025-12-28 13:33:59,525 - INFO -   Ailes de poulet: 1 active modifier groups
2025-12-28 13:33:59,826 - DEBUG -     Linked: Ailes de poulet -> Wings Sauces
2025-12-28 13:34:00,034 - DEBUG -     Details: Sauces (min:1, max:1, free:0, order:4)
2025-12-28 13:34:00,034 - INFO -     -> 1 links, 1 details
2025-12-28 13:34:00,035 - INFO -   [8/102] Amateur de viandes (V3: 153570, source_id: 78278)
2025-12-28 13:34:01,916 - DEBUG -   Found active group: Pizza Toppings (V1 ID: 7218, Category: ci)
2025-12-28 13:34:01,926 - DEBUG -   Found active group: Dips (V1 ID: 7286, Category: sa)
2025-12-28 13:34:01,940 - DEBUG -   Found active group: Crust type (V1 ID: 7217, Category: br)
2025-12-28 13:34:01,943 - INFO -   Amateur de viandes: 3 active modifier groups
2025-12-28 13:34:02,218 - DEBUG -     Linked: Amateur de viandes -> Pizza Toppings
2025-12-28 13:34:02,434 - DEBUG -     Details: Ajouter d'autres garnitures (min:0, max:0, free:0, order:2)
2025-12-28 13:34:02,792 - DEBUG -     Linked: Amateur de viandes -> Dips
2025-12-28 13:34:02,965 - DEBUG -     Details: Trempettes (min:0, max:0, free:0, order:4)
2025-12-28 13:34:03,225 - DEBUG -     Linked: Amateur de viandes -> Crust type
2025-12-28 13:34:03,378 - DEBUG -     Details: Choix de pain (min:0, max:0, free:0, order:1)
2025-12-28 13:34:03,378 - INFO -     -> 3 links, 3 details
2025-12-28 13:34:03,378 - INFO -   [9/102] Assiette de shawarma au boeuf (V3: 153622, source_id: 78330)
2025-12-28 13:34:05,279 - DEBUG -   Found active group: Side Dishes for Shawarma (V1 ID: 7223, Category: sd)
2025-12-28 13:34:05,287 - INFO -   Assiette de shawarma au boeuf: 1 active modifier groups
2025-12-28 13:34:05,577 - DEBUG -     Linked: Assiette de shawarma au boeuf -> Side Dishes for Shawarma
2025-12-28 13:34:05,747 - DEBUG -     Details: Plat d’accompagnement (min:1, max:1, free:0, order:5)
2025-12-28 13:34:05,747 - INFO -     -> 1 links, 1 details
2025-12-28 13:34:05,748 - INFO -   Progress: 10/102 dishes
2025-12-28 13:34:05,748 - INFO -   [10/102] Assiette de shawarma au poulet (V3: 153621, source_id: 78329)
2025-12-28 13:34:07,618 - DEBUG -   Found active group: Side Dishes for Shawarma (V1 ID: 7223, Category: sd)
2025-12-28 13:34:07,625 - INFO -   Assiette de shawarma au poulet: 1 active modifier groups
2025-12-28 13:34:07,897 - DEBUG -     Linked: Assiette de shawarma au poulet -> Side Dishes for Shawarma
2025-12-28 13:34:08,085 - DEBUG -     Details: Plat d’accompagnement (min:1, max:1, free:0, order:5)
2025-12-28 13:34:08,086 - INFO -     -> 1 links, 1 details
2025-12-28 13:34:08,086 - INFO -   [11/102] Assiette de shawarma mixtes (V3: 153623, source_id: 89248)
2025-12-28 13:34:09,966 - DEBUG -   Found active group: Side Dishes for Shawarma (V1 ID: 7223, Category: sd)
2025-12-28 13:34:09,974 - INFO -   Assiette de shawarma mixtes: 1 active modifier groups
2025-12-28 13:34:10,328 - DEBUG -     Linked: Assiette de shawarma mixtes -> Side Dishes for Shawarma
2025-12-28 13:34:10,500 - DEBUG -     Details: Plat d’accompagnement (min:1, max:1, free:0, order:5)
2025-12-28 13:34:10,500 - INFO -     -> 1 links, 1 details
2025-12-28 13:34:10,500 - INFO -   [12/102] Assiette végétarienne (V3: 153624, source_id: 78331)
2025-12-28 13:34:12,363 - DEBUG -   Found active group: Side Dishes for Shawarma (V1 ID: 7223, Category: sd)
2025-12-28 13:34:12,371 - INFO -   Assiette végétarienne: 1 active modifier groups
2025-12-28 13:34:12,664 - DEBUG -     Linked: Assiette végétarienne -> Side Dishes for Shawarma
2025-12-28 13:34:12,824 - DEBUG -     Details: Plat d’accompagnement (min:1, max:1, free:0, order:5)
2025-12-28 13:34:12,825 - INFO -     -> 1 links, 1 details
2025-12-28 13:34:12,825 - INFO -   [13/102] Baclava (V3: 153635, source_id: 78759)
2025-12-28 13:34:14,803 - DEBUG -   No active modifier groups for dish Baclava
2025-12-28 13:34:14,803 - INFO -     -> 0 links, 0 details
2025-12-28 13:34:14,803 - INFO -   [14/102] Bâtonnets de fromage (V3: 153630, source_id: 78337)
2025-12-28 13:34:16,668 - DEBUG -   Found active group: Cheese sticks and Zucchini sticks Sauces (V1 ID: 7229, Category: sa)
2025-12-28 13:34:16,677 - INFO -   Bâtonnets de fromage: 1 active modifier groups
2025-12-28 13:34:16,955 - DEBUG -     Linked: Bâtonnets de fromage -> Cheese sticks and Zucchini sticks Sauces
2025-12-28 13:34:17,126 - DEBUG -     Details: Sauces (min:1, max:1, free:0, order:4)
2025-12-28 13:34:17,127 - INFO -     -> 1 links, 1 details
2025-12-28 13:34:17,127 - INFO -   [15/102] Boeuf et Agneau Donair (V3: 153626, source_id: 78333)
2025-12-28 13:34:19,000 - DEBUG -   Found active group: Donair Sauces (V1 ID: 7225, Category: sa)
2025-12-28 13:34:19,013 - DEBUG -   Found active group: Extras for Donairs (V1 ID: 7224, Category: e)
2025-12-28 13:34:19,018 - INFO -   Boeuf et Agneau Donair: 2 active modifier groups
2025-12-28 13:34:19,316 - DEBUG -     Linked: Boeuf et Agneau Donair -> Donair Sauces
2025-12-28 13:34:19,473 - DEBUG -     Details: Sauces (min:0, max:2, free:0, order:8)
2025-12-28 13:34:19,754 - DEBUG -     Linked: Boeuf et Agneau Donair -> Extras for Donairs
2025-12-28 13:34:19,919 - DEBUG -     Details: Extras (min:0, max:0, free:0, order:7)
2025-12-28 13:34:19,919 - INFO -     -> 2 links, 2 details
2025-12-28 13:34:19,919 - INFO -   [16/102] Boeuf Shawarma (V3: 153628, source_id: 78335)
2025-12-28 13:34:21,787 - DEBUG -   Found active group: Shawarma Sandwiches Extras (V1 ID: 7227, Category: e)
2025-12-28 13:34:21,792 - INFO -   Boeuf Shawarma: 1 active modifier groups
2025-12-28 13:34:22,063 - DEBUG -     Linked: Boeuf Shawarma -> Shawarma Sandwiches Extras
2025-12-28 13:34:22,219 - DEBUG -     Details: Extras (min:0, max:0, free:0, order:7)
2025-12-28 13:34:22,219 - INFO -     -> 1 links, 1 details
2025-12-28 13:34:22,219 - INFO -   [17/102] Boulettes de viande (V3: 153583, source_id: 78291)
2025-12-28 13:34:24,078 - DEBUG -   No active modifier groups for dish Boulettes de viande
2025-12-28 13:34:24,078 - INFO -     -> 0 links, 0 details
2025-12-28 13:34:24,078 - INFO -   [18/102] Brochettes de Chiche kebab (2) (V3: 153620, source_id: 78328)
2025-12-28 13:34:26,001 - DEBUG -   Found active group: Side Dishes for Shawarma (V1 ID: 7223, Category: sd)
2025-12-28 13:34:26,008 - INFO -   Brochettes de Chiche kebab (2): 1 active modifier groups
2025-12-28 13:34:26,293 - DEBUG -     Linked: Brochettes de Chiche kebab (2) -> Side Dishes for Shawarma
2025-12-28 13:34:26,462 - DEBUG -     Details: Plat d’accompagnement (min:1, max:1, free:0, order:5)
2025-12-28 13:34:26,462 - INFO -     -> 1 links, 1 details
2025-12-28 13:34:26,463 - INFO -   [19/102] Brochettes de poulet (2) (V3: 153618, source_id: 78326)
2025-12-28 13:34:28,323 - DEBUG -   Found active group: Side Dishes for Shawarma (V1 ID: 7223, Category: sd)
2025-12-28 13:34:28,331 - INFO -   Brochettes de poulet (2): 1 active modifier groups
2025-12-28 13:34:28,629 - DEBUG -     Linked: Brochettes de poulet (2) -> Side Dishes for Shawarma
2025-12-28 13:34:28,861 - DEBUG -     Details: Plat d’accompagnement (min:1, max:1, free:0, order:5)
2025-12-28 13:34:28,862 - INFO -     -> 1 links, 1 details
2025-12-28 13:34:28,862 - INFO -   Progress: 20/102 dishes
2025-12-28 13:34:28,862 - INFO -   [20/102] Brochettes de souvlaki (2) (V3: 153619, source_id: 78327)
2025-12-28 13:34:30,701 - DEBUG -   Found active group: Side Dishes for Shawarma (V1 ID: 7223, Category: sd)
2025-12-28 13:34:30,710 - INFO -   Brochettes de souvlaki (2): 1 active modifier groups
2025-12-28 13:34:30,985 - DEBUG -     Linked: Brochettes de souvlaki (2) -> Side Dishes for Shawarma
2025-12-28 13:34:31,174 - DEBUG -     Details: Plat d’accompagnement (min:1, max:1, free:0, order:5)
2025-12-28 13:34:31,174 - INFO -     -> 1 links, 1 details
2025-12-28 13:34:31,174 - INFO -   [21/102] Burger au poulet (V3: 153613, source_id: 78321)
2025-12-28 13:34:33,047 - DEBUG -   Found active group: Burgers free toppings (V1 ID: 7288, Category: ci)
2025-12-28 13:34:33,061 - DEBUG -   Found active group: Chicken Burger Extras (V1 ID: 7344, Category: e)
2025-12-28 13:34:33,065 - INFO -   Burger au poulet: 2 active modifier groups
2025-12-28 13:34:33,352 - DEBUG -     Linked: Burger au poulet -> Burgers free toppings
2025-12-28 13:34:33,544 - DEBUG -     Details: Ajouter d'autres garnitures (min:0, max:0, free:0, order:2)
2025-12-28 13:34:33,918 - DEBUG -     Linked: Burger au poulet -> Chicken Burger Extras
2025-12-28 13:34:34,143 - DEBUG -     Details: Extras (min:0, max:0, free:0, order:7)
2025-12-28 13:34:34,144 - INFO -     -> 2 links, 2 details
2025-12-28 13:34:34,144 - INFO -   [22/102] Cheeseburger (V3: 153615, source_id: 78323)
2025-12-28 13:34:36,107 - DEBUG -   Found active group: Burgers free toppings (V1 ID: 7288, Category: ci)
2025-12-28 13:34:36,134 - DEBUG -   Found active group: Burgers extras (V1 ID: 7289, Category: e)
2025-12-28 13:34:36,141 - INFO -   Cheeseburger: 2 active modifier groups
2025-12-28 13:34:36,473 - DEBUG -     Linked: Cheeseburger -> Burgers free toppings
2025-12-28 13:34:36,631 - DEBUG -     Details: Ajouter d'autres garnitures (min:0, max:0, free:0, order:2)
2025-12-28 13:34:36,957 - DEBUG -     Linked: Cheeseburger -> Burgers extras
2025-12-28 13:34:37,111 - DEBUG -     Details: Extras (min:0, max:0, free:0, order:7)
2025-12-28 13:34:37,111 - INFO -     -> 2 links, 2 details
2025-12-28 13:34:37,112 - INFO -   [23/102] Club sandwich (V3: 153606, source_id: 78313)
2025-12-28 13:34:38,963 - DEBUG -   Found active group: Upgrade to poutine 4.00 (V1 ID: 7343, Category: sd)
2025-12-28 13:34:38,971 - INFO -   Club sandwich: 1 active modifier groups
2025-12-28 13:34:39,376 - DEBUG -     Linked: Club sandwich -> Upgrade to poutine 4.00
2025-12-28 13:34:39,583 - DEBUG -     Details: Changer frites (min:0, max:1, free:0, order:5)
2025-12-28 13:34:39,584 - INFO -     -> 1 links, 1 details
2025-12-28 13:34:39,584 - INFO -   [24/102] Coke (V3: 153647, source_id: 115163)
2025-12-28 13:34:41,472 - DEBUG -   No active modifier groups for dish Coke
2025-12-28 13:34:41,472 - INFO -     -> 0 links, 0 details
2025-12-28 13:34:41,472 - INFO -   [25/102] Combiné (V3: 153584, source_id: 78292)
2025-12-28 13:34:43,359 - DEBUG -   Found active group: Subs Extra Toppings (V1 ID: 7221, Category: ci)
2025-12-28 13:34:43,371 - INFO -   Combiné: 1 active modifier groups
2025-12-28 13:34:43,675 - DEBUG -     Linked: Combiné -> Subs Extra Toppings
2025-12-28 13:34:43,853 - DEBUG -     Details: Ajouter d'autres garnitures (min:0, max:0, free:0, order:2)
2025-12-28 13:34:43,853 - INFO -     -> 1 links, 1 details
2025-12-28 13:34:43,853 - INFO -   [26/102] Combinée (V3: 153561, source_id: 78269)
2025-12-28 13:34:45,718 - DEBUG -   Found active group: Pizza Toppings (V1 ID: 7218, Category: ci)
2025-12-28 13:34:45,728 - DEBUG -   Found active group: Dips (V1 ID: 7286, Category: sa)
2025-12-28 13:34:45,741 - DEBUG -   Found active group: Crust type (V1 ID: 7217, Category: br)
2025-12-28 13:34:45,744 - INFO -   Combinée: 3 active modifier groups
2025-12-28 13:34:46,029 - DEBUG -     Linked: Combinée -> Pizza Toppings
2025-12-28 13:34:46,244 - DEBUG -     Details: Ajouter d'autres garnitures (min:0, max:0, free:0, order:2)
2025-12-28 13:34:46,656 - DEBUG -     Linked: Combinée -> Dips
2025-12-28 13:34:46,839 - DEBUG -     Details: Trempettes (min:0, max:0, free:0, order:4)
2025-12-28 13:34:47,158 - DEBUG -     Linked: Combinée -> Crust type
2025-12-28 13:34:47,327 - DEBUG -     Details: Choix de pain (min:0, max:0, free:0, order:1)
2025-12-28 13:34:47,327 - INFO -     -> 3 links, 3 details
2025-12-28 13:34:47,328 - INFO -   [27/102] Deluxe (V3: 153564, source_id: 78272)
2025-12-28 13:34:49,275 - DEBUG -   Found active group: Pizza Toppings (V1 ID: 7218, Category: ci)
2025-12-28 13:34:49,284 - DEBUG -   Found active group: Dips (V1 ID: 7286, Category: sa)
2025-12-28 13:34:49,298 - DEBUG -   Found active group: Crust type (V1 ID: 7217, Category: br)
2025-12-28 13:34:49,301 - INFO -   Deluxe: 3 active modifier groups
2025-12-28 13:34:49,618 - DEBUG -     Linked: Deluxe -> Pizza Toppings
2025-12-28 13:34:49,797 - DEBUG -     Details: Ajouter d'autres garnitures (min:0, max:0, free:0, order:2)
2025-12-28 13:34:50,090 - DEBUG -     Linked: Deluxe -> Dips
2025-12-28 13:34:50,271 - DEBUG -     Details: Trempettes (min:0, max:0, free:0, order:4)
2025-12-28 13:34:50,587 - DEBUG -     Linked: Deluxe -> Crust type
2025-12-28 13:34:50,768 - DEBUG -     Details: Choix de pain (min:0, max:0, free:0, order:1)
2025-12-28 13:34:50,768 - INFO -     -> 3 links, 3 details
2025-12-28 13:34:50,769 - INFO -   [28/102] Diet Coke (V3: 153648, source_id: 115164)
2025-12-28 13:34:52,698 - DEBUG -   No active modifier groups for dish Diet Coke
2025-12-28 13:34:52,698 - INFO -     -> 0 links, 0 details
2025-12-28 13:34:52,698 - INFO -   [29/102] Dinde (V3: 153586, source_id: 78294)
2025-12-28 13:34:54,570 - DEBUG -   Found active group: Subs Extra Toppings (V1 ID: 7221, Category: ci)
2025-12-28 13:34:54,581 - INFO -   Dinde: 1 active modifier groups
2025-12-28 13:34:54,919 - DEBUG -     Linked: Dinde -> Subs Extra Toppings
2025-12-28 13:34:55,075 - DEBUG -     Details: Ajouter d'autres garnitures (min:0, max:0, free:0, order:2)
2025-12-28 13:34:55,076 - INFO -     -> 1 links, 1 details
2025-12-28 13:34:55,076 - INFO -   Progress: 30/102 dishes
2025-12-28 13:34:55,077 - INFO -   [30/102] Doigts de poulet (5 mcx) (V3: 153609, source_id: 78316)
2025-12-28 13:34:56,958 - DEBUG -   Found active group: Upgrade to poutine 4.00 (V1 ID: 7343, Category: sd)
2025-12-28 13:34:56,965 - INFO -   Doigts de poulet (5 mcx): 1 active modifier groups
2025-12-28 13:34:57,297 - DEBUG -     Linked: Doigts de poulet (5 mcx) -> Upgrade to poutine 4.00
2025-12-28 13:34:57,481 - DEBUG -     Details: Changer frites (min:0, max:1, free:0, order:5)
2025-12-28 13:34:57,482 - INFO -     -> 1 links, 1 details
2025-12-28 13:34:57,482 - INFO -   [31/102] Donair Grand Trio (V3: 153559, source_id: 89246)
2025-12-28 13:34:59,360 - DEBUG -   Found active group: Donair Sauces (V1 ID: 7225, Category: sa)
2025-12-28 13:34:59,370 - DEBUG -   Found active group: Side dish for TRIOS (V1 ID: 8315, Category: sd)
2025-12-28 13:34:59,380 - DEBUG -   Found active group: Drinks can (V1 ID: 7290, Category: d)
2025-12-28 13:34:59,390 - DEBUG -   Found active group: Extras for Donairs (V1 ID: 7224, Category: e)
2025-12-28 13:34:59,394 - INFO -   Donair Grand Trio: 4 active modifier groups
2025-12-28 13:34:59,695 - DEBUG -     Linked: Donair Grand Trio -> Donair Sauces
2025-12-28 13:34:59,868 - DEBUG -     Details: Sauces (min:0, max:2, free:0, order:1)
2025-12-28 13:35:00,157 - DEBUG -     Linked: Donair Grand Trio -> Side dish for TRIOS
2025-12-28 13:35:00,371 - DEBUG -     Details: Plat d’accompagnement (min:1, max:1, free:0, order:5)
2025-12-28 13:35:00,686 - DEBUG -     Linked: Donair Grand Trio -> Drinks can
2025-12-28 13:35:00,873 - DEBUG -     Details: 1 Canette (min:1, max:1, free:0, order:6)
2025-12-28 13:35:01,154 - DEBUG -     Linked: Donair Grand Trio -> Extras for Donairs
2025-12-28 13:35:01,385 - DEBUG -     Details: Extras (min:0, max:0, free:0, order:2)
2025-12-28 13:35:01,385 - INFO -     -> 4 links, 4 details
2025-12-28 13:35:01,385 - INFO -   [32/102] Donair Petit Trio (V3: 153558, source_id: 89245)
2025-12-28 13:35:03,247 - DEBUG -   Found active group: Donair Sauces (V1 ID: 7225, Category: sa)
2025-12-28 13:35:03,255 - DEBUG -   Found active group: Side dish for TRIOS (V1 ID: 8315, Category: sd)
2025-12-28 13:35:03,265 - DEBUG -   Found active group: Drinks can (V1 ID: 7290, Category: d)
2025-12-28 13:35:03,274 - DEBUG -   Found active group: Extras for Donairs (V1 ID: 7224, Category: e)
2025-12-28 13:35:03,279 - INFO -   Donair Petit Trio: 4 active modifier groups
2025-12-28 13:35:03,556 - DEBUG -     Linked: Donair Petit Trio -> Donair Sauces
2025-12-28 13:35:03,719 - DEBUG -     Details: Sauces (min:0, max:2, free:0, order:1)
2025-12-28 13:35:04,006 - DEBUG -     Linked: Donair Petit Trio -> Side dish for TRIOS
2025-12-28 13:35:04,184 - DEBUG -     Details: Plat d’accompagnement (min:1, max:1, free:0, order:5)
2025-12-28 13:35:04,475 - DEBUG -     Linked: Donair Petit Trio -> Drinks can
2025-12-28 13:35:04,643 - DEBUG -     Details: 1 Can of pop (min:1, max:1, free:0, order:6)
2025-12-28 13:35:04,922 - DEBUG -     Linked: Donair Petit Trio -> Extras for Donairs
2025-12-28 13:35:05,081 - DEBUG -     Details: Extras (min:0, max:0, free:0, order:2)
2025-12-28 13:35:05,082 - INFO -     -> 4 links, 4 details
2025-12-28 13:35:05,082 - INFO -   [33/102] Eau en Bouteille (V3: 153650, source_id: 78774)
2025-12-28 13:35:06,930 - DEBUG -   No active modifier groups for dish Eau en Bouteille
2025-12-28 13:35:06,930 - INFO -     -> 0 links, 0 details
2025-12-28 13:35:06,930 - INFO -   [34/102] Elie amateur de viandes (V3: 153579, source_id: 78287)
2025-12-28 13:35:08,782 - DEBUG -   Found active group: Subs Extra Toppings (V1 ID: 7221, Category: ci)
2025-12-28 13:35:08,792 - INFO -   Elie amateur de viandes: 1 active modifier groups
2025-12-28 13:35:09,107 - DEBUG -     Linked: Elie amateur de viandes -> Subs Extra Toppings
2025-12-28 13:35:09,271 - DEBUG -     Details: Ajouter d'autres garnitures (min:0, max:0, free:0, order:2)
2025-12-28 13:35:09,271 - INFO -     -> 1 links, 1 details
2025-12-28 13:35:09,272 - INFO -   [35/102] Elie Poutine (V3: 153605, source_id: 78312)
2025-12-28 13:35:11,137 - DEBUG -   Found active group: Custom for Poutines (V1 ID: 7222, Category: ci)
2025-12-28 13:35:11,147 - INFO -   Elie Poutine: 1 active modifier groups
2025-12-28 13:35:11,455 - DEBUG -     Linked: Elie Poutine -> Custom for Poutines
2025-12-28 13:35:11,615 - DEBUG -     Details: Ajouter d'autres garnitures (min:0, max:0, free:0, order:2)
2025-12-28 13:35:11,615 - INFO -     -> 1 links, 1 details
2025-12-28 13:35:11,616 - INFO -   [36/102] Frites maison (V3: 153633, source_id: 78340)
2025-12-28 13:35:13,495 - DEBUG -   No active modifier groups for dish Frites maison
2025-12-28 13:35:13,496 - INFO -     -> 0 links, 0 details
2025-12-28 13:35:13,496 - INFO -   [37/102] Fromage (V3: 153560, source_id: 78266)
2025-12-28 13:35:15,404 - DEBUG -   Found active group: Pizza Toppings (V1 ID: 7218, Category: ci)
2025-12-28 13:35:15,414 - DEBUG -   Found active group: Dips (V1 ID: 7286, Category: sa)
2025-12-28 13:35:15,428 - DEBUG -   Found active group: Crust type (V1 ID: 7217, Category: br)
2025-12-28 13:35:15,431 - INFO -   Fromage: 3 active modifier groups
2025-12-28 13:35:15,727 - DEBUG -     Linked: Fromage -> Pizza Toppings
2025-12-28 13:35:15,897 - DEBUG -     Details: Ajouter d'autres garnitures (min:0, max:0, free:0, order:2)
2025-12-28 13:35:16,173 - DEBUG -     Linked: Fromage -> Dips
2025-12-28 13:35:16,343 - DEBUG -     Details: Trempettes (min:0, max:0, free:0, order:4)
2025-12-28 13:35:16,608 - DEBUG -     Linked: Fromage -> Crust type
2025-12-28 13:35:16,770 - DEBUG -     Details: Choix de pain (min:0, max:0, free:0, order:1)
2025-12-28 13:35:16,770 - INFO -     -> 3 links, 3 details
2025-12-28 13:35:16,770 - INFO -   [38/102] Grande Pizza et Ailes (V3: 154326, source_id: 78345)
2025-12-28 13:35:18,632 - DEBUG -   Found active group: Drinks can (V1 ID: 7290, Category: d)
2025-12-28 13:35:18,639 - INFO -   Grande Pizza et Ailes: 1 active modifier groups
2025-12-28 13:35:18,919 - DEBUG -     Linked: Grande Pizza et Ailes -> Drinks can
2025-12-28 13:35:19,129 - DEBUG -     Details: Deux canettes (min:2, max:2, free:0, order:6)
2025-12-28 13:35:19,129 - INFO -     -> 1 links, 1 details
2025-12-28 13:35:19,130 - INFO -   [39/102] Grape Crush (V3: 153639, source_id: 78763)
2025-12-28 13:35:21,075 - DEBUG -   No active modifier groups for dish Grape Crush
2025-12-28 13:35:21,076 - INFO -     -> 0 links, 0 details
2025-12-28 13:35:21,076 - INFO -   Progress: 40/102 dishes
2025-12-28 13:35:21,076 - INFO -   [40/102] Hamburger (V3: 153614, source_id: 78322)
2025-12-28 13:35:22,969 - DEBUG -   Found active group: Burgers free toppings (V1 ID: 7288, Category: ci)
2025-12-28 13:35:22,983 - DEBUG -   Found active group: Burgers extras (V1 ID: 7289, Category: e)
2025-12-28 13:35:22,988 - INFO -   Hamburger: 2 active modifier groups
2025-12-28 13:35:23,268 - DEBUG -     Linked: Hamburger -> Burgers free toppings
2025-12-28 13:35:23,457 - DEBUG -     Details: Ajouter d'autres garnitures (min:0, max:0, free:0, order:2)
2025-12-28 13:35:23,752 - DEBUG -     Linked: Hamburger -> Burgers extras
2025-12-28 13:35:23,997 - DEBUG -     Details: Extras (min:0, max:0, free:0, order:7)
2025-12-28 13:35:23,998 - INFO -     -> 2 links, 2 details
2025-12-28 13:35:23,998 - INFO -   [41/102] Hamburger steak (2 boulettes) (V3: 153607, source_id: 78314)
2025-12-28 13:35:25,861 - DEBUG -   Found active group: Upgrade to poutine 4.00 (V1 ID: 7343, Category: sd)
2025-12-28 13:35:25,869 - INFO -   Hamburger steak (2 boulettes): 1 active modifier groups
2025-12-28 13:35:26,147 - DEBUG -     Linked: Hamburger steak (2 boulettes) -> Upgrade to poutine 4.00
2025-12-28 13:35:26,330 - DEBUG -     Details: Changer frites (min:0, max:1, free:0, order:5)
2025-12-28 13:35:26,330 - INFO -     -> 1 links, 1 details
2025-12-28 13:35:26,330 - INFO -   [42/102] Hawaïenne (V3: 153562, source_id: 78270)
2025-12-28 13:35:28,236 - DEBUG -   Found active group: Pizza Toppings (V1 ID: 7218, Category: ci)
2025-12-28 13:35:28,246 - DEBUG -   Found active group: Dips (V1 ID: 7286, Category: sa)
2025-12-28 13:35:28,259 - DEBUG -   Found active group: Crust type (V1 ID: 7217, Category: br)
2025-12-28 13:35:28,263 - INFO -   Hawaïenne: 3 active modifier groups
2025-12-28 13:35:28,534 - DEBUG -     Linked: Hawaïenne -> Pizza Toppings
2025-12-28 13:35:28,697 - DEBUG -     Details: Ajouter d'autres garnitures (min:0, max:0, free:0, order:2)
2025-12-28 13:35:29,028 - DEBUG -     Linked: Hawaïenne -> Dips
2025-12-28 13:35:29,214 - DEBUG -     Details: Trempettes (min:0, max:0, free:0, order:4)
2025-12-28 13:35:29,512 - DEBUG -     Linked: Hawaïenne -> Crust type
2025-12-28 13:35:29,678 - DEBUG -     Details: Choix de pain (min:0, max:0, free:0, order:1)
2025-12-28 13:35:29,679 - INFO -     -> 3 links, 3 details
2025-12-28 13:35:29,679 - INFO -   [43/102] Hot chicken (V3: 153608, source_id: 78315)
2025-12-28 13:35:31,545 - DEBUG -   Found active group: Upgrade to poutine 4.00 (V1 ID: 7343, Category: sd)
2025-12-28 13:35:31,552 - INFO -   Hot chicken: 1 active modifier groups
2025-12-28 13:35:31,881 - DEBUG -     Linked: Hot chicken -> Upgrade to poutine 4.00
2025-12-28 13:35:32,041 - DEBUG -     Details: Changer frites (min:0, max:1, free:0, order:5)
2025-12-28 13:35:32,042 - INFO -     -> 1 links, 1 details
2025-12-28 13:35:32,042 - INFO -   [44/102] Hot dog (Jumbo) (V3: 153616, source_id: 78324)
2025-12-28 13:35:33,919 - DEBUG -   Found active group: Hot Dog Extras (V1 ID: 7345, Category: e)
2025-12-28 13:35:33,924 - INFO -   Hot dog (Jumbo): 1 active modifier groups
2025-12-28 13:35:34,276 - DEBUG -     Linked: Hot dog (Jumbo) -> Hot Dog Extras
2025-12-28 13:35:34,450 - DEBUG -     Details: Extras (min:0, max:4, free:0, order:7)
2025-12-28 13:35:34,450 - INFO -     -> 1 links, 1 details
2025-12-28 13:35:34,451 - INFO -   [45/102] Hot hamburger (2 boulettes) (V3: 153610, source_id: 78318)
2025-12-28 13:35:36,302 - DEBUG -   Found active group: Upgrade to poutine 4.00 (V1 ID: 7343, Category: sd)
2025-12-28 13:35:36,309 - INFO -   Hot hamburger (2 boulettes): 1 active modifier groups
2025-12-28 13:35:36,598 - DEBUG -     Linked: Hot hamburger (2 boulettes) -> Upgrade to poutine 4.00
2025-12-28 13:35:36,756 - DEBUG -     Details: Changer frites (min:0, max:1, free:0, order:5)
2025-12-28 13:35:36,757 - INFO -     -> 1 links, 1 details
2025-12-28 13:35:36,757 - INFO -   [46/102] Jus Tropicana (V3: 153649, source_id: 78773)
2025-12-28 13:35:38,622 - DEBUG -   No active modifier groups for dish Jus Tropicana
2025-12-28 13:35:38,622 - INFO -     -> 0 links, 0 details
2025-12-28 13:35:38,622 - INFO -   [47/102] Lasagne gratinée (V3: 153573, source_id: 78281)
2025-12-28 13:35:40,488 - DEBUG -   Found active group: Italian dishes extra toppings (V1 ID: 7287, Category: ci)
2025-12-28 13:35:40,499 - INFO -   Lasagne gratinée: 1 active modifier groups
2025-12-28 13:35:40,800 - DEBUG -     Linked: Lasagne gratinée -> Italian dishes extra toppings
2025-12-28 13:35:40,958 - DEBUG -     Details: Ajouter d'autres garnitures (min:0, max:0, free:0, order:2)
2025-12-28 13:35:40,958 - INFO -     -> 1 links, 1 details
2025-12-28 13:35:40,959 - INFO -   [48/102] Lasagne spéciale (V3: 153574, source_id: 78282)
2025-12-28 13:35:42,812 - DEBUG -   Found active group: Italian dishes extra toppings (V1 ID: 7287, Category: ci)
2025-12-28 13:35:42,822 - INFO -   Lasagne spéciale: 1 active modifier groups
2025-12-28 13:35:43,151 - DEBUG -     Linked: Lasagne spéciale -> Italian dishes extra toppings
2025-12-28 13:35:43,320 - DEBUG -     Details: Ajouter d'autres garnitures (min:0, max:0, free:0, order:2)
2025-12-28 13:35:43,321 - INFO -     -> 1 links, 1 details
2025-12-28 13:35:43,321 - INFO -   [49/102] Mexicaine (V3: 153566, source_id: 78274)
2025-12-28 13:35:45,187 - DEBUG -   Found active group: Pizza Toppings (V1 ID: 7218, Category: ci)
2025-12-28 13:35:45,198 - DEBUG -   Found active group: Dips (V1 ID: 7286, Category: sa)
2025-12-28 13:35:45,212 - DEBUG -   Found active group: Crust type (V1 ID: 7217, Category: br)
2025-12-28 13:35:45,215 - INFO -   Mexicaine: 3 active modifier groups
2025-12-28 13:35:45,633 - DEBUG -     Linked: Mexicaine -> Pizza Toppings
2025-12-28 13:35:45,831 - DEBUG -     Details: Ajouter d'autres garnitures (min:0, max:0, free:0, order:2)
2025-12-28 13:35:46,100 - DEBUG -     Linked: Mexicaine -> Dips
2025-12-28 13:35:46,260 - DEBUG -     Details: Trempettes (min:0, max:0, free:0, order:4)
2025-12-28 13:35:46,537 - DEBUG -     Linked: Mexicaine -> Crust type
2025-12-28 13:35:46,696 - DEBUG -     Details: Choix de pain (min:0, max:0, free:0, order:1)
2025-12-28 13:35:46,697 - INFO -     -> 3 links, 3 details
2025-12-28 13:35:46,697 - INFO -   Progress: 50/102 dishes
2025-12-28 13:35:46,697 - INFO -   [50/102] Moyenne Pizza et Ailes (V3: 154325, source_id: 78344)
2025-12-28 13:35:48,547 - DEBUG -   Found active group: Drinks can (V1 ID: 7290, Category: d)
2025-12-28 13:35:48,553 - INFO -   Moyenne Pizza et Ailes: 1 active modifier groups
2025-12-28 13:35:48,836 - DEBUG -     Linked: Moyenne Pizza et Ailes -> Drinks can
2025-12-28 13:35:49,005 - DEBUG -     Details: Deux canettes (min:2, max:2, free:0, order:6)
2025-12-28 13:35:49,006 - INFO -     -> 1 links, 1 details
2025-12-28 13:35:49,006 - INFO -   [51/102] Orange Crush (V3: 153638, source_id: 78762)
2025-12-28 13:35:50,864 - DEBUG -   No active modifier groups for dish Orange Crush
2025-12-28 13:35:50,864 - INFO -     -> 0 links, 0 details
2025-12-28 13:35:50,864 - INFO -   [52/102] Pain à l’ail (V3: 153577, source_id: 78285)
2025-12-28 13:35:52,782 - DEBUG -   No active modifier groups for dish Pain à l’ail
2025-12-28 13:35:52,782 - INFO -     -> 0 links, 0 details
2025-12-28 13:35:52,782 - INFO -   [53/102] Pain à l’ail gratiné (V3: 153578, source_id: 78286)
2025-12-28 13:35:54,622 - DEBUG -   No active modifier groups for dish Pain à l’ail gratiné
2025-12-28 13:35:54,622 - INFO -     -> 0 links, 0 details
2025-12-28 13:35:54,623 - INFO -   [54/102] Pepsi (V3: 153643, source_id: 78768)
2025-12-28 13:35:56,515 - DEBUG -   No active modifier groups for dish Pepsi
2025-12-28 13:35:56,515 - INFO -     -> 0 links, 0 details
2025-12-28 13:35:56,515 - INFO -   [55/102] Pepsi Diète (V3: 153644, source_id: 78769)
2025-12-28 13:35:58,407 - DEBUG -   No active modifier groups for dish Pepsi Diète
2025-12-28 13:35:58,407 - INFO -     -> 0 links, 0 details
2025-12-28 13:35:58,407 - INFO -   [56/102] Pepsi Max (V3: 153645, source_id: 78770)
2025-12-28 13:36:00,283 - DEBUG -   No active modifier groups for dish Pepsi Max
2025-12-28 13:36:00,283 - INFO -     -> 0 links, 0 details
2025-12-28 13:36:00,283 - INFO -   [57/102] Petite Pizza et Ailes (V3: 154324, source_id: 78343)
2025-12-28 13:36:02,242 - DEBUG -   Found active group: Drinks can (V1 ID: 7290, Category: d)
2025-12-28 13:36:02,248 - INFO -   Petite Pizza et Ailes: 1 active modifier groups
2025-12-28 13:36:02,625 - DEBUG -     Linked: Petite Pizza et Ailes -> Drinks can
2025-12-28 13:36:02,826 - DEBUG -     Details: Deux canettes (min:2, max:2, free:0, order:6)
2025-12-28 13:36:02,826 - INFO -     -> 1 links, 1 details
2025-12-28 13:36:02,826 - INFO -   [58/102] Pizza au poulet (V3: 153569, source_id: 78277)
2025-12-28 13:36:04,754 - DEBUG -   Found active group: Pizza Toppings (V1 ID: 7218, Category: ci)
2025-12-28 13:36:04,764 - DEBUG -   Found active group: Dips (V1 ID: 7286, Category: sa)
2025-12-28 13:36:04,777 - DEBUG -   Found active group: Crust type (V1 ID: 7217, Category: br)
2025-12-28 13:36:04,780 - INFO -   Pizza au poulet: 3 active modifier groups
2025-12-28 13:36:05,065 - DEBUG -     Linked: Pizza au poulet -> Pizza Toppings
2025-12-28 13:36:05,232 - DEBUG -     Details: Ajouter d'autres garnitures (min:0, max:0, free:0, order:2)
2025-12-28 13:36:05,489 - DEBUG -     Linked: Pizza au poulet -> Dips
2025-12-28 13:36:05,651 - DEBUG -     Details: Trempettes (min:0, max:0, free:0, order:4)
2025-12-28 13:36:05,933 - DEBUG -     Linked: Pizza au poulet -> Crust type
2025-12-28 13:36:06,093 - DEBUG -     Details: Choix de pain (min:0, max:0, free:0, order:1)
2025-12-28 13:36:06,094 - INFO -     -> 3 links, 3 details
2025-12-28 13:36:06,094 - INFO -   [59/102] Pizza grecque (V3: 153567, source_id: 78275)
2025-12-28 13:36:07,955 - DEBUG -   Found active group: Pizza Toppings (V1 ID: 7218, Category: ci)
2025-12-28 13:36:07,965 - DEBUG -   Found active group: Dips (V1 ID: 7286, Category: sa)
2025-12-28 13:36:07,978 - DEBUG -   Found active group: Crust type (V1 ID: 7217, Category: br)
2025-12-28 13:36:07,981 - INFO -   Pizza grecque: 3 active modifier groups
2025-12-28 13:36:08,324 - DEBUG -     Linked: Pizza grecque -> Pizza Toppings
2025-12-28 13:36:08,501 - DEBUG -     Details: Ajouter d'autres garnitures (min:0, max:0, free:0, order:2)
2025-12-28 13:36:08,778 - DEBUG -     Linked: Pizza grecque -> Dips
2025-12-28 13:36:08,934 - DEBUG -     Details: Trempettes (min:0, max:0, free:0, order:4)
2025-12-28 13:36:09,273 - DEBUG -     Linked: Pizza grecque -> Crust type
2025-12-28 13:36:09,429 - DEBUG -     Details: Choix de pain (min:0, max:0, free:0, order:1)
2025-12-28 13:36:09,429 - INFO -     -> 3 links, 3 details
2025-12-28 13:36:09,429 - INFO -   Progress: 60/102 dishes
2025-12-28 13:36:09,430 - INFO -   [60/102] Pizza sub (V3: 153588, source_id: 78295)
2025-12-28 13:36:11,301 - DEBUG -   No active modifier groups for dish Pizza sub
2025-12-28 13:36:11,301 - INFO -     -> 0 links, 0 details
2025-12-28 13:36:11,301 - INFO -   [61/102] Pogo (V3: 153617, source_id: 78325)
2025-12-28 13:36:13,191 - DEBUG -   No active modifier groups for dish Pogo
2025-12-28 13:36:13,191 - INFO -     -> 0 links, 0 details
2025-12-28 13:36:13,191 - INFO -   [62/102] Poisson frit et frites (V3: 153611, source_id: 78319)
2025-12-28 13:36:15,052 - DEBUG -   Found active group: Upgrade to poutine 4.00 (V1 ID: 7343, Category: sd)
2025-12-28 13:36:15,059 - INFO -   Poisson frit et frites: 1 active modifier groups
2025-12-28 13:36:15,325 - DEBUG -     Linked: Poisson frit et frites -> Upgrade to poutine 4.00
2025-12-28 13:36:15,485 - DEBUG -     Details: Changer frites (min:0, max:1, free:0, order:5)
2025-12-28 13:36:15,485 - INFO -     -> 1 links, 1 details
2025-12-28 13:36:15,486 - INFO -   [63/102] Poulet (V3: 153587, source_id: 89247)
2025-12-28 13:36:17,376 - DEBUG -   Found active group: Subs Extra Toppings (V1 ID: 7221, Category: ci)
2025-12-28 13:36:17,386 - INFO -   Poulet: 1 active modifier groups
2025-12-28 13:36:17,762 - DEBUG -     Linked: Poulet -> Subs Extra Toppings
2025-12-28 13:36:17,933 - DEBUG -     Details: Ajouter d'autres garnitures (min:0, max:0, free:0, order:2)
2025-12-28 13:36:17,933 - INFO -     -> 1 links, 1 details
2025-12-28 13:36:17,934 - INFO -   [64/102] Poulet Donair (V3: 153625, source_id: 78332)
2025-12-28 13:36:19,919 - DEBUG -   Found active group: Donair Sauces (V1 ID: 7225, Category: sa)
2025-12-28 13:36:19,931 - DEBUG -   Found active group: Extras for Donairs (V1 ID: 7224, Category: e)
2025-12-28 13:36:19,935 - INFO -   Poulet Donair: 2 active modifier groups
2025-12-28 13:36:20,377 - DEBUG -     Linked: Poulet Donair -> Donair Sauces
2025-12-28 13:36:20,569 - DEBUG -     Details: Sauces (min:0, max:2, free:0, order:8)
2025-12-28 13:36:20,992 - DEBUG -     Linked: Poulet Donair -> Extras for Donairs
2025-12-28 13:36:21,158 - DEBUG -     Details: Extras (min:0, max:0, free:0, order:7)
2025-12-28 13:36:21,158 - INFO -     -> 2 links, 2 details
2025-12-28 13:36:21,158 - INFO -   [65/102] Poulet Shawarma (V3: 153627, source_id: 78334)
2025-12-28 13:36:23,021 - DEBUG -   Found active group: Shawarma Sandwiches Extras (V1 ID: 7227, Category: e)
2025-12-28 13:36:23,026 - INFO -   Poulet Shawarma: 1 active modifier groups
2025-12-28 13:36:23,296 - DEBUG -     Linked: Poulet Shawarma -> Shawarma Sandwiches Extras
2025-12-28 13:36:23,462 - DEBUG -     Details: Extras (min:0, max:0, free:0, order:7)
2025-12-28 13:36:23,462 - INFO -     -> 1 links, 1 details
2025-12-28 13:36:23,463 - INFO -   [66/102] Poutine au poulet (V3: 153596, source_id: 78303)
2025-12-28 13:36:25,363 - DEBUG -   Found active group: Custom for Poutines (V1 ID: 7222, Category: ci)
2025-12-28 13:36:25,374 - INFO -   Poutine au poulet: 1 active modifier groups
2025-12-28 13:36:25,663 - DEBUG -     Linked: Poutine au poulet -> Custom for Poutines
2025-12-28 13:36:25,830 - DEBUG -     Details: Ajouter d'autres garnitures (min:0, max:0, free:0, order:2)
2025-12-28 13:36:25,830 - INFO -     -> 1 links, 1 details
2025-12-28 13:36:25,831 - INFO -   [67/102] Poutine Bacon (V3: 153598, source_id: 78305)
2025-12-28 13:36:27,757 - DEBUG -   Found active group: Custom for Poutines (V1 ID: 7222, Category: ci)
2025-12-28 13:36:27,767 - INFO -   Poutine Bacon: 1 active modifier groups
2025-12-28 13:36:28,213 - DEBUG -     Linked: Poutine Bacon -> Custom for Poutines
2025-12-28 13:36:28,583 - DEBUG -     Details: Ajouter d'autres garnitures (min:0, max:0, free:0, order:2)
2025-12-28 13:36:28,583 - INFO -     -> 1 links, 1 details
2025-12-28 13:36:28,584 - INFO -   [68/102] Poutine boeuf haché (V3: 153602, source_id: 78309)
2025-12-28 13:36:30,448 - DEBUG -   Found active group: Custom for Poutines (V1 ID: 7222, Category: ci)
2025-12-28 13:36:30,459 - INFO -   Poutine boeuf haché: 1 active modifier groups
2025-12-28 13:36:30,925 - DEBUG -     Linked: Poutine boeuf haché -> Custom for Poutines
2025-12-28 13:36:31,087 - DEBUG -     Details: Ajouter d'autres garnitures (min:0, max:0, free:0, order:2)
2025-12-28 13:36:31,087 - INFO -     -> 1 links, 1 details
2025-12-28 13:36:31,088 - INFO -   [69/102] Poutine Classique (V3: 153595, source_id: 78302)
2025-12-28 13:36:32,969 - DEBUG -   Found active group: Custom for Poutines (V1 ID: 7222, Category: ci)
2025-12-28 13:36:32,979 - INFO -   Poutine Classique: 1 active modifier groups
2025-12-28 13:36:33,267 - DEBUG -     Linked: Poutine Classique -> Custom for Poutines
2025-12-28 13:36:33,447 - DEBUG -     Details: Ajouter d'autres garnitures (min:0, max:0, free:0, order:2)
2025-12-28 13:36:33,448 - INFO -     -> 1 links, 1 details
2025-12-28 13:36:33,448 - INFO -   Progress: 70/102 dishes
2025-12-28 13:36:33,448 - INFO -   [70/102] Poutine hot dog 100% boeuf (V3: 153597, source_id: 78304)
2025-12-28 13:36:35,338 - DEBUG -   Found active group: Custom for Poutines (V1 ID: 7222, Category: ci)
2025-12-28 13:36:35,348 - INFO -   Poutine hot dog 100% boeuf: 1 active modifier groups
2025-12-28 13:36:35,717 - DEBUG -     Linked: Poutine hot dog 100% boeuf -> Custom for Poutines
2025-12-28 13:36:35,927 - DEBUG -     Details: Ajouter d'autres garnitures (min:0, max:0, free:0, order:2)
2025-12-28 13:36:35,927 - INFO -     -> 1 links, 1 details
2025-12-28 13:36:35,927 - INFO -   [71/102] Poutine Italienne (V3: 153600, source_id: 78307)
2025-12-28 13:36:37,865 - DEBUG -   Found active group: Custom for Poutines (V1 ID: 7222, Category: ci)
2025-12-28 13:36:37,875 - INFO -   Poutine Italienne: 1 active modifier groups
2025-12-28 13:36:38,177 - DEBUG -     Linked: Poutine Italienne -> Custom for Poutines
2025-12-28 13:36:38,349 - DEBUG -     Details: Ajouter d'autres garnitures (min:0, max:0, free:0, order:2)
2025-12-28 13:36:38,349 - INFO -     -> 1 links, 1 details
2025-12-28 13:36:38,350 - INFO -   [72/102] Poutine Mexicaine (V3: 153601, source_id: 78308)
2025-12-28 13:36:40,205 - DEBUG -   Found active group: Custom for Poutines (V1 ID: 7222, Category: ci)
2025-12-28 13:36:40,216 - INFO -   Poutine Mexicaine: 1 active modifier groups
2025-12-28 13:36:40,494 - DEBUG -     Linked: Poutine Mexicaine -> Custom for Poutines
2025-12-28 13:36:40,670 - DEBUG -     Details: Ajouter d'autres garnitures (min:0, max:0, free:0, order:2)
2025-12-28 13:36:40,671 - INFO -     -> 1 links, 1 details
2025-12-28 13:36:40,671 - INFO -   [73/102] Poutine steak (V3: 153603, source_id: 78310)
2025-12-28 13:36:42,543 - DEBUG -   Found active group: Custom for Poutines (V1 ID: 7222, Category: ci)
2025-12-28 13:36:42,554 - INFO -   Poutine steak: 1 active modifier groups
2025-12-28 13:36:42,858 - DEBUG -     Linked: Poutine steak -> Custom for Poutines
2025-12-28 13:36:43,024 - DEBUG -     Details: Ajouter d'autres garnitures (min:0, max:0, free:0, order:2)
2025-12-28 13:36:43,024 - INFO -     -> 1 links, 1 details
2025-12-28 13:36:43,024 - INFO -   [74/102] Poutine toute garnie (V3: 153604, source_id: 78311)
2025-12-28 13:36:44,887 - DEBUG -   Found active group: Custom for Poutines (V1 ID: 7222, Category: ci)
2025-12-28 13:36:44,897 - INFO -   Poutine toute garnie: 1 active modifier groups
2025-12-28 13:36:45,176 - DEBUG -     Linked: Poutine toute garnie -> Custom for Poutines
2025-12-28 13:36:45,332 - DEBUG -     Details: Ajouter d'autres garnitures (min:0, max:0, free:0, order:2)
2025-12-28 13:36:45,332 - INFO -     -> 1 links, 1 details
2025-12-28 13:36:45,333 - INFO -   [75/102] Poutine viande fumée montréalaise (V3: 153599, source_id: 78306)
2025-12-28 13:36:47,177 - DEBUG -   Found active group: Custom for Poutines (V1 ID: 7222, Category: ci)
2025-12-28 13:36:47,187 - INFO -   Poutine viande fumée montréalaise: 1 active modifier groups
2025-12-28 13:36:47,496 - DEBUG -     Linked: Poutine viande fumée montréalaise -> Custom for Poutines
2025-12-28 13:36:47,692 - DEBUG -     Details: Ajouter d'autres garnitures (min:0, max:0, free:0, order:2)
2025-12-28 13:36:47,692 - INFO -     -> 1 links, 1 details
2025-12-28 13:36:47,693 - INFO -   [76/102] Racinette (V3: 153646, source_id: 78771)
2025-12-28 13:36:49,548 - DEBUG -   No active modifier groups for dish Racinette
2025-12-28 13:36:49,549 - INFO -     -> 0 links, 0 details
2025-12-28 13:36:49,549 - INFO -   [77/102] Ravioli (V3: 153576, source_id: 78284)
2025-12-28 13:36:51,422 - DEBUG -   Found active group: Italian dishes extra toppings (V1 ID: 7287, Category: ci)
2025-12-28 13:36:51,433 - INFO -   Ravioli: 1 active modifier groups
2025-12-28 13:36:51,699 - DEBUG -     Linked: Ravioli -> Italian dishes extra toppings
2025-12-28 13:36:51,862 - DEBUG -     Details: Ajouter d'autres garnitures (min:0, max:0, free:0, order:2)
2025-12-28 13:36:51,862 - INFO -     -> 1 links, 1 details
2025-12-28 13:36:51,862 - INFO -   [78/102] Rondelles d’oignons (V3: 153632, source_id: 78339)
2025-12-28 13:36:53,725 - DEBUG -   No active modifier groups for dish Rondelles d’oignons
2025-12-28 13:36:53,725 - INFO -     -> 0 links, 0 details
2025-12-28 13:36:53,725 - INFO -   [79/102] Rôti de boeuf (V3: 153582, source_id: 78290)
2025-12-28 13:36:55,563 - DEBUG -   Found active group: Subs Extra Toppings (V1 ID: 7221, Category: ci)
2025-12-28 13:36:55,573 - INFO -   Rôti de boeuf: 1 active modifier groups
2025-12-28 13:36:55,856 - DEBUG -     Linked: Rôti de boeuf -> Subs Extra Toppings
2025-12-28 13:36:56,019 - DEBUG -     Details: Ajouter d'autres garnitures (min:0, max:0, free:0, order:2)
2025-12-28 13:36:56,019 - INFO -     -> 1 links, 1 details
2025-12-28 13:36:56,020 - INFO -   Progress: 80/102 dishes
2025-12-28 13:36:56,020 - INFO -   [80/102] Salade au poulet (V3: 153591, source_id: 78298)
2025-12-28 13:36:57,933 - DEBUG -   No active modifier groups for dish Salade au poulet
2025-12-28 13:36:57,933 - INFO -     -> 0 links, 0 details
2025-12-28 13:36:57,933 - INFO -   [81/102] Salade César (V3: 153592, source_id: 78299)
2025-12-28 13:36:59,803 - DEBUG -   No active modifier groups for dish Salade César
2025-12-28 13:36:59,804 - INFO -     -> 0 links, 0 details
2025-12-28 13:36:59,804 - INFO -   [82/102] Salade César au poulet (V3: 153593, source_id: 78300)
2025-12-28 13:37:01,653 - DEBUG -   No active modifier groups for dish Salade César au poulet
2025-12-28 13:37:01,653 - INFO -     -> 0 links, 0 details
2025-12-28 13:37:01,653 - INFO -   [83/102] Salade du chef (V3: 153590, source_id: 78297)
2025-12-28 13:37:03,563 - DEBUG -   No active modifier groups for dish Salade du chef
2025-12-28 13:37:03,563 - INFO -     -> 0 links, 0 details
2025-12-28 13:37:03,563 - INFO -   [84/102] Salade grecque (V3: 153594, source_id: 78301)
2025-12-28 13:37:05,428 - DEBUG -   No active modifier groups for dish Salade grecque
2025-12-28 13:37:05,428 - INFO -     -> 0 links, 0 details
2025-12-28 13:37:05,429 - INFO -   [85/102] Shawarma Grand Trio (V3: 153557, source_id: 89244)
2025-12-28 13:37:07,297 - DEBUG -   Found active group: Side dish for TRIOS (V1 ID: 8315, Category: sd)
2025-12-28 13:37:07,307 - DEBUG -   Found active group: Drinks can (V1 ID: 7290, Category: d)
2025-12-28 13:37:07,319 - DEBUG -   Found active group: Shawarma Sandwiches Extras (V1 ID: 7227, Category: e)
2025-12-28 13:37:07,323 - INFO -   Shawarma Grand Trio: 3 active modifier groups
2025-12-28 13:37:07,632 - DEBUG -     Linked: Shawarma Grand Trio -> Side dish for TRIOS
2025-12-28 13:37:07,790 - DEBUG -     Details: Plat d’accompagnement (min:1, max:1, free:0, order:5)
2025-12-28 13:37:08,067 - DEBUG -     Linked: Shawarma Grand Trio -> Drinks can
2025-12-28 13:37:08,230 - DEBUG -     Details: 1 Canette (min:1, max:1, free:0, order:6)
2025-12-28 13:37:08,531 - DEBUG -     Linked: Shawarma Grand Trio -> Shawarma Sandwiches Extras
2025-12-28 13:37:08,699 - DEBUG -     Details: Extras (min:0, max:0, free:0, order:1)
2025-12-28 13:37:08,700 - INFO -     -> 3 links, 3 details
2025-12-28 13:37:08,700 - INFO -   [86/102] Shawarma Petit Trio (V3: 153556, source_id: 89243)
2025-12-28 13:37:10,577 - DEBUG -   Found active group: Side dish for TRIOS (V1 ID: 8315, Category: sd)
2025-12-28 13:37:10,588 - DEBUG -   Found active group: Drinks can (V1 ID: 7290, Category: d)
2025-12-28 13:37:10,598 - DEBUG -   Found active group: Shawarma Sandwiches Extras (V1 ID: 7227, Category: e)
2025-12-28 13:37:10,604 - INFO -   Shawarma Petit Trio: 3 active modifier groups
2025-12-28 13:37:11,001 - DEBUG -     Linked: Shawarma Petit Trio -> Side dish for TRIOS
2025-12-28 13:37:11,336 - DEBUG -     Details: Plat d’accompagnement (min:1, max:1, free:0, order:5)
2025-12-28 13:37:11,885 - DEBUG -     Linked: Shawarma Petit Trio -> Drinks can
2025-12-28 13:37:12,160 - DEBUG -     Details: 1 Canette (min:1, max:1, free:0, order:6)
2025-12-28 13:37:12,698 - DEBUG -     Linked: Shawarma Petit Trio -> Shawarma Sandwiches Extras
2025-12-28 13:37:12,941 - DEBUG -     Details: Extras (min:0, max:0, free:0, order:1)
2025-12-28 13:37:12,941 - INFO -     -> 3 links, 3 details
2025-12-28 13:37:12,941 - INFO -   [87/102] Smoked meat (V3: 153612, source_id: 78320)
2025-12-28 13:37:14,822 - DEBUG -   Found active group: Upgrade to poutine 4.00 (V1 ID: 7343, Category: sd)
2025-12-28 13:37:14,830 - INFO -   Smoked meat: 1 active modifier groups
2025-12-28 13:37:15,105 - DEBUG -     Linked: Smoked meat -> Upgrade to poutine 4.00
2025-12-28 13:37:15,269 - DEBUG -     Details: Changer frites (min:0, max:1, free:0, order:5)
2025-12-28 13:37:15,269 - INFO -     -> 1 links, 1 details
2025-12-28 13:37:15,270 - INFO -   [88/102] Soda au Gingembre (V3: 153641, source_id: 78766)
2025-12-28 13:37:17,137 - DEBUG -   No active modifier groups for dish Soda au Gingembre
2025-12-28 13:37:17,138 - INFO -     -> 0 links, 0 details
2025-12-28 13:37:17,138 - INFO -   [89/102] Soda Mousse (V3: 153640, source_id: 78764)
2025-12-28 13:37:19,039 - DEBUG -   No active modifier groups for dish Soda Mousse
2025-12-28 13:37:19,039 - INFO -     -> 0 links, 0 details
2025-12-28 13:37:19,039 - INFO -   Progress: 90/102 dishes
2025-12-28 13:37:19,039 - INFO -   [90/102] Spaghetti (V3: 153571, source_id: 78279)
2025-12-28 13:37:20,904 - DEBUG -   Found active group: Italian dishes extra toppings (V1 ID: 7287, Category: ci)
2025-12-28 13:37:20,915 - INFO -   Spaghetti: 1 active modifier groups
2025-12-28 13:37:21,198 - DEBUG -     Linked: Spaghetti -> Italian dishes extra toppings
2025-12-28 13:37:21,353 - DEBUG -     Details: Ajouter d'autres garnitures (min:0, max:0, free:0, order:2)
2025-12-28 13:37:21,353 - INFO -     -> 1 links, 1 details
2025-12-28 13:37:21,354 - INFO -   [91/102] Spaghetti spécial (V3: 153572, source_id: 78280)
2025-12-28 13:37:23,233 - DEBUG -   Found active group: Italian dishes extra toppings (V1 ID: 7287, Category: ci)
2025-12-28 13:37:23,244 - INFO -   Spaghetti spécial: 1 active modifier groups
2025-12-28 13:37:23,521 - DEBUG -     Linked: Spaghetti spécial -> Italian dishes extra toppings
2025-12-28 13:37:23,683 - DEBUG -     Details: Ajouter d'autres garnitures (min:0, max:0, free:0, order:2)
2025-12-28 13:37:23,683 - INFO -     -> 1 links, 1 details
2025-12-28 13:37:23,683 - INFO -   [92/102] Spéciale du chef (V3: 153565, source_id: 78273)
2025-12-28 13:37:25,540 - DEBUG -   Found active group: Pizza Toppings (V1 ID: 7218, Category: ci)
2025-12-28 13:37:25,550 - DEBUG -   Found active group: Dips (V1 ID: 7286, Category: sa)
2025-12-28 13:37:25,563 - DEBUG -   Found active group: Crust type (V1 ID: 7217, Category: br)
2025-12-28 13:37:25,566 - INFO -   Spéciale du chef: 3 active modifier groups
2025-12-28 13:37:25,837 - DEBUG -     Linked: Spéciale du chef -> Pizza Toppings
2025-12-28 13:37:25,999 - DEBUG -     Details: Ajouter d'autres garnitures (min:0, max:0, free:0, order:2)
2025-12-28 13:37:26,293 - DEBUG -     Linked: Spéciale du chef -> Dips
2025-12-28 13:37:26,501 - DEBUG -     Details: Trempettes (min:0, max:0, free:0, order:4)
2025-12-28 13:37:26,782 - DEBUG -     Linked: Spéciale du chef -> Crust type
2025-12-28 13:37:26,935 - DEBUG -     Details: Choix de pain (min:0, max:0, free:0, order:1)
2025-12-28 13:37:26,936 - INFO -     -> 3 links, 3 details
2025-12-28 13:37:26,936 - INFO -   [93/102] Spéciale MALO (V3: 153568, source_id: 78276)
2025-12-28 13:37:28,795 - DEBUG -   Found active group: Pizza Toppings (V1 ID: 7218, Category: ci)
2025-12-28 13:37:28,804 - DEBUG -   Found active group: Dips (V1 ID: 7286, Category: sa)
2025-12-28 13:37:28,819 - DEBUG -   Found active group: Crust type (V1 ID: 7217, Category: br)
2025-12-28 13:37:28,822 - INFO -   Spéciale MALO: 3 active modifier groups
2025-12-28 13:37:29,111 - DEBUG -     Linked: Spéciale MALO -> Pizza Toppings
2025-12-28 13:37:29,268 - DEBUG -     Details: Ajouter d'autres garnitures (min:0, max:0, free:0, order:2)
2025-12-28 13:37:29,554 - DEBUG -     Linked: Spéciale MALO -> Dips
2025-12-28 13:37:29,738 - DEBUG -     Details: Trempettes (min:0, max:0, free:0, order:4)
2025-12-28 13:37:30,035 - DEBUG -     Linked: Spéciale MALO -> Crust type
2025-12-28 13:37:30,195 - DEBUG -     Details: Choix de pain (min:0, max:0, free:0, order:1)
2025-12-28 13:37:30,196 - INFO -     -> 3 links, 3 details
2025-12-28 13:37:30,196 - INFO -   [94/102] Steak de boeuf (V3: 153580, source_id: 78288)
2025-12-28 13:37:32,048 - DEBUG -   Found active group: Subs Extra Toppings (V1 ID: 7221, Category: ci)
2025-12-28 13:37:32,058 - INFO -   Steak de boeuf: 1 active modifier groups
2025-12-28 13:37:32,395 - DEBUG -     Linked: Steak de boeuf -> Subs Extra Toppings
2025-12-28 13:37:32,567 - DEBUG -     Details: Ajouter d'autres garnitures (min:0, max:0, free:0, order:2)
2025-12-28 13:37:32,567 - INFO -     -> 1 links, 1 details
2025-12-28 13:37:32,568 - INFO -   [95/102] Steak et pepperoni (V3: 153581, source_id: 78289)
2025-12-28 13:37:34,422 - DEBUG -   Found active group: Subs Extra Toppings (V1 ID: 7221, Category: ci)
2025-12-28 13:37:34,433 - INFO -   Steak et pepperoni: 1 active modifier groups
2025-12-28 13:37:34,726 - DEBUG -     Linked: Steak et pepperoni -> Subs Extra Toppings
2025-12-28 13:37:34,885 - DEBUG -     Details: Ajouter d'autres garnitures (min:0, max:0, free:0, order:2)
2025-12-28 13:37:34,885 - INFO -     -> 1 links, 1 details
2025-12-28 13:37:34,885 - INFO -   [96/102] Super sub (V3: 153585, source_id: 78293)
2025-12-28 13:37:36,813 - DEBUG -   Found active group: Subs Extra Toppings (V1 ID: 7221, Category: ci)
2025-12-28 13:37:36,823 - INFO -   Super sub: 1 active modifier groups
2025-12-28 13:37:37,135 - DEBUG -     Linked: Super sub -> Subs Extra Toppings
2025-12-28 13:37:37,300 - DEBUG -     Details: Ajouter d'autres garnitures (min:0, max:0, free:0, order:2)
2025-12-28 13:37:37,300 - INFO -     -> 1 links, 1 details
2025-12-28 13:37:37,300 - INFO -   [97/102] Thé Glacé (V3: 153642, source_id: 78767)
2025-12-28 13:37:39,157 - DEBUG -   No active modifier groups for dish Thé Glacé
2025-12-28 13:37:39,157 - INFO -     -> 0 links, 0 details
2025-12-28 13:37:39,157 - INFO -   [98/102] Trempette (V3: 153634, source_id: 115165)
2025-12-28 13:37:41,015 - DEBUG -   No active modifier groups for dish Trempette
2025-12-28 13:37:41,015 - INFO -     -> 0 links, 0 details
2025-12-28 13:37:41,015 - INFO -   [99/102] Veau au parmesan (V3: 153575, source_id: 78283)
2025-12-28 13:37:42,915 - DEBUG -   Found active group: Italian dishes extra toppings (V1 ID: 7287, Category: ci)
2025-12-28 13:37:42,926 - INFO -   Veau au parmesan: 1 active modifier groups
2025-12-28 13:37:43,233 - DEBUG -     Linked: Veau au parmesan -> Italian dishes extra toppings
2025-12-28 13:37:43,402 - DEBUG -     Details: Ajouter d'autres garnitures (min:0, max:0, free:0, order:2)
2025-12-28 13:37:43,402 - INFO -     -> 1 links, 1 details
2025-12-28 13:37:43,402 - INFO -   Progress: 100/102 dishes
2025-12-28 13:37:43,402 - INFO -   [100/102] Végétarien (V3: 153589, source_id: 78296)
2025-12-28 13:37:45,275 - DEBUG -   Found active group: Subs Extra Toppings (V1 ID: 7221, Category: ci)
2025-12-28 13:37:45,286 - INFO -   Végétarien: 1 active modifier groups
2025-12-28 13:37:45,554 - DEBUG -     Linked: Végétarien -> Subs Extra Toppings
2025-12-28 13:37:45,843 - DEBUG -     Details: Ajouter d'autres garnitures (min:0, max:0, free:0, order:2)
2025-12-28 13:37:45,843 - INFO -     -> 1 links, 1 details
2025-12-28 13:37:45,844 - INFO -   [101/102] Végétarienne (V3: 153563, source_id: 78271)
2025-12-28 13:37:47,754 - DEBUG -   Found active group: Pizza Toppings (V1 ID: 7218, Category: ci)
2025-12-28 13:37:47,763 - DEBUG -   Found active group: Dips (V1 ID: 7286, Category: sa)
2025-12-28 13:37:47,777 - DEBUG -   Found active group: Crust type (V1 ID: 7217, Category: br)
2025-12-28 13:37:47,780 - INFO -   Végétarienne: 3 active modifier groups
2025-12-28 13:37:48,159 - DEBUG -     Linked: Végétarienne -> Pizza Toppings
2025-12-28 13:37:48,471 - DEBUG -     Details: Ajouter d'autres garnitures (min:0, max:0, free:0, order:2)
2025-12-28 13:37:48,780 - DEBUG -     Linked: Végétarienne -> Dips
2025-12-28 13:37:48,937 - DEBUG -     Details: Trempettes (min:0, max:0, free:0, order:4)
2025-12-28 13:37:49,230 - DEBUG -     Linked: Végétarienne -> Crust type
2025-12-28 13:37:49,380 - DEBUG -     Details: Choix de pain (min:0, max:0, free:0, order:1)
2025-12-28 13:37:49,380 - INFO -     -> 3 links, 3 details
2025-12-28 13:37:49,381 - INFO -   [102/102] Zucchinis panés (V3: 153631, source_id: 78338)
2025-12-28 13:37:51,214 - DEBUG -   Found active group: Cheese sticks and Zucchini sticks Sauces (V1 ID: 7229, Category: sa)
2025-12-28 13:37:51,223 - INFO -   Zucchinis panés: 1 active modifier groups
2025-12-28 13:37:51,494 - DEBUG -     Linked: Zucchinis panés -> Cheese sticks and Zucchini sticks Sauces
2025-12-28 13:37:51,663 - DEBUG -     Details: Sauces (min:1, max:1, free:0, order:4)
2025-12-28 13:37:51,664 - INFO -     -> 1 links, 1 details
2025-12-28 13:37:51,664 - INFO -   Result: 102 processed, 0 skipped, 106 links, 106 details
2025-12-28 13:37:51,664 - INFO - ----------------------------------------
2025-12-28 13:37:51,665 - INFO - [17/20] Processing: Pizza Joanna (V3: 726, V1: 964)
2025-12-28 13:37:51,904 - INFO -   [1/113] 1 Grande Pizza avec Ailes (V3: 154333, source_id: 102525)
2025-12-28 13:37:53,773 - DEBUG -   No active modifier groups for dish 1 Grande Pizza avec Ailes
2025-12-28 13:37:53,773 - INFO -     -> 0 links, 0 details
2025-12-28 13:37:53,773 - INFO -   [2/113] 1 Ingrédient Pizza (V3: 154338, source_id: 102427)
2025-12-28 13:37:55,661 - DEBUG -   No active modifier groups for dish 1 Ingrédient Pizza
2025-12-28 13:37:55,661 - INFO -     -> 0 links, 0 details
2025-12-28 13:37:55,661 - INFO -   [3/113] 1 Moyenne Pizza avec Ailes (V3: 154332, source_id: 102524)
2025-12-28 13:37:57,653 - DEBUG -   No active modifier groups for dish 1 Moyenne Pizza avec Ailes
2025-12-28 13:37:57,653 - INFO -     -> 0 links, 0 details
2025-12-28 13:37:57,653 - INFO -   [4/113] 1 Petite Pizza avec Ailes (V3: 154331, source_id: 102523)
2025-12-28 13:37:59,515 - DEBUG -   No active modifier groups for dish 1 Petite Pizza avec Ailes
2025-12-28 13:37:59,515 - INFO -     -> 0 links, 0 details
2025-12-28 13:37:59,515 - INFO -   [5/113] 1 XGrande Pizza avec Ailes (V3: 154334, source_id: 102526)
2025-12-28 13:38:01,368 - DEBUG -   No active modifier groups for dish 1 XGrande Pizza avec Ailes
2025-12-28 13:38:01,368 - INFO -     -> 0 links, 0 details
2025-12-28 13:38:01,368 - INFO -   [6/113] 10 Ailes de Poulet (V3: 153681, source_id: 102451)
2025-12-28 13:38:03,228 - DEBUG -   Found active group: Wings Sauces (V1 ID: 9754, Category: sa)
2025-12-28 13:38:03,237 - INFO -   10 Ailes de Poulet: 1 active modifier groups
2025-12-28 13:38:03,564 - DEBUG -     Linked: 10 Ailes de Poulet -> Wings Sauces
2025-12-28 13:38:03,735 - DEBUG -     Details: Sauces (min:1, max:1, free:0, order:4)
2025-12-28 13:38:03,735 - INFO -     -> 1 links, 1 details
2025-12-28 13:38:03,736 - INFO -   [7/113] 15 Ailes de Poulet (V3: 153682, source_id: 102452)
2025-12-28 13:38:05,579 - DEBUG -   Found active group: Wings Sauces (V1 ID: 9754, Category: sa)
2025-12-28 13:38:05,588 - INFO -   15 Ailes de Poulet: 1 active modifier groups
2025-12-28 13:38:05,885 - DEBUG -     Linked: 15 Ailes de Poulet -> Wings Sauces
2025-12-28 13:38:06,055 - DEBUG -     Details: Sauces (min:1, max:1, free:0, order:4)
2025-12-28 13:38:06,055 - INFO -     -> 1 links, 1 details
2025-12-28 13:38:06,056 - INFO -   [8/113] 2 Grande Pizzas (V3: 154329, source_id: 102521)
2025-12-28 13:38:07,899 - DEBUG -   No active modifier groups for dish 2 Grande Pizzas
2025-12-28 13:38:07,899 - INFO -     -> 0 links, 0 details
2025-12-28 13:38:07,899 - INFO -   [9/113] 2 Grandes Pizzas avec Frite et Canettes (V3: 154337, source_id: 102528)
2025-12-28 13:38:09,733 - DEBUG -   Found active group: Drinks can (V1 ID: 9764, Category: d)
2025-12-28 13:38:09,740 - INFO -   2 Grandes Pizzas avec Frite et Canettes: 1 active modifier groups
2025-12-28 13:38:10,041 - DEBUG -     Linked: 2 Grandes Pizzas avec Frite et Canettes -> Drinks can
2025-12-28 13:38:10,205 - DEBUG -     Details: 6 Canettes (min:6, max:6, free:0, order:6)
2025-12-28 13:38:10,206 - INFO -     -> 1 links, 1 details
2025-12-28 13:38:10,206 - INFO -   Progress: 10/113 dishes
2025-12-28 13:38:10,206 - INFO -   [10/113] 2 Moyennes Pizzas (V3: 154328, source_id: 102520)
2025-12-28 13:38:12,060 - DEBUG -   No active modifier groups for dish 2 Moyennes Pizzas
2025-12-28 13:38:12,060 - INFO -     -> 0 links, 0 details
2025-12-28 13:38:12,060 - INFO -   [11/113] 2 Moyennes Pizzas avec Frite et Canettes (V3: 154336, source_id: 102527)
2025-12-28 13:38:13,914 - DEBUG -   Found active group: Drinks can (V1 ID: 9764, Category: d)
2025-12-28 13:38:13,920 - INFO -   2 Moyennes Pizzas avec Frite et Canettes: 1 active modifier groups
2025-12-28 13:38:14,312 - DEBUG -     Linked: 2 Moyennes Pizzas avec Frite et Canettes -> Drinks can
2025-12-28 13:38:14,478 - DEBUG -     Details: 4 Canettes (min:4, max:4, free:0, order:6)
2025-12-28 13:38:14,478 - INFO -     -> 1 links, 1 details
2025-12-28 13:38:14,479 - INFO -   [12/113] 2 Petites Pizzas (V3: 154327, source_id: 102519)
2025-12-28 13:38:16,349 - DEBUG -   No active modifier groups for dish 2 Petites Pizzas
2025-12-28 13:38:16,349 - INFO -     -> 0 links, 0 details
2025-12-28 13:38:16,349 - INFO -   [13/113] 2 Petites Pizzas avec Frite et Canettes (V3: 154335, source_id: 124911)
2025-12-28 13:38:18,217 - DEBUG -   Found active group: Drinks can (V1 ID: 9764, Category: d)
2025-12-28 13:38:18,223 - INFO -   2 Petites Pizzas avec Frite et Canettes: 1 active modifier groups
2025-12-28 13:38:18,701 - DEBUG -     Linked: 2 Petites Pizzas avec Frite et Canettes -> Drinks can
2025-12-28 13:38:18,869 - DEBUG -     Details: 2 Canettes (min:2, max:2, free:0, order:6)
2025-12-28 13:38:18,870 - INFO -     -> 1 links, 1 details
2025-12-28 13:38:18,870 - INFO -   [14/113] 2 XGrande Pizzas (V3: 154330, source_id: 102522)
2025-12-28 13:38:21,208 - DEBUG -   No active modifier groups for dish 2 XGrande Pizzas
2025-12-28 13:38:21,209 - INFO -     -> 0 links, 0 details
2025-12-28 13:38:21,209 - INFO -   [15/113] 20 Ailes de Poulet (V3: 153683, source_id: 102453)
2025-12-28 13:38:23,084 - DEBUG -   Found active group: Wings Sauces (V1 ID: 9754, Category: sa)
2025-12-28 13:38:23,093 - INFO -   20 Ailes de Poulet: 1 active modifier groups
2025-12-28 13:38:23,404 - DEBUG -     Linked: 20 Ailes de Poulet -> Wings Sauces
2025-12-28 13:38:23,565 - DEBUG -     Details: Sauces (min:1, max:1, free:0, order:4)
2025-12-28 13:38:23,565 - INFO -     -> 1 links, 1 details
2025-12-28 13:38:23,565 - INFO -   [16/113] 25 Ailes de Poulet (V3: 153684, source_id: 102454)
2025-12-28 13:38:25,434 - DEBUG -   Found active group: Wings Sauces (V1 ID: 9754, Category: sa)
2025-12-28 13:38:25,442 - INFO -   25 Ailes de Poulet: 1 active modifier groups
2025-12-28 13:38:25,784 - DEBUG -     Linked: 25 Ailes de Poulet -> Wings Sauces
2025-12-28 13:38:25,958 - DEBUG -     Details: Sauces (min:1, max:1, free:0, order:4)
2025-12-28 13:38:25,958 - INFO -     -> 1 links, 1 details
2025-12-28 13:38:25,958 - INFO -   [17/113] 30 Ailes de Poulet (V3: 153685, source_id: 102455)
2025-12-28 13:38:27,841 - DEBUG -   Found active group: Wings Sauces (V1 ID: 9754, Category: sa)
2025-12-28 13:38:27,849 - INFO -   30 Ailes de Poulet: 1 active modifier groups
2025-12-28 13:38:28,133 - DEBUG -     Linked: 30 Ailes de Poulet -> Wings Sauces
2025-12-28 13:38:28,298 - DEBUG -     Details: Sauces (min:1, max:1, free:0, order:4)
2025-12-28 13:38:28,298 - INFO -     -> 1 links, 1 details
2025-12-28 13:38:28,299 - INFO -   [18/113] 7 Up (V3: 153746, source_id: 102513)
2025-12-28 13:38:30,161 - DEBUG -   No active modifier groups for dish 7 Up
2025-12-28 13:38:30,161 - INFO -     -> 0 links, 0 details
2025-12-28 13:38:30,161 - INFO -   [19/113] Amateur de Viande (V3: 153668, source_id: 102439)
2025-12-28 13:38:32,016 - DEBUG -   Found active group: Pizza Toppings (V1 ID: 9748, Category: ci)
2025-12-28 13:38:32,025 - DEBUG -   Found active group: Dips (V1 ID: 9751, Category: sa)
2025-12-28 13:38:32,039 - DEBUG -   Found active group: Crust Type (V1 ID: 9746, Category: br)
2025-12-28 13:38:32,042 - INFO -   Amateur de Viande: 3 active modifier groups
2025-12-28 13:38:32,342 - DEBUG -     Linked: Amateur de Viande -> Pizza Toppings
2025-12-28 13:38:32,498 - DEBUG -     Details: Ajouter plus de garnitures (min:0, max:0, free:0, order:2)
2025-12-28 13:38:32,803 - DEBUG -     Linked: Amateur de Viande -> Dips
2025-12-28 13:38:32,973 - DEBUG -     Details: Trempettes (min:0, max:0, free:0, order:4)
2025-12-28 13:38:33,247 - DEBUG -     Linked: Amateur de Viande -> Crust Type
2025-12-28 13:38:33,406 - DEBUG -     Details: Choix de pain (min:0, max:0, free:0, order:1)
2025-12-28 13:38:33,406 - INFO -     -> 3 links, 3 details
2025-12-28 13:38:33,407 - INFO -   Progress: 20/113 dishes
2025-12-28 13:38:33,407 - INFO -   [20/113] Amateur de Viande Sub (V3: 153722, source_id: 102489)
2025-12-28 13:38:35,279 - DEBUG -   Found active group: SUBS Sauces (V1 ID: 9758, Category: sa)
2025-12-28 13:38:35,291 - DEBUG -   Found active group: SUBS Extras (V1 ID: 9757, Category: e)
2025-12-28 13:38:35,296 - INFO -   Amateur de Viande Sub: 2 active modifier groups
2025-12-28 13:38:35,604 - DEBUG -     Linked: Amateur de Viande Sub -> SUBS Sauces
2025-12-28 13:38:35,779 - DEBUG -     Details: Sauces (min:1, max:1, free:0, order:4)
2025-12-28 13:38:36,066 - DEBUG -     Linked: Amateur de Viande Sub -> SUBS Extras
2025-12-28 13:38:36,232 - DEBUG -     Details: Extras (min:0, max:0, free:0, order:7)
2025-12-28 13:38:36,233 - INFO -     -> 2 links, 2 details
2025-12-28 13:38:36,233 - INFO -   [21/113] Assiette Mixte (V3: 153728, source_id: 102495)
2025-12-28 13:38:38,087 - DEBUG -   Found active group: Upgrade to Poutine (V1 ID: 9759, Category: sd)
2025-12-28 13:38:38,097 - DEBUG -   Found active group: Shawarma Extras (V1 ID: 9761, Category: e)
2025-12-28 13:38:38,102 - INFO -   Assiette Mixte: 2 active modifier groups
2025-12-28 13:38:38,471 - DEBUG -     Linked: Assiette Mixte -> Upgrade to Poutine
2025-12-28 13:38:38,668 - DEBUG -     Details: Changez vos frites pour Poutine (min:0, max:1, free:0, order:5)
2025-12-28 13:38:38,949 - DEBUG -     Linked: Assiette Mixte -> Shawarma Extras
2025-12-28 13:38:39,115 - DEBUG -     Details: Extras (min:0, max:0, free:0, order:7)
2025-12-28 13:38:39,115 - INFO -     -> 2 links, 2 details
2025-12-28 13:38:39,115 - INFO -   [22/113] Assiette Mixte (V3: 153725, source_id: 102492)
2025-12-28 13:38:40,979 - DEBUG -   Found active group: Upgrade to Poutine (V1 ID: 9759, Category: sd)
2025-12-28 13:38:40,987 - INFO -   Assiette Mixte: 1 active modifier groups
2025-12-28 13:38:41,286 - DEBUG -     Linked: Assiette Mixte -> Upgrade to Poutine
2025-12-28 13:38:41,469 - DEBUG -     Details: Changez vos frites pour Poutine (min:0, max:1, free:0, order:5)
2025-12-28 13:38:41,469 - INFO -     -> 1 links, 1 details
2025-12-28 13:38:41,470 - INFO -   [23/113] Baklava (6 mcx) (V3: 153742, source_id: 102509)
2025-12-28 13:38:43,346 - DEBUG -   No active modifier groups for dish Baklava (6 mcx)
2025-12-28 13:38:43,346 - INFO -     -> 0 links, 0 details
2025-12-28 13:38:43,346 - INFO -   [24/113] Bâtonnets de Fromage (12) (V3: 153701, source_id: 102471)
2025-12-28 13:38:45,222 - DEBUG -   No active modifier groups for dish Bâtonnets de Fromage (12)
2025-12-28 13:38:45,222 - INFO -     -> 0 links, 0 details
2025-12-28 13:38:45,222 - INFO -   [25/113] Brochette de Filet Mignon (V3: 153724, source_id: 102491)
2025-12-28 13:38:47,119 - DEBUG -   Found active group: Upgrade to Poutine (V1 ID: 9759, Category: sd)
2025-12-28 13:38:47,130 - DEBUG -   Found active group: Extra Brochette (V1 ID: 9760, Category: e)
2025-12-28 13:38:47,134 - INFO -   Brochette de Filet Mignon: 2 active modifier groups
2025-12-28 13:38:47,420 - DEBUG -     Linked: Brochette de Filet Mignon -> Upgrade to Poutine
2025-12-28 13:38:47,577 - DEBUG -     Details: Changez vos frites pour Poutine (min:0, max:1, free:0, order:5)
2025-12-28 13:38:47,901 - DEBUG -     Linked: Brochette de Filet Mignon -> Extra Brochette
2025-12-28 13:38:48,087 - DEBUG -     Details: Extras (min:0, max:1, free:0, order:7)
2025-12-28 13:38:48,087 - INFO -     -> 2 links, 2 details
2025-12-28 13:38:48,088 - INFO -   [26/113] Brochette de Poulet (V3: 153723, source_id: 102490)
2025-12-28 13:38:49,968 - DEBUG -   Found active group: Upgrade to Poutine (V1 ID: 9759, Category: sd)
2025-12-28 13:38:49,979 - DEBUG -   Found active group: Extra Brochette (V1 ID: 9760, Category: e)
2025-12-28 13:38:49,983 - INFO -   Brochette de Poulet: 2 active modifier groups
2025-12-28 13:38:50,267 - DEBUG -     Linked: Brochette de Poulet -> Upgrade to Poutine
2025-12-28 13:38:50,426 - DEBUG -     Details: Changez vos frites pour Poutine (min:0, max:1, free:0, order:5)
2025-12-28 13:38:50,711 - DEBUG -     Linked: Brochette de Poulet -> Extra Brochette
2025-12-28 13:38:50,878 - DEBUG -     Details: Extras (min:0, max:1, free:0, order:7)
2025-12-28 13:38:50,878 - INFO -     -> 2 links, 2 details
2025-12-28 13:38:50,879 - INFO -   [27/113] Brownies (5 mcx) (V3: 153743, source_id: 102510)
2025-12-28 13:38:52,782 - DEBUG -   No active modifier groups for dish Brownies (5 mcx)
2025-12-28 13:38:52,782 - INFO -     -> 0 links, 0 details
2025-12-28 13:38:52,782 - INFO -   [28/113] Burger au Fromage (V3: 153692, source_id: 102462)
2025-12-28 13:38:54,656 - DEBUG -   Found active group: Burgers free ingredients (V1 ID: 9765, Category: ci)
2025-12-28 13:38:54,670 - DEBUG -   Found active group: Burgers extra (V1 ID: 9766, Category: e)
2025-12-28 13:38:54,675 - INFO -   Burger au Fromage: 2 active modifier groups
2025-12-28 13:38:54,945 - DEBUG -     Linked: Burger au Fromage -> Burgers free ingredients
2025-12-28 13:38:55,107 - DEBUG -     Details: Ingrédients personnalisés (min:0, max:0, free:0, order:2)
2025-12-28 13:38:55,381 - DEBUG -     Linked: Burger au Fromage -> Burgers extra
2025-12-28 13:38:55,555 - DEBUG -     Details: Extras (min:0, max:0, free:0, order:7)
2025-12-28 13:38:55,556 - INFO -     -> 2 links, 2 details
2025-12-28 13:38:55,556 - INFO -   [29/113] Burger au Fromage Assiette (V3: 153695, source_id: 102465)
2025-12-28 13:38:57,443 - DEBUG -   Found active group: Burgers free ingredients (V1 ID: 9765, Category: ci)
2025-12-28 13:38:57,453 - DEBUG -   Found active group: Upgrade to Poutine (V1 ID: 9759, Category: sd)
2025-12-28 13:38:57,464 - DEBUG -   Found active group: Burgers extra (V1 ID: 9766, Category: e)
2025-12-28 13:38:57,468 - INFO -   Burger au Fromage Assiette: 3 active modifier groups
2025-12-28 13:38:57,750 - DEBUG -     Linked: Burger au Fromage Assiette -> Burgers free ingredients
2025-12-28 13:38:57,925 - DEBUG -     Details: Ingrédients personnalisés (min:0, max:0, free:0, order:2)
2025-12-28 13:38:58,318 - DEBUG -     Linked: Burger au Fromage Assiette -> Upgrade to Poutine
2025-12-28 13:38:58,482 - DEBUG -     Details: Changez vos frites pour Poutine (min:0, max:1, free:0, order:5)
2025-12-28 13:38:58,787 - DEBUG -     Linked: Burger au Fromage Assiette -> Burgers extra
2025-12-28 13:38:58,960 - DEBUG -     Details: Extras (min:0, max:0, free:0, order:4)
2025-12-28 13:38:58,960 - INFO -     -> 3 links, 3 details
2025-12-28 13:38:58,961 - INFO -   Progress: 30/113 dishes
2025-12-28 13:38:58,961 - INFO -   [30/113] Burger au Poulet (V3: 153693, source_id: 102463)
2025-12-28 13:39:00,841 - DEBUG -   Found active group: Burgers free ingredients (V1 ID: 9765, Category: ci)
2025-12-28 13:39:00,855 - DEBUG -   Found active group: Burgers extra (V1 ID: 9766, Category: e)
2025-12-28 13:39:00,859 - INFO -   Burger au Poulet: 2 active modifier groups
2025-12-28 13:39:01,134 - DEBUG -     Linked: Burger au Poulet -> Burgers free ingredients
2025-12-28 13:39:01,308 - DEBUG -     Details: Ingrédients personnalisés (min:0, max:0, free:0, order:2)
2025-12-28 13:39:01,604 - DEBUG -     Linked: Burger au Poulet -> Burgers extra
2025-12-28 13:39:01,770 - DEBUG -     Details: Extras (min:0, max:0, free:0, order:7)
2025-12-28 13:39:01,770 - INFO -     -> 2 links, 2 details
2025-12-28 13:39:01,770 - INFO -   [31/113] Burger au Poulet Assiette (V3: 153696, source_id: 102466)
2025-12-28 13:39:03,644 - DEBUG -   Found active group: Burgers free ingredients (V1 ID: 9765, Category: ci)
2025-12-28 13:39:03,655 - DEBUG -   Found active group: Upgrade to Poutine (V1 ID: 9759, Category: sd)
2025-12-28 13:39:03,665 - DEBUG -   Found active group: Burgers extra (V1 ID: 9766, Category: e)
2025-12-28 13:39:03,669 - INFO -   Burger au Poulet Assiette: 3 active modifier groups
2025-12-28 13:39:03,980 - DEBUG -     Linked: Burger au Poulet Assiette -> Burgers free ingredients
2025-12-28 13:39:04,172 - DEBUG -     Details: Ingrédients personnalisés (min:0, max:0, free:0, order:2)
2025-12-28 13:39:04,464 - DEBUG -     Linked: Burger au Poulet Assiette -> Upgrade to Poutine
2025-12-28 13:39:04,637 - DEBUG -     Details: Changez vos frites pour Poutine (min:0, max:1, free:0, order:5)
2025-12-28 13:39:04,928 - DEBUG -     Linked: Burger au Poulet Assiette -> Burgers extra
2025-12-28 13:39:05,098 - DEBUG -     Details: Extras (min:0, max:0, free:0, order:4)
2025-12-28 13:39:05,098 - INFO -     -> 3 links, 3 details
2025-12-28 13:39:05,098 - INFO -   [32/113] Club Poutine (V3: 153687, source_id: 102457)
2025-12-28 13:39:06,976 - DEBUG -   No active modifier groups for dish Club Poutine
2025-12-28 13:39:06,976 - INFO -     -> 0 links, 0 details
2025-12-28 13:39:06,977 - INFO -   [33/113] Club Sandwich (V3: 153686, source_id: 102456)
2025-12-28 13:39:08,835 - DEBUG -   Found active group: Club Sandwich extra Cheese (V1 ID: 9755, Category: e)
2025-12-28 13:39:08,840 - INFO -   Club Sandwich: 1 active modifier groups
2025-12-28 13:39:09,107 - DEBUG -     Linked: Club Sandwich -> Club Sandwich extra Cheese
2025-12-28 13:39:09,285 - DEBUG -     Details: Extras (min:0, max:1, free:0, order:7)
2025-12-28 13:39:09,285 - INFO -     -> 1 links, 1 details
2025-12-28 13:39:09,286 - INFO -   [34/113] Club Sub (V3: 153721, source_id: 102488)
2025-12-28 13:39:11,127 - DEBUG -   Found active group: SUBS Sauces (V1 ID: 9758, Category: sa)
2025-12-28 13:39:11,139 - DEBUG -   Found active group: SUBS Extras (V1 ID: 9757, Category: e)
2025-12-28 13:39:11,143 - INFO -   Club Sub: 2 active modifier groups
2025-12-28 13:39:11,415 - DEBUG -     Linked: Club Sub -> SUBS Sauces
2025-12-28 13:39:11,572 - DEBUG -     Details: Sauces (min:1, max:1, free:0, order:4)
2025-12-28 13:39:11,889 - DEBUG -     Linked: Club Sub -> SUBS Extras
2025-12-28 13:39:12,065 - DEBUG -     Details: Extras (min:0, max:0, free:0, order:7)
2025-12-28 13:39:12,065 - INFO -     -> 2 links, 2 details
2025-12-28 13:39:12,065 - INFO -   [35/113] Coke (V3: 153745, source_id: 102512)
2025-12-28 13:39:13,936 - DEBUG -   No active modifier groups for dish Coke
2025-12-28 13:39:13,936 - INFO -     -> 0 links, 0 details
2025-12-28 13:39:13,936 - INFO -   [36/113] Cornichons Frits Panées (V3: 153702, source_id: 123402)
2025-12-28 13:39:15,790 - DEBUG -   No active modifier groups for dish Cornichons Frits Panées
2025-12-28 13:39:15,790 - INFO -     -> 0 links, 0 details
2025-12-28 13:39:15,790 - INFO -   [37/113] Crush Couleurs (V3: 153749, source_id: 102516)
2025-12-28 13:39:17,634 - DEBUG -   No active modifier groups for dish Crush Couleurs
2025-12-28 13:39:17,634 - INFO -     -> 0 links, 0 details
2025-12-28 13:39:17,634 - INFO -   [38/113] Doigts de Poulet (4) (V3: 153688, source_id: 102458)
2025-12-28 13:39:19,503 - DEBUG -   No active modifier groups for dish Doigts de Poulet (4)
2025-12-28 13:39:19,503 - INFO -     -> 0 links, 0 details
2025-12-28 13:39:19,503 - INFO -   [39/113] Donair au Boeuf (V3: 153727, source_id: 102494)
2025-12-28 13:39:21,385 - DEBUG -   Found active group: Upgrade to Poutine (V1 ID: 9759, Category: sd)
2025-12-28 13:39:21,397 - DEBUG -   Found active group: Shawarma Extras (V1 ID: 9761, Category: e)
2025-12-28 13:39:21,401 - INFO -   Donair au Boeuf: 2 active modifier groups
2025-12-28 13:39:21,687 - DEBUG -     Linked: Donair au Boeuf -> Upgrade to Poutine
2025-12-28 13:39:21,844 - DEBUG -     Details: Changez vos frites pour Poutine (min:0, max:1, free:0, order:5)
2025-12-28 13:39:22,139 - DEBUG -     Linked: Donair au Boeuf -> Shawarma Extras
2025-12-28 13:39:22,295 - DEBUG -     Details: Extras (min:0, max:0, free:0, order:7)
2025-12-28 13:39:22,295 - INFO -     -> 2 links, 2 details
2025-12-28 13:39:22,296 - INFO -   Progress: 40/113 dishes
2025-12-28 13:39:22,296 - INFO -   [40/113] Donair au Boeuf (10") (V3: 153732, source_id: 102499)
2025-12-28 13:39:24,171 - DEBUG -   Found active group: Shawarma & Donair (pita) Sauces (V1 ID: 9763, Category: sa)
2025-12-28 13:39:24,184 - DEBUG -   Found active group: Pitas Extras (V1 ID: 9762, Category: e)
2025-12-28 13:39:24,188 - INFO -   Donair au Boeuf (10"): 2 active modifier groups
2025-12-28 13:39:24,495 - DEBUG -     Linked: Donair au Boeuf (10") -> Shawarma & Donair (pita) Sauces
2025-12-28 13:39:24,664 - DEBUG -     Details: Sauces (min:1, max:1, free:0, order:4)
2025-12-28 13:39:24,983 - DEBUG -     Linked: Donair au Boeuf (10") -> Pitas Extras
2025-12-28 13:39:25,161 - DEBUG -     Details: Extras (min:0, max:0, free:0, order:7)
2025-12-28 13:39:25,161 - INFO -     -> 2 links, 2 details
2025-12-28 13:39:25,161 - INFO -   [41/113] Eau (500 ml) (V3: 153751, source_id: 102518)
2025-12-28 13:39:27,034 - DEBUG -   No active modifier groups for dish Eau (500 ml)
2025-12-28 13:39:27,034 - INFO -     -> 0 links, 0 details
2025-12-28 13:39:27,034 - INFO -   [42/113] Frites (V3: 153704, source_id: 102472)
2025-12-28 13:39:28,891 - DEBUG -   No active modifier groups for dish Frites
2025-12-28 13:39:28,891 - INFO -     -> 0 links, 0 details
2025-12-28 13:39:28,891 - INFO -   [43/113] Gâteau au Fromage (V3: 153741, source_id: 102508)
2025-12-28 13:39:30,773 - DEBUG -   No active modifier groups for dish Gâteau au Fromage
2025-12-28 13:39:30,773 - INFO -     -> 0 links, 0 details
2025-12-28 13:39:30,773 - INFO -   [44/113] Ginger Ale (V3: 153748, source_id: 102515)
2025-12-28 13:39:32,646 - DEBUG -   No active modifier groups for dish Ginger Ale
2025-12-28 13:39:32,646 - INFO -     -> 0 links, 0 details
2025-12-28 13:39:32,646 - INFO -   [45/113] Hamburger (V3: 153691, source_id: 102461)
2025-12-28 13:39:34,482 - DEBUG -   Found active group: Burgers free ingredients (V1 ID: 9765, Category: ci)
2025-12-28 13:39:34,497 - DEBUG -   Found active group: Burgers extra (V1 ID: 9766, Category: e)
2025-12-28 13:39:34,501 - INFO -   Hamburger: 2 active modifier groups
2025-12-28 13:39:34,774 - DEBUG -     Linked: Hamburger -> Burgers free ingredients
2025-12-28 13:39:34,932 - DEBUG -     Details: Ingrédients personnalisés (min:0, max:0, free:0, order:2)
2025-12-28 13:39:35,212 - DEBUG -     Linked: Hamburger -> Burgers extra
2025-12-28 13:39:35,370 - DEBUG -     Details: Extras (min:0, max:0, free:0, order:7)
2025-12-28 13:39:35,370 - INFO -     -> 2 links, 2 details
2025-12-28 13:39:35,370 - INFO -   [46/113] Hamburger Assiette (V3: 153694, source_id: 102464)
2025-12-28 13:39:37,227 - DEBUG -   Found active group: Burgers free ingredients (V1 ID: 9765, Category: ci)
2025-12-28 13:39:37,239 - DEBUG -   Found active group: Upgrade to Poutine (V1 ID: 9759, Category: sd)
2025-12-28 13:39:37,249 - DEBUG -   Found active group: Burgers extra (V1 ID: 9766, Category: e)
2025-12-28 13:39:37,253 - INFO -   Hamburger Assiette: 3 active modifier groups
2025-12-28 13:39:37,544 - DEBUG -     Linked: Hamburger Assiette -> Burgers free ingredients
2025-12-28 13:39:37,745 - DEBUG -     Details: Ingrédients personnalisés (min:0, max:0, free:0, order:2)
2025-12-28 13:39:38,023 - DEBUG -     Linked: Hamburger Assiette -> Upgrade to Poutine
2025-12-28 13:39:38,202 - DEBUG -     Details: Changez vos frites pour Poutine (min:0, max:1, free:0, order:5)
2025-12-28 13:39:38,534 - DEBUG -     Linked: Hamburger Assiette -> Burgers extra
2025-12-28 13:39:38,703 - DEBUG -     Details: Extras (min:0, max:0, free:0, order:4)
2025-12-28 13:39:38,703 - INFO -     -> 3 links, 3 details
2025-12-28 13:39:38,703 - INFO -   [47/113] Hamburger Steak (V3: 153690, source_id: 102460)
2025-12-28 13:39:40,563 - DEBUG -   No active modifier groups for dish Hamburger Steak
2025-12-28 13:39:40,564 - INFO -     -> 0 links, 0 details
2025-12-28 13:39:40,564 - INFO -   [48/113] Hawaïenne (V3: 153656, source_id: 102429)
2025-12-28 13:39:42,464 - DEBUG -   Found active group: Pizza Toppings (V1 ID: 9748, Category: ci)
2025-12-28 13:39:42,478 - DEBUG -   Found active group: Dips (V1 ID: 9751, Category: sa)
2025-12-28 13:39:42,498 - DEBUG -   Found active group: Crust Type (V1 ID: 9746, Category: br)
2025-12-28 13:39:42,501 - INFO -   Hawaïenne: 3 active modifier groups
2025-12-28 13:39:42,802 - DEBUG -     Linked: Hawaïenne -> Pizza Toppings
2025-12-28 13:39:42,968 - DEBUG -     Details: Ajouter plus de garnitures (min:0, max:0, free:0, order:2)
2025-12-28 13:39:43,259 - DEBUG -     Linked: Hawaïenne -> Dips
2025-12-28 13:39:43,431 - DEBUG -     Details: Trempettes (min:0, max:0, free:0, order:4)
2025-12-28 13:39:43,769 - DEBUG -     Linked: Hawaïenne -> Crust Type
2025-12-28 13:39:43,994 - DEBUG -     Details: Choix de pain (min:0, max:0, free:0, order:1)
2025-12-28 13:39:43,994 - INFO -     -> 3 links, 3 details
2025-12-28 13:39:43,995 - INFO -   [49/113] Hummus (V3: 153736, source_id: 102503)
2025-12-28 13:39:45,876 - DEBUG -   No active modifier groups for dish Hummus
2025-12-28 13:39:45,876 - INFO -     -> 0 links, 0 details
2025-12-28 13:39:45,877 - INFO -   Progress: 50/113 dishes
2025-12-28 13:39:45,877 - INFO -   [50/113] Joanna Spéciale (V3: 153664, source_id: 102435)
2025-12-28 13:39:47,720 - DEBUG -   Found active group: Pizza Toppings (V1 ID: 9748, Category: ci)
2025-12-28 13:39:47,729 - DEBUG -   Found active group: Dips (V1 ID: 9751, Category: sa)
2025-12-28 13:39:47,742 - DEBUG -   Found active group: Crust Type (V1 ID: 9746, Category: br)
2025-12-28 13:39:47,745 - INFO -   Joanna Spéciale: 3 active modifier groups
2025-12-28 13:39:48,063 - DEBUG -     Linked: Joanna Spéciale -> Pizza Toppings
2025-12-28 13:39:48,231 - DEBUG -     Details: Ajouter plus de garnitures (min:0, max:0, free:0, order:2)
2025-12-28 13:39:48,508 - DEBUG -     Linked: Joanna Spéciale -> Dips
2025-12-28 13:39:48,684 - DEBUG -     Details: Trempettes (min:0, max:0, free:0, order:4)
2025-12-28 13:39:48,968 - DEBUG -     Linked: Joanna Spéciale -> Crust Type
2025-12-28 13:39:49,111 - DEBUG -     Details: Choix de pain (min:0, max:0, free:0, order:1)
2025-12-28 13:39:49,112 - INFO -     -> 3 links, 3 details
2025-12-28 13:39:49,112 - INFO -   [51/113] La Canadienne (V3: 153658, source_id: 102431)
2025-12-28 13:39:50,992 - DEBUG -   Found active group: Pizza Toppings (V1 ID: 9748, Category: ci)
2025-12-28 13:39:51,001 - DEBUG -   Found active group: Dips (V1 ID: 9751, Category: sa)
2025-12-28 13:39:51,014 - DEBUG -   Found active group: Crust Type (V1 ID: 9746, Category: br)
2025-12-28 13:39:51,017 - INFO -   La Canadienne: 3 active modifier groups
2025-12-28 13:39:51,407 - DEBUG -     Linked: La Canadienne -> Pizza Toppings
2025-12-28 13:39:51,608 - DEBUG -     Details: Ajouter plus de garnitures (min:0, max:0, free:0, order:2)
2025-12-28 13:39:51,887 - DEBUG -     Linked: La Canadienne -> Dips
2025-12-28 13:39:52,042 - DEBUG -     Details: Trempettes (min:0, max:0, free:0, order:4)
2025-12-28 13:39:52,334 - DEBUG -     Linked: La Canadienne -> Crust Type
2025-12-28 13:39:52,489 - DEBUG -     Details: Choix de pain (min:0, max:0, free:0, order:1)
2025-12-28 13:39:52,489 - INFO -     -> 3 links, 3 details
2025-12-28 13:39:52,490 - INFO -   [52/113] La Gatinoise (V3: 153662, source_id: 102433)
2025-12-28 13:39:54,354 - DEBUG -   Found active group: Pizza Toppings (V1 ID: 9748, Category: ci)
2025-12-28 13:39:54,368 - DEBUG -   Found active group: Dips (V1 ID: 9751, Category: sa)
2025-12-28 13:39:54,392 - DEBUG -   Found active group: Crust Type (V1 ID: 9746, Category: br)
2025-12-28 13:39:54,398 - INFO -   La Gatinoise: 3 active modifier groups
2025-12-28 13:39:54,669 - DEBUG -     Linked: La Gatinoise -> Pizza Toppings
2025-12-28 13:39:54,825 - DEBUG -     Details: Ajouter plus de garnitures (min:0, max:0, free:0, order:2)
2025-12-28 13:39:55,105 - DEBUG -     Linked: La Gatinoise -> Dips
2025-12-28 13:39:55,274 - DEBUG -     Details: Trempettes (min:0, max:0, free:0, order:4)
2025-12-28 13:39:55,540 - DEBUG -     Linked: La Gatinoise -> Crust Type
2025-12-28 13:39:55,693 - DEBUG -     Details: Choix de pain (min:0, max:0, free:0, order:1)
2025-12-28 13:39:55,693 - INFO -     -> 3 links, 3 details
2025-12-28 13:39:55,693 - INFO -   [53/113] La Méditerranéeanne (V3: 153671, source_id: 102442)
2025-12-28 13:39:57,561 - DEBUG -   Found active group: Pizza Toppings (V1 ID: 9748, Category: ci)
2025-12-28 13:39:57,571 - DEBUG -   Found active group: Dips (V1 ID: 9751, Category: sa)
2025-12-28 13:39:57,585 - DEBUG -   Found active group: Crust Type (V1 ID: 9746, Category: br)
2025-12-28 13:39:57,588 - INFO -   La Méditerranéeanne: 3 active modifier groups
2025-12-28 13:39:57,884 - DEBUG -     Linked: La Méditerranéeanne -> Pizza Toppings
2025-12-28 13:39:58,044 - DEBUG -     Details: Ajouter plus de garnitures (min:0, max:0, free:0, order:2)
2025-12-28 13:39:58,351 - DEBUG -     Linked: La Méditerranéeanne -> Dips
2025-12-28 13:39:58,527 - DEBUG -     Details: Trempettes (min:0, max:0, free:0, order:4)
2025-12-28 13:39:58,855 - DEBUG -     Linked: La Méditerranéeanne -> Crust Type
2025-12-28 13:39:59,004 - DEBUG -     Details: Choix de pain (min:0, max:0, free:0, order:1)
2025-12-28 13:39:59,004 - INFO -     -> 3 links, 3 details
2025-12-28 13:39:59,005 - INFO -   [54/113] La Mily (V3: 153660, source_id: 123400)
2025-12-28 13:40:00,884 - DEBUG -   Found active group: Pizza Toppings (V1 ID: 9748, Category: ci)
2025-12-28 13:40:00,896 - DEBUG -   Found active group: Dips (V1 ID: 9751, Category: sa)
2025-12-28 13:40:00,912 - DEBUG -   Found active group: Crust Type (V1 ID: 9746, Category: br)
2025-12-28 13:40:00,915 - INFO -   La Mily: 3 active modifier groups
2025-12-28 13:40:01,267 - DEBUG -     Linked: La Mily -> Pizza Toppings
2025-12-28 13:40:01,436 - DEBUG -     Details: Ajouter plus de garnitures (min:0, max:0, free:0, order:2)
2025-12-28 13:40:01,717 - DEBUG -     Linked: La Mily -> Dips
2025-12-28 13:40:01,878 - DEBUG -     Details: Trempettes (min:0, max:0, free:0, order:4)
2025-12-28 13:40:02,155 - DEBUG -     Linked: La Mily -> Crust Type
2025-12-28 13:40:02,311 - DEBUG -     Details: Choix de pain (min:0, max:0, free:0, order:1)
2025-12-28 13:40:02,311 - INFO -     -> 3 links, 3 details
2025-12-28 13:40:02,311 - INFO -   [55/113] La Québecoise (V3: 153659, source_id: 102432)
2025-12-28 13:40:04,178 - DEBUG -   Found active group: Pizza Toppings (V1 ID: 9748, Category: ci)
2025-12-28 13:40:04,188 - DEBUG -   Found active group: Dips (V1 ID: 9751, Category: sa)
2025-12-28 13:40:04,204 - DEBUG -   Found active group: Crust Type (V1 ID: 9746, Category: br)
2025-12-28 13:40:04,207 - INFO -   La Québecoise: 3 active modifier groups
2025-12-28 13:40:04,491 - DEBUG -     Linked: La Québecoise -> Pizza Toppings
2025-12-28 13:40:04,661 - DEBUG -     Details: Ajouter plus de garnitures (min:0, max:0, free:0, order:2)
2025-12-28 13:40:05,016 - DEBUG -     Linked: La Québecoise -> Dips
2025-12-28 13:40:05,203 - DEBUG -     Details: Trempettes (min:0, max:0, free:0, order:4)
2025-12-28 13:40:05,681 - DEBUG -     Linked: La Québecoise -> Crust Type
2025-12-28 13:40:05,873 - DEBUG -     Details: Choix de pain (min:0, max:0, free:0, order:1)
2025-12-28 13:40:05,873 - INFO -     -> 3 links, 3 details
2025-12-28 13:40:05,873 - INFO -   [56/113] La Rita (V3: 153661, source_id: 123401)
2025-12-28 13:40:07,735 - DEBUG -   Found active group: Pizza Toppings (V1 ID: 9748, Category: ci)
2025-12-28 13:40:07,774 - DEBUG -   Found active group: Dips (V1 ID: 9751, Category: sa)
2025-12-28 13:40:07,788 - DEBUG -   Found active group: Crust Type (V1 ID: 9746, Category: br)
2025-12-28 13:40:07,791 - INFO -   La Rita: 3 active modifier groups
2025-12-28 13:40:08,350 - DEBUG -     Linked: La Rita -> Pizza Toppings
2025-12-28 13:40:08,610 - DEBUG -     Details: Ajouter plus de garnitures (min:0, max:0, free:0, order:2)
2025-12-28 13:40:09,102 - DEBUG -     Linked: La Rita -> Dips
2025-12-28 13:40:09,312 - DEBUG -     Details: Trempettes (min:0, max:0, free:0, order:4)
2025-12-28 13:40:09,840 - DEBUG -     Linked: La Rita -> Crust Type
2025-12-28 13:40:10,044 - DEBUG -     Details: Choix de pain (min:0, max:0, free:0, order:1)
2025-12-28 13:40:10,044 - INFO -     -> 3 links, 3 details
2025-12-28 13:40:10,044 - INFO -   [57/113] Lasagne (V3: 153711, source_id: 102478)
2025-12-28 13:40:11,906 - DEBUG -   Found active group: Italian Meals Extras (V1 ID: 9756, Category: e)
2025-12-28 13:40:11,911 - INFO -   Lasagne: 1 active modifier groups
2025-12-28 13:40:12,343 - DEBUG -     Linked: Lasagne -> Italian Meals Extras
2025-12-28 13:40:12,510 - DEBUG -     Details: Extras (min:0, max:0, free:0, order:7)
2025-12-28 13:40:12,510 - INFO -     -> 1 links, 1 details
2025-12-28 13:40:12,510 - INFO -   [58/113] Mexicaine (V3: 153665, source_id: 102436)
2025-12-28 13:40:14,366 - DEBUG -   Found active group: Pizza Toppings (V1 ID: 9748, Category: ci)
2025-12-28 13:40:14,377 - DEBUG -   Found active group: Dips (V1 ID: 9751, Category: sa)
2025-12-28 13:40:14,391 - DEBUG -   Found active group: Crust Type (V1 ID: 9746, Category: br)
2025-12-28 13:40:14,395 - INFO -   Mexicaine: 3 active modifier groups
2025-12-28 13:40:14,739 - DEBUG -     Linked: Mexicaine -> Pizza Toppings
2025-12-28 13:40:14,910 - DEBUG -     Details: Ajouter plus de garnitures (min:0, max:0, free:0, order:2)
2025-12-28 13:40:15,209 - DEBUG -     Linked: Mexicaine -> Dips
2025-12-28 13:40:15,369 - DEBUG -     Details: Trempettes (min:0, max:0, free:0, order:4)
2025-12-28 13:40:15,661 - DEBUG -     Linked: Mexicaine -> Crust Type
2025-12-28 13:40:15,816 - DEBUG -     Details: Choix de pain (min:0, max:0, free:0, order:1)
2025-12-28 13:40:15,816 - INFO -     -> 3 links, 3 details
2025-12-28 13:40:15,816 - INFO -   [59/113] Nachos (V3: 153677, source_id: 102448)
2025-12-28 13:40:17,675 - DEBUG -   Found active group: Nachos Extra Cheese (V1 ID: 9753, Category: e)
2025-12-28 13:40:17,679 - INFO -   Nachos: 1 active modifier groups
2025-12-28 13:40:17,990 - DEBUG -     Linked: Nachos -> Nachos Extra Cheese
2025-12-28 13:40:18,175 - DEBUG -     Details: Extras (min:0, max:1, free:0, order:7)
2025-12-28 13:40:18,176 - INFO -     -> 1 links, 1 details
2025-12-28 13:40:18,176 - INFO -   Progress: 60/113 dishes
2025-12-28 13:40:18,176 - INFO -   [60/113] Nachos au Bacon (V3: 153680, source_id: 111220)
2025-12-28 13:40:20,033 - DEBUG -   Found active group: Nachos Extra Cheese (V1 ID: 9753, Category: e)
2025-12-28 13:40:20,038 - INFO -   Nachos au Bacon: 1 active modifier groups
2025-12-28 13:40:20,324 - DEBUG -     Linked: Nachos au Bacon -> Nachos Extra Cheese
2025-12-28 13:40:20,484 - DEBUG -     Details: Extras (min:0, max:1, free:0, order:7)
2025-12-28 13:40:20,484 - INFO -     -> 1 links, 1 details
2025-12-28 13:40:20,485 - INFO -   [61/113] Nachos au Boeuf (V3: 153679, source_id: 102450)
2025-12-28 13:40:22,381 - DEBUG -   Found active group: Nachos Extra Cheese (V1 ID: 9753, Category: e)
2025-12-28 13:40:22,386 - INFO -   Nachos au Boeuf: 1 active modifier groups
2025-12-28 13:40:22,663 - DEBUG -     Linked: Nachos au Boeuf -> Nachos Extra Cheese
2025-12-28 13:40:22,944 - DEBUG -     Details: Extras (min:0, max:1, free:0, order:7)
2025-12-28 13:40:22,945 - INFO -     -> 1 links, 1 details
2025-12-28 13:40:22,945 - INFO -   [62/113] Nachos au Poulet (V3: 153678, source_id: 102449)
2025-12-28 13:40:24,867 - DEBUG -   Found active group: Nachos Extra Cheese (V1 ID: 9753, Category: e)
2025-12-28 13:40:24,873 - INFO -   Nachos au Poulet: 1 active modifier groups
2025-12-28 13:40:25,414 - DEBUG -     Linked: Nachos au Poulet -> Nachos Extra Cheese
2025-12-28 13:40:25,588 - DEBUG -     Details: Extras (min:0, max:1, free:0, order:7)
2025-12-28 13:40:25,588 - INFO -     -> 1 links, 1 details
2025-12-28 13:40:25,588 - INFO -   [63/113] Pain à l’ail (12") (V3: 153699, source_id: 102469)
2025-12-28 13:40:27,451 - DEBUG -   No active modifier groups for dish Pain à l’ail (12")
2025-12-28 13:40:27,451 - INFO -     -> 0 links, 0 details
2025-12-28 13:40:27,451 - INFO -   [64/113] Pain à l’ail gratiné (12") (V3: 153700, source_id: 102470)
2025-12-28 13:40:29,452 - DEBUG -   No active modifier groups for dish Pain à l’ail gratiné (12")
2025-12-28 13:40:29,452 - INFO -     -> 0 links, 0 details
2025-12-28 13:40:29,452 - INFO -   [65/113] Patates à l'ail (V3: 153708, source_id: 111219)
2025-12-28 13:40:31,416 - DEBUG -   No active modifier groups for dish Patates à l'ail
2025-12-28 13:40:31,417 - INFO -     -> 0 links, 0 details
2025-12-28 13:40:31,417 - INFO -   [66/113] Patates Wedges (V3: 153707, source_id: 102475)
2025-12-28 13:40:33,265 - DEBUG -   No active modifier groups for dish Patates Wedges
2025-12-28 13:40:33,265 - INFO -     -> 0 links, 0 details
2025-12-28 13:40:33,265 - INFO -   [67/113] Pepperoni Sub (V3: 153717, source_id: 102484)
2025-12-28 13:40:35,146 - DEBUG -   Found active group: SUBS Sauces (V1 ID: 9758, Category: sa)
2025-12-28 13:40:35,175 - DEBUG -   Found active group: SUBS Extras (V1 ID: 9757, Category: e)
2025-12-28 13:40:35,183 - INFO -   Pepperoni Sub: 2 active modifier groups
2025-12-28 13:40:35,494 - DEBUG -     Linked: Pepperoni Sub -> SUBS Sauces
2025-12-28 13:40:35,663 - DEBUG -     Details: Sauces (min:1, max:1, free:0, order:4)
2025-12-28 13:40:35,949 - DEBUG -     Linked: Pepperoni Sub -> SUBS Extras
2025-12-28 13:40:36,135 - DEBUG -     Details: Extras (min:0, max:0, free:0, order:7)
2025-12-28 13:40:36,135 - INFO -     -> 2 links, 2 details
2025-12-28 13:40:36,136 - INFO -   [68/113] Pepsi (V3: 153744, source_id: 102511)
2025-12-28 13:40:38,048 - DEBUG -   No active modifier groups for dish Pepsi
2025-12-28 13:40:38,048 - INFO -     -> 0 links, 0 details
2025-12-28 13:40:38,048 - INFO -   [69/113] Pita (V3: 153733, source_id: 102500)
2025-12-28 13:40:39,902 - DEBUG -   No active modifier groups for dish Pita
2025-12-28 13:40:39,902 - INFO -     -> 0 links, 0 details
2025-12-28 13:40:39,902 - INFO -   Progress: 70/113 dishes
2025-12-28 13:40:39,902 - INFO -   [70/113] Pizza à la Grecque (V3: 153670, source_id: 102441)
2025-12-28 13:40:41,745 - DEBUG -   Found active group: Pizza Toppings (V1 ID: 9748, Category: ci)
2025-12-28 13:40:41,756 - DEBUG -   Found active group: Dips (V1 ID: 9751, Category: sa)
2025-12-28 13:40:41,769 - DEBUG -   Found active group: Crust Type (V1 ID: 9746, Category: br)
2025-12-28 13:40:41,772 - INFO -   Pizza à la Grecque: 3 active modifier groups
2025-12-28 13:40:42,078 - DEBUG -     Linked: Pizza à la Grecque -> Pizza Toppings
2025-12-28 13:40:42,355 - DEBUG -     Details: Ajouter plus de garnitures (min:0, max:0, free:0, order:2)
2025-12-28 13:40:42,709 - DEBUG -     Linked: Pizza à la Grecque -> Dips
2025-12-28 13:40:42,885 - DEBUG -     Details: Trempettes (min:0, max:0, free:0, order:4)
2025-12-28 13:40:43,193 - DEBUG -     Linked: Pizza à la Grecque -> Crust Type
2025-12-28 13:40:43,341 - DEBUG -     Details: Choix de pain (min:0, max:0, free:0, order:1)
2025-12-28 13:40:43,342 - INFO -     -> 3 links, 3 details
2025-12-28 13:40:43,342 - INFO -   [71/113] Pizza Au Donair (V3: 153666, source_id: 102437)
2025-12-28 13:40:45,210 - DEBUG -   Found active group: Pizza Toppings (V1 ID: 9748, Category: ci)
2025-12-28 13:40:45,219 - DEBUG -   Found active group: Dips (V1 ID: 9751, Category: sa)
2025-12-28 13:40:45,233 - DEBUG -   Found active group: Crust Type (V1 ID: 9746, Category: br)
2025-12-28 13:40:45,236 - INFO -   Pizza Au Donair: 3 active modifier groups
2025-12-28 13:40:45,511 - DEBUG -     Linked: Pizza Au Donair -> Pizza Toppings
2025-12-28 13:40:45,680 - DEBUG -     Details: Ajouter plus de garnitures (min:0, max:0, free:0, order:2)
2025-12-28 13:40:45,960 - DEBUG -     Linked: Pizza Au Donair -> Dips
2025-12-28 13:40:46,136 - DEBUG -     Details: Trempettes (min:0, max:0, free:0, order:4)
2025-12-28 13:40:46,430 - DEBUG -     Linked: Pizza Au Donair -> Crust Type
2025-12-28 13:40:46,578 - DEBUG -     Details: Choix de pain (min:0, max:0, free:0, order:1)
2025-12-28 13:40:46,578 - INFO -     -> 3 links, 3 details
2025-12-28 13:40:46,579 - INFO -   [72/113] Pizza au Fromage (V3: 153654, source_id: 102426)
2025-12-28 13:40:48,420 - DEBUG -   Found active group: Pizza Toppings (V1 ID: 9748, Category: ci)
2025-12-28 13:40:48,429 - DEBUG -   Found active group: Dips (V1 ID: 9751, Category: sa)
2025-12-28 13:40:48,443 - DEBUG -   Found active group: Crust Type (V1 ID: 9746, Category: br)
2025-12-28 13:40:48,446 - INFO -   Pizza au Fromage: 3 active modifier groups
2025-12-28 13:40:48,745 - DEBUG -     Linked: Pizza au Fromage -> Pizza Toppings
2025-12-28 13:40:48,906 - DEBUG -     Details: Ajouter plus de garnitures (min:0, max:0, free:0, order:2)
2025-12-28 13:40:49,181 - DEBUG -     Linked: Pizza au Fromage -> Dips
2025-12-28 13:40:49,339 - DEBUG -     Details: Trempettes (min:0, max:0, free:0, order:4)
2025-12-28 13:40:49,621 - DEBUG -     Linked: Pizza au Fromage -> Crust Type
2025-12-28 13:40:49,797 - DEBUG -     Details: Choix de pain (min:0, max:0, free:0, order:1)
2025-12-28 13:40:49,798 - INFO -     -> 3 links, 3 details
2025-12-28 13:40:49,798 - INFO -   [73/113] Pizza au Poulet BBQ (V3: 153669, source_id: 102440)
2025-12-28 13:40:51,673 - DEBUG -   Found active group: Pizza Toppings (V1 ID: 9748, Category: ci)
2025-12-28 13:40:51,684 - DEBUG -   Found active group: Dips (V1 ID: 9751, Category: sa)
2025-12-28 13:40:51,700 - DEBUG -   Found active group: Crust Type (V1 ID: 9746, Category: br)
2025-12-28 13:40:51,703 - INFO -   Pizza au Poulet BBQ: 3 active modifier groups
2025-12-28 13:40:51,974 - DEBUG -     Linked: Pizza au Poulet BBQ -> Pizza Toppings
2025-12-28 13:40:52,137 - DEBUG -     Details: Ajouter plus de garnitures (min:0, max:0, free:0, order:2)
2025-12-28 13:40:52,446 - DEBUG -     Linked: Pizza au Poulet BBQ -> Dips
2025-12-28 13:40:52,611 - DEBUG -     Details: Trempettes (min:0, max:0, free:0, order:4)
2025-12-28 13:40:52,922 - DEBUG -     Linked: Pizza au Poulet BBQ -> Crust Type
2025-12-28 13:40:53,092 - DEBUG -     Details: Choix de pain (min:0, max:0, free:0, order:1)
2025-12-28 13:40:53,092 - INFO -     -> 3 links, 3 details
2025-12-28 13:40:53,093 - INFO -   [74/113] Pizza Deluxe (V3: 153667, source_id: 102438)
2025-12-28 13:40:54,961 - DEBUG -   Found active group: Pizza Toppings (V1 ID: 9748, Category: ci)
2025-12-28 13:40:54,970 - DEBUG -   Found active group: Dips (V1 ID: 9751, Category: sa)
2025-12-28 13:40:54,984 - DEBUG -   Found active group: Crust Type (V1 ID: 9746, Category: br)
2025-12-28 13:40:54,987 - INFO -   Pizza Deluxe: 3 active modifier groups
2025-12-28 13:40:55,281 - DEBUG -     Linked: Pizza Deluxe -> Pizza Toppings
2025-12-28 13:40:55,444 - DEBUG -     Details: Ajouter plus de garnitures (min:0, max:0, free:0, order:2)
2025-12-28 13:40:55,737 - DEBUG -     Linked: Pizza Deluxe -> Dips
2025-12-28 13:40:55,895 - DEBUG -     Details: Trempettes (min:0, max:0, free:0, order:4)
2025-12-28 13:40:56,209 - DEBUG -     Linked: Pizza Deluxe -> Crust Type
2025-12-28 13:40:56,354 - DEBUG -     Details: Choix de pain (min:0, max:0, free:0, order:1)
2025-12-28 13:40:56,354 - INFO -     -> 3 links, 3 details
2025-12-28 13:40:56,354 - INFO -   [75/113] Pizza Sub (V3: 153719, source_id: 102486)
2025-12-28 13:40:58,249 - DEBUG -   Found active group: SUBS Sauces (V1 ID: 9758, Category: sa)
2025-12-28 13:40:58,261 - DEBUG -   Found active group: SUBS Extras (V1 ID: 9757, Category: e)
2025-12-28 13:40:58,266 - INFO -   Pizza Sub: 2 active modifier groups
2025-12-28 13:40:58,549 - DEBUG -     Linked: Pizza Sub -> SUBS Sauces
2025-12-28 13:40:58,710 - DEBUG -     Details: Sauces (min:1, max:1, free:0, order:4)
2025-12-28 13:40:58,996 - DEBUG -     Linked: Pizza Sub -> SUBS Extras
2025-12-28 13:40:59,158 - DEBUG -     Details: Extras (min:0, max:0, free:0, order:7)
2025-12-28 13:40:59,158 - INFO -     -> 2 links, 2 details
2025-12-28 13:40:59,159 - INFO -   [76/113] Pogo (2) (V3: 153703, source_id: 124912)
2025-12-28 13:41:01,011 - DEBUG -   No active modifier groups for dish Pogo (2)
2025-12-28 13:41:01,011 - INFO -     -> 0 links, 0 details
2025-12-28 13:41:01,011 - INFO -   [77/113] Poulet Sub (V3: 153720, source_id: 102487)
2025-12-28 13:41:02,886 - DEBUG -   Found active group: SUBS Sauces (V1 ID: 9758, Category: sa)
2025-12-28 13:41:02,898 - DEBUG -   Found active group: SUBS Extras (V1 ID: 9757, Category: e)
2025-12-28 13:41:02,904 - INFO -   Poulet Sub: 2 active modifier groups
2025-12-28 13:41:03,177 - DEBUG -     Linked: Poulet Sub -> SUBS Sauces
2025-12-28 13:41:03,339 - DEBUG -     Details: Sauces (min:1, max:1, free:0, order:4)
2025-12-28 13:41:03,677 - DEBUG -     Linked: Poulet Sub -> SUBS Extras
2025-12-28 13:41:03,849 - DEBUG -     Details: Extras (min:0, max:0, free:0, order:7)
2025-12-28 13:41:03,850 - INFO -     -> 2 links, 2 details
2025-12-28 13:41:03,850 - INFO -   [78/113] Poutine (V3: 153705, source_id: 102473)
2025-12-28 13:41:05,755 - DEBUG -   No active modifier groups for dish Poutine
2025-12-28 13:41:05,755 - INFO -     -> 0 links, 0 details
2025-12-28 13:41:05,755 - INFO -   [79/113] Poutine Italienne (V3: 153706, source_id: 102474)
2025-12-28 13:41:07,628 - DEBUG -   No active modifier groups for dish Poutine Italienne
2025-12-28 13:41:07,629 - INFO -     -> 0 links, 0 details
2025-12-28 13:41:07,629 - INFO -   Progress: 80/113 dishes
2025-12-28 13:41:07,629 - INFO -   [80/113] Ravioli (V3: 153712, source_id: 102479)
2025-12-28 13:41:09,494 - DEBUG -   Found active group: Italian Meals Extras (V1 ID: 9756, Category: e)
2025-12-28 13:41:09,498 - INFO -   Ravioli: 1 active modifier groups
2025-12-28 13:41:09,769 - DEBUG -     Linked: Ravioli -> Italian Meals Extras
2025-12-28 13:41:09,945 - DEBUG -     Details: Extras (min:0, max:0, free:0, order:7)
2025-12-28 13:41:09,945 - INFO -     -> 1 links, 1 details
2025-12-28 13:41:09,946 - INFO -   [81/113] Rondelles d’oignon (V3: 153698, source_id: 102468)
2025-12-28 13:41:11,862 - DEBUG -   No active modifier groups for dish Rondelles d’oignon
2025-12-28 13:41:11,862 - INFO -     -> 0 links, 0 details
2025-12-28 13:41:11,862 - INFO -   [82/113] Salade César (V3: 153672, source_id: 102443)
2025-12-28 13:41:13,722 - DEBUG -   No active modifier groups for dish Salade César
2025-12-28 13:41:13,722 - INFO -     -> 0 links, 0 details
2025-12-28 13:41:13,722 - INFO -   [83/113] Salade César au Poulet (V3: 153673, source_id: 102444)
2025-12-28 13:41:15,572 - DEBUG -   Found active group: Chicken for Salads (V1 ID: 9752, Category: e)
2025-12-28 13:41:15,576 - INFO -   Salade César au Poulet: 1 active modifier groups
2025-12-28 13:41:15,847 - DEBUG -     Linked: Salade César au Poulet -> Chicken for Salads
2025-12-28 13:41:16,006 - DEBUG -     Details: Extras (min:0, max:1, free:0, order:7)
2025-12-28 13:41:16,007 - INFO -     -> 1 links, 1 details
2025-12-28 13:41:16,007 - INFO -   [84/113] Salade Fattoush (V3: 153675, source_id: 102446)
2025-12-28 13:41:17,885 - DEBUG -   No active modifier groups for dish Salade Fattoush
2025-12-28 13:41:17,885 - INFO -     -> 0 links, 0 details
2025-12-28 13:41:17,885 - INFO -   [85/113] Salade Fattoush au Poulet (V3: 153676, source_id: 102447)
2025-12-28 13:41:19,785 - DEBUG -   Found active group: Chicken for Salads (V1 ID: 9752, Category: e)
2025-12-28 13:41:19,790 - INFO -   Salade Fattoush au Poulet: 1 active modifier groups
2025-12-28 13:41:20,071 - DEBUG -     Linked: Salade Fattoush au Poulet -> Chicken for Salads
2025-12-28 13:41:20,235 - DEBUG -     Details: Extras (min:0, max:1, free:0, order:7)
2025-12-28 13:41:20,235 - INFO -     -> 1 links, 1 details
2025-12-28 13:41:20,236 - INFO -   [86/113] Salade Grecque (V3: 153674, source_id: 102445)
2025-12-28 13:41:22,105 - DEBUG -   Found active group: Chicken for Salads (V1 ID: 9752, Category: e)
2025-12-28 13:41:22,110 - INFO -   Salade Grecque: 1 active modifier groups
2025-12-28 13:41:22,394 - DEBUG -     Linked: Salade Grecque -> Chicken for Salads
2025-12-28 13:41:22,553 - DEBUG -     Details: Extras (min:0, max:1, free:0, order:7)
2025-12-28 13:41:22,554 - INFO -     -> 1 links, 1 details
2025-12-28 13:41:22,554 - INFO -   [87/113] Salsa (V3: 153740, source_id: 102507)
2025-12-28 13:41:24,447 - DEBUG -   No active modifier groups for dish Salsa
2025-12-28 13:41:24,447 - INFO -     -> 0 links, 0 details
2025-12-28 13:41:24,447 - INFO -   [88/113] Sandwich Poulet Chaud (V3: 153689, source_id: 102459)
2025-12-28 13:41:26,339 - DEBUG -   No active modifier groups for dish Sandwich Poulet Chaud
2025-12-28 13:41:26,339 - INFO -     -> 0 links, 0 details
2025-12-28 13:41:26,339 - INFO -   [89/113] Sauce BBQ (V3: 153739, source_id: 102506)
2025-12-28 13:41:28,222 - DEBUG -   No active modifier groups for dish Sauce BBQ
2025-12-28 13:41:28,222 - INFO -     -> 0 links, 0 details
2025-12-28 13:41:28,222 - INFO -   Progress: 90/113 dishes
2025-12-28 13:41:28,222 - INFO -   [90/113] Sauce Brune (V3: 153737, source_id: 102504)
2025-12-28 13:41:30,083 - DEBUG -   No active modifier groups for dish Sauce Brune
2025-12-28 13:41:30,083 - INFO -     -> 0 links, 0 details
2025-12-28 13:41:30,083 - INFO -   [91/113] Sauce Pizza (V3: 153738, source_id: 102505)
2025-12-28 13:41:31,950 - DEBUG -   No active modifier groups for dish Sauce Pizza
2025-12-28 13:41:31,950 - INFO -     -> 0 links, 0 details
2025-12-28 13:41:31,950 - INFO -   [92/113] Shawarma au Poulet (V3: 153726, source_id: 102493)
2025-12-28 13:41:33,808 - DEBUG -   Found active group: Upgrade to Poutine (V1 ID: 9759, Category: sd)
2025-12-28 13:41:33,819 - DEBUG -   Found active group: Shawarma Extras (V1 ID: 9761, Category: e)
2025-12-28 13:41:33,823 - INFO -   Shawarma au Poulet: 2 active modifier groups
2025-12-28 13:41:34,098 - DEBUG -     Linked: Shawarma au Poulet -> Upgrade to Poutine
2025-12-28 13:41:34,280 - DEBUG -     Details: Changez vos frites pour Poutine (min:0, max:1, free:0, order:5)
2025-12-28 13:41:34,558 - DEBUG -     Linked: Shawarma au Poulet -> Shawarma Extras
2025-12-28 13:41:34,731 - DEBUG -     Details: Extras (min:0, max:0, free:0, order:7)
2025-12-28 13:41:34,731 - INFO -     -> 2 links, 2 details
2025-12-28 13:41:34,731 - INFO -   [93/113] Shawarma au Poulet (10") (V3: 153731, source_id: 102498)
2025-12-28 13:41:36,591 - DEBUG -   Found active group: Shawarma & Donair (pita) Sauces (V1 ID: 9763, Category: sa)
2025-12-28 13:41:36,603 - DEBUG -   Found active group: Pitas Extras (V1 ID: 9762, Category: e)
2025-12-28 13:41:36,608 - INFO -   Shawarma au Poulet (10"): 2 active modifier groups
2025-12-28 13:41:36,884 - DEBUG -     Linked: Shawarma au Poulet (10") -> Shawarma & Donair (pita) Sauces
2025-12-28 13:41:37,048 - DEBUG -     Details: Sauces (min:1, max:1, free:0, order:4)
2025-12-28 13:41:37,331 - DEBUG -     Linked: Shawarma au Poulet (10") -> Pitas Extras
2025-12-28 13:41:37,498 - DEBUG -     Details: Extras (min:0, max:0, free:0, order:7)
2025-12-28 13:41:37,498 - INFO -     -> 2 links, 2 details
2025-12-28 13:41:37,499 - INFO -   [94/113] Souvlaki au Filet Mignon (7") (V3: 153730, source_id: 102497)
2025-12-28 13:41:39,382 - DEBUG -   Found active group: Pitas Extras (V1 ID: 9762, Category: e)
2025-12-28 13:41:39,387 - INFO -   Souvlaki au Filet Mignon (7"): 1 active modifier groups
2025-12-28 13:41:39,656 - DEBUG -     Linked: Souvlaki au Filet Mignon (7") -> Pitas Extras
2025-12-28 13:41:39,822 - DEBUG -     Details: Extras (min:0, max:0, free:0, order:7)
2025-12-28 13:41:39,823 - INFO -     -> 1 links, 1 details
2025-12-28 13:41:39,823 - INFO -   [95/113] Souvlaki au Poulet (7") (V3: 153729, source_id: 102496)
2025-12-28 13:41:41,698 - DEBUG -   Found active group: Pitas Extras (V1 ID: 9762, Category: e)
2025-12-28 13:41:41,703 - INFO -   Souvlaki au Poulet (7"): 1 active modifier groups
2025-12-28 13:41:41,988 - DEBUG -     Linked: Souvlaki au Poulet (7") -> Pitas Extras
2025-12-28 13:41:42,171 - DEBUG -     Details: Extras (min:0, max:0, free:0, order:7)
2025-12-28 13:41:42,172 - INFO -     -> 1 links, 1 details
2025-12-28 13:41:42,172 - INFO -   [96/113] Spaghetti (V3: 153709, source_id: 102476)
2025-12-28 13:41:44,039 - DEBUG -   Found active group: Italian Meals Extras (V1 ID: 9756, Category: e)
2025-12-28 13:41:44,043 - INFO -   Spaghetti: 1 active modifier groups
2025-12-28 13:41:44,400 - DEBUG -     Linked: Spaghetti -> Italian Meals Extras
2025-12-28 13:41:44,586 - DEBUG -     Details: Extras (min:0, max:0, free:0, order:7)
2025-12-28 13:41:44,586 - INFO -     -> 1 links, 1 details
2025-12-28 13:41:44,587 - INFO -   [97/113] Spaghetti Combiné (V3: 153710, source_id: 102477)
2025-12-28 13:41:46,469 - DEBUG -   Found active group: Italian Meals Extras (V1 ID: 9756, Category: e)
2025-12-28 13:41:46,474 - INFO -   Spaghetti Combiné: 1 active modifier groups
2025-12-28 13:41:46,757 - DEBUG -     Linked: Spaghetti Combiné -> Italian Meals Extras
2025-12-28 13:41:46,924 - DEBUG -     Details: Extras (min:0, max:0, free:0, order:7)
2025-12-28 13:41:46,924 - INFO -     -> 1 links, 1 details
2025-12-28 13:41:46,924 - INFO -   [98/113] Sprite (V3: 153747, source_id: 102514)
2025-12-28 13:41:48,807 - DEBUG -   No active modifier groups for dish Sprite
2025-12-28 13:41:48,807 - INFO -     -> 0 links, 0 details
2025-12-28 13:41:48,807 - INFO -   [99/113] Steak Bacon Sub (V3: 153715, source_id: 102482)
2025-12-28 13:41:50,674 - DEBUG -   Found active group: SUBS Sauces (V1 ID: 9758, Category: sa)
2025-12-28 13:41:50,687 - DEBUG -   Found active group: SUBS Extras (V1 ID: 9757, Category: e)
2025-12-28 13:41:50,691 - INFO -   Steak Bacon Sub: 2 active modifier groups
2025-12-28 13:41:51,000 - DEBUG -     Linked: Steak Bacon Sub -> SUBS Sauces
2025-12-28 13:41:51,194 - DEBUG -     Details: Sauces (min:1, max:1, free:0, order:4)
2025-12-28 13:41:51,490 - DEBUG -     Linked: Steak Bacon Sub -> SUBS Extras
2025-12-28 13:41:51,676 - DEBUG -     Details: Extras (min:0, max:0, free:0, order:7)
2025-12-28 13:41:51,677 - INFO -     -> 2 links, 2 details
2025-12-28 13:41:51,677 - INFO -   Progress: 100/113 dishes
2025-12-28 13:41:51,677 - INFO -   [100/113] Steak Pepperoni Sub (V3: 153714, source_id: 102481)
2025-12-28 13:41:53,564 - DEBUG -   Found active group: SUBS Sauces (V1 ID: 9758, Category: sa)
2025-12-28 13:41:53,576 - DEBUG -   Found active group: SUBS Extras (V1 ID: 9757, Category: e)
2025-12-28 13:41:53,581 - INFO -   Steak Pepperoni Sub: 2 active modifier groups
2025-12-28 13:41:53,967 - DEBUG -     Linked: Steak Pepperoni Sub -> SUBS Sauces
2025-12-28 13:41:54,125 - DEBUG -     Details: Sauces (min:1, max:1, free:0, order:4)
2025-12-28 13:41:54,410 - DEBUG -     Linked: Steak Pepperoni Sub -> SUBS Extras
2025-12-28 13:41:54,573 - DEBUG -     Details: Extras (min:0, max:0, free:0, order:7)
2025-12-28 13:41:54,574 - INFO -     -> 2 links, 2 details
2025-12-28 13:41:54,574 - INFO -   [101/113] Steak Philadelphia Sub (V3: 153716, source_id: 102483)
2025-12-28 13:41:56,443 - DEBUG -   Found active group: SUBS Sauces (V1 ID: 9758, Category: sa)
2025-12-28 13:41:56,455 - DEBUG -   Found active group: SUBS Extras (V1 ID: 9757, Category: e)
2025-12-28 13:41:56,460 - INFO -   Steak Philadelphia Sub: 2 active modifier groups
2025-12-28 13:41:56,797 - DEBUG -     Linked: Steak Philadelphia Sub -> SUBS Sauces
2025-12-28 13:41:57,037 - DEBUG -     Details: Sauces (min:1, max:1, free:0, order:4)
2025-12-28 13:41:57,363 - DEBUG -     Linked: Steak Philadelphia Sub -> SUBS Extras
2025-12-28 13:41:57,534 - DEBUG -     Details: Extras (min:0, max:0, free:0, order:7)
2025-12-28 13:41:57,535 - INFO -     -> 2 links, 2 details
2025-12-28 13:41:57,535 - INFO -   [102/113] Steak Sub (V3: 153713, source_id: 102480)
2025-12-28 13:41:59,431 - DEBUG -   Found active group: SUBS Sauces (V1 ID: 9758, Category: sa)
2025-12-28 13:41:59,443 - DEBUG -   Found active group: SUBS Extras (V1 ID: 9757, Category: e)
2025-12-28 13:41:59,448 - INFO -   Steak Sub: 2 active modifier groups
2025-12-28 13:41:59,740 - DEBUG -     Linked: Steak Sub -> SUBS Sauces
2025-12-28 13:41:59,935 - DEBUG -     Details: Sauces (min:1, max:1, free:0, order:4)
2025-12-28 13:42:00,225 - DEBUG -     Linked: Steak Sub -> SUBS Extras
2025-12-28 13:42:00,445 - DEBUG -     Details: Extras (min:0, max:0, free:0, order:7)
2025-12-28 13:42:00,446 - INFO -     -> 2 links, 2 details
2025-12-28 13:42:00,446 - INFO -   [103/113] Thé Glacé (V3: 153750, source_id: 102517)
2025-12-28 13:42:02,326 - DEBUG -   No active modifier groups for dish Thé Glacé
2025-12-28 13:42:02,326 - INFO -     -> 0 links, 0 details
2025-12-28 13:42:02,326 - INFO -   [104/113] Tia Spéciale (V3: 153657, source_id: 102430)
2025-12-28 13:42:04,201 - DEBUG -   Found active group: Pizza Toppings (V1 ID: 9748, Category: ci)
2025-12-28 13:42:04,210 - DEBUG -   Found active group: Dips (V1 ID: 9751, Category: sa)
2025-12-28 13:42:04,224 - DEBUG -   Found active group: Crust Type (V1 ID: 9746, Category: br)
2025-12-28 13:42:04,228 - INFO -   Tia Spéciale: 3 active modifier groups
2025-12-28 13:42:04,518 - DEBUG -     Linked: Tia Spéciale -> Pizza Toppings
2025-12-28 13:42:04,680 - DEBUG -     Details: Ajouter plus de garnitures (min:0, max:0, free:0, order:2)
2025-12-28 13:42:04,954 - DEBUG -     Linked: Tia Spéciale -> Dips
2025-12-28 13:42:05,130 - DEBUG -     Details: Trempettes (min:0, max:0, free:0, order:4)
2025-12-28 13:42:05,423 - DEBUG -     Linked: Tia Spéciale -> Crust Type
2025-12-28 13:42:05,584 - DEBUG -     Details: Choix de pain (min:0, max:0, free:0, order:1)
2025-12-28 13:42:05,584 - INFO -     -> 3 links, 3 details
2025-12-28 13:42:05,585 - INFO -   [105/113] Toute Garnie (V3: 153655, source_id: 102428)
2025-12-28 13:42:07,452 - DEBUG -   Found active group: Pizza Toppings (V1 ID: 9748, Category: ci)
2025-12-28 13:42:07,462 - DEBUG -   Found active group: Dips (V1 ID: 9751, Category: sa)
2025-12-28 13:42:07,476 - DEBUG -   Found active group: Crust Type (V1 ID: 9746, Category: br)
2025-12-28 13:42:07,479 - INFO -   Toute Garnie: 3 active modifier groups
2025-12-28 13:42:07,803 - DEBUG -     Linked: Toute Garnie -> Pizza Toppings
2025-12-28 13:42:08,027 - DEBUG -     Details: Ajouter plus de garnitures (min:0, max:0, free:0, order:2)
2025-12-28 13:42:08,320 - DEBUG -     Linked: Toute Garnie -> Dips
2025-12-28 13:42:08,507 - DEBUG -     Details: Trempettes (min:0, max:0, free:0, order:4)
2025-12-28 13:42:08,807 - DEBUG -     Linked: Toute Garnie -> Crust Type
2025-12-28 13:42:08,953 - DEBUG -     Details: Choix de pain (min:0, max:0, free:0, order:1)
2025-12-28 13:42:08,953 - INFO -     -> 3 links, 3 details
2025-12-28 13:42:08,953 - INFO -   [106/113] Trempettes (V3: 153734, source_id: 102501)
2025-12-28 13:42:10,835 - DEBUG -   No active modifier groups for dish Trempettes
2025-12-28 13:42:10,836 - INFO -     -> 0 links, 0 details
2025-12-28 13:42:10,836 - INFO -   [107/113] Trio Burger (V3: 153652, source_id: 102530)
2025-12-28 13:42:12,706 - DEBUG -   Found active group: Burgers free ingredients (V1 ID: 9765, Category: ci)
2025-12-28 13:42:12,717 - DEBUG -   Found active group: Upgrade to Poutine (V1 ID: 9759, Category: sd)
2025-12-28 13:42:12,726 - DEBUG -   Found active group: Drinks can (V1 ID: 9764, Category: d)
2025-12-28 13:42:12,735 - DEBUG -   Found active group: Burgers extra (V1 ID: 9766, Category: e)
2025-12-28 13:42:12,740 - INFO -   Trio Burger: 4 active modifier groups
2025-12-28 13:42:13,041 - DEBUG -     Linked: Trio Burger -> Burgers free ingredients
2025-12-28 13:42:13,225 - DEBUG -     Details: Ingrédients personnalisés (min:0, max:0, free:0, order:2)
2025-12-28 13:42:13,490 - DEBUG -     Linked: Trio Burger -> Upgrade to Poutine
2025-12-28 13:42:13,655 - DEBUG -     Details: Changez vos frites pour Poutine (min:0, max:1, free:0, order:5)
2025-12-28 13:42:13,918 - DEBUG -     Linked: Trio Burger -> Drinks can
2025-12-28 13:42:14,084 - DEBUG -     Details: Boissons (min:1, max:1, free:0, order:6)
2025-12-28 13:42:14,361 - DEBUG -     Linked: Trio Burger -> Burgers extra
2025-12-28 13:42:14,534 - DEBUG -     Details: Extras (min:0, max:0, free:0, order:3)
2025-12-28 13:42:14,534 - INFO -     -> 4 links, 4 details
2025-12-28 13:42:14,534 - INFO -   [108/113] Trio Shawarma (V3: 153651, source_id: 102529)
2025-12-28 13:42:16,388 - DEBUG -   Found active group: Chicken or Beef (V1 ID: 9767, Category: ci)
2025-12-28 13:42:16,397 - DEBUG -   Found active group: Shawarma & Donair (pita) Sauces (V1 ID: 9763, Category: sa)
2025-12-28 13:42:16,406 - DEBUG -   Found active group: Upgrade to Poutine (V1 ID: 9759, Category: sd)
2025-12-28 13:42:16,415 - DEBUG -   Found active group: Drinks can (V1 ID: 9764, Category: d)
2025-12-28 13:42:16,425 - DEBUG -   Found active group: Shawarma Extras (V1 ID: 9761, Category: e)
2025-12-28 13:42:16,430 - INFO -   Trio Shawarma: 5 active modifier groups
2025-12-28 13:42:16,703 - DEBUG -     Linked: Trio Shawarma -> Chicken or Beef
2025-12-28 13:42:16,858 - DEBUG -     Details: Viande pour Shawarma (min:1, max:1, free:0, order:2)
2025-12-28 13:42:17,154 - DEBUG -     Linked: Trio Shawarma -> Shawarma & Donair (pita) Sauces
2025-12-28 13:42:17,313 - DEBUG -     Details: Shawarm Sauces (min:1, max:1, free:0, order:4)
2025-12-28 13:42:17,625 - DEBUG -     Linked: Trio Shawarma -> Upgrade to Poutine
2025-12-28 13:42:17,834 - DEBUG -     Details: Changez vos frites pour Poutine (min:0, max:1, free:0, order:5)
2025-12-28 13:42:18,107 - DEBUG -     Linked: Trio Shawarma -> Drinks can
2025-12-28 13:42:18,263 - DEBUG -     Details: Boissons (min:1, max:1, free:0, order:6)
2025-12-28 13:42:18,534 - DEBUG -     Linked: Trio Shawarma -> Shawarma Extras
2025-12-28 13:42:18,689 - DEBUG -     Details: Extras (min:0, max:0, free:0, order:3)
2025-12-28 13:42:18,689 - INFO -     -> 5 links, 5 details
2025-12-28 13:42:18,690 - INFO -   [109/113] Trio Souvlaki (V3: 153653, source_id: 102531)
2025-12-28 13:42:20,553 - DEBUG -   Found active group: Chicken or Filet Mignon (V1 ID: 9768, Category: ci)
2025-12-28 13:42:20,565 - DEBUG -   Found active group: Upgrade to Poutine (V1 ID: 9759, Category: sd)
2025-12-28 13:42:20,573 - DEBUG -   Found active group: Drinks can (V1 ID: 9764, Category: d)
2025-12-28 13:42:20,580 - INFO -   Trio Souvlaki: 3 active modifier groups
2025-12-28 13:42:20,900 - DEBUG -     Linked: Trio Souvlaki -> Chicken or Filet Mignon
2025-12-28 13:42:21,078 - DEBUG -     Details: Vinade Souvlaki (min:1, max:1, free:0, order:2)
2025-12-28 13:42:21,359 - DEBUG -     Linked: Trio Souvlaki -> Upgrade to Poutine
2025-12-28 13:42:21,561 - DEBUG -     Details: Changez vos frites pour Poutine (min:0, max:1, free:0, order:5)
2025-12-28 13:42:21,873 - DEBUG -     Linked: Trio Souvlaki -> Drinks can
2025-12-28 13:42:22,082 - DEBUG -     Details: Boissons (min:1, max:1, free:0, order:6)
2025-12-28 13:42:22,082 - INFO -     -> 3 links, 3 details
2025-12-28 13:42:22,082 - INFO -   Progress: 110/113 dishes
2025-12-28 13:42:22,083 - INFO -   [110/113] Tzatziki (V3: 153735, source_id: 102502)
2025-12-28 13:42:23,983 - DEBUG -   No active modifier groups for dish Tzatziki
2025-12-28 13:42:23,983 - INFO -     -> 0 links, 0 details
2025-12-28 13:42:23,983 - INFO -   [111/113] Végétarien Sub (V3: 153718, source_id: 102485)
2025-12-28 13:42:25,974 - DEBUG -   Found active group: SUBS Sauces (V1 ID: 9758, Category: sa)
2025-12-28 13:42:25,983 - INFO -   Végétarien Sub: 1 active modifier groups
2025-12-28 13:42:26,286 - DEBUG -     Linked: Végétarien Sub -> SUBS Sauces
2025-12-28 13:42:26,453 - DEBUG -     Details: Sauces (min:1, max:1, free:0, order:4)
2025-12-28 13:42:26,453 - INFO -     -> 1 links, 1 details
2025-12-28 13:42:26,453 - INFO -   [112/113] Végetarienne (V3: 153663, source_id: 102434)
2025-12-28 13:42:28,314 - DEBUG -   Found active group: Pizza Toppings (V1 ID: 9748, Category: ci)
2025-12-28 13:42:28,324 - DEBUG -   Found active group: Dips (V1 ID: 9751, Category: sa)
2025-12-28 13:42:28,338 - DEBUG -   Found active group: Crust Type (V1 ID: 9746, Category: br)
2025-12-28 13:42:28,341 - INFO -   Végetarienne: 3 active modifier groups
2025-12-28 13:42:28,610 - DEBUG -     Linked: Végetarienne -> Pizza Toppings
2025-12-28 13:42:28,799 - DEBUG -     Details: Ajouter plus de garnitures (min:0, max:0, free:0, order:2)
2025-12-28 13:42:29,110 - DEBUG -     Linked: Végetarienne -> Dips
2025-12-28 13:42:29,286 - DEBUG -     Details: Trempettes (min:0, max:0, free:0, order:4)
2025-12-28 13:42:29,582 - DEBUG -     Linked: Végetarienne -> Crust Type
2025-12-28 13:42:29,755 - DEBUG -     Details: Choix de pain (min:0, max:0, free:0, order:1)
2025-12-28 13:42:29,756 - INFO -     -> 3 links, 3 details
2025-12-28 13:42:29,756 - INFO -   [113/113] Zucchini (15) (V3: 153697, source_id: 102467)
2025-12-28 13:42:31,655 - DEBUG -   No active modifier groups for dish Zucchini (15)
2025-12-28 13:42:31,655 - INFO -     -> 0 links, 0 details
2025-12-28 13:42:31,655 - INFO -   Result: 113 processed, 0 skipped, 137 links, 137 details
2025-12-28 13:42:31,656 - INFO - ----------------------------------------
2025-12-28 13:42:31,656 - INFO - [18/20] Processing: Pizza Maisonneuve (V3: 696, V1: 930)
2025-12-28 13:42:31,822 - INFO -   [1/123] 1 Ingrédient (V3: 154349, source_id: 98385)
2025-12-28 13:42:33,717 - DEBUG -   No active modifier groups for dish 1 Ingrédient
2025-12-28 13:42:33,717 - INFO -     -> 0 links, 0 details
2025-12-28 13:42:33,717 - INFO -   [2/123] 1/4 Livre Boeuf (V3: 153816, source_id: 98436)
2025-12-28 13:42:35,591 - DEBUG -   Found active group: Extras for Burgers (V1 ID: 9294, Category: e)
2025-12-28 13:42:35,595 - INFO -   1/4 Livre Boeuf: 1 active modifier groups
2025-12-28 13:42:35,877 - DEBUG -     Linked: 1/4 Livre Boeuf -> Extras for Burgers
2025-12-28 13:42:36,066 - DEBUG -     Details: Extras (min:0, max:0, free:0, order:7)
2025-12-28 13:42:36,066 - INFO -     -> 1 links, 1 details
2025-12-28 13:42:36,066 - INFO -   [3/123] 1/4 Livre Boeuf Combo (V3: 153817, source_id: 98437)
2025-12-28 13:42:38,002 - DEBUG -   No active modifier groups for dish 1/4 Livre Boeuf Combo
2025-12-28 13:42:38,002 - INFO -     -> 0 links, 0 details
2025-12-28 13:42:38,002 - INFO -   [4/123] 12 Ailes (V3: 153778, source_id: 98402)
2025-12-28 13:42:39,869 - DEBUG -   Found active group: Wings Sauces (V1 ID: 9293, Category: sa)
2025-12-28 13:42:39,878 - INFO -   12 Ailes: 1 active modifier groups
2025-12-28 13:42:40,162 - DEBUG -     Linked: 12 Ailes -> Wings Sauces
2025-12-28 13:42:40,339 - DEBUG -     Details: Sauces (min:1, max:1, free:0, order:4)
2025-12-28 13:42:40,339 - INFO -     -> 1 links, 1 details
2025-12-28 13:42:40,339 - INFO -   [5/123] 12 Mini Beignets (V3: 153847, source_id: 113068)
2025-12-28 13:42:42,181 - DEBUG -   Found active group: Mini Beignets Dips (V1 ID: 10499, Category: sa)
2025-12-28 13:42:42,191 - INFO -   12 Mini Beignets: 1 active modifier groups
2025-12-28 13:42:42,523 - DEBUG -     Linked: 12 Mini Beignets -> Mini Beignets Dips
2025-12-28 13:42:42,697 - DEBUG -     Details: Trempette (min:0, max:0, free:0, order:4)
2025-12-28 13:42:42,697 - INFO -     -> 1 links, 1 details
2025-12-28 13:42:42,697 - INFO -   [6/123] 18 Ailes (V3: 153779, source_id: 98403)
2025-12-28 13:42:44,576 - DEBUG -   Found active group: Wings Sauces (V1 ID: 9293, Category: sa)
2025-12-28 13:42:44,585 - INFO -   18 Ailes: 1 active modifier groups
2025-12-28 13:42:44,921 - DEBUG -     Linked: 18 Ailes -> Wings Sauces
2025-12-28 13:42:45,094 - DEBUG -     Details: Sauces (min:1, max:1, free:0, order:4)
2025-12-28 13:42:45,094 - INFO -     -> 1 links, 1 details
2025-12-28 13:42:45,094 - INFO -   [7/123] 2 Burgers Maison avec Poutines (V3: 154347, source_id: 98470)
2025-12-28 13:42:46,931 - DEBUG -   No active modifier groups for dish 2 Burgers Maison avec Poutines
2025-12-28 13:42:46,931 - INFO -     -> 0 links, 0 details
2025-12-28 13:42:46,931 - INFO -   [8/123] 2 Sous Marins (V3: 153752, source_id: 124965)
2025-12-28 13:42:48,778 - DEBUG -   Found active group: Subs Selection (V1 ID: 11508, Category: ci)
2025-12-28 13:42:48,788 - DEBUG -   Found active group: Gravy and Coleslaw for SUBS (V1 ID: 11509, Category: sd)
2025-12-28 13:42:48,796 - INFO -   2 Sous Marins: 2 active modifier groups
2025-12-28 13:42:49,072 - DEBUG -     Linked: 2 Sous Marins -> Subs Selection
2025-12-28 13:42:49,223 - DEBUG -     Details: Choisissez votre Sous Marins (min:2, max:2, free:0, order:2)
2025-12-28 13:42:49,497 - DEBUG -     Linked: 2 Sous Marins -> Gravy and Coleslaw for SUBS
2025-12-28 13:42:49,664 - DEBUG -     Details: Ajouter une (min:0, max:1, free:0, order:5)
2025-12-28 13:42:49,664 - INFO -     -> 2 links, 2 details
2025-12-28 13:42:49,664 - INFO -   [9/123] 24 Ailes (V3: 153780, source_id: 98404)
2025-12-28 13:42:51,533 - DEBUG -   Found active group: Wings Sauces (V1 ID: 9293, Category: sa)
2025-12-28 13:42:51,542 - INFO -   24 Ailes: 1 active modifier groups
2025-12-28 13:42:51,862 - DEBUG -     Linked: 24 Ailes -> Wings Sauces
2025-12-28 13:42:52,022 - DEBUG -     Details: Sauces (min:1, max:1, free:0, order:4)
2025-12-28 13:42:52,022 - INFO -     -> 1 links, 1 details
2025-12-28 13:42:52,022 - INFO -   Progress: 10/123 dishes
2025-12-28 13:42:52,022 - INFO -   [10/123] 24 Mini Beignets (V3: 153848, source_id: 113069)
2025-12-28 13:42:53,924 - DEBUG -   Found active group: Mini Beignets Dips (V1 ID: 10499, Category: sa)
2025-12-28 13:42:53,933 - INFO -   24 Mini Beignets: 1 active modifier groups
2025-12-28 13:42:54,212 - DEBUG -     Linked: 24 Mini Beignets -> Mini Beignets Dips
2025-12-28 13:42:54,382 - DEBUG -     Details: Trempette (min:0, max:0, free:0, order:4)
2025-12-28 13:42:54,382 - INFO -     -> 1 links, 1 details
2025-12-28 13:42:54,383 - INFO -   [11/123] 36 Mini Beignets (V3: 153849, source_id: 113070)
2025-12-28 13:42:56,279 - DEBUG -   Found active group: Mini Beignets Dips (V1 ID: 10499, Category: sa)
2025-12-28 13:42:56,288 - INFO -   36 Mini Beignets: 1 active modifier groups
2025-12-28 13:42:56,553 - DEBUG -     Linked: 36 Mini Beignets -> Mini Beignets Dips
2025-12-28 13:42:56,722 - DEBUG -     Details: Trempette (min:0, max:0, free:0, order:4)
2025-12-28 13:42:56,722 - INFO -     -> 1 links, 1 details
2025-12-28 13:42:56,723 - INFO -   [12/123] 48 Ailes (V3: 153781, source_id: 98405)
2025-12-28 13:42:58,570 - DEBUG -   Found active group: Wings Sauces (V1 ID: 9293, Category: sa)
2025-12-28 13:42:58,578 - INFO -   48 Ailes: 1 active modifier groups
2025-12-28 13:42:58,877 - DEBUG -     Linked: 48 Ailes -> Wings Sauces
2025-12-28 13:42:59,037 - DEBUG -     Details: Sauces (min:1, max:1, free:0, order:4)
2025-12-28 13:42:59,037 - INFO -     -> 1 links, 1 details
2025-12-28 13:42:59,037 - INFO -   [13/123] 6 Mini Beignets (V3: 153846, source_id: 113067)
2025-12-28 13:43:00,911 - DEBUG -   Found active group: Mini Beignets Dips (V1 ID: 10499, Category: sa)
2025-12-28 13:43:00,920 - INFO -   6 Mini Beignets: 1 active modifier groups
2025-12-28 13:43:01,205 - DEBUG -     Linked: 6 Mini Beignets -> Mini Beignets Dips
2025-12-28 13:43:01,363 - DEBUG -     Details: Trempette (min:0, max:0, free:0, order:4)
2025-12-28 13:43:01,364 - INFO -     -> 1 links, 1 details
2025-12-28 13:43:01,364 - INFO -   [14/123] 7 Up (V3: 153854, source_id: 98462)
2025-12-28 13:43:03,237 - DEBUG -   No active modifier groups for dish 7 Up
2025-12-28 13:43:03,237 - INFO -     -> 0 links, 0 details
2025-12-28 13:43:03,237 - INFO -   [15/123] Amateur de Viande (V3: 153761, source_id: 98391)
2025-12-28 13:43:05,084 - DEBUG -   Found active group: Pizza Toppings (V1 ID: 9289, Category: ci)
2025-12-28 13:43:05,093 - DEBUG -   Found active group: Dips (V1 ID: 9292, Category: sa)
2025-12-28 13:43:05,102 - INFO -   Amateur de Viande: 2 active modifier groups
2025-12-28 13:43:05,382 - DEBUG -     Linked: Amateur de Viande -> Pizza Toppings
2025-12-28 13:43:05,550 - DEBUG -     Details: Ajouter plus de garnitures (min:0, max:0, free:0, order:2)
2025-12-28 13:43:05,851 - DEBUG -     Linked: Amateur de Viande -> Dips
2025-12-28 13:43:06,038 - DEBUG -     Details: Trempettes (min:0, max:0, free:0, order:4)
2025-12-28 13:43:06,039 - INFO -     -> 2 links, 2 details
2025-12-28 13:43:06,039 - INFO -   [16/123] Assiette Fish 'n' Chips (V3: 153815, source_id: 106440)
2025-12-28 13:43:07,891 - DEBUG -   No active modifier groups for dish Assiette Fish 'n' Chips
2025-12-28 13:43:07,891 - INFO -     -> 0 links, 0 details
2025-12-28 13:43:07,892 - INFO -   [17/123] Bacon (V3: 153792, source_id: 98416)
2025-12-28 13:43:09,755 - DEBUG -   No active modifier groups for dish Bacon
2025-12-28 13:43:09,755 - INFO -     -> 0 links, 0 details
2025-12-28 13:43:09,755 - INFO -   [18/123] Bacon avec Frites et Breuvage (V3: 153793, source_id: 98417)
2025-12-28 13:43:11,603 - DEBUG -   Found active group: Upgrade to Poutine SUBS (V1 ID: 11490, Category: sd)
2025-12-28 13:43:11,612 - DEBUG -   Found active group: Drinks Cans (V1 ID: 11491, Category: d)
2025-12-28 13:43:11,617 - INFO -   Bacon avec Frites et Breuvage: 2 active modifier groups
2025-12-28 13:43:11,937 - DEBUG -     Linked: Bacon avec Frites et Breuvage -> Upgrade to Poutine SUBS
2025-12-28 13:43:12,093 - DEBUG -     Details: Changez vos frites (min:0, max:1, free:0, order:5)
2025-12-28 13:43:12,406 - DEBUG -     Linked: Bacon avec Frites et Breuvage -> Drinks Cans
2025-12-28 13:43:12,598 - DEBUG -     Details: Boissons (min:1, max:1, free:0, order:6)
2025-12-28 13:43:12,598 - INFO -     -> 2 links, 2 details
2025-12-28 13:43:12,598 - INFO -   [19/123] Barre Nanaimo (V3: 153843, source_id: 98455)
2025-12-28 13:43:14,512 - DEBUG -   No active modifier groups for dish Barre Nanaimo
2025-12-28 13:43:14,512 - INFO -     -> 0 links, 0 details
2025-12-28 13:43:14,512 - INFO -   Progress: 20/123 dishes
2025-12-28 13:43:14,512 - INFO -   [20/123] Bâtonnets de fromage (8mcx) (V3: 153807, source_id: 99707)
2025-12-28 13:43:16,379 - DEBUG -   No active modifier groups for dish Bâtonnets de fromage (8mcx)
2025-12-28 13:43:16,379 - INFO -     -> 0 links, 0 details
2025-12-28 13:43:16,379 - INFO -   [21/123] Brownie au Chocolat (V3: 153844, source_id: 98456)
2025-12-28 13:43:18,222 - DEBUG -   No active modifier groups for dish Brownie au Chocolat
2025-12-28 13:43:18,222 - INFO -     -> 0 links, 0 details
2025-12-28 13:43:18,222 - INFO -   [22/123] Burger au Poulet (V3: 153820, source_id: 98440)
2025-12-28 13:43:20,090 - DEBUG -   Found active group: Extras for Burgers (V1 ID: 9294, Category: e)
2025-12-28 13:43:20,095 - INFO -   Burger au Poulet: 1 active modifier groups
2025-12-28 13:43:20,445 - DEBUG -     Linked: Burger au Poulet -> Extras for Burgers
2025-12-28 13:43:20,645 - DEBUG -     Details: Extras (min:0, max:0, free:0, order:7)
2025-12-28 13:43:20,645 - INFO -     -> 1 links, 1 details
2025-12-28 13:43:20,645 - INFO -   [23/123] Burger au Poulet Combo (V3: 153821, source_id: 98441)
2025-12-28 13:43:22,530 - DEBUG -   Found active group: Extras for Burgers (V1 ID: 9294, Category: e)
2025-12-28 13:43:22,534 - INFO -   Burger au Poulet Combo: 1 active modifier groups
2025-12-28 13:43:22,861 - DEBUG -     Linked: Burger au Poulet Combo -> Extras for Burgers
2025-12-28 13:43:23,073 - DEBUG -     Details: Extras (min:0, max:0, free:0, order:7)
2025-12-28 13:43:23,073 - INFO -     -> 1 links, 1 details
2025-12-28 13:43:23,074 - INFO -   [24/123] Burger au Poulet Croustillant (V3: 153822, source_id: 99708)
2025-12-28 13:43:24,989 - DEBUG -   Found active group: Extras for Burgers (V1 ID: 9294, Category: e)
2025-12-28 13:43:24,993 - INFO -   Burger au Poulet Croustillant: 1 active modifier groups
2025-12-28 13:43:25,281 - DEBUG -     Linked: Burger au Poulet Croustillant -> Extras for Burgers
2025-12-28 13:43:25,438 - DEBUG -     Details: Extras (min:0, max:0, free:0, order:7)
2025-12-28 13:43:25,439 - INFO -     -> 1 links, 1 details
2025-12-28 13:43:25,439 - INFO -   [25/123] Burger au Poulet Croustillant Combo (V3: 153823, source_id: 99709)
2025-12-28 13:43:27,330 - DEBUG -   Found active group: Extras for Burgers (V1 ID: 9294, Category: e)
2025-12-28 13:43:27,335 - INFO -   Burger au Poulet Croustillant Combo: 1 active modifier groups
2025-12-28 13:43:27,682 - DEBUG -     Linked: Burger au Poulet Croustillant Combo -> Extras for Burgers
2025-12-28 13:43:27,843 - DEBUG -     Details: Extras (min:0, max:0, free:0, order:7)
2025-12-28 13:43:27,843 - INFO -     -> 1 links, 1 details
2025-12-28 13:43:27,843 - INFO -   [26/123] Burger Champignons Sautées (V3: 153834, source_id: 106441)
2025-12-28 13:43:29,759 - DEBUG -   Found active group: Extras for Burgers (V1 ID: 9294, Category: e)
2025-12-28 13:43:29,764 - INFO -   Burger Champignons Sautées: 1 active modifier groups
2025-12-28 13:43:30,055 - DEBUG -     Linked: Burger Champignons Sautées -> Extras for Burgers
2025-12-28 13:43:30,232 - DEBUG -     Details: Extras (min:0, max:0, free:0, order:7)
2025-12-28 13:43:30,232 - INFO -     -> 1 links, 1 details
2025-12-28 13:43:30,233 - INFO -   [27/123] Burger Champignons Sautées Combo (V3: 153835, source_id: 106442)
2025-12-28 13:43:32,117 - DEBUG -   Found active group: Extras for Burgers (V1 ID: 9294, Category: e)
2025-12-28 13:43:32,122 - INFO -   Burger Champignons Sautées Combo: 1 active modifier groups
2025-12-28 13:43:32,422 - DEBUG -     Linked: Burger Champignons Sautées Combo -> Extras for Burgers
2025-12-28 13:43:32,594 - DEBUG -     Details: Extras (min:0, max:0, free:0, order:7)
2025-12-28 13:43:32,594 - INFO -     -> 1 links, 1 details
2025-12-28 13:43:32,594 - INFO -   [28/123] Burger Maisonneuve (V3: 153818, source_id: 98438)
2025-12-28 13:43:34,490 - DEBUG -   Found active group: Extras for Burgers (V1 ID: 9294, Category: e)
2025-12-28 13:43:34,495 - INFO -   Burger Maisonneuve: 1 active modifier groups
2025-12-28 13:43:34,793 - DEBUG -     Linked: Burger Maisonneuve -> Extras for Burgers
2025-12-28 13:43:34,994 - DEBUG -     Details: Extras (min:0, max:0, free:0, order:7)
2025-12-28 13:43:34,994 - INFO -     -> 1 links, 1 details
2025-12-28 13:43:34,994 - INFO -   [29/123] Burger Maisonneuve Combo (V3: 153819, source_id: 98439)
2025-12-28 13:43:36,864 - DEBUG -   Found active group: Extras for Burgers (V1 ID: 9294, Category: e)
2025-12-28 13:43:36,868 - INFO -   Burger Maisonneuve Combo: 1 active modifier groups
2025-12-28 13:43:37,203 - DEBUG -     Linked: Burger Maisonneuve Combo -> Extras for Burgers
2025-12-28 13:43:37,393 - DEBUG -     Details: Extras (min:0, max:0, free:0, order:7)
2025-12-28 13:43:37,394 - INFO -     -> 1 links, 1 details
2025-12-28 13:43:37,394 - INFO -   Progress: 30/123 dishes
2025-12-28 13:43:37,394 - INFO -   [30/123] Burger Poutine (V3: 153830, source_id: 98448)
2025-12-28 13:43:39,282 - DEBUG -   Found active group: Extras for Burgers (V1 ID: 9294, Category: e)
2025-12-28 13:43:39,287 - INFO -   Burger Poutine: 1 active modifier groups
2025-12-28 13:43:39,570 - DEBUG -     Linked: Burger Poutine -> Extras for Burgers
2025-12-28 13:43:39,765 - DEBUG -     Details: Extras (min:0, max:0, free:0, order:7)
2025-12-28 13:43:39,766 - INFO -     -> 1 links, 1 details
2025-12-28 13:43:39,766 - INFO -   [31/123] Burger Poutine Combo (V3: 153831, source_id: 98449)
2025-12-28 13:43:41,671 - DEBUG -   Found active group: Extras for Burgers (V1 ID: 9294, Category: e)
2025-12-28 13:43:41,675 - INFO -   Burger Poutine Combo: 1 active modifier groups
2025-12-28 13:43:41,955 - DEBUG -     Linked: Burger Poutine Combo -> Extras for Burgers
2025-12-28 13:43:42,123 - DEBUG -     Details: Extras (min:0, max:0, free:0, order:7)
2025-12-28 13:43:42,123 - INFO -     -> 1 links, 1 details
2025-12-28 13:43:42,124 - INFO -   [32/123] Burger Rondelles (V3: 153832, source_id: 98446)
2025-12-28 13:43:43,970 - DEBUG -   Found active group: Extras for Burgers (V1 ID: 9294, Category: e)
2025-12-28 13:43:43,974 - INFO -   Burger Rondelles: 1 active modifier groups
2025-12-28 13:43:44,262 - DEBUG -     Linked: Burger Rondelles -> Extras for Burgers
2025-12-28 13:43:44,432 - DEBUG -     Details: Extras (min:0, max:0, free:0, order:7)
2025-12-28 13:43:44,432 - INFO -     -> 1 links, 1 details
2025-12-28 13:43:44,433 - INFO -   [33/123] Burger Rondelles Combo (V3: 153833, source_id: 98447)
2025-12-28 13:43:46,325 - DEBUG -   Found active group: Extras for Burgers (V1 ID: 9294, Category: e)
2025-12-28 13:43:46,329 - INFO -   Burger Rondelles Combo: 1 active modifier groups
2025-12-28 13:43:46,642 - DEBUG -     Linked: Burger Rondelles Combo -> Extras for Burgers
2025-12-28 13:43:46,807 - DEBUG -     Details: Extras (min:0, max:0, free:0, order:7)
2025-12-28 13:43:46,807 - INFO -     -> 1 links, 1 details
2025-12-28 13:43:46,807 - INFO -   [34/123] Club Poutine (V3: 153842, source_id: 98452)
2025-12-28 13:43:48,714 - DEBUG -   No active modifier groups for dish Club Poutine
2025-12-28 13:43:48,714 - INFO -     -> 0 links, 0 details
2025-12-28 13:43:48,715 - INFO -   [35/123] Club Sandwich (V3: 153836, source_id: 98450)
2025-12-28 13:43:50,584 - DEBUG -   No active modifier groups for dish Club Sandwich
2025-12-28 13:43:50,584 - INFO -     -> 0 links, 0 details
2025-12-28 13:43:50,585 - INFO -   [36/123] Club Sandwich avec Frites et Breuvage (V3: 153837, source_id: 124827)
2025-12-28 13:43:52,467 - DEBUG -   Found active group: Upgrade to Poutine SUBS (V1 ID: 11490, Category: sd)
2025-12-28 13:43:52,476 - DEBUG -   Found active group: Drinks Cans (V1 ID: 11491, Category: d)
2025-12-28 13:43:52,482 - INFO -   Club Sandwich avec Frites et Breuvage: 2 active modifier groups
2025-12-28 13:43:52,786 - DEBUG -     Linked: Club Sandwich avec Frites et Breuvage -> Upgrade to Poutine SUBS
2025-12-28 13:43:53,077 - DEBUG -     Details: Changez vos frites (min:0, max:1, free:0, order:5)
2025-12-28 13:43:53,357 - DEBUG -     Linked: Club Sandwich avec Frites et Breuvage -> Drinks Cans
2025-12-28 13:43:53,539 - DEBUG -     Details: Boissons (min:1, max:1, free:0, order:6)
2025-12-28 13:43:53,539 - INFO -     -> 2 links, 2 details
2025-12-28 13:43:53,539 - INFO -   [37/123] Croquettes de Poulet (V3: 153814, source_id: 117270)
2025-12-28 13:43:55,421 - DEBUG -   No active modifier groups for dish Croquettes de Poulet
2025-12-28 13:43:55,421 - INFO -     -> 0 links, 0 details
2025-12-28 13:43:55,421 - INFO -   [38/123] Deux Grandes 3 Garnitures (V3: 154373, source_id: 124832)
2025-12-28 13:43:57,279 - DEBUG -   No active modifier groups for dish Deux Grandes 3 Garnitures
2025-12-28 13:43:57,279 - INFO -     -> 0 links, 0 details
2025-12-28 13:43:57,279 - INFO -   [39/123] Deux Moyennes 3 Garnitures (V3: 154372, source_id: 124831)
2025-12-28 13:43:59,136 - DEBUG -   No active modifier groups for dish Deux Moyennes 3 Garnitures
2025-12-28 13:43:59,136 - INFO -     -> 0 links, 0 details
2025-12-28 13:43:59,136 - INFO -   Progress: 40/123 dishes
2025-12-28 13:43:59,136 - INFO -   [40/123] Deux Petites 3 Garnitures (V3: 154371, source_id: 124830)
2025-12-28 13:44:00,981 - DEBUG -   No active modifier groups for dish Deux Petites 3 Garnitures
2025-12-28 13:44:00,981 - INFO -     -> 0 links, 0 details
2025-12-28 13:44:00,981 - INFO -   [41/123] Diet Pepsi (V3: 153853, source_id: 98461)
2025-12-28 13:44:02,850 - DEBUG -   No active modifier groups for dish Diet Pepsi
2025-12-28 13:44:02,850 - INFO -     -> 0 links, 0 details
2025-12-28 13:44:02,850 - INFO -   [42/123] Doigts de Poulet (V3: 153838, source_id: 98451)
2025-12-28 13:44:05,230 - DEBUG -   Found active group: Upgrade to poutine 3.00 (V1 ID: 9930, Category: sd)
2025-12-28 13:44:05,237 - INFO -   Doigts de Poulet: 1 active modifier groups
2025-12-28 13:44:05,509 - DEBUG -     Linked: Doigts de Poulet -> Upgrade to poutine 3.00
2025-12-28 13:44:05,674 - DEBUG -     Details: Changez vos frites pour Poutine (min:0, max:1, free:0, order:5)
2025-12-28 13:44:05,674 - INFO -     -> 1 links, 1 details
2025-12-28 13:44:05,674 - INFO -   [43/123] Frites maison (V3: 153805, source_id: 98428)
2025-12-28 13:44:07,544 - DEBUG -   No active modifier groups for dish Frites maison
2025-12-28 13:44:07,544 - INFO -     -> 0 links, 0 details
2025-12-28 13:44:07,544 - INFO -   [44/123] Gâteau au fromage (V3: 153845, source_id: 98457)
2025-12-28 13:44:09,421 - DEBUG -   No active modifier groups for dish Gâteau au fromage
2025-12-28 13:44:09,421 - INFO -     -> 0 links, 0 details
2025-12-28 13:44:09,421 - INFO -   [45/123] Ginger Ale (V3: 153850, source_id: 98458)
2025-12-28 13:44:11,255 - DEBUG -   No active modifier groups for dish Ginger Ale
2025-12-28 13:44:11,255 - INFO -     -> 0 links, 0 details
2025-12-28 13:44:11,255 - INFO -   [46/123] Greek Fest (V3: 153828, source_id: 98444)
2025-12-28 13:44:13,120 - DEBUG -   Found active group: Extras for Burgers (V1 ID: 9294, Category: e)
2025-12-28 13:44:13,127 - INFO -   Greek Fest: 1 active modifier groups
2025-12-28 13:44:13,418 - DEBUG -     Linked: Greek Fest -> Extras for Burgers
2025-12-28 13:44:13,591 - DEBUG -     Details: Extras (min:0, max:0, free:0, order:7)
2025-12-28 13:44:13,591 - INFO -     -> 1 links, 1 details
2025-12-28 13:44:13,592 - INFO -   [47/123] Greek Fest Combo (V3: 153829, source_id: 98445)
2025-12-28 13:44:15,459 - DEBUG -   Found active group: Extras for Burgers (V1 ID: 9294, Category: e)
2025-12-28 13:44:15,464 - INFO -   Greek Fest Combo: 1 active modifier groups
2025-12-28 13:44:15,783 - DEBUG -     Linked: Greek Fest Combo -> Extras for Burgers
2025-12-28 13:44:15,970 - DEBUG -     Details: Extras (min:0, max:0, free:0, order:7)
2025-12-28 13:44:15,970 - INFO -     -> 1 links, 1 details
2025-12-28 13:44:15,971 - INFO -   [48/123] Hamburger Steak avec Pepsi (V3: 153813, source_id: 98435)
2025-12-28 13:44:17,858 - DEBUG -   No active modifier groups for dish Hamburger Steak avec Pepsi
2025-12-28 13:44:17,858 - INFO -     -> 0 links, 0 details
2025-12-28 13:44:17,858 - INFO -   [49/123] Hawaïenne (V3: 153794, source_id: 98418)
2025-12-28 13:44:19,707 - DEBUG -   No active modifier groups for dish Hawaïenne
2025-12-28 13:44:19,707 - INFO -     -> 0 links, 0 details
2025-12-28 13:44:19,707 - INFO -   Progress: 50/123 dishes
2025-12-28 13:44:19,707 - INFO -   [50/123] Hawaïenne avec Frites et Breuvage (V3: 153795, source_id: 98419)
2025-12-28 13:44:21,559 - DEBUG -   Found active group: Upgrade to Poutine SUBS (V1 ID: 11490, Category: sd)
2025-12-28 13:44:21,568 - DEBUG -   Found active group: Drinks Cans (V1 ID: 11491, Category: d)
2025-12-28 13:44:21,574 - INFO -   Hawaïenne avec Frites et Breuvage: 2 active modifier groups
2025-12-28 13:44:21,877 - DEBUG -     Linked: Hawaïenne avec Frites et Breuvage -> Upgrade to Poutine SUBS
2025-12-28 13:44:22,048 - DEBUG -     Details: Changez vos frites (min:0, max:1, free:0, order:5)
2025-12-28 13:44:22,375 - DEBUG -     Linked: Hawaïenne avec Frites et Breuvage -> Drinks Cans
2025-12-28 13:44:22,548 - DEBUG -     Details: Boissons (min:1, max:1, free:0, order:6)
2025-12-28 13:44:22,549 - INFO -     -> 2 links, 2 details
2025-12-28 13:44:22,549 - INFO -   [51/123] Jambon (V3: 153786, source_id: 98410)
2025-12-28 13:44:24,408 - DEBUG -   No active modifier groups for dish Jambon
2025-12-28 13:44:24,408 - INFO -     -> 0 links, 0 details
2025-12-28 13:44:24,408 - INFO -   [52/123] Jambon avec Frites et Breuvage (V3: 153787, source_id: 98411)
2025-12-28 13:44:26,273 - DEBUG -   Found active group: Upgrade to Poutine SUBS (V1 ID: 11490, Category: sd)
2025-12-28 13:44:26,282 - DEBUG -   Found active group: Drinks Cans (V1 ID: 11491, Category: d)
2025-12-28 13:44:26,289 - INFO -   Jambon avec Frites et Breuvage: 2 active modifier groups
2025-12-28 13:44:26,576 - DEBUG -     Linked: Jambon avec Frites et Breuvage -> Upgrade to Poutine SUBS
2025-12-28 13:44:26,732 - DEBUG -     Details: Changez vos frites (min:0, max:1, free:0, order:5)
2025-12-28 13:44:27,023 - DEBUG -     Linked: Jambon avec Frites et Breuvage -> Drinks Cans
2025-12-28 13:44:27,206 - DEBUG -     Details: Boissons (min:1, max:1, free:0, order:6)
2025-12-28 13:44:27,206 - INFO -     -> 2 links, 2 details
2025-12-28 13:44:27,207 - INFO -   [53/123] L'Americaine (V3: 153765, source_id: 120978)
2025-12-28 13:44:29,118 - DEBUG -   Found active group: Pizza Toppings (V1 ID: 9289, Category: ci)
2025-12-28 13:44:29,127 - DEBUG -   Found active group: Dips (V1 ID: 9292, Category: sa)
2025-12-28 13:44:29,138 - INFO -   L'Americaine: 2 active modifier groups
2025-12-28 13:44:29,438 - DEBUG -     Linked: L'Americaine -> Pizza Toppings
2025-12-28 13:44:29,611 - DEBUG -     Details: Ajouter plus de garnitures (min:0, max:0, free:0, order:2)
2025-12-28 13:44:29,907 - DEBUG -     Linked: L'Americaine -> Dips
2025-12-28 13:44:30,066 - DEBUG -     Details: Trempettes (min:0, max:0, free:0, order:4)
2025-12-28 13:44:30,066 - INFO -     -> 2 links, 2 details
2025-12-28 13:44:30,067 - INFO -   [54/123] La 4 Saisons Végétarienne (V3: 153757, source_id: 98388)
2025-12-28 13:44:31,941 - DEBUG -   Found active group: Pizza Toppings (V1 ID: 9289, Category: ci)
2025-12-28 13:44:31,950 - DEBUG -   Found active group: Dips (V1 ID: 9292, Category: sa)
2025-12-28 13:44:31,959 - INFO -   La 4 Saisons Végétarienne: 2 active modifier groups
2025-12-28 13:44:32,283 - DEBUG -     Linked: La 4 Saisons Végétarienne -> Pizza Toppings
2025-12-28 13:44:32,455 - DEBUG -     Details: Ajouter plus de garnitures (min:0, max:0, free:0, order:2)
2025-12-28 13:44:32,750 - DEBUG -     Linked: La 4 Saisons Végétarienne -> Dips
2025-12-28 13:44:32,915 - DEBUG -     Details: Trempettes (min:0, max:0, free:0, order:4)
2025-12-28 13:44:32,916 - INFO -     -> 2 links, 2 details
2025-12-28 13:44:32,916 - INFO -   [55/123] La Canadienne (V3: 153762, source_id: 120975)
2025-12-28 13:44:34,778 - DEBUG -   Found active group: Pizza Toppings (V1 ID: 9289, Category: ci)
2025-12-28 13:44:34,787 - DEBUG -   Found active group: Dips (V1 ID: 9292, Category: sa)
2025-12-28 13:44:34,796 - INFO -   La Canadienne: 2 active modifier groups
2025-12-28 13:44:35,116 - DEBUG -     Linked: La Canadienne -> Pizza Toppings
2025-12-28 13:44:35,276 - DEBUG -     Details: Ajouter plus de garnitures (min:0, max:0, free:0, order:2)
2025-12-28 13:44:35,552 - DEBUG -     Linked: La Canadienne -> Dips
2025-12-28 13:44:35,729 - DEBUG -     Details: Trempettes (min:0, max:0, free:0, order:4)
2025-12-28 13:44:35,729 - INFO -     -> 2 links, 2 details
2025-12-28 13:44:35,730 - INFO -   [56/123] La Chicago (V3: 153766, source_id: 120980)
2025-12-28 13:44:37,562 - DEBUG -   Found active group: Pizza Toppings (V1 ID: 9289, Category: ci)
2025-12-28 13:44:37,571 - DEBUG -   Found active group: Dips (V1 ID: 9292, Category: sa)
2025-12-28 13:44:37,580 - INFO -   La Chicago: 2 active modifier groups
2025-12-28 13:44:37,903 - DEBUG -     Linked: La Chicago -> Pizza Toppings
2025-12-28 13:44:38,075 - DEBUG -     Details: Ajouter plus de garnitures (min:0, max:0, free:0, order:2)
2025-12-28 13:44:38,368 - DEBUG -     Linked: La Chicago -> Dips
2025-12-28 13:44:38,551 - DEBUG -     Details: Trempettes (min:0, max:0, free:0, order:4)
2025-12-28 13:44:38,551 - INFO -     -> 2 links, 2 details
2025-12-28 13:44:38,551 - INFO -   [57/123] La Classico Italiano (V3: 153755, source_id: 120972)
2025-12-28 13:44:40,404 - DEBUG -   Found active group: Pizza Toppings (V1 ID: 9289, Category: ci)
2025-12-28 13:44:40,412 - DEBUG -   Found active group: Dips (V1 ID: 9292, Category: sa)
2025-12-28 13:44:40,421 - INFO -   La Classico Italiano: 2 active modifier groups
2025-12-28 13:44:40,732 - DEBUG -     Linked: La Classico Italiano -> Pizza Toppings
2025-12-28 13:44:40,909 - DEBUG -     Details: Ajouter plus de garnitures (min:0, max:0, free:0, order:2)
2025-12-28 13:44:41,213 - DEBUG -     Linked: La Classico Italiano -> Dips
2025-12-28 13:44:41,386 - DEBUG -     Details: Trempettes (min:0, max:0, free:0, order:4)
2025-12-28 13:44:41,386 - INFO -     -> 2 links, 2 details
2025-12-28 13:44:41,387 - INFO -   [58/123] La Club (V3: 153772, source_id: 98394)
2025-12-28 13:44:43,211 - DEBUG -   Found active group: Pizza Toppings (V1 ID: 9289, Category: ci)
2025-12-28 13:44:43,221 - DEBUG -   Found active group: Dips (V1 ID: 9292, Category: sa)
2025-12-28 13:44:43,230 - INFO -   La Club: 2 active modifier groups
2025-12-28 13:44:43,527 - DEBUG -     Linked: La Club -> Pizza Toppings
2025-12-28 13:44:43,705 - DEBUG -     Details: Ajouter plus de garnitures (min:0, max:0, free:0, order:2)
2025-12-28 13:44:44,023 - DEBUG -     Linked: La Club -> Dips
2025-12-28 13:44:44,201 - DEBUG -     Details: Trempettes (min:0, max:0, free:0, order:4)
2025-12-28 13:44:44,201 - INFO -     -> 2 links, 2 details
2025-12-28 13:44:44,202 - INFO -   [59/123] La Club (V3: 154368, source_id: 120999)
2025-12-28 13:44:46,078 - DEBUG -   No active modifier groups for dish La Club
2025-12-28 13:44:46,078 - INFO -     -> 0 links, 0 details
2025-12-28 13:44:46,078 - INFO -   Progress: 60/123 dishes
2025-12-28 13:44:46,078 - INFO -   [60/123] La Dani (V3: 153771, source_id: 120979)
2025-12-28 13:44:47,928 - DEBUG -   Found active group: Pizza Toppings (V1 ID: 9289, Category: ci)
2025-12-28 13:44:47,937 - DEBUG -   Found active group: Dips (V1 ID: 9292, Category: sa)
2025-12-28 13:44:47,947 - INFO -   La Dani: 2 active modifier groups
2025-12-28 13:44:48,234 - DEBUG -     Linked: La Dani -> Pizza Toppings
2025-12-28 13:44:48,404 - DEBUG -     Details: Ajouter plus de garnitures (min:0, max:0, free:0, order:2)
2025-12-28 13:44:48,687 - DEBUG -     Linked: La Dani -> Dips
2025-12-28 13:44:48,872 - DEBUG -     Details: Trempettes (min:0, max:0, free:0, order:4)
2025-12-28 13:44:48,872 - INFO -     -> 2 links, 2 details
2025-12-28 13:44:48,873 - INFO -   [61/123] La Dani (V3: 154366, source_id: 120997)
2025-12-28 13:44:50,765 - DEBUG -   No active modifier groups for dish La Dani
2025-12-28 13:44:50,765 - INFO -     -> 0 links, 0 details
2025-12-28 13:44:50,765 - INFO -   [62/123] La Francaise (V3: 153763, source_id: 120976)
2025-12-28 13:44:52,634 - DEBUG -   Found active group: Pizza Toppings (V1 ID: 9289, Category: ci)
2025-12-28 13:44:52,649 - DEBUG -   Found active group: Dips (V1 ID: 9292, Category: sa)
2025-12-28 13:44:52,663 - INFO -   La Francaise: 2 active modifier groups
2025-12-28 13:44:52,959 - DEBUG -     Linked: La Francaise -> Pizza Toppings
2025-12-28 13:44:53,126 - DEBUG -     Details: Ajouter plus de garnitures (min:0, max:0, free:0, order:2)
2025-12-28 13:44:53,426 - DEBUG -     Linked: La Francaise -> Dips
2025-12-28 13:44:53,602 - DEBUG -     Details: Trempettes (min:0, max:0, free:0, order:4)
2025-12-28 13:44:53,602 - INFO -     -> 2 links, 2 details
2025-12-28 13:44:53,602 - INFO -   [63/123] La Gatinoise Combinée (V3: 153754, source_id: 98386)
2025-12-28 13:44:55,472 - DEBUG -   Found active group: Pizza Toppings (V1 ID: 9289, Category: ci)
2025-12-28 13:44:55,480 - DEBUG -   Found active group: Dips (V1 ID: 9292, Category: sa)
2025-12-28 13:44:55,489 - INFO -   La Gatinoise Combinée: 2 active modifier groups
2025-12-28 13:44:55,803 - DEBUG -     Linked: La Gatinoise Combinée -> Pizza Toppings
2025-12-28 13:44:55,976 - DEBUG -     Details: Ajouter plus de garnitures (min:0, max:0, free:0, order:2)
2025-12-28 13:44:56,270 - DEBUG -     Linked: La Gatinoise Combinée -> Dips
2025-12-28 13:44:56,444 - DEBUG -     Details: Trempettes (min:0, max:0, free:0, order:4)
2025-12-28 13:44:56,444 - INFO -     -> 2 links, 2 details
2025-12-28 13:44:56,445 - INFO -   [64/123] La Geo (V3: 153770, source_id: 120977)
2025-12-28 13:44:58,298 - DEBUG -   Found active group: Pizza Toppings (V1 ID: 9289, Category: ci)
2025-12-28 13:44:58,307 - DEBUG -   Found active group: Dips (V1 ID: 9292, Category: sa)
2025-12-28 13:44:58,316 - INFO -   La Geo: 2 active modifier groups
2025-12-28 13:44:58,604 - DEBUG -     Linked: La Geo -> Pizza Toppings
2025-12-28 13:44:58,766 - DEBUG -     Details: Ajouter plus de garnitures (min:0, max:0, free:0, order:2)
2025-12-28 13:44:59,073 - DEBUG -     Linked: La Geo -> Dips
2025-12-28 13:44:59,257 - DEBUG -     Details: Trempettes (min:0, max:0, free:0, order:4)
2025-12-28 13:44:59,257 - INFO -     -> 2 links, 2 details
2025-12-28 13:44:59,257 - INFO -   [65/123] La Geo (V3: 154363, source_id: 120994)
2025-12-28 13:45:01,117 - DEBUG -   No active modifier groups for dish La Geo
2025-12-28 13:45:01,117 - INFO -     -> 0 links, 0 details
2025-12-28 13:45:01,117 - INFO -   [66/123] La Grecque (V3: 153764, source_id: 98392)
2025-12-28 13:45:02,980 - DEBUG -   Found active group: Pizza Toppings (V1 ID: 9289, Category: ci)
2025-12-28 13:45:02,989 - DEBUG -   Found active group: Dips (V1 ID: 9292, Category: sa)
2025-12-28 13:45:02,999 - INFO -   La Grecque: 2 active modifier groups
2025-12-28 13:45:03,317 - DEBUG -     Linked: La Grecque -> Pizza Toppings
2025-12-28 13:45:03,523 - DEBUG -     Details: Ajouter plus de garnitures (min:0, max:0, free:0, order:2)
2025-12-28 13:45:03,830 - DEBUG -     Linked: La Grecque -> Dips
2025-12-28 13:45:04,018 - DEBUG -     Details: Trempettes (min:0, max:0, free:0, order:4)
2025-12-28 13:45:04,018 - INFO -     -> 2 links, 2 details
2025-12-28 13:45:04,019 - INFO -   [67/123] La Hawaïenne (V3: 153756, source_id: 98387)
2025-12-28 13:45:05,969 - DEBUG -   Found active group: Pizza Toppings (V1 ID: 9289, Category: ci)
2025-12-28 13:45:05,978 - DEBUG -   Found active group: Dips (V1 ID: 9292, Category: sa)
2025-12-28 13:45:05,987 - INFO -   La Hawaïenne: 2 active modifier groups
2025-12-28 13:45:06,292 - DEBUG -     Linked: La Hawaïenne -> Pizza Toppings
2025-12-28 13:45:06,467 - DEBUG -     Details: Ajouter plus de garnitures (min:0, max:0, free:0, order:2)
2025-12-28 13:45:06,753 - DEBUG -     Linked: La Hawaïenne -> Dips
2025-12-28 13:45:06,928 - DEBUG -     Details: Trempettes (min:0, max:0, free:0, order:4)
2025-12-28 13:45:06,928 - INFO -     -> 2 links, 2 details
2025-12-28 13:45:06,929 - INFO -   [68/123] La Jeune Hockeyeur (V3: 153753, source_id: 120971)
2025-12-28 13:45:08,811 - DEBUG -   Found active group: Pizza Toppings (V1 ID: 9289, Category: ci)
2025-12-28 13:45:08,820 - DEBUG -   Found active group: Dips (V1 ID: 9292, Category: sa)
2025-12-28 13:45:08,829 - INFO -   La Jeune Hockeyeur: 2 active modifier groups
2025-12-28 13:45:09,129 - DEBUG -     Linked: La Jeune Hockeyeur -> Pizza Toppings
2025-12-28 13:45:09,327 - DEBUG -     Details: Ajouter plus de garnitures (min:0, max:0, free:0, order:2)
2025-12-28 13:45:09,633 - DEBUG -     Linked: La Jeune Hockeyeur -> Dips
2025-12-28 13:45:09,809 - DEBUG -     Details: Trempettes (min:0, max:0, free:0, order:4)
2025-12-28 13:45:09,809 - INFO -     -> 2 links, 2 details
2025-12-28 13:45:09,809 - INFO -   [69/123] La Meat Lover (V3: 154360, source_id: 120991)
2025-12-28 13:45:11,686 - DEBUG -   No active modifier groups for dish La Meat Lover
2025-12-28 13:45:11,687 - INFO -     -> 0 links, 0 details
2025-12-28 13:45:11,687 - INFO -   Progress: 70/123 dishes
2025-12-28 13:45:11,687 - INFO -   [70/123] La Mexicaine (V3: 153758, source_id: 98389)
2025-12-28 13:45:13,546 - DEBUG -   Found active group: Pizza Toppings (V1 ID: 9289, Category: ci)
2025-12-28 13:45:13,556 - DEBUG -   Found active group: Dips (V1 ID: 9292, Category: sa)
2025-12-28 13:45:13,564 - INFO -   La Mexicaine: 2 active modifier groups
2025-12-28 13:45:13,867 - DEBUG -     Linked: La Mexicaine -> Pizza Toppings
2025-12-28 13:45:14,043 - DEBUG -     Details: Ajouter plus de garnitures (min:0, max:0, free:0, order:2)
2025-12-28 13:45:14,331 - DEBUG -     Linked: La Mexicaine -> Dips
2025-12-28 13:45:14,500 - DEBUG -     Details: Trempettes (min:0, max:0, free:0, order:4)
2025-12-28 13:45:14,500 - INFO -     -> 2 links, 2 details
2025-12-28 13:45:14,500 - INFO -   [71/123] La Montrealaise (V3: 154370, source_id: 121001)
2025-12-28 13:45:16,373 - DEBUG -   No active modifier groups for dish La Montrealaise
2025-12-28 13:45:16,373 - INFO -     -> 0 links, 0 details
2025-12-28 13:45:16,373 - INFO -   [72/123] La Newyorkaise (V3: 153768, source_id: 98396)
2025-12-28 13:45:18,227 - DEBUG -   Found active group: Pizza Toppings (V1 ID: 9289, Category: ci)
2025-12-28 13:45:18,236 - DEBUG -   Found active group: Dips (V1 ID: 9292, Category: sa)
2025-12-28 13:45:18,245 - INFO -   La Newyorkaise: 2 active modifier groups
2025-12-28 13:45:18,519 - DEBUG -     Linked: La Newyorkaise -> Pizza Toppings
2025-12-28 13:45:18,693 - DEBUG -     Details: Ajouter plus de garnitures (min:0, max:0, free:0, order:2)
2025-12-28 13:45:18,963 - DEBUG -     Linked: La Newyorkaise -> Dips
2025-12-28 13:45:19,126 - DEBUG -     Details: Trempettes (min:0, max:0, free:0, order:4)
2025-12-28 13:45:19,126 - INFO -     -> 2 links, 2 details
2025-12-28 13:45:19,126 - INFO -   [73/123] La Poulet BBQ (V3: 153759, source_id: 120974)
2025-12-28 13:45:21,012 - DEBUG -   Found active group: Pizza Toppings (V1 ID: 9289, Category: ci)
2025-12-28 13:45:21,022 - DEBUG -   Found active group: Dips (V1 ID: 9292, Category: sa)
2025-12-28 13:45:21,031 - INFO -   La Poulet BBQ: 2 active modifier groups
2025-12-28 13:45:21,317 - DEBUG -     Linked: La Poulet BBQ -> Pizza Toppings
2025-12-28 13:45:21,489 - DEBUG -     Details: Ajouter plus de garnitures (min:0, max:0, free:0, order:2)
2025-12-28 13:45:21,774 - DEBUG -     Linked: La Poulet BBQ -> Dips
2025-12-28 13:45:21,965 - DEBUG -     Details: Trempettes (min:0, max:0, free:0, order:4)
2025-12-28 13:45:21,965 - INFO -     -> 2 links, 2 details
2025-12-28 13:45:21,966 - INFO -   [74/123] La Québécoise Spécial Maison (V3: 153760, source_id: 98390)
2025-12-28 13:45:23,840 - DEBUG -   Found active group: Pizza Toppings (V1 ID: 9289, Category: ci)
2025-12-28 13:45:23,849 - DEBUG -   Found active group: Dips (V1 ID: 9292, Category: sa)
2025-12-28 13:45:23,858 - INFO -   La Québécoise Spécial Maison: 2 active modifier groups
2025-12-28 13:45:24,136 - DEBUG -     Linked: La Québécoise Spécial Maison -> Pizza Toppings
2025-12-28 13:45:24,296 - DEBUG -     Details: Ajouter plus de garnitures (min:0, max:0, free:0, order:2)
2025-12-28 13:45:24,586 - DEBUG -     Linked: La Québécoise Spécial Maison -> Dips
2025-12-28 13:45:24,751 - DEBUG -     Details: Trempettes (min:0, max:0, free:0, order:4)
2025-12-28 13:45:24,752 - INFO -     -> 2 links, 2 details
2025-12-28 13:45:24,752 - INFO -   [75/123] La Tianna (V3: 154356, source_id: 120987)
2025-12-28 13:45:26,607 - DEBUG -   No active modifier groups for dish La Tianna
2025-12-28 13:45:26,607 - INFO -     -> 0 links, 0 details
2025-12-28 13:45:26,607 - INFO -   [76/123] La Tianna (V3: 153769, source_id: 120973)
2025-12-28 13:45:28,475 - DEBUG -   Found active group: Pizza Toppings (V1 ID: 9289, Category: ci)
2025-12-28 13:45:28,485 - DEBUG -   Found active group: Dips (V1 ID: 9292, Category: sa)
2025-12-28 13:45:28,493 - INFO -   La Tianna: 2 active modifier groups
2025-12-28 13:45:28,797 - DEBUG -     Linked: La Tianna -> Pizza Toppings
2025-12-28 13:45:28,964 - DEBUG -     Details: Ajouter plus de garnitures (min:0, max:0, free:0, order:2)
2025-12-28 13:45:29,267 - DEBUG -     Linked: La Tianna -> Dips
2025-12-28 13:45:29,436 - DEBUG -     Details: Trempettes (min:0, max:0, free:0, order:4)
2025-12-28 13:45:29,436 - INFO -     -> 2 links, 2 details
2025-12-28 13:45:29,437 - INFO -   [77/123] Lasagne (V3: 153799, source_id: 98422)
2025-12-28 13:45:31,314 - DEBUG -   No active modifier groups for dish Lasagne
2025-12-28 13:45:31,314 - INFO -     -> 0 links, 0 details
2025-12-28 13:45:31,314 - INFO -   [78/123] Lasagne à la Québécoise (V3: 153802, source_id: 98425)
2025-12-28 13:45:33,176 - DEBUG -   No active modifier groups for dish Lasagne à la Québécoise
2025-12-28 13:45:33,176 - INFO -     -> 0 links, 0 details
2025-12-28 13:45:33,176 - INFO -   [79/123] Le Gros (V3: 153824, source_id: 98442)
2025-12-28 13:45:35,041 - DEBUG -   Found active group: Extras for Burgers (V1 ID: 9294, Category: e)
2025-12-28 13:45:35,046 - INFO -   Le Gros: 1 active modifier groups
2025-12-28 13:45:35,323 - DEBUG -     Linked: Le Gros -> Extras for Burgers
2025-12-28 13:45:35,478 - DEBUG -     Details: Extras (min:0, max:0, free:0, order:7)
2025-12-28 13:45:35,478 - INFO -     -> 1 links, 1 details
2025-12-28 13:45:35,478 - INFO -   Progress: 80/123 dishes
2025-12-28 13:45:35,479 - INFO -   [80/123] Le Gros Combo (V3: 153825, source_id: 98443)
2025-12-28 13:45:37,329 - DEBUG -   Found active group: Extras for Burgers (V1 ID: 9294, Category: e)
2025-12-28 13:45:37,333 - INFO -   Le Gros Combo: 1 active modifier groups
2025-12-28 13:45:37,610 - DEBUG -     Linked: Le Gros Combo -> Extras for Burgers
2025-12-28 13:45:37,780 - DEBUG -     Details: Extras (min:0, max:0, free:0, order:7)
2025-12-28 13:45:37,780 - INFO -     -> 1 links, 1 details
2025-12-28 13:45:37,781 - INFO -   [81/123] Le Jumbo (V3: 153826, source_id: 99710)
2025-12-28 13:45:39,668 - DEBUG -   Found active group: Extras for Burgers (V1 ID: 9294, Category: e)
2025-12-28 13:45:39,673 - INFO -   Le Jumbo: 1 active modifier groups
2025-12-28 13:45:39,954 - DEBUG -     Linked: Le Jumbo -> Extras for Burgers
2025-12-28 13:45:40,126 - DEBUG -     Details: Extras (min:0, max:0, free:0, order:7)
2025-12-28 13:45:40,127 - INFO -     -> 1 links, 1 details
2025-12-28 13:45:40,127 - INFO -   [82/123] Le Jumbo Combo (V3: 153827, source_id: 99711)
2025-12-28 13:45:41,992 - DEBUG -   Found active group: Extras for Burgers (V1 ID: 9294, Category: e)
2025-12-28 13:45:41,997 - INFO -   Le Jumbo Combo: 1 active modifier groups
2025-12-28 13:45:42,298 - DEBUG -     Linked: Le Jumbo Combo -> Extras for Burgers
2025-12-28 13:45:42,458 - DEBUG -     Details: Extras (min:0, max:0, free:0, order:7)
2025-12-28 13:45:42,459 - INFO -     -> 1 links, 1 details
2025-12-28 13:45:42,459 - INFO -   [83/123] Nachos (V3: 153808, source_id: 98430)
2025-12-28 13:45:44,365 - DEBUG -   Found active group: Beef or CHicken (V1 ID: 9468, Category: ci)
2025-12-28 13:45:44,375 - INFO -   Nachos: 1 active modifier groups
2025-12-28 13:45:44,664 - DEBUG -     Linked: Nachos -> Beef or CHicken
2025-12-28 13:45:44,855 - DEBUG -     Details: Ingrédients personnalisés (min:0, max:1, free:0, order:2)
2025-12-28 13:45:44,855 - INFO -     -> 1 links, 1 details
2025-12-28 13:45:44,855 - INFO -   [84/123] Orange Crush (V3: 153851, source_id: 98459)
2025-12-28 13:45:46,749 - DEBUG -   No active modifier groups for dish Orange Crush
2025-12-28 13:45:46,749 - INFO -     -> 0 links, 0 details
2025-12-28 13:45:46,749 - INFO -   [85/123] Pain à l’ail 12" (V3: 153803, source_id: 98426)
2025-12-28 13:45:48,599 - DEBUG -   No active modifier groups for dish Pain à l’ail 12"
2025-12-28 13:45:48,599 - INFO -     -> 0 links, 0 details
2025-12-28 13:45:48,599 - INFO -   [86/123] Pepperoni (V3: 153784, source_id: 98408)
2025-12-28 13:45:50,464 - DEBUG -   No active modifier groups for dish Pepperoni
2025-12-28 13:45:50,464 - INFO -     -> 0 links, 0 details
2025-12-28 13:45:50,464 - INFO -   [87/123] Pepperoni avec Frites et Breuvage (V3: 153785, source_id: 98409)
2025-12-28 13:45:52,340 - DEBUG -   Found active group: Upgrade to Poutine SUBS (V1 ID: 11490, Category: sd)
2025-12-28 13:45:52,350 - DEBUG -   Found active group: Drinks Cans (V1 ID: 11491, Category: d)
2025-12-28 13:45:52,355 - INFO -   Pepperoni avec Frites et Breuvage: 2 active modifier groups
2025-12-28 13:45:52,622 - DEBUG -     Linked: Pepperoni avec Frites et Breuvage -> Upgrade to Poutine SUBS
2025-12-28 13:45:52,807 - DEBUG -     Details: Changez vos frites (min:0, max:1, free:0, order:5)
2025-12-28 13:45:53,092 - DEBUG -     Linked: Pepperoni avec Frites et Breuvage -> Drinks Cans
2025-12-28 13:45:53,252 - DEBUG -     Details: Boissons (min:1, max:1, free:0, order:6)
2025-12-28 13:45:53,252 - INFO -     -> 2 links, 2 details
2025-12-28 13:45:53,253 - INFO -   [88/123] Pepsi (V3: 153852, source_id: 98460)
2025-12-28 13:45:55,122 - DEBUG -   No active modifier groups for dish Pepsi
2025-12-28 13:45:55,123 - INFO -     -> 0 links, 0 details
2025-12-28 13:45:55,123 - INFO -   [89/123] Pizza (V3: 153790, source_id: 98414)
2025-12-28 13:45:56,977 - DEBUG -   No active modifier groups for dish Pizza
2025-12-28 13:45:56,977 - INFO -     -> 0 links, 0 details
2025-12-28 13:45:56,977 - INFO -   Progress: 90/123 dishes
2025-12-28 13:45:56,977 - INFO -   [90/123] Pizza avec Frites et Breuvage (V3: 153791, source_id: 98415)
2025-12-28 13:45:58,851 - DEBUG -   Found active group: Upgrade to Poutine SUBS (V1 ID: 11490, Category: sd)
2025-12-28 13:45:58,860 - DEBUG -   Found active group: Drinks Cans (V1 ID: 11491, Category: d)
2025-12-28 13:45:58,866 - INFO -   Pizza avec Frites et Breuvage: 2 active modifier groups
2025-12-28 13:45:59,140 - DEBUG -     Linked: Pizza avec Frites et Breuvage -> Upgrade to Poutine SUBS
2025-12-28 13:45:59,311 - DEBUG -     Details: Changez vos frites (min:0, max:1, free:0, order:5)
2025-12-28 13:45:59,578 - DEBUG -     Linked: Pizza avec Frites et Breuvage -> Drinks Cans
2025-12-28 13:45:59,739 - DEBUG -     Details: Boissons (min:1, max:1, free:0, order:6)
2025-12-28 13:45:59,740 - INFO -     -> 2 links, 2 details
2025-12-28 13:45:59,740 - INFO -   [91/123] Pizza Grande avec Ailes et Frites (V3: 154345, source_id: 98468)
2025-12-28 13:46:01,594 - DEBUG -   No active modifier groups for dish Pizza Grande avec Ailes et Frites
2025-12-28 13:46:01,594 - INFO -     -> 0 links, 0 details
2025-12-28 13:46:01,594 - INFO -   [92/123] Pizza Grande avec Poutines (V3: 154342, source_id: 98465)
2025-12-28 13:46:03,452 - DEBUG -   No active modifier groups for dish Pizza Grande avec Poutines
2025-12-28 13:46:03,452 - INFO -     -> 0 links, 0 details
2025-12-28 13:46:03,452 - INFO -   [93/123] Pizza Moyenne avec Ailes (V3: 154341, source_id: 98464)
2025-12-28 13:46:05,307 - DEBUG -   No active modifier groups for dish Pizza Moyenne avec Ailes
2025-12-28 13:46:05,307 - INFO -     -> 0 links, 0 details
2025-12-28 13:46:05,307 - INFO -   [94/123] Pizza Moyenne avec Poutines (V3: 154346, source_id: 98469)
2025-12-28 13:46:07,167 - DEBUG -   No active modifier groups for dish Pizza Moyenne avec Poutines
2025-12-28 13:46:07,167 - INFO -     -> 0 links, 0 details
2025-12-28 13:46:07,167 - INFO -   [95/123] Pizza Moyenne avec Sous-Marin Steak et Frites (V3: 154344, source_id: 98467)
2025-12-28 13:46:09,032 - DEBUG -   No active modifier groups for dish Pizza Moyenne avec Sous-Marin Steak et Frites
2025-12-28 13:46:09,032 - INFO -     -> 0 links, 0 details
2025-12-28 13:46:09,033 - INFO -   [96/123] Pizza Petite avec Ailes et Frites (V3: 154343, source_id: 98466)
2025-12-28 13:46:10,878 - DEBUG -   No active modifier groups for dish Pizza Petite avec Ailes et Frites
2025-12-28 13:46:10,878 - INFO -     -> 0 links, 0 details
2025-12-28 13:46:10,879 - INFO -   [97/123] Pizza Petite avec Poutine (V3: 154340, source_id: 98463)
2025-12-28 13:46:12,746 - DEBUG -   No active modifier groups for dish Pizza Petite avec Poutine
2025-12-28 13:46:12,746 - INFO -     -> 0 links, 0 details
2025-12-28 13:46:12,747 - INFO -   [98/123] Plat Combiné (V3: 153839, source_id: 98453)
2025-12-28 13:46:14,591 - DEBUG -   Found active group: Wings Sauces (V1 ID: 9293, Category: sa)
2025-12-28 13:46:14,600 - INFO -   Plat Combiné: 1 active modifier groups
2025-12-28 13:46:14,882 - DEBUG -     Linked: Plat Combiné -> Wings Sauces
2025-12-28 13:46:15,065 - DEBUG -     Details: Ailes Sauce (min:1, max:1, free:0, order:4)
2025-12-28 13:46:15,065 - INFO -     -> 1 links, 1 details
2025-12-28 13:46:15,066 - INFO -   [99/123] Poulet (V3: 153788, source_id: 98412)
2025-12-28 13:46:16,934 - DEBUG -   No active modifier groups for dish Poulet
2025-12-28 13:46:16,934 - INFO -     -> 0 links, 0 details
2025-12-28 13:46:16,934 - INFO -   Progress: 100/123 dishes
2025-12-28 13:46:16,934 - INFO -   [100/123] Poulet avec Frites et Breuvage (V3: 153789, source_id: 98413)
2025-12-28 13:46:19,244 - DEBUG -   Found active group: Upgrade to Poutine SUBS (V1 ID: 11490, Category: sd)
2025-12-28 13:46:19,253 - DEBUG -   Found active group: Drinks Cans (V1 ID: 11491, Category: d)
2025-12-28 13:46:19,258 - INFO -   Poulet avec Frites et Breuvage: 2 active modifier groups
2025-12-28 13:46:19,553 - DEBUG -     Linked: Poulet avec Frites et Breuvage -> Upgrade to Poutine SUBS
2025-12-28 13:46:19,735 - DEBUG -     Details: Changez vos frites (min:0, max:1, free:0, order:5)
2025-12-28 13:46:20,032 - DEBUG -     Linked: Poulet avec Frites et Breuvage -> Drinks Cans
2025-12-28 13:46:20,191 - DEBUG -     Details: Boissons (min:1, max:1, free:0, order:6)
2025-12-28 13:46:20,191 - INFO -     -> 2 links, 2 details
2025-12-28 13:46:20,191 - INFO -   [101/123] Poutine (V3: 153773, source_id: 98397)
2025-12-28 13:46:22,055 - DEBUG -   No active modifier groups for dish Poutine
2025-12-28 13:46:22,055 - INFO -     -> 0 links, 0 details
2025-12-28 13:46:22,055 - INFO -   [102/123] Poutine avec Bacon (V3: 153774, source_id: 98398)
2025-12-28 13:46:24,094 - DEBUG -   No active modifier groups for dish Poutine avec Bacon
2025-12-28 13:46:24,095 - INFO -     -> 0 links, 0 details
2025-12-28 13:46:24,095 - INFO -   [103/123] Poutine avec Bacon et Saucisse (V3: 153775, source_id: 98399)
2025-12-28 13:46:25,988 - DEBUG -   No active modifier groups for dish Poutine avec Bacon et Saucisse
2025-12-28 13:46:25,988 - INFO -     -> 0 links, 0 details
2025-12-28 13:46:25,988 - INFO -   [104/123] Poutine avec Poulet (V3: 153776, source_id: 98400)
2025-12-28 13:46:27,933 - DEBUG -   No active modifier groups for dish Poutine avec Poulet
2025-12-28 13:46:27,933 - INFO -     -> 0 links, 0 details
2025-12-28 13:46:27,934 - INFO -   [105/123] Poutine Italienne (V3: 153777, source_id: 98401)
2025-12-28 13:46:29,782 - DEBUG -   No active modifier groups for dish Poutine Italienne
2025-12-28 13:46:29,782 - INFO -     -> 0 links, 0 details
2025-12-28 13:46:29,782 - INFO -   [106/123] Rondelles d’oignon (V3: 153804, source_id: 98427)
2025-12-28 13:46:31,725 - DEBUG -   No active modifier groups for dish Rondelles d’oignon
2025-12-28 13:46:31,725 - INFO -     -> 0 links, 0 details
2025-12-28 13:46:31,725 - INFO -   [107/123] Salade César (V3: 153809, source_id: 98431)
2025-12-28 13:46:33,562 - DEBUG -   No active modifier groups for dish Salade César
2025-12-28 13:46:33,562 - INFO -     -> 0 links, 0 details
2025-12-28 13:46:33,562 - INFO -   [108/123] Salade Grecque (V3: 153811, source_id: 98433)
2025-12-28 13:46:35,408 - DEBUG -   No active modifier groups for dish Salade Grecque
2025-12-28 13:46:35,409 - INFO -     -> 0 links, 0 details
2025-12-28 13:46:35,409 - INFO -   [109/123] Salade Jardiniere (V3: 153810, source_id: 98432)
2025-12-28 13:46:37,290 - DEBUG -   No active modifier groups for dish Salade Jardiniere
2025-12-28 13:46:37,290 - INFO -     -> 0 links, 0 details
2025-12-28 13:46:37,290 - INFO -   Progress: 110/123 dishes
2025-12-28 13:46:37,290 - INFO -   [110/123] Sandwich Poulet Chaud (V3: 153812, source_id: 98434)
2025-12-28 13:46:39,155 - DEBUG -   No active modifier groups for dish Sandwich Poulet Chaud
2025-12-28 13:46:39,155 - INFO -     -> 0 links, 0 details
2025-12-28 13:46:39,155 - INFO -   [111/123] Spaghetti (V3: 153800, source_id: 98423)
2025-12-28 13:46:41,037 - DEBUG -   No active modifier groups for dish Spaghetti
2025-12-28 13:46:41,037 - INFO -     -> 0 links, 0 details
2025-12-28 13:46:41,037 - INFO -   [112/123] Spaghetti à la Québécoise (V3: 153801, source_id: 98424)
2025-12-28 13:46:42,882 - DEBUG -   No active modifier groups for dish Spaghetti à la Québécoise
2025-12-28 13:46:42,882 - INFO -     -> 0 links, 0 details
2025-12-28 13:46:42,882 - INFO -   [113/123] Spécial 2 Pizza (V3: 154348, source_id: 98471)
2025-12-28 13:46:44,749 - DEBUG -   No active modifier groups for dish Spécial 2 Pizza
2025-12-28 13:46:44,750 - INFO -     -> 0 links, 0 details
2025-12-28 13:46:44,750 - INFO -   [114/123] Spécial Familiale (V3: 154339, source_id: 98472)
2025-12-28 13:46:46,598 - DEBUG -   No active modifier groups for dish Spécial Familiale
2025-12-28 13:46:46,598 - INFO -     -> 0 links, 0 details
2025-12-28 13:46:46,598 - INFO -   [115/123] Steak (V3: 153782, source_id: 98406)
2025-12-28 13:46:48,492 - DEBUG -   No active modifier groups for dish Steak
2025-12-28 13:46:48,492 - INFO -     -> 0 links, 0 details
2025-12-28 13:46:48,492 - INFO -   [116/123] Steak au Sauce Chipotle (V3: 153798, source_id: 107801)
2025-12-28 13:46:50,403 - DEBUG -   No active modifier groups for dish Steak au Sauce Chipotle
2025-12-28 13:46:50,403 - INFO -     -> 0 links, 0 details
2025-12-28 13:46:50,403 - INFO -   [117/123] Steak avec Frites et Breuvage (V3: 153783, source_id: 98407)
2025-12-28 13:46:52,263 - DEBUG -   Found active group: Upgrade to Poutine SUBS (V1 ID: 11490, Category: sd)
2025-12-28 13:46:52,272 - DEBUG -   Found active group: Drinks Cans (V1 ID: 11491, Category: d)
2025-12-28 13:46:52,278 - INFO -   Steak avec Frites et Breuvage: 2 active modifier groups
2025-12-28 13:46:52,574 - DEBUG -     Linked: Steak avec Frites et Breuvage -> Upgrade to Poutine SUBS
2025-12-28 13:46:52,747 - DEBUG -     Details: Changez vos frites (min:0, max:1, free:0, order:5)
2025-12-28 13:46:53,017 - DEBUG -     Linked: Steak avec Frites et Breuvage -> Drinks Cans
2025-12-28 13:46:53,170 - DEBUG -     Details: Boissons (min:1, max:1, free:0, order:6)
2025-12-28 13:46:53,170 - INFO -     -> 2 links, 2 details
2025-12-28 13:46:53,170 - INFO -   [118/123] Style Maniwaki (V3: 153767, source_id: 98395)
2025-12-28 13:46:55,055 - DEBUG -   Found active group: Pizza Toppings (V1 ID: 9289, Category: ci)
2025-12-28 13:46:55,065 - DEBUG -   Found active group: Dips (V1 ID: 9292, Category: sa)
2025-12-28 13:46:55,074 - INFO -   Style Maniwaki: 2 active modifier groups
2025-12-28 13:46:55,336 - DEBUG -     Linked: Style Maniwaki -> Pizza Toppings
2025-12-28 13:46:55,492 - DEBUG -     Details: Ajouter plus de garnitures (min:0, max:0, free:0, order:2)
2025-12-28 13:46:55,795 - DEBUG -     Linked: Style Maniwaki -> Dips
2025-12-28 13:46:55,979 - DEBUG -     Details: Trempettes (min:0, max:0, free:0, order:4)
2025-12-28 13:46:55,979 - INFO -     -> 2 links, 2 details
2025-12-28 13:46:55,980 - INFO -   [119/123] Trio Shawarma (V3: 153841, source_id: 99712)
2025-12-28 13:46:57,848 - DEBUG -   Found active group: Beef or CHicken (V1 ID: 9468, Category: ci)
2025-12-28 13:46:57,858 - INFO -   Trio Shawarma: 1 active modifier groups
2025-12-28 13:46:58,155 - DEBUG -     Linked: Trio Shawarma -> Beef or CHicken
2025-12-28 13:46:58,337 - DEBUG -     Details: Choisissez vos Shawarma (min:1, max:1, free:0, order:2)
2025-12-28 13:46:58,337 - INFO -     -> 1 links, 1 details
2025-12-28 13:46:58,337 - INFO -   Progress: 120/123 dishes
2025-12-28 13:46:58,337 - INFO -   [120/123] Trio Shawarma (deux) (V3: 153840, source_id: 98454)
2025-12-28 13:47:00,630 - DEBUG -   Found active group: Beef or CHicken (V1 ID: 9468, Category: ci)
2025-12-28 13:47:00,641 - INFO -   Trio Shawarma (deux): 1 active modifier groups
2025-12-28 13:47:00,936 - DEBUG -     Linked: Trio Shawarma (deux) -> Beef or CHicken
2025-12-28 13:47:01,098 - DEBUG -     Details: Choisissez vos Shawarma (min:2, max:2, free:0, order:2)
2025-12-28 13:47:01,098 - INFO -     -> 1 links, 1 details
2025-12-28 13:47:01,099 - INFO -   [121/123] Végétarienne (V3: 153796, source_id: 98420)
2025-12-28 13:47:02,941 - DEBUG -   No active modifier groups for dish Végétarienne
2025-12-28 13:47:02,941 - INFO -     -> 0 links, 0 details
2025-12-28 13:47:02,941 - INFO -   [122/123] Végétarienne avec Frites et Breuvage (V3: 153797, source_id: 98421)
2025-12-28 13:47:04,803 - DEBUG -   Found active group: Upgrade to Poutine SUBS (V1 ID: 11490, Category: sd)
2025-12-28 13:47:04,811 - DEBUG -   Found active group: Drinks Cans (V1 ID: 11491, Category: d)
2025-12-28 13:47:04,818 - INFO -   Végétarienne avec Frites et Breuvage: 2 active modifier groups
2025-12-28 13:47:05,156 - DEBUG -     Linked: Végétarienne avec Frites et Breuvage -> Upgrade to Poutine SUBS
2025-12-28 13:47:05,328 - DEBUG -     Details: Changez vos frites (min:0, max:1, free:0, order:5)
2025-12-28 13:47:05,610 - DEBUG -     Linked: Végétarienne avec Frites et Breuvage -> Drinks Cans
2025-12-28 13:47:05,772 - DEBUG -     Details: Boissons (min:1, max:1, free:0, order:6)
2025-12-28 13:47:05,772 - INFO -     -> 2 links, 2 details
2025-12-28 13:47:05,772 - INFO -   [123/123] Zucchinis (V3: 153806, source_id: 98429)
2025-12-28 13:47:07,628 - DEBUG -   No active modifier groups for dish Zucchinis
2025-12-28 13:47:07,628 - INFO -     -> 0 links, 0 details
2025-12-28 13:47:07,628 - INFO -   Result: 123 processed, 0 skipped, 92 links, 92 details
2025-12-28 13:47:07,628 - INFO - ----------------------------------------
2025-12-28 13:47:07,628 - INFO - [19/20] Processing: PizzaRama (V3: 716, V1: 953)
2025-12-28 13:47:07,778 - INFO -   [1/122] 4 Croquettes de Poulet et Frites (V3: 153951, source_id: 101265)
2025-12-28 13:47:09,649 - DEBUG -   No active modifier groups for dish 4 Croquettes de Poulet et Frites
2025-12-28 13:47:09,649 - INFO -     -> 0 links, 0 details
2025-12-28 13:47:09,649 - INFO -   [2/122] 7 Up (V3: 153958, source_id: 101273)
2025-12-28 13:47:11,485 - DEBUG -   No active modifier groups for dish 7 Up
2025-12-28 13:47:11,485 - INFO -     -> 0 links, 0 details
2025-12-28 13:47:11,485 - INFO -   [3/122] Ailes de poulet (10) (V3: 153931, source_id: 101249)
2025-12-28 13:47:13,340 - DEBUG -   Found active group: Wings Sauces (V1 ID: 9636, Category: sa)
2025-12-28 13:47:13,349 - INFO -   Ailes de poulet (10): 1 active modifier groups
2025-12-28 13:47:13,784 - DEBUG -     Linked: Ailes de poulet (10) -> Wings Sauces
2025-12-28 13:47:14,073 - DEBUG -     Details: Ailes Sauce (min:1, max:1, free:0, order:4)
2025-12-28 13:47:14,073 - INFO -     -> 1 links, 1 details
2025-12-28 13:47:14,074 - INFO -   [4/122] Assiette Burger au Poulet (V3: 153942, source_id: 101260)
2025-12-28 13:47:16,095 - DEBUG -   Found active group: Burgers ingredients (free) (V1 ID: 9637, Category: ci)
2025-12-28 13:47:16,109 - DEBUG -   Found active group: Burgers Extras (V1 ID: 9638, Category: e)
2025-12-28 13:47:16,114 - INFO -   Assiette Burger au Poulet: 2 active modifier groups
2025-12-28 13:47:16,669 - DEBUG -     Linked: Assiette Burger au Poulet -> Burgers ingredients (free)
2025-12-28 13:47:17,015 - DEBUG -     Details: Ingrédients personnalisés (min:0, max:0, free:0, order:2)
2025-12-28 13:47:17,369 - DEBUG -     Linked: Assiette Burger au Poulet -> Burgers Extras
2025-12-28 13:47:17,553 - DEBUG -     Details: Extras (min:0, max:0, free:0, order:7)
2025-12-28 13:47:17,553 - INFO -     -> 2 links, 2 details
2025-12-28 13:47:17,554 - INFO -   [5/122] Assiette Hamburgeois (V3: 153940, source_id: 101258)
2025-12-28 13:47:19,394 - DEBUG -   Found active group: Burgers ingredients (free) (V1 ID: 9637, Category: ci)
2025-12-28 13:47:19,409 - DEBUG -   Found active group: Burgers Extras (V1 ID: 9638, Category: e)
2025-12-28 13:47:19,413 - INFO -   Assiette Hamburgeois: 2 active modifier groups
2025-12-28 13:47:19,699 - DEBUG -     Linked: Assiette Hamburgeois -> Burgers ingredients (free)
2025-12-28 13:47:19,875 - DEBUG -     Details: Ingrédients personnalisés (min:0, max:0, free:0, order:2)
2025-12-28 13:47:20,172 - DEBUG -     Linked: Assiette Hamburgeois -> Burgers Extras
2025-12-28 13:47:20,341 - DEBUG -     Details: Extras (min:0, max:0, free:0, order:7)
2025-12-28 13:47:20,343 - INFO -     -> 2 links, 2 details
2025-12-28 13:47:20,343 - INFO -   [6/122] Assiette Hamburgeois avec Fromage (V3: 153941, source_id: 101259)
2025-12-28 13:47:22,214 - DEBUG -   Found active group: Burgers ingredients (free) (V1 ID: 9637, Category: ci)
2025-12-28 13:47:22,228 - DEBUG -   Found active group: Burgers Extras (V1 ID: 9638, Category: e)
2025-12-28 13:47:22,233 - INFO -   Assiette Hamburgeois avec Fromage: 2 active modifier groups
2025-12-28 13:47:22,514 - DEBUG -     Linked: Assiette Hamburgeois avec Fromage -> Burgers ingredients (free)
2025-12-28 13:47:22,672 - DEBUG -     Details: Ingrédients personnalisés (min:0, max:0, free:0, order:2)
2025-12-28 13:47:22,974 - DEBUG -     Linked: Assiette Hamburgeois avec Fromage -> Burgers Extras
2025-12-28 13:47:23,150 - DEBUG -     Details: Extras (min:0, max:0, free:0, order:7)
2025-12-28 13:47:23,150 - INFO -     -> 2 links, 2 details
2025-12-28 13:47:23,150 - INFO -   [7/122] Assiette Québécoise (V3: 153939, source_id: 101257)
2025-12-28 13:47:24,992 - DEBUG -   Found active group: Wings Sauces (V1 ID: 9636, Category: sa)
2025-12-28 13:47:25,001 - INFO -   Assiette Québécoise: 1 active modifier groups
2025-12-28 13:47:25,277 - DEBUG -     Linked: Assiette Québécoise -> Wings Sauces
2025-12-28 13:47:25,456 - DEBUG -     Details: Ailes Sauce (min:1, max:1, free:0, order:4)
2025-12-28 13:47:25,457 - INFO -     -> 1 links, 1 details
2025-12-28 13:47:25,457 - INFO -   [8/122] Assiette Rama (V3: 153938, source_id: 101256)
2025-12-28 13:47:27,305 - DEBUG -   No active modifier groups for dish Assiette Rama
2025-12-28 13:47:27,305 - INFO -     -> 0 links, 0 details
2025-12-28 13:47:27,305 - INFO -   [9/122] Bacon Sub (V3: 153899, source_id: 101209)
2025-12-28 13:47:29,206 - DEBUG -   No active modifier groups for dish Bacon Sub
2025-12-28 13:47:29,206 - INFO -     -> 0 links, 0 details
2025-12-28 13:47:29,206 - INFO -   Progress: 10/122 dishes
2025-12-28 13:47:29,207 - INFO -   [10/122] Bâtonnets de Fromage (V3: 153930, source_id: 101248)
2025-12-28 13:47:31,510 - DEBUG -   No active modifier groups for dish Bâtonnets de Fromage
2025-12-28 13:47:31,510 - INFO -     -> 0 links, 0 details
2025-12-28 13:47:31,511 - INFO -   [11/122] BLT Combo (V3: 153874, source_id: 117289)
2025-12-28 13:47:33,457 - DEBUG -   Found active group: Side Dishes for GYROS (V1 ID: 10987, Category: sd)
2025-12-28 13:47:33,464 - INFO -   BLT Combo: 1 active modifier groups
2025-12-28 13:47:33,739 - DEBUG -     Linked: BLT Combo -> Side Dishes for GYROS
2025-12-28 13:47:33,893 - DEBUG -     Details: 2 Plats d’accompagnement (min:2, max:2, free:0, order:5)
2025-12-28 13:47:33,893 - INFO -     -> 1 links, 1 details
2025-12-28 13:47:33,893 - INFO -   [12/122] BLT Sandwich (V3: 153873, source_id: 117288)
2025-12-28 13:47:35,755 - DEBUG -   No active modifier groups for dish BLT Sandwich
2025-12-28 13:47:35,755 - INFO -     -> 0 links, 0 details
2025-12-28 13:47:35,755 - INFO -   [13/122] Boulettes de viande Sub (V3: 153897, source_id: 101207)
2025-12-28 13:47:37,625 - DEBUG -   No active modifier groups for dish Boulettes de viande Sub
2025-12-28 13:47:37,625 - INFO -     -> 0 links, 0 details
2025-12-28 13:47:37,625 - INFO -   [14/122] Brochette de crevettes (V3: 153868, source_id: 117283)
2025-12-28 13:47:39,522 - DEBUG -   No active modifier groups for dish Brochette de crevettes
2025-12-28 13:47:39,522 - INFO -     -> 0 links, 0 details
2025-12-28 13:47:39,522 - INFO -   [15/122] Brochette de filet mignon (V3: 153866, source_id: 117281)
2025-12-28 13:47:41,407 - DEBUG -   No active modifier groups for dish Brochette de filet mignon
2025-12-28 13:47:41,407 - INFO -     -> 0 links, 0 details
2025-12-28 13:47:41,407 - INFO -   [16/122] Brochette de poulet marinée (V3: 153865, source_id: 117280)
2025-12-28 13:47:43,731 - DEBUG -   No active modifier groups for dish Brochette de poulet marinée
2025-12-28 13:47:43,731 - INFO -     -> 0 links, 0 details
2025-12-28 13:47:43,732 - INFO -   [17/122] Brochette de souvlaki (V3: 153867, source_id: 117282)
2025-12-28 13:47:45,572 - DEBUG -   No active modifier groups for dish Brochette de souvlaki
2025-12-28 13:47:45,572 - INFO -     -> 0 links, 0 details
2025-12-28 13:47:45,572 - INFO -   [18/122] Bubbly (V3: 153966, source_id: 101275)
2025-12-28 13:47:47,442 - DEBUG -   No active modifier groups for dish Bubbly
2025-12-28 13:47:47,442 - INFO -     -> 0 links, 0 details
2025-12-28 13:47:47,442 - INFO -   [19/122] Burger au Poulet (V3: 153928, source_id: 101246)
2025-12-28 13:47:49,303 - DEBUG -   Found active group: Burgers ingredients (free) (V1 ID: 9637, Category: ci)
2025-12-28 13:47:49,316 - DEBUG -   Found active group: Burgers Extras (V1 ID: 9638, Category: e)
2025-12-28 13:47:49,321 - INFO -   Burger au Poulet: 2 active modifier groups
2025-12-28 13:47:49,633 - DEBUG -     Linked: Burger au Poulet -> Burgers ingredients (free)
2025-12-28 13:47:49,808 - DEBUG -     Details: Ingrédients personnalisés (min:0, max:0, free:0, order:2)
2025-12-28 13:47:50,119 - DEBUG -     Linked: Burger au Poulet -> Burgers Extras
2025-12-28 13:47:50,328 - DEBUG -     Details: Extras (min:0, max:0, free:0, order:7)
2025-12-28 13:47:50,328 - INFO -     -> 2 links, 2 details
2025-12-28 13:47:50,329 - INFO -   Progress: 20/122 dishes
2025-12-28 13:47:50,329 - INFO -   [20/122] Club Maison (V3: 153923, source_id: 101241)
2025-12-28 13:47:52,650 - DEBUG -   No active modifier groups for dish Club Maison
2025-12-28 13:47:52,650 - INFO -     -> 0 links, 0 details
2025-12-28 13:47:52,650 - INFO -   [21/122] Club Pizza (V3: 153862, source_id: 101198)
2025-12-28 13:47:54,516 - DEBUG -   Found active group: Pizza Toppings (V1 ID: 9630, Category: ci)
2025-12-28 13:47:54,525 - DEBUG -   Found active group: Dips (V1 ID: 9633, Category: sa)
2025-12-28 13:47:54,538 - DEBUG -   Found active group: Crust Type (V1 ID: 9629, Category: br)
2025-12-28 13:47:54,542 - INFO -   Club Pizza: 3 active modifier groups
2025-12-28 13:47:54,867 - DEBUG -     Linked: Club Pizza -> Pizza Toppings
2025-12-28 13:47:55,059 - DEBUG -     Details: Ajouter plus de garnitures (min:0, max:0, free:0, order:2)
2025-12-28 13:47:55,346 - DEBUG -     Linked: Club Pizza -> Dips
2025-12-28 13:47:55,527 - DEBUG -     Details: Trempettes (min:0, max:0, free:0, order:4)
2025-12-28 13:47:55,829 - DEBUG -     Linked: Club Pizza -> Crust Type
2025-12-28 13:47:55,994 - DEBUG -     Details: Croûte (min:0, max:0, free:0, order:1)
2025-12-28 13:47:55,994 - INFO -     -> 3 links, 3 details
2025-12-28 13:47:55,994 - INFO -   [22/122] Club Sandwich (V3: 153922, source_id: 101240)
2025-12-28 13:47:57,873 - DEBUG -   No active modifier groups for dish Club Sandwich
2025-12-28 13:47:57,873 - INFO -     -> 0 links, 0 details
2025-12-28 13:47:57,873 - INFO -   [23/122] Club Sub (V3: 153901, source_id: 101211)
2025-12-28 13:47:59,732 - DEBUG -   No active modifier groups for dish Club Sub
2025-12-28 13:47:59,732 - INFO -     -> 0 links, 0 details
2025-12-28 13:47:59,733 - INFO -   [24/122] Combinée (V3: 153856, source_id: 101192)
2025-12-28 13:48:01,611 - DEBUG -   Found active group: Pizza Toppings (V1 ID: 9630, Category: ci)
2025-12-28 13:48:01,625 - DEBUG -   Found active group: Dips (V1 ID: 9633, Category: sa)
2025-12-28 13:48:01,640 - DEBUG -   Found active group: Crust Type (V1 ID: 9629, Category: br)
2025-12-28 13:48:01,643 - INFO -   Combinée: 3 active modifier groups
2025-12-28 13:48:01,928 - DEBUG -     Linked: Combinée -> Pizza Toppings
2025-12-28 13:48:02,119 - DEBUG -     Details: Ajouter plus de garnitures (min:0, max:0, free:0, order:2)
2025-12-28 13:48:02,416 - DEBUG -     Linked: Combinée -> Dips
2025-12-28 13:48:02,597 - DEBUG -     Details: Trempettes (min:0, max:0, free:0, order:4)
2025-12-28 13:48:02,899 - DEBUG -     Linked: Combinée -> Crust Type
2025-12-28 13:48:03,053 - DEBUG -     Details: Croûte (min:0, max:0, free:0, order:1)
2025-12-28 13:48:03,053 - INFO -     -> 3 links, 3 details
2025-12-28 13:48:03,054 - INFO -   [25/122] Cream Soda (V3: 153964, source_id: 101278)
2025-12-28 13:48:04,922 - DEBUG -   No active modifier groups for dish Cream Soda
2025-12-28 13:48:04,922 - INFO -     -> 0 links, 0 details
2025-12-28 13:48:04,922 - INFO -   [26/122] Demi Nacho (V3: 153943, source_id: 101261)
2025-12-28 13:48:06,796 - DEBUG -   No active modifier groups for dish Demi Nacho
2025-12-28 13:48:06,796 - INFO -     -> 0 links, 0 details
2025-12-28 13:48:06,796 - INFO -   [27/122] Demi Nachos au Poulet Mariné (V3: 153946, source_id: 116108)
2025-12-28 13:48:08,648 - DEBUG -   No active modifier groups for dish Demi Nachos au Poulet Mariné
2025-12-28 13:48:08,648 - INFO -     -> 0 links, 0 details
2025-12-28 13:48:08,648 - INFO -   [28/122] Diet Pepsi (V3: 153957, source_id: 101271)
2025-12-28 13:48:10,515 - DEBUG -   No active modifier groups for dish Diet Pepsi
2025-12-28 13:48:10,516 - INFO -     -> 0 links, 0 details
2025-12-28 13:48:10,516 - INFO -   [29/122] Doigt de Poulet avec Pogo et Frites (V3: 153952, source_id: 101266)
2025-12-28 13:48:12,362 - DEBUG -   No active modifier groups for dish Doigt de Poulet avec Pogo et Frites
2025-12-28 13:48:12,362 - INFO -     -> 0 links, 0 details
2025-12-28 13:48:12,362 - INFO -   Progress: 30/122 dishes
2025-12-28 13:48:12,362 - INFO -   [30/122] Doigts de Poulet (V3: 153921, source_id: 101239)
2025-12-28 13:48:14,243 - DEBUG -   No active modifier groups for dish Doigts de Poulet
2025-12-28 13:48:14,243 - INFO -     -> 0 links, 0 details
2025-12-28 13:48:14,243 - INFO -   [31/122] Eau Aquafina (V3: 153969, source_id: 101281)
2025-12-28 13:48:16,125 - DEBUG -   No active modifier groups for dish Eau Aquafina
2025-12-28 13:48:16,125 - INFO -     -> 0 links, 0 details
2025-12-28 13:48:16,126 - INFO -   [32/122] Frites (V3: 153933, source_id: 101251)
2025-12-28 13:48:18,000 - DEBUG -   No active modifier groups for dish Frites
2025-12-28 13:48:18,001 - INFO -     -> 0 links, 0 details
2025-12-28 13:48:18,001 - INFO -   [33/122] Frites (boîte familiale) (V3: 153934, source_id: 101252)
2025-12-28 13:48:19,850 - DEBUG -   No active modifier groups for dish Frites (boîte familiale)
2025-12-28 13:48:19,850 - INFO -     -> 0 links, 0 details
2025-12-28 13:48:19,850 - INFO -   [34/122] Fromage feta et olives (V3: 153885, source_id: 117300)
2025-12-28 13:48:21,718 - DEBUG -   No active modifier groups for dish Fromage feta et olives
2025-12-28 13:48:21,718 - INFO -     -> 0 links, 0 details
2025-12-28 13:48:21,718 - INFO -   [35/122] Gâteau au Chocolat (V3: 153953, source_id: 101267)
2025-12-28 13:48:23,564 - DEBUG -   No active modifier groups for dish Gâteau au Chocolat
2025-12-28 13:48:23,564 - INFO -     -> 0 links, 0 details
2025-12-28 13:48:23,564 - INFO -   [36/122] Ginger Ale (V3: 153959, source_id: 101279)
2025-12-28 13:48:25,423 - DEBUG -   No active modifier groups for dish Ginger Ale
2025-12-28 13:48:25,423 - INFO -     -> 0 links, 0 details
2025-12-28 13:48:25,423 - INFO -   [37/122] Godzilla (2000) (V3: 153864, source_id: 101200)
2025-12-28 13:48:27,285 - DEBUG -   Found active group: Pizza Toppings (V1 ID: 9630, Category: ci)
2025-12-28 13:48:27,294 - DEBUG -   Found active group: Dips (V1 ID: 9633, Category: sa)
2025-12-28 13:48:27,307 - DEBUG -   Found active group: Crust Type (V1 ID: 9629, Category: br)
2025-12-28 13:48:27,310 - INFO -   Godzilla (2000): 3 active modifier groups
2025-12-28 13:48:27,620 - DEBUG -     Linked: Godzilla (2000) -> Pizza Toppings
2025-12-28 13:48:27,783 - DEBUG -     Details: Ajouter plus de garnitures (min:0, max:0, free:0, order:2)
2025-12-28 13:48:28,073 - DEBUG -     Linked: Godzilla (2000) -> Dips
2025-12-28 13:48:28,263 - DEBUG -     Details: Trempettes (min:0, max:0, free:0, order:4)
2025-12-28 13:48:28,573 - DEBUG -     Linked: Godzilla (2000) -> Crust Type
2025-12-28 13:48:28,750 - DEBUG -     Details: Croûte (min:0, max:0, free:0, order:1)
2025-12-28 13:48:28,751 - INFO -     -> 3 links, 3 details
2025-12-28 13:48:28,751 - INFO -   [38/122] Grande Pizza et Ailes (V3: 154376, source_id: 124047)
2025-12-28 13:48:30,615 - DEBUG -   Found active group: Drinks 591ml NO PRICES (V1 ID: 11392, Category: d)
2025-12-28 13:48:30,621 - INFO -   Grande Pizza et Ailes: 1 active modifier groups
2025-12-28 13:48:30,936 - DEBUG -     Linked: Grande Pizza et Ailes -> Drinks 591ml NO PRICES
2025-12-28 13:48:31,109 - DEBUG -     Details: Choisis trois Boisson (min:3, max:3, free:0, order:6)
2025-12-28 13:48:31,109 - INFO -     -> 1 links, 1 details
2025-12-28 13:48:31,109 - INFO -   [39/122] Grande Pizza et Poutine (V3: 154379, source_id: 124050)
2025-12-28 13:48:32,973 - DEBUG -   Found active group: Drinks 591ml NO PRICES (V1 ID: 11392, Category: d)
2025-12-28 13:48:32,979 - INFO -   Grande Pizza et Poutine: 1 active modifier groups
2025-12-28 13:48:33,285 - DEBUG -     Linked: Grande Pizza et Poutine -> Drinks 591ml NO PRICES
2025-12-28 13:48:33,456 - DEBUG -     Details: Choisis trois Boissons (min:3, max:3, free:0, order:6)
2025-12-28 13:48:33,457 - INFO -     -> 1 links, 1 details
2025-12-28 13:48:33,457 - INFO -   Progress: 40/122 dishes
2025-12-28 13:48:33,457 - INFO -   [40/122] Grape Crush (V3: 153961, source_id: 116109)
2025-12-28 13:48:35,444 - DEBUG -   No active modifier groups for dish Grape Crush
2025-12-28 13:48:35,444 - INFO -     -> 0 links, 0 details
2025-12-28 13:48:35,444 - INFO -   [41/122] Gyro Filet Mignon Combo (V3: 153880, source_id: 117295)
2025-12-28 13:48:37,300 - DEBUG -   Found active group: Side Dishes for GYROS (V1 ID: 10987, Category: sd)
2025-12-28 13:48:37,307 - INFO -   Gyro Filet Mignon Combo: 1 active modifier groups
2025-12-28 13:48:37,603 - DEBUG -     Linked: Gyro Filet Mignon Combo -> Side Dishes for GYROS
2025-12-28 13:48:37,789 - DEBUG -     Details: 2 Plats d’accompagnement (min:2, max:2, free:0, order:5)
2025-12-28 13:48:37,789 - INFO -     -> 1 links, 1 details
2025-12-28 13:48:37,789 - INFO -   [42/122] Gyro Filet Mignon Sandwich (V3: 153879, source_id: 117294)
2025-12-28 13:48:39,631 - DEBUG -   No active modifier groups for dish Gyro Filet Mignon Sandwich
2025-12-28 13:48:39,631 - INFO -     -> 0 links, 0 details
2025-12-28 13:48:39,631 - INFO -   [43/122] Hamburgeois (V3: 153926, source_id: 101244)
2025-12-28 13:48:41,477 - DEBUG -   Found active group: Burgers ingredients (free) (V1 ID: 9637, Category: ci)
2025-12-28 13:48:41,491 - DEBUG -   Found active group: Burgers Extras (V1 ID: 9638, Category: e)
2025-12-28 13:48:41,495 - INFO -   Hamburgeois: 2 active modifier groups
2025-12-28 13:48:41,783 - DEBUG -     Linked: Hamburgeois -> Burgers ingredients (free)
2025-12-28 13:48:41,950 - DEBUG -     Details: Ingrédients personnalisés (min:0, max:0, free:0, order:2)
2025-12-28 13:48:42,248 - DEBUG -     Linked: Hamburgeois -> Burgers Extras
2025-12-28 13:48:42,432 - DEBUG -     Details: Extras (min:0, max:0, free:0, order:7)
2025-12-28 13:48:42,432 - INFO -     -> 2 links, 2 details
2025-12-28 13:48:42,432 - INFO -   [44/122] Hamburgeois avec Fromage (V3: 153927, source_id: 101245)
2025-12-28 13:48:44,312 - DEBUG -   Found active group: Burgers ingredients (free) (V1 ID: 9637, Category: ci)
2025-12-28 13:48:44,326 - DEBUG -   Found active group: Burgers Extras (V1 ID: 9638, Category: e)
2025-12-28 13:48:44,330 - INFO -   Hamburgeois avec Fromage: 2 active modifier groups
2025-12-28 13:48:44,640 - DEBUG -     Linked: Hamburgeois avec Fromage -> Burgers ingredients (free)
2025-12-28 13:48:44,816 - DEBUG -     Details: Ingrédients personnalisés (min:0, max:0, free:0, order:2)
2025-12-28 13:48:45,121 - DEBUG -     Linked: Hamburgeois avec Fromage -> Burgers Extras
2025-12-28 13:48:45,311 - DEBUG -     Details: Extras (min:0, max:0, free:0, order:7)
2025-12-28 13:48:45,311 - INFO -     -> 2 links, 2 details
2025-12-28 13:48:45,312 - INFO -   [45/122] Hamburger Steak (V3: 153924, source_id: 101242)
2025-12-28 13:48:47,173 - DEBUG -   No active modifier groups for dish Hamburger Steak
2025-12-28 13:48:47,173 - INFO -     -> 0 links, 0 details
2025-12-28 13:48:47,173 - INFO -   [46/122] Hamburger Steak version Poutine (V3: 153925, source_id: 101243)
2025-12-28 13:48:49,059 - DEBUG -   No active modifier groups for dish Hamburger Steak version Poutine
2025-12-28 13:48:49,059 - INFO -     -> 0 links, 0 details
2025-12-28 13:48:49,059 - INFO -   [47/122] Hawaïenne (V3: 153860, source_id: 101196)
2025-12-28 13:48:50,917 - DEBUG -   Found active group: Pizza Toppings (V1 ID: 9630, Category: ci)
2025-12-28 13:48:50,926 - DEBUG -   Found active group: Dips (V1 ID: 9633, Category: sa)
2025-12-28 13:48:50,939 - DEBUG -   Found active group: Crust Type (V1 ID: 9629, Category: br)
2025-12-28 13:48:50,942 - INFO -   Hawaïenne: 3 active modifier groups
2025-12-28 13:48:51,227 - DEBUG -     Linked: Hawaïenne -> Pizza Toppings
2025-12-28 13:48:51,406 - DEBUG -     Details: Ajouter plus de garnitures (min:0, max:0, free:0, order:2)
2025-12-28 13:48:51,697 - DEBUG -     Linked: Hawaïenne -> Dips
2025-12-28 13:48:51,860 - DEBUG -     Details: Trempettes (min:0, max:0, free:0, order:4)
2025-12-28 13:48:52,133 - DEBUG -     Linked: Hawaïenne -> Crust Type
2025-12-28 13:48:52,280 - DEBUG -     Details: Croûte (min:0, max:0, free:0, order:1)
2025-12-28 13:48:52,280 - INFO -     -> 3 links, 3 details
2025-12-28 13:48:52,280 - INFO -   [48/122] Hot Chicken (V3: 153920, source_id: 101238)
2025-12-28 13:48:54,165 - DEBUG -   No active modifier groups for dish Hot Chicken
2025-12-28 13:48:54,165 - INFO -     -> 0 links, 0 details
2025-12-28 13:48:54,165 - INFO -   [49/122] Iced Tea (V3: 153963, source_id: 101276)
2025-12-28 13:48:56,063 - DEBUG -   No active modifier groups for dish Iced Tea
2025-12-28 13:48:56,063 - INFO -     -> 0 links, 0 details
2025-12-28 13:48:56,063 - INFO -   Progress: 50/122 dishes
2025-12-28 13:48:56,063 - INFO -   [50/122] Jambon Sub (V3: 153896, source_id: 101206)
2025-12-28 13:48:57,913 - DEBUG -   No active modifier groups for dish Jambon Sub
2025-12-28 13:48:57,913 - INFO -     -> 0 links, 0 details
2025-12-28 13:48:57,913 - INFO -   [51/122] Jus d'orange (V3: 153968, source_id: 101283)
2025-12-28 13:48:59,771 - DEBUG -   No active modifier groups for dish Jus d'orange
2025-12-28 13:48:59,772 - INFO -     -> 0 links, 0 details
2025-12-28 13:48:59,772 - INFO -   [52/122] Jus de Pomme (V3: 153967, source_id: 101282)
2025-12-28 13:49:01,638 - DEBUG -   No active modifier groups for dish Jus de Pomme
2025-12-28 13:49:01,639 - INFO -     -> 0 links, 0 details
2025-12-28 13:49:01,639 - INFO -   [53/122] Lasagne (V3: 153906, source_id: 101216)
2025-12-28 13:49:03,502 - DEBUG -   No active modifier groups for dish Lasagne
2025-12-28 13:49:03,502 - INFO -     -> 0 links, 0 details
2025-12-28 13:49:03,502 - INFO -   [54/122] Lasagne Garnie (V3: 153907, source_id: 101217)
2025-12-28 13:49:05,378 - DEBUG -   No active modifier groups for dish Lasagne Garnie
2025-12-28 13:49:05,378 - INFO -     -> 0 links, 0 details
2025-12-28 13:49:05,378 - INFO -   [55/122] Mexicaine (V3: 153863, source_id: 101199)
2025-12-28 13:49:07,249 - DEBUG -   Found active group: Pizza Toppings (V1 ID: 9630, Category: ci)
2025-12-28 13:49:07,258 - DEBUG -   Found active group: Dips (V1 ID: 9633, Category: sa)
2025-12-28 13:49:07,272 - DEBUG -   Found active group: Crust Type (V1 ID: 9629, Category: br)
2025-12-28 13:49:07,274 - INFO -   Mexicaine: 3 active modifier groups
2025-12-28 13:49:07,549 - DEBUG -     Linked: Mexicaine -> Pizza Toppings
2025-12-28 13:49:07,702 - DEBUG -     Details: Ajouter plus de garnitures (min:0, max:0, free:0, order:2)
2025-12-28 13:49:08,004 - DEBUG -     Linked: Mexicaine -> Dips
2025-12-28 13:49:08,157 - DEBUG -     Details: Trempettes (min:0, max:0, free:0, order:4)
2025-12-28 13:49:08,459 - DEBUG -     Linked: Mexicaine -> Crust Type
2025-12-28 13:49:08,606 - DEBUG -     Details: Croûte (min:0, max:0, free:0, order:1)
2025-12-28 13:49:08,606 - INFO -     -> 3 links, 3 details
2025-12-28 13:49:08,607 - INFO -   [56/122] Mountain Dew (V3: 153965, source_id: 101274)
2025-12-28 13:49:10,484 - DEBUG -   No active modifier groups for dish Mountain Dew
2025-12-28 13:49:10,484 - INFO -     -> 0 links, 0 details
2025-12-28 13:49:10,484 - INFO -   [57/122] Moyenne Pizza et Ailes (V3: 154375, source_id: 124046)
2025-12-28 13:49:12,363 - DEBUG -   Found active group: Drinks 591ml NO PRICES (V1 ID: 11392, Category: d)
2025-12-28 13:49:12,369 - INFO -   Moyenne Pizza et Ailes: 1 active modifier groups
2025-12-28 13:49:12,638 - DEBUG -     Linked: Moyenne Pizza et Ailes -> Drinks 591ml NO PRICES
2025-12-28 13:49:12,795 - DEBUG -     Details: Choisis deux Boissons (min:2, max:2, free:0, order:6)
2025-12-28 13:49:12,795 - INFO -     -> 1 links, 1 details
2025-12-28 13:49:12,796 - INFO -   [58/122] Moyenne Pizza et Poutine (V3: 154378, source_id: 124049)
2025-12-28 13:49:14,635 - DEBUG -   Found active group: Drinks 591ml NO PRICES (V1 ID: 11392, Category: d)
2025-12-28 13:49:14,642 - INFO -   Moyenne Pizza et Poutine: 1 active modifier groups
2025-12-28 13:49:14,923 - DEBUG -     Linked: Moyenne Pizza et Poutine -> Drinks 591ml NO PRICES
2025-12-28 13:49:15,094 - DEBUG -     Details: Choisis deux Boissons (min:2, max:2, free:0, order:6)
2025-12-28 13:49:15,094 - INFO -     -> 1 links, 1 details
2025-12-28 13:49:15,095 - INFO -   [59/122] Nachos au Poulet Mariné (V3: 153945, source_id: 101263)
2025-12-28 13:49:16,994 - DEBUG -   No active modifier groups for dish Nachos au Poulet Mariné
2025-12-28 13:49:16,994 - INFO -     -> 0 links, 0 details
2025-12-28 13:49:16,994 - INFO -   Progress: 60/122 dishes
2025-12-28 13:49:16,994 - INFO -   [60/122] Nachos pour Deux (V3: 153944, source_id: 101262)
2025-12-28 13:49:18,875 - DEBUG -   No active modifier groups for dish Nachos pour Deux
2025-12-28 13:49:18,875 - INFO -     -> 0 links, 0 details
2025-12-28 13:49:18,875 - INFO -   [61/122] Orange Crush (V3: 153960, source_id: 101272)
2025-12-28 13:49:20,749 - DEBUG -   No active modifier groups for dish Orange Crush
2025-12-28 13:49:20,749 - INFO -     -> 0 links, 0 details
2025-12-28 13:49:20,749 - INFO -   [62/122] Pain à l’ail (V3: 153889, source_id: 117304)
2025-12-28 13:49:22,662 - DEBUG -   No active modifier groups for dish Pain à l’ail
2025-12-28 13:49:22,662 - INFO -     -> 0 links, 0 details
2025-12-28 13:49:22,662 - INFO -   [63/122] Pain à l’ail (V3: 153909, source_id: 101219)
2025-12-28 13:49:24,507 - DEBUG -   No active modifier groups for dish Pain à l’ail
2025-12-28 13:49:24,507 - INFO -     -> 0 links, 0 details
2025-12-28 13:49:24,507 - INFO -   [64/122] Pain à l’ail gratiné (V3: 153910, source_id: 101220)
2025-12-28 13:49:26,394 - DEBUG -   No active modifier groups for dish Pain à l’ail gratiné
2025-12-28 13:49:26,394 - INFO -     -> 0 links, 0 details
2025-12-28 13:49:26,394 - INFO -   [65/122] Pains pita (4) (V3: 153890, source_id: 117305)
2025-12-28 13:49:28,269 - DEBUG -   No active modifier groups for dish Pains pita (4)
2025-12-28 13:49:28,269 - INFO -     -> 0 links, 0 details
2025-12-28 13:49:28,269 - INFO -   [66/122] Patates Grecques (V3: 153887, source_id: 117302)
2025-12-28 13:49:30,117 - DEBUG -   No active modifier groups for dish Patates Grecques
2025-12-28 13:49:30,117 - INFO -     -> 0 links, 0 details
2025-12-28 13:49:30,117 - INFO -   [67/122] Pepperoni Sub (V3: 153895, source_id: 101205)
2025-12-28 13:49:31,988 - DEBUG -   No active modifier groups for dish Pepperoni Sub
2025-12-28 13:49:31,988 - INFO -     -> 0 links, 0 details
2025-12-28 13:49:31,989 - INFO -   [68/122] Pepsi (V3: 153956, source_id: 101270)
2025-12-28 13:49:33,843 - DEBUG -   No active modifier groups for dish Pepsi
2025-12-28 13:49:33,843 - INFO -     -> 0 links, 0 details
2025-12-28 13:49:33,843 - INFO -   [69/122] Perrier (V3: 153955, source_id: 101277)
2025-12-28 13:49:35,708 - DEBUG -   No active modifier groups for dish Perrier
2025-12-28 13:49:35,708 - INFO -     -> 0 links, 0 details
2025-12-28 13:49:35,708 - INFO -   Progress: 70/122 dishes
2025-12-28 13:49:35,708 - INFO -   [70/122] Petite Pizza et Ailes (V3: 154374, source_id: 124045)
2025-12-28 13:49:37,584 - DEBUG -   Found active group: Drinks 591ml NO PRICES (V1 ID: 11392, Category: d)
2025-12-28 13:49:37,590 - INFO -   Petite Pizza et Ailes: 1 active modifier groups
2025-12-28 13:49:37,891 - DEBUG -     Linked: Petite Pizza et Ailes -> Drinks 591ml NO PRICES
2025-12-28 13:49:38,052 - DEBUG -     Details: Choisis ton Boisson (min:1, max:1, free:0, order:6)
2025-12-28 13:49:38,052 - INFO -     -> 1 links, 1 details
2025-12-28 13:49:38,053 - INFO -   [71/122] Petite Pizza et Poutine (V3: 154377, source_id: 124048)
2025-12-28 13:49:39,911 - DEBUG -   Found active group: Drinks 591ml NO PRICES (V1 ID: 11392, Category: d)
2025-12-28 13:49:39,917 - INFO -   Petite Pizza et Poutine: 1 active modifier groups
2025-12-28 13:49:40,210 - DEBUG -     Linked: Petite Pizza et Poutine -> Drinks 591ml NO PRICES
2025-12-28 13:49:40,387 - DEBUG -     Details: Choisis ton Boisson (min:1, max:1, free:0, order:6)
2025-12-28 13:49:40,387 - INFO -     -> 1 links, 1 details
2025-12-28 13:49:40,388 - INFO -   [72/122] Pizza Fromage (V3: 153855, source_id: 101190)
2025-12-28 13:49:42,244 - DEBUG -   Found active group: Pizza Toppings (V1 ID: 9630, Category: ci)
2025-12-28 13:49:42,254 - DEBUG -   Found active group: Dips (V1 ID: 9633, Category: sa)
2025-12-28 13:49:42,267 - DEBUG -   Found active group: Crust Type (V1 ID: 9629, Category: br)
2025-12-28 13:49:42,270 - INFO -   Pizza Fromage: 3 active modifier groups
2025-12-28 13:49:42,601 - DEBUG -     Linked: Pizza Fromage -> Pizza Toppings
2025-12-28 13:49:42,780 - DEBUG -     Details: Ajouter plus de garnitures (min:0, max:0, free:0, order:2)
2025-12-28 13:49:43,095 - DEBUG -     Linked: Pizza Fromage -> Dips
2025-12-28 13:49:43,264 - DEBUG -     Details: Trempettes (min:0, max:0, free:0, order:4)
2025-12-28 13:49:43,562 - DEBUG -     Linked: Pizza Fromage -> Crust Type
2025-12-28 13:49:43,730 - DEBUG -     Details: Croûte (min:0, max:0, free:0, order:1)
2025-12-28 13:49:43,730 - INFO -     -> 3 links, 3 details
2025-12-28 13:49:43,731 - INFO -   [73/122] Pizza Sub (V3: 153894, source_id: 101204)
2025-12-28 13:49:45,592 - DEBUG -   No active modifier groups for dish Pizza Sub
2025-12-28 13:49:45,592 - INFO -     -> 0 links, 0 details
2025-12-28 13:49:45,592 - INFO -   [74/122] Pogo et Frites (V3: 153950, source_id: 101264)
2025-12-28 13:49:47,438 - DEBUG -   No active modifier groups for dish Pogo et Frites
2025-12-28 13:49:47,439 - INFO -     -> 0 links, 0 details
2025-12-28 13:49:47,439 - INFO -   [75/122] Poulet César Combo (V3: 153876, source_id: 117291)
2025-12-28 13:49:49,289 - DEBUG -   No active modifier groups for dish Poulet César Combo
2025-12-28 13:49:49,289 - INFO -     -> 0 links, 0 details
2025-12-28 13:49:49,289 - INFO -   [76/122] Poulet César Sandwich (V3: 153875, source_id: 117290)
2025-12-28 13:49:51,171 - DEBUG -   No active modifier groups for dish Poulet César Sandwich
2025-12-28 13:49:51,171 - INFO -     -> 0 links, 0 details
2025-12-28 13:49:51,171 - INFO -   [77/122] Poulet Sub (V3: 153893, source_id: 101203)
2025-12-28 13:49:53,016 - DEBUG -   No active modifier groups for dish Poulet Sub
2025-12-28 13:49:53,016 - INFO -     -> 0 links, 0 details
2025-12-28 13:49:53,016 - INFO -   [78/122] Poutine au Bacon (V3: 153918, source_id: 101236)
2025-12-28 13:49:54,873 - DEBUG -   No active modifier groups for dish Poutine au Bacon
2025-12-28 13:49:54,873 - INFO -     -> 0 links, 0 details
2025-12-28 13:49:54,873 - INFO -   [79/122] Poutine au BBQ (V3: 153913, source_id: 101231)
2025-12-28 13:49:56,858 - DEBUG -   No active modifier groups for dish Poutine au BBQ
2025-12-28 13:49:56,858 - INFO -     -> 0 links, 0 details
2025-12-28 13:49:56,858 - INFO -   Progress: 80/122 dishes
2025-12-28 13:49:56,858 - INFO -   [80/122] Poutine au Boulettes de Viande (V3: 153917, source_id: 101235)
2025-12-28 13:49:58,738 - DEBUG -   No active modifier groups for dish Poutine au Boulettes de Viande
2025-12-28 13:49:58,738 - INFO -     -> 0 links, 0 details
2025-12-28 13:49:58,738 - INFO -   [81/122] Poutine au Poulet (V3: 153914, source_id: 101232)
2025-12-28 13:50:00,599 - DEBUG -   No active modifier groups for dish Poutine au Poulet
2025-12-28 13:50:00,599 - INFO -     -> 0 links, 0 details
2025-12-28 13:50:00,599 - INFO -   [82/122] Poutine au Saucisse Italienne (V3: 153915, source_id: 101233)
2025-12-28 13:50:02,449 - DEBUG -   No active modifier groups for dish Poutine au Saucisse Italienne
2025-12-28 13:50:02,449 - INFO -     -> 0 links, 0 details
2025-12-28 13:50:02,450 - INFO -   [83/122] Poutine au Steak (V3: 153916, source_id: 101234)
2025-12-28 13:50:04,318 - DEBUG -   No active modifier groups for dish Poutine au Steak
2025-12-28 13:50:04,318 - INFO -     -> 0 links, 0 details
2025-12-28 13:50:04,319 - INFO -   [84/122] Poutine Classique (V3: 153911, source_id: 101229)
2025-12-28 13:50:06,192 - DEBUG -   No active modifier groups for dish Poutine Classique
2025-12-28 13:50:06,193 - INFO -     -> 0 links, 0 details
2025-12-28 13:50:06,193 - INFO -   [85/122] Poutine Italienne (V3: 153912, source_id: 101230)
2025-12-28 13:50:08,039 - DEBUG -   No active modifier groups for dish Poutine Italienne
2025-12-28 13:50:08,039 - INFO -     -> 0 links, 0 details
2025-12-28 13:50:08,039 - INFO -   [86/122] Poutine Végétarienne (V3: 153919, source_id: 101237)
2025-12-28 13:50:09,899 - DEBUG -   No active modifier groups for dish Poutine Végétarienne
2025-12-28 13:50:09,899 - INFO -     -> 0 links, 0 details
2025-12-28 13:50:09,899 - INFO -   [87/122] Rama Spécial (V3: 153859, source_id: 101195)
2025-12-28 13:50:11,758 - DEBUG -   Found active group: Pizza Toppings (V1 ID: 9630, Category: ci)
2025-12-28 13:50:11,767 - DEBUG -   Found active group: Dips (V1 ID: 9633, Category: sa)
2025-12-28 13:50:11,781 - DEBUG -   Found active group: Crust Type (V1 ID: 9629, Category: br)
2025-12-28 13:50:11,783 - INFO -   Rama Spécial: 3 active modifier groups
2025-12-28 13:50:12,084 - DEBUG -     Linked: Rama Spécial -> Pizza Toppings
2025-12-28 13:50:12,264 - DEBUG -     Details: Ajouter plus de garnitures (min:0, max:0, free:0, order:2)
2025-12-28 13:50:12,571 - DEBUG -     Linked: Rama Spécial -> Dips
2025-12-28 13:50:12,743 - DEBUG -     Details: Trempettes (min:0, max:0, free:0, order:4)
2025-12-28 13:50:13,041 - DEBUG -     Linked: Rama Spécial -> Crust Type
2025-12-28 13:50:13,220 - DEBUG -     Details: Croûte (min:0, max:0, free:0, order:1)
2025-12-28 13:50:13,221 - INFO -     -> 3 links, 3 details
2025-12-28 13:50:13,221 - INFO -   [88/122] Rama Sub (V3: 153902, source_id: 101212)
2025-12-28 13:50:15,053 - DEBUG -   No active modifier groups for dish Rama Sub
2025-12-28 13:50:15,053 - INFO -     -> 0 links, 0 details
2025-12-28 13:50:15,053 - INFO -   [89/122] Ravioli (V3: 153908, source_id: 101218)
2025-12-28 13:50:16,905 - DEBUG -   No active modifier groups for dish Ravioli
2025-12-28 13:50:16,905 - INFO -     -> 0 links, 0 details
2025-12-28 13:50:16,905 - INFO -   Progress: 90/122 dishes
2025-12-28 13:50:16,906 - INFO -   [90/122] Riz (V3: 153888, source_id: 117303)
2025-12-28 13:50:18,745 - DEBUG -   No active modifier groups for dish Riz
2025-12-28 13:50:18,745 - INFO -     -> 0 links, 0 details
2025-12-28 13:50:18,745 - INFO -   [91/122] Rondelles d’oignon (V3: 153932, source_id: 101250)
2025-12-28 13:50:20,621 - DEBUG -   No active modifier groups for dish Rondelles d’oignon
2025-12-28 13:50:20,621 - INFO -     -> 0 links, 0 details
2025-12-28 13:50:20,621 - INFO -   [92/122] Root Beer (V3: 153962, source_id: 101280)
2025-12-28 13:50:22,451 - DEBUG -   No active modifier groups for dish Root Beer
2025-12-28 13:50:22,451 - INFO -     -> 0 links, 0 details
2025-12-28 13:50:22,451 - INFO -   [93/122] Salade au Poulet (V3: 153936, source_id: 101254)
2025-12-28 13:50:24,317 - DEBUG -   No active modifier groups for dish Salade au Poulet
2025-12-28 13:50:24,317 - INFO -     -> 0 links, 0 details
2025-12-28 13:50:24,317 - INFO -   [94/122] Salade César (V3: 153937, source_id: 101255)
2025-12-28 13:50:26,159 - DEBUG -   No active modifier groups for dish Salade César
2025-12-28 13:50:26,159 - INFO -     -> 0 links, 0 details
2025-12-28 13:50:26,159 - INFO -   [95/122] Salade César (V3: 153883, source_id: 117298)
2025-12-28 13:50:28,016 - DEBUG -   No active modifier groups for dish Salade César
2025-12-28 13:50:28,016 - INFO -     -> 0 links, 0 details
2025-12-28 13:50:28,016 - INFO -   [96/122] Salade de Poulet Suprême (V3: 153884, source_id: 117299)
2025-12-28 13:50:29,893 - DEBUG -   No active modifier groups for dish Salade de Poulet Suprême
2025-12-28 13:50:29,893 - INFO -     -> 0 links, 0 details
2025-12-28 13:50:29,893 - INFO -   [97/122] Salade du Chef (V3: 153935, source_id: 101253)
2025-12-28 13:50:31,761 - DEBUG -   No active modifier groups for dish Salade du Chef
2025-12-28 13:50:31,761 - INFO -     -> 0 links, 0 details
2025-12-28 13:50:31,761 - INFO -   [98/122] Salade Grecque (V3: 153881, source_id: 117296)
2025-12-28 13:50:33,631 - DEBUG -   No active modifier groups for dish Salade Grecque
2025-12-28 13:50:33,631 - INFO -     -> 0 links, 0 details
2025-12-28 13:50:33,631 - INFO -   [99/122] Salade Maison (V3: 153882, source_id: 117297)
2025-12-28 13:50:35,493 - DEBUG -   No active modifier groups for dish Salade Maison
2025-12-28 13:50:35,493 - INFO -     -> 0 links, 0 details
2025-12-28 13:50:35,493 - INFO -   Progress: 100/122 dishes
2025-12-28 13:50:35,494 - INFO -   [100/122] Salami Sub (V3: 153900, source_id: 101210)
2025-12-28 13:50:37,419 - DEBUG -   No active modifier groups for dish Salami Sub
2025-12-28 13:50:37,419 - INFO -     -> 0 links, 0 details
2025-12-28 13:50:37,420 - INFO -   [101/122] Sauce BBQ (V3: 153947, source_id: 101284)
2025-12-28 13:50:39,263 - DEBUG -   No active modifier groups for dish Sauce BBQ
2025-12-28 13:50:39,263 - INFO -     -> 0 links, 0 details
2025-12-28 13:50:39,263 - INFO -   [102/122] Sauce Brune (V3: 153948, source_id: 101285)
2025-12-28 13:50:41,121 - DEBUG -   No active modifier groups for dish Sauce Brune
2025-12-28 13:50:41,121 - INFO -     -> 0 links, 0 details
2025-12-28 13:50:41,121 - INFO -   [103/122] Sauce Tzatziki (V3: 153886, source_id: 117301)
2025-12-28 13:50:42,990 - DEBUG -   No active modifier groups for dish Sauce Tzatziki
2025-12-28 13:50:42,990 - INFO -     -> 0 links, 0 details
2025-12-28 13:50:42,990 - INFO -   [104/122] Souvlaki Porc Combo (V3: 153872, source_id: 117287)
2025-12-28 13:50:44,848 - DEBUG -   Found active group: Side Dishes for GYROS (V1 ID: 10987, Category: sd)
2025-12-28 13:50:44,856 - INFO -   Souvlaki Porc Combo: 1 active modifier groups
2025-12-28 13:50:45,147 - DEBUG -     Linked: Souvlaki Porc Combo -> Side Dishes for GYROS
2025-12-28 13:50:45,311 - DEBUG -     Details: 2 Plats d’accompagnement (min:2, max:2, free:0, order:5)
2025-12-28 13:50:45,311 - INFO -     -> 1 links, 1 details
2025-12-28 13:50:45,312 - INFO -   [105/122] Souvlaki Porc Sandwich (V3: 153871, source_id: 117286)
2025-12-28 13:50:47,169 - DEBUG -   No active modifier groups for dish Souvlaki Porc Sandwich
2025-12-28 13:50:47,169 - INFO -     -> 0 links, 0 details
2025-12-28 13:50:47,169 - INFO -   [106/122] Souvlaki Poulet Combo (V3: 153870, source_id: 117285)
2025-12-28 13:50:49,013 - DEBUG -   Found active group: Side Dishes for GYROS (V1 ID: 10987, Category: sd)
2025-12-28 13:50:49,020 - INFO -   Souvlaki Poulet Combo: 1 active modifier groups
2025-12-28 13:50:49,287 - DEBUG -     Linked: Souvlaki Poulet Combo -> Side Dishes for GYROS
2025-12-28 13:50:49,462 - DEBUG -     Details: 2 Plats d’accompagnement (min:2, max:2, free:0, order:5)
2025-12-28 13:50:49,463 - INFO -     -> 1 links, 1 details
2025-12-28 13:50:49,463 - INFO -   [107/122] Souvlaki Poulet Sandwich (V3: 153869, source_id: 117284)
2025-12-28 13:50:51,313 - DEBUG -   No active modifier groups for dish Souvlaki Poulet Sandwich
2025-12-28 13:50:51,313 - INFO -     -> 0 links, 0 details
2025-12-28 13:50:51,313 - INFO -   [108/122] Spaghetti aux Boulettes de Viande (V3: 153905, source_id: 101215)
2025-12-28 13:50:53,188 - DEBUG -   No active modifier groups for dish Spaghetti aux Boulettes de Viande
2025-12-28 13:50:53,188 - INFO -     -> 0 links, 0 details
2025-12-28 13:50:53,188 - INFO -   [109/122] Spaghetti Garni (V3: 153904, source_id: 101214)
2025-12-28 13:50:55,029 - DEBUG -   No active modifier groups for dish Spaghetti Garni
2025-12-28 13:50:55,029 - INFO -     -> 0 links, 0 details
2025-12-28 13:50:55,029 - INFO -   Progress: 110/122 dishes
2025-12-28 13:50:55,029 - INFO -   [110/122] Spaghetti Sauce à la Viande (V3: 153903, source_id: 101213)
2025-12-28 13:50:56,919 - DEBUG -   No active modifier groups for dish Spaghetti Sauce à la Viande
2025-12-28 13:50:56,919 - INFO -     -> 0 links, 0 details
2025-12-28 13:50:56,919 - INFO -   [111/122] Spécial du Chef (V3: 153857, source_id: 101193)
2025-12-28 13:50:58,786 - DEBUG -   Found active group: Pizza Toppings (V1 ID: 9630, Category: ci)
2025-12-28 13:50:58,796 - DEBUG -   Found active group: Dips (V1 ID: 9633, Category: sa)
2025-12-28 13:50:58,809 - DEBUG -   Found active group: Crust Type (V1 ID: 9629, Category: br)
2025-12-28 13:50:58,812 - INFO -   Spécial du Chef: 3 active modifier groups
2025-12-28 13:50:59,091 - DEBUG -     Linked: Spécial du Chef -> Pizza Toppings
2025-12-28 13:50:59,254 - DEBUG -     Details: Ajouter plus de garnitures (min:0, max:0, free:0, order:2)
2025-12-28 13:50:59,581 - DEBUG -     Linked: Spécial du Chef -> Dips
2025-12-28 13:50:59,749 - DEBUG -     Details: Trempettes (min:0, max:0, free:0, order:4)
2025-12-28 13:51:00,054 - DEBUG -     Linked: Spécial du Chef -> Crust Type
2025-12-28 13:51:00,203 - DEBUG -     Details: Croûte (min:0, max:0, free:0, order:1)
2025-12-28 13:51:00,203 - INFO -     -> 3 links, 3 details
2025-12-28 13:51:00,203 - INFO -   [112/122] Steak de surlonge (V3: 153892, source_id: 101202)
2025-12-28 13:51:02,062 - DEBUG -   No active modifier groups for dish Steak de surlonge
2025-12-28 13:51:02,062 - INFO -     -> 0 links, 0 details
2025-12-28 13:51:02,062 - INFO -   [113/122] Super Deluxe (V3: 153858, source_id: 101194)
2025-12-28 13:51:03,903 - DEBUG -   Found active group: Pizza Toppings (V1 ID: 9630, Category: ci)
2025-12-28 13:51:03,912 - DEBUG -   Found active group: Dips (V1 ID: 9633, Category: sa)
2025-12-28 13:51:03,925 - DEBUG -   Found active group: Crust Type (V1 ID: 9629, Category: br)
2025-12-28 13:51:03,928 - INFO -   Super Deluxe: 3 active modifier groups
2025-12-28 13:51:04,205 - DEBUG -     Linked: Super Deluxe -> Pizza Toppings
2025-12-28 13:51:04,366 - DEBUG -     Details: Ajouter plus de garnitures (min:0, max:0, free:0, order:2)
2025-12-28 13:51:04,633 - DEBUG -     Linked: Super Deluxe -> Dips
2025-12-28 13:51:04,785 - DEBUG -     Details: Trempettes (min:0, max:0, free:0, order:4)
2025-12-28 13:51:05,063 - DEBUG -     Linked: Super Deluxe -> Crust Type
2025-12-28 13:51:05,218 - DEBUG -     Details: Croûte (min:0, max:0, free:0, order:1)
2025-12-28 13:51:05,218 - INFO -     -> 3 links, 3 details
2025-12-28 13:51:05,219 - INFO -   [114/122] Super Sub (V3: 153891, source_id: 101201)
2025-12-28 13:51:07,090 - DEBUG -   No active modifier groups for dish Super Sub
2025-12-28 13:51:07,090 - INFO -     -> 0 links, 0 details
2025-12-28 13:51:07,090 - INFO -   [115/122] Tarte au Sucre (V3: 153954, source_id: 101269)
2025-12-28 13:51:08,935 - DEBUG -   No active modifier groups for dish Tarte au Sucre
2025-12-28 13:51:08,935 - INFO -     -> 0 links, 0 details
2025-12-28 13:51:08,936 - INFO -   [116/122] Trempette sauce à l’ail (V3: 153949, source_id: 101286)
2025-12-28 13:51:10,807 - DEBUG -   No active modifier groups for dish Trempette sauce à l’ail
2025-12-28 13:51:10,807 - INFO -     -> 0 links, 0 details
2025-12-28 13:51:10,807 - INFO -   [117/122] Un Ingrédient (V3: 154380, source_id: 101191)
2025-12-28 13:51:12,680 - DEBUG -   No active modifier groups for dish Un Ingrédient
2025-12-28 13:51:12,680 - INFO -     -> 0 links, 0 details
2025-12-28 13:51:12,680 - INFO -   [118/122] Végétarien Combo (V3: 153878, source_id: 117293)
2025-12-28 13:51:14,541 - DEBUG -   No active modifier groups for dish Végétarien Combo
2025-12-28 13:51:14,541 - INFO -     -> 0 links, 0 details
2025-12-28 13:51:14,541 - INFO -   [119/122] Végétarien Sandwich (V3: 153877, source_id: 117292)
2025-12-28 13:51:16,403 - DEBUG -   No active modifier groups for dish Végétarien Sandwich
2025-12-28 13:51:16,403 - INFO -     -> 0 links, 0 details
2025-12-28 13:51:16,403 - INFO -   Progress: 120/122 dishes
2025-12-28 13:51:16,403 - INFO -   [120/122] Végétarien Sub (V3: 153898, source_id: 101208)
2025-12-28 13:51:18,278 - DEBUG -   No active modifier groups for dish Végétarien Sub
2025-12-28 13:51:18,278 - INFO -     -> 0 links, 0 details
2025-12-28 13:51:18,278 - INFO -   [121/122] Végétarienne (V3: 153861, source_id: 101197)
2025-12-28 13:51:20,139 - DEBUG -   Found active group: Pizza Toppings (V1 ID: 9630, Category: ci)
2025-12-28 13:51:20,147 - DEBUG -   Found active group: Dips (V1 ID: 9633, Category: sa)
2025-12-28 13:51:20,161 - DEBUG -   Found active group: Crust Type (V1 ID: 9629, Category: br)
2025-12-28 13:51:20,164 - INFO -   Végétarienne: 3 active modifier groups
2025-12-28 13:51:20,569 - DEBUG -     Linked: Végétarienne -> Pizza Toppings
2025-12-28 13:51:20,778 - DEBUG -     Details: Ajouter plus de garnitures (min:0, max:0, free:0, order:2)
2025-12-28 13:51:21,047 - DEBUG -     Linked: Végétarienne -> Dips
2025-12-28 13:51:21,208 - DEBUG -     Details: Trempettes (min:0, max:0, free:0, order:4)
2025-12-28 13:51:21,518 - DEBUG -     Linked: Végétarienne -> Crust Type
2025-12-28 13:51:21,671 - DEBUG -     Details: Croûte (min:0, max:0, free:0, order:1)
2025-12-28 13:51:21,671 - INFO -     -> 3 links, 3 details
2025-12-28 13:51:21,671 - INFO -   [122/122] Zucchinis Panés (V3: 153929, source_id: 101247)
2025-12-28 13:51:23,567 - DEBUG -   No active modifier groups for dish Zucchinis Panés
2025-12-28 13:51:23,567 - INFO -     -> 0 links, 0 details
2025-12-28 13:51:23,567 - INFO -   Result: 122 processed, 0 skipped, 54 links, 54 details
2025-12-28 13:51:23,568 - INFO - ----------------------------------------
2025-12-28 13:51:23,568 - INFO - [20/20] Processing: Vieux Hull Pizza (V3: 820, V1: 1064)
2025-12-28 13:51:23,759 - INFO -   [1/129] 12 Ailes (V3: 154059, source_id: 121028)
2025-12-28 13:51:25,621 - DEBUG -   No active modifier groups for dish 12 Ailes
2025-12-28 13:51:25,621 - INFO -     -> 0 links, 0 details
2025-12-28 13:51:25,621 - INFO -   [2/129] 18 Ailes (V3: 154060, source_id: 121029)
2025-12-28 13:51:27,481 - DEBUG -   No active modifier groups for dish 18 Ailes
2025-12-28 13:51:27,481 - INFO -     -> 0 links, 0 details
2025-12-28 13:51:27,482 - INFO -   [3/129] 2 Burger Maison (V3: 154029, source_id: 121138)
2025-12-28 13:51:29,360 - DEBUG -   No active modifier groups for dish 2 Burger Maison
2025-12-28 13:51:29,360 - INFO -     -> 0 links, 0 details
2025-12-28 13:51:29,360 - INFO -   [4/129] 2 Sous Marins (V3: 154088, source_id: 121066)
2025-12-28 13:51:31,211 - DEBUG -   Found active group: Subs Selection (V1 ID: 11144, Category: ci)
2025-12-28 13:51:31,222 - DEBUG -   Found active group: Gravy and Coleslaw for SUBS (V1 ID: 11143, Category: sd)
2025-12-28 13:51:31,230 - INFO -   2 Sous Marins: 2 active modifier groups
2025-12-28 13:51:31,525 - DEBUG -     Linked: 2 Sous Marins -> Subs Selection
2025-12-28 13:51:31,688 - DEBUG -     Details: Choisissez votre Sous Marins (min:2, max:2, free:0, order:2)
2025-12-28 13:51:31,960 - DEBUG -     Linked: 2 Sous Marins -> Gravy and Coleslaw for SUBS
2025-12-28 13:51:32,119 - DEBUG -     Details: Ajouter une (min:0, max:1, free:0, order:5)
2025-12-28 13:51:32,120 - INFO -     -> 2 links, 2 details
2025-12-28 13:51:32,120 - INFO -   [5/129] 24 Ailes (V3: 154061, source_id: 121030)
2025-12-28 13:51:34,005 - DEBUG -   No active modifier groups for dish 24 Ailes
2025-12-28 13:51:34,005 - INFO -     -> 0 links, 0 details
2025-12-28 13:51:34,005 - INFO -   [6/129] 48 Ailes (V3: 154062, source_id: 121031)
2025-12-28 13:51:35,860 - DEBUG -   No active modifier groups for dish 48 Ailes
2025-12-28 13:51:35,860 - INFO -     -> 0 links, 0 details
2025-12-28 13:51:35,860 - INFO -   [7/129] 7 Up (V3: 154124, source_id: 121143)
2025-12-28 13:51:37,772 - DEBUG -   No active modifier groups for dish 7 Up
2025-12-28 13:51:37,772 - INFO -     -> 0 links, 0 details
2025-12-28 13:51:37,772 - INFO -   [8/129] Bacon Sub (V3: 154073, source_id: 121042)
2025-12-28 13:51:39,619 - DEBUG -   Found active group: Gravy and Coleslaw for SUBS (V1 ID: 11143, Category: sd)
2025-12-28 13:51:39,626 - INFO -   Bacon Sub: 1 active modifier groups
2025-12-28 13:51:39,917 - DEBUG -     Linked: Bacon Sub -> Gravy and Coleslaw for SUBS
2025-12-28 13:51:40,088 - DEBUG -     Details: Ajouter une (min:0, max:1, free:0, order:5)
2025-12-28 13:51:40,088 - INFO -     -> 1 links, 1 details
2025-12-28 13:51:40,089 - INFO -   [9/129] Bacon Sub avec Frite et Breuvage (V3: 154074, source_id: 121043)
2025-12-28 13:51:41,948 - DEBUG -   Found active group: Upgrade to Poutine SUBS (V1 ID: 11492, Category: sd)
2025-12-28 13:51:41,957 - DEBUG -   Found active group: Drinks (V1 ID: 11493, Category: d)
2025-12-28 13:51:41,963 - INFO -   Bacon Sub avec Frite et Breuvage: 2 active modifier groups
2025-12-28 13:51:42,232 - DEBUG -     Linked: Bacon Sub avec Frite et Breuvage -> Upgrade to Poutine SUBS
2025-12-28 13:51:42,398 - DEBUG -     Details: Changez vos frites (min:0, max:1, free:0, order:5)
2025-12-28 13:51:42,682 - DEBUG -     Linked: Bacon Sub avec Frite et Breuvage -> Drinks
2025-12-28 13:51:42,885 - DEBUG -     Details: Boissons (min:1, max:1, free:0, order:6)
2025-12-28 13:51:42,885 - INFO -     -> 2 links, 2 details
2025-12-28 13:51:42,885 - INFO -   Progress: 10/129 dishes
2025-12-28 13:51:42,886 - INFO -   [10/129] Barre Nanaimo (V3: 154116, source_id: 121106)
2025-12-28 13:51:44,746 - DEBUG -   No active modifier groups for dish Barre Nanaimo
2025-12-28 13:51:44,747 - INFO -     -> 0 links, 0 details
2025-12-28 13:51:44,747 - INFO -   [11/129] Bâtonnets de fromage (8mcx) (V3: 154051, source_id: 121020)
2025-12-28 13:51:46,634 - DEBUG -   No active modifier groups for dish Bâtonnets de fromage (8mcx)
2025-12-28 13:51:46,634 - INFO -     -> 0 links, 0 details
2025-12-28 13:51:46,634 - INFO -   [12/129] Brownie au chocolat (V3: 154117, source_id: 121107)
2025-12-28 13:51:48,505 - DEBUG -   No active modifier groups for dish Brownie au chocolat
2025-12-28 13:51:48,505 - INFO -     -> 0 links, 0 details
2025-12-28 13:51:48,505 - INFO -   [13/129] Burger au Poulet (V3: 154100, source_id: 121069)
2025-12-28 13:51:50,347 - DEBUG -   Found active group: Gravy and Coleslaw for SUBS (V1 ID: 11143, Category: sd)
2025-12-28 13:51:50,354 - INFO -   Burger au Poulet: 1 active modifier groups
2025-12-28 13:51:50,647 - DEBUG -     Linked: Burger au Poulet -> Gravy and Coleslaw for SUBS
2025-12-28 13:51:50,807 - DEBUG -     Details: Ajouter une (min:0, max:1, free:0, order:5)
2025-12-28 13:51:50,807 - INFO -     -> 1 links, 1 details
2025-12-28 13:51:50,807 - INFO -   [14/129] Burger au Poulet Combo (V3: 154101, source_id: 121070)
2025-12-28 13:51:52,704 - DEBUG -   Found active group: Gravy and Coleslaw for SUBS (V1 ID: 11143, Category: sd)
2025-12-28 13:51:52,711 - INFO -   Burger au Poulet Combo: 1 active modifier groups
2025-12-28 13:51:52,982 - DEBUG -     Linked: Burger au Poulet Combo -> Gravy and Coleslaw for SUBS
2025-12-28 13:51:53,145 - DEBUG -     Details: Ajouter une (min:0, max:1, free:0, order:5)
2025-12-28 13:51:53,145 - INFO -     -> 1 links, 1 details
2025-12-28 13:51:53,146 - INFO -   [15/129] Burger au Poulet Croustillant (V3: 154102, source_id: 121071)
2025-12-28 13:51:54,988 - DEBUG -   Found active group: Gravy and Coleslaw for SUBS (V1 ID: 11143, Category: sd)
2025-12-28 13:51:54,996 - INFO -   Burger au Poulet Croustillant: 1 active modifier groups
2025-12-28 13:51:55,273 - DEBUG -     Linked: Burger au Poulet Croustillant -> Gravy and Coleslaw for SUBS
2025-12-28 13:51:55,434 - DEBUG -     Details: Ajouter une (min:0, max:1, free:0, order:5)
2025-12-28 13:51:55,434 - INFO -     -> 1 links, 1 details
2025-12-28 13:51:55,434 - INFO -   [16/129] Burger au Poulet Croustillant Combo (V3: 154103, source_id: 121072)
2025-12-28 13:51:57,280 - DEBUG -   Found active group: Gravy and Coleslaw for SUBS (V1 ID: 11143, Category: sd)
2025-12-28 13:51:57,287 - INFO -   Burger au Poulet Croustillant Combo: 1 active modifier groups
2025-12-28 13:51:57,565 - DEBUG -     Linked: Burger au Poulet Croustillant Combo -> Gravy and Coleslaw for SUBS
2025-12-28 13:51:57,732 - DEBUG -     Details: Ajouter une (min:0, max:1, free:0, order:5)
2025-12-28 13:51:57,732 - INFO -     -> 1 links, 1 details
2025-12-28 13:51:57,732 - INFO -   [17/129] Burger Champignons Sautées (V3: 154114, source_id: 121083)
2025-12-28 13:51:59,587 - DEBUG -   Found active group: Gravy and Coleslaw for SUBS (V1 ID: 11143, Category: sd)
2025-12-28 13:51:59,594 - INFO -   Burger Champignons Sautées: 1 active modifier groups
2025-12-28 13:51:59,875 - DEBUG -     Linked: Burger Champignons Sautées -> Gravy and Coleslaw for SUBS
2025-12-28 13:52:00,035 - DEBUG -     Details: Ajouter une (min:0, max:1, free:0, order:5)
2025-12-28 13:52:00,035 - INFO -     -> 1 links, 1 details
2025-12-28 13:52:00,036 - INFO -   [18/129] Burger Champignons Sautées Combo (V3: 154115, source_id: 121084)
2025-12-28 13:52:01,912 - DEBUG -   Found active group: Gravy and Coleslaw for SUBS (V1 ID: 11143, Category: sd)
2025-12-28 13:52:01,924 - INFO -   Burger Champignons Sautées Combo: 1 active modifier groups
2025-12-28 13:52:02,214 - DEBUG -     Linked: Burger Champignons Sautées Combo -> Gravy and Coleslaw for SUBS
2025-12-28 13:52:02,374 - DEBUG -     Details: Ajouter une (min:0, max:1, free:0, order:5)
2025-12-28 13:52:02,374 - INFO -     -> 1 links, 1 details
2025-12-28 13:52:02,375 - INFO -   [19/129] Burger Maisonneuve (V3: 154098, source_id: 121067)
2025-12-28 13:52:04,678 - DEBUG -   Found active group: Gravy and Coleslaw for SUBS (V1 ID: 11143, Category: sd)
2025-12-28 13:52:04,685 - INFO -   Burger Maisonneuve: 1 active modifier groups
2025-12-28 13:52:04,963 - DEBUG -     Linked: Burger Maisonneuve -> Gravy and Coleslaw for SUBS
2025-12-28 13:52:05,132 - DEBUG -     Details: Ajouter une (min:0, max:1, free:0, order:5)
2025-12-28 13:52:05,132 - INFO -     -> 1 links, 1 details
2025-12-28 13:52:05,133 - INFO -   Progress: 20/129 dishes
2025-12-28 13:52:05,134 - INFO -   [20/129] Burger Maisonneuve Combo (V3: 154099, source_id: 121068)
2025-12-28 13:52:06,993 - DEBUG -   Found active group: Gravy and Coleslaw for SUBS (V1 ID: 11143, Category: sd)
2025-12-28 13:52:07,001 - INFO -   Burger Maisonneuve Combo: 1 active modifier groups
2025-12-28 13:52:07,292 - DEBUG -     Linked: Burger Maisonneuve Combo -> Gravy and Coleslaw for SUBS
2025-12-28 13:52:07,464 - DEBUG -     Details: Ajouter une (min:0, max:1, free:0, order:5)
2025-12-28 13:52:07,464 - INFO -     -> 1 links, 1 details
2025-12-28 13:52:07,466 - INFO -   [21/129] Burger Poutine (V3: 154110, source_id: 121079)
2025-12-28 13:52:09,347 - DEBUG -   Found active group: Gravy and Coleslaw for SUBS (V1 ID: 11143, Category: sd)
2025-12-28 13:52:09,355 - INFO -   Burger Poutine: 1 active modifier groups
2025-12-28 13:52:09,632 - DEBUG -     Linked: Burger Poutine -> Gravy and Coleslaw for SUBS
2025-12-28 13:52:09,801 - DEBUG -     Details: Ajouter une (min:0, max:1, free:0, order:5)
2025-12-28 13:52:09,801 - INFO -     -> 1 links, 1 details
2025-12-28 13:52:09,801 - INFO -   [22/129] Burger Poutine Combo (V3: 154111, source_id: 121080)
2025-12-28 13:52:11,686 - DEBUG -   Found active group: Gravy and Coleslaw for SUBS (V1 ID: 11143, Category: sd)
2025-12-28 13:52:11,693 - INFO -   Burger Poutine Combo: 1 active modifier groups
2025-12-28 13:52:11,973 - DEBUG -     Linked: Burger Poutine Combo -> Gravy and Coleslaw for SUBS
2025-12-28 13:52:12,135 - DEBUG -     Details: Ajouter une (min:0, max:1, free:0, order:5)
2025-12-28 13:52:12,135 - INFO -     -> 1 links, 1 details
2025-12-28 13:52:12,136 - INFO -   [23/129] Burger Rondelles (V3: 154112, source_id: 121081)
2025-12-28 13:52:14,015 - DEBUG -   Found active group: Gravy and Coleslaw for SUBS (V1 ID: 11143, Category: sd)
2025-12-28 13:52:14,023 - INFO -   Burger Rondelles: 1 active modifier groups
2025-12-28 13:52:14,310 - DEBUG -     Linked: Burger Rondelles -> Gravy and Coleslaw for SUBS
2025-12-28 13:52:14,474 - DEBUG -     Details: Ajouter une (min:0, max:1, free:0, order:5)
2025-12-28 13:52:14,475 - INFO -     -> 1 links, 1 details
2025-12-28 13:52:14,475 - INFO -   [24/129] Burger Rondelles Combo (V3: 154113, source_id: 121082)
2025-12-28 13:52:16,369 - DEBUG -   Found active group: Gravy and Coleslaw for SUBS (V1 ID: 11143, Category: sd)
2025-12-28 13:52:16,377 - INFO -   Burger Rondelles Combo: 1 active modifier groups
2025-12-28 13:52:16,648 - DEBUG -     Linked: Burger Rondelles Combo -> Gravy and Coleslaw for SUBS
2025-12-28 13:52:16,805 - DEBUG -     Details: Ajouter une (min:0, max:1, free:0, order:5)
2025-12-28 13:52:16,805 - INFO -     -> 1 links, 1 details
2025-12-28 13:52:16,806 - INFO -   [25/129] Club Sandwich (V3: 154080, source_id: 121049)
2025-12-28 13:52:18,651 - DEBUG -   No active modifier groups for dish Club Sandwich
2025-12-28 13:52:18,652 - INFO -     -> 0 links, 0 details
2025-12-28 13:52:18,652 - INFO -   [26/129] Club Sandwich avec Poutine (V3: 154081, source_id: 121050)
2025-12-28 13:52:20,510 - DEBUG -   No active modifier groups for dish Club Sandwich avec Poutine
2025-12-28 13:52:20,510 - INFO -     -> 0 links, 0 details
2025-12-28 13:52:20,510 - INFO -   [27/129] Croquettes de poulet (V3: 154058, source_id: 121027)
2025-12-28 13:52:22,367 - DEBUG -   No active modifier groups for dish Croquettes de poulet
2025-12-28 13:52:22,367 - INFO -     -> 0 links, 0 details
2025-12-28 13:52:22,367 - INFO -   [28/129] Deux Grandes 3 Garnitures (V3: 154413, source_id: 124855)
2025-12-28 13:52:24,258 - DEBUG -   No active modifier groups for dish Deux Grandes 3 Garnitures
2025-12-28 13:52:24,258 - INFO -     -> 0 links, 0 details
2025-12-28 13:52:24,258 - INFO -   [29/129] Deux Moyennes 3 Garnitures (V3: 154412, source_id: 124854)
2025-12-28 13:52:26,129 - DEBUG -   No active modifier groups for dish Deux Moyennes 3 Garnitures
2025-12-28 13:52:26,129 - INFO -     -> 0 links, 0 details
2025-12-28 13:52:26,129 - INFO -   Progress: 30/129 dishes
2025-12-28 13:52:26,129 - INFO -   [30/129] Deux Petites 3 Garnitures (V3: 154411, source_id: 124853)
2025-12-28 13:52:27,982 - DEBUG -   No active modifier groups for dish Deux Petites 3 Garnitures
2025-12-28 13:52:27,983 - INFO -     -> 0 links, 0 details
2025-12-28 13:52:27,983 - INFO -   [31/129] Diet Pepsi (V3: 154121, source_id: 121140)
2025-12-28 13:52:29,839 - DEBUG -   No active modifier groups for dish Diet Pepsi
2025-12-28 13:52:29,839 - INFO -     -> 0 links, 0 details
2025-12-28 13:52:29,839 - INFO -   [32/129] Doigts de Poulet (V3: 154082, source_id: 121051)
2025-12-28 13:52:31,742 - DEBUG -   No active modifier groups for dish Doigts de Poulet
2025-12-28 13:52:31,742 - INFO -     -> 0 links, 0 details
2025-12-28 13:52:31,742 - INFO -   [33/129] Doigts de Poulet avec Poutine (V3: 154083, source_id: 121052)
2025-12-28 13:52:33,583 - DEBUG -   No active modifier groups for dish Doigts de Poulet avec Poutine
2025-12-28 13:52:33,583 - INFO -     -> 0 links, 0 details
2025-12-28 13:52:33,583 - INFO -   [34/129] Frites maison (V3: 154049, source_id: 121018)
2025-12-28 13:52:35,460 - DEBUG -   No active modifier groups for dish Frites maison
2025-12-28 13:52:35,460 - INFO -     -> 0 links, 0 details
2025-12-28 13:52:35,460 - INFO -   [35/129] Gâteau au fromage (V3: 154118, source_id: 124407)
2025-12-28 13:52:37,388 - DEBUG -   No active modifier groups for dish Gâteau au fromage
2025-12-28 13:52:37,388 - INFO -     -> 0 links, 0 details
2025-12-28 13:52:37,388 - INFO -   [36/129] Ginger Ale (V3: 154122, source_id: 121141)
2025-12-28 13:52:39,346 - DEBUG -   No active modifier groups for dish Ginger Ale
2025-12-28 13:52:39,346 - INFO -     -> 0 links, 0 details
2025-12-28 13:52:39,346 - INFO -   [37/129] Grande Pizza avec Poutines (V3: 154388, source_id: 121136)
2025-12-28 13:52:41,202 - DEBUG -   No active modifier groups for dish Grande Pizza avec Poutines
2025-12-28 13:52:41,202 - INFO -     -> 0 links, 0 details
2025-12-28 13:52:41,202 - INFO -   [38/129] Grande Pizza et Ailes (V3: 154389, source_id: 121137)
2025-12-28 13:52:43,058 - DEBUG -   No active modifier groups for dish Grande Pizza et Ailes
2025-12-28 13:52:43,058 - INFO -     -> 0 links, 0 details
2025-12-28 13:52:43,058 - INFO -   [39/129] Greek Fest (V3: 154108, source_id: 121077)
2025-12-28 13:52:44,923 - DEBUG -   Found active group: Gravy and Coleslaw for SUBS (V1 ID: 11143, Category: sd)
2025-12-28 13:52:44,931 - INFO -   Greek Fest: 1 active modifier groups
2025-12-28 13:52:45,210 - DEBUG -     Linked: Greek Fest -> Gravy and Coleslaw for SUBS
2025-12-28 13:52:45,413 - DEBUG -     Details: Ajouter une (min:0, max:1, free:0, order:5)
2025-12-28 13:52:45,413 - INFO -     -> 1 links, 1 details
2025-12-28 13:52:45,413 - INFO -   Progress: 40/129 dishes
2025-12-28 13:52:45,414 - INFO -   [40/129] Greek Fest Combo (V3: 154109, source_id: 121078)
2025-12-28 13:52:47,314 - DEBUG -   Found active group: Gravy and Coleslaw for SUBS (V1 ID: 11143, Category: sd)
2025-12-28 13:52:47,321 - INFO -   Greek Fest Combo: 1 active modifier groups
2025-12-28 13:52:47,664 - DEBUG -     Linked: Greek Fest Combo -> Gravy and Coleslaw for SUBS
2025-12-28 13:52:47,835 - DEBUG -     Details: Ajouter une (min:0, max:1, free:0, order:5)
2025-12-28 13:52:47,835 - INFO -     -> 1 links, 1 details
2025-12-28 13:52:47,836 - INFO -   [41/129] Hamburger steak avec Pepsi (V3: 154057, source_id: 121026)
2025-12-28 13:52:49,705 - DEBUG -   No active modifier groups for dish Hamburger steak avec Pepsi
2025-12-28 13:52:49,705 - INFO -     -> 0 links, 0 details
2025-12-28 13:52:49,705 - INFO -   [42/129] Hawaïenne Sub (V3: 154075, source_id: 121044)
2025-12-28 13:52:51,565 - DEBUG -   Found active group: Gravy and Coleslaw for SUBS (V1 ID: 11143, Category: sd)
2025-12-28 13:52:51,573 - INFO -   Hawaïenne Sub: 1 active modifier groups
2025-12-28 13:52:51,899 - DEBUG -     Linked: Hawaïenne Sub -> Gravy and Coleslaw for SUBS
2025-12-28 13:52:52,063 - DEBUG -     Details: Ajouter une (min:0, max:1, free:0, order:5)
2025-12-28 13:52:52,063 - INFO -     -> 1 links, 1 details
2025-12-28 13:52:52,063 - INFO -   [43/129] Hawaïenne Sub avec Frite et Breuvage (V3: 154076, source_id: 121045)
2025-12-28 13:52:53,917 - DEBUG -   Found active group: Upgrade to Poutine SUBS (V1 ID: 11492, Category: sd)
2025-12-28 13:52:53,926 - DEBUG -   Found active group: Drinks (V1 ID: 11493, Category: d)
2025-12-28 13:52:53,932 - INFO -   Hawaïenne Sub avec Frite et Breuvage: 2 active modifier groups
2025-12-28 13:52:54,206 - DEBUG -     Linked: Hawaïenne Sub avec Frite et Breuvage -> Upgrade to Poutine SUBS
2025-12-28 13:52:54,378 - DEBUG -     Details: Changez vos frites (min:0, max:1, free:0, order:5)
2025-12-28 13:52:54,657 - DEBUG -     Linked: Hawaïenne Sub avec Frite et Breuvage -> Drinks
2025-12-28 13:52:54,819 - DEBUG -     Details: Boissons (min:1, max:1, free:0, order:6)
2025-12-28 13:52:54,819 - INFO -     -> 2 links, 2 details
2025-12-28 13:52:54,819 - INFO -   [44/129] Jambon Sub (V3: 154067, source_id: 121036)
2025-12-28 13:52:56,686 - DEBUG -   Found active group: Gravy and Coleslaw for SUBS (V1 ID: 11143, Category: sd)
2025-12-28 13:52:56,693 - INFO -   Jambon Sub: 1 active modifier groups
2025-12-28 13:52:56,976 - DEBUG -     Linked: Jambon Sub -> Gravy and Coleslaw for SUBS
2025-12-28 13:52:57,145 - DEBUG -     Details: Ajouter une (min:0, max:1, free:0, order:5)
2025-12-28 13:52:57,145 - INFO -     -> 1 links, 1 details
2025-12-28 13:52:57,146 - INFO -   [45/129] Jambon Sub Frite et Breuvage (V3: 154068, source_id: 121037)
2025-12-28 13:52:59,000 - DEBUG -   Found active group: Upgrade to Poutine SUBS (V1 ID: 11492, Category: sd)
2025-12-28 13:52:59,009 - DEBUG -   Found active group: Drinks (V1 ID: 11493, Category: d)
2025-12-28 13:52:59,015 - INFO -   Jambon Sub Frite et Breuvage: 2 active modifier groups
2025-12-28 13:52:59,301 - DEBUG -     Linked: Jambon Sub Frite et Breuvage -> Upgrade to Poutine SUBS
2025-12-28 13:52:59,468 - DEBUG -     Details: Changez vos frites (min:0, max:1, free:0, order:5)
2025-12-28 13:52:59,767 - DEBUG -     Linked: Jambon Sub Frite et Breuvage -> Drinks
2025-12-28 13:52:59,936 - DEBUG -     Details: Boissons (min:1, max:1, free:0, order:6)
2025-12-28 13:52:59,936 - INFO -     -> 2 links, 2 details
2025-12-28 13:52:59,937 - INFO -   [46/129] L’Americaine (V3: 154023, source_id: 121123)
2025-12-28 13:53:01,860 - DEBUG -   No active modifier groups for dish L’Americaine
2025-12-28 13:53:01,861 - INFO -     -> 0 links, 0 details
2025-12-28 13:53:01,861 - INFO -   [47/129] L’Americaine (V3: 154043, source_id: 124849)
2025-12-28 13:53:03,724 - DEBUG -   Found active group: Pizza Toppings (V1 ID: 11145, Category: ci)
2025-12-28 13:53:03,734 - DEBUG -   Found active group: Dips (V1 ID: 11147, Category: sa)
2025-12-28 13:53:03,748 - DEBUG -   Found active group: Crust Type (V1 ID: 11146, Category: br)
2025-12-28 13:53:03,750 - INFO -   L’Americaine: 3 active modifier groups
2025-12-28 13:53:04,020 - DEBUG -     Linked: L’Americaine -> Pizza Toppings
2025-12-28 13:53:04,181 - DEBUG -     Details: Ajouter plus de garnitures (min:0, max:0, free:0, order:2)
2025-12-28 13:53:04,464 - DEBUG -     Linked: L’Americaine -> Dips
2025-12-28 13:53:04,628 - DEBUG -     Details: Trempettes (min:0, max:0, free:0, order:4)
2025-12-28 13:53:04,930 - DEBUG -     Linked: L’Americaine -> Crust Type
2025-12-28 13:53:05,090 - DEBUG -     Details: Choix de croûte (min:0, max:0, free:0, order:1)
2025-12-28 13:53:05,090 - INFO -     -> 3 links, 3 details
2025-12-28 13:53:05,091 - INFO -   [48/129] L’Hawaïenne (V3: 154012, source_id: 121112)
2025-12-28 13:53:06,962 - DEBUG -   No active modifier groups for dish L’Hawaïenne
2025-12-28 13:53:06,963 - INFO -     -> 0 links, 0 details
2025-12-28 13:53:06,963 - INFO -   [49/129] L’Hawaïenne (V3: 154034, source_id: 124840)
2025-12-28 13:53:08,839 - DEBUG -   Found active group: Pizza Toppings (V1 ID: 11145, Category: ci)
2025-12-28 13:53:08,848 - DEBUG -   Found active group: Dips (V1 ID: 11147, Category: sa)
2025-12-28 13:53:08,862 - DEBUG -   Found active group: Crust Type (V1 ID: 11146, Category: br)
2025-12-28 13:53:08,865 - INFO -   L’Hawaïenne: 3 active modifier groups
2025-12-28 13:53:09,153 - DEBUG -     Linked: L’Hawaïenne -> Pizza Toppings
2025-12-28 13:53:09,323 - DEBUG -     Details: Ajouter plus de garnitures (min:0, max:0, free:0, order:2)
2025-12-28 13:53:09,671 - DEBUG -     Linked: L’Hawaïenne -> Dips
2025-12-28 13:53:09,850 - DEBUG -     Details: Trempettes (min:0, max:0, free:0, order:4)
2025-12-28 13:53:10,122 - DEBUG -     Linked: L’Hawaïenne -> Crust Type
2025-12-28 13:53:10,284 - DEBUG -     Details: Choix de croûte (min:0, max:0, free:0, order:1)
2025-12-28 13:53:10,285 - INFO -     -> 3 links, 3 details
2025-12-28 13:53:10,285 - INFO -   Progress: 50/129 dishes
2025-12-28 13:53:10,285 - INFO -   [50/129] La 4 Saisons Végétarienne (V3: 154035, source_id: 124841)
2025-12-28 13:53:12,251 - DEBUG -   Found active group: Pizza Toppings (V1 ID: 11145, Category: ci)
2025-12-28 13:53:12,261 - DEBUG -   Found active group: Dips (V1 ID: 11147, Category: sa)
2025-12-28 13:53:12,275 - DEBUG -   Found active group: Crust Type (V1 ID: 11146, Category: br)
2025-12-28 13:53:12,278 - INFO -   La 4 Saisons Végétarienne: 3 active modifier groups
2025-12-28 13:53:12,575 - DEBUG -     Linked: La 4 Saisons Végétarienne -> Pizza Toppings
2025-12-28 13:53:12,788 - DEBUG -     Details: Ajouter plus de garnitures (min:0, max:0, free:0, order:2)
2025-12-28 13:53:13,113 - DEBUG -     Linked: La 4 Saisons Végétarienne -> Dips
2025-12-28 13:53:13,311 - DEBUG -     Details: Trempettes (min:0, max:0, free:0, order:4)
2025-12-28 13:53:13,588 - DEBUG -     Linked: La 4 Saisons Végétarienne -> Crust Type
2025-12-28 13:53:13,738 - DEBUG -     Details: Choix de croûte (min:0, max:0, free:0, order:1)
2025-12-28 13:53:13,739 - INFO -     -> 3 links, 3 details
2025-12-28 13:53:13,739 - INFO -   [51/129] La 4 Saisons Végétarienne (V3: 154013, source_id: 121113)
2025-12-28 13:53:15,619 - DEBUG -   No active modifier groups for dish La 4 Saisons Végétarienne
2025-12-28 13:53:15,619 - INFO -     -> 0 links, 0 details
2025-12-28 13:53:15,619 - INFO -   [52/129] La Canadienne (V3: 154019, source_id: 121119)
2025-12-28 13:53:17,476 - DEBUG -   No active modifier groups for dish La Canadienne
2025-12-28 13:53:17,476 - INFO -     -> 0 links, 0 details
2025-12-28 13:53:17,476 - INFO -   [53/129] La Canadienne (V3: 154040, source_id: 124846)
2025-12-28 13:53:19,328 - DEBUG -   Found active group: Pizza Toppings (V1 ID: 11145, Category: ci)
2025-12-28 13:53:19,338 - DEBUG -   Found active group: Dips (V1 ID: 11147, Category: sa)
2025-12-28 13:53:19,353 - DEBUG -   Found active group: Crust Type (V1 ID: 11146, Category: br)
2025-12-28 13:53:19,356 - INFO -   La Canadienne: 3 active modifier groups
2025-12-28 13:53:19,675 - DEBUG -     Linked: La Canadienne -> Pizza Toppings
2025-12-28 13:53:19,861 - DEBUG -     Details: Ajouter plus de garnitures (min:0, max:0, free:0, order:2)
2025-12-28 13:53:20,176 - DEBUG -     Linked: La Canadienne -> Dips
2025-12-28 13:53:20,359 - DEBUG -     Details: Trempettes (min:0, max:0, free:0, order:4)
2025-12-28 13:53:20,663 - DEBUG -     Linked: La Canadienne -> Crust Type
2025-12-28 13:53:20,833 - DEBUG -     Details: Choix de croûte (min:0, max:0, free:0, order:1)
2025-12-28 13:53:20,833 - INFO -     -> 3 links, 3 details
2025-12-28 13:53:20,834 - INFO -   [54/129] La Chicago (V3: 154044, source_id: 124850)
2025-12-28 13:53:22,716 - DEBUG -   Found active group: Pizza Toppings (V1 ID: 11145, Category: ci)
2025-12-28 13:53:22,726 - DEBUG -   Found active group: Dips (V1 ID: 11147, Category: sa)
2025-12-28 13:53:22,739 - DEBUG -   Found active group: Crust Type (V1 ID: 11146, Category: br)
2025-12-28 13:53:22,742 - INFO -   La Chicago: 3 active modifier groups
2025-12-28 13:53:23,009 - DEBUG -     Linked: La Chicago -> Pizza Toppings
2025-12-28 13:53:23,195 - DEBUG -     Details: Ajouter plus de garnitures (min:0, max:0, free:0, order:2)
2025-12-28 13:53:23,496 - DEBUG -     Linked: La Chicago -> Dips
2025-12-28 13:53:23,653 - DEBUG -     Details: Trempettes (min:0, max:0, free:0, order:4)
2025-12-28 13:53:23,941 - DEBUG -     Linked: La Chicago -> Crust Type
2025-12-28 13:53:24,100 - DEBUG -     Details: Choix de croûte (min:0, max:0, free:0, order:1)
2025-12-28 13:53:24,101 - INFO -     -> 3 links, 3 details
2025-12-28 13:53:24,101 - INFO -   [55/129] La Chicago (V3: 154025, source_id: 121125)
2025-12-28 13:53:26,000 - DEBUG -   No active modifier groups for dish La Chicago
2025-12-28 13:53:26,000 - INFO -     -> 0 links, 0 details
2025-12-28 13:53:26,000 - INFO -   [56/129] La Classico Italiano (V3: 154011, source_id: 121111)
2025-12-28 13:53:27,857 - DEBUG -   No active modifier groups for dish La Classico Italiano
2025-12-28 13:53:27,857 - INFO -     -> 0 links, 0 details
2025-12-28 13:53:27,857 - INFO -   [57/129] La Classico Italiano (V3: 154033, source_id: 124839)
2025-12-28 13:53:29,754 - DEBUG -   Found active group: Pizza Toppings (V1 ID: 11145, Category: ci)
2025-12-28 13:53:29,764 - DEBUG -   Found active group: Dips (V1 ID: 11147, Category: sa)
2025-12-28 13:53:29,777 - DEBUG -   Found active group: Crust Type (V1 ID: 11146, Category: br)
2025-12-28 13:53:29,781 - INFO -   La Classico Italiano: 3 active modifier groups
2025-12-28 13:53:30,050 - DEBUG -     Linked: La Classico Italiano -> Pizza Toppings
2025-12-28 13:53:30,228 - DEBUG -     Details: Ajouter plus de garnitures (min:0, max:0, free:0, order:2)
2025-12-28 13:53:30,506 - DEBUG -     Linked: La Classico Italiano -> Dips
2025-12-28 13:53:30,674 - DEBUG -     Details: Trempettes (min:0, max:0, free:0, order:4)
2025-12-28 13:53:30,954 - DEBUG -     Linked: La Classico Italiano -> Crust Type
2025-12-28 13:53:31,106 - DEBUG -     Details: Choix de croûte (min:0, max:0, free:0, order:1)
2025-12-28 13:53:31,106 - INFO -     -> 3 links, 3 details
2025-12-28 13:53:31,107 - INFO -   [58/129] La Club (V3: 154026, source_id: 121126)
2025-12-28 13:53:32,980 - DEBUG -   No active modifier groups for dish La Club
2025-12-28 13:53:32,981 - INFO -     -> 0 links, 0 details
2025-12-28 13:53:32,981 - INFO -   [59/129] La Dani (V3: 154024, source_id: 121124)
2025-12-28 13:53:34,861 - DEBUG -   No active modifier groups for dish La Dani
2025-12-28 13:53:34,861 - INFO -     -> 0 links, 0 details
2025-12-28 13:53:34,861 - INFO -   Progress: 60/129 dishes
2025-12-28 13:53:34,861 - INFO -   [60/129] La Française (V3: 154041, source_id: 124847)
2025-12-28 13:53:36,701 - DEBUG -   Found active group: Pizza Toppings (V1 ID: 11145, Category: ci)
2025-12-28 13:53:36,710 - DEBUG -   Found active group: Dips (V1 ID: 11147, Category: sa)
2025-12-28 13:53:36,724 - DEBUG -   Found active group: Crust Type (V1 ID: 11146, Category: br)
2025-12-28 13:53:36,727 - INFO -   La Française: 3 active modifier groups
2025-12-28 13:53:37,041 - DEBUG -     Linked: La Française -> Pizza Toppings
2025-12-28 13:53:37,228 - DEBUG -     Details: Ajouter plus de garnitures (min:0, max:0, free:0, order:2)
2025-12-28 13:53:37,524 - DEBUG -     Linked: La Française -> Dips
2025-12-28 13:53:37,709 - DEBUG -     Details: Trempettes (min:0, max:0, free:0, order:4)
2025-12-28 13:53:38,001 - DEBUG -     Linked: La Française -> Crust Type
2025-12-28 13:53:38,171 - DEBUG -     Details: Choix de croûte (min:0, max:0, free:0, order:1)
2025-12-28 13:53:38,171 - INFO -     -> 3 links, 3 details
2025-12-28 13:53:38,171 - INFO -   [61/129] La Française (V3: 154020, source_id: 121120)
2025-12-28 13:53:40,054 - DEBUG -   No active modifier groups for dish La Française
2025-12-28 13:53:40,054 - INFO -     -> 0 links, 0 details
2025-12-28 13:53:40,054 - INFO -   [62/129] La Gatinoise Combinée (V3: 154032, source_id: 124838)
2025-12-28 13:53:41,921 - DEBUG -   Found active group: Pizza Toppings (V1 ID: 11145, Category: ci)
2025-12-28 13:53:41,931 - DEBUG -   Found active group: Dips (V1 ID: 11147, Category: sa)
2025-12-28 13:53:41,944 - DEBUG -   Found active group: Crust Type (V1 ID: 11146, Category: br)
2025-12-28 13:53:41,947 - INFO -   La Gatinoise Combinée: 3 active modifier groups
2025-12-28 13:53:42,260 - DEBUG -     Linked: La Gatinoise Combinée -> Pizza Toppings
2025-12-28 13:53:42,432 - DEBUG -     Details: Ajouter plus de garnitures (min:0, max:0, free:0, order:2)
2025-12-28 13:53:42,758 - DEBUG -     Linked: La Gatinoise Combinée -> Dips
2025-12-28 13:53:42,922 - DEBUG -     Details: Trempettes (min:0, max:0, free:0, order:4)
2025-12-28 13:53:43,189 - DEBUG -     Linked: La Gatinoise Combinée -> Crust Type
2025-12-28 13:53:43,340 - DEBUG -     Details: Choix de croûte (min:0, max:0, free:0, order:1)
2025-12-28 13:53:43,341 - INFO -     -> 3 links, 3 details
2025-12-28 13:53:43,341 - INFO -   [63/129] La Gatinoise Combinée (V3: 154010, source_id: 121110)
2025-12-28 13:53:45,191 - DEBUG -   No active modifier groups for dish La Gatinoise Combinée
2025-12-28 13:53:45,191 - INFO -     -> 0 links, 0 details
2025-12-28 13:53:45,191 - INFO -   [64/129] La Geo (V3: 154021, source_id: 121121)
2025-12-28 13:53:47,025 - DEBUG -   No active modifier groups for dish La Geo
2025-12-28 13:53:47,025 - INFO -     -> 0 links, 0 details
2025-12-28 13:53:47,025 - INFO -   [65/129] La Grecque (V3: 154042, source_id: 124848)
2025-12-28 13:53:48,890 - DEBUG -   Found active group: Pizza Toppings (V1 ID: 11145, Category: ci)
2025-12-28 13:53:48,899 - DEBUG -   Found active group: Dips (V1 ID: 11147, Category: sa)
2025-12-28 13:53:48,912 - DEBUG -   Found active group: Crust Type (V1 ID: 11146, Category: br)
2025-12-28 13:53:48,915 - INFO -   La Grecque: 3 active modifier groups
2025-12-28 13:53:49,211 - DEBUG -     Linked: La Grecque -> Pizza Toppings
2025-12-28 13:53:49,374 - DEBUG -     Details: Ajouter plus de garnitures (min:0, max:0, free:0, order:2)
2025-12-28 13:53:49,668 - DEBUG -     Linked: La Grecque -> Dips
2025-12-28 13:53:49,837 - DEBUG -     Details: Trempettes (min:0, max:0, free:0, order:4)
2025-12-28 13:53:50,143 - DEBUG -     Linked: La Grecque -> Crust Type
2025-12-28 13:53:50,323 - DEBUG -     Details: Choix de croûte (min:0, max:0, free:0, order:1)
2025-12-28 13:53:50,324 - INFO -     -> 3 links, 3 details
2025-12-28 13:53:50,324 - INFO -   [66/129] La Grecque (V3: 154022, source_id: 121122)
2025-12-28 13:53:52,180 - DEBUG -   No active modifier groups for dish La Grecque
2025-12-28 13:53:52,180 - INFO -     -> 0 links, 0 details
2025-12-28 13:53:52,180 - INFO -   [67/129] La Meat Lover (V3: 154018, source_id: 121118)
2025-12-28 13:53:54,047 - DEBUG -   No active modifier groups for dish La Meat Lover
2025-12-28 13:53:54,047 - INFO -     -> 0 links, 0 details
2025-12-28 13:53:54,047 - INFO -   [68/129] La Meat Lover (V3: 154039, source_id: 124845)
2025-12-28 13:53:55,906 - DEBUG -   Found active group: Pizza Toppings (V1 ID: 11145, Category: ci)
2025-12-28 13:53:55,915 - DEBUG -   Found active group: Dips (V1 ID: 11147, Category: sa)
2025-12-28 13:53:55,930 - DEBUG -   Found active group: Crust Type (V1 ID: 11146, Category: br)
2025-12-28 13:53:55,933 - INFO -   La Meat Lover: 3 active modifier groups
2025-12-28 13:53:56,236 - DEBUG -     Linked: La Meat Lover -> Pizza Toppings
2025-12-28 13:53:56,409 - DEBUG -     Details: Ajouter plus de garnitures (min:0, max:0, free:0, order:2)
2025-12-28 13:53:56,685 - DEBUG -     Linked: La Meat Lover -> Dips
2025-12-28 13:53:56,845 - DEBUG -     Details: Trempettes (min:0, max:0, free:0, order:4)
2025-12-28 13:53:57,126 - DEBUG -     Linked: La Meat Lover -> Crust Type
2025-12-28 13:53:57,282 - DEBUG -     Details: Choix de croûte (min:0, max:0, free:0, order:1)
2025-12-28 13:53:57,282 - INFO -     -> 3 links, 3 details
2025-12-28 13:53:57,282 - INFO -   [69/129] La Mexicaine (V3: 154036, source_id: 124842)
2025-12-28 13:53:59,185 - DEBUG -   Found active group: Pizza Toppings (V1 ID: 11145, Category: ci)
2025-12-28 13:53:59,212 - DEBUG -   Found active group: Dips (V1 ID: 11147, Category: sa)
2025-12-28 13:53:59,244 - DEBUG -   Found active group: Crust Type (V1 ID: 11146, Category: br)
2025-12-28 13:53:59,247 - INFO -   La Mexicaine: 3 active modifier groups
2025-12-28 13:53:59,547 - DEBUG -     Linked: La Mexicaine -> Pizza Toppings
2025-12-28 13:53:59,730 - DEBUG -     Details: Ajouter plus de garnitures (min:0, max:0, free:0, order:2)
2025-12-28 13:54:00,014 - DEBUG -     Linked: La Mexicaine -> Dips
2025-12-28 13:54:00,187 - DEBUG -     Details: Trempettes (min:0, max:0, free:0, order:4)
2025-12-28 13:54:00,459 - DEBUG -     Linked: La Mexicaine -> Crust Type
2025-12-28 13:54:00,607 - DEBUG -     Details: Choix de croûte (min:0, max:0, free:0, order:1)
2025-12-28 13:54:00,608 - INFO -     -> 3 links, 3 details
2025-12-28 13:54:00,608 - INFO -   Progress: 70/129 dishes
2025-12-28 13:54:00,608 - INFO -   [70/129] La Mexicaine (V3: 154015, source_id: 121115)
2025-12-28 13:54:02,484 - DEBUG -   No active modifier groups for dish La Mexicaine
2025-12-28 13:54:02,484 - INFO -     -> 0 links, 0 details
2025-12-28 13:54:02,485 - INFO -   [71/129] La Montrealaise (V3: 154028, source_id: 121128)
2025-12-28 13:54:04,362 - DEBUG -   No active modifier groups for dish La Montrealaise
2025-12-28 13:54:04,363 - INFO -     -> 0 links, 0 details
2025-12-28 13:54:04,363 - INFO -   [72/129] La Newyorkaise (V3: 154046, source_id: 124852)
2025-12-28 13:54:06,231 - DEBUG -   Found active group: Pizza Toppings (V1 ID: 11145, Category: ci)
2025-12-28 13:54:06,241 - DEBUG -   Found active group: Dips (V1 ID: 11147, Category: sa)
2025-12-28 13:54:06,255 - DEBUG -   Found active group: Crust Type (V1 ID: 11146, Category: br)
2025-12-28 13:54:06,259 - INFO -   La Newyorkaise: 3 active modifier groups
2025-12-28 13:54:06,552 - DEBUG -     Linked: La Newyorkaise -> Pizza Toppings
2025-12-28 13:54:06,714 - DEBUG -     Details: Ajouter plus de garnitures (min:0, max:0, free:0, order:2)
2025-12-28 13:54:07,019 - DEBUG -     Linked: La Newyorkaise -> Dips
2025-12-28 13:54:07,192 - DEBUG -     Details: Trempettes (min:0, max:0, free:0, order:4)
2025-12-28 13:54:07,523 - DEBUG -     Linked: La Newyorkaise -> Crust Type
2025-12-28 13:54:07,703 - DEBUG -     Details: Choix de croûte (min:0, max:0, free:0, order:1)
2025-12-28 13:54:07,703 - INFO -     -> 3 links, 3 details
2025-12-28 13:54:07,703 - INFO -   [73/129] La Poulet BBQ (V3: 154016, source_id: 121116)
2025-12-28 13:54:09,593 - DEBUG -   No active modifier groups for dish La Poulet BBQ
2025-12-28 13:54:09,593 - INFO -     -> 0 links, 0 details
2025-12-28 13:54:09,593 - INFO -   [74/129] La Poulet BBQ (V3: 154037, source_id: 124843)
2025-12-28 13:54:11,448 - DEBUG -   Found active group: Pizza Toppings (V1 ID: 11145, Category: ci)
2025-12-28 13:54:11,457 - DEBUG -   Found active group: Dips (V1 ID: 11147, Category: sa)
2025-12-28 13:54:11,471 - DEBUG -   Found active group: Crust Type (V1 ID: 11146, Category: br)
2025-12-28 13:54:11,473 - INFO -   La Poulet BBQ: 3 active modifier groups
2025-12-28 13:54:11,784 - DEBUG -     Linked: La Poulet BBQ -> Pizza Toppings
2025-12-28 13:54:11,958 - DEBUG -     Details: Ajouter plus de garnitures (min:0, max:0, free:0, order:2)
2025-12-28 13:54:12,261 - DEBUG -     Linked: La Poulet BBQ -> Dips
2025-12-28 13:54:12,434 - DEBUG -     Details: Trempettes (min:0, max:0, free:0, order:4)
2025-12-28 13:54:12,745 - DEBUG -     Linked: La Poulet BBQ -> Crust Type
2025-12-28 13:54:12,918 - DEBUG -     Details: Choix de croûte (min:0, max:0, free:0, order:1)
2025-12-28 13:54:12,918 - INFO -     -> 3 links, 3 details
2025-12-28 13:54:12,919 - INFO -   [75/129] La Québécoise Spécial Maison (V3: 154038, source_id: 124844)
2025-12-28 13:54:14,790 - DEBUG -   Found active group: Pizza Toppings (V1 ID: 11145, Category: ci)
2025-12-28 13:54:14,800 - DEBUG -   Found active group: Dips (V1 ID: 11147, Category: sa)
2025-12-28 13:54:14,813 - DEBUG -   Found active group: Crust Type (V1 ID: 11146, Category: br)
2025-12-28 13:54:14,816 - INFO -   La Québécoise Spécial Maison: 3 active modifier groups
2025-12-28 13:54:15,108 - DEBUG -     Linked: La Québécoise Spécial Maison -> Pizza Toppings
2025-12-28 13:54:15,298 - DEBUG -     Details: Ajouter plus de garnitures (min:0, max:0, free:0, order:2)
2025-12-28 13:54:15,590 - DEBUG -     Linked: La Québécoise Spécial Maison -> Dips
2025-12-28 13:54:15,760 - DEBUG -     Details: Trempettes (min:0, max:0, free:0, order:4)
2025-12-28 13:54:16,063 - DEBUG -     Linked: La Québécoise Spécial Maison -> Crust Type
2025-12-28 13:54:16,229 - DEBUG -     Details: Choix de croûte (min:0, max:0, free:0, order:1)
2025-12-28 13:54:16,230 - INFO -     -> 3 links, 3 details
2025-12-28 13:54:16,230 - INFO -   [76/129] La Québécoise Spécial Maison (V3: 154017, source_id: 121117)
2025-12-28 13:54:18,095 - DEBUG -   No active modifier groups for dish La Québécoise Spécial Maison
2025-12-28 13:54:18,095 - INFO -     -> 0 links, 0 details
2025-12-28 13:54:18,095 - INFO -   [77/129] La Tianna (V3: 154014, source_id: 121114)
2025-12-28 13:54:19,937 - DEBUG -   No active modifier groups for dish La Tianna
2025-12-28 13:54:19,937 - INFO -     -> 0 links, 0 details
2025-12-28 13:54:19,937 - INFO -   [78/129] Lasagne (V3: 154089, source_id: 121056)
2025-12-28 13:54:21,781 - DEBUG -   No active modifier groups for dish Lasagne
2025-12-28 13:54:21,781 - INFO -     -> 0 links, 0 details
2025-12-28 13:54:21,781 - INFO -   [79/129] Lasagne à la Québécoise (V3: 154091, source_id: 121058)
2025-12-28 13:54:23,647 - DEBUG -   No active modifier groups for dish Lasagne à la Québécoise
2025-12-28 13:54:23,647 - INFO -     -> 0 links, 0 details
2025-12-28 13:54:23,647 - INFO -   Progress: 80/129 dishes
2025-12-28 13:54:23,647 - INFO -   [80/129] Le Gros (V3: 154104, source_id: 121073)
2025-12-28 13:54:25,492 - DEBUG -   Found active group: Gravy and Coleslaw for SUBS (V1 ID: 11143, Category: sd)
2025-12-28 13:54:25,502 - INFO -   Le Gros: 1 active modifier groups
2025-12-28 13:54:25,802 - DEBUG -     Linked: Le Gros -> Gravy and Coleslaw for SUBS
2025-12-28 13:54:25,987 - DEBUG -     Details: Ajouter une (min:0, max:1, free:0, order:5)
2025-12-28 13:54:25,987 - INFO -     -> 1 links, 1 details
2025-12-28 13:54:25,988 - INFO -   [81/129] Le Gros Combo (V3: 154105, source_id: 121074)
2025-12-28 13:54:27,863 - DEBUG -   Found active group: Gravy and Coleslaw for SUBS (V1 ID: 11143, Category: sd)
2025-12-28 13:54:27,871 - INFO -   Le Gros Combo: 1 active modifier groups
2025-12-28 13:54:28,158 - DEBUG -     Linked: Le Gros Combo -> Gravy and Coleslaw for SUBS
2025-12-28 13:54:28,327 - DEBUG -     Details: Ajouter une (min:0, max:1, free:0, order:5)
2025-12-28 13:54:28,327 - INFO -     -> 1 links, 1 details
2025-12-28 13:54:28,328 - INFO -   [82/129] Le jeune hockeyeur (V3: 154031, source_id: 124837)
2025-12-28 13:54:30,208 - DEBUG -   Found active group: Pizza Toppings (V1 ID: 11145, Category: ci)
2025-12-28 13:54:30,217 - DEBUG -   Found active group: Dips (V1 ID: 11147, Category: sa)
2025-12-28 13:54:30,231 - DEBUG -   Found active group: Crust Type (V1 ID: 11146, Category: br)
2025-12-28 13:54:30,234 - INFO -   Le jeune hockeyeur: 3 active modifier groups
2025-12-28 13:54:30,550 - DEBUG -     Linked: Le jeune hockeyeur -> Pizza Toppings
2025-12-28 13:54:30,736 - DEBUG -     Details: Ajouter plus de garnitures (min:0, max:0, free:0, order:2)
2025-12-28 13:54:31,030 - DEBUG -     Linked: Le jeune hockeyeur -> Dips
2025-12-28 13:54:31,199 - DEBUG -     Details: Trempettes (min:0, max:0, free:0, order:4)
2025-12-28 13:54:31,534 - DEBUG -     Linked: Le jeune hockeyeur -> Crust Type
2025-12-28 13:54:31,698 - DEBUG -     Details: Choix de croûte (min:0, max:0, free:0, order:1)
2025-12-28 13:54:31,698 - INFO -     -> 3 links, 3 details
2025-12-28 13:54:31,698 - INFO -   [83/129] Le jeune hockeyeur (V3: 154009, source_id: 121109)
2025-12-28 13:54:33,542 - DEBUG -   No active modifier groups for dish Le jeune hockeyeur
2025-12-28 13:54:33,542 - INFO -     -> 0 links, 0 details
2025-12-28 13:54:33,543 - INFO -   [84/129] Le Jumbo (V3: 154106, source_id: 121075)
2025-12-28 13:54:35,417 - DEBUG -   Found active group: Gravy and Coleslaw for SUBS (V1 ID: 11143, Category: sd)
2025-12-28 13:54:35,424 - INFO -   Le Jumbo: 1 active modifier groups
2025-12-28 13:54:35,746 - DEBUG -     Linked: Le Jumbo -> Gravy and Coleslaw for SUBS
2025-12-28 13:54:35,913 - DEBUG -     Details: Ajouter une (min:0, max:1, free:0, order:5)
2025-12-28 13:54:35,913 - INFO -     -> 1 links, 1 details
2025-12-28 13:54:35,913 - INFO -   [85/129] Le Jumbo Combo (V3: 154107, source_id: 121076)
2025-12-28 13:54:37,766 - DEBUG -   Found active group: Gravy and Coleslaw for SUBS (V1 ID: 11143, Category: sd)
2025-12-28 13:54:37,774 - INFO -   Le Jumbo Combo: 1 active modifier groups
2025-12-28 13:54:38,101 - DEBUG -     Linked: Le Jumbo Combo -> Gravy and Coleslaw for SUBS
2025-12-28 13:54:38,294 - DEBUG -     Details: Ajouter une (min:0, max:1, free:0, order:5)
2025-12-28 13:54:38,294 - INFO -     -> 1 links, 1 details
2025-12-28 13:54:38,294 - INFO -   [86/129] Mini Beignets (V3: 154119, source_id: 124408)
2025-12-28 13:54:40,292 - DEBUG -   Found active group: Donuts flavours (V1 ID: 11459, Category: ci)
2025-12-28 13:54:40,302 - INFO -   Mini Beignets: 1 active modifier groups
2025-12-28 13:54:40,606 - DEBUG -     Linked: Mini Beignets -> Donuts flavours
2025-12-28 13:54:40,780 - DEBUG -     Details: Choisir 1 (min:1, max:1, free:0, order:2)
2025-12-28 13:54:40,780 - INFO -     -> 1 links, 1 details
2025-12-28 13:54:40,780 - INFO -   [87/129] Moyenne Pizza avec Poutine (V3: 154387, source_id: 121135)
2025-12-28 13:54:42,656 - DEBUG -   No active modifier groups for dish Moyenne Pizza avec Poutine
2025-12-28 13:54:42,657 - INFO -     -> 0 links, 0 details
2025-12-28 13:54:42,657 - INFO -   [88/129] Moyenne Pizza et Ailes (V3: 154385, source_id: 121133)
2025-12-28 13:54:44,519 - DEBUG -   No active modifier groups for dish Moyenne Pizza et Ailes
2025-12-28 13:54:44,519 - INFO -     -> 0 links, 0 details
2025-12-28 13:54:44,519 - INFO -   [89/129] Moyenne Pizza et Sous Marin Steak (V3: 154386, source_id: 121134)
2025-12-28 13:54:46,370 - DEBUG -   No active modifier groups for dish Moyenne Pizza et Sous Marin Steak
2025-12-28 13:54:46,370 - INFO -     -> 0 links, 0 details
2025-12-28 13:54:46,370 - INFO -   Progress: 90/129 dishes
2025-12-28 13:54:46,370 - INFO -   [90/129] Nachos (V3: 154052, source_id: 121021)
2025-12-28 13:54:48,284 - DEBUG -   Found active group: Beef or Chicken for NACHOS (V1 ID: 11142, Category: e)
2025-12-28 13:54:48,288 - INFO -   Nachos: 1 active modifier groups
2025-12-28 13:54:48,591 - DEBUG -     Linked: Nachos -> Beef or Chicken for NACHOS
2025-12-28 13:54:48,755 - DEBUG -     Details: Ajoutez du (min:0, max:0, free:0, order:7)
2025-12-28 13:54:48,755 - INFO -     -> 1 links, 1 details
2025-12-28 13:54:48,756 - INFO -   [91/129] Orange Crush (V3: 154123, source_id: 121142)
2025-12-28 13:54:50,624 - DEBUG -   No active modifier groups for dish Orange Crush
2025-12-28 13:54:50,624 - INFO -     -> 0 links, 0 details
2025-12-28 13:54:50,624 - INFO -   [92/129] Pain à l’ail (12”) (V3: 154047, source_id: 121016)
2025-12-28 13:54:52,505 - DEBUG -   No active modifier groups for dish Pain à l’ail (12”)
2025-12-28 13:54:52,505 - INFO -     -> 0 links, 0 details
2025-12-28 13:54:52,505 - INFO -   [93/129] Pepperoni Sub (V3: 154065, source_id: 121034)
2025-12-28 13:54:54,374 - DEBUG -   Found active group: Gravy and Coleslaw for SUBS (V1 ID: 11143, Category: sd)
2025-12-28 13:54:54,381 - INFO -   Pepperoni Sub: 1 active modifier groups
2025-12-28 13:54:54,692 - DEBUG -     Linked: Pepperoni Sub -> Gravy and Coleslaw for SUBS
2025-12-28 13:54:54,871 - DEBUG -     Details: Ajouter une (min:0, max:1, free:0, order:5)
2025-12-28 13:54:54,871 - INFO -     -> 1 links, 1 details
2025-12-28 13:54:54,872 - INFO -   [94/129] Pepperoni Sub Frite et Breuvage (V3: 154066, source_id: 121035)
2025-12-28 13:54:56,736 - DEBUG -   Found active group: Upgrade to Poutine SUBS (V1 ID: 11492, Category: sd)
2025-12-28 13:54:56,745 - DEBUG -   Found active group: Drinks (V1 ID: 11493, Category: d)
2025-12-28 13:54:56,751 - INFO -   Pepperoni Sub Frite et Breuvage: 2 active modifier groups
2025-12-28 13:54:57,051 - DEBUG -     Linked: Pepperoni Sub Frite et Breuvage -> Upgrade to Poutine SUBS
2025-12-28 13:54:57,244 - DEBUG -     Details: Changez vos frites (min:0, max:1, free:0, order:5)
2025-12-28 13:54:57,558 - DEBUG -     Linked: Pepperoni Sub Frite et Breuvage -> Drinks
2025-12-28 13:54:57,725 - DEBUG -     Details: Boissons (min:1, max:1, free:0, order:6)
2025-12-28 13:54:57,725 - INFO -     -> 2 links, 2 details
2025-12-28 13:54:57,725 - INFO -   [95/129] Pepsi (V3: 154120, source_id: 121139)
2025-12-28 13:54:59,595 - DEBUG -   No active modifier groups for dish Pepsi
2025-12-28 13:54:59,595 - INFO -     -> 0 links, 0 details
2025-12-28 13:54:59,595 - INFO -   [96/129] Petit Pizza avec Poutine (V3: 154383, source_id: 121131)
2025-12-28 13:55:01,475 - DEBUG -   No active modifier groups for dish Petit Pizza avec Poutine
2025-12-28 13:55:01,475 - INFO -     -> 0 links, 0 details
2025-12-28 13:55:01,475 - INFO -   [97/129] Petit Pizza et Ailes (V3: 154384, source_id: 121132)
2025-12-28 13:55:03,375 - DEBUG -   No active modifier groups for dish Petit Pizza et Ailes
2025-12-28 13:55:03,375 - INFO -     -> 0 links, 0 details
2025-12-28 13:55:03,375 - INFO -   [98/129] Pizza Sub (V3: 154071, source_id: 121040)
2025-12-28 13:55:05,225 - DEBUG -   Found active group: Gravy and Coleslaw for SUBS (V1 ID: 11143, Category: sd)
2025-12-28 13:55:05,232 - INFO -   Pizza Sub: 1 active modifier groups
2025-12-28 13:55:05,519 - DEBUG -     Linked: Pizza Sub -> Gravy and Coleslaw for SUBS
2025-12-28 13:55:05,675 - DEBUG -     Details: Ajouter une (min:0, max:1, free:0, order:5)
2025-12-28 13:55:05,675 - INFO -     -> 1 links, 1 details
2025-12-28 13:55:05,676 - INFO -   [99/129] Pizza Sub avec Frite et Breuvage (V3: 154072, source_id: 121041)
2025-12-28 13:55:07,803 - DEBUG -   Found active group: Upgrade to Poutine SUBS (V1 ID: 11492, Category: sd)
2025-12-28 13:55:07,812 - DEBUG -   Found active group: Drinks (V1 ID: 11493, Category: d)
2025-12-28 13:55:07,818 - INFO -   Pizza Sub avec Frite et Breuvage: 2 active modifier groups
2025-12-28 13:55:08,119 - DEBUG -     Linked: Pizza Sub avec Frite et Breuvage -> Upgrade to Poutine SUBS
2025-12-28 13:55:08,298 - DEBUG -     Details: Changez vos frites (min:0, max:1, free:0, order:5)
2025-12-28 13:55:08,600 - DEBUG -     Linked: Pizza Sub avec Frite et Breuvage -> Drinks
2025-12-28 13:55:08,773 - DEBUG -     Details: Boissons (min:1, max:1, free:0, order:6)
2025-12-28 13:55:08,773 - INFO -     -> 2 links, 2 details
2025-12-28 13:55:08,773 - INFO -   Progress: 100/129 dishes
2025-12-28 13:55:08,773 - INFO -   [100/129] Plat Combiné (V3: 154084, source_id: 121053)
2025-12-28 13:55:10,659 - DEBUG -   No active modifier groups for dish Plat Combiné
2025-12-28 13:55:10,659 - INFO -     -> 0 links, 0 details
2025-12-28 13:55:10,659 - INFO -   [101/129] Poulet Sub (V3: 154069, source_id: 121038)
2025-12-28 13:55:12,540 - DEBUG -   Found active group: Gravy and Coleslaw for SUBS (V1 ID: 11143, Category: sd)
2025-12-28 13:55:12,580 - INFO -   Poulet Sub: 1 active modifier groups
2025-12-28 13:55:12,904 - DEBUG -     Linked: Poulet Sub -> Gravy and Coleslaw for SUBS
2025-12-28 13:55:13,084 - DEBUG -     Details: Ajouter une (min:0, max:1, free:0, order:5)
2025-12-28 13:55:13,084 - INFO -     -> 1 links, 1 details
2025-12-28 13:55:13,085 - INFO -   [102/129] Poulet Sub Frite et Breuvage (V3: 154070, source_id: 121039)
2025-12-28 13:55:14,955 - DEBUG -   Found active group: Upgrade to Poutine SUBS (V1 ID: 11492, Category: sd)
2025-12-28 13:55:14,965 - DEBUG -   Found active group: Drinks (V1 ID: 11493, Category: d)
2025-12-28 13:55:14,971 - INFO -   Poulet Sub Frite et Breuvage: 2 active modifier groups
2025-12-28 13:55:15,257 - DEBUG -     Linked: Poulet Sub Frite et Breuvage -> Upgrade to Poutine SUBS
2025-12-28 13:55:15,443 - DEBUG -     Details: Changez vos frites (min:0, max:1, free:0, order:5)
2025-12-28 13:55:15,737 - DEBUG -     Linked: Poulet Sub Frite et Breuvage -> Drinks
2025-12-28 13:55:15,932 - DEBUG -     Details: Boissons (min:1, max:1, free:0, order:6)
2025-12-28 13:55:15,932 - INFO -     -> 2 links, 2 details
2025-12-28 13:55:15,933 - INFO -   [103/129] Poutine (V3: 154093, source_id: 121060)
2025-12-28 13:55:17,831 - DEBUG -   No active modifier groups for dish Poutine
2025-12-28 13:55:17,831 - INFO -     -> 0 links, 0 details
2025-12-28 13:55:17,831 - INFO -   [104/129] Poutine avec Bacon (V3: 154094, source_id: 121061)
2025-12-28 13:55:19,708 - DEBUG -   No active modifier groups for dish Poutine avec Bacon
2025-12-28 13:55:19,708 - INFO -     -> 0 links, 0 details
2025-12-28 13:55:19,708 - INFO -   [105/129] Poutine avec Bacon et Saucisse (V3: 154095, source_id: 121062)
2025-12-28 13:55:21,613 - DEBUG -   No active modifier groups for dish Poutine avec Bacon et Saucisse
2025-12-28 13:55:21,614 - INFO -     -> 0 links, 0 details
2025-12-28 13:55:21,614 - INFO -   [106/129] Poutine avec Poulet (V3: 154096, source_id: 121063)
2025-12-28 13:55:23,452 - DEBUG -   No active modifier groups for dish Poutine avec Poulet
2025-12-28 13:55:23,452 - INFO -     -> 0 links, 0 details
2025-12-28 13:55:23,452 - INFO -   [107/129] Poutine Italienne (V3: 154097, source_id: 121064)
2025-12-28 13:55:25,339 - DEBUG -   No active modifier groups for dish Poutine Italienne
2025-12-28 13:55:25,339 - INFO -     -> 0 links, 0 details
2025-12-28 13:55:25,339 - INFO -   [108/129] Rondelles d’oignon (V3: 154048, source_id: 121017)
2025-12-28 13:55:27,193 - DEBUG -   No active modifier groups for dish Rondelles d’oignon
2025-12-28 13:55:27,193 - INFO -     -> 0 links, 0 details
2025-12-28 13:55:27,193 - INFO -   [109/129] Salade César (V3: 154053, source_id: 121022)
2025-12-28 13:55:29,058 - DEBUG -   No active modifier groups for dish Salade César
2025-12-28 13:55:29,058 - INFO -     -> 0 links, 0 details
2025-12-28 13:55:29,058 - INFO -   Progress: 110/129 dishes
2025-12-28 13:55:29,059 - INFO -   [110/129] Salade Grecque (V3: 154055, source_id: 121024)
2025-12-28 13:55:30,952 - DEBUG -   No active modifier groups for dish Salade Grecque
2025-12-28 13:55:30,952 - INFO -     -> 0 links, 0 details
2025-12-28 13:55:30,952 - INFO -   [111/129] Salade Jardiniere (V3: 154054, source_id: 121023)
2025-12-28 13:55:32,798 - DEBUG -   No active modifier groups for dish Salade Jardiniere
2025-12-28 13:55:32,798 - INFO -     -> 0 links, 0 details
2025-12-28 13:55:32,798 - INFO -   [112/129] Sandwich poulet chaud avec Pepsi (V3: 154056, source_id: 121025)
2025-12-28 13:55:34,695 - DEBUG -   No active modifier groups for dish Sandwich poulet chaud avec Pepsi
2025-12-28 13:55:34,695 - INFO -     -> 0 links, 0 details
2025-12-28 13:55:34,695 - INFO -   [113/129] Spaghetti (V3: 154090, source_id: 121057)
2025-12-28 13:55:36,562 - DEBUG -   No active modifier groups for dish Spaghetti
2025-12-28 13:55:36,562 - INFO -     -> 0 links, 0 details
2025-12-28 13:55:36,562 - INFO -   [114/129] Spaghetti à la Québécoise (V3: 154092, source_id: 121059)
2025-12-28 13:55:38,425 - DEBUG -   No active modifier groups for dish Spaghetti à la Québécoise
2025-12-28 13:55:38,425 - INFO -     -> 0 links, 0 details
2025-12-28 13:55:38,425 - INFO -   [115/129] Spécial Classique (V3: 154381, source_id: 121129)
2025-12-28 13:55:40,358 - DEBUG -   No active modifier groups for dish Spécial Classique
2025-12-28 13:55:40,358 - INFO -     -> 0 links, 0 details
2025-12-28 13:55:40,358 - INFO -   [116/129] Spécial Familiale (V3: 154382, source_id: 121130)
2025-12-28 13:55:42,247 - DEBUG -   No active modifier groups for dish Spécial Familiale
2025-12-28 13:55:42,247 - INFO -     -> 0 links, 0 details
2025-12-28 13:55:42,247 - INFO -   [117/129] Steak au sauce chipotle Sub (V3: 154079, source_id: 121048)
2025-12-28 13:55:44,145 - DEBUG -   No active modifier groups for dish Steak au sauce chipotle Sub
2025-12-28 13:55:44,145 - INFO -     -> 0 links, 0 details
2025-12-28 13:55:44,145 - INFO -   [118/129] Steak Sub (V3: 154063, source_id: 121032)
2025-12-28 13:55:46,006 - DEBUG -   Found active group: Gravy and Coleslaw for SUBS (V1 ID: 11143, Category: sd)
2025-12-28 13:55:46,013 - INFO -   Steak Sub: 1 active modifier groups
2025-12-28 13:55:46,310 - DEBUG -     Linked: Steak Sub -> Gravy and Coleslaw for SUBS
2025-12-28 13:55:46,481 - DEBUG -     Details: Ajouter une (min:0, max:1, free:0, order:5)
2025-12-28 13:55:46,481 - INFO -     -> 1 links, 1 details
2025-12-28 13:55:46,482 - INFO -   [119/129] Steak Sub avec Frite et Breuvage (V3: 154064, source_id: 121033)
2025-12-28 13:55:48,344 - DEBUG -   Found active group: Upgrade to Poutine SUBS (V1 ID: 11492, Category: sd)
2025-12-28 13:55:48,368 - DEBUG -   Found active group: Drinks (V1 ID: 11493, Category: d)
2025-12-28 13:55:48,377 - INFO -   Steak Sub avec Frite et Breuvage: 2 active modifier groups
2025-12-28 13:55:48,644 - DEBUG -     Linked: Steak Sub avec Frite et Breuvage -> Upgrade to Poutine SUBS
2025-12-28 13:55:48,807 - DEBUG -     Details: Changez vos frites (min:0, max:1, free:0, order:5)
2025-12-28 13:55:49,082 - DEBUG -     Linked: Steak Sub avec Frite et Breuvage -> Drinks
2025-12-28 13:55:49,255 - DEBUG -     Details: Boissons (min:1, max:1, free:0, order:6)
2025-12-28 13:55:49,256 - INFO -     -> 2 links, 2 details
2025-12-28 13:55:49,256 - INFO -   Progress: 120/129 dishes
2025-12-28 13:55:49,257 - INFO -   [120/129] Style Maniwaki (V3: 154045, source_id: 124851)
2025-12-28 13:55:51,092 - DEBUG -   Found active group: Pizza Toppings (V1 ID: 11145, Category: ci)
2025-12-28 13:55:51,101 - DEBUG -   Found active group: Dips (V1 ID: 11147, Category: sa)
2025-12-28 13:55:51,115 - DEBUG -   Found active group: Crust Type (V1 ID: 11146, Category: br)
2025-12-28 13:55:51,118 - INFO -   Style Maniwaki: 3 active modifier groups
2025-12-28 13:55:51,416 - DEBUG -     Linked: Style Maniwaki -> Pizza Toppings
2025-12-28 13:55:51,602 - DEBUG -     Details: Ajouter plus de garnitures (min:0, max:0, free:0, order:2)
2025-12-28 13:55:51,904 - DEBUG -     Linked: Style Maniwaki -> Dips
2025-12-28 13:55:52,090 - DEBUG -     Details: Trempettes (min:0, max:0, free:0, order:4)
2025-12-28 13:55:52,402 - DEBUG -     Linked: Style Maniwaki -> Crust Type
2025-12-28 13:55:52,580 - DEBUG -     Details: Choix de croûte (min:0, max:0, free:0, order:1)
2025-12-28 13:55:52,580 - INFO -     -> 3 links, 3 details
2025-12-28 13:55:52,581 - INFO -   [121/129] Style Maniwaki (V3: 154027, source_id: 121127)
2025-12-28 13:55:54,434 - DEBUG -   No active modifier groups for dish Style Maniwaki
2025-12-28 13:55:54,434 - INFO -     -> 0 links, 0 details
2025-12-28 13:55:54,434 - INFO -   [122/129] Trio Shawarma (V3: 154085, source_id: 121054)
2025-12-28 13:55:56,294 - DEBUG -   Found active group: Gravy and Coleslaw for SUBS (V1 ID: 11143, Category: sd)
2025-12-28 13:55:56,301 - INFO -   Trio Shawarma: 1 active modifier groups
2025-12-28 13:55:56,609 - DEBUG -     Linked: Trio Shawarma -> Gravy and Coleslaw for SUBS
2025-12-28 13:55:56,789 - DEBUG -     Details: Ajouter une (min:0, max:1, free:0, order:5)
2025-12-28 13:55:56,789 - INFO -     -> 1 links, 1 details
2025-12-28 13:55:56,789 - INFO -   [123/129] Trio Shawarma avec Poutine (V3: 154086, source_id: 121055)
2025-12-28 13:55:58,672 - DEBUG -   Found active group: Gravy and Coleslaw for SUBS (V1 ID: 11143, Category: sd)
2025-12-28 13:55:58,680 - INFO -   Trio Shawarma avec Poutine: 1 active modifier groups
2025-12-28 13:55:58,952 - DEBUG -     Linked: Trio Shawarma avec Poutine -> Gravy and Coleslaw for SUBS
2025-12-28 13:55:59,118 - DEBUG -     Details: Ajouter une (min:0, max:1, free:0, order:5)
2025-12-28 13:55:59,119 - INFO -     -> 1 links, 1 details
2025-12-28 13:55:59,119 - INFO -   [124/129] Trio Shawarma Double (V3: 154087, source_id: 121065)
2025-12-28 13:56:00,999 - DEBUG -   No active modifier groups for dish Trio Shawarma Double
2025-12-28 13:56:00,999 - INFO -     -> 0 links, 0 details
2025-12-28 13:56:00,999 - INFO -   [125/129] Une garniture (pepperoni) (V3: 154030, source_id: 124836)
2025-12-28 13:56:02,844 - DEBUG -   Found active group: Pizza Toppings (V1 ID: 11145, Category: ci)
2025-12-28 13:56:02,853 - DEBUG -   Found active group: Dips (V1 ID: 11147, Category: sa)
2025-12-28 13:56:02,867 - DEBUG -   Found active group: Crust Type (V1 ID: 11146, Category: br)
2025-12-28 13:56:02,870 - INFO -   Une garniture (pepperoni): 3 active modifier groups
2025-12-28 13:56:03,142 - DEBUG -     Linked: Une garniture (pepperoni) -> Pizza Toppings
2025-12-28 13:56:03,304 - DEBUG -     Details: Ajouter plus de garnitures (min:0, max:0, free:0, order:2)
2025-12-28 13:56:03,584 - DEBUG -     Linked: Une garniture (pepperoni) -> Dips
2025-12-28 13:56:03,765 - DEBUG -     Details: Trempettes (min:0, max:0, free:0, order:4)
2025-12-28 13:56:04,049 - DEBUG -     Linked: Une garniture (pepperoni) -> Crust Type
2025-12-28 13:56:04,197 - DEBUG -     Details: Choix de croûte (min:0, max:0, free:0, order:1)
2025-12-28 13:56:04,197 - INFO -     -> 3 links, 3 details
2025-12-28 13:56:04,197 - INFO -   [126/129] Une garniture (pepperoni) (V3: 154008, source_id: 121108)
2025-12-28 13:56:06,073 - DEBUG -   No active modifier groups for dish Une garniture (pepperoni)
2025-12-28 13:56:06,074 - INFO -     -> 0 links, 0 details
2025-12-28 13:56:06,074 - INFO -   [127/129] Végétarienne Sub (V3: 154077, source_id: 121046)
2025-12-28 13:56:07,945 - DEBUG -   Found active group: Gravy and Coleslaw for SUBS (V1 ID: 11143, Category: sd)
2025-12-28 13:56:07,952 - INFO -   Végétarienne Sub: 1 active modifier groups
2025-12-28 13:56:08,251 - DEBUG -     Linked: Végétarienne Sub -> Gravy and Coleslaw for SUBS
2025-12-28 13:56:08,432 - DEBUG -     Details: Ajouter une (min:0, max:1, free:0, order:5)
2025-12-28 13:56:08,432 - INFO -     -> 1 links, 1 details
2025-12-28 13:56:08,432 - INFO -   [128/129] Végétarienne Sub avec Frite et Breuvage (V3: 154078, source_id: 121047)
2025-12-28 13:56:10,305 - DEBUG -   Found active group: Upgrade to Poutine SUBS (V1 ID: 11492, Category: sd)
2025-12-28 13:56:10,314 - DEBUG -   Found active group: Drinks (V1 ID: 11493, Category: d)
2025-12-28 13:56:10,320 - INFO -   Végétarienne Sub avec Frite et Breuvage: 2 active modifier groups
2025-12-28 13:56:10,591 - DEBUG -     Linked: Végétarienne Sub avec Frite et Breuvage -> Upgrade to Poutine SUBS
2025-12-28 13:56:10,751 - DEBUG -     Details: Changez vos frites (min:0, max:1, free:0, order:5)
2025-12-28 13:56:11,022 - DEBUG -     Linked: Végétarienne Sub avec Frite et Breuvage -> Drinks
2025-12-28 13:56:11,180 - DEBUG -     Details: Boissons (min:1, max:1, free:0, order:6)
2025-12-28 13:56:11,181 - INFO -     -> 2 links, 2 details
2025-12-28 13:56:11,181 - INFO -   [129/129] Zucchinis (V3: 154050, source_id: 121019)
2025-12-28 13:56:13,034 - DEBUG -   No active modifier groups for dish Zucchinis
2025-12-28 13:56:13,034 - INFO -     -> 0 links, 0 details
2025-12-28 13:56:13,034 - INFO -   Result: 129 processed, 0 skipped, 99 links, 99 details
2025-12-28 13:56:13,120 - INFO - ============================================================
2025-12-28 13:56:13,121 - INFO - LINKER COMPLETED
2025-12-28 13:56:13,122 - INFO - Dishes processed: 1937
2025-12-28 13:56:13,122 - INFO - Dishes skipped: 0
2025-12-28 13:56:13,123 - INFO - Links created: 1415
2025-12-28 13:56:13,123 - INFO - Details created: 1415
2025-12-28 13:56:13,123 - INFO - ============================================================
